Date,T2M,T2M_MAX,T2M_MIN,QV2M,PRECTOTCORR,PS,WS2M,WS10M,WD10M,WD2M,TS,RH2M,season,season_id
1/1/2026,12.51432991,16.81550217,9.234506607,6.453250885,1.283468008,101.5702209,3.719046116,5.182400703,245.1336517,243.6826172,12.45517445,73.94528961,Winter,0
1/2/2026,12.47674084,16.77933311,9.197048187,6.439908028,1.289510846,101.5714264,3.721445799,5.18652916,245.5028534,244.1276245,12.41562843,73.99242401,Winter,0
1/3/2026,12.43933868,16.74310493,9.160128593,6.426425934,1.296325684,101.5717926,3.724438667,5.191393852,245.8655701,244.5691986,12.3768177,74.03792572,Winter,0
1/4/2026,12.40210056,16.70680046,9.123693466,6.412796974,1.303872108,101.5713272,3.727998018,5.19696331,246.2198181,245.0046387,12.33872318,74.08171844,Winter,0
1/5/2026,12.36501503,16.67041779,9.087703705,6.399023533,1.312102199,101.5700378,3.732094765,5.203202248,246.5636292,245.4312592,12.30134869,74.12371063,Winter,0
1/6/2026,12.32810116,16.63399506,9.052130699,6.38511467,1.320960641,101.5679321,3.736694098,5.210067749,246.8951569,245.8465118,12.26470947,74.1638031,Winter,0
1/7/2026,12.29138184,16.59758186,9.016956329,6.371090412,1.330385089,101.565033,3.741756439,5.217513084,247.2126312,246.247818,12.22883701,74.2019043,Winter,0
1/8/2026,12.25490379,16.56124306,8.982174873,6.356972694,1.340307474,101.5613708,3.747240782,5.225485802,247.5144501,246.6328583,12.19377136,74.23793793,Winter,0
1/9/2026,12.21872139,16.52507782,8.947789192,6.342796326,1.350653291,101.5569687,3.753101349,5.233927727,247.7990875,246.9993286,12.15956497,74.27181244,Winter,0
1/10/2026,12.1829052,16.48918915,8.913812637,6.328598022,1.361343741,101.5518494,3.759289742,5.242781639,248.065155,247.3451691,12.12627983,74.30345917,Winter,0
1/11/2026,12.14754105,16.45370483,8.880270958,6.314421654,1.372294903,101.5460739,3.765756369,5.251983643,248.3115387,247.6684418,12.09398556,74.33278656,Winter,0
1/12/2026,12.11272144,16.41876602,8.847193718,6.300316811,1.383419871,101.5396652,3.772449493,5.261469841,248.5371094,247.9674377,12.06276703,74.35974884,Winter,0
1/13/2026,12.07855129,16.38452911,8.81462574,6.286336899,1.394628882,101.5326767,3.779317141,5.271173477,248.7410583,248.2406311,12.03271103,74.38426971,Winter,0
1/14/2026,12.04514694,16.35116005,8.782616615,6.272539139,1.40582943,101.5251541,3.786304712,5.28102684,248.9226837,248.4867249,12.00390434,74.40628815,Winter,0
1/15/2026,12.01262856,16.31883049,8.751220703,6.258983135,1.416929007,101.5171585,3.793359995,5.290963173,249.0815277,248.7046509,11.97645187,74.42576599,Winter,0
1/16/2026,11.98112297,16.28772545,8.720497131,6.245732307,1.427833676,101.5087357,3.800429583,5.300915718,249.2172089,248.8935547,11.95044899,74.44265747,Winter,0
1/17/2026,11.9507637,16.25803566,8.690525055,6.232849598,1.438450336,101.4999542,3.807461262,5.310817719,249.3296051,249.0527802,11.9260006,74.45693207,Winter,0
1/18/2026,11.92168808,16.22994995,8.661369324,6.22040081,1.448687673,101.4908524,3.814405203,5.320605278,249.4187469,249.1820374,11.9032135,74.46855164,Winter,0
1/19/2026,11.89403152,16.20366669,8.633106232,6.208449364,1.45845592,101.481514,3.821211338,5.330216408,249.4848633,249.2810974,11.88218784,74.47750854,Winter,0
1/20/2026,11.86793327,16.17938042,8.605819702,6.197058678,1.467668295,101.4719849,3.827833891,5.339590073,249.5283051,249.3500824,11.8630228,74.48379517,Winter,0
1/21/2026,11.84352684,16.15727806,8.57958889,6.186292648,1.476242542,101.4623337,3.834228277,5.348670006,249.5495453,249.389328,11.84582329,74.48739624,Winter,0
1/22/2026,11.82095528,16.13755226,8.554496765,6.176211357,1.484099865,101.4526138,3.840352535,5.357403755,249.5493317,249.399353,11.83068275,74.48832703,Winter,0
1/23/2026,11.80034065,16.12038231,8.530628204,6.166873455,1.491167188,101.442894,3.846169233,5.365740776,249.5284576,249.3808594,11.8176918,74.48659515,Winter,0
1/24/2026,11.78181458,16.10594368,8.508066177,6.158332825,1.497377396,101.4332199,3.851643085,5.373638153,249.4878387,249.3348541,11.80693245,74.48222351,Winter,0
1/25/2026,11.7654953,16.09440422,8.486889839,6.150641441,1.502669334,101.4236603,3.856742859,5.381052017,249.4284821,249.2624054,11.79848576,74.47524261,Winter,0
1/26/2026,11.75149918,16.08591461,8.467180252,6.143844128,1.506989479,101.4142685,3.86144042,5.38794899,249.3516083,249.1648102,11.79242325,74.46566772,Winter,0
1/27/2026,11.73992729,16.080616,8.449014664,6.137986183,1.510291219,101.4050903,3.865712881,5.394295692,249.258316,249.0435028,11.78880692,74.45355988,Winter,0
1/28/2026,11.73088074,16.0786438,8.4324646,6.133101463,1.512535691,101.3961792,3.869539499,5.400066376,249.1500092,248.9000397,11.78769112,74.43895721,Winter,0
1/29/2026,11.72444439,16.08011246,8.417596817,6.129224777,1.513693094,101.3875809,3.872905016,5.405239105,249.0279388,248.736145,11.78911972,74.42191315,Winter,0
1/30/2026,11.7206955,16.08512306,8.404480934,6.12638092,1.513741016,101.3793335,3.875797272,5.409798622,248.8934326,248.5535278,11.79312897,74.40247345,Winter,0
1/31/2026,11.71969604,16.09375572,8.39317131,6.12458992,1.512666225,101.3714752,3.878208399,5.413732529,248.7479401,248.3540955,11.79974937,74.38069916,Winter,0
2/1/2026,11.72150803,16.10608482,8.383723259,6.123868465,1.510464191,101.3640366,3.880134344,5.417033195,248.5927429,248.13974,11.80899429,74.35665131,Winter,0
2/2/2026,11.72616768,16.12216377,8.376184464,6.124224663,1.507139206,101.357048,3.881574154,5.419700623,248.4293213,247.9123688,11.82087135,74.33039856,Winter,0
2/3/2026,11.7337122,16.1420269,8.370598793,6.125662804,1.502703428,101.3505325,3.882531166,5.42173481,248.2588654,247.6739197,11.83538151,74.30199432,Winter,0
2/4/2026,11.74415874,16.16569328,8.366996765,6.12817812,1.497178555,101.3445129,3.883012295,5.423142433,248.0827637,247.4263611,11.8525095,74.27151489,Winter,0
2/5/2026,11.75751686,16.19316673,8.36540699,6.131764412,1.490594149,101.3389969,3.883026361,5.42393589,247.9021301,247.1715698,11.87224007,74.23900604,Winter,0
2/6/2026,11.77378273,16.22443581,8.365857124,6.136407852,1.482987642,101.333992,3.882586956,5.424128532,247.7181854,246.9114075,11.89453888,74.20454407,Winter,0
2/7/2026,11.79294205,16.25947189,8.368356705,6.142090797,1.474404573,101.3294983,3.881707907,5.423736572,247.5320129,246.6476593,11.91937542,74.16818237,Winter,0
2/8/2026,11.81497192,16.29822159,8.372914314,6.148787975,1.464896798,101.3255234,3.880408287,5.422780991,247.3444977,246.3820343,11.94670296,74.12998962,Winter,0
2/9/2026,11.83983803,16.34064484,8.379537582,6.15647316,1.454523802,101.322052,3.878706217,5.421286583,247.1565704,246.1161194,11.97646904,74.09000397,Winter,0
2/10/2026,11.86749458,16.38665581,8.388219833,6.165112495,1.443350911,101.3190689,3.876624346,5.419277191,246.9689484,245.8514404,12.00862122,74.04828644,Winter,0
2/11/2026,11.89788818,16.43617439,8.398949623,6.17467308,1.431448817,101.3165588,3.874185801,5.416781425,246.7823181,245.5893555,12.04309273,74.00488281,Winter,0
2/12/2026,11.9309597,16.48910522,8.411715508,6.185114861,1.418893456,101.3144989,3.871413708,5.413826942,246.5971527,245.3310547,12.07982254,73.95982361,Winter,0
2/13/2026,11.96664047,16.54534149,8.426494598,6.196395874,1.40576458,101.3128586,3.868334055,5.410443306,246.4139252,245.0776978,12.11873817,73.9131546,Winter,0
2/14/2026,12.00485325,16.60477066,8.443259239,6.208472729,1.392145634,101.311615,3.864971876,5.406663895,246.2328796,244.8301544,12.15976429,73.86489868,Winter,0
2/15/2026,12.04551888,16.66726685,8.461986542,6.221301079,1.378123045,101.31073,3.861353874,5.402517319,246.0541687,244.5891876,12.20283318,73.81507111,Winter,0
2/16/2026,12.08855152,16.73270035,8.482637405,6.234833717,1.363784552,101.3101654,3.857505322,5.398036003,245.8778381,244.3554688,12.24786282,73.76370239,Winter,0
2/17/2026,12.1338644,16.80093956,8.505175591,6.249024391,1.349219918,101.3098679,3.853452206,5.393251419,245.7038269,244.1293945,12.29478073,73.71078491,Winter,0
2/18/2026,12.18136024,16.87184334,8.529563904,6.263823509,1.334518433,101.3098145,3.849220037,5.388194084,245.5319214,243.9112549,12.34351063,73.65633392,Winter,0
2/19/2026,12.23095131,16.94527245,8.555756569,6.279187202,1.319769859,101.3099442,3.844833136,5.382892609,245.3618317,243.7011719,12.39397812,73.6003418,Winter,0
2/20/2026,12.28254128,17.0210762,8.58371067,6.295066833,1.305062175,101.3102112,3.84031558,5.377376556,245.1931915,243.4990997,12.44611454,73.54279327,Winter,0
2/21/2026,12.33603191,17.09912109,8.613378525,6.311419964,1.290481925,101.3105621,3.835689306,5.371671677,245.0255127,243.3048553,12.49984932,73.48368073,Winter,0
2/22/2026,12.39133358,17.17926025,8.644717216,6.328202248,1.276112676,101.3109589,3.830975771,5.365804672,244.8582153,243.1180878,12.55511761,73.422966,Winter,0
2/23/2026,12.44835186,17.26135254,8.677677155,6.345373154,1.262034774,101.3113403,3.826195478,5.359801292,244.6906738,242.9383545,12.61185837,73.36063385,Winter,0
2/24/2026,12.50699997,17.34526634,8.712211609,6.362895966,1.248325109,101.3116531,3.82136631,5.353679657,244.5222168,242.7650146,12.67001534,73.29664612,Winter,0
2/25/2026,12.5671854,17.43086433,8.748272896,6.380733013,1.235055208,101.3118515,3.816505909,5.347463608,244.3520813,242.5973969,12.7295351,73.23096466,Winter,0
2/26/2026,12.62882996,17.51802254,8.785817146,6.398855209,1.222292066,101.3118896,3.811628819,5.341171265,244.1795654,242.4346466,12.79037476,73.1635437,Winter,0
2/27/2026,12.69185066,17.60661888,8.824800491,6.417230606,1.210096836,101.3117142,3.806749582,5.334816933,244.0037994,242.2758636,12.85249329,73.09435272,Winter,0
2/28/2026,12.75617504,17.69653893,8.865176201,6.435836792,1.198524475,101.3112793,3.801879644,5.328418732,243.8240356,242.1200867,12.9158535,73.02333069,Winter,0
3/1/2026,12.82173347,17.78767395,8.906909943,6.454651833,1.187623739,101.3105469,3.797029972,5.321986198,243.6394348,241.9662628,12.98042679,72.95043945,Spring,1
3/2/2026,12.88846302,17.87992477,8.949956894,6.473657131,1.177436471,101.3094635,3.792209864,5.315531731,243.4492493,241.8132935,13.04619408,72.87562561,Spring,1
3/3/2026,12.9563055,17.97319984,8.994285583,6.492840767,1.167997479,101.3080063,3.787426233,5.309063911,243.2527313,241.6600494,13.11313248,72.79884338,Spring,1
3/4/2026,13.02521038,18.06741714,9.039859772,6.512194157,1.159334302,101.3061371,3.78268671,5.302591324,243.049118,241.5054169,13.18123436,72.72003937,Spring,1
3/5/2026,13.09512997,18.16249847,9.086649895,6.531710148,1.151467323,101.3038177,3.777994633,5.296118736,242.8377991,241.3482666,13.2504921,72.63918304,Spring,1
3/6/2026,13.1660223,18.25837898,9.13462925,6.551388741,1.144408941,101.3010254,3.773355246,5.289652824,242.6180878,241.1874542,13.32090473,72.55622864,Spring,1
3/7/2026,13.23785686,18.35500145,9.183773041,6.571230412,1.138165116,101.2977448,3.768770933,5.283196449,242.3895111,241.0219116,13.39247704,72.471138,Spring,1
3/8/2026,13.31060314,18.45231628,9.234055519,6.591242313,1.132733822,101.2939453,3.764243603,5.276751518,242.1515503,240.8505402,13.46521568,72.38388062,Spring,1
3/9/2026,13.3842392,18.55028152,9.285460472,6.611432076,1.128106117,101.2896271,3.759775877,5.270321846,241.9038391,240.6723785,13.53913116,72.29441833,Spring,1
3/10/2026,13.45874977,18.64885902,9.337973595,6.631813526,1.124266028,101.2847748,3.755367279,5.263907433,241.6460571,240.4864655,13.61424065,72.20275116,Spring,1
3/11/2026,13.53411579,18.74802589,9.391577721,6.652400017,1.121191144,101.2793808,3.751019955,5.257511139,241.3779755,240.2919464,13.69055939,72.1088562,Spring,1
3/12/2026,13.6103344,18.84776115,9.446265221,6.673210621,1.118852615,101.2734528,3.746733427,5.251133919,241.0995026,240.0880432,13.76810932,72.01272583,Spring,1
3/13/2026,13.68740082,18.94804764,9.50202179,6.694263458,1.117215872,101.2669983,3.742508173,5.244776726,240.8105927,239.8740692,13.84690857,71.91437531,Spring,1
3/14/2026,13.7653141,19.04888344,9.55884552,6.715579987,1.116240382,101.2600174,3.738345146,5.238441467,240.5112915,239.6494293,13.92697906,71.813797,Spring,1
3/15/2026,13.8440752,19.1502552,9.61673069,6.737184525,1.115880966,101.2525406,3.734244585,5.232129097,240.2017822,239.4136353,14.00834465,71.71103668,Spring,1
3/16/2026,13.92369175,19.25216675,9.675672531,6.759099007,1.116088152,101.2445755,3.730207682,5.225842476,239.8823242,239.1663208,14.09102821,71.60611725,Spring,1
3/17/2026,14.00417137,19.35462189,9.735671043,6.781350136,1.116808057,101.2361603,3.726235867,5.219585419,239.5531921,238.9072113,14.17504311,71.49907684,Spring,1
3/18/2026,14.08552265,19.45762634,9.796725273,6.803961277,1.11798346,101.2273026,3.722331524,5.21336174,239.2148743,238.6361237,14.26041222,71.38996124,Spring,1
3/19/2026,14.16775227,19.56118965,9.858834267,6.826957703,1.119554877,101.2180557,3.718497992,5.207175255,238.8678284,238.3530273,14.3471508,71.27884674,Spring,1
3/20/2026,14.25087357,19.66531944,9.921998978,6.850364685,1.121459842,101.2084427,3.714737177,5.201032639,238.5126038,238.0579681,14.43527412,71.16578674,Spring,1
3/21/2026,14.33489704,19.77002525,9.986222267,6.874204636,1.123634934,101.1985092,3.711054087,5.194939613,238.149826,237.7511139,14.5247879,71.0508728,Spring,1
3/22/2026,14.41982937,19.87531853,10.05150223,6.898501396,1.126015425,101.1883011,3.707453012,5.188904762,237.7801514,237.4326935,14.61569977,70.93418121,Spring,1
3/23/2026,14.50568104,19.98120689,10.11784077,6.923275948,1.128536344,101.1778488,3.703939676,5.182937622,237.4043427,237.1030273,14.70801353,70.81581879,Spring,1
3/24/2026,14.59245872,20.0877018,10.18523979,6.948547363,1.13113296,101.1672134,3.7005198,5.177044868,237.0230713,236.7625732,14.80172157,70.6958847,Spring,1
3/25/2026,14.68017006,20.19480896,10.2536974,6.974332809,1.133741379,101.1564407,3.697200298,5.171237946,236.6371613,236.4118347,14.89682198,70.57449341,Spring,1
3/26/2026,14.76881695,20.3025322,10.32321262,7.000647545,1.136298895,101.1455841,3.693988085,5.165527344,236.2473602,236.0513611,14.99330139,70.45175171,Spring,1
3/27/2026,14.85839844,20.41087723,10.39378357,7.027505875,1.138744712,101.1346893,3.690890551,5.159925461,235.8544006,235.6817627,15.09114265,70.32778931,Spring,1
3/28/2026,14.94891548,20.51984024,10.46540737,7.054917336,1.141020656,101.1238022,3.687916279,5.154441833,235.4591217,235.3037109,15.19032478,70.2027359,Spring,1
3/29/2026,15.04036427,20.62941933,10.53807926,7.082888603,1.143070936,101.1129913,3.685071468,5.149089813,235.0621643,234.917923,15.29081726,70.07670593,Spring,1
3/30/2026,15.13273716,20.73960876,10.61179447,7.111426353,1.144843817,101.1023026,3.682365417,5.143878937,234.6643219,234.525116,15.39259529,69.94984436,Spring,1
3/31/2026,15.22602272,20.85040283,10.68654633,7.14053154,1.146290302,101.0917816,3.67980504,5.138822556,234.2661591,234.1260223,15.49562073,69.82226563,Spring,1
4/1/2026,15.32021427,20.96178627,10.76232338,7.170204163,1.14736557,101.0814819,3.677397728,5.13393116,233.8683472,233.7213593,15.59985352,69.69410706,Spring,1
4/2/2026,15.41529179,21.07374763,10.83911896,7.200440407,1.148029327,101.0714569,3.675150871,5.129213333,233.4713745,233.3118744,15.7052536,69.56549072,Spring,1
4/3/2026,15.5112381,21.18627167,10.91692352,7.231235504,1.148245692,101.0617447,3.673069239,5.124678612,233.0757904,232.8982849,15.81176758,69.43654633,Spring,1
4/4/2026,15.60803699,21.29933739,10.99572182,7.262579918,1.147982836,101.0523987,3.671158791,5.120335579,232.6819,232.4812469,15.91935539,69.30739594,Spring,1
4/5/2026,15.7056675,21.41292763,11.07550335,7.294463634,1.147214413,101.0434647,3.669422865,5.116189003,232.2900848,232.0614319,16.02796364,69.17813873,Spring,1
4/6/2026,15.80410385,21.5270195,11.15625668,7.326873302,1.14591825,101.0349655,3.667863607,5.112243652,231.9005432,231.639389,16.1375351,69.04888916,Spring,1
4/7/2026,15.90332413,21.64158821,11.23796654,7.359792709,1.144077539,101.0269547,3.666483402,5.108501434,231.5133972,231.2156677,16.24802399,68.91973877,Spring,1
4/8/2026,16.00330353,21.75661278,11.32061577,7.393207073,1.141680002,101.019455,3.665279865,5.104962349,231.1287537,230.7907715,16.35936928,68.79077911,Spring,1
4/9/2026,16.10401917,21.87207031,11.40419483,7.427096844,1.13871789,101.0125046,3.664251804,5.101624489,230.7465057,230.3650665,16.47152519,68.66207123,Spring,1
4/10/2026,16.20544052,21.98793793,11.48868752,7.461443424,1.135187984,101.0061188,3.663393974,5.098482132,230.3665619,229.9389343,16.58443642,68.53369141,Spring,1
4/11/2026,16.30755043,22.10419655,11.57408047,7.496225357,1.131092072,101.0003281,3.662700176,5.095525742,229.9886932,229.512619,16.69805527,68.40568542,Spring,1
4/12/2026,16.4103241,22.2208252,11.66035938,7.531423092,1.126435161,100.9951477,3.662160397,5.092745781,229.6125946,229.086319,16.81233215,68.2780838,Spring,1
4/13/2026,16.51373672,22.33781242,11.74751472,7.567015171,1.121226549,100.990593,3.661764383,5.090127945,229.2378845,228.6601563,16.92722702,68.15090942,Spring,1
4/14/2026,16.61777115,22.45514107,11.8355341,7.602980614,1.115479708,100.9866638,3.661499262,5.087654114,228.8641357,228.2341461,17.04270172,68.02416992,Spring,1
4/15/2026,16.72241592,22.5728035,11.92440796,7.639297485,1.109210491,100.9833832,3.661347628,5.085305214,228.4907837,227.8083038,17.15871811,67.89785004,Spring,1
4/16/2026,16.82765198,22.69079399,12.01413059,7.675948143,1.102437973,100.9807434,3.661292076,5.08305645,228.1173096,227.3825226,17.27525139,67.77192688,Spring,1
4/17/2026,16.93347168,22.80911446,12.10469627,7.712911606,1.095184207,100.9787445,3.661311626,5.080881119,227.7430725,226.9566193,17.39227295,67.64636993,Spring,1
4/18/2026,17.03987122,22.92776871,12.19609928,7.750171661,1.087472916,100.9773865,3.66138339,5.078748703,227.3674469,226.5304413,17.50976944,67.52108002,Spring,1
4/19/2026,17.14684677,23.04676628,12.28834152,7.78771019,1.079329848,100.9766388,3.661482573,5.076628685,226.9897614,226.1037445,17.62773323,67.39602661,Spring,1
4/20/2026,17.25440216,23.16612816,12.38142395,7.825514793,1.070781827,100.9765091,3.661581516,5.074483871,226.6093292,225.676178,17.7461586,67.27108765,Spring,1
4/21/2026,17.36254501,23.28587341,12.47535133,7.863573074,1.061856985,100.9769745,3.66165185,5.072276115,226.2254944,225.2474518,17.86504936,67.14617157,Spring,1
4/22/2026,17.47128677,23.40603447,12.57012844,7.901873589,1.052584052,100.9780121,3.661662579,5.06996727,225.8376007,224.8172607,17.98442078,67.02114105,Spring,1
4/23/2026,17.58065224,23.52664375,12.66576958,7.94040966,1.042991638,100.9795914,3.661581993,5.067513466,225.4450378,224.3852386,18.10429001,66.89588165,Spring,1
4/24/2026,17.69065666,23.64774323,12.76228619,7.979176521,1.033108234,100.9817047,3.661375999,5.064871788,225.047226,223.9510651,18.22468758,66.77021027,Spring,1
4/25/2026,17.80133057,23.76938629,12.85968971,8.018170357,1.022962093,100.984314,3.661010504,5.061997414,224.643692,223.5144196,18.3456459,66.64399719,Spring,1
4/26/2026,17.91270828,23.89162254,12.95800591,8.057393074,1.012580156,100.987381,3.660451651,5.058844566,224.2339935,223.0750122,18.46720505,66.51705933,Spring,1
4/27/2026,18.02482986,24.01451683,13.05725288,8.096845627,1.001987934,100.9908905,3.659663439,5.05536747,223.8177032,222.6326141,18.58942032,66.38920593,Spring,1
4/28/2026,18.13773346,24.1381321,13.15745354,8.136533737,0.991210461,100.9947968,3.658611298,5.051520348,223.3946838,222.187027,18.71234322,66.26024628,Spring,1
4/29/2026,18.25147057,24.26253891,13.25863266,8.176465034,0.980270028,100.9990616,3.65726018,5.047258377,222.9647217,221.7381287,18.83603668,66.12999725,Spring,1
4/30/2026,18.36608887,24.38781548,13.36082363,8.216650963,0.969187081,101.0036621,3.655577183,5.042535782,222.5278168,221.2859039,18.96056747,65.99823761,Spring,1
5/1/2026,18.48164368,24.51403618,13.4640522,8.257102966,0.957980514,101.0085449,3.65352869,5.0373106,222.0840912,220.8303833,19.08600807,65.86477661,Spring,1
5/2/2026,18.59819412,24.64128494,13.56835079,8.297837257,0.946666002,101.0136871,3.651084423,5.031543732,221.6338196,220.3716736,19.21243668,65.72939301,Spring,1
5/3/2026,18.71579361,24.76964378,13.67374992,8.338869095,0.935257494,101.019043,3.648215532,5.025195122,221.1773071,219.9100647,19.33992958,65.59189606,Spring,1
5/4/2026,18.83450699,24.89920044,13.78028679,8.380217552,0.923766196,101.0245743,3.644894838,5.018229485,220.71521,219.4459076,19.4685688,65.45206451,Spring,1
5/5/2026,18.95439529,25.03003693,13.88799,8.421902657,0.912200868,101.0302505,3.641098499,5.010617256,220.2481689,218.97966,19.59844017,65.30971527,Spring,1
5/6/2026,19.07551575,25.16223907,13.99689674,8.463943481,0.900567353,101.0360413,3.63680625,5.00233078,219.7769928,218.5119324,19.72962189,65.16462708,Spring,1
5/7/2026,19.1979332,25.29588699,14.10703659,8.506362915,0.888869584,101.041893,3.631999969,4.993346214,219.3027649,218.0435028,19.86220169,65.01663971,Spring,1
5/8/2026,19.32170868,25.4310627,14.21844006,8.549182892,0.877108753,101.0477905,3.626666546,4.983647346,218.8265686,217.5751801,19.99625778,64.86557007,Spring,1
5/9/2026,19.4468956,25.56783867,14.33113766,8.592424393,0.865283966,101.053688,3.620795727,4.973219872,218.349762,217.1079559,20.13187218,64.71124268,Spring,1
5/10/2026,19.57354355,25.70628738,14.44515514,8.636109352,0.853392184,101.0595703,3.614383221,4.962058067,217.8737488,216.6429901,20.26911545,64.55351257,Spring,1
5/11/2026,19.70170975,25.84646988,14.5605154,8.680258751,0.841428161,101.0653915,3.607426882,4.95016098,217.400116,216.181488,20.40805435,64.39225006,Spring,1
5/12/2026,19.83143234,25.98844719,14.67724037,8.724890709,0.829385221,101.0711365,3.599931717,4.937532902,216.9305267,215.7247925,20.54876137,64.22733307,Spring,1
5/13/2026,19.96275139,26.13226318,14.79534626,8.770026207,0.817255139,101.0767822,3.591906309,4.924186707,216.4668579,215.2744141,20.69128609,64.05864716,Spring,1
5/14/2026,20.09569931,26.2779541,14.91484165,8.815678596,0.805028439,101.0822906,3.58336401,4.910140038,216.0109406,214.8318939,20.83568001,63.88612366,Spring,1
5/15/2026,20.2303009,26.42556,15.03573799,8.861863136,0.792694509,101.0876617,3.574324369,4.895418167,215.5648193,214.3989258,20.98197937,63.70969391,Spring,1
5/16/2026,20.36656952,26.57508659,15.15803432,8.908590317,0.780242443,101.0928726,3.564810753,4.880052567,215.1305237,213.9772034,21.13021851,63.52931976,Spring,1
5/17/2026,20.50451469,26.72654343,15.28172779,8.955869675,0.767660439,101.0978928,3.554852724,4.864080429,214.7101593,213.5685425,21.28041267,63.34498596,Spring,1
5/18/2026,20.64413452,26.87992477,15.40680408,9.003705978,0.754937232,101.1027298,3.544483185,4.847547531,214.3058624,213.1748047,21.43257332,63.1566925,Spring,1
5/19/2026,20.78541374,27.03521347,15.53324795,9.052100182,0.742061317,101.1073608,3.533741474,4.830504894,213.919754,212.7978821,21.58669281,62.96447754,Spring,1
5/20/2026,20.92833519,27.19237137,15.66103554,9.101050377,0.729021609,101.1117783,3.522671223,4.813009739,213.5540009,212.4396362,21.74275398,62.76838684,Spring,1
5/21/2026,21.07286453,27.35135078,15.79013634,9.150551796,0.71580857,101.1159744,3.511319399,4.795124054,213.2107086,212.102005,21.90073395,62.5684967,Spring,1
5/22/2026,21.21895599,27.5120945,15.92050743,9.200592995,0.702412844,101.1199493,3.499738693,4.776916981,212.8918915,211.78685,22.06058502,62.36492157,Spring,1
5/23/2026,21.36655807,27.67452431,16.05210876,9.251160622,0.688827097,101.1236954,3.487983942,4.758460999,212.5995331,211.4959869,22.2222538,62.15777588,Spring,1
5/24/2026,21.51560211,27.83855057,16.18488121,9.302235603,0.67504555,101.1272125,3.47611475,4.739834785,212.3355408,211.2312164,22.3856678,61.94721985,Spring,1
5/25/2026,21.666008,28.00407219,16.31876373,9.353796005,0.66106391,101.1305084,3.46419239,4.721119881,212.1016235,210.9941864,22.55074883,61.73340607,Spring,1
5/26/2026,21.81769371,28.17096519,16.45369148,9.405815125,0.64688015,101.1335831,3.452281952,4.702400208,211.8993988,210.7864838,22.7174015,61.51655579,Spring,1
5/27/2026,21.97055435,28.3391037,16.58958626,9.458259583,0.632494748,101.1364288,3.440449953,4.683764458,211.7303619,210.6095734,22.88551712,61.29685974,Spring,1
5/28/2026,22.12448311,28.50834465,16.72636223,9.511096001,0.617909968,101.1390686,3.428763866,4.665302753,211.5957642,210.4647827,23.05497169,61.0745697,Spring,1
5/29/2026,22.27935982,28.67852974,16.86393356,9.564285278,0.603131175,101.1414948,3.41729331,4.647105217,211.4967041,210.353241,23.22563553,60.84994507,Spring,1
5/30/2026,22.43505478,28.84949303,17.00220108,9.617783546,0.588165939,101.1437225,3.406107187,4.629262924,211.4340057,210.2759247,23.39736366,60.62323761,Spring,1
5/31/2026,22.59142876,29.02106094,17.14105988,9.671546936,0.573024452,101.145752,3.395274401,4.611868858,211.408371,210.2335968,23.57000351,60.3947525,Spring,1
6/1/2026,22.74833679,29.19304276,17.28040314,9.725523949,0.557719886,101.1475983,3.38486433,4.595011711,211.420105,210.2268372,23.74339104,60.16479492,Summer,2
6/2/2026,22.9056263,29.36524582,17.42011833,9.77966404,0.54226774,101.1492615,3.374942303,4.578780174,211.4694214,210.2559814,23.91735077,59.93367004,Summer,2
6/3/2026,23.06313705,29.53747368,17.5600872,9.833911896,0.526685953,101.1507645,3.365574598,4.563260078,211.5561981,210.3211212,24.09170914,59.70170593,Summer,2
6/4/2026,23.22069931,29.70951462,17.70018196,9.888212204,0.510995507,101.1520996,3.356822014,4.54853344,211.6799774,210.4221191,24.2662735,59.46924591,Summer,2
6/5/2026,23.37814713,29.88116264,17.84028244,9.942505836,0.49521926,101.1532898,3.348744392,4.534679413,211.8401642,210.5585785,24.44085693,59.23661804,Summer,2
6/6/2026,23.53530693,30.05220032,17.98025513,9.996733665,0.479382366,101.154335,3.341396093,4.521769524,212.0357666,210.7298431,24.61526299,59.00418091,Summer,2
6/7/2026,23.69199562,30.22241783,18.11997223,10.05083752,0.463511974,101.1552429,3.334828138,4.509871483,212.2656097,210.9349823,24.78928947,58.77227783,Summer,2
6/8/2026,23.84804344,30.39159966,18.25930214,10.10475826,0.447637379,101.1560287,3.329086304,4.499046326,212.5281677,211.1728058,24.96273804,58.54125214,Summer,2
6/9/2026,24.0032711,30.55953217,18.39810944,10.15843391,0.431788921,101.1566849,3.324210644,4.489347458,212.8217163,211.441864,25.13541031,58.31147003,Summer,2
6/10/2026,24.15750122,30.72601128,18.53626442,10.21180916,0.415998906,101.1572342,3.320236206,4.480822563,213.1442108,211.7404938,25.30710793,58.08326721,Summer,2
6/11/2026,24.31055832,30.89083099,18.67363167,10.26482487,0.400300235,101.1576767,3.31719017,4.473508835,213.4934387,212.0667114,25.47763252,57.85697937,Summer,2
6/12/2026,24.46227264,31.05378914,18.81008911,10.31742668,0.384726375,101.15802,3.315094948,4.467434883,213.8668518,212.4183197,25.64678955,57.63294983,Summer,2
6/13/2026,24.61247635,31.21470451,18.94550133,10.3695631,0.369312197,101.1582565,3.313965082,4.462622643,214.261795,212.792923,25.814394,57.41149139,Summer,2
6/14/2026,24.76101112,31.37338638,19.07974815,10.42118359,0.354091793,101.1584015,3.313808203,4.459082127,214.6753235,213.1878815,25.98026276,57.19293976,Summer,2
6/15/2026,24.90771675,31.52966881,19.21270943,10.4722414,0.339099675,101.1584473,3.31462431,4.456814766,215.1043701,213.6003571,26.14422035,56.97757721,Summer,2
6/16/2026,25.05244637,31.68339348,19.34427261,10.52269363,0.324369818,101.1584091,3.316405535,4.455812931,215.5456696,214.027359,26.30610085,56.76570129,Summer,2
6/17/2026,25.19506454,31.83440971,19.47432137,10.57250214,0.309935123,101.1582794,3.319137812,4.456058502,215.9958649,214.4657288,26.46574783,56.5575943,Summer,2
6/18/2026,25.33543777,31.98258018,19.60275841,10.62163353,0.295827866,101.1580505,3.322798014,4.457521439,216.4514771,214.9121704,26.62301064,56.35351563,Summer,2
6/19/2026,25.47344208,32.12778473,19.72948074,10.67005634,0.282078952,101.1577377,3.327356577,4.460165977,216.9089355,215.3632965,26.77775574,56.15370178,Summer,2
6/20/2026,25.60897255,32.26992035,19.85439873,10.71774673,0.268717676,101.1573334,3.332776546,4.463944435,217.3646545,215.8155975,26.92985916,55.95838165,Summer,2
6/21/2026,25.74192238,32.40888596,19.97742653,10.76468658,0.255771399,101.1568298,3.3390131,4.468799591,217.8149719,216.265564,27.07920456,55.76776886,Summer,2
6/22/2026,25.87220764,32.5446167,20.09849167,10.81086063,0.243265584,101.1562347,3.346015453,4.474666119,218.2563019,216.7096405,27.22569466,55.58204651,Summer,2
6/23/2026,25.99975014,32.6770401,20.21752357,10.8562603,0.231223166,101.1555405,3.353725672,4.481470108,218.6850281,217.1442566,27.36923409,55.40140533,Summer,2
6/24/2026,26.12447739,32.80610657,20.33445549,10.90088177,0.219665542,101.154747,3.362080097,4.489129543,219.0976868,217.565918,27.50975418,55.22598267,Summer,2
6/25/2026,26.24634171,32.93179703,20.44924355,10.94472694,0.208610579,101.1538467,3.371009827,4.497554779,219.4908447,217.9711304,27.64718819,55.05592346,Summer,2
6/26/2026,26.36529922,33.05408478,20.56183624,10.98780346,0.198073953,101.1528397,3.380439758,4.506649017,219.8611908,218.3565979,27.78148651,54.89134979,Summer,2
6/27/2026,26.4813118,33.17296219,20.67219925,11.03012371,0.18806909,101.1517181,3.390291452,4.516311646,220.2056274,218.7190399,27.9126091,54.73235703,Summer,2
6/28/2026,26.59436035,33.28845215,20.78030205,11.07170582,0.178605676,101.1504898,3.400481224,4.526435852,220.5212402,219.0553894,28.04053116,54.5790329,Summer,2
6/29/2026,26.70443726,33.4005661,20.88612366,11.11256981,0.169691965,101.1491547,3.410923958,4.53690815,220.8053284,219.3627625,28.16523552,54.4314537,Summer,2
6/30/2026,26.81153488,33.50934982,20.98964691,11.15274334,0.161332324,101.1476898,3.421530008,4.547615051,221.0553436,219.6384888,28.28671646,54.28965759,Summer,2
7/1/2026,26.91566658,33.61483002,21.09086609,11.19225597,0.15352948,101.1461182,3.432209015,4.558439732,221.2691498,219.8800812,28.40498352,54.15370178,Summer,2
7/2/2026,27.01684761,33.71707153,21.1897831,11.23114204,0.14628309,101.1444321,3.442869902,4.569262981,221.4447327,220.0853882,28.52004433,54.02361298,Summer,2
7/3/2026,27.11509705,33.81613541,21.28639793,11.26943874,0.139590979,101.1426239,3.453419447,4.579965591,221.5805359,220.2524872,28.63192177,53.8993988,Summer,2
7/4/2026,27.21044922,33.9120903,21.38072014,11.30718517,0.133448452,101.1407013,3.46376729,4.59043026,221.6751862,220.3797607,28.74064636,53.78107071,Summer,2
7/5/2026,27.30293846,34.00500488,21.47276688,11.34442234,0.127849072,101.1386642,3.473822117,4.600539207,221.7277069,220.4659424,28.84624672,53.66862869,Summer,2
7/6/2026,27.39260674,34.09495926,21.56255722,11.38119411,0.122784741,101.1365128,3.483495712,4.61017704,221.7375183,220.5100555,28.94877052,53.56206512,Summer,2
7/7/2026,27.47949791,34.18203354,21.65010834,11.41754341,0.118245929,101.1342621,3.492702723,4.619235039,221.7042389,220.5114746,29.0482502,53.46136475,Summer,2
7/8/2026,27.56365585,34.2663002,21.73545456,11.45351505,0.114221744,101.1319046,3.501360655,4.627605438,221.628006,220.4699707,29.14473343,53.36650848,Summer,2
7/9/2026,27.64513016,34.34783554,21.81861115,11.48915291,0.110701114,101.1294556,3.509391785,4.635189056,221.5091553,220.3856049,29.23826408,53.27747345,Summer,2
7/10/2026,27.72396469,34.42672729,21.89961243,11.52450085,0.107671648,101.126915,3.516721964,4.641889572,221.3485565,220.2588654,29.32888603,53.19424057,Summer,2
7/11/2026,27.80020714,34.50302887,21.97848511,11.55959892,0.105121545,101.1242981,3.523285151,4.647621155,221.1472778,220.0905609,29.41663933,53.11679459,Summer,2
7/12/2026,27.87390327,34.57680893,22.05525589,11.59448719,0.103038825,101.1216049,3.529018402,4.652305126,220.9067993,219.8818207,29.50156212,53.04511261,Summer,2
7/13/2026,27.94508934,34.64812469,22.12994957,11.62920189,0.10141129,101.1188507,3.533867359,4.655870438,220.6289368,219.6341858,29.58369255,52.97917938,Summer,2
7/14/2026,28.01380348,34.71702194,22.20259285,11.66377449,0.100229278,101.1160507,3.537784576,4.658255577,220.3157196,219.3495483,29.66305351,52.91898346,Summer,2
7/15/2026,28.0800724,34.78353119,22.2732048,11.69823647,0.099482633,101.1132126,3.540729523,4.659410954,219.9696503,219.0300293,29.7396698,52.86452103,Summer,2
7/16/2026,28.14392281,34.84767914,22.3418026,11.7326107,0.099163525,101.1103439,3.54267025,4.659295082,219.593338,218.6781158,29.81355286,52.81580353,Summer,2
7/17/2026,28.20536613,34.90948486,22.40839958,11.76691723,0.099265657,101.1074677,3.543581963,4.657877445,219.1897736,218.2966003,29.88471413,52.77282715,Summer,2
7/18/2026,28.26441383,34.96893311,22.47300529,11.80117035,0.099785171,101.104599,3.543450117,4.655139923,218.7621155,217.888504,29.95314026,52.73561859,Summer,2
7/19/2026,28.3210659,35.02601624,22.53562164,11.83537865,0.100719213,101.101738,3.542267084,4.651075363,218.313797,217.4570923,30.01882744,52.70420837,Summer,2
7/20/2026,28.37530899,35.08069611,22.59624481,11.86954594,0.102069214,101.0989151,3.540035009,4.645687103,217.8482819,217.0058289,30.08174133,52.67863083,Summer,2
7/21/2026,28.4271183,35.13292694,22.65487099,11.90366554,0.10383822,101.096138,3.536763906,4.638990879,217.369339,216.5384064,30.14185143,52.65893555,Summer,2
7/22/2026,28.47646904,35.18264771,22.71147919,11.93772888,0.106032118,101.0934219,3.532472849,4.63101244,216.8807373,216.0586395,30.19911003,52.64518738,Summer,2
7/23/2026,28.52331924,35.22977448,22.76604843,11.97171879,0.10865996,101.0907822,3.527189255,4.621789932,216.3863983,215.5704193,30.25345612,52.63744354,Summer,2
7/24/2026,28.56761932,35.27422333,22.81855011,12.00560951,0.111733839,101.0882416,3.520948172,4.61137104,215.8902435,215.0778046,30.30482101,52.63579559,Summer,2
7/25/2026,28.60929871,35.31587601,22.86894798,12.03937244,0.115268797,101.0858002,3.513793707,4.599814415,215.3961945,214.5848541,30.35312271,52.64031982,Summer,2
7/26/2026,28.64829254,35.35461044,22.91719627,12.07296848,0.119283326,101.0834885,3.50577569,4.587188721,214.9082336,214.0955963,30.39826584,52.65113068,Summer,2
7/27/2026,28.68451691,35.39028549,22.96324921,12.10635185,0.123797849,101.0813141,3.496952295,4.573572159,214.4301758,213.6141205,30.44015312,52.66831589,Summer,2
7/28/2026,28.71788216,35.4227562,23.00704575,12.13947487,0.128836766,101.0792847,3.487388372,4.559049606,213.9657898,213.1443787,30.47866631,52.69200134,Summer,2
7/29/2026,28.7482872,35.45185471,23.04852295,12.17227936,0.134426504,101.0774231,3.47715354,4.543715477,213.5187073,212.6902924,30.51368523,52.7223053,Summer,2
7/30/2026,28.77561951,35.47740555,23.08761024,12.20470333,0.140595958,101.0757294,3.466323614,4.52767086,213.092453,212.2556152,30.54507446,52.75935364,Summer,2
7/31/2026,28.79977798,35.49923706,23.12423325,12.23667717,0.147376791,101.0742264,3.454978466,4.511022568,212.6902771,211.8439331,30.57270622,52.80326843,Summer,2
8/1/2026,28.82062531,35.51714706,23.15831184,12.2681284,0.15480189,101.0729218,3.443202257,4.493883133,212.3152771,211.4586334,30.59642601,52.85418701,Summer,2
8/2/2026,28.83804703,35.53094864,23.18976021,12.29898071,0.162905991,101.0718155,3.431082487,4.47636795,211.9702606,211.1029053,30.61609268,52.91223907,Summer,2
8/3/2026,28.85191345,35.54043579,23.21849442,12.32915115,0.171725094,101.0709152,3.418708086,4.458597183,211.6577759,210.7796326,30.63155174,52.97756195,Summer,2
8/4/2026,28.86208344,35.54541397,23.24441338,12.35855579,0.181296378,101.0702438,3.406170607,4.440691948,211.3800812,210.4914856,30.64264679,53.05028534,Summer,2
8/5/2026,28.86843681,35.545681,23.26742935,12.3871069,0.191656321,101.0697861,3.393561125,4.422774315,211.1391449,210.2407379,30.64922905,53.13052368,Summer,2
8/6/2026,28.87083626,35.54103088,23.28744698,12.41471481,0.202842236,101.0695572,3.380972147,4.404967308,210.936554,210.0294037,30.65114212,53.21839905,Summer,2
8/7/2026,28.86915207,35.5312767,23.30436897,12.44128895,0.214890853,101.0695496,3.368494272,4.387392044,210.7735901,209.8591003,30.64823914,53.31402588,Summer,2
8/8/2026,28.86325455,35.51623154,23.31810379,12.46673965,0.227836937,101.0697784,3.356215954,4.370165825,210.6511841,209.7311249,30.64036942,53.41751099,Summer,2
8/9/2026,28.85302544,35.49571609,23.32855034,12.49097538,0.241714656,101.0702286,3.34422493,4.353406906,210.5698395,209.6463623,30.62739563,53.52892685,Summer,2
8/10/2026,28.83834648,35.46955872,23.3356266,12.51390553,0.25655514,101.0709076,3.332603216,4.337224007,210.5298157,209.6053619,30.60918999,53.64836121,Summer,2
8/11/2026,28.81911469,35.43761444,23.33923721,12.53544521,0.272387207,101.0718079,3.321430922,4.321723938,210.5308838,209.6082306,30.5856266,53.77586746,Summer,2
8/12/2026,28.79522514,35.39974213,23.33930588,12.55550575,0.289236665,101.0729218,3.310781956,4.30700779,210.5724792,209.6547089,30.55659676,53.91148758,Summer,2
8/13/2026,28.76659584,35.35581589,23.33575249,12.57400513,0.307125121,101.0742416,3.300725937,4.293166637,210.6537628,209.7441711,30.52200699,54.05525208,Summer,2
8/14/2026,28.73315048,35.30573654,23.32850075,12.59086704,0.326070011,101.0757751,3.291326046,4.280285835,210.7734375,209.8755798,30.48176193,54.20715332,Summer,2
8/15/2026,28.69482422,35.24942398,23.31749725,12.60601521,0.346084595,101.0774994,3.28263855,4.2684412,210.9299469,210.0475464,30.43580437,54.36717987,Summer,2
8/16/2026,28.65157127,35.18682098,23.30267334,12.61938477,0.367176294,101.0794144,3.274713516,4.25770092,211.1213837,210.2583008,30.38407707,54.53529739,Summer,2
8/17/2026,28.60336113,35.11789322,23.28399467,12.63091087,0.389347106,101.0814972,3.267592907,4.248121262,211.3455353,210.5057983,30.32654762,54.71142578,Summer,2
8/18/2026,28.55017281,35.04262543,23.2614193,12.64053726,0.412593424,101.0837555,3.261311531,4.239748955,211.5999298,210.7875977,30.26320457,54.89548492,Summer,2
8/19/2026,28.49201775,34.96104431,23.23491669,12.64821529,0.436904818,101.0861664,3.25589633,4.232622147,211.8818817,211.1009827,30.19404793,55.08735657,Summer,2
8/20/2026,28.42890549,34.87318039,23.20447731,12.65390396,0.462264776,101.0887299,3.251364946,4.226765633,212.1883545,211.4429932,30.11910629,55.28689575,Summer,2
8/21/2026,28.36088181,34.77911758,23.17009544,12.65756893,0.488649607,101.0914154,3.247728109,4.222192764,212.5162811,211.8103638,30.03842545,55.49393463,Summer,2
8/22/2026,28.28800011,34.67895126,23.13177299,12.65918159,0.516028702,101.0942307,3.244987488,4.218909264,212.8622894,212.199707,29.95207596,55.70828247,Summer,2
8/23/2026,28.21033669,34.57279968,23.08953667,12.65872669,0.544364512,101.0971451,3.243136406,4.216906548,213.2229309,212.6073608,29.86013985,55.92971039,Summer,2
8/24/2026,28.127985,34.46083069,23.04341507,12.65619278,0.573612332,101.1001663,3.24216032,4.21616745,213.594696,213.0296173,29.76273537,56.15796661,Summer,2
8/25/2026,28.04106522,34.34321594,22.99345398,12.6515789,0.60371995,101.1032639,3.242037058,4.216662407,213.9739227,213.4625244,29.65999222,56.39278412,Summer,2
8/26/2026,27.94970512,34.22017288,22.93971252,12.64488983,0.634628594,101.1064453,3.24273634,4.218352318,214.3570251,213.9022064,29.55206108,56.63385773,Summer,2
8/27/2026,27.8540535,34.09192657,22.88225555,12.63614368,0.666272223,101.1096878,3.244220734,4.221189499,214.7402954,214.3446655,29.43911934,56.88085938,Summer,2
8/28/2026,27.75428391,33.95874405,22.82116508,12.62536144,0.698578238,101.1129761,3.246446609,4.225116253,215.1201935,214.7859344,29.32135391,57.13343811,Summer,2
8/29/2026,27.65057564,33.82089615,22.75653458,12.61257458,0.731467664,101.1163177,3.249362469,4.230066299,215.4931641,215.2220459,29.19897842,57.39123535,Summer,2
8/30/2026,27.54312706,33.67869949,22.68847084,12.59782124,0.764855266,101.1196823,3.252912521,4.235965729,215.8558197,215.6491852,29.07222366,57.65383911,Summer,2
8/31/2026,27.43215752,33.53246689,22.6170845,12.58114815,0.798650503,101.123085,3.257035971,4.242733479,216.2048798,216.0635834,28.94132996,57.92085266,Summer,2
9/1/2026,27.31789017,33.38254166,22.54249954,12.5626049,0.832757413,101.1264954,3.261665583,4.250281811,216.5372314,216.4617004,28.80656052,58.19184113,Autumn,3
9/2/2026,27.20056725,33.22928238,22.46485519,12.54224873,0.867075205,101.1299286,3.266732931,4.258519173,216.8500366,216.8400726,28.66817856,58.46635437,Autumn,3
9/3/2026,27.08043289,33.07305527,22.38428879,12.52014542,0.90149945,101.1333618,3.272164106,4.267348289,217.1405945,217.1956024,28.526474,58.74393463,Autumn,3
9/4/2026,26.95774269,32.91423416,22.30094719,12.49636173,0.935922325,101.136795,3.27788496,4.276670456,217.4065399,217.5252991,28.38173676,59.02411652,Autumn,3
9/5/2026,26.83275986,32.75321579,22.21499062,12.4709692,0.970232606,101.1402283,3.283818007,4.286382675,217.6457214,217.8265533,28.23426819,59.30641937,Autumn,3
9/6/2026,26.70575523,32.59038162,22.12657738,12.44404602,1.004317522,101.1436615,3.289886713,4.29638195,217.856369,218.0970154,28.08436966,59.59035492,Autumn,3
9/7/2026,26.57699394,32.42612839,22.03587532,12.41566658,1.038063526,101.1470795,3.296013832,4.306565285,218.0369415,218.3346863,27.93234825,59.87543488,Autumn,3
9/8/2026,26.44674683,32.26084518,21.94304657,12.3859129,1.071355462,101.1504974,3.302122831,4.316830635,218.1863251,218.5378571,27.77851677,60.1611557,Autumn,3
9/9/2026,26.31528473,32.09492493,21.84826279,12.35486507,1.104079366,101.1539078,3.308139563,4.327076435,218.3036804,218.7052917,27.62318039,60.44704437,Autumn,3
9/10/2026,26.18287277,31.92874146,21.75169373,12.32260513,1.136122465,101.1573105,3.313991547,4.337206841,218.3885193,218.8360291,27.46664238,60.73259735,Autumn,3
9/11/2026,26.04976654,31.76266861,21.65350533,12.28921032,1.16737318,101.1607056,3.319610596,4.347127914,218.4407959,218.9295349,27.3092041,61.01734161,Autumn,3
9/12/2026,25.91621971,31.59706497,21.55386734,12.25476456,1.197723627,101.1641006,3.324931145,4.356750488,218.4606934,218.9856873,27.15114784,61.30078888,Autumn,3
9/13/2026,25.78248024,31.43227005,21.45293999,12.21933842,1.227069139,101.1674881,3.329893351,4.3659935,218.4488831,219.004715,26.99276924,61.58248138,Autumn,3
9/14/2026,25.64877129,31.26860809,21.35087967,12.18300915,1.255309463,101.1708832,3.334442377,4.374780178,218.4062805,218.9872742,26.83432388,61.86196899,Autumn,3
9/15/2026,25.51531601,31.10638809,21.24784279,12.14584637,1.282349348,101.1742783,3.338528872,4.383042812,218.3342133,218.9344025,26.67607498,62.13880157,Autumn,3
9/16/2026,25.38231468,30.94587708,21.1439724,12.10791302,1.308099985,101.1776886,3.342110634,4.390721321,218.2342987,218.8475189,26.51825333,62.4125824,Autumn,3
9/17/2026,25.24995422,30.78734207,21.03940392,12.06927109,1.332478523,101.1810989,3.345150709,4.397763252,218.10849,218.7283783,26.36109161,62.68289185,Autumn,3
9/18/2026,25.1184063,30.63099861,20.93426323,12.02997494,1.355410218,101.1845322,3.347621202,4.404127121,217.9590149,218.5791016,26.2047863,62.94935608,Autumn,3
9/19/2026,24.98781586,30.47705078,20.8286705,11.99007225,1.376827836,101.1879807,3.349499941,4.409780502,217.7883759,218.4021606,26.04952049,63.21161652,Autumn,3
9/20/2026,24.85831642,30.32566261,20.72272873,11.94960499,1.396671891,101.1914444,3.350774288,4.414700508,217.5993805,218.2003021,25.89545631,63.46933746,Autumn,3
9/21/2026,24.73001099,30.17696953,20.61653519,11.90860653,1.414893389,101.194931,3.351438284,4.418875694,217.394928,217.9765778,25.74273109,63.72222137,Autumn,3
9/22/2026,24.6029892,30.03106689,20.51016998,11.86710358,1.431451559,101.1984482,3.351493597,4.42230463,217.1782532,217.7342529,25.59146309,63.96997833,Autumn,3
9/23/2026,24.477314,29.88802719,20.40370178,11.82511616,1.446315646,101.2019806,3.350951195,4.424994469,216.9526825,217.4768677,25.44173813,64.21235657,Autumn,3
9/24/2026,24.35302162,29.74787903,20.2971859,11.78265572,1.459464908,101.2055435,3.349829435,4.42696476,216.7217102,217.2081299,25.29362869,64.44913483,Autumn,3
9/25/2026,24.23013115,29.61062241,20.19066238,11.73972511,1.470888853,101.2091217,3.348153114,4.428244591,216.4888763,216.9318695,25.14717102,64.68011475,Autumn,3
9/26/2026,24.10863495,29.47621727,20.08416176,11.69632149,1.480587244,101.2127228,3.345956802,4.428873062,216.2578278,216.6520691,25.00238419,64.90513611,Autumn,3
9/27/2026,23.98850441,29.34459877,19.97769547,11.65243149,1.488570094,101.2163467,3.343280077,4.428898811,216.0322723,216.372757,24.85926056,65.12406158,Autumn,3
9/28/2026,23.86968231,29.21565628,19.8712616,11.60803795,1.494857788,101.219986,3.34017086,4.428378105,215.8158569,216.098114,24.71776772,65.33678436,Autumn,3
9/29/2026,23.7521019,29.0892601,19.76484871,11.56311226,1.499480486,101.2236328,3.33668232,4.427377701,215.6121979,215.8321381,24.57784843,65.54323578,Autumn,3
9/30/2026,23.63565826,28.96523666,19.6584301,11.51762199,1.502478957,101.2272797,3.33287406,4.425970078,215.4248505,215.5789642,24.43942642,65.7433548,Autumn,3
10/1/2026,23.52024651,28.84339714,19.55195808,11.47152519,1.503902912,101.2309265,3.328811407,4.424236298,215.2572937,215.3425446,24.3024025,65.93713379,Autumn,3
10/2/2026,23.40571976,28.72351265,19.44538879,11.42477798,1.50381124,101.2345581,3.32456255,4.422262192,215.1128235,215.1267548,24.16665459,66.12458038,Autumn,3
10/3/2026,23.29193497,28.60533333,19.33865356,11.37732983,1.502272129,101.2381668,3.320201874,4.420141697,214.9946289,214.9353638,24.03204727,66.30573273,Autumn,3
10/4/2026,23.17872047,28.48859024,19.23167419,11.32912254,1.499361157,101.241745,3.315804958,4.417969227,214.9056091,214.7718964,23.89842033,66.48065186,Autumn,3
10/5/2026,23.06589317,28.37299156,19.12437057,11.28009796,1.49516201,101.245285,3.311451435,4.415845871,214.848526,214.6396942,23.7656002,66.64942169,Autumn,3
10/6/2026,22.95326042,28.25822639,19.01664925,11.23019409,1.489765167,101.248764,3.307221174,4.413871765,214.8258209,214.5418701,23.63340759,66.81214905,Autumn,3
10/7/2026,22.84061623,28.14396858,18.90840721,11.17934418,1.483267426,101.252182,3.303196192,4.412153244,214.8397217,214.4812164,23.50164223,66.96897125,Autumn,3
10/8/2026,22.72774696,28.02988434,18.79953575,11.12748337,1.475770116,101.2555084,3.299458027,4.410792351,214.8921509,214.4602661,23.37009811,67.12003326,Autumn,3
10/9/2026,22.61443329,27.91562843,18.68992424,11.07454395,1.467380285,101.2587433,3.296087027,4.40989399,214.9846344,214.4812012,23.23855972,67.26551819,Autumn,3
10/10/2026,22.50045013,27.80085182,18.57945251,11.02045918,1.458207846,101.2618637,3.293163538,4.409558296,215.1185303,214.5458679,23.10680962,67.40558624,Autumn,3
10/11/2026,22.38557625,27.68520164,18.46800613,10.96516418,1.448365927,101.2648621,3.29076314,4.409884453,215.2947388,214.6557617,22.97462463,67.54045868,Autumn,3
10/12/2026,22.26958275,27.56832886,18.35546112,10.90859509,1.43796885,101.2677231,3.288960695,4.410966873,215.5138702,214.812027,22.84178543,67.67034149,Autumn,3
10/13/2026,22.1522522,27.44988823,18.24170113,10.85069275,1.427132487,101.2704315,3.287826061,4.41289711,215.7761383,215.0153198,22.70807076,67.79545593,Autumn,3
10/14/2026,22.03336716,27.32954216,18.12660599,10.79140091,1.415972829,101.2729645,3.287424326,4.415759563,216.0814819,215.2660217,22.57326508,67.91603088,Autumn,3
10/15/2026,21.91271591,27.20696449,18.01006126,10.73066902,1.404604435,101.275322,3.287816286,4.419631004,216.4294128,215.5640717,22.43715668,68.03231049,Autumn,3
10/16/2026,21.79010773,27.08184052,17.89196014,10.66845226,1.393140078,101.2774811,3.289055586,4.424582005,216.8191528,215.9090271,22.29955101,68.14453125,Autumn,3
10/17/2026,21.66534615,26.9538784,17.77219772,10.60471153,1.381690025,101.2794342,3.291190863,4.430675983,217.2495728,216.3000336,22.16025543,68.25294495,Autumn,3
10/18/2026,21.53826523,26.82280731,17.65067673,10.53941727,1.370360613,101.2811737,3.294262648,4.43796587,217.719223,216.7358551,22.01909447,68.35778809,Autumn,3
10/19/2026,21.40870476,26.68837357,17.52731133,10.47254467,1.359253764,101.2826843,3.298304796,4.44649601,218.2263489,217.2149658,21.87590599,68.45932007,Autumn,3
10/20/2026,21.2765255,26.5503521,17.40202713,10.40407944,1.348466635,101.2839661,3.303343296,4.456301689,218.7688599,217.7353821,21.73054886,68.5577774,Autumn,3
10/21/2026,21.14160919,26.40854836,17.27475166,10.3340168,1.338089466,101.2850037,3.30939579,4.467404842,219.3444519,218.2948608,21.58289528,68.65339661,Autumn,3
10/22/2026,21.00385094,26.26279259,17.14543915,10.26236248,1.32820642,101.2857971,3.316472292,4.479820251,219.9505157,218.8908081,21.43283844,68.74641418,Autumn,3
10/23/2026,20.86317825,26.11294937,17.01404381,10.18912983,1.318894267,101.2863388,3.324573517,4.493550301,220.5843353,219.52034,21.28029442,68.83706665,Autumn,3
10/24/2026,20.71953392,25.95892143,16.88053894,10.1143465,1.31022191,101.286644,3.333692551,4.50858593,221.2427979,220.1803284,21.12520409,68.92556,Autumn,3
10/25/2026,20.57288933,25.80063438,16.74491501,10.03804779,1.302250147,101.286705,3.343813419,4.524909019,221.9228058,220.8674164,20.96752167,69.01211548,Autumn,3
10/26/2026,20.42323494,25.63805962,16.60717583,9.960278511,1.295030475,101.2865219,3.354911804,4.542489052,222.6210022,221.5780334,20.80723763,69.09693146,Autumn,3
10/27/2026,20.27059364,25.47120476,16.46733665,9.881098747,1.28860569,101.2861099,3.366955757,4.561284065,223.3339844,222.3084564,20.64435768,69.18019867,Autumn,3
10/28/2026,20.1150074,25.30010223,16.32543945,9.80057621,1.283009768,101.2854767,3.37990427,4.581243515,224.0582428,223.0547943,20.47891808,69.26209259,Autumn,3
10/29/2026,19.95654678,25.12483597,16.18153,9.718790054,1.27826643,101.2846375,3.393709898,4.602306366,224.7901917,223.8131104,20.31097603,69.34278107,Autumn,3
10/30/2026,19.79530716,24.94551468,16.03567886,9.635830879,1.274390817,101.2835999,3.408316612,4.624401093,225.5262909,224.5793762,20.14060974,69.42242432,Autumn,3
10/31/2026,19.63140869,24.76229095,15.88797188,9.551796913,1.271387935,101.2823792,3.423662663,4.647449017,226.2629547,225.3495331,19.96793365,69.50115204,Autumn,3
11/1/2026,19.46499443,24.57534409,15.73850822,9.466797829,1.269254088,101.2810135,3.439679623,4.671361923,226.9967041,226.1195221,19.79307365,69.57909393,Autumn,3
11/2/2026,19.29623413,24.38489151,15.5874033,9.380950928,1.267976284,101.2795029,3.456292629,4.696043491,227.7240601,226.8854065,19.61618423,69.65637207,Autumn,3
11/3/2026,19.12531281,24.191185,15.43478584,9.294384003,1.267532706,101.2778854,3.473422766,4.721392632,228.4417725,227.643219,19.43744087,69.73309326,Autumn,3
11/4/2026,18.9524498,23.99450111,15.28080463,9.207230568,1.267893314,101.2761841,3.490986109,4.747300148,229.1465759,228.3892212,19.2570343,69.8093338,Autumn,3
11/5/2026,18.77787018,23.79514503,15.12561893,9.119630814,1.269020081,101.2744293,3.508895397,4.773654461,229.8354797,229.1197205,19.07518578,69.88517761,Autumn,3
11/6/2026,18.60182571,23.59345436,14.96939945,9.031733513,1.270867467,101.2726517,3.527059078,4.800337315,230.505661,229.8313141,18.89212036,69.96069336,Autumn,3
11/7/2026,18.42457962,23.38977814,14.81232929,8.943689346,1.27338326,101.2708893,3.545385122,4.827228069,231.1544495,230.5207367,18.70808792,70.03593445,Autumn,3
11/8/2026,18.24640846,23.18449402,14.65460491,8.855656624,1.276508927,101.2691574,3.563779354,4.854205132,231.7795105,231.1849823,18.52334785,70.11094666,Autumn,3
11/9/2026,18.06761169,22.97800255,14.49643135,8.767792702,1.280180931,101.2675095,3.582146406,4.881145954,232.3786469,231.8213196,18.33817863,70.1857605,Autumn,3
11/10/2026,17.88848686,22.77070618,14.33801556,8.680259705,1.284330368,101.265976,3.600391626,4.907926559,232.9500122,232.4273071,18.15285683,70.26039886,Autumn,3
11/11/2026,17.70934868,22.56302834,14.17958069,8.593219757,1.288884878,101.264595,3.618421316,4.9344244,233.4920044,233.0007629,17.96767998,70.33489227,Autumn,3
11/12/2026,17.53050995,22.35540009,14.02135181,8.506836891,1.293768883,101.2633972,3.636143923,4.960520744,234.0033264,233.5399017,17.78293991,70.40923309,Autumn,3
11/13/2026,17.35229492,22.14825249,13.863554,8.421271324,1.298904896,101.2624283,3.653469086,4.986097336,234.4829254,234.0432129,17.5989418,70.48343658,Autumn,3
11/14/2026,17.17502594,21.94202614,13.70642185,8.336683273,1.304213405,101.2617188,3.670311213,5.011042595,234.9301453,234.509552,17.41598511,70.55748749,Autumn,3
11/15/2026,16.99901962,21.73715591,13.5501852,8.253228188,1.309615374,101.2613068,3.686588049,5.035246849,235.3445587,234.9381256,17.23436928,70.6313858,Autumn,3
11/16/2026,16.82459641,21.53407288,13.39507389,8.171057701,1.315030813,101.2612228,3.702221155,5.058609962,235.7260742,235.3285217,17.05439377,70.70511627,Autumn,3
11/17/2026,16.65206909,21.33319855,13.24131966,8.09031868,1.320382357,101.2615128,3.717138767,5.081035614,236.0748901,235.6806335,16.8763504,70.77866364,Autumn,3
11/18/2026,16.48174286,21.13494873,13.08914661,8.011149406,1.325594068,101.2621918,3.731274843,5.102436066,236.3914642,235.9947205,16.70052147,70.85201263,Autumn,3
11/19/2026,16.31390572,20.93972015,12.93877411,7.933682442,1.330592513,101.2633057,3.744568348,5.122731209,236.6765747,236.2714081,16.52718544,70.92514038,Autumn,3
11/20/2026,16.14884567,20.7478981,12.79041672,7.858043671,1.335308909,101.2648697,3.756966591,5.141850471,236.9312744,236.5116425,16.35660362,70.99802399,Autumn,3
11/21/2026,15.98682785,20.55983925,12.64427948,7.784346581,1.339678049,101.2669144,3.768422604,5.159731865,237.1568756,236.7166443,16.18902779,71.07064819,Autumn,3
11/22/2026,15.82810402,20.37589073,12.50055885,7.712697983,1.34363997,101.2694626,3.778898954,5.176322937,237.3548584,236.8880157,16.02469254,71.14299011,Autumn,3
11/23/2026,15.67291069,20.19636917,12.3594408,7.643193245,1.34714067,101.2725296,3.788363934,5.19158268,237.5270081,237.0275879,15.86381721,71.21502686,Autumn,3
11/24/2026,15.52146435,20.02156448,12.22109985,7.575915337,1.350132227,101.2761383,3.796795368,5.205477715,237.6752167,237.1374969,15.706604,71.28673553,Autumn,3
11/25/2026,15.37395859,19.85173798,12.08569527,7.510937691,1.352573633,101.2802887,3.804178953,5.217987061,237.8016663,237.220047,15.55323601,71.35810089,Autumn,3
11/26/2026,15.23056602,19.68712616,11.95337582,7.448322296,1.354430914,101.284996,3.810507774,5.229101181,237.9085693,237.2778168,15.40387154,71.42910767,Autumn,3
11/27/2026,15.0914402,19.5279274,11.82427692,7.38811636,1.355677724,101.2902679,3.815783501,5.238818169,237.9983215,237.3135681,15.25865364,71.49974823,Autumn,3
11/28/2026,14.95670795,19.37431526,11.69851303,7.330356598,1.356295228,101.2960968,3.820015907,5.247149467,238.0734558,237.3301392,15.11770439,71.57000732,Autumn,3
11/29/2026,14.82647419,19.22642899,11.57618713,7.275067329,1.356273293,101.3024826,3.823223114,5.254115105,238.1364594,237.3306274,14.98111725,71.63986969,Autumn,3
11/30/2026,14.70081806,19.08436584,11.45738411,7.222259045,1.35560894,101.3094177,3.825429678,5.259745598,238.1900024,237.3180847,14.84896851,71.70933533,Autumn,3
12/1/2026,14.57979488,18.94820023,11.34217453,7.171931744,1.354308009,101.3168793,3.826668024,5.264079094,238.2366791,237.2957306,14.72130966,71.77839661,Winter,0
12/2/2026,14.46343613,18.81797218,11.23060989,7.124071598,1.352383852,101.3248596,3.826978683,5.267167091,238.2791138,237.2667236,14.59817505,71.8470459,Winter,0
12/3/2026,14.35174751,18.69368553,11.12272453,7.078654289,1.349858165,101.3333282,3.826406956,5.269064903,238.3199005,237.2342987,14.47957039,71.91529083,Winter,0
12/4/2026,14.24471283,18.57530785,11.01853943,7.035642624,1.346759796,101.3422623,3.825004816,5.269838333,238.3615265,237.2016144,14.36548042,71.98312378,Winter,0
12/5/2026,14.14229107,18.46278763,10.91805363,6.994989395,1.343125224,101.3516312,3.822829723,5.269560814,238.4064026,237.1717529,14.25587463,72.05055237,Winter,0
12/6/2026,14.04442501,18.35603142,10.82125378,6.956637383,1.338997483,101.3613968,3.81994462,5.268310547,238.4568787,237.1477203,14.15069199,72.11756897,Winter,0
12/7/2026,13.95102596,18.25492096,10.72811031,6.920516968,1.334426761,101.3715286,3.816416264,5.266173363,238.5151672,237.1323853,14.04986763,72.18418121,Winter,0
12/8/2026,13.86198997,18.15931511,10.63857841,6.886552334,1.329468131,101.3819733,3.81231451,5.263237,238.5832672,237.1284943,13.95330429,72.25039673,Winter,0
12/9/2026,13.77719975,18.0690403,10.55259514,6.854658127,1.32418263,101.3926926,3.807714224,5.259596825,238.6630554,237.1385651,13.86089611,72.31620789,Winter,0
12/10/2026,13.69651318,17.98390388,10.47009087,6.824741364,1.31863606,101.4036407,3.802690029,5.255351067,238.7561951,237.1649475,13.77252102,72.38161469,Winter,0
12/11/2026,13.61977386,17.90369225,10.39097595,6.796702385,1.312897801,101.4147568,3.797320366,5.250597,238.864212,237.2097778,13.68804264,72.44661713,Winter,0
12/12/2026,13.54681492,17.82817459,10.31515312,6.770437241,1.307040453,101.4259872,3.791683197,5.245436668,238.9883118,237.2749023,13.60730934,72.51121521,Winter,0
12/13/2026,13.47745514,17.75710106,10.24251366,6.745834351,1.301139474,101.4372787,3.785857439,5.239972115,239.1295624,237.3619843,13.53016663,72.57538605,Winter,0
12/14/2026,13.41149902,17.69020844,10.17294025,6.722781658,1.295271397,101.4485779,3.779922009,5.234302521,239.2887878,237.4723206,13.45644188,72.6391449,Winter,0
12/15/2026,13.34875107,17.62722397,10.10630226,6.701162338,1.289513707,101.4598236,3.773953199,5.228528023,239.4665222,237.6069946,13.38596249,72.70245361,Winter,0
12/16/2026,13.28899956,17.56787109,10.04246807,6.680858135,1.283944488,101.4709473,3.768027544,5.222748756,239.663147,237.7668152,13.31855011,72.76531219,Winter,0
12/17/2026,13.23204041,17.51185799,9.981295586,6.661750317,1.278639913,101.4819031,3.762216806,5.217056274,239.8786926,237.9522095,13.25401974,72.8276825,Winter,0
12/18/2026,13.17765522,17.45889854,9.922643661,6.643720627,1.273675203,101.4926224,3.756592512,5.211544037,240.1130676,238.1633911,13.19219017,72.88954926,Winter,0
12/19/2026,13.12562943,17.40870476,9.866358757,6.626651287,1.269123197,101.5030441,3.751219988,5.206297874,240.3658752,238.4002838,13.13287163,72.9508667,Winter,0
12/20/2026,13.0757513,17.36098862,9.812294006,6.61042738,1.265052795,101.5131149,3.746162653,5.201400757,240.6365509,238.6624298,13.07588673,73.01161957,Winter,0
12/21/2026,13.02781582,17.31546974,9.760298729,6.594937325,1.261529088,101.5227737,3.741478205,5.196927071,240.9242096,238.9491882,13.02105713,73.0717392,Winter,0
12/22/2026,12.98161125,17.2718811,9.710221291,6.580072403,1.25861311,101.5319672,3.737219334,5.192948341,241.2279205,239.2595825,12.96820641,73.13119507,Winter,0
12/23/2026,12.93694496,17.22994804,9.661912918,6.565730095,1.2563591,101.5406494,3.733433962,5.189525604,241.5464172,239.592392,12.91717148,73.18993378,Winter,0
12/24/2026,12.89362717,17.18943024,9.615229607,6.551811218,1.254816651,101.5487595,3.730163813,5.18671608,241.8783417,239.9461517,12.86779118,73.24788666,Winter,0
12/25/2026,12.85147762,17.15009117,9.570029259,6.538226128,1.254027843,101.5562592,3.727445126,5.184568405,242.2221527,240.3191986,12.81991768,73.30499268,Winter,0
12/26/2026,12.81032944,17.11170959,9.526176453,6.524888992,1.254028082,101.5631027,3.725308418,5.183122635,242.5761261,240.7095642,12.77341461,73.36118317,Winter,0
12/27/2026,12.77003098,17.07408142,9.483540535,6.511721611,1.254845142,101.5692444,3.723776817,5.182413101,242.9385071,241.1151886,12.72815323,73.41638947,Winter,0
12/28/2026,12.73043633,17.03702545,9.441999435,6.498655796,1.256498933,101.5746613,3.722868443,5.182462692,243.3073425,241.5337982,12.68401814,73.47052765,Winter,0
12/29/2026,12.69141769,17.00038528,9.401436806,6.485629082,1.259000897,101.5793152,3.722593546,5.183289528,243.6806793,241.9629822,12.6409111,73.52351379,Winter,0
12/30/2026,12.65287209,16.96401787,9.361751556,6.472589016,1.262354493,101.5831833,3.72295785,5.184900284,244.056427,242.4002228,12.59874249,73.57527161,Winter,0
12/31/2026,12.61470032,16.92780304,9.322842598,6.45949173,1.266554952,101.5862503,3.723959446,5.187297821,244.4325562,242.8428802,12.55744267,73.62570953,Winter,0
1/1/2027,12.57682705,16.89165497,9.284626007,6.446300507,1.271588206,101.5884933,3.725591183,5.190473557,244.8068848,243.2882843,12.51694965,73.67472839,Winter,0
1/2/2027,12.53918648,16.85549736,9.247024536,6.432991505,1.277432799,101.5899048,3.727839708,5.194414139,245.1773682,243.7336884,12.47722054,73.72225189,Winter,0
1/3/2027,12.5017395,16.81928635,9.209976196,6.419545174,1.284058213,101.590477,3.730686188,5.19909668,245.5419159,244.1763763,12.4382267,73.76817322,Winter,0
1/4/2027,12.46446133,16.78299904,9.173424721,6.405953407,1.291425824,101.5902176,3.734107018,5.204493523,245.8984375,244.6136017,12.39995193,73.81240082,Winter,0
1/5/2027,12.42733669,16.74663544,9.137325287,6.392215729,1.299490094,101.5891342,3.738072395,5.210569382,246.2450562,245.0426788,12.36239624,73.85485077,Winter,0
1/6/2027,12.39037895,16.71022034,9.101650238,6.378339767,1.308196902,101.5872345,3.742549181,5.217282295,246.5798187,245.4610138,12.32557297,73.89542389,Winter,0
1/7/2027,12.35360909,16.67379951,9.066378593,6.364341736,1.317485929,101.5845337,3.747499943,5.22458744,246.9009857,245.8660431,12.28950596,73.93403625,Winter,0
1/8/2027,12.31706619,16.63743401,9.031499863,6.350245476,1.327290654,101.5810547,3.752882719,5.232433319,247.2068634,246.2553558,12.25423431,73.97058868,Winter,0
1/9/2027,12.28080177,16.60121536,8.997012138,6.336079597,1.337537885,101.5768356,3.758653879,5.240763664,247.4959259,246.6266785,12.21980667,74.00501251,Winter,0
1/10/2027,12.2448864,16.56524658,8.96293354,6.321882248,1.348149776,101.5718918,3.764764786,5.249520302,247.7667542,246.9778442,12.18628311,74.03722382,Winter,0
1/11/2027,12.20940018,16.52964973,8.929279327,6.307696342,1.359043837,101.5662766,3.771166325,5.258641243,248.0181427,247.3069305,12.15373611,74.06713867,Winter,0
1/12/2027,12.17443466,16.49456215,8.896082878,6.293568611,1.370133758,101.5600204,3.777808428,5.268062592,248.2489929,247.6121521,12.12224197,74.09469604,Winter,0
1/13/2027,12.14009285,16.4601326,8.863383293,6.27955246,1.381330252,101.5531769,3.784636974,5.27771759,248.4584503,247.8919067,12.09188461,74.11982727,Winter,0
1/14/2027,12.10648537,16.42652893,8.831230164,6.265704155,1.392541766,101.545784,3.791599751,5.287540436,248.6457214,248.1449127,12.06275749,74.14247894,Winter,0
1/15/2027,12.07373428,16.39392281,8.799672127,6.252081871,1.403675199,101.5379028,3.798642874,5.297462463,248.8102875,248.3699646,12.03495598,74.16259766,Winter,0
1/16/2027,12.04196358,16.36249542,8.768776894,6.238749504,1.414637327,101.5295792,3.805713892,5.307416916,248.9517822,248.5661774,12.00858307,74.18014526,Winter,0
1/17/2027,12.01130581,16.33243179,8.738610268,6.225768089,1.425334692,101.520874,3.812760115,5.31733799,249.0699921,248.7328796,11.98373604,74.19506836,Winter,0
1/18/2027,11.98189735,16.30392838,8.709240913,6.213203907,1.435675263,101.5118561,3.819730282,5.327159882,249.1649628,248.8696442,11.96052361,74.20735931,Winter,0
1/19/2027,11.95387268,16.27717781,8.680747986,6.201121807,1.445569038,101.5025711,3.826575518,5.336820602,249.2367706,248.9762421,11.93904686,74.21698761,Winter,0
1/20/2027,11.92737007,16.25237274,8.653211594,6.189585686,1.454928517,101.4930801,3.8332479,5.346259117,249.2858276,249.0527496,11.9194088,74.22393799,Winter,0
1/21/2027,11.90252876,16.22970581,8.626707077,6.178657532,1.463669777,101.4834518,3.839703321,5.355417252,249.312561,249.0993805,11.9017086,74.22821045,Winter,0
1/22/2027,11.87948513,16.20936966,8.601324081,6.168399811,1.471713305,101.4737473,3.845899105,5.364242554,249.3176727,249.1166382,11.88604546,74.22981262,Winter,0
1/23/2027,11.85836983,16.19154549,8.577141762,6.158870697,1.478984833,101.4640198,3.851796389,5.372683525,249.3018646,249.1052094,11.8725071,74.22874451,Winter,0
1/24/2027,11.83930969,16.17640686,8.554245949,6.150125504,1.48541522,101.4543304,3.857358694,5.380694389,249.266098,249.0659637,11.86118317,74.22502899,Winter,0
1/25/2027,11.82242775,16.16412735,8.532714844,6.142217636,1.490942121,101.4447403,3.86255455,5.388233185,249.211319,249.0000153,11.85215378,74.21869659,Winter,0
1/26/2027,11.80784321,16.15485764,8.51263237,6.135193348,1.495509744,101.4352951,3.867355347,5.395261765,249.1386871,248.9085693,11.84548759,74.20976257,Winter,0
1/27/2027,11.7956543,16.14875031,8.494073868,6.129096031,1.499069929,101.4260635,3.871735811,5.401748657,249.0494232,248.793045,11.84125137,74.19828796,Winter,0
1/28/2027,11.78596687,16.14593697,8.477111816,6.123965263,1.501581907,101.4170761,3.875675678,5.407666206,248.9447174,248.6549835,11.8395052,74.18430328,Winter,0
1/29/2027,11.77886963,16.14653397,8.461817741,6.119833469,1.503013611,101.4083939,3.879157782,5.41299057,248.8259735,248.4960327,11.84029484,74.16786194,Winter,0
1/30/2027,11.77444267,16.15065002,8.448256493,6.116729259,1.503340364,101.4000549,3.882169485,5.417704582,248.6944275,248.3179474,11.84365654,74.14901733,Winter,0
1/31/2027,11.77275085,16.15837097,8.436491966,6.114673615,1.502547145,101.3920975,3.884701252,5.421794891,248.5515747,248.1225433,11.84962273,74.12782288,Winter,0
2/1/2027,11.77385521,16.1697731,8.426573753,6.113683701,1.500626922,101.384552,3.886748314,5.425254822,248.3986969,247.9117279,11.8582077,74.10433197,Winter,0
2/2/2027,11.77780151,16.18490982,8.418553352,6.113769531,1.49758172,101.377449,3.888309956,5.428080559,248.2371826,247.6874237,11.86942863,74.07862854,Winter,0
2/3/2027,11.78462219,16.20382309,8.412475586,6.114937782,1.493422031,101.3708191,3.889387131,5.430272102,248.0683746,247.4515839,11.8832798,74.05075836,Winter,0
2/4/2027,11.79433918,16.2265358,8.408373833,6.117183685,1.488167048,101.3646698,3.889986515,5.431836128,247.8935547,247.2061157,11.89975739,74.02078247,Winter,0
2/5/2027,11.80696869,16.25306129,8.406280518,6.120504379,1.481844187,101.359024,3.890116215,5.432782173,247.7139587,246.9529572,11.9188385,73.98878479,Winter,0
2/6/2027,11.82250977,16.28338051,8.406217575,6.124884129,1.474489331,101.3538895,3.889788389,5.433122635,247.5307312,246.6939697,11.94049835,73.95480347,Winter,0
2/7/2027,11.8409481,16.31747818,8.408202171,6.130309582,1.466145635,101.3492737,3.889018297,5.43287468,247.3450165,246.430954,11.96470451,73.91890717,Winter,0
2/8/2027,11.86226463,16.35530663,8.412247658,6.136755466,1.456863642,101.3451691,3.887821436,5.432059288,247.1577454,246.1656342,11.99141312,73.88116455,Winter,0
2/9/2027,11.88642693,16.39681816,8.418354034,6.14419651,1.446701169,101.341568,3.886218548,5.430696487,246.9698334,245.8996582,12.02057457,73.84162903,Winter,0
2/10/2027,11.91338921,16.4419384,8.426521301,6.152600288,1.435721874,101.3384628,3.884229422,5.428812981,246.782074,245.6345215,12.05213737,73.80033875,Winter,0
2/11/2027,11.94310284,16.49058914,8.436739922,6.161934376,1.423995256,101.3358383,3.881877899,5.426436424,246.5951385,245.3716736,12.08603477,73.75734711,Winter,0
2/12/2027,11.97551155,16.54267502,8.448999405,6.172159195,1.411595821,101.3336716,3.87918663,5.423593521,246.4095917,245.1123352,12.12220573,73.71269989,Winter,0
2/13/2027,12.01054573,16.59809685,8.463276863,6.183234692,1.398602605,101.3319321,3.876181602,5.420314789,246.2258301,244.8576355,12.16058159,73.66643524,Winter,0
2/14/2027,12.04813385,16.65673828,8.479548454,6.195116997,1.385098219,101.3305893,3.87288785,5.416630745,246.0442352,244.608551,12.20108795,73.61856842,Winter,0
2/15/2027,12.08819294,16.71847916,8.497789383,6.207761765,1.371168256,101.3296204,3.869331121,5.412573814,245.8649139,244.3658752,12.24365234,73.56913757,Winter,0
2/16/2027,12.13064098,16.78319168,8.517961502,6.221122742,1.356900334,101.3289719,3.865537643,5.408173561,245.6880188,244.1302948,12.28819752,73.51815033,Winter,0
2/17/2027,12.17539406,16.85074234,8.540031433,6.235152721,1.342383862,101.3286209,3.861533403,5.40346241,245.5134125,243.9022827,12.33465099,73.46562195,Winter,0
2/18/2027,12.22235298,16.9209938,8.563961029,6.249804497,1.327708364,101.3285065,3.857343674,5.398469925,245.3410187,243.6821289,12.38293648,73.41155243,Winter,0
2/19/2027,12.27142906,16.99380302,8.589706421,6.265031338,1.312963009,101.3285904,3.85299325,5.393226624,245.170517,243.4700317,12.43297672,73.3559494,Winter,0
2/20/2027,12.32252693,17.06902695,8.617224693,6.280785561,1.298237085,101.3288345,3.848505974,5.387761116,245.0015717,243.265976,12.48470116,73.29878998,Winter,0
2/21/2027,12.37555313,17.14652443,8.646468163,6.297024727,1.28361702,101.3291702,3.843904972,5.382101059,244.8336639,243.0697784,12.53804398,73.24006653,Winter,0
2/22/2027,12.43041039,17.22615433,8.677394867,6.313703537,1.269187212,101.3295593,3.839211226,5.376273155,244.6663361,242.8812103,12.59293365,73.17975616,Winter,0
2/23/2027,12.48700809,17.30777359,8.709953308,6.330781937,1.255029321,101.3299408,3.834445953,5.370301247,244.4989319,242.6997528,12.64931107,73.117836,Winter,0
2/24/2027,12.54525661,17.39124298,8.744096756,6.348219872,1.241220474,101.3302841,3.829627275,5.364207268,244.3307648,242.5248871,12.70711899,73.05426025,Winter,0
2/25/2027,12.60506439,17.47643089,8.779783249,6.365982056,1.227834225,101.330513,3.824773073,5.358013153,244.1611328,242.355896,12.76630211,72.98900604,Winter,0
2/26/2027,12.66635227,17.56321335,8.816960335,6.38403511,1.214938521,101.3305969,3.819899321,5.351737976,243.9892578,242.1920166,12.82681656,72.92202759,Winter,0
2/27/2027,12.72903538,17.65145874,8.855586052,6.402349472,1.20259583,101.3304749,3.815019131,5.345397949,243.8143921,242.0323334,12.88861847,72.85328674,Winter,0
2/28/2027,12.79304123,17.74105835,8.895619392,6.420900345,1.190862894,101.3301163,3.810146093,5.339009285,243.6356812,241.8759003,12.95167065,72.78271484,Winter,0
3/1/2027,12.85829735,17.83189964,8.937017441,6.439664841,1.179790139,101.3294601,3.805289984,5.332584381,243.4523773,241.7216797,13.01594448,72.71029663,Spring,1
3/2/2027,12.92474174,17.92387962,8.979738235,6.458623409,1.169420958,101.3284683,3.800461531,5.326134682,243.2636871,241.5686035,13.08141327,72.63597107,Spring,1
3/3/2027,12.99231148,18.01690674,9.023750305,6.47776413,1.159792066,101.3271103,3.79566884,5.31966877,243.0688019,241.4155426,13.14805984,72.55968475,Spring,1
3/4/2027,13.06095409,18.11089516,9.069016457,6.497076035,1.15093267,101.3253403,3.790917158,5.313197136,242.8670349,241.2613831,13.21587372,72.48139954,Spring,1
3/5/2027,13.13062286,18.20576859,9.115506172,6.516551495,1.142864943,101.3231354,3.786212921,5.306724548,242.6576843,241.1049652,13.28484344,72.40106201,Spring,1
3/6/2027,13.20127583,18.30145454,9.163189888,6.536189079,1.135603786,101.3204727,3.781559706,5.300255775,242.440155,240.9451752,13.35496712,72.31863403,Spring,1
3/7/2027,13.27287674,18.39789772,9.212042809,6.555990219,1.129156232,101.3173141,3.776961565,5.293796539,242.2138062,240.7809143,13.42624855,72.23407745,Spring,1
3/8/2027,13.3453989,18.49504471,9.262043953,6.575958252,1.123522282,101.3136444,3.77241993,5.287348747,241.9782562,240.6111145,13.49869347,72.14736176,Spring,1
3/9/2027,13.41881371,18.59284782,9.313170433,6.596103191,1.118695021,101.3094559,3.767937183,5.28091526,241.7330017,240.4347382,13.57231522,72.05845642,Spring,1
3/10/2027,13.49310589,18.69127655,9.36540699,6.616435528,1.114659786,101.3047333,3.763514042,5.274497032,241.4777679,240.2508392,13.64712524,71.96734619,Spring,1
3/11/2027,13.56826115,18.79029846,9.418740273,6.636968613,1.111396074,101.2994766,3.75915122,5.26809597,241.212265,240.0585327,13.72313881,71.87400818,Spring,1
3/12/2027,13.64426708,18.88989258,9.473155975,6.657721519,1.108876586,101.2936859,3.754849672,5.261713982,240.9364014,239.8570404,13.80037785,71.77842712,Spring,1
3/13/2027,13.72112083,18.99004364,9.528646469,6.678711891,1.107067823,101.2873611,3.750608921,5.25535202,240.6501007,239.6456604,13.87886238,71.68063354,Spring,1
3/14/2027,13.7988224,19.0907402,9.585205078,6.699960709,1.105931044,101.2805099,3.74642992,5.249010086,240.3533936,239.4237213,13.95861435,71.58061981,Spring,1
3/15/2027,13.87737179,19.19197845,9.64282608,6.721490383,1.105422378,101.2731552,3.742313862,5.242691994,240.0464172,239.1907654,14.03965569,71.47839355,Spring,1
3/16/2027,13.95677376,19.29375458,9.7015028,6.743325233,1.10549283,101.2653122,3.738260746,5.236398697,239.7294006,238.9463654,14.12200356,71.37400818,Spring,1
3/17/2027,14.0370369,19.3960762,9.761237144,6.765489578,1.106089592,101.2570038,3.734272957,5.23013401,239.4026642,238.6902313,14.20568466,71.2674942,Spring,1
3/18/2027,14.11816883,19.49894142,9.82202816,6.78800869,1.107156754,101.2482529,3.730351686,5.223900795,239.0666046,238.4221344,14.29071617,71.15888977,Spring,1
3/19/2027,14.20017815,19.60236359,9.883872986,6.81090641,1.10863471,101.2391052,3.726499796,5.217704773,238.7216949,238.1420441,14.37711143,71.04827118,Spring,1
3/20/2027,14.28307533,19.70635033,9.946773529,6.834208488,1.110462308,101.2295761,3.722720623,5.211550713,238.3684387,237.8499756,14.46488762,70.93569183,Spring,1
3/21/2027,14.36687088,19.81091118,10.01073265,6.85793829,1.112576008,101.2197189,3.719017267,5.20544529,238.0074921,237.546051,14.55405045,70.82122803,Spring,1
3/22/2027,14.45157719,19.91605759,10.07574654,6.882119179,1.114911079,101.2095718,3.715395451,5.19939518,237.6394653,237.2304688,14.64461327,70.70497894,Spring,1
3/23/2027,14.53719807,20.02179718,10.14182186,6.90677166,1.11740303,101.1991806,3.711859465,5.19340992,237.2651367,236.9035797,14.73657608,70.58702087,Spring,1
3/24/2027,14.62374306,20.1281395,10.20895576,6.931917191,1.119986773,101.188591,3.708415747,5.187498093,236.8851776,236.5657806,14.82993698,70.46746826,Spring,1
3/25/2027,14.71122265,20.23509216,10.27714729,6.957572937,1.122598052,101.1778488,3.705070734,5.181668282,236.500351,236.2175598,14.92469215,70.34643555,Spring,1
3/26/2027,14.79963398,20.3426609,10.34639931,6.983754635,1.125174165,101.1669998,3.701830864,5.175932884,236.1114502,235.8594513,15.02082634,70.22402191,Spring,1
3/27/2027,14.88898087,20.45085144,10.41670799,7.010475159,1.12765348,101.1561127,3.698704243,5.170302391,235.7191925,235.4920654,15.11832809,70.10034943,Spring,1
3/28/2027,14.97926521,20.55965996,10.48806953,7.037747383,1.129977226,101.1452179,3.695697784,5.1647892,235.3244171,235.1160736,15.21717834,69.97555542,Spring,1
3/29/2027,15.0704813,20.66908455,10.56047821,7.065578461,1.132089138,101.1343842,3.692820311,5.159401894,234.9278259,234.7321625,15.31734657,69.84976196,Spring,1
3/30/2027,15.16262436,20.77912331,10.63393307,7.093974113,1.133935928,101.1236572,3.690078497,5.154155731,234.5301208,234.3410339,15.41880608,69.72309113,Spring,1
3/31/2027,15.2556839,20.88976669,10.70842648,7.122937202,1.135468245,101.1130905,3.687481165,5.149059296,234.1319885,233.9434357,15.52152252,69.59568024,Spring,1
4/1/2027,15.34964848,21.00100327,10.78394699,7.152467728,1.136640429,101.1027298,3.685035229,5.144124985,233.7340393,233.5400848,15.62545776,69.467659,Spring,1
4/2/2027,15.44450474,21.11282349,10.8604908,7.182564735,1.137410522,101.0926361,3.682747602,5.139363289,233.3368378,233.1317444,15.73056793,69.33914185,Spring,1
4/3/2027,15.54023743,21.22520638,10.93804359,7.213220596,1.137741804,101.08284,3.680624008,5.134781837,232.9408417,232.7191162,15.83681107,69.21027374,Spring,1
4/4/2027,15.63682556,21.33814049,11.01659489,7.244428635,1.137601495,101.0734024,3.678670168,5.130391121,232.5465088,232.3029022,15.94413376,69.0811615,Spring,1
4/5/2027,15.73425102,21.45160103,11.09613228,7.27617836,1.136961699,101.0643539,3.676890373,5.126194954,232.154129,231.8837128,16.05249023,68.95191956,Spring,1
4/6/2027,15.83248711,21.56556702,11.17664337,7.308457375,1.135799408,101.055748,3.675287008,5.122199059,231.7640076,231.4621735,16.16182709,68.82266235,Spring,1
4/7/2027,15.93151283,21.68001938,11.25811577,7.341251373,1.134096146,101.0476074,3.673861504,5.118405342,231.3762512,231.0388336,16.27209091,68.69348145,Spring,1
4/8/2027,16.03130531,21.79493141,11.34053135,7.374543667,1.131838679,101.039978,3.672614336,5.114815712,230.9909973,230.6141815,16.38323021,68.56446075,Spring,1
4/9/2027,16.13183784,21.91028214,11.42387962,7.408316135,1.129018068,101.0328827,3.671542645,5.111428261,230.608139,230.1886444,16.49518585,68.4356842,Spring,1
4/10/2027,16.23308563,22.02605247,11.50814438,7.442550182,1.125630379,101.0263596,3.670643091,5.108237267,230.2276459,229.762619,16.60791397,68.30722046,Spring,1
4/11/2027,16.33502579,22.14221382,11.59331226,7.477225304,1.121675253,101.0204163,3.669908524,5.1052351,229.8492889,229.336319,16.72136116,68.1791153,Spring,1
4/12/2027,16.43763351,22.25875282,11.67937183,7.512322426,1.117157936,101.0150833,3.669331789,5.102412224,229.4727783,228.9099884,16.83547783,68.05140686,Spring,1
4/13/2027,16.54088974,22.37565041,11.76630974,7.54781723,1.112086415,101.0103683,3.668900967,5.099755287,229.0977783,228.4837799,16.95022202,67.9241333,Spring,1
4/14/2027,16.64477158,22.49289513,11.85411263,7.58369112,1.106472492,101.0062866,3.668604136,5.097248077,228.7238007,228.0577393,17.06555367,67.79727936,Spring,1
4/15/2027,16.74926376,22.61047554,11.94277573,7.619922638,1.10033226,101.0028458,3.668426037,5.094869614,228.3504181,227.6318665,17.18143845,67.67086029,Spring,1
4/16/2027,16.85435486,22.72838211,12.03228664,7.65649128,1.09368372,101.0000458,3.668348074,5.092597961,227.9770355,227.2060852,17.29784393,67.54484558,Spring,1
4/17/2027,16.9600296,22.84662056,12.12264061,7.693378448,1.08654809,100.9978867,3.668351173,5.090406418,227.6030426,226.7802277,17.41474533,67.41918945,Spring,1
4/18/2027,17.06628418,22.96518898,12.21383476,7.730565071,1.078948736,100.9963608,3.66841197,5.088266373,227.2278137,226.3541565,17.53212547,67.2938385,Spring,1
4/19/2027,17.17311478,23.08410263,12.3058672,7.768035889,1.07091105,100.9954681,3.668507099,5.086146355,226.850708,225.9275818,17.64997101,67.16873169,Spring,1
4/20/2027,17.28052521,23.20337296,12.39873981,7.805775642,1.062461734,100.9951859,3.668608665,5.084011078,226.4710236,225.5002747,17.76828194,67.04377747,Spring,1
4/21/2027,17.38851929,23.32301903,12.49245453,7.843770027,1.053628564,100.9954987,3.668688536,5.081823349,226.0881042,225.0718689,17.88705635,66.91886902,Spring,1
4/22/2027,17.49711227,23.44306946,12.58701992,7.882012367,1.044439912,100.9963989,3.668717623,5.079543114,225.7012939,224.6420898,18.00630569,66.79387665,Spring,1
4/23/2027,17.60631561,23.5635643,12.68244362,7.920490265,1.034924626,100.9978485,3.66866231,5.077129364,225.3099365,224.210556,18.12604713,66.66868591,Spring,1
4/24/2027,17.71615982,23.68453789,12.77873993,7.959198952,1.025111437,100.9998322,3.668491364,5.074539185,224.9135132,223.776947,18.24630928,66.5431366,Spring,1
4/25/2027,17.82666397,23.80604172,12.8759203,7.99813652,1.015028119,101.0023117,3.668168783,5.071726799,224.5114594,223.3409119,18.36712456,66.41707611,Spring,1
4/26/2027,17.9378624,23.92812347,12.9740057,8.037301064,1.004702687,101.0052719,3.66766119,5.068649292,224.1033173,222.9022217,18.48853111,66.29033661,Spring,1
4/27/2027,18.04979324,24.0508461,13.07301903,8.076695442,0.99416095,101.0086746,3.666934013,5.065257072,223.6887054,222.4605865,18.61057663,66.16272736,Spring,1
4/28/2027,18.16249847,24.17427444,13.17297649,8.116324425,0.983427465,101.0124817,3.665950775,5.061507225,223.267395,222.0158234,18.73331642,66.03406525,Spring,1
4/29/2027,18.27602386,24.29847717,13.27390957,8.156194687,0.972525835,101.0166626,3.664678097,5.057352066,222.8391418,221.5677643,18.85681152,65.90415192,Spring,1
4/30/2027,18.39041519,24.42352676,13.37584496,8.196315765,0.961476743,101.0211792,3.663080931,5.05274868,222.404007,221.1163788,18.98112679,65.772789,Spring,1
5/1/2027,18.50572968,24.54950333,13.47881031,8.236700058,0.950299442,101.0259933,3.66112709,5.047654152,221.9619598,220.6616669,19.10633278,65.63977814,Spring,1
5/2/2027,18.62202454,24.67648697,13.5828371,8.27736187,0.939010501,101.0310745,3.658784628,5.042025566,221.5132751,220.2037354,19.23250771,65.50489807,Spring,1
5/3/2027,18.73935699,24.80456352,13.68795967,8.318318367,0.927624345,101.0363846,3.656023979,5.035825729,221.0583191,219.7428131,19.35972404,65.36794281,Spring,1
5/4/2027,18.85778427,24.9338131,13.79420853,8.359585762,0.916152835,101.0418777,3.652818918,5.029017448,220.5975342,219.2792358,19.48806953,65.22871399,Spring,1
5/5/2027,18.97737503,25.06432152,13.90161896,8.401184082,0.904605269,101.0475235,3.649143696,5.021570206,220.1316528,218.8134613,19.61762428,65.08701324,Spring,1
5/6/2027,19.09818268,25.19617462,14.01022148,8.443134308,0.892988384,101.0532837,3.644977093,5.013453484,219.6614227,218.3460693,19.74847221,64.94262695,Spring,1
5/7/2027,19.22027206,25.32945251,14.12004852,8.48545742,0.88130641,101.0591278,3.640300751,5.004646301,219.1878662,217.8777313,19.88069534,64.79537964,Spring,1
5/8/2027,19.34370041,25.46423912,14.23113346,8.5281744,0.869561493,101.0650101,3.635100126,4.995127678,218.7120361,217.4092865,20.01437378,64.64509583,Spring,1
5/9/2027,19.46852875,25.60060883,14.34350586,8.571308136,0.857752979,101.0709152,3.629364491,4.984882832,218.23526,216.9417114,20.14959145,64.49160004,Spring,1
5/10/2027,19.59480858,25.7386322,14.45719051,8.614880562,0.845878184,101.0767975,3.623087406,4.973905087,217.7588959,216.476059,20.28642082,64.33473969,Spring,1
5/11/2027,19.72258949,25.87837601,14.57221413,8.658911705,0.833932817,101.0826416,3.616267204,4.962191105,217.2845154,216.0135651,20.42493057,64.17436981,Spring,1
5/12/2027,19.85191917,26.01989937,14.68859482,8.703422546,0.821910322,101.0884094,3.608905792,4.949745178,216.8137665,215.555542,20.56519127,64.01036835,Spring,1
5/13/2027,19.98283768,26.16325188,14.80635357,8.748430252,0.80980283,101.0940781,3.60101223,4.93657732,216.3484344,215.1034546,20.70725441,63.84263611,Spring,1
5/14/2027,20.11537552,26.30846977,14.92550182,8.793951988,0.797601283,101.0996246,3.592597485,4.922703743,215.8903961,214.6588287,20.85117722,63.67108154,Spring,1
5/15/2027,20.2495575,26.45559692,15.04604721,8.84000206,0.785295188,101.1050339,3.583679914,4.908147335,215.4416351,214.2232971,20.99699783,63.49563599,Spring,1
5/16/2027,20.38541031,26.60464096,15.16799545,8.886592865,0.77287364,101.1102829,3.574282169,4.892939568,215.0041809,213.798584,21.1447506,63.31624603,Spring,1
5/17/2027,20.52293587,26.75561714,15.29133892,8.93373394,0.760325313,101.1153564,3.564432144,4.87711525,214.5801086,213.3865051,21.29445457,63.13290405,Spring,1
5/18/2027,20.66213799,26.90851974,15.41606998,8.981430054,0.747638464,101.1202393,3.554162025,4.860717773,214.1716003,212.9888611,21.44612122,62.94559479,Spring,1
5/19/2027,20.80300522,27.0633316,15.54217434,9.02968502,0.73480171,101.1249161,3.543509483,4.843798161,213.7807465,212.6075287,21.59975052,62.75435638,Spring,1
5/20/2027,20.9455204,27.22002411,15.6696291,9.078495979,0.721804082,101.1293869,3.532517433,4.826410294,213.4097137,212.2444458,21.75533295,62.55923462,Spring,1
5/21/2027,21.08965111,27.3785553,15.79840279,9.127861023,0.708635032,101.1336441,3.521231174,4.808615685,213.0606384,211.9014893,21.91283417,62.3602829,Spring,1
5/22/2027,21.23535728,27.53886604,15.92846298,9.177768707,0.695285857,101.1376724,3.509702444,4.790482521,212.7354736,211.5805511,22.07222176,62.15761566,Spring,1
5/23/2027,21.38258553,27.70088005,16.05976105,9.228205681,0.68174845,101.1414795,3.49798584,4.772081375,212.4363403,211.283432,22.23344231,61.95135498,Spring,1
5/24/2027,21.5312748,27.86451912,16.19224548,9.279156685,0.668016076,101.1450577,3.486139536,4.753490448,212.1650848,211.0119781,22.39642906,61.74163055,Spring,1
5/25/2027,21.6813488,28.02967453,16.32585907,9.330597878,0.654084802,101.148407,3.474224806,4.734789848,211.9234772,210.767868,22.56110191,61.52861786,Spring,1
5/26/2027,21.83272362,28.19623756,16.46053123,9.38250351,0.639951646,101.151535,3.462305069,4.716063499,211.7131958,210.5526886,22.72737312,61.31250763,Spring,1
5/27/2027,21.98530006,28.36407852,16.59619141,9.434844971,0.625616372,101.1544342,3.450447083,4.697398186,211.5357513,210.3679657,22.89513016,61.09349823,Spring,1
5/28/2027,22.13897324,28.53305817,16.73275566,9.487587929,0.611081123,101.1571274,3.438718081,4.678884506,211.3924103,210.2150269,23.06426239,60.87184143,Spring,1
5/29/2027,22.29362488,28.7030201,16.87013626,9.540692329,0.596350133,101.1596069,3.427186966,4.660612106,211.2843781,210.0950623,23.23463631,60.64776611,Spring,1
5/30/2027,22.4491291,28.873806,17.00823975,9.594118118,0.581430674,101.1618805,3.415923357,4.642673016,211.2125397,210.0090942,23.40611267,60.42155457,Spring,1
5/31/2027,22.60534477,29.04523849,17.14696121,9.647819519,0.566332221,101.1639557,3.404995918,4.62515831,211.1775665,209.957962,23.57853889,60.1934967,Spring,1
6/1/2027,22.76213455,29.21713829,17.28619385,9.701747894,0.551066995,101.1658478,3.394473553,4.608158112,211.1799774,209.9422913,23.75175476,59.96387482,Summer,2
6/2/2027,22.91934395,29.38930511,17.42582893,9.755851746,0.535650134,101.1675568,3.384423733,4.591762066,211.2198944,209.9624176,23.92559052,59.73300171,Summer,2
6/3/2027,23.07681465,29.56154251,17.56574059,9.810077667,0.520099103,101.1690979,3.37491107,4.57605648,211.2973022,210.0185699,24.09986496,59.5012207,Summer,2
6/4/2027,23.23437881,29.73365021,17.70581818,9.864370346,0.504433692,101.1704788,3.36599946,4.561123848,211.4118805,210.1106262,24.2743969,59.26885223,Summer,2
6/5/2027,23.39187241,29.90541649,17.8459301,9.918671608,0.488676578,101.1716995,3.357747555,4.547044754,211.5630493,210.238266,24.44899368,59.03623199,Summer,2
6/6/2027,23.54911804,30.07662773,17.98594666,9.972921371,0.472852349,101.1727829,3.350212336,4.533891678,211.7498932,210.4008942,24.62346077,58.80371857,Summer,2
6/7/2027,23.70594406,30.24707031,18.12574005,10.02706242,0.456987739,101.1737289,3.343444586,4.521734238,211.9713135,210.5976563,24.7976017,58.57164764,Summer,2
6/8/2027,23.86216736,30.41653061,18.26517868,10.08103371,0.441111267,101.1745377,3.337491989,4.510635853,212.2258606,210.8274384,24.97121429,58.34037018,Summer,2
6/9/2027,24.01761627,30.58479691,18.40413094,10.13477612,0.425253421,101.1752319,3.332396507,4.50065136,212.5118256,211.0888519,25.14410019,58.11024475,Summer,2
6/10/2027,24.17211342,30.75165749,18.54245758,10.18823242,0.409445703,101.1758118,3.328193665,4.491828918,212.8273163,211.3802643,25.31605911,57.88161469,Summer,2
6/11/2027,24.32548141,30.91691017,18.68003654,10.24134254,0.393720925,101.1762772,3.324913502,4.484209061,213.1700439,211.6997681,25.48689461,57.65481567,Summer,2
6/12/2027,24.47754669,31.08035088,18.81673241,10.29405403,0.378112823,101.1766434,3.322578907,4.477823257,213.5376892,212.0452576,25.65641212,57.43019104,Summer,2
6/13/2027,24.62814331,31.24179459,18.95241547,10.34631062,0.362655461,101.1769028,3.321207047,4.47269392,213.9275055,212.4143524,25.82442284,57.20806122,Summer,2
6/14/2027,24.77710915,31.40105247,19.08696747,10.39806461,0.34738341,101.1770706,3.320806265,4.468834877,214.3366699,212.8044739,25.99074173,56.98875427,Summer,2
6/15/2027,24.92428398,31.55795097,19.22026253,10.44926643,0.332331151,101.1771469,3.321379185,4.466249943,214.7621155,213.2128601,26.15519142,56.77256775,Summer,2
6/16/2027,25.06952477,31.71232796,19.3521843,10.49987411,0.31753248,101.177124,3.322920561,4.464933395,215.2006836,213.6365204,26.31760597,56.55979919,Summer,2
6/17/2027,25.21268082,31.86403275,19.48262215,10.5498476,0.303020895,101.1770172,3.325416565,4.464868546,215.6489716,214.0723572,26.47782516,56.35072327,Summer,2
6/18/2027,25.35362816,32.01292801,19.61147118,10.59915066,0.28882885,101.1768188,3.328847647,4.466031075,216.1035767,214.5171051,26.63570023,56.14561462,Summer,2
6/19/2027,25.49223709,32.15888214,19.73863029,10.64775372,0.274987459,101.1765213,3.333184958,4.468383789,216.5609131,214.9673767,26.7910881,55.94470215,Summer,2
6/20/2027,25.62839317,32.30179596,19.86400795,10.69563007,0.261526734,101.1761398,3.338393211,4.471883774,217.017395,215.4197083,26.94386101,55.74824524,Summer,2
6/21/2027,25.76199913,32.44156647,19.9875164,10.74275875,0.248474166,101.1756668,3.344430208,4.476475716,217.4694061,215.8706055,27.09390831,55.55643463,Summer,2
6/22/2027,25.89295578,32.57810974,20.10907936,10.78912544,0.235855877,101.1750946,3.351246119,4.482096195,217.9133148,216.3164825,27.24111748,55.36947632,Summer,2
6/23/2027,26.02119064,32.71136093,20.22862434,10.8347187,0.223695785,101.1744232,3.358785391,4.48867321,218.3455353,216.7537994,27.38540268,55.18754578,Summer,2
6/24/2027,26.14662743,32.84127426,20.34608841,10.87953472,0.212014943,101.1736526,3.366985083,4.496126652,218.7625275,217.1790161,27.5266819,55.01080322,Summer,2
6/25/2027,26.26921654,32.96780777,20.46141624,10.92357349,0.200832695,101.1727753,3.375777721,4.504368782,219.1608429,217.5886841,27.6648941,54.83939362,Summer,2
6/26/2027,26.38890266,33.0909462,20.57456207,10.96684074,0.19016543,101.1717987,3.385089636,4.513305664,219.5371857,217.9793854,27.79998016,54.67343521,Summer,2
6/27/2027,26.50564957,33.21068192,20.68548393,11.00934887,0.180026263,101.1707077,3.39484334,4.522836685,219.8884277,218.3478546,27.93190002,54.51303864,Summer,2
6/28/2027,26.61944199,33.32701492,20.79415512,11.05111313,0.170426875,101.1695099,3.404957056,4.532855034,220.2115021,218.6910248,28.06062508,54.35829163,Summer,2
6/29/2027,26.73026085,33.43997192,20.90054893,11.09215546,0.16137521,101.1681976,3.415344477,4.543251038,220.5037079,219.0059204,28.18613434,54.20926666,Summer,2
6/30/2027,26.83810616,33.54957962,21.0046463,11.13249874,0.15287663,101.1667709,3.425918341,4.553910255,220.7624817,219.2897644,28.30842209,54.06602478,Summer,2
7/1/2027,26.94297791,33.65588379,21.10644531,11.1721735,0.144934475,101.1652222,3.436587811,4.564716339,220.9855042,219.5401154,28.42749214,53.92860794,Summer,2
7/2/2027,27.04489326,33.75893021,21.20593643,11.21121311,0.137549207,101.163559,3.44726181,4.575551033,221.1708221,219.7546844,28.54335022,53.79704666,Summer,2
7/3/2027,27.14387321,33.85877991,21.30312347,11.24965286,0.130718887,101.1617813,3.457847595,4.586295128,221.3166962,219.9315033,28.65602303,53.67136383,Summer,2
7/4/2027,27.23994637,33.95550919,21.39801788,11.28753376,0.124439515,101.1598892,3.468254328,4.596830368,221.4217377,220.0688477,28.76553154,53.55156708,Summer,2
7/5/2027,27.33315086,34.04917526,21.49063301,11.32489395,0.118704975,101.1578827,3.478390932,4.607038498,221.4848633,220.1654053,28.871912,53.43765259,Summer,2
7/6/2027,27.42351913,34.13986588,21.58098412,11.36177731,0.113507718,101.1557617,3.488168001,4.616805077,221.5053711,220.2200928,28.97519875,53.32962036,Summer,2
7/7/2027,27.51109886,34.22764587,21.66909599,11.39822865,0.108838513,101.1535339,3.497499704,4.626018047,221.4828949,220.2322235,29.07543564,53.22745514,Summer,2
7/8/2027,27.59593773,34.31261063,21.75498772,11.43428993,0.104686894,101.1511993,3.506302357,4.634570122,221.4173584,220.2014771,29.17266464,53.13113403,Summer,2
7/9/2027,27.67807579,34.39482498,21.8386879,11.47000885,0.101041168,101.1487732,3.514496803,4.642359257,221.3091431,220.1277924,29.26692963,53.04064941,Summer,2
7/10/2027,27.75756645,34.47436523,21.92022705,11.5054245,0.097890258,101.1462555,3.522009134,4.649289131,221.1588745,220.0115967,29.35827255,52.95597076,Summer,2
7/11/2027,27.83445358,34.55130768,21.99963188,11.5405817,0.095221356,101.1436539,3.52876997,4.655270576,220.9676514,219.8535614,29.4467411,52.8770752,Summer,2
7/12/2027,27.90878296,34.62571335,22.07692337,11.57551861,0.093022674,101.1409836,3.534716129,4.660223484,220.7368011,219.6548004,29.53237152,52.80395508,Summer,2
7/13/2027,27.98059082,34.69764328,22.15213394,11.61027336,0.091282636,101.1382446,3.539790869,4.664074421,220.4680939,219.4167633,29.61519432,52.73658752,Summer,2
7/14/2027,28.04992104,34.76713943,22.22528839,11.64487839,0.089990161,101.1354523,3.543945313,4.666759968,220.1634979,219.1411743,29.69524574,52.67495728,Summer,2
7/15/2027,28.1167984,34.83424377,22.2964077,11.67936516,0.089135282,101.1326218,3.547136545,4.668227196,219.8253937,218.8301239,29.77254677,52.61906433,Summer,2
7/16/2027,28.18125153,34.898983,22.36550713,11.71375847,0.088710181,101.1297607,3.549330473,4.668432236,219.4563751,218.4860687,29.84711456,52.56890869,Summer,2
7/17/2027,28.24329567,34.96137238,22.43260193,11.74808121,0.088707536,101.1268921,3.550501585,4.667342186,219.0593567,218.1116791,29.91895485,52.52449417,Summer,2
7/18/2027,28.30294418,35.0214119,22.49770546,11.78234768,0.089122579,101.1240158,3.550631285,4.664936066,218.6374207,217.7099304,29.98806572,52.48583984,Summer,2
7/19/2027,28.36019325,35.0790863,22.56081963,11.81656742,0.089953475,101.1211472,3.549711466,4.661203384,218.193924,217.2840424,30.05443764,52.45298004,Summer,2
7/20/2027,28.41503906,35.1343689,22.62194252,11.85074329,0.091199204,101.1183167,3.547741175,4.656145096,217.7323761,216.8374023,30.11804771,52.42594147,Summer,2
7/21/2027,28.46746063,35.18721771,22.68106842,11.88487625,0.092862919,101.1155243,3.544728279,4.649773598,217.2564087,216.3736725,30.17886162,52.4047699,Summer,2
7/22/2027,28.51743317,35.23757553,22.73818207,11.91895485,0.094949812,101.112793,3.540690184,4.642112732,216.7698822,215.896637,30.23683929,52.38952637,Summer,2
7/23/2027,28.56491089,35.28536224,22.79326439,11.95296478,0.0974681,101.1101303,3.535651445,4.633196831,216.2765961,215.4101563,30.2919178,52.38027573,Summer,2
7/24/2027,28.60985184,35.33049011,22.84628487,11.98688316,0.100429378,101.1075668,3.529646158,4.623071671,215.7805328,214.9182739,30.34403801,52.37709427,Summer,2
7/25/2027,28.65219498,35.37285233,22.89721489,12.02068138,0.103847362,101.1051025,3.52271533,4.611793518,215.2855988,214.4250031,30.39311218,52.38006973,Summer,2
7/26/2027,28.69186783,35.41232681,22.94600296,12.05432224,0.107740141,101.1027527,3.514907837,4.599429131,214.7957458,213.9344482,30.4390564,52.38929749,Summer,2
7/27/2027,28.7287941,35.44878006,22.99260902,12.08776283,0.112127535,101.1005402,3.506280661,4.586051941,214.3148804,213.4506531,30.48176765,52.40487671,Summer,2
7/28/2027,28.76288223,35.48206329,23.03697586,12.12095737,0.11703302,101.0984726,3.496895313,4.571747303,213.8466949,212.9776154,30.52113342,52.42692566,Summer,2
7/29/2027,28.79403496,35.51202011,23.07904053,12.15384769,0.122482404,101.0965729,3.486821413,4.556607246,213.394989,212.5192566,30.55703735,52.45556641,Summer,2
7/30/2027,28.82214737,35.53847885,23.11872864,12.1863718,0.128504306,101.0948334,3.476132631,4.54073,212.9631805,212.0793762,30.58934975,52.49091339,Summer,2
7/31/2027,28.84710884,35.56125641,23.15597916,12.21846581,0.135129035,101.0932846,3.464908838,4.524222374,212.554718,211.6616058,30.61793327,52.53309631,Summer,2
8/1/2027,28.86879539,35.58016586,23.19070053,12.25005436,0.142389804,101.0919266,3.453232288,4.507195473,212.1726074,211.2694244,30.64264488,52.58226013,Summer,2
8/2/2027,28.88708687,35.59501266,23.22281647,12.28106499,0.150320798,101.0907669,3.441189766,4.489762783,211.81987,210.9060211,30.66333771,52.63851929,Summer,2
8/3/2027,28.90184975,35.60559464,23.25223541,12.31141186,0.158957884,101.0898209,3.428870916,4.472044468,211.4990082,210.5743866,30.67986298,52.70200348,Summer,2
8/4/2027,28.91296196,35.61172104,23.27886772,12.34101677,0.168337494,101.0890884,3.416365147,4.454161167,211.2124481,210.2772064,30.69206429,52.7728653,Summer,2
8/5/2027,28.92028236,35.61318207,23.30261803,12.36978817,0.178496733,101.0885773,3.40376544,4.436235428,210.9621582,210.016922,30.69978905,52.85121155,Summer,2
8/6/2027,28.92367935,35.60978317,23.32339668,12.39764118,0.189472839,101.0882874,3.391162872,4.41838932,210.7498322,209.7955475,30.70288277,52.93717194,Summer,2
8/7/2027,28.92303085,35.60132217,23.34109879,12.4244833,0.201302409,101.0882339,3.378648758,4.400744438,210.5768738,209.6148834,30.70119858,53.03085327,Summer,2
8/8/2027,28.91819572,35.58761597,23.3556385,12.45022392,0.214021042,101.0884018,3.366312265,4.383420944,210.4442444,209.4762115,30.69458199,53.13235855,Summer,2
8/9/2027,28.90906143,35.56848526,23.36691666,12.4747715,0.227662638,101.0887909,3.354241133,4.366533756,210.3526306,209.3805695,30.68290138,53.24178696,Summer,2
8/10/2027,28.895504,35.54375458,23.3748455,12.49803734,0.242259577,101.0894165,3.34251976,4.350196838,210.3022614,209.328598,30.66601181,53.35920715,Summer,2
8/11/2027,28.87742233,35.51327133,23.37932968,12.51993084,0.257841378,101.0902557,3.331227779,4.334516525,210.2930908,209.3204956,30.64379883,53.48469543,Summer,2
8/12/2027,28.85470581,35.47689056,23.38029289,12.54036903,0.27443409,101.0913162,3.320441484,4.319595814,210.3246155,209.3561096,30.61614609,53.61828613,Summer,2
8/13/2027,28.82726669,35.43448639,23.3776474,12.55926514,0.292061061,101.0925903,3.31023097,4.30552721,210.3960876,209.4349213,30.5829525,53.76000977,Summer,2
8/14/2027,28.7950325,35.38595581,23.37133026,12.57654476,0.31074056,101.0940704,3.300661564,4.292398453,210.5063019,209.555954,30.54413223,53.90987778,Summer,2
8/15/2027,28.75793457,35.33120728,23.361269,12.5921278,0.330486596,101.0957489,3.291790962,4.280288696,210.6537628,209.717926,30.49960518,54.06787872,Summer,2
8/16/2027,28.71591568,35.27018356,23.34740639,12.60594845,0.351308674,101.0976181,3.283670902,4.269266129,210.8366699,209.9191742,30.44932365,54.23397827,Summer,2
8/17/2027,28.66894531,35.2028389,23.32969475,12.61793995,0.373209804,101.0996628,3.276345968,4.259391785,211.0528564,210.1577148,30.3932476,54.40810394,Summer,2
8/18/2027,28.61700249,35.12915421,23.30809593,12.62804699,0.396188051,101.1018753,3.269851923,4.250714302,211.2999725,210.4311676,30.33135986,54.59019852,Summer,2
8/19/2027,28.56008911,35.04914856,23.28257751,12.63621712,0.420234472,101.104248,3.264218092,4.243273258,211.5752716,210.7369232,30.2636528,54.78012466,Summer,2
8/20/2027,28.49821281,34.96284866,23.25312233,12.64240742,0.445334196,101.1067734,3.259464502,4.237096786,211.8759155,211.0720673,30.19015503,54.97776413,Summer,2
8/21/2027,28.43140984,34.87033081,23.21972466,12.64657974,0.471465319,101.1094284,3.255603313,4.23220253,212.1987762,211.4334106,30.11090279,55.18294525,Summer,2
8/22/2027,28.3597374,34.77167511,23.18238831,12.64870739,0.498599231,101.1122131,3.252639055,4.228596687,212.5405731,211.8175964,30.02596092,55.39548492,Summer,2
8/23/2027,28.28326035,34.66700745,23.14112663,12.64877129,0.526699781,101.1151047,3.250566483,4.226275444,212.8978882,212.2210236,29.93541527,55.61516571,Summer,2
8/24/2027,28.20207405,34.55647659,23.09597397,12.64675713,0.555724084,101.118103,3.249373674,4.225222588,213.2672272,212.6399689,29.83936882,55.84174347,Summer,2
8/25/2027,28.11628151,34.44025803,23.04696655,12.64266205,0.585622132,101.1211853,3.24903965,4.225411892,213.6449127,213.0706177,29.73794365,56.07494354,Summer,2
8/26/2027,28.02601814,34.3185463,22.99416351,12.63649178,0.616336346,101.1243439,3.249536753,4.226807594,214.0273895,213.5089874,29.63129425,56.31448364,Summer,2
8/27/2027,27.93142509,34.19158173,22.93762779,12.62825775,0.64780277,101.1275711,3.250828743,4.229363441,214.410965,213.9511108,29.51958656,56.56003571,Summer,2
8/28/2027,27.8326683,34.05960083,22.87743568,12.61798191,0.679950356,101.1308517,3.252873421,4.233023643,214.7920227,214.3930511,29.40300941,56.81125641,Summer,2
8/29/2027,27.72992516,33.92289352,22.81368256,12.60569286,0.712701678,101.1341782,3.25562191,4.237724304,215.1670685,214.8308258,29.28176689,57.06777954,Summer,2
8/30/2027,27.62339401,33.78175735,22.74646568,12.59142876,0.745973051,101.1375351,3.259019136,4.243393898,215.5325928,215.2605591,29.15608215,57.32922363,Summer,2
8/31/2027,27.51328468,33.63650131,22.67589951,12.57522869,0.779675305,101.1409302,3.263005257,4.249952316,215.8853607,215.6784973,29.02620125,57.59516907,Summer,2
9/1/2027,27.39982033,33.48746872,22.60210228,12.55714798,0.813713431,101.1443405,3.267514706,4.257313728,216.222168,216.0810089,28.89237213,57.86520386,Autumn,3
9/2/2027,27.28323936,33.33500671,22.52521133,12.53723907,0.847988188,101.1477661,3.272479057,4.265387535,216.5401306,216.4646301,28.75487137,58.13887787,Autumn,3
9/3/2027,27.16378212,33.17948914,22.44536018,12.51556683,0.882395923,101.1511993,3.277826548,4.274078369,216.8364868,216.8261414,28.61397171,58.41574097,Autumn,3
9/4/2027,27.04170609,33.02127838,22.3626976,12.49219704,0.916829228,101.1546326,3.283481836,4.283287048,217.1087952,217.1625671,28.46996307,58.6953125,Autumn,3
9/5/2027,26.91727066,32.86077499,22.2773819,12.46720028,0.951178193,101.1580658,3.289369345,4.292911053,217.3548584,217.4711609,28.32314682,58.9771347,Autumn,3
9/6/2027,26.7907486,32.69835663,22.18956757,12.44065189,0.985330284,101.161499,3.295411348,4.302848816,217.5727844,217.749527,28.17382622,59.26070404,Autumn,3
9/7/2027,26.6624012,32.53442001,22.09942055,12.41262913,1.019171476,101.1649246,3.301531315,4.312994957,217.7610016,217.9955597,28.02230644,59.54554749,Autumn,3
9/8/2027,26.53249741,32.36935806,22.00710869,12.38321114,1.052587748,101.1683426,3.30765152,4.32324934,217.9182587,218.207489,27.8689003,59.83115387,Autumn,3
9/9/2027,26.40131569,32.20355988,21.91279793,12.35247993,1.085464478,101.1717529,3.313698053,4.333509445,218.0436707,218.3839722,27.71391106,60.11705017,Autumn,3
9/10/2027,26.26911736,32.03741074,21.81665802,12.32051468,1.11768806,101.1751556,3.31959796,4.343677998,218.136673,218.5239258,27.5576458,60.40273285,Autumn,3
9/11/2027,26.1361618,31.87127686,21.71886063,12.28739643,1.149147272,101.1785583,3.325281143,4.35365963,218.1970673,218.6267853,27.40040398,60.68771362,Autumn,3
9/12/2027,26.00270081,31.70552063,21.61956787,12.25320625,1.1797328,101.1819458,3.330682516,4.363364697,218.2250061,218.6922455,27.24247932,60.97153473,Autumn,3
9/13/2027,25.86898804,31.5404911,21.51894951,12.21801758,1.209339142,101.1853409,3.335739613,4.372710228,218.2210541,218.72052,27.08415413,61.25370789,Autumn,3
9/14/2027,25.73524857,31.37651825,21.41715813,12.18190765,1.237864852,101.188736,3.340396643,4.381617546,218.1860657,218.7120972,26.92569923,61.53379059,Autumn,3
9/15/2027,25.60171127,31.21390915,21.31435204,12.14494705,1.26521349,101.192131,3.3446033,4.390017509,218.1212006,218.667984,26.76737785,61.8113327,Autumn,3
9/16/2027,25.46857643,31.05294991,21.2106781,12.10720158,1.291294336,101.1955338,3.348314524,4.397846699,218.0281067,218.5894318,26.60943031,62.08590698,Autumn,3
9/17/2027,25.3360405,30.8938961,21.10626793,12.06873131,1.31602335,101.1989441,3.35149312,4.405052185,217.9085541,218.4781647,26.45208359,62.35712433,Autumn,3
9/18/2027,25.20427513,30.73698425,21.00125885,12.02959347,1.339323401,101.2023697,3.354108334,4.411588669,217.7647858,218.3362122,26.29554558,62.62458038,Autumn,3
9/19/2027,25.07343102,30.58242226,20.89577103,11.9898386,1.361125112,101.2058182,3.35613656,4.417422295,217.5991669,218.1659393,26.1400032,62.88793182,Autumn,3
9/20/2027,24.94364929,30.43037796,20.78990555,11.94950867,1.381367803,101.2092743,3.357563019,4.422527313,217.414505,217.9700317,25.98562622,63.14681244,Autumn,3
9/21/2027,24.81503677,30.28099823,20.68376732,11.90863895,1.399999142,101.2127609,3.358379364,4.426889896,217.2136078,217.7514496,25.83255386,63.40093231,Autumn,3
9/22/2027,24.68768692,30.13439369,20.57743835,11.86725998,1.416976333,101.2162628,3.358586788,4.430504322,216.9996948,217.5134735,25.68091393,63.6499939,Autumn,3
9/23/2027,24.5616703,29.99063492,20.47099113,11.82539272,1.432266355,101.2197952,3.358192444,4.433377266,216.7760468,217.2595062,25.53079414,63.89373779,Autumn,3
9/24/2027,24.43703079,29.84976196,20.36448097,11.78304958,1.445845604,101.2233505,3.357213259,4.435525417,216.5460663,216.9932556,25.38227463,64.13194275,Autumn,3
9/25/2027,24.31378937,29.71178436,20.25795746,11.74023819,1.457701445,101.2269211,3.355672836,4.436974525,216.3133698,216.7185059,25.23540306,64.36438751,Autumn,3
9/26/2027,24.19194412,29.57667351,20.1514492,11.69695377,1.467830539,101.2305222,3.353602648,4.43776226,216.0815277,216.439209,25.09019852,64.59091187,Autumn,3
9/27/2027,24.07147598,29.44436455,20.04497337,11.6531868,1.476240754,101.2341385,3.351042032,4.437933445,215.8542633,216.1594391,24.946661,64.81137085,Autumn,3
9/28/2027,23.95233536,29.31476593,19.93853378,11.60892105,1.482949734,101.2377701,3.348035812,4.437542915,215.6351929,215.8832245,24.80476379,65.02565765,Autumn,3
9/29/2027,23.83445168,29.18774796,19.83211899,11.56413078,1.487985373,101.2414169,3.344636917,4.436655998,215.4280243,215.6147003,24.66445732,65.23368073,Autumn,3
9/30/2027,23.71773529,29.06315041,19.72570038,11.51878452,1.491385579,101.2450638,3.340902805,4.435342789,215.2362671,215.3579407,24.52567101,65.43538666,Autumn,3
10/1/2027,23.60207748,28.94078255,19.61924934,11.47284412,1.493198037,101.2487106,3.336897612,4.433682442,215.063446,215.1169586,24.38830757,65.63074493,Autumn,3
10/2/2027,23.48734093,28.82042885,19.51271057,11.42626381,1.493479252,101.2523499,3.33268857,4.431760788,214.9129181,214.8956757,24.25225067,65.81977081,Autumn,3
10/3/2027,23.37338829,28.70185089,19.40602112,11.37899494,1.492295027,101.2559662,3.328348637,4.42966795,214.7878571,214.6978455,24.11737251,66.00249481,Autumn,3
10/4/2027,23.26004601,28.58477592,19.29911232,11.33098412,1.48971951,101.2595596,3.323953629,4.427498817,214.6912994,214.5270691,23.98351669,66.17896271,Autumn,3
10/5/2027,23.14714241,28.46891975,19.19190025,11.28216934,1.48583436,101.2631073,3.319581509,4.425353527,214.6259766,214.3867645,23.85051346,66.34925842,Autumn,3
10/6/2027,23.03447914,28.3539753,19.08429146,11.23249149,1.480728149,101.2666016,3.315313101,4.423333168,214.5944519,214.2800598,23.71818161,66.51348877,Autumn,3
10/7/2027,22.92185593,28.23962021,18.97618675,11.18188477,1.474496245,101.2700348,3.311228991,4.42154026,214.5990143,214.2098694,23.58632851,66.67177582,Autumn,3
10/8/2027,22.80906296,28.12552643,18.86748505,11.1302824,1.467239141,101.2733841,3.307411432,4.420081139,214.6416321,214.178772,23.45474815,66.82426453,Autumn,3
10/9/2027,22.6958828,28.01134491,18.75806808,11.0776186,1.459062099,101.2766418,3.30394125,4.419056892,214.7239685,214.1890411,23.32322884,66.97112274,Autumn,3
10/10/2027,22.58208847,27.89673233,18.64782333,11.0238266,1.450074911,101.2797928,3.300898314,4.418570995,214.8474274,214.2426453,23.19155312,67.11253357,Autumn,3
10/11/2027,22.46745682,27.78133392,18.53663063,10.96883965,1.440389395,101.2828293,3.298360348,4.41872263,215.01297,214.3411255,23.05949783,67.24868774,Autumn,3
10/12/2027,22.35176659,27.66480064,18.42437172,10.9125948,1.43012023,101.2857208,3.296401739,4.419608116,215.221344,214.4856873,22.92684174,67.37979889,Autumn,3
10/13/2027,22.23478889,27.54678345,18.31092834,10.85503197,1.419383049,101.2884674,3.295093775,4.421318054,215.4728394,214.6771698,22.79336548,67.50608063,Autumn,3
10/14/2027,22.11631203,27.42694092,18.19617653,10.79609203,1.408293366,101.2910461,3.294502974,4.423939705,215.7674408,214.9160156,22.65885162,67.62776947,Autumn,3
10/15/2027,21.99612236,27.30495262,18.08000374,10.7357254,1.396966338,101.2934494,3.294690847,4.42755127,216.1047974,215.2022552,22.52309036,67.7450943,Autumn,3
10/16/2027,21.87401962,27.1804924,17.96230316,10.67388439,1.385515809,101.2956619,3.295713902,4.432226181,216.4841614,215.5355377,22.3858757,67.85830688,Autumn,3
10/17/2027,21.74981499,27.05326843,17.84296417,10.61052704,1.374051809,101.2976685,3.297620773,4.438029289,216.904541,215.9151306,22.24701881,67.96765137,Autumn,3
10/18/2027,21.62332726,26.92299843,17.7218914,10.54562378,1.362682462,101.2994614,3.300455093,4.445015907,217.3645325,216.3398895,22.10634041,68.07336426,Autumn,3
10/19/2027,21.49440002,26.7894268,17.59899712,10.47914696,1.351510763,101.3010254,3.304251909,4.453232765,217.8624573,216.8083191,21.96367455,68.17569733,Autumn,3
10/20/2027,21.36289024,26.65232277,17.47419548,10.41108036,1.340634823,101.3023605,3.309039116,4.462716103,218.3963318,217.3186188,21.81887245,68.27489471,Autumn,3
10/21/2027,21.22866631,26.51148224,17.34742546,10.34141731,1.330147147,101.3034592,3.314837217,4.473493576,218.9638824,217.8685608,21.67180252,68.37120819,Autumn,3
10/22/2027,21.09162712,26.36672783,17.21862602,10.27015972,1.320132971,101.3043137,3.321657181,4.485580444,219.5626068,218.4556427,21.52235603,68.46485901,Autumn,3
10/23/2027,20.95169067,26.2179184,17.0877533,10.19732094,1.310671449,101.304924,3.329502583,4.498981953,220.189743,219.0770569,21.37044144,68.55607605,Autumn,3
10/24/2027,20.80879211,26.06494141,16.95477867,10.1229229,1.301833272,101.3052902,3.338368177,4.513692856,220.8423462,219.7297516,21.21599197,68.6450882,Autumn,3
10/25/2027,20.66289902,25.90772438,16.81968498,10.04699802,1.293681026,101.3054123,3.348240852,4.529696465,221.5172577,220.4104004,21.05895996,68.73210907,Autumn,3
10/26/2027,20.51399612,25.74622345,16.68247223,9.969591141,1.28626883,101.3052902,3.359097481,4.546965599,222.2112579,221.1154785,20.89932442,68.81735229,Autumn,3
10/27/2027,20.36209869,25.58043671,16.54315758,9.890758514,1.279641986,101.3049316,3.37090826,4.565461159,222.9208527,221.8412933,20.73709297,68.90098572,Autumn,3
10/28/2027,20.20724297,25.41039085,16.40176964,9.810564041,1.273836136,101.3043518,3.383635044,4.585134506,223.6426086,222.5840302,20.57228851,68.9832077,Autumn,3
10/29/2027,20.04949188,25.23615456,16.258358,9.729086876,1.268877864,101.303566,3.397231102,4.605927944,224.3729706,223.3397217,20.40496445,69.06417847,Autumn,3
10/30/2027,19.888937,25.05783463,16.11298561,9.646410942,1.264784455,101.3025742,3.411643267,4.627771854,225.1083832,224.1043854,20.23519516,69.14406586,Autumn,3
10/31/2027,19.72569084,24.8755703,15.96573353,9.562635422,1.26156342,101.3013992,3.426810503,4.650589943,225.8452454,224.8739471,20.06308556,69.2230072,Autumn,3
11/1/2027,19.55989075,24.68953514,15.81669807,9.477867126,1.259213209,101.3000641,3.442666531,4.674294472,226.5800323,225.6443634,19.88875961,69.30113983,Autumn,3
11/2/2027,19.39170074,24.49993706,15.66599178,9.392220497,1.257722974,101.2985916,3.459137917,4.698793411,227.3093262,226.4116211,19.71236229,69.37857819,Autumn,3
11/3/2027,19.22130203,24.30702209,15.51373959,9.305822372,1.257073402,101.2969971,3.476146221,4.723985672,228.0297241,227.1718292,19.53406334,69.45542908,Autumn,3
11/4/2027,19.04890251,24.11105156,15.36008549,9.218801498,1.257236242,101.2953186,3.493609667,4.749764442,228.7380524,227.9211273,19.3540535,69.53177643,Autumn,3
11/5/2027,18.87472916,23.91233444,15.20518494,9.131300926,1.258175611,101.2935715,3.511440516,4.776017189,229.4311981,228.655838,19.17254448,69.60771179,Autumn,3
11/6/2027,18.6990242,23.71119308,15.04920578,9.043463707,1.259847283,101.2918015,3.52954936,4.802629471,230.1063385,229.372467,18.98975754,69.68331146,Autumn,3
11/7/2027,18.52205276,23.50797844,14.89233208,8.955442429,1.262201309,101.2900238,3.547843933,4.829480171,230.7606964,230.0677338,18.80594444,69.75861359,Autumn,3
11/8/2027,18.34408951,23.30306053,14.73475266,8.867390633,1.265180349,101.2882843,3.566229582,4.85644722,231.3919067,230.7385406,18.62135887,69.8336792,Autumn,3
11/9/2027,18.16541862,23.09683418,14.57666874,8.779468536,1.268721938,101.2866135,3.58461237,4.883408546,231.9976959,231.3821106,18.43626785,69.90853882,Autumn,3
11/10/2027,17.9863472,22.88969994,14.41829491,8.691837311,1.272758603,101.2850494,3.60289669,4.910240173,232.5761719,231.9958801,18.2509594,69.98321533,Autumn,3
11/11/2027,17.80718231,22.68207741,14.25984478,8.604659081,1.277218819,101.2836227,3.620989323,4.936820984,233.1256561,232.5776672,18.0657177,70.05774689,Autumn,3
11/12/2027,17.62824249,22.47439575,14.10154247,8.518097878,1.282027721,101.2823792,3.638797045,4.963027954,233.6447144,233.1255341,17.88084221,70.13211823,Autumn,3
11/13/2027,17.44983864,22.26708984,13.94361496,8.432312965,1.287108183,101.2813492,3.656230211,4.988745213,234.1323547,233.6379242,17.69663048,70.20635986,Autumn,3
11/14/2027,17.27230453,22.06059074,13.78629589,8.347466469,1.292380929,101.280571,3.673201084,5.013858795,234.5877228,234.1136017,17.51338387,70.28044891,Autumn,3
11/15/2027,17.09595108,21.85534096,13.62981319,8.263713837,1.297766924,101.2800827,3.689626217,5.038257599,235.0103455,234.5516663,17.33140564,70.35438538,Autumn,3
11/16/2027,16.92110443,21.65177155,13.47439861,8.181207657,1.303186536,101.2799149,3.705427647,5.061841011,235.4000854,234.9516296,17.15099144,70.42816162,Autumn,3
11/17/2027,16.74807358,21.45030403,13.32028389,8.100096703,1.308561325,101.2801056,3.72053051,5.08450985,235.757019,235.3132935,16.9724369,70.50175476,Autumn,3
11/18/2027,16.57716751,21.25135994,13.16769505,8.020522118,1.313814759,101.2806854,3.73486805,5.106174469,236.0815735,235.6368561,16.79603004,70.57515717,Autumn,3
11/19/2027,16.40867996,21.05533981,13.01685047,7.942617416,1.318873405,101.2816849,3.748377085,5.126752853,236.3744965,235.9228058,16.62204361,70.64834595,Autumn,3
11/20/2027,16.24290085,20.86263084,12.86797142,7.866510391,1.323666334,101.2831345,3.761003733,5.14617157,236.6367035,236.1720276,16.45075035,70.72129822,Autumn,3
11/21/2027,16.0800972,20.67359924,12.72126007,7.792318344,1.328128099,101.2850571,3.772699356,5.164367676,236.8694305,236.3857117,16.28240013,70.79398346,Autumn,3
11/22/2027,15.92052937,20.48859406,12.57691669,7.720148087,1.332197189,101.2874756,3.783423424,5.181285858,237.074173,236.5653229,16.11723328,70.86639404,Autumn,3
11/23/2027,15.76443291,20.30793762,12.43513203,7.650098801,1.335817814,101.2904129,3.793144226,5.196882248,237.2525787,236.712677,15.95547485,70.93850708,Autumn,3
11/24/2027,15.61202908,20.13192558,12.29608059,7.582257271,1.338940978,101.2938843,3.801835537,5.211120605,237.406601,236.8297729,15.79732704,71.01029968,Autumn,3
11/25/2027,15.46352196,19.9608345,12.15992832,7.516698837,1.34152329,101.2978973,3.809482098,5.223978043,237.538269,236.9189301,15.64298058,71.08174896,Autumn,3
11/26/2027,15.31908607,19.79489517,12.02682495,7.453487396,1.343529582,101.3024673,3.81607461,5.235441208,237.6498413,236.9826508,15.49260139,71.15286255,Autumn,3
11/27/2027,15.17887974,19.63432884,11.89690781,7.3926754,1.344931006,101.3076019,3.821612835,5.24550724,237.7436523,237.0236206,15.34633636,71.22358704,Autumn,3
11/28/2027,15.04303837,19.47930527,11.77029991,7.334300995,1.345707059,101.3132858,3.826104879,5.254183769,237.8221893,237.0447235,15.20430946,71.29393768,Autumn,3
11/29/2027,14.91167259,19.32997322,11.64710522,7.278392792,1.34584558,101.3195343,3.82956624,5.261487961,237.8879852,237.0489349,15.06662369,71.36390686,Autumn,3
11/30/2027,14.78486538,19.18644524,11.52741623,7.224963665,1.345341682,101.3263321,3.832020283,5.267448425,237.9436646,237.0393677,14.93336105,71.43347168,Autumn,3
12/1/2027,14.66267967,19.04880142,11.41130257,7.174016953,1.344198823,101.3336639,3.833497286,5.272102356,237.9918213,237.019165,14.80457687,71.50263214,Winter,0
12/2/2027,14.54515171,18.91708946,11.29882145,7.125542164,1.342428684,101.3415146,3.834035873,5.275495529,238.03508,236.9915161,14.6803093,71.57138824,Winter,0
12/3/2027,14.43229866,18.79131889,11.19001484,7.079517365,1.340051055,101.3498611,3.833679914,5.277685165,238.0760345,236.9596558,14.56057167,71.63972473,Winter,0
12/4/2027,14.3241024,18.67146873,11.08490372,7.035908699,1.337092757,101.3586807,3.832480192,5.278734207,238.1171875,236.9267426,14.44535446,71.70767212,Winter,0
12/5/2027,14.22053432,18.5574913,10.9834938,6.994670868,1.333588362,101.3679504,3.830492735,5.278712273,238.1610413,236.895874,14.33463097,71.77519226,Winter,0
12/6/2027,14.1215353,18.44930267,10.88577366,6.955748558,1.329579592,101.3776169,3.827779055,5.277696609,238.2098999,236.8701172,14.22834969,71.84231567,Winter,0
12/7/2027,14.02702904,18.34679604,10.79172134,6.919077396,1.325114489,101.3876648,3.824404955,5.275773048,238.2660522,236.852356,14.12644386,71.90903473,Winter,0
12/8/2027,13.93691349,18.24982643,10.70129108,6.884581566,1.320247293,101.3980331,3.820439816,5.273028374,238.3315125,236.8453674,14.02882576,71.9753418,Winter,0
12/9/2027,13.85107517,18.15823555,10.61442757,6.852178097,1.315037608,101.4086914,3.815957308,5.269555092,238.4082184,236.8517303,13.93538857,72.04125214,Winter,0
12/10/2027,13.7693758,18.07183456,10.53106022,6.821775436,1.309550047,101.4195862,3.811031818,5.265451431,238.4978943,236.8738251,13.84601784,72.10676575,Winter,0
12/11/2027,13.6916647,17.99041367,10.45110703,6.793277264,1.303852797,101.4306641,3.805740833,5.26081562,238.6020355,236.9138489,13.76057816,72.17186737,Winter,0
12/12/2027,13.61777687,17.91374588,10.37447166,6.766578674,1.298018456,101.4418716,3.800163507,5.255746841,238.7220306,236.9737396,13.67892456,72.23656464,Winter,0
12/13/2027,13.54753304,17.84158516,10.30104733,6.741571426,1.292121053,101.4531555,3.794377565,5.250348091,238.858902,237.055191,13.60089874,72.30084991,Winter,0
12/14/2027,13.48074627,17.7736721,10.23071861,6.718141556,1.286237478,101.4644547,3.788461924,5.244720459,239.0135803,237.1595917,13.52633476,72.36470795,Winter,0
12/15/2027,13.41721535,17.70973778,10.16335964,6.696174622,1.280445099,101.4757156,3.782494545,5.238964081,239.1866302,237.2881012,13.45506096,72.4281311,Winter,0
12/16/2027,13.35673428,17.6495018,10.09883595,6.675553322,1.274821401,101.4868774,3.77655077,5.233176231,239.3785095,237.4415741,13.38689995,72.49110413,Winter,0
12/17/2027,13.29909706,17.59268188,10.03701305,6.656157017,1.26944375,101.4978867,3.770705223,5.227453232,239.589325,237.6205597,13.32166576,72.5535965,Winter,0
12/18/2027,13.24408722,17.53898621,9.977744102,6.637867928,1.264387012,101.508667,3.765027523,5.221887589,239.819046,237.8253021,13.25917816,72.61559296,Winter,0
12/19/2027,13.19149208,17.48812866,9.920880318,6.620570183,1.259725094,101.519165,3.759586334,5.216567039,240.067276,238.0557709,13.19924831,72.67705536,Winter,0
12/20/2027,13.14109707,17.43981743,9.866275787,6.604145527,1.255528092,101.529335,3.754444599,5.211575508,240.3335571,238.3116608,13.14169884,72.73795319,Winter,0
12/21/2027,13.09269619,17.39377594,9.813777924,6.58848238,1.25186193,101.5391006,3.749661207,5.206989288,240.6170807,238.5923615,13.08634758,72.79823303,Winter,0
12/22/2027,13.04607773,17.34972763,9.763233185,6.573471546,1.248788476,101.5484161,3.745291471,5.202879906,240.9168701,238.8969421,13.0330143,72.85786438,Winter,0
12/23/2027,13.00104523,17.30740547,9.714496613,6.559007645,1.246364236,101.5572281,3.741383314,5.199313164,241.2317963,239.2242737,12.98154068,72.91678619,Winter,0
12/24/2027,12.95740509,17.2665596,9.667421341,6.544992447,1.244639754,101.5654907,3.737981081,5.196345329,241.5604858,239.5729523,12.9317627,72.97493744,Winter,0
12/25/2027,12.91498184,17.22694588,9.621862411,6.531332016,1.243658781,101.573143,3.735121489,5.194027901,241.901474,239.9413452,12.88352585,73.03226471,Winter,0
12/26/2027,12.8735981,17.18834496,9.577685356,6.517939568,1.243458986,101.5801544,3.732836962,5.192403793,242.2530823,240.3275604,12.83669281,73.08868408,Winter,0
12/27/2027,12.83309937,17.15054512,9.534757614,6.504736423,1.244069576,101.5864716,3.731152296,5.191507339,242.6135406,240.7295685,12.79113007,73.14414978,Winter,0
12/28/2027,12.79334259,17.11336327,9.492952347,6.491651535,1.245512724,101.5920792,3.730086327,5.191365242,242.9809418,241.1451569,12.74672508,73.19856262,Winter,0
12/29/2027,12.75419235,17.07663345,9.452157021,6.478620529,1.247802019,101.5969238,3.729652643,5.191996574,243.3533478,241.5719147,12.70337105,73.25183868,Winter,0
12/30/2027,12.71553707,17.04020882,9.412261963,6.465588093,1.250942945,101.6009903,3.729857206,5.193410873,243.7286987,242.0073853,12.66097641,73.30391693,Winter,0
12/31/2027,12.67728043,17.00396729,9.373167038,6.452507973,1.254932523,101.6042557,3.730700016,5.195611954,244.1049194,242.4489441,12.61946487,73.35469055,Winter,0
1/1/2028,12.63933754,16.96780777,9.334783554,6.43934536,1.259759545,101.6067047,3.732175112,5.198595047,244.4798889,242.8939209,12.5787735,73.40407562,Winter,0
1/2/2028,12.60164356,16.93165779,9.297036171,6.426067352,1.265403748,101.6083298,3.734270811,5.202346802,244.8515167,243.3395844,12.53885651,73.45197296,Winter,0
1/3/2028,12.56415081,16.89546204,9.259854317,6.41265583,1.271837115,101.609108,3.736970186,5.206845284,245.2177277,243.7831879,12.49968147,73.49830627,Winter,0
1/4/2028,12.52683258,16.85919571,9.223183632,6.399101257,1.279023409,101.6090622,3.740249395,5.21206665,245.5764618,244.2220459,12.46122742,73.54296875,Winter,0
1/5/2028,12.4896698,16.82285309,9.186973572,6.385398865,1.286918044,101.6081772,3.744081736,5.217975616,245.9257507,244.6534119,12.42349243,73.58587646,Winter,0
1/6/2028,12.45266914,16.78644753,9.15119648,6.371556282,1.295469642,101.6064835,3.748434305,5.224534035,246.2636414,245.0746765,12.38648033,73.62692261,Winter,0
1/7/2028,12.41584682,16.75001907,9.115824699,6.357586861,1.304619312,101.603981,3.753270388,5.231696129,246.5883636,245.4832611,12.35022163,73.66603088,Winter,0
1/8/2028,12.3792429,16.71363258,9.080846786,6.343512535,1.314301491,101.6006927,3.758549213,5.239411354,246.8982239,245.8767242,12.31474686,73.70310974,Winter,0
1/9/2028,12.34290314,16.67736816,9.046262741,6.329360962,1.324445367,101.5966568,3.764227152,5.247626305,247.1916046,246.2527466,12.28010559,73.73807526,Winter,0
1/10/2028,12.3068943,16.6413269,9.012078285,6.315168381,1.334973812,101.5918961,3.770257711,5.256281853,247.4671326,246.6091461,12.24634838,73.77084351,Winter,0
1/11/2028,12.27129269,16.60562325,8.978315353,6.300974846,1.345805049,101.586441,3.776591778,5.265317917,247.7234802,246.9439392,12.21354961,73.8013382,Winter,0
1/12/2028,12.23618889,16.57039452,8.945001602,6.286828041,1.3568542,101.5803375,3.783178329,5.274670601,247.9595947,247.2552795,12.18178558,73.82949066,Winter,0
1/13/2028,12.20168018,16.53578758,8.912174225,6.272778511,1.368032694,101.5736389,3.789965391,5.284273148,248.1744385,247.5415649,12.15113544,73.85523987,Winter,0
1/14/2028,12.1678772,16.50196075,8.87987709,6.258882523,1.379248977,101.5663757,3.796899557,5.294060707,248.3673248,247.8013611,12.12169266,73.87851715,Winter,0
1/15/2028,12.13490009,16.4690876,8.848166466,6.24519825,1.390410781,101.558609,3.803927898,5.303963661,248.5375977,248.0334778,12.09354973,73.89927673,Winter,0
1/16/2028,12.10287285,16.43734741,8.817101479,6.231787205,1.401424527,101.5503922,3.810996532,5.313916206,248.6848907,248.236969,12.0668087,73.91746521,Winter,0
1/17/2028,12.07192326,16.40692711,8.786743164,6.218711853,1.412196755,101.5417862,3.818053722,5.323851585,248.8089142,248.4111023,12.04157257,73.93305206,Winter,0
1/18/2028,12.04219055,16.37801552,8.75716877,6.206037521,1.422635078,101.5328369,3.825047731,5.333704948,248.9096832,248.5553894,12.01794147,73.94599915,Winter,0
1/19/2028,12.0138073,16.35080719,8.728450775,6.193828583,1.432648897,101.523613,3.83192873,5.343411446,248.9872894,248.6695404,11.99602127,73.9562912,Winter,0
1/20/2028,11.98691177,16.32550049,8.700665474,6.182150841,1.442149878,101.5141678,3.838648796,5.352910042,249.0419922,248.7535553,11.97591209,73.96391296,Winter,0
1/21/2028,11.96164322,16.30228043,8.673895836,6.171065331,1.451053381,101.50457,3.845162392,5.36214447,249.0742645,248.8076019,11.9577198,73.96885681,Winter,0
1/22/2028,11.93813705,16.28134346,8.648225784,6.160634041,1.459278464,101.494873,3.851427078,5.37105751,249.0847015,248.8321533,11.94153786,73.97112274,Winter,0
1/23/2028,11.91652679,16.2628727,8.623735428,6.150917053,1.466749668,101.4851456,3.857402086,5.379599571,249.0740356,248.8278198,11.92746162,73.97071838,Winter,0
1/24/2028,11.89694118,16.24704933,8.60050869,6.141971588,1.47339642,101.475441,3.863051891,5.387722015,249.0431519,248.7954559,11.91557503,73.96766663,Winter,0
1/25/2028,11.87950325,16.2340374,8.578629494,6.133849144,1.479154944,101.4658203,3.868341684,5.395381927,248.993042,248.7360535,11.9059639,73.96198273,Winter,0
1/26/2028,11.86433411,16.22400284,8.558177948,6.126598358,1.483967066,101.456337,3.873244047,5.402542114,248.9247589,248.6508636,11.89870262,73.95370483,Winter,0
1/27/2028,11.8515377,16.21709251,8.5392313,6.120266914,1.487783194,101.4470444,3.877731562,5.40916729,248.8395386,248.5412292,11.89385319,73.94285583,Winter,0
1/28/2028,11.84121513,16.21344376,8.52186203,6.114891052,1.490560651,101.4379959,3.881783247,5.415228844,248.7385559,248.4086151,11.89147949,73.92949677,Winter,0
1/29/2028,11.83346367,16.21317673,8.506146431,6.110506535,1.492264986,101.4292374,3.885381222,5.420702934,248.6231995,248.2547455,11.89162922,73.91365814,Winter,0
1/30/2028,11.82836151,16.21640587,8.492147446,6.107143402,1.492869735,101.4208069,3.888511181,5.425571442,248.494751,248.0812683,11.89434624,73.89541626,Winter,0
1/31/2028,11.82598019,16.22321701,8.479926109,6.104824066,1.492357492,101.4127502,3.891163588,5.429819107,248.3545685,247.8900146,11.8996582,73.87479401,Winter,0
2/1/2028,11.82638073,16.23369217,8.46954155,6.10356617,1.490719199,101.405098,3.893332243,5.433437347,248.204071,247.6828918,11.90758896,73.85188293,Winter,0
2/2/2028,11.82961082,16.24788857,8.461043358,6.103382111,1.487954736,101.3978806,3.895014763,5.436421394,248.0445862,247.4617615,11.91814995,73.82672119,Winter,0
2/3/2028,11.83571243,16.26585579,8.454475403,6.104279518,1.48407197,101.3911285,3.896213055,5.438770294,247.8775024,247.2286224,11.93134308,73.79938507,Winter,0
2/4/2028,11.84470367,16.28762054,8.449876785,6.106256485,1.479088664,101.3848572,3.896930933,5.440490723,247.7040558,246.9853821,11.94716549,73.76993561,Winter,0
2/5/2028,11.85660553,16.31318855,8.447278976,6.109309196,1.473029733,101.3790894,3.897177458,5.441590309,247.5255432,246.7339783,11.96559715,73.73843384,Winter,0
2/6/2028,11.87141991,16.34256172,8.446705818,6.113426208,1.465929031,101.3738251,3.896962881,5.442081451,247.3431244,246.4762573,11.98661804,73.7049408,Winter,0
2/7/2028,11.88913345,16.37571907,8.448179245,6.118591309,1.457828164,101.3690796,3.89630127,5.441978455,247.1579285,246.2140808,12.01019001,73.66952515,Winter,0
2/8/2028,11.90973282,16.41262054,8.45170784,6.124785423,1.448775649,101.3648453,3.895209789,5.441302299,246.9709625,245.949173,12.03627682,73.6322403,Winter,0
2/9/2028,11.93318462,16.45321465,8.457299232,6.131979465,1.438827515,101.3611221,3.893706083,5.440073967,246.7831268,245.6832275,12.06482983,73.59313965,Winter,0
2/10/2028,11.95945454,16.49744034,8.464951515,6.140146732,1.428046227,101.3578949,3.891812086,5.438319206,246.5952759,245.4177399,12.09579849,73.55229187,Winter,0
2/11/2028,11.98848629,16.54521561,8.47465992,6.149250984,1.416499496,101.3551483,3.889548302,5.436062813,246.4080658,245.1541901,12.12911797,73.50971985,Winter,0
2/12/2028,12.02022648,16.59645462,8.486410141,6.159256935,1.404260993,101.3528671,3.886940479,5.433333397,246.2221375,244.8938599,12.16472816,73.46548462,Winter,0
2/13/2028,12.05461121,16.65105247,8.500183105,6.170124054,1.391408682,101.3510208,3.88401103,5.430160522,246.0378876,244.6379089,12.20255661,73.4196167,Winter,0
2/14/2028,12.09156799,16.70890045,8.51595974,6.181808472,1.378024101,101.3495865,3.880786657,5.426575661,245.8557129,244.3873444,12.24253845,73.37214661,Winter,0
2/15/2028,12.13101673,16.76987839,8.53371048,6.194267273,1.364192486,101.348526,3.877293587,5.422608376,245.675827,244.1430206,12.28459644,73.32310486,Winter,0
2/16/2028,12.17287827,16.8338604,8.553402901,6.207453728,1.350000739,101.3478088,3.873556852,5.418292046,245.4983063,243.9056244,12.32865334,73.27250671,Winter,0
2/17/2028,12.21705818,16.90071487,8.57500267,6.221321106,1.33553791,101.3473816,3.869603157,5.413655281,245.3231659,243.6756592,12.3746376,73.22036743,Winter,0
2/18/2028,12.26347733,16.97030258,8.598471642,6.235821247,1.320893645,101.3472137,3.865457058,5.408730507,245.1502228,243.453537,12.42247009,73.16667938,Winter,0
2/19/2028,12.3120327,17.04248428,8.623767853,6.250908375,1.30615747,101.3472519,3.86114502,5.403546333,244.9792938,243.2394257,12.47207642,73.11145782,Winter,0
2/20/2028,12.36263466,17.11711884,8.650845528,6.266536713,1.291418552,101.3474579,3.856689453,5.398134232,244.8099823,243.0333405,12.52338982,73.05469513,Winter,0
2/21/2028,12.41518688,17.19406319,8.679663658,6.282658577,1.276763916,101.3477783,3.852114439,5.392519951,244.6418915,242.8352203,12.57633305,72.99636078,Winter,0
2/22/2028,12.46959591,17.27317238,8.710174561,6.299231052,1.262278795,101.3481598,3.847442389,5.386732101,244.4744415,242.6447601,12.63084221,72.93644714,Winter,0
2/23/2028,12.52576733,17.35430717,8.742326736,6.316213131,1.248045444,101.3485489,3.84269309,5.380793571,244.3071289,242.4615936,12.68685436,72.87493134,Winter,0
2/24/2028,12.58361149,17.43732834,8.776079178,6.333564281,1.234142542,101.3488998,3.837886333,5.374728203,244.1391907,242.2851257,12.74430847,72.81177521,Winter,0
2/25/2028,12.6430378,17.52210045,8.811384201,6.351247787,1.220643997,101.3491669,3.833039522,5.368556976,243.9700317,242.1147308,12.80315399,72.74694061,Winter,0
2/26/2028,12.70396137,17.6084938,8.848192215,6.369231224,1.207619429,101.3492889,3.828168631,5.362299919,243.7987976,241.9496613,12.86334038,72.68039703,Winter,0
2/27/2028,12.76630497,17.69638443,8.886462212,6.387482643,1.19513309,101.3492279,3.823288918,5.355975151,243.6247253,241.789032,12.92482281,72.61209869,Winter,0
2/28/2028,12.82998657,17.78565598,8.926147461,6.405977726,1.183242679,101.3489304,3.818412781,5.349597931,243.4470673,241.6318817,12.98756409,72.54199982,Winter,0
2/29/2028,12.89493752,17.87619591,8.967207909,6.424689293,1.172000408,101.3483505,3.813552141,5.343180656,243.2649841,241.4771881,13.05153656,72.470047,Winter,0
3/1/2028,12.96108723,17.96790123,9.009599686,6.443602085,1.161451817,101.3474503,3.80871582,5.336735725,243.077713,241.3239288,13.11671066,72.39620209,Spring,1
3/2/2028,13.0283823,18.06067657,9.053293228,6.462698936,1.151634693,101.3461838,3.803913832,5.330273628,242.8844299,241.1709747,13.1830616,72.32040405,Spring,1
3/3/2028,13.09676266,18.15443039,9.098249435,6.481967926,1.142580509,101.3445206,3.799150944,5.323801994,242.6844635,241.0172119,13.25058365,72.24262238,Spring,1
3/4/2028,13.16617775,18.24908829,9.144434929,6.501402855,1.134313226,101.3424301,3.794434309,5.317329407,242.4770508,240.8614655,13.31926537,72.16279602,Spring,1
3/5/2028,13.23658848,18.34457588,9.191823006,6.520999908,1.126849532,101.3398819,3.789768457,5.31085968,242.2616272,240.7026215,13.38910103,72.0809021,Spring,1
3/6/2028,13.3079567,18.44083786,9.240386009,6.540759087,1.12019825,101.3368454,3.785156012,5.304397583,242.0375671,240.5395813,13.4600935,71.99687958,Spring,1
3/7/2028,13.38024998,18.53781319,9.290102005,6.560685158,1.114361525,101.3333054,3.780600309,5.29794693,241.8043518,240.3712311,13.53224564,71.91070557,Spring,1
3/8/2028,13.45344448,18.63545609,9.340949059,6.580784798,1.109333277,101.3292542,3.776102781,5.291509628,241.561554,240.196579,13.60557175,71.82234955,Spring,1
3/9/2028,13.52751827,18.73373032,9.392910004,6.60106945,1.105101824,101.3246613,3.771664619,5.285086632,241.3088226,240.0146484,13.68008232,71.73178864,Spring,1
3/10/2028,13.60245705,18.83260727,9.445971489,6.621551514,1.101647735,101.3195419,3.767286539,5.278681755,241.0459137,239.8245392,13.75579357,71.63900757,Spring,1
3/11/2028,13.67825031,18.93206024,9.500116348,6.6422472,1.098944902,101.3138809,3.762969255,5.272294998,240.772644,239.6254272,13.83272552,71.54399872,Spring,1
3/12/2028,13.75489426,19.03207207,9.555339813,6.663176537,1.096961975,101.3076859,3.758713722,5.265927315,240.4889526,239.4165497,13.9108963,71.44675446,Spring,1
3/13/2028,13.8323822,19.13263321,9.611631393,6.68435812,1.095661163,101.300972,3.754519224,5.259580612,240.1948242,239.1973267,13.99033165,71.34729004,Spring,1
3/14/2028,13.91072083,19.23373604,9.66898632,6.705816269,1.094999671,101.2937393,3.75038743,5.253255844,239.8904114,238.9671478,14.07104683,71.24562073,Spring,1
3/15/2028,13.98990917,19.33537865,9.727398872,6.727571964,1.094930172,101.2860184,3.74631834,5.246956825,239.575882,238.725647,14.15306854,71.14177704,Spring,1
3/16/2028,14.06995678,19.43756294,9.786870003,6.749651909,1.095400572,101.2778168,3.742313623,5.240684509,239.2515411,238.4724579,14.23641396,71.03578186,Spring,1
3/17/2028,14.15087032,19.54029083,9.847395897,6.772079468,1.096355557,101.2691803,3.738375664,5.234443665,238.9177704,238.2073822,14.32110405,70.92769623,Spring,1
3/18/2028,14.23265934,19.64357376,9.908977509,6.794880867,1.097736716,101.2601242,3.73450613,5.228237152,238.5749969,237.9302979,14.40715599,70.81757355,Spring,1
3/19/2028,14.31533337,19.74741745,9.971614838,6.818078995,1.099482775,101.2506866,3.730708599,5.222072601,238.2238007,237.6412048,14.49458504,70.70548248,Spring,1
3/20/2028,14.39890385,19.85183525,10.03530788,6.841700554,1.101530671,101.2409134,3.726985931,5.215953827,237.8647156,237.3402252,14.58340454,70.59148407,Spring,1
3/21/2028,14.48338223,19.95683289,10.10005951,6.865766048,1.103816628,101.230835,3.723343372,5.209890366,237.4984131,237.0275269,14.67361641,70.47566986,Spring,1
3/22/2028,14.56877327,20.06242371,10.16586876,6.890298843,1.106275439,101.2204971,3.719785452,5.203886986,237.1255646,236.7034607,14.76522636,70.35813141,Spring,1
3/23/2028,14.65508652,20.16861534,10.23273754,6.915319443,1.108842254,101.2099533,3.716317892,5.197956085,236.7469482,236.3683319,14.85824013,70.2389679,Spring,1
3/24/2028,14.7423296,20.27541542,10.3006649,6.94084549,1.111452699,101.1992416,3.712947845,5.192105293,236.363266,236.0226746,14.95264626,70.11829376,Spring,1
3/25/2028,14.83050919,20.38282967,10.3696537,6.96689415,1.114043236,101.1884155,3.709680796,5.1863451,235.975296,235.6669769,15.04843903,69.99620819,Spring,1
3/26/2028,14.91962242,20.4908638,10.43969631,6.993478775,1.116552472,101.177536,3.706525326,5.180686951,235.5838165,235.3018646,15.14560127,69.87284088,Spring,1
3/27/2028,15.00967216,20.59951591,10.51079559,7.020612717,1.118920565,101.1666412,3.703487873,5.175143242,235.1896057,234.9279633,15.24411392,69.7483139,Spring,1
3/28/2028,15.10065651,20.70878601,10.58294392,7.048303604,1.121090531,101.1557846,3.700577021,5.169723511,234.7934113,234.5459595,15.34395599,69.62275696,Spring,1
3/29/2028,15.19256783,20.81867218,10.65613937,7.076557636,1.12300837,101.1450272,3.697800875,5.164440155,234.3959198,234.1565704,15.44509506,69.49629974,Spring,1
3/30/2028,15.28539944,20.92916679,10.73037148,7.105379105,1.124623775,101.1344147,3.695166826,5.159305573,233.9978485,233.7605133,15.54750061,69.3690567,Spring,1
3/31/2028,15.37913799,21.0402565,10.80563641,7.134768009,1.125889897,101.1240005,3.692682505,5.154330254,233.5997772,233.3585358,15.6511364,69.24117279,Spring,1
4/1/2028,15.47377396,21.15193176,10.88192558,7.164723396,1.126764417,101.1138306,3.690354109,5.149523735,233.2023315,232.9513855,15.75595474,69.11277771,Spring,1
4/2/2028,15.56929016,21.26417732,10.95922661,7.195240021,1.127208591,101.1039581,3.688189268,5.144897461,232.8059845,232.5397644,15.8619194,68.9839859,Spring,1
4/3/2028,15.66566563,21.37697411,11.03752804,7.22631073,1.127188921,101.0944214,3.686192751,5.140458107,232.4112091,232.1243591,15.96897888,68.85491943,Spring,1
4/4/2028,15.76288223,21.49030495,11.11682129,7.257925987,1.12667644,101.0852737,3.684368849,5.136212349,232.0183411,231.7058563,16.07708168,68.72570038,Spring,1
4/5/2028,15.86091805,21.60414696,11.19709015,7.290074348,1.125646472,101.0765533,3.682721376,5.132165909,231.6276245,231.2848511,16.18618011,68.59643555,Spring,1
4/6/2028,15.95975018,21.71847916,11.27832222,7.322740555,1.124079943,101.0682983,3.681251526,5.128321648,231.2392883,230.8619232,16.29621506,68.46722412,Spring,1
4/7/2028,16.05935287,21.83328056,11.36050415,7.355910301,1.12196219,101.0605392,3.679960012,5.124682426,230.8533783,230.437561,16.40713882,68.33815765,Spring,1
4/8/2028,16.15970421,21.94852257,11.44362164,7.389564514,1.119282961,101.0533066,3.67884469,5.121244431,230.4699402,230.0121918,16.5188961,68.20931244,Spring,1
4/9/2028,16.26077461,22.06418991,11.52765846,7.423685074,1.116037011,101.0466309,3.677901983,5.118003845,230.0888824,229.5862427,16.6314373,68.08076477,Spring,1
4/10/2028,16.36254311,22.18025589,11.61260128,7.458251953,1.112223625,101.0405426,3.677127123,5.114955902,229.7100067,229.1600037,16.74470711,67.95256805,Spring,1
4/11/2028,16.4649868,22.29670143,11.6984396,7.493245125,1.10784626,101.0350571,3.676511526,5.112089157,229.3330536,228.7336578,16.85866165,67.82476044,Spring,1
4/12/2028,16.56808281,22.41351128,11.78515816,7.528642654,1.102912068,101.0301895,3.676046133,5.109392166,228.9577026,228.3074188,16.97325325,67.69737244,Spring,1
4/13/2028,16.67181015,22.53067017,11.87274647,7.564423561,1.097432613,101.0259476,3.675716877,5.10684967,228.5835114,227.8813171,17.08844185,67.57041168,Spring,1
4/14/2028,16.77614975,22.64816666,11.96119499,7.600567818,1.0914222,101.0223465,3.675510883,5.104440689,228.2100372,227.4554138,17.20419121,67.4438858,Spring,1
4/15/2028,16.88109207,22.76599312,12.05049419,7.637054443,1.084898949,101.0193863,3.675409317,5.102144241,227.836731,227.0296173,17.320467,67.31777191,Spring,1
4/16/2028,16.98662376,22.88414764,12.14063835,7.673862457,1.077883005,101.017067,3.67539382,5.099935532,227.4629211,226.6038055,17.43724632,67.19203186,Spring,1
4/17/2028,17.09273148,23.00263405,12.2316227,7.710976601,1.070397258,101.0153809,3.675442934,5.09778595,227.088089,226.1777954,17.55451012,67.06661987,Spring,1
4/18/2028,17.19941902,23.12145805,12.32344627,7.7483778,1.062466741,101.0143356,3.675531387,5.095664024,226.7115021,225.7513885,17.67224121,66.94145966,Spring,1
4/19/2028,17.30668259,23.24063683,12.41610813,7.78605175,1.05411768,101.0139008,3.675634146,5.093535423,226.3325348,225.3242798,17.79043388,66.81647491,Spring,1
4/20/2028,17.41453171,23.36018562,12.50961208,7.823984146,1.045377731,101.0140686,3.675722599,5.091364861,225.95047,224.8961945,17.90909195,66.69155884,Spring,1
4/21/2028,17.52297211,23.48013496,12.60396385,7.862164497,1.036275387,101.0148163,3.675767422,5.089111328,225.5646973,224.4667664,18.02822113,66.56660461,Spring,1
4/22/2028,17.63202286,23.60051537,12.69917202,7.900584221,1.026839018,101.0161285,3.675736189,5.086735725,225.1745453,224.0357056,18.14783859,66.44147491,Spring,1
4/23/2028,17.74170303,23.72136497,12.79524708,7.939235687,1.017097473,101.0179825,3.675596476,5.08419323,224.7794495,223.6026459,18.26796722,66.31603241,Spring,1
4/24/2028,17.85203934,23.84272957,12.89220524,7.978116035,1.007079482,101.0203476,3.675315857,5.081440926,224.3788452,223.1672668,18.38863945,66.19011688,Spring,1
4/25/2028,17.96306229,23.96466255,12.99006367,8.017224312,0.996811867,101.0231934,3.674857616,5.078433037,223.972229,222.7292633,18.50989342,66.06356049,Spring,1
4/26/2028,18.07480621,24.08721924,13.08884144,8.05656147,0.986321747,101.0264816,3.674188614,5.075124741,223.5592804,222.2884064,18.6317749,65.93618011,Spring,1
4/27/2028,18.18731308,24.21046638,13.18856144,8.096130371,0.975634158,101.0301895,3.673272848,5.0714674,223.1396637,221.8444366,18.75433731,65.80780029,Spring,1
4/28/2028,18.30062866,24.33446693,13.28924942,8.135939598,0.964772403,101.0342789,3.672075272,5.067419052,222.7131653,221.3972168,18.87763786,65.67822266,Spring,1
4/29/2028,18.41479874,24.45929909,13.39092922,8.17599678,0.95375818,101.0387192,3.670562744,5.062931061,222.2797394,220.9466553,19.0017395,65.54724121,Spring,1
4/30/2028,18.52988052,24.58503723,13.49363518,8.216314316,0.942611337,101.0434647,3.668700695,5.057963371,221.8394012,220.4927673,19.12671661,65.41465759,Spring,1
5/1/2028,18.64592361,24.71176147,13.5973959,8.256905556,0.93134892,101.0484848,3.666458368,5.052472115,221.3923645,220.0355988,19.25264168,65.28026581,Spring,1
5/2/2028,18.76298904,24.83955574,13.70224094,8.297785759,0.919985831,101.0537338,3.663805008,5.04641819,220.9389343,219.5754089,19.37959099,65.14385223,Spring,1
5/3/2028,18.88113785,24.96850204,13.80820465,8.338973999,0.908534706,101.0591888,3.660713196,5.039765358,220.4795532,219.1124725,19.50764847,65.00521088,Spring,1
5/4/2028,19.00043297,25.09869003,13.91532135,8.380487442,0.897005439,101.0647964,3.657157898,5.032481194,220.0148468,218.6472168,19.63689232,64.86414337,Spring,1
5/5/2028,19.12092972,25.23019791,14.02362156,8.422348022,0.885405302,101.0705338,3.653115749,5.024534225,219.5456543,218.1801453,19.76740837,64.72045135,Spring,1
5/6/2028,19.24269104,25.3631134,14.13313961,8.464575768,0.873739541,101.076355,3.648568869,5.015901566,219.0728149,217.7119598,19.89927864,64.57393646,Spring,1
5/7/2028,19.36577988,25.49751472,14.24390793,8.507192612,0.862010062,101.0822372,3.643500328,5.006561279,218.5974426,217.2434692,20.03258705,64.42443085,Spring,1
5/8/2028,19.49025345,25.63348198,14.35595703,8.55022049,0.850217581,101.0881348,3.637899399,4.996500015,218.1207581,216.7755737,20.1674118,64.2717514,Spring,1
5/9/2028,19.61616516,25.77108574,14.46930885,8.593681335,0.838359892,101.0940323,3.631757975,4.985705853,217.6441803,216.3093414,20.3038311,64.11574554,Spring,1
5/10/2028,19.74356842,25.91039467,14.58399582,8.637595177,0.826432526,101.099884,3.625072956,4.97417593,217.1691284,215.845932,20.44191551,63.95626068,Spring,1
5/11/2028,19.87250519,26.0514679,14.70003796,8.681984901,0.814430118,101.1056747,3.617846966,4.961912155,216.6973114,215.386673,20.5817318,63.79318237,Spring,1
5/12/2028,20.00302315,26.19435692,14.81745052,8.726865768,0.80234468,101.1113663,3.610084772,4.948923111,216.2304535,214.9329376,20.72334099,63.62638855,Spring,1
5/13/2028,20.13515091,26.33910561,14.93624878,8.772257805,0.79016757,101.116951,3.60179925,4.935224533,215.7704315,214.4862976,20.86679268,63.45579529,Spring,1
5/14/2028,20.26892471,26.48575211,15.05644608,8.818174362,0.777888596,101.1223984,3.59300518,4.920836449,215.3191528,214.0483398,21.01213646,63.28132629,Spring,1
5/15/2028,20.40435791,26.63431358,15.17804241,8.864628792,0.765497029,101.1276855,3.583725691,4.905787945,214.8786774,213.6207428,21.15940285,63.10292816,Spring,1
5/16/2028,20.54146385,26.78480911,15.30103588,8.911632538,0.752981424,101.1328049,3.573985338,4.890113831,214.4510803,213.2053223,21.30861664,62.920578,Spring,1
5/17/2028,20.68024635,26.93722916,15.42542267,8.959189415,0.740330398,101.1377335,3.563817024,4.873855591,214.0384674,212.8038788,21.45979118,62.73426056,Spring,1
5/18/2028,20.82069778,27.09156799,15.55118656,9.007304192,0.727532148,101.1424637,3.553256512,4.857061386,213.6430206,212.4183197,21.61293411,62.54399872,Spring,1
5/19/2028,20.96280479,27.24779701,15.67830467,9.055977821,0.714575529,101.1469879,3.542344809,4.839784622,213.2668152,212.0504913,21.76802826,62.34983826,Spring,1
5/20/2028,21.10653496,27.40587234,15.80675411,9.105203629,0.701450467,101.1512985,3.531127691,4.822086334,212.9120331,211.7023468,21.92505455,62.15184021,Spring,1
5/21/2028,21.25185013,27.56574249,15.93649578,9.154976845,0.688147008,101.1553879,3.519654512,4.804030895,212.580719,211.3757172,22.08397484,61.9500885,Spring,1
5/22/2028,21.39870453,27.72733879,16.06748772,9.205283165,0.674657226,101.1592484,3.507979631,4.785689831,212.2748871,211.0724792,22.24474144,61.74471283,Spring,1
5/23/2028,21.54703522,27.89057922,16.19968033,9.25610733,0.660974264,101.1628799,3.496160269,4.767139435,211.99646,210.7944489,22.40729332,61.53583527,Spring,1
5/24/2028,21.69677162,28.05536652,16.33301735,9.30742836,0.647092879,101.1662903,3.484256506,4.748457909,211.7473145,210.5433197,22.57155418,61.32363129,Spring,1
5/25/2028,21.84783173,28.22158813,16.46743393,9.359220505,0.633010387,101.1694717,3.472332001,4.729729652,211.5290527,210.3207703,22.73743439,61.10827637,Spring,1
5/26/2028,22.00011635,28.38912201,16.60285378,9.411456108,0.618725657,101.1724319,3.46045208,4.711041451,211.3432617,210.1283112,22.90483093,60.8899765,Spring,1
5/27/2028,22.15352631,28.55783272,16.73920059,9.464102745,0.60424006,101.1751709,3.448684454,4.692481041,211.1912994,209.9673004,23.07362938,60.66895294,Spring,1
5/28/2028,22.30794334,28.72756386,16.87638664,9.517120361,0.589557528,101.1777039,3.437097549,4.674139977,211.0743408,209.8389893,23.24370575,60.44545746,Spring,1
5/29/2028,22.46324539,28.89816093,17.01431465,9.570469856,0.574684203,101.1800308,3.425760508,4.656108856,210.9933624,209.7444458,23.41492271,60.21975708,Spring,1
5/30/2028,22.61930084,29.06945038,17.15289307,9.624106407,0.55962944,101.1821594,3.414742708,4.638479233,210.9491272,209.6845551,23.58712578,59.99212646,Spring,1
5/31/2028,22.77595901,29.24124718,17.29200935,9.67798233,0.544404745,101.1840897,3.404112816,4.621342182,210.9421539,209.6599426,23.76016045,59.76286316,Spring,1
6/1/2028,22.93307877,29.41336632,17.43155289,9.732048035,0.529024184,101.1858444,3.39393878,4.604786873,210.9726868,209.6711273,23.93385506,59.5322876,Summer,2
6/2/2028,23.09049797,29.58560562,17.57140923,9.786249161,0.513504803,101.1874313,3.384285688,4.588900566,211.040741,209.7182617,24.10803795,59.30069733,Summer,2
6/3/2028,23.2480526,29.75776672,17.7114563,9.840529442,0.497866094,101.1888504,3.375217676,4.573767662,211.1461029,209.8013763,24.28252411,59.0684433,Summer,2
6/4/2028,23.40558243,29.929636,17.85157013,9.894833565,0.482129723,101.1901093,3.366795778,4.559467316,211.2881622,209.9201813,24.4571228,58.83585358,Summer,2
6/5/2028,23.56290436,30.10100555,17.99162102,9.949102402,0.46631974,101.1912231,3.359076023,4.546076298,211.4662018,210.0741272,24.63164139,58.60327911,Summer,2
6/6/2028,23.71985245,30.27165985,18.13148499,10.00327587,0.450462699,101.1921997,3.352112055,4.533664227,211.6790924,210.2624359,24.8058815,58.37106323,Summer,2
6/7/2028,23.87624359,30.44138527,18.2710247,10.0572958,0.434586436,101.1930466,3.345951557,4.522294998,211.9254913,210.4841003,24.97964478,58.13955688,Summer,2
6/8/2028,24.03190422,30.609972,18.41011047,10.11110115,0.41872099,101.1937714,3.340638161,4.51202774,212.2037811,210.7377472,25.15273094,57.90911865,Summer,2
6/9/2028,24.18665504,30.77720261,18.54860687,10.16463375,0.402897656,101.1943741,3.336209059,4.502910614,212.512085,211.0218048,25.32493973,57.6800766,Summer,2
6/10/2028,24.34032059,30.94287682,18.68638611,10.21783638,0.387149036,101.19487,3.332695484,4.494986534,212.8482361,211.3344727,25.49607658,57.45278931,Summer,2
6/11/2028,24.49272728,31.10679054,18.82331276,10.27065182,0.371508449,101.1952591,3.330122948,4.488289833,213.2098846,211.6736908,25.66593933,57.22759247,Summer,2
6/12/2028,24.64370537,31.26874924,18.95926285,10.32302666,0.356010377,101.195549,3.328509092,4.48284483,213.5944366,212.0371094,25.83434486,57.00479889,Summer,2
6/13/2028,24.79309654,31.42856979,19.09410858,10.37491131,0.340688765,101.1957397,3.327865362,4.478667259,213.9990387,212.422226,26.00110245,56.78476715,Summer,2
6/14/2028,24.94073486,31.58607483,19.22772789,10.42625713,0.325578153,101.1958313,3.328195095,4.475764275,214.4207153,212.8263245,26.16603661,56.56776428,Summer,2
6/15/2028,25.08646965,31.7410965,19.36000252,10.47701645,0.310713112,101.1958389,3.32949543,4.474131584,214.8562927,213.24646,26.32897758,56.35411072,Summer,2
6/16/2028,25.23016167,31.89348221,19.49082375,10.52715206,0.296126515,101.195755,3.331754208,4.473755836,215.3024902,213.6795197,26.48975945,56.14408875,Summer,2
6/17/2028,25.37167358,32.04309464,19.62008095,10.57662582,0.281851679,101.1955719,3.334953785,4.474614143,215.7558136,214.1223602,26.64823151,55.93796539,Summer,2
6/18/2028,25.5108757,32.18979263,19.74766922,10.62540627,0.267919987,101.1953049,3.339067698,4.476673603,216.2128143,214.5715637,26.80425262,55.7359848,Summer,2
6/19/2028,25.64765549,32.33347702,19.87350082,10.67346573,0.254361182,101.1949463,3.344061852,4.4798913,216.6698456,215.0237122,26.9576931,55.53839111,Summer,2
6/20/2028,25.78190804,32.47404099,19.99748421,10.72078323,0.241204098,101.1944885,3.349896193,4.484216213,217.1233368,215.4753113,27.10843086,55.34539795,Summer,2
6/21/2028,25.91353798,32.61139679,20.11954117,10.76734066,0.228474841,101.1939392,3.356522322,4.489585876,217.5695953,215.9227753,27.2563591,55.1572113,Summer,2
6/22/2028,26.04245949,32.74547577,20.23959541,10.81312847,0.216198176,101.1932983,3.363886118,4.495930672,218.0050812,216.3625488,27.40138435,54.97400665,Summer,2
6/23/2028,26.16860199,32.87622833,20.35758591,10.85813904,0.204395697,101.1925507,3.371927023,4.503172874,218.4262085,216.7911377,27.5434227,54.79595947,Summer,2
6/24/2028,26.29190636,33.00361252,20.47345352,10.90237141,0.193087265,101.1917038,3.380578041,4.511226654,218.8294983,217.2049866,27.68240738,54.62319946,Summer,2
6/25/2028,26.41231918,33.12760162,20.58714676,10.94583225,0.182289615,101.1907501,3.389767408,4.51999855,219.2116699,217.6007538,27.81827736,54.45587158,Summer,2
6/26/2028,26.52980614,33.2481842,20.69862938,10.98852825,0.172017425,101.1896896,3.399418354,4.529391289,219.5694427,217.9750977,27.95099258,54.29407501,Summer,2
6/27/2028,26.64433861,33.36536789,20.80786705,11.03047657,0.162282169,101.1885147,3.409449339,4.539298058,219.8998413,218.3248596,28.08051682,54.13790894,Summer,2
6/28/2028,26.75590515,33.47916794,20.91483116,11.07169628,0.153092846,101.187233,3.419776917,4.549610138,220.1999969,218.6470947,28.20683289,53.98744965,Summer,2
6/29/2028,26.8644886,33.58960724,21.01950264,11.11221218,0.144455656,101.1858368,3.430312395,4.560214043,220.4673462,218.9389496,28.32992554,53.84275818,Summer,2
6/30/2028,26.97010231,33.69673157,21.12187767,11.15205097,0.13637431,101.1843185,3.440966606,4.570994854,220.6995087,219.1978912,28.44979858,53.70387268,Summer,2
7/1/2028,27.07275581,33.80059052,21.2219429,11.19124603,0.128849983,101.1826859,3.451647997,4.581833839,220.8944397,219.4216003,28.56645966,53.57084656,Summer,2
7/2/2028,27.17246819,33.90123367,21.31970787,11.22983265,0.121881187,101.1809387,3.462264776,4.59261179,221.0503235,219.608017,28.67992592,53.44369507,Summer,2
7/3/2028,27.26926613,33.99873352,21.41517448,11.26784801,0.115464479,101.1790695,3.472724676,4.603210449,221.1656799,219.7554016,28.79022217,53.32242584,Summer,2
7/4/2028,27.36318207,34.09315872,21.508358,11.30533504,0.109594308,101.1770935,3.482936859,4.613511086,221.2393646,219.8622589,28.89738083,53.20704269,Summer,2
7/5/2028,27.45425797,34.18458557,21.59927177,11.34233475,0.104263522,101.1749954,3.492812395,4.623398304,221.2705688,219.9274902,29.00143814,53.09753799,Summer,2
7/6/2028,27.54253006,34.27308655,21.6879406,11.37889004,0.099463426,101.1727982,3.502263069,4.632760048,221.2588501,219.9503326,29.10243416,52.99390793,Summer,2
7/7/2028,27.62804794,34.35874939,21.77438736,11.41504478,0.095183246,101.1704941,3.511205912,4.641487122,221.204071,219.9303131,29.20041084,52.89613342,Summer,2
7/8/2028,27.71085739,34.44164276,21.85863304,11.45084381,0.091412418,101.1680908,3.519559383,4.649476051,221.1064758,219.8673401,29.29541397,52.80419159,Summer,2
7/9/2028,27.791008,34.52184296,21.94070816,11.48633194,0.088138737,101.165596,3.527249098,4.656629562,220.9666443,219.7617035,29.3874836,52.71806335,Summer,2
7/10/2028,27.86853981,34.59943008,22.02064323,11.52155018,0.085350528,101.1630096,3.534203768,4.662856102,220.7855225,219.6140442,29.4766655,52.63772583,Summer,2
7/11/2028,27.94350243,34.67446518,22.09846115,11.55653763,0.083035491,101.1603546,3.54035902,4.668073177,220.5644531,219.425354,29.56299973,52.56316376,Summer,2
7/12/2028,28.01593971,34.74700546,22.17419243,11.5913353,0.08118163,101.1576309,3.545656919,4.672205925,220.3050079,219.1969757,29.64652252,52.49435425,Summer,2
7/13/2028,28.08588409,34.81710815,22.24785805,11.62597466,0.079778381,101.1548538,3.55004549,4.675189018,220.009201,218.9305725,29.7272625,52.43128967,Summer,2
7/14/2028,28.15337372,34.88480759,22.3194828,11.66048908,0.07881517,101.1520309,3.553481102,4.67696476,219.6792145,218.6282043,29.80525208,52.3739624,Summer,2
7/15/2028,28.21842766,34.95013809,22.38908386,11.69490337,0.078283161,101.1491776,3.555927277,4.677488327,219.317688,218.29216,29.88049889,52.32237244,Summer,2
7/16/2028,28.28107643,35.01311111,22.4566803,11.72924232,0.078175336,101.1463089,3.557355642,4.676724434,218.9273682,217.9250793,29.95302391,52.27651978,Summer,2
7/17/2028,28.34132385,35.0737381,22.52228165,11.76352119,0.07848651,101.1434326,3.557747364,4.674649239,218.5113678,217.5298767,30.02281761,52.23642731,Summer,2
7/18/2028,28.39917183,35.13200378,22.58589363,11.79775143,0.079213344,101.140564,3.557090282,4.671247959,218.0729218,217.1096954,30.08987617,52.20211029,Summer,2
7/19/2028,28.45462227,35.18789291,22.64751434,11.83193874,0.080355309,101.1377182,3.555382013,4.666521072,217.6155701,216.667923,30.15418053,52.1736145,Summer,2
7/20/2028,28.50765038,35.2413559,22.70714188,11.86608315,0.081914149,101.1349182,3.552628517,4.660475731,217.1428528,216.2081299,30.21569633,52.15097427,Summer,2
7/21/2028,28.55823708,35.29233932,22.76475906,11.90017605,0.083894536,101.132164,3.548845053,4.653134346,216.6585999,215.7340546,30.27438736,52.13424301,Summer,2
7/22/2028,28.60634232,35.34077835,22.82035065,11.93420506,0.086304188,101.1294861,3.544053555,4.644528389,216.1666412,215.2495575,30.33019829,52.12348938,Summer,2
7/23/2028,28.65192604,35.38657761,22.87389183,11.96814823,0.089153267,101.1268997,3.538285971,4.634700775,215.6708984,214.7586212,30.38306427,52.11878204,Summer,2
7/24/2028,28.6949234,35.42964172,22.92534447,12.00197983,0.092455603,101.1244049,3.531582355,4.623705387,215.1753235,214.2653503,30.4329071,52.12020874,Summer,2
7/25/2028,28.73526955,35.46984863,22.97467422,12.03566456,0.096228063,101.1220245,3.523989201,4.611605644,214.6838379,213.7737122,30.47964096,52.12786102,Summer,2
7/26/2028,28.77289009,35.50707626,23.02183342,12.06916046,0.100489639,101.1197815,3.515561342,4.598474026,214.2003326,213.2878418,30.52317238,52.14184952,Summer,2
7/27/2028,28.8076973,35.54116821,23.06676292,12.10242081,0.105263315,101.1176758,3.5063591,4.584392548,213.7286224,212.8117523,30.5633831,52.16226196,Summer,2
7/28/2028,28.83959389,35.57197189,23.10940742,12.13539219,0.110574082,101.1157303,3.496450424,4.569452286,213.2724762,212.34935,30.60016632,52.18924332,Summer,2
7/29/2028,28.86847878,35.59931564,23.14969826,12.16801357,0.116450042,101.1139526,3.485908508,4.553750038,212.8353882,211.9045105,30.63338852,52.22290039,Summer,2
7/30/2028,28.89423943,35.62303543,23.18756485,12.20022202,0.122921124,101.1123505,3.4748106,4.537390232,212.4207611,211.480896,30.66291618,52.2633667,Summer,2
7/31/2028,28.91675568,35.64292908,23.22292519,12.23194408,0.130019695,101.1109467,3.463239431,4.520482063,212.0318146,211.0819855,30.68860817,52.31076813,Summer,2
8/1/2028,28.93590546,35.65880966,23.25570107,12.26310539,0.137779698,101.1097336,3.451280355,4.503139496,211.6714478,210.7110901,30.71032143,52.365242,Summer,2
8/2/2028,28.95156479,35.67047882,23.28580475,12.29362774,0.146236956,101.1087341,3.439021826,4.485481262,211.3424072,210.3712616,30.72790337,52.4269104,Summer,2
8/3/2028,28.96359825,35.67773819,23.31314087,12.32342529,0.155427501,101.1079483,3.426554203,4.467628002,211.0470581,210.0652313,30.74119949,52.49591446,Summer,2
8/4/2028,28.97188187,35.68038177,23.33762169,12.35241413,0.165388361,101.1073837,3.413969278,4.449701309,210.7875061,209.795517,30.75005913,52.57238007,Summer,2
8/5/2028,28.97627258,35.67821884,23.35914993,12.38050556,0.176156744,101.1070404,3.401358843,4.431824207,210.565567,209.5642395,30.75432587,52.65642548,Summer,2
8/6/2028,28.9766407,35.67103958,23.37763214,12.40760708,0.187769592,101.106926,3.388813972,4.414117813,210.3826599,209.3732452,30.75384903,52.74816895,Summer,2
8/7/2028,28.97286797,35.6586647,23.39297104,12.4336319,0.200262517,101.1070328,3.376425266,4.396702766,210.2398834,209.2239685,30.74847984,52.84770966,Summer,2
8/8/2028,28.96482277,35.64090347,23.40507507,12.45848656,0.213670433,101.1073761,3.364279747,4.379695892,210.13797,209.1175232,30.73807716,52.95514679,Summer,2
8/9/2028,28.95238304,35.61758804,23.41384888,12.48208046,0.228025749,101.1079407,3.352463245,4.363210678,210.0772858,209.0545807,30.72250366,53.07056427,Summer,2
8/10/2028,28.93544006,35.5885582,23.4192009,12.50432682,0.243358567,101.1087265,3.341056347,4.347356796,210.0578308,209.0355225,30.70163345,53.19402695,Summer,2
8/11/2028,28.91388893,35.55366516,23.42105103,12.52513599,0.259696394,101.1097336,3.330136776,4.332237244,210.0792847,209.0602417,30.67535019,53.32558441,Summer,2
8/12/2028,28.88764191,35.51277924,23.41931725,12.54442596,0.277062804,101.1109543,3.319776297,4.317946434,210.1408386,209.1283264,30.64354706,53.46527863,Summer,2
8/13/2028,28.85661125,35.46578598,23.41392136,12.56211662,0.295477629,101.112381,3.310040474,4.304575443,210.2415161,209.2389221,30.60614014,53.6131134,Summer,2
8/14/2028,28.82073402,35.41260147,23.40480232,12.57813072,0.314956248,101.1140137,3.300990343,4.292203903,210.3797913,209.3907928,30.56304741,53.76908112,Summer,2
8/15/2028,28.77994919,35.35314941,23.3918972,12.59239769,0.335508466,101.1158295,3.292678118,4.280903816,210.5540314,209.5824127,30.51421165,53.93315887,Summer,2
8/16/2028,28.7342186,35.28738022,23.37515068,12.60485268,0.357139856,101.1178284,3.285150528,4.270736694,210.7621155,209.8118286,30.45958328,54.10529327,Summer,2
8/17/2028,28.68352318,35.21528625,23.35452461,12.6154356,0.379849434,101.1200027,3.278445959,4.261756897,211.0017242,210.0767822,30.39914894,54.28540039,Summer,2
8/18/2028,28.62785149,35.13685608,23.32998848,12.62409401,0.403629869,101.122345,3.27259469,4.254003048,211.2702484,210.3747253,30.33289719,54.47337341,Summer,2
8/19/2028,28.56721115,35.05212784,23.30152321,12.63078213,0.428468138,101.1248245,3.267619848,4.247508049,211.5648651,210.7028198,30.26084518,54.66910553,Summer,2
8/20/2028,28.50163841,34.96115494,23.26910782,12.63546276,0.454343826,101.1274567,3.263534784,4.242292404,211.8824615,211.0579071,30.18302727,54.87241745,Summer,2
8/21/2028,28.43117714,34.86402512,23.23275375,12.63810349,0.48123014,101.1302032,3.260345936,4.23836422,212.2198334,211.4367218,30.09950066,55.0831337,Summer,2
8/22/2028,28.35589218,34.760849,23.19247246,12.63868618,0.509092808,101.1330719,3.258051634,4.235723495,212.5736084,211.8356781,30.01034546,55.30105209,Summer,2
8/23/2028,28.27587318,34.65176773,23.14829063,12.63719082,0.537890613,101.1360397,3.256640434,4.234354973,212.9402466,212.2511139,29.91566086,55.52592468,Summer,2
8/24/2028,28.19122124,34.53695297,23.10024261,12.63361645,0.567575157,101.1391068,3.256094217,4.234236717,213.3162079,212.679184,29.81557083,55.75750732,Summer,2
8/25/2028,28.10206223,34.41659546,23.04838181,12.62796402,0.598091185,101.1422424,3.25638628,4.23533535,213.6978302,213.1159821,29.71021271,55.9954834,Summer,2
8/26/2028,28.00853729,34.29091644,22.99277306,12.62024403,0.629375935,101.1454544,3.257483482,4.237605572,214.0814667,213.5575409,29.59975243,56.23956299,Summer,2
8/27/2028,27.91080475,34.16016769,22.93348885,12.61047745,0.661360204,101.1487198,3.259344339,4.240995407,214.463501,213.9998932,29.48437309,56.48940277,Summer,2
8/28/2028,27.80903816,34.02461624,22.87061691,12.59868813,0.693968236,101.1520386,3.261921644,4.245443344,214.8403625,214.4390869,29.36427689,56.74463654,Summer,2
8/29/2028,27.70343781,33.88455963,22.80425644,12.58491325,0.727117717,101.1553955,3.265162468,4.25087738,215.2085876,214.8711853,29.23968124,57.00488281,Summer,2
8/30/2028,27.59420204,33.74030304,22.73451424,12.56919289,0.760720909,101.1587753,3.269006968,4.257221222,215.5648346,215.2924194,29.11082458,57.26974487,Summer,2
8/31/2028,27.48155594,33.59217834,22.66151237,12.55157757,0.79468435,101.1621857,3.2733922,4.264389992,215.9059448,215.6990967,28.97796059,57.5388031,Summer,2
9/1/2028,27.36572838,33.44054031,22.58538246,12.53211975,0.828909516,101.1656036,3.278249502,4.272294521,216.2288666,216.0877686,28.84134674,57.81160736,Autumn,3
9/2/2028,27.24696922,33.28575134,22.5062561,12.51088333,0.863293886,101.1690369,3.283508062,4.280840874,216.5308685,216.4551086,28.70127106,58.08771515,Autumn,3
9/3/2028,27.12552071,33.12818146,22.42428398,12.4879303,0.897731066,101.1724777,3.289093494,4.28992939,216.8093872,216.7980652,28.55801392,58.36666107,Autumn,3
9/4/2028,27.00165367,32.96821213,22.33961678,12.46333313,0.932111561,101.1759109,3.294929981,4.299458981,217.0621948,217.1138458,28.41187286,58.64796448,Autumn,3
9/5/2028,26.87562752,32.80623627,22.25241089,12.43716526,0.966323376,101.1793442,3.300940752,4.309327602,217.287323,217.3999786,28.26314735,58.93113708,Autumn,3
9/6/2028,26.74770927,32.64264297,22.16283226,12.40950298,1.000253081,101.1827698,3.307048082,4.319431782,217.4831085,217.6542664,28.11215019,59.21570587,Autumn,3
9/7/2028,26.61817169,32.47782516,22.07104683,12.38042831,1.033786178,101.1861877,3.313175917,4.329668522,217.6482239,217.8748779,27.95918655,59.50117493,Autumn,3
9/8/2028,26.48728561,32.31217575,21.97721481,12.35001659,1.066808581,101.1895981,3.319247484,4.33993721,217.7816467,218.060318,27.80456352,59.78704071,Autumn,3
9/9/2028,26.35531425,32.1460762,21.88151932,12.31835175,1.09920609,101.1930084,3.325190544,4.350136757,217.882782,218.2094879,27.64858818,60.07282257,Autumn,3
9/10/2028,26.22252083,31.97990227,21.78412247,12.28551483,1.130866647,101.1964035,3.330934763,4.360173225,217.9513245,218.3216705,27.49156189,60.3580246,Autumn,3
9/11/2028,26.08916473,31.81402206,21.68518829,12.25158596,1.161680698,101.1997986,3.336412191,4.369956017,217.9873505,218.3964996,27.3337822,60.6421814,Autumn,3
9/12/2028,25.95549393,31.64878082,21.58488464,12.21663952,1.191541553,101.2031937,3.341560841,4.3793993,217.9913025,218.4340057,27.17553139,60.92480469,Autumn,3
9/13/2028,25.8217392,31.48451614,21.48337173,12.18075371,1.22034657,101.2065811,3.346323013,4.388422966,217.9639587,218.4347229,27.01708412,61.20545197,Autumn,3
9/14/2028,25.68813133,31.32153511,21.38080597,12.1439991,1.247998238,101.2099762,3.350646734,4.396955967,217.9064484,218.3994141,26.85870552,61.4836731,Autumn,3
9/15/2028,25.55487633,31.16013718,21.27733612,12.10644245,1.274404168,101.2133789,3.354485512,4.404932976,217.8202362,218.3293304,26.70064354,61.7590332,Autumn,3
9/16/2028,25.42217636,31.00058365,21.1730957,12.06814861,1.29947865,101.2167892,3.357800484,4.412299156,217.7071075,218.226059,26.54312515,62.0311203,Autumn,3
9/17/2028,25.29020119,30.84311867,21.06822586,12.02917194,1.323142767,101.2202148,3.360558987,4.419006348,217.5691681,218.091568,26.38636589,62.29956055,Autumn,3
9/18/2028,25.15911484,30.68795013,20.96284676,11.98956776,1.345325232,101.2236481,3.362735748,4.425018787,217.4087982,217.9281158,26.2305584,62.56396484,Autumn,3
9/19/2028,25.02905464,30.53526497,20.85706711,11.94937801,1.365962863,101.2271118,3.364313841,4.430307865,217.2286072,217.7383575,26.07587433,62.8239975,Autumn,3
9/20/2028,24.90014076,30.38520622,20.75098991,11.90864086,1.385001421,101.2305832,3.365283012,4.434856892,217.0314789,217.525177,25.92246628,63.07933044,Autumn,3
9/21/2028,24.77246857,30.23789978,20.6446991,11.86738682,1.402395606,101.2340851,3.365641832,4.438657761,216.8205261,217.2917175,25.77045631,63.3296814,Autumn,3
9/22/2028,24.64611435,30.09342194,20.53827477,11.82564068,1.418110013,101.2376099,3.365396976,4.44171524,216.5989838,217.0414276,25.61994934,63.5747757,Autumn,3
9/23/2028,24.52112579,29.9518261,20.43177605,11.78341484,1.432118773,101.2411575,3.364561796,4.444042206,216.3702393,216.7778778,25.47102547,63.81438446,Autumn,3
9/24/2028,24.39753342,29.81312752,20.32525253,11.7407198,1.444405794,101.2447281,3.36315918,4.445663452,216.1378937,216.5048981,25.32373619,64.04828644,Autumn,3
9/25/2028,24.27534103,29.67730141,20.21873856,11.69755459,1.454966426,101.2483215,3.361218214,4.446612358,215.9055023,216.2263641,25.17811584,64.27630615,Autumn,3
9/26/2028,24.15453339,29.54430199,20.1122551,11.65390968,1.463805199,101.2519302,3.358776093,4.446932793,215.6767578,215.9463196,25.03416443,64.49829865,Autumn,3
9/27/2028,24.0350666,29.4140358,20.00580597,11.60977077,1.470937252,101.2555618,3.355876684,4.446677208,215.455307,215.6688232,24.89185905,64.71413422,Autumn,3
9/28/2028,23.91687584,29.28638649,19.89938545,11.56511497,1.476388097,101.259201,3.352570534,4.445907593,215.244812,215.397995,24.75115967,64.92372131,Autumn,3
9/29/2028,23.79987717,29.16119957,19.79297256,11.51991081,1.4801929,101.2628479,3.348914862,4.444694042,215.0488586,215.1379395,24.61200142,65.12701416,Autumn,3
9/30/2028,23.68396378,29.03829384,19.68653297,11.474123,1.482397199,101.2665024,3.344970703,4.44311285,214.8709869,214.8926392,24.47429276,65.32396698,Autumn,3
10/1/2028,23.5690136,28.91745949,19.5800209,11.42770672,1.483055592,101.2701416,3.340806246,4.441248894,214.7145996,214.6660461,24.33792496,65.51457977,Autumn,3
10/2/2028,23.45487785,28.79846191,19.47337532,11.38061619,1.48223114,101.2737656,3.336492062,4.439189434,214.5828552,214.4619904,24.20276451,65.6988678,Autumn,3
10/3/2028,23.34140015,28.681036,19.36652946,11.33279514,1.479995966,101.277359,3.332103491,4.437030315,214.4789124,214.2841339,24.06866646,65.87689209,Autumn,3
10/4/2028,23.228405,28.56490326,19.25939941,11.28418732,1.476430297,101.2809219,3.327718258,4.434869289,214.4055176,214.1358948,23.93546486,66.04872131,Autumn,3
10/5/2028,23.11569977,28.44975853,19.15189934,11.23473072,1.47162056,101.2844315,3.323415995,4.432807922,214.3653259,214.0205231,23.80298424,66.21445465,Autumn,3
10/6/2028,23.00308609,28.33529091,19.04393196,11.18436146,1.465660691,101.2878799,3.31927824,4.430949211,214.3606873,213.9409485,23.67103195,66.37421417,Autumn,3
10/7/2028,22.89035606,28.2211628,18.93538666,11.13301468,1.458650231,101.2912521,3.315386534,4.429396629,214.3936157,213.8998566,23.53940392,66.52814484,Autumn,3
10/8/2028,22.77729225,28.10703659,18.82616043,11.08062363,1.45069313,101.2945328,3.311822176,4.428254128,214.4658966,213.8995819,23.40788651,66.67638397,Autumn,3
10/9/2028,22.66367149,27.99256325,18.71613312,11.02711868,1.441898108,101.2977142,3.308664799,4.427623749,214.578949,213.9421692,23.27626991,66.8191452,Autumn,3
10/10/2028,22.54927254,27.87739372,18.60519028,10.97243786,1.432376504,101.3007813,3.305993319,4.427606583,214.733902,214.0292969,23.14433289,66.95658875,Autumn,3
10/11/2028,22.4338665,27.76117706,18.49320984,10.91651344,1.422242522,101.3037109,3.303883076,4.428299904,214.9315186,214.162262,23.01184845,67.08894348,Autumn,3
10/12/2028,22.31723213,27.64356232,18.38006973,10.85928535,1.411611438,101.3064957,3.302406073,4.429796219,215.1722107,214.3419495,22.87859917,67.21640778,Autumn,3
10/13/2028,22.19914818,27.52420807,18.26565742,10.80069447,1.400599122,101.3091202,3.30163002,4.432181358,215.4560547,214.5689392,22.74436188,67.33922577,Autumn,3
10/14/2028,22.07940865,27.40278435,18.14985275,10.74068928,1.389320731,101.3115616,3.301618099,4.435538292,215.7827759,214.8433533,22.6089325,67.45761871,Autumn,3
10/15/2028,21.95780373,27.27897072,18.03254128,10.6792202,1.377890348,101.3138199,3.302427053,4.439941883,216.1517334,215.1649323,22.47210121,67.57183838,Autumn,3
10/16/2028,21.83413887,27.15246582,17.9136219,10.61624622,1.366419673,101.3158798,3.304108858,4.445456982,216.5619812,215.5330353,22.33367157,67.68212891,Autumn,3
10/17/2028,21.7082386,27.02298546,17.79299355,10.55173111,1.355016708,101.3177261,3.306707621,4.452142715,217.0122375,215.94664,22.19346428,67.78872681,Autumn,3
10/18/2028,21.57993889,26.8902607,17.67056084,10.48565006,1.343786359,101.3193588,3.310261011,4.460048676,217.500824,216.4043274,22.05130959,67.89188385,Autumn,3
10/19/2028,21.44908333,26.75405884,17.54624367,10.4179821,1.332827568,101.3207474,3.314798355,4.469212532,218.0259247,216.9043579,21.90705299,67.99184418,Autumn,3
10/20/2028,21.31554985,26.61417198,17.41997147,10.34871864,1.322234392,101.321907,3.320342541,4.479663849,218.5852814,217.4446106,21.7605629,68.08885193,Autumn,3
10/21/2028,21.17922211,26.47040939,17.2916851,10.27785873,1.312094212,101.3228226,3.326905966,4.491422653,219.1764679,218.0226593,21.61172104,68.18314362,Autumn,3
10/22/2028,21.04001617,26.32262611,17.16133308,10.20541382,1.302487612,101.323494,3.334495306,4.504495621,219.7967529,218.6357727,21.46042824,68.27495575,Autumn,3
10/23/2028,20.89786339,26.17070007,17.02888489,10.13140202,1.293487191,101.3239212,3.343106985,4.518880367,220.4432831,219.2809296,21.30661774,68.36449432,Autumn,3
10/24/2028,20.75272179,26.01454735,16.89432144,10.0558548,1.285158157,101.3241043,3.352729321,4.534563541,221.112915,219.9549103,21.15023422,68.45199585,Autumn,3
10/25/2028,20.60456848,25.85411835,16.75763702,9.978814125,1.277556419,101.3240356,3.363342762,4.551518917,221.8024597,220.6542358,20.9912529,68.53765869,Autumn,3
10/26/2028,20.45341873,25.68940163,16.61884689,9.900331497,1.270729423,101.3237457,3.374918461,4.569711685,222.5084991,221.3752136,20.82966805,68.62167358,Autumn,3
10/27/2028,20.29929733,25.52041245,16.47797394,9.82047081,1.264715433,101.3232193,3.387420177,4.589096069,223.2275391,222.11409,20.66550064,68.70423889,Autumn,3
10/28/2028,20.14226151,25.34721947,16.33506203,9.739307404,1.259543419,101.3224792,3.400803566,4.609615326,223.9561005,222.8669281,20.49880028,68.7855072,Autumn,3
10/29/2028,19.98239899,25.16990852,16.1901741,9.65692234,1.255232692,101.3215332,3.41501689,4.631204128,224.6905518,223.629715,20.32963562,68.86565399,Autumn,3
10/30/2028,19.81981468,24.98861694,16.04338455,9.573411942,1.251793385,101.3204041,3.430001736,4.653785706,225.4273682,224.3984222,20.15810013,68.94482422,Autumn,3
10/31/2028,19.65463638,24.80350494,15.89478397,9.488882065,1.249226093,101.3191147,3.445692062,4.677277565,226.1630096,225.1690063,19.98431587,69.02313995,Autumn,3
11/1/2028,19.48702812,24.61477852,15.74448204,9.403443336,1.247522354,101.3176727,3.462016821,4.7015872,226.8939972,225.937439,19.80842018,69.10073853,Autumn,3
11/2/2028,19.31716156,24.42266464,15.59260464,9.317219734,1.246665001,101.3161011,3.478898525,4.726615906,227.6169434,226.6997528,19.63057899,69.17772675,Autumn,3
11/3/2028,19.1452446,24.22743225,15.43928814,9.230342865,1.246627808,101.3144455,3.496255875,4.752258301,228.3285675,227.4521179,19.45097923,69.25419617,Autumn,3
11/4/2028,18.97149277,24.02937317,15.28468227,9.142949104,1.24737668,101.3127136,3.514003515,4.778403759,229.0258179,228.1908264,19.26982307,69.33023071,Autumn,3
11/5/2028,18.79614639,23.82880402,15.12895775,9.055181503,1.248869896,101.3109436,3.532051325,4.804936886,229.7056885,228.9122925,19.08733368,69.40589905,Autumn,3
11/6/2028,18.61946678,23.62607574,14.97228909,8.967190742,1.25105834,101.309166,3.550308228,4.831738472,230.3654938,229.6131897,18.90375328,69.48127747,Autumn,3
11/7/2028,18.44172287,23.42154694,14.81486607,8.879133224,1.253886819,101.3074112,3.568680048,4.858688354,231.0027008,230.29039,18.71933556,69.55639648,Autumn,3
11/8/2028,18.26320076,23.2156105,14.65689087,8.791164398,1.25729394,101.3057251,3.587072611,4.885662079,231.6150513,230.9410095,18.53434563,69.63130188,Autumn,3
11/9/2028,18.08420372,23.00866318,14.49856853,8.703445435,1.261213303,101.3041306,3.605390549,4.912538528,232.2005157,231.5624542,18.34906578,69.7060318,Autumn,3
11/10/2028,17.90503311,22.80112267,14.34011841,8.616138458,1.265574694,101.3026657,3.623539686,4.939192772,232.7573853,232.1524353,18.16377831,69.78058624,Autumn,3
11/11/2028,17.72600555,22.59341621,14.18175602,8.529407501,1.270303726,101.3013687,3.641427279,4.965504646,233.2841644,232.7089386,17.97878265,69.85500336,Autumn,3
11/12/2028,17.54743958,22.38597298,14.02371502,8.443413734,1.275323391,101.3002853,3.658961773,4.991355896,233.7797546,233.2303314,17.79437828,69.92927551,Autumn,3
11/13/2028,17.3696537,22.17923355,13.86622238,8.358316422,1.280555606,101.2994385,3.676056385,5.016630173,234.2432098,233.7152557,17.61086082,70.00340271,Autumn,3
11/14/2028,17.19297791,21.97363091,13.70950699,8.27427578,1.285920739,101.2988739,3.692625523,5.041217804,234.6740875,234.1628113,17.42853928,70.07737732,Autumn,3
11/15/2028,17.01772308,21.76960182,13.5538044,8.191444397,1.291339278,101.2986221,3.708589554,5.065013885,235.0720367,234.5723267,17.24770546,70.15119934,Autumn,3
11/16/2028,16.84420776,21.56756973,13.39934349,8.109971046,1.296732545,101.2987213,3.723874331,5.087920189,235.437149,234.943573,17.06865883,70.22484589,Autumn,3
11/17/2028,16.67274475,21.36795616,13.24635315,8.029999733,1.302023411,101.2991943,3.738409042,5.109844208,235.7697754,235.2766113,16.89168739,70.29829407,Autumn,3
11/18/2028,16.50362778,21.17116737,13.09505081,7.951665878,1.30713737,101.300087,3.752130747,5.130701065,236.0704956,235.5719147,16.71707153,70.37153625,Autumn,3
11/19/2028,16.33714294,20.97759438,12.94566059,7.875098228,1.312003255,101.3014221,3.764982462,5.150417328,236.340271,235.8302155,16.54508018,70.44454193,Autumn,3
11/20/2028,16.17357063,20.7876091,12.79838848,7.800415993,1.316553712,101.3032303,3.776915312,5.168924332,236.580246,236.0526428,16.37597084,70.51730347,Autumn,3
11/21/2028,16.01317215,20.60156631,12.65343475,7.727730751,1.320726395,101.3055191,3.787885904,5.186166763,236.7918243,236.2406311,16.20998573,70.58979034,Autumn,3
11/22/2028,15.85618496,20.41979599,12.51099396,7.657142639,1.324464202,101.3083267,3.797859669,5.202096939,236.9766388,236.395874,16.04735756,70.66197205,Autumn,3
11/23/2028,15.70283985,20.24259567,12.37124348,7.588742256,1.327715874,101.3116608,3.806810617,5.216676712,237.1365814,236.52034,15.8882885,70.73384857,Autumn,3
11/24/2028,15.55333805,20.07025146,12.2343502,7.522605896,1.330437183,101.3155441,3.8147192,5.229881287,237.2736511,236.6162415,15.73297501,70.8053894,Autumn,3
11/25/2028,15.40787029,19.90300369,12.1004715,7.4588027,1.332590222,101.3199692,3.82157588,5.241693497,237.3899994,236.6860809,15.58159065,70.87657928,Autumn,3
11/26/2028,15.26659393,19.74107361,11.96974659,7.397386074,1.334145069,101.3249588,3.827377081,5.25210762,237.4880371,236.7324829,15.43428421,70.94740295,Autumn,3
11/27/2028,15.12965012,19.58465004,11.84230042,7.33839941,1.335079193,101.330513,3.832129955,5.261131287,237.5701599,236.758255,15.29118729,71.01785278,Autumn,3
11/28/2028,14.99715614,19.43388367,11.7182436,7.281873703,1.335377574,101.3366241,3.835846424,5.26877594,237.638916,236.7664337,15.15240669,71.08791351,Autumn,3
11/29/2028,14.86920261,19.28889656,11.59767056,7.227823734,1.33503437,101.343277,3.838549614,5.275069237,237.6968689,236.7599945,15.01803017,71.15758514,Autumn,3
11/30/2028,14.74585629,19.14977646,11.48065662,7.176257133,1.334050536,101.3504791,3.840268135,5.280046463,237.7466431,236.742157,14.88812256,71.22684479,Autumn,3
12/1/2028,14.62716389,19.01657867,11.36726379,7.127165794,1.332435727,101.3582001,3.841037035,5.28374958,237.7908783,236.7160645,14.76272583,71.29570007,Winter,0
12/2/2028,14.51314068,18.88932228,11.25753593,7.08053112,1.330207586,101.3664246,3.840900421,5.286234856,237.8321533,236.684967,14.64185524,71.364151,Winter,0
12/3/2028,14.40378284,18.76799774,11.15149975,7.03632164,1.327391505,101.3751373,3.839906454,5.28756237,237.8730469,236.6520081,14.52551079,71.43218231,Winter,0
12/4/2028,14.29906082,18.65255737,11.04916382,6.994495869,1.324020147,101.3842926,3.838110209,5.287800789,237.9160004,236.6203308,14.41366577,71.49981689,Winter,0
12/5/2028,14.19892597,18.54293251,10.95052433,6.955000401,1.320132971,101.3938599,3.835572243,5.287026405,237.9634247,236.5930176,14.30628014,71.56703949,Winter,0
12/6/2028,14.10330486,18.43901443,10.8555584,6.917773247,1.315777183,101.4038162,3.832356691,5.285321236,238.0175171,236.572998,14.20328712,71.6338501,Winter,0
12/7/2028,14.01210213,18.34067726,10.76422691,6.882741928,1.311005235,101.4141083,3.828532934,5.282773018,238.0804749,236.5630646,14.10460472,71.70026398,Winter,0
12/8/2028,13.92520618,18.24775696,10.67647648,6.849822998,1.305875182,101.4246979,3.824172258,5.279473305,238.1541748,236.5658569,14.01013565,71.76628113,Winter,0
12/9/2028,13.84248638,18.16007805,10.59224415,6.818929672,1.300450802,101.4355392,3.819350243,5.275518417,238.2404633,236.5838165,13.91975975,71.83188629,Winter,0
12/10/2028,13.76379395,18.07743263,10.511446,6.789964676,1.294799447,101.446579,3.814144135,5.27100563,238.3408661,236.6191559,13.83335114,71.8970871,Winter,0
12/11/2028,13.68896675,17.99959755,10.43399048,6.762825966,1.288992405,101.457756,3.808630466,5.266036034,238.4568024,236.6739044,13.75076485,71.96189117,Winter,0
12/12/2028,13.61783028,17.92633438,10.35977364,6.737405777,1.283103824,101.4690247,3.802889347,5.260710716,238.5893402,236.7498322,13.67184639,72.02628326,Winter,0
12/13/2028,13.55019569,17.85738373,10.28868294,6.713592529,1.27720952,101.4803314,3.796998978,5.255130768,238.7395172,236.8483582,13.59643269,72.09024811,Winter,0
12/14/2028,13.48586941,17.79248047,10.2205925,6.691271305,1.271386862,101.4916077,3.791037321,5.249397278,238.9079285,236.9707642,13.52435398,72.15378571,Winter,0
12/15/2028,13.42464638,17.73134804,10.15537357,6.670324326,1.265713811,101.5028,3.78508091,5.243607521,239.0950623,237.1179352,13.45543289,72.21686554,Winter,0
12/16/2028,13.36631775,17.67370033,10.09288883,6.650632858,1.260267377,101.5138474,3.779203653,5.23786068,239.3011627,237.2904968,13.3894825,72.27948761,Winter,0
12/17/2028,13.31067276,17.61925125,10.03299427,6.632079124,1.255123615,101.5246887,3.773477554,5.232247353,239.5261536,237.4887848,13.32632637,72.34160614,Winter,0
12/18/2028,13.25749302,17.56771088,9.975543022,6.614543915,1.250356436,101.5352707,3.767971039,5.226857185,239.7698059,237.7128601,13.26577377,72.40320587,Winter,0
12/19/2028,13.20656776,17.51878929,9.920389175,6.597911835,1.24603653,101.5455246,3.762748718,5.221776009,240.0316315,237.9624329,13.20764732,72.46424866,Winter,0
12/20/2028,13.15768814,17.47220802,9.867376328,6.582068443,1.242231727,101.555397,3.757870436,5.21708107,240.3109283,238.2369995,13.15176105,72.52468872,Winter,0
12/21/2028,13.11064148,17.42768478,9.81635952,6.566904545,1.239004612,101.5648346,3.753392696,5.212846756,240.6067505,238.5357056,13.09794235,72.58448029,Winter,0
12/22/2028,13.06523037,17.38495636,9.767185211,6.552312851,1.236413121,101.5737762,3.749364853,5.209136963,240.9180145,238.8574829,13.04602051,72.64358521,Winter,0
12/23/2028,13.02126122,17.34376335,9.719706535,6.538195133,1.23450923,101.5821762,3.745832205,5.206015587,241.2434082,239.2009735,12.99582863,72.70194244,Winter,0
12/24/2028,12.978549,17.30386353,9.673783302,6.524454117,1.233338714,101.5899887,3.742833853,5.203531265,241.5814667,239.5645752,12.94722176,72.75947571,Winter,0
12/25/2028,12.93692303,17.26502991,9.629272461,6.511002064,1.232940555,101.5971603,3.740402699,5.201730728,241.9305878,239.9465332,12.90005016,72.81613159,Winter,0
12/26/2028,12.89621544,17.22704887,9.586043358,6.497758865,1.233346224,101.6036606,3.738566399,5.200649261,242.2889862,240.3448181,12.85418129,72.87184143,Winter,0
12/27/2028,12.85628414,17.18972778,9.543969154,6.484651566,1.234579563,101.6094437,3.737344265,5.200316429,242.6548615,240.7572174,12.80949783,72.9265213,Winter,0
12/28/2028,12.81699371,17.15289879,9.502932549,6.471611977,1.236656427,101.6144867,3.736752033,5.200752258,243.0261993,241.181427,12.76588726,72.98010254,Winter,0
12/29/2028,12.77822685,17.11641121,9.46282196,6.458585262,1.239584446,101.6187515,3.736796379,5.201971054,243.4009857,241.6149597,12.72326088,73.03247833,Winter,0
12/30/2028,12.7398777,17.08013344,9.423537254,6.445520878,1.243362546,101.6222153,3.737479448,5.203975677,243.7771759,242.0552521,12.68153667,73.08358765,Winter,0
12/31/2028,12.70186329,17.04396248,9.384981155,6.432380676,1.247981668,101.6248703,3.738797665,5.206764221,244.1526794,242.4996185,12.64064503,73.1333313,Winter,0
1/1/2029,12.66411304,17.00781441,9.347083092,6.41913414,1.253424048,101.6267014,3.740739584,5.210324287,244.5253601,242.9453583,12.60054016,73.18161011,Winter,0
1/2/2029,12.62657452,16.97163582,9.309766769,6.405757904,1.259663224,101.6276932,3.743290186,5.214639664,244.8931122,243.38974,12.56118011,73.22834015,Winter,0
1/3/2029,12.58921528,16.93539047,9.2729702,6.392238617,1.266664982,101.6278534,3.746427059,5.219682693,245.2539063,243.8300323,12.52254772,73.27342987,Winter,0
1/4/2029,12.55201244,16.8990612,9.236650467,6.378573418,1.27438724,101.6271744,3.750123739,5.225423813,245.6057129,244.2635498,12.48462868,73.31678009,Winter,0
1/5/2029,12.51496983,16.86266899,9.200767517,6.364766121,1.282779813,101.625679,3.75434947,5.231822968,245.94664,244.687561,12.44743919,73.35830688,Winter,0
1/6/2029,12.47809982,16.82624054,9.165294647,6.350826263,1.291785836,101.6233749,3.759068251,5.238839149,246.274826,245.0995483,12.41098881,73.39790344,Winter,0
1/7/2029,12.44143772,16.7898407,9.13021946,6.336775303,1.301341534,101.620285,3.764240503,5.24642086,246.5885468,245.4970245,12.37531281,73.4355011,Winter,0
1/8/2029,12.40502739,16.75353622,9.095536232,6.322639465,1.311376691,101.6164322,3.769823074,5.254515648,246.8861847,245.8776093,12.34045696,73.47100067,Winter,0
1/9/2029,12.36892891,16.71742821,9.061249733,6.30845356,1.321816325,101.6118469,3.775769949,5.263067245,247.1663055,246.2391205,12.30647469,73.50432587,Winter,0
1/10/2029,12.33321762,16.68162727,9.027380943,6.29425621,1.33258009,101.6065674,3.782032728,5.272013664,247.427536,246.579483,12.27342987,73.53540039,Winter,0
1/11/2029,12.29798031,16.64627075,8.993951797,6.280093193,1.343582749,101.6006241,3.788561106,5.281292915,247.668808,246.8968506,12.24139977,73.56414032,Winter,0
1/12/2029,12.26331139,16.61149025,8.961000443,6.266014099,1.35473752,101.5940628,3.795303106,5.290840149,247.8890686,247.1894989,12.21046066,73.59049988,Winter,0
1/13/2029,12.22932243,16.57745361,8.928564072,6.252074242,1.365952969,101.586937,3.802205324,5.3005867,248.0874939,247.4560394,12.18070602,73.61439514,Winter,0
1/14/2029,12.19612694,16.54432487,8.896702766,6.238330841,1.377137184,101.5792999,3.809215069,5.31046772,248.2634888,247.6951904,12.15223122,73.63578796,Winter,0
1/15/2029,12.16385078,16.51228523,8.865469933,6.224845886,1.388196707,101.5711899,3.816278696,5.320414543,248.4165344,247.9059296,12.1251297,73.65462494,Winter,0
1/16/2029,12.13261986,16.48151779,8.834927559,6.211681843,1.399037957,101.5626678,3.823343277,5.330360413,248.546402,248.0874481,12.09950733,73.67086029,Winter,0
1/17/2029,12.10256767,16.45220757,8.805150986,6.198901176,1.409568429,101.5538025,3.830358267,5.340239525,248.6529694,248.2392273,12.07546616,73.68447876,Winter,0
1/18/2029,12.07383347,16.42455673,8.776210785,6.186569691,1.419696808,101.5446396,3.837271929,5.349988937,248.7363434,248.3609161,12.05310631,73.69543457,Winter,0
1/19/2029,12.04655457,16.39875603,8.748184204,6.174752235,1.429334044,101.5352478,3.844036579,5.359545708,248.7967377,248.4524536,12.03253746,73.70372009,Winter,0
1/20/2029,12.02086639,16.37499619,8.721154213,6.163512707,1.438394427,101.5256805,3.850606203,5.368850708,248.8345795,248.5139771,12.01385689,73.70934296,Winter,0
1/21/2029,11.99690437,16.35347176,8.69520092,6.15291214,1.446796656,101.5160065,3.856936932,5.377849579,248.8503876,248.5458527,11.99716187,73.71227264,Winter,0
1/22/2029,11.97481155,16.33436775,8.670407295,6.14301157,1.454463005,101.506279,3.862987518,5.386488914,248.8449249,248.5486603,11.98255157,73.71253204,Winter,0
1/23/2029,11.95470715,16.31786346,8.646858215,6.133868217,1.461322069,101.4965668,3.868721724,5.394721031,248.8190308,248.5232086,11.97010994,73.71014404,Winter,0
1/24/2029,11.9367218,16.30413437,8.624633789,6.125535011,1.467308402,101.4869156,3.874104738,5.402500153,248.7736206,248.470459,11.95992279,73.70510864,Winter,0
1/25/2029,11.92097378,16.29334259,8.603816986,6.11806345,1.472362161,101.4773941,3.879106283,5.409788132,248.7097931,248.3916016,11.95206451,73.69747925,Winter,0
1/26/2029,11.9075737,16.2856369,8.584486008,6.111497402,1.476431608,101.4680481,3.883700132,5.416549683,248.6286774,248.2879333,11.94660854,73.68727112,Winter,0
1/27/2029,11.89662552,16.28116035,8.566717148,6.10587883,1.479472399,101.458931,3.887862444,5.422754288,248.5315247,248.1609344,11.94361305,73.67453766,Winter,0
1/28/2029,11.88822365,16.28003883,8.550581932,6.101243496,1.481447577,101.4500961,3.891575098,5.428378105,248.4196167,248.0122223,11.94312668,73.65931702,Winter,0
1/29/2029,11.8824501,16.28238106,8.536147118,6.097622871,1.482329369,101.4415817,3.894823551,5.4333992,248.2943115,247.8434753,11.94519997,73.6416626,Winter,0
1/30/2029,11.87938404,16.28828812,8.523476601,6.095040321,1.482097387,101.4334259,3.897595882,5.437803268,248.1569519,247.6564941,11.94985962,73.62163544,Winter,0
1/31/2029,11.87908363,16.29784393,8.512626648,6.093515396,1.480741143,101.4256668,3.899885893,5.441578865,248.0088806,247.4531708,11.95713234,73.59928894,Winter,0
2/1/2029,11.88160324,16.31110573,8.503652573,6.093062401,1.478257537,101.4183426,3.901690245,5.444721222,247.8515625,247.2353668,11.96703529,73.57468414,Winter,0
2/2/2029,11.88698196,16.32812691,8.496599197,6.093689442,1.474653363,101.4114685,3.903008699,5.447229385,247.686203,247.0050354,11.97957325,73.54788208,Winter,0
2/3/2029,11.89525032,16.3489399,8.491505623,6.095397949,1.469942927,101.4050751,3.903846264,5.44910717,247.5142517,246.7641296,11.99473953,73.51895905,Winter,0
2/4/2029,11.90642548,16.37355995,8.488405228,6.098181725,1.464150071,101.3991852,3.904209375,5.450360298,247.3368835,246.5146027,12.01251888,73.48796082,Winter,0
2/5/2029,11.92050838,16.40198135,8.487324715,6.102033615,1.457306385,101.3937912,3.90410924,5.451002121,247.1553497,246.2582855,12.03289413,73.45496368,Winter,0
2/6/2029,11.9375,16.43419647,8.488283157,6.106938839,1.449451089,101.388916,3.903558016,5.45104599,246.9707336,245.9970551,12.05583382,73.42002106,Winter,0
2/7/2029,11.9573822,16.47016335,8.491298676,6.112877369,1.440631628,101.384552,3.902572393,5.450510979,246.7841339,245.7326813,12.08129692,73.3832016,Winter,0
2/8/2029,11.98012352,16.50984192,8.496372223,6.119824409,1.430901766,101.3807068,3.901170015,5.449419022,246.5964203,245.4668427,12.10923767,73.34454346,Winter,0
2/9/2029,12.00569153,16.55316544,8.503509521,6.127750874,1.420322418,101.3773499,3.899370909,5.447793007,246.408493,245.2010956,12.13960648,73.30412292,Winter,0
2/10/2029,12.03403759,16.60006142,8.512704849,6.136624336,1.408960462,101.3744888,3.897197962,5.445659637,246.2210999,244.9369354,12.17234421,73.26198578,Winter,0
2/11/2029,12.06510735,16.65044403,8.523947716,6.146408558,1.396887779,101.3720932,3.894673347,5.443045616,246.0347748,244.6756897,12.20738792,73.21816254,Winter,0
2/12/2029,12.0988369,16.70421219,8.537216187,6.157063961,1.38418138,101.3701477,3.891822338,5.439981461,245.8500824,244.4185333,12.24466991,73.17269135,Winter,0
2/13/2029,12.13515854,16.76125908,8.552495003,6.168548584,1.370922089,101.3686066,3.888669252,5.436496735,245.6673584,244.1665344,12.28412056,73.12562561,Winter,0
2/14/2029,12.17399025,16.82146454,8.569754601,6.180818558,1.357193947,101.3674622,3.885241032,5.432621956,245.4868927,243.9205933,12.32566261,73.07697296,Winter,0
2/15/2029,12.21525669,16.8847084,8.588964462,6.193827152,1.343084097,101.3666534,3.88156271,5.428389549,245.3087769,243.6813965,12.36922836,73.02676392,Winter,0
2/16/2029,12.25886917,16.95085716,8.610093117,6.207528114,1.328680754,101.3661575,3.877660275,5.423829079,245.1330414,243.4495392,12.4147377,72.97501373,Winter,0
2/17/2029,12.30473518,17.01977539,8.633097649,6.221875191,1.314073324,101.3659363,3.873560429,5.418973923,244.959549,243.2254333,12.46211624,72.92170715,Winter,0
2/18/2029,12.35276413,17.09132004,8.657938004,6.236820221,1.299351811,101.3659286,3.869287491,5.413852692,244.7881622,243.0092773,12.51128769,72.86687469,Winter,0
2/19/2029,12.40286255,17.16535759,8.684576035,6.252316475,1.284605265,101.3660965,3.86486578,5.408493996,244.6184845,242.8012085,12.56217957,72.81049347,Winter,0
2/20/2029,12.45493698,17.24173546,8.712963104,6.26831913,1.269921422,101.3663864,3.860318661,5.402928352,244.4501343,242.60112,12.6147213,72.75255585,Winter,0
2/21/2029,12.50889111,17.32031631,8.743053436,6.284783363,1.255386233,101.3667603,3.855668783,5.397181511,244.2825928,242.4087677,12.66884422,72.69303894,Winter,0
2/22/2029,12.56462955,17.40095711,8.774803162,6.30166626,1.24108243,101.3671494,3.85093689,5.391278267,244.1152954,242.2238159,12.7244873,72.63192749,Winter,0
2/23/2029,12.62206268,17.48352242,8.808159828,6.318929672,1.227089643,101.3675232,3.84614253,5.385242462,243.9475861,242.0457306,12.7815876,72.56918335,Winter,0
2/24/2029,12.68110466,17.56786919,8.843080521,6.336533546,1.213483334,101.3678131,3.841304302,5.379096031,243.7787781,241.8739014,12.84008789,72.50476837,Winter,0
2/25/2029,12.74166107,17.65386581,8.879517555,6.354444981,1.200334072,101.3679733,3.836437941,5.372859001,243.6081543,241.7075806,12.89994335,72.43865967,Winter,0
2/26/2029,12.80365658,17.74139595,8.917425156,6.372632027,1.187707305,101.3679657,3.83155942,5.366549492,243.434845,241.5459137,12.96110535,72.37080383,Winter,0
2/27/2029,12.86701202,17.83033371,8.95676136,6.391067505,1.175662875,101.3677292,3.826681137,5.360183716,243.2581635,241.3879852,13.02353668,72.30115509,Winter,0
2/28/2029,12.93165016,17.92056656,8.997478485,6.409727097,1.164254189,101.367218,3.821815491,5.353775024,243.0772858,241.2327881,13.08720303,72.22967529,Winter,0
3/1/2029,12.9975071,18.01198959,9.039543152,6.428591251,1.153528214,101.3664017,3.816972494,5.347335815,242.8913422,241.0792847,13.15207577,72.15630341,Spring,1
3/2/2029,13.06451988,18.10450363,9.08291626,6.44764328,1.143525004,101.3652344,3.81216073,5.340877533,242.6996765,240.9263458,13.21813679,72.08100128,Spring,1
3/3/2029,13.13263416,18.19802094,9.127558708,6.466870308,1.134277582,101.363678,3.807387829,5.334407806,242.5014191,240.7728882,13.28536892,72.00372314,Spring,1
3/4/2029,13.20179462,18.2924614,9.17343998,6.486264229,1.125811815,101.3616943,3.802659035,5.327935219,242.2959595,240.6177368,13.35376167,71.92441559,Spring,1
3/5/2029,13.27196026,18.38774872,9.220531464,6.505821228,1.118146062,101.3592606,3.79798007,5.321463585,242.0825653,240.4597626,13.42330551,71.84303284,Spring,1
3/6/2029,13.34309292,18.48382187,9.26880455,6.525540352,1.111291289,101.3563538,3.793354273,5.31499958,241.8607178,240.2978821,13.49400902,71.75954437,Spring,1
3/7/2029,13.41515732,18.58062172,9.318230629,6.545423508,1.105250955,101.3529434,3.788783789,5.308545113,241.6298218,240.1309814,13.56587219,71.67391205,Spring,1
3/8/2029,13.48812962,18.67810059,9.368798256,6.565478802,1.100021601,101.3490143,3.784271717,5.30210495,241.3894653,239.9580078,13.63890457,71.58610535,Spring,1
3/9/2029,13.56198406,18.77622223,9.420481682,6.585715294,1.095592618,101.3445587,3.779818296,5.295678139,241.1392365,239.7779846,13.71311569,71.49610138,Spring,1
3/10/2029,13.63670921,18.87495041,9.473267555,6.606146812,1.091946125,101.3395691,3.775425673,5.289269447,240.8789063,239.5899963,13.78852558,71.40387726,Spring,1
3/11/2029,13.71228981,18.97426224,9.527142525,6.626788139,1.08905828,101.3340454,3.77109313,5.282877922,240.6082611,239.3932037,13.86515045,71.30942535,Spring,1
3/12/2029,13.78872013,19.07413673,9.582098007,6.647656441,1.086898685,101.3279877,3.766821623,5.276504517,240.3271637,239.1868286,13.94301033,71.21273804,Spring,1
3/13/2029,13.86599827,19.17456055,9.638122559,6.668772697,1.085431218,101.3213959,3.762612104,5.270152092,240.0356445,238.9702454,14.02212715,71.11382294,Spring,1
3/14/2029,13.94412327,19.27552795,9.695212364,6.690159321,1.084614277,101.3142929,3.758464098,5.263822556,239.7337799,238.7428741,14.10251808,71.01271057,Spring,1
3/15/2029,14.02309895,19.37703514,9.753362656,6.711839676,1.084401369,101.306694,3.754379749,5.257516861,239.4217682,238.5042419,14.18421173,70.90940094,Spring,1
3/16/2029,14.10293007,19.4790802,9.812567711,6.733835697,1.084741831,101.2986145,3.750359058,5.251236916,239.099823,238.2539825,14.26722336,70.80394745,Spring,1
3/17/2029,14.18362617,19.58167458,9.872831345,6.756175041,1.085581064,101.2900772,3.746404409,5.244987488,238.7683868,237.9918823,14.35157776,70.69637299,Spring,1
3/18/2029,14.26519489,19.68481636,9.934148788,6.778879642,1.086861134,101.2811279,3.742517233,5.238772392,238.4278259,237.717804,14.43728828,70.58676147,Spring,1
3/19/2029,14.34764671,19.78851891,9.99652195,6.801976681,1.088521957,101.2717819,3.738701105,5.232596397,238.0786591,237.4317169,14.5243721,70.47515106,Spring,1
3/20/2029,14.43099308,19.89279556,10.05995083,6.825489521,1.090500355,101.262085,3.734959602,5.226466179,237.7214813,237.1336823,14.61284065,70.36161804,Spring,1
3/21/2029,14.51524353,19.99764633,10.12443733,6.849442005,1.092732906,101.2520752,3.731296301,5.220387459,237.3569336,236.8238983,14.70270538,70.24624634,Spring,1
3/22/2029,14.60040474,20.10308838,10.18998241,6.873855591,1.095154643,101.241806,3.727717161,5.21436882,236.985672,236.5026093,14.79396629,70.12913513,Spring,1
3/23/2029,14.6864872,20.20912933,10.25658607,6.898752213,1.097700596,101.2313004,3.724226236,5.208418846,236.6084137,236.1702423,14.8866291,70.01036835,Spring,1
3/24/2029,14.77349758,20.31577492,10.32425022,6.924151421,1.100306034,101.2206268,3.720830679,5.202547073,236.2259369,235.8271484,14.98068619,69.89006042,Spring,1
3/25/2029,14.86144257,20.42303467,10.39297199,6.950067997,1.102907538,101.2098312,3.717537403,5.196763039,235.8389435,235.4739075,15.07613373,69.76831818,Spring,1
3/26/2029,14.9503231,20.53091431,10.46275234,6.976517677,1.105442643,101.1989594,3.714353323,5.19107914,235.4483032,235.111084,15.17295456,69.64526367,Spring,1
3/27/2029,15.0401392,20.63941383,10.53358746,7.003513336,1.107851386,101.1880569,3.71128583,5.185504913,235.0546722,234.7393341,15.27113342,69.52101135,Spring,1
3/28/2029,15.13088989,20.74852943,10.60547352,7.031064034,1.11007607,101.1771927,3.708342791,5.180052757,234.658905,234.3592834,15.37064362,69.39570618,Spring,1
3/29/2029,15.22256947,20.85826111,10.67840672,7.059176445,1.112061858,101.1664047,3.705532551,5.174735069,234.2616882,233.9716644,15.47146225,69.26945496,Spring,1
3/30/2029,15.31517124,20.96860504,10.75238037,7.087855339,1.113757491,101.1557465,3.702861547,5.16956234,233.863678,233.5771942,15.5735569,69.14239502,Spring,1
3/31/2029,15.40868568,21.07954788,10.82738972,7.1171031,1.115115047,101.1452789,3.700339079,5.164546013,233.4655762,233.1766357,15.67688751,69.0146637,Spring,1
4/1/2029,15.50309944,21.19107628,10.90342331,7.146916866,1.116091251,101.1350479,3.697971344,5.159696579,233.0679169,232.7707062,15.78141594,68.88637543,Spring,1
4/2/2029,15.59839535,21.3031826,10.98047066,7.177293777,1.11664629,101.1250916,3.695765018,5.155024529,232.6712646,232.3601532,15.88709641,68.75767517,Spring,1
4/3/2029,15.69455719,21.41584206,11.05852509,7.208226681,1.116745591,101.1154709,3.693725824,5.150536537,232.2760468,231.9456177,15.99388695,68.62866974,Spring,1
4/4/2029,15.7915659,21.52904129,11.13757133,7.239707947,1.116358519,101.1062241,3.691858768,5.146242142,231.8826599,231.527832,16.10173416,68.49947357,Spring,1
4/5/2029,15.88940048,21.64275742,11.21759701,7.271723747,1.115460157,101.0973892,3.690166473,5.142146111,231.491394,231.1074066,16.21058655,68.37021637,Spring,1
4/6/2029,15.9880352,21.75696945,11.29858971,7.304262161,1.114029408,101.0890121,3.688652515,5.138251305,231.1024475,230.6848907,16.32039261,68.24098206,Spring,1
4/7/2029,16.08744621,21.87165451,11.38053513,7.337306976,1.112050414,101.0811234,3.687316179,5.134560585,230.7159119,230.260849,16.43110085,68.11186981,Spring,1
4/8/2029,16.18761063,21.9867897,11.46341991,7.37084198,1.10951221,101.073761,3.686157465,5.131072044,230.3318787,229.8357086,16.54265594,67.98296356,Spring,1
4/9/2029,16.28850746,22.10235214,11.54722881,7.404848099,1.106408238,101.0669479,3.685172081,5.127782822,229.9502411,229.4098816,16.6550045,67.85433197,Spring,1
4/10/2029,16.39010429,22.21831894,11.63194656,7.439305305,1.102736592,101.0607071,3.684356213,5.124687195,229.5708313,228.9836884,16.76809692,67.7260437,Spring,1
4/11/2029,16.49237823,22.33467102,11.71756268,7.474193573,1.098499537,101.055069,3.683701277,5.121776581,229.1934509,228.5573578,16.88188362,67.5981369,Spring,1
4/12/2029,16.59531403,22.45139313,11.80406189,7.509491444,1.093703747,101.0500412,3.683199167,5.119038582,228.8177032,228.1310883,16.99632072,67.47064209,Spring,1
4/13/2029,16.69888687,22.56846809,11.89143372,7.545179367,1.088359356,101.0456467,3.682837248,5.116458893,228.4432983,227.7049408,17.11136436,67.34357452,Spring,1
4/14/2029,16.80307579,22.68588066,11.97966862,7.581234455,1.082480192,101.0418854,3.68260169,5.11401844,228.0696869,227.2789917,17.22697639,67.21694183,Spring,1
4/15/2029,16.90786743,22.8036232,12.0687542,7.617637157,1.076083302,101.038765,3.682476282,5.111696243,227.6963654,226.8531799,17.34312439,67.09073639,Spring,1
4/16/2029,17.01325226,22.92169762,12.15868759,7.654367447,1.069188476,101.0362854,3.682441235,5.10946846,227.3227539,226.4273682,17.45977974,66.96489716,Spring,1
4/17/2029,17.11921692,23.0401001,12.24946404,7.69140625,1.061818004,101.0344467,3.682476282,5.10730648,226.9482422,226.0014648,17.57692337,66.83940887,Spring,1
4/18/2029,17.2257576,23.15883827,12.34107685,7.728736877,1.053996205,101.0332336,3.682557344,5.10518074,226.5721283,225.5751648,17.69453812,66.71419525,Spring,1
4/19/2029,17.33287811,23.27792549,12.43352795,7.76634407,1.045749187,101.0326462,3.682658911,5.103057861,226.1938324,225.1482544,17.81261635,66.58917236,Spring,1
4/20/2029,17.44058228,23.39738083,12.52682114,7.80421257,1.037104487,101.0326691,3.682753563,5.10090065,225.8126373,224.7204437,17.93115807,66.46424866,Spring,1
4/21/2029,17.5488739,23.51722717,12.62096119,7.842331886,1.028089762,101.0332718,3.682811737,5.098671913,225.4278259,224.2913666,18.05016708,66.33931732,Spring,1
4/22/2029,17.65776825,23.63749695,12.71595287,7.880692482,1.018734455,101.0344543,3.682803154,5.096330643,225.0388489,223.8607483,18.16966057,66.21424103,Spring,1
4/23/2029,17.76729012,23.75822449,12.81181049,7.919286728,1.009066582,101.036171,3.68269372,5.093833923,224.6450043,223.4282227,18.2896595,66.08889008,Spring,1
4/24/2029,17.87746048,23.87945557,12.90854836,7.958110809,0.999114931,101.0384064,3.68245101,5.09113884,224.2458344,222.9934692,18.41019249,65.96311188,Spring,1
4/25/2029,17.98830795,24.00124168,13.0061779,7.997161865,0.988907218,101.0411377,3.68204093,5.088198662,223.8407593,222.5561523,18.53129768,65.83673096,Spring,1
4/26/2029,18.09986687,24.12363625,13.10472393,8.036440849,0.978470325,101.0443192,3.681427717,5.084969521,223.4294434,222.1160278,18.65301514,65.70957184,Spring,1
4/27/2029,18.21218109,24.2467041,13.20420742,8.075951576,0.967829704,101.0479279,3.68057704,5.081404686,223.0114899,221.6728363,18.77540398,65.58146667,Spring,1
4/28/2029,18.32528877,24.3705101,13.30464935,8.115699768,0.957009375,101.0519257,3.679453135,5.077457428,222.5867462,221.2264404,18.89851189,65.45220184,Spring,1
4/29/2029,18.4392395,24.49512863,13.40608025,8.155694008,0.946031511,101.0562744,3.678022385,5.073084831,222.1550598,220.7766876,19.02240944,65.32159424,Spring,1
4/30/2029,18.55408669,24.62063217,13.5085268,8.195944786,0.934916019,101.0609512,3.676250696,5.068240166,221.7164459,220.3236389,19.14716148,65.18943787,Spring,1
5/1/2029,18.66988754,24.74710274,13.61202049,8.236466408,0.923680961,101.0659027,3.674106359,5.062883377,221.2710419,219.8672943,19.2728405,65.05550385,Spring,1
5/2/2029,18.78669167,24.87462044,13.71658993,8.277273178,0.912341833,101.0710983,3.671558857,5.056973457,220.8191528,219.4078369,19.3995285,64.9196167,Spring,1
5/3/2029,18.9045639,25.0032711,13.82227039,8.318382263,0.900911689,101.0765076,3.668579102,5.050474167,220.3612213,218.9455414,19.52729797,64.78155518,Spring,1
5/4/2029,19.02356529,25.13313675,13.92909718,8.359812737,0.889401078,101.082077,3.665142059,5.04335022,219.8977814,218.4808197,19.65623856,64.64111328,Spring,1
5/5/2029,19.14375496,25.26430702,14.03709793,8.401584625,0.877818167,101.0877838,3.66122365,5.035572052,219.4296265,218.0141296,19.78642845,64.49809265,Spring,1
5/6/2029,19.26519394,25.39686584,14.14630985,8.443717957,0.86616838,101.0935898,3.656804085,5.027112961,218.9575958,217.5461731,19.91795349,64.35230255,Spring,1
5/7/2029,19.38794899,25.53088951,14.2567625,8.486235619,0.854454875,101.0994644,3.65186739,5.017951012,218.4827576,217.0776825,20.05089378,64.20355988,Spring,1
5/8/2029,19.5120697,25.66645813,14.36848736,8.529159546,0.842678308,101.1053619,3.646399736,5.008070946,218.0063019,216.6095276,20.18533325,64.05168915,Spring,1
5/9/2029,19.6376152,25.80364609,14.48151112,8.572509766,0.830837071,101.1112595,3.640394449,4.997460365,217.5295258,216.1427765,20.32134628,63.89653015,Spring,1
5/10/2029,19.76464081,25.94252205,14.59586334,8.616308212,0.818927824,101.1171265,3.633845329,4.986114502,217.0539856,215.6785583,20.45900917,63.7379303,Spring,1
5/11/2029,19.89319229,26.08314896,14.71156502,8.66057682,0.806944609,101.1229324,3.626754045,4.974034309,216.5811768,215.2181244,20.59838486,63.57575989,Spring,1
5/12/2029,20.02330971,26.22558022,14.8286314,8.705334663,0.794880748,101.1286545,3.619125366,4.961225033,216.112915,214.7628784,20.7395401,63.40990448,Spring,1
5/13/2029,20.15503311,26.3698616,14.94708443,8.750597,0.782727599,101.1342697,3.610968828,4.947701454,215.6509857,214.3143158,20.88252831,63.24026489,Spring,1
5/14/2029,20.28839111,26.51602936,15.06693077,8.796380997,0.77047497,101.1397476,3.602300644,4.933484077,215.1973419,213.8740234,21.02739525,63.06677246,Spring,1
5/15/2029,20.42340851,26.66411209,15.18817711,8.842700005,0.758112729,101.1450806,3.593139648,4.918597221,214.7539673,213.4436951,21.17417526,62.88935852,Spring,1
5/16/2029,20.56009674,26.81412315,15.31082249,8.889565468,0.745629072,101.150238,3.583512068,4.903076172,214.3229523,213.0250549,21.32290268,62.70800018,Spring,1
5/17/2029,20.69845963,26.96606255,15.43486214,8.936983109,0.733012915,101.15522,3.573447466,4.88696003,213.9063873,212.6199493,21.47358894,62.52267456,Spring,1
5/18/2029,20.83849525,27.11992264,15.56028175,8.984958649,0.720252514,101.1600037,3.562981129,4.870295048,213.5064392,212.2302246,21.62623978,62.33339691,Spring,1
5/19/2029,20.98019218,27.27568245,15.68706417,9.033492088,0.707336664,101.1645813,3.552153587,4.853133202,213.1252441,211.8578033,21.78084564,62.14020538,Spring,1
5/20/2029,21.12351799,27.43330002,15.81518364,9.08258152,0.694254518,101.1689453,3.541008234,4.835534096,212.7648926,211.5045319,21.93739128,61.94316101,Spring,1
5/21/2029,21.26844025,27.59272766,15.94460487,9.132218361,0.680996656,101.1730804,3.529594421,4.817561626,212.427536,211.172348,22.09584236,61.74234009,Spring,1
5/22/2029,21.41491699,27.75390053,16.07529068,9.182393074,0.66755408,101.177002,3.517964602,4.799285412,212.1151581,210.8630981,22.25615311,61.53785706,Spring,1
5/23/2029,21.56288528,27.91673851,16.20718765,9.233089447,0.653919935,101.1806946,3.506175756,4.780779839,211.8297272,210.578598,22.4182663,61.32984161,Spring,1
5/24/2029,21.71227646,28.08114815,16.3402462,9.284288406,0.640088677,101.1841583,3.494287014,4.762123108,211.5730591,210.3206024,22.58210564,61.11844635,Spring,1
5/25/2029,21.86301231,28.24702263,16.47439766,9.335965157,0.626056433,101.1873932,3.482361555,4.743398666,211.3469391,210.0907745,22.74758911,60.903862,Spring,1
5/26/2029,22.0150013,28.41424179,16.60957336,9.388093948,0.611822248,101.1904068,3.470464468,4.724692345,211.1528931,209.8906403,22.91461754,60.6862793,Spring,1
5/27/2029,22.16814041,28.5826683,16.74569702,9.440639496,0.597386658,101.1932068,3.45866251,4.706090927,210.9923401,209.7216339,23.08307838,60.46591187,Spring,1
5/28/2029,22.32231712,28.75216103,16.88268089,9.493567467,0.582752824,101.1957855,3.447024107,4.68768692,210.8665466,209.5850525,23.25284958,60.2430191,Spring,1
5/29/2029,22.47741127,28.92255783,17.02043343,9.54683876,0.567926526,101.1981659,3.435617685,4.669569969,210.7764893,209.4819794,23.42379189,60.01783752,Spring,1
5/30/2029,22.63328934,29.09368896,17.15885925,9.6004076,0.552916229,101.2003403,3.424513578,4.651831627,210.7230225,209.4133453,23.59576225,59.79066467,Spring,1
5/31/2029,22.78981209,29.26537704,17.29784966,9.654229164,0.537732601,101.2023239,3.413780451,4.634562492,210.7066803,209.3798828,23.76860619,59.56178284,Spring,1
6/1/2029,22.94682884,29.43743515,17.43729782,9.708252907,0.522389591,101.2041245,3.403485775,4.617853642,210.7278442,209.3820648,23.94215393,59.33150482,Summer,2
6/2/2029,23.10419083,29.60966301,17.5770874,9.762424469,0.506903291,101.2057495,3.393696785,4.601792336,210.7865143,209.4201813,24.11623192,59.1001358,Summer,2
6/3/2029,23.26172829,29.78186417,17.71709824,9.816690445,0.491292328,101.2072067,3.384476662,4.586462975,210.8825836,209.4943237,24.29065704,58.8680191,Summer,2
6/4/2029,23.4192791,29.953825,17.85720634,9.870994568,0.475578129,101.2085037,3.375887871,4.571947575,211.0155334,209.604248,24.4652462,58.63547516,Summer,2
6/5/2029,23.57666969,30.12533951,17.99728775,9.92527771,0.459784329,101.2096558,3.367987156,4.558321953,211.1846924,209.7494659,24.63980293,58.40287018,Summer,2
6/6/2029,23.73372841,30.29619217,18.13721085,9.97947979,0.443936318,101.2106705,3.360829592,4.545659065,211.3889923,209.929306,24.81413269,58.17053223,Summer,2
6/7/2029,23.89027405,30.46617126,18.27684212,10.03354359,0.428062201,101.2115479,3.354464054,4.534023762,211.6271362,210.1427307,24.98803329,57.93881989,Summer,2
6/8/2029,24.04613304,30.63505936,18.41605377,10.08740807,0.412191272,101.2122955,3.348935127,4.523475647,211.897644,210.3884888,25.16130829,57.70806885,Summer,2
6/9/2029,24.2011261,30.80265045,18.55471039,10.14101505,0.396354258,101.2129288,3.344281912,4.514066696,212.1986084,210.6651154,25.33375359,57.47865295,Summer,2
6/10/2029,24.35508156,30.96873283,18.69267845,10.19430542,0.380583853,101.2134552,3.340536833,4.505841255,212.5280151,210.9708252,25.50517654,57.25089264,Summer,2
6/11/2029,24.50781822,31.13310623,18.82983208,10.2472229,0.364913166,101.2138672,3.337727308,4.49883461,212.8835297,211.3036194,25.67537689,57.02513885,Summer,2
6/12/2029,24.65917015,31.29557037,18.96603966,10.29971313,0.349376142,101.21418,3.335872173,4.493074894,213.2626038,211.6612244,25.8441658,56.80171967,Summer,2
6/13/2029,24.80897141,31.45594215,19.10117149,10.35172462,0.334007204,101.2143936,3.334985018,4.48857975,213.6624451,212.0411682,26.01134872,56.58096313,Summer,2
6/14/2029,24.95706177,31.61404228,19.23510933,10.40320873,0.318840712,101.2145157,3.335071802,4.485358238,214.0801697,212.4407654,26.17675591,56.36317444,Summer,2
6/15/2029,25.10328865,31.769701,19.367733,10.45411968,0.303910911,101.2145462,3.336129904,4.483408451,214.5125732,212.8571625,26.34020996,56.14865875,Summer,2
6/16/2029,25.24750328,31.92276001,19.49892616,10.5044136,0.289251804,101.2144775,3.33815074,4.482720375,214.9564362,213.2873383,26.50154877,55.93770599,Summer,2
6/17/2029,25.38957214,32.07307816,19.628582,10.55405617,0.274895936,101.214325,3.341117382,4.483272552,215.4083252,213.7280273,26.66061211,55.73058319,Summer,2
6/18/2029,25.52936363,32.2205162,19.75659752,10.60301208,0.260875523,101.2140808,3.345005035,4.485035419,215.8647308,214.1759644,26.81725693,55.52754211,Summer,2
6/19/2029,25.66675949,32.36496353,19.88287735,10.65125465,0.247220963,101.2137451,3.349783182,4.487968445,216.322113,214.6277161,26.97135544,55.32883072,Summer,2
6/20/2029,25.80165482,32.50631332,20.00733185,10.69875908,0.233960658,101.2133102,3.35541153,4.492021561,216.7767944,215.0797729,27.12277794,55.13467407,Summer,2
6/21/2029,25.93394852,32.64448166,20.12987518,10.74550915,0.22112225,101.2127914,3.361844778,4.497136116,217.2252045,215.528595,27.27141762,54.94525909,Summer,2
6/22/2029,26.06355476,32.7793808,20.25043869,10.7914896,0.208730295,101.2121658,3.369029522,4.5032444,217.6637115,215.9706268,27.41717529,54.76079559,Summer,2
6/23/2029,26.19039536,32.9109726,20.36894989,10.83669472,0.19680734,101.2114487,3.376906872,4.510270119,218.0887604,216.402359,27.55996895,54.58144379,Summer,2
6/24/2029,26.31441307,33.03920364,20.48535156,10.88112164,0.1853735,101.2106247,3.385412216,4.518129349,218.4968414,216.8202209,27.69972229,54.40734863,Summer,2
6/25/2029,26.43555641,33.16403961,20.59959412,10.92477417,0.174446836,101.2097015,3.394473791,4.526731491,218.8845825,217.2208099,27.8363781,54.23864746,Summer,2
6/26/2029,26.55377769,33.28547668,20.71163368,10.96765995,0.16404222,101.2086639,3.404016972,4.53597784,219.2487335,217.6007996,27.96988487,54.07546234,Summer,2
6/27/2029,26.66904831,33.40350723,20.82143211,11.00979424,0.15417175,101.2075195,3.413960934,4.545765877,219.5862579,217.957016,28.10020828,53.9178772,Summer,2
6/28/2029,26.78135872,33.51815033,20.92896843,11.05119419,0.144845143,101.2062607,3.424222469,4.555987358,219.8942413,218.2863922,28.22732735,53.7659874,Summer,2
6/29/2029,26.89068794,33.62942886,21.03421593,11.09188271,0.136069492,101.204895,3.434714079,4.566529274,220.1700287,218.5860901,28.35122681,53.61985016,Summer,2
6/30/2029,26.99704361,33.73737717,21.13716507,11.13188934,0.127849013,101.2034073,3.445346832,4.577276707,220.4111938,218.8534851,28.47190475,53.47951508,Summer,2
7/1/2029,27.10043716,33.84204483,21.23780823,11.17124176,0.120185561,101.2018051,3.45603013,4.588111877,220.6156006,219.0862274,28.58936691,53.34502411,Summer,2
7/2/2029,27.20088005,33.94348526,21.33614922,11.20997715,0.11307779,101.2000809,3.466671705,4.598917007,220.7814026,219.282135,28.70362854,53.21639252,Summer,2
7/3/2029,27.29840469,34.04176712,21.43218803,11.24813271,0.106523685,101.1982498,3.477179766,4.609571457,220.9069824,219.4394073,28.81471634,53.09365082,Summer,2
7/4/2029,27.3930378,34.13695526,21.52593994,11.28574657,0.10051769,101.1962967,3.487462282,4.61995697,220.9912109,219.5565338,28.92265701,52.97679901,Summer,2
7/5/2029,27.48481941,34.22912216,21.6174202,11.32286358,0.095052652,101.1942291,3.497430325,4.62995863,221.0331116,219.6322632,29.02748871,52.86582565,Summer,2
7/6/2029,27.57378578,34.31834793,21.70664787,11.35952568,0.090120852,101.1920547,3.506995201,4.639461994,221.032135,219.665741,29.12924194,52.76073074,Summer,2
7/7/2029,27.65999222,34.40471268,21.79364586,11.39577579,0.085711606,101.1897736,3.516072273,4.648358345,220.9880981,219.6564484,29.22797203,52.66149139,Summer,2
7/8/2029,27.74347305,34.48829269,21.87844086,11.43166065,0.081814453,101.1873932,3.524580717,4.656540871,220.9011536,219.604187,29.3237114,52.56809235,Summer,2
7/9/2029,27.82428169,34.56916046,21.96105766,11.46722221,0.078417815,101.1849213,3.532443047,4.663911819,220.7718201,219.5091858,29.41651154,52.48051453,Summer,2
7/10/2029,27.90246582,34.64739609,22.04152298,11.50250435,0.07550928,101.1823654,3.539587975,4.670378208,220.6009216,219.3719482,29.5064106,52.39873123,Summer,2
7/11/2029,27.9780674,34.72306061,22.11986923,11.53754616,0.073077068,101.1797256,3.545948744,4.67585516,220.3896942,219.1934052,29.59345436,52.32272339,Summer,2
7/12/2029,28.05113029,34.79621887,22.19611931,11.57238674,0.071109079,101.1770172,3.55146575,4.680265427,220.1396637,218.9747925,29.67767525,52.25248337,Summer,2
7/13/2029,28.12169838,34.86692429,22.27029991,11.60706329,0.069594041,101.1742554,3.556086302,4.683541298,219.8527374,218.7177277,29.7591114,52.18798065,Summer,2
7/14/2029,28.18979454,34.93522263,22.34243011,11.64160633,0.068521686,101.1714401,3.55976367,4.685623646,219.5310822,218.4241333,29.83778572,52.12922287,Summer,2
7/15/2029,28.25545883,35.00114441,22.41253853,11.67604446,0.067882657,101.1685944,3.562460423,4.68646431,219.1771851,218.096283,29.91371727,52.07619476,Summer,2
7/16/2029,28.31870651,35.0647049,22.48063278,11.71039963,0.067669347,101.1657257,3.564145327,4.686025143,218.7937927,217.7367096,29.98692131,52.02891159,Summer,2
7/17/2029,28.37955284,35.12591934,22.54673386,11.74469185,0.06787616,101.1628494,3.564797878,4.684278965,218.3838959,217.3482513,30.05739784,51.98737335,Summer,2
7/18/2029,28.43799973,35.18478012,22.61084175,11.77893257,0.068499327,101.1599731,3.564403534,4.681210518,217.9507751,216.9340057,30.12514305,51.95160675,Summer,2
7/19/2029,28.49404907,35.24126434,22.67296028,11.81313133,0.069537334,101.1571274,3.562957764,4.676814079,217.4977875,216.4972992,30.19013596,51.92165375,Summer,2
7/20/2029,28.54768944,35.29533768,22.73308372,11.84728622,0.070991807,101.1543121,3.560464621,4.671096802,217.0285645,216.0416565,30.25235558,51.89754486,Summer,2
7/21/2029,28.5988884,35.34695053,22.79120827,11.88139343,0.07286609,101.1515503,3.556936264,4.664076805,216.5468445,215.5707855,30.31175613,51.87932968,Summer,2
7/22/2029,28.64761734,35.39603043,22.84730911,11.91544151,0.07516741,101.1488495,3.552394629,4.655783653,216.0564575,215.0885468,30.36829185,51.86707306,Summer,2
7/23/2029,28.69383621,35.44250107,22.90136528,11.94940853,0.077905618,101.1462326,3.546867609,4.646256924,215.5612793,214.5988617,30.4218998,51.86084747,Summer,2
7/24/2029,28.73748398,35.48625565,22.95334244,11.98326969,0.081093319,101.1437149,3.540393591,4.635548592,215.0652771,214.1057739,30.47250557,51.86073303,Summer,2
7/25/2029,28.77850151,35.52718735,23.00321007,12.01699448,0.084746264,101.1413116,3.533018351,4.623717308,214.5724182,213.6133423,30.52002907,51.86682129,Summer,2
7/26/2029,28.8168087,35.5651741,23.05091286,12.05054092,0.088883758,101.1390305,3.524793386,4.610836506,214.0865326,213.1256561,30.56436729,51.87921143,Summer,2
7/27/2029,28.85232925,35.60006332,23.09640694,12.08386612,0.093527146,101.1368866,3.515779018,4.596984863,213.611557,212.646759,30.60542107,51.89801788,Summer,2
7/28/2029,28.88496399,35.63170624,23.13962936,12.11691475,0.098701127,101.134903,3.506040335,4.582250118,213.1511688,212.1805725,30.64307213,51.92333984,Summer,2
7/29/2029,28.91461182,35.65993118,23.18051529,12.14963055,0.10443303,101.1330795,3.495649576,4.566728592,212.7089844,211.7309723,30.67719841,51.95531845,Summer,2
7/30/2029,28.94116402,35.68457413,23.21899605,12.18194866,0.110752337,101.1314316,3.484683037,4.550523281,212.2884369,211.3017273,30.70766258,51.99407196,Summer,2
7/31/2029,28.96450233,35.70544052,23.25499153,12.21379948,0.117690951,101.1299744,3.473222017,4.533740997,211.8927765,210.8963165,30.73432732,52.03972626,Summer,2
8/1/2029,28.98450661,35.72234344,23.28842163,12.24510765,0.125282347,101.1287155,3.461351871,4.516496658,211.5250092,210.5181274,30.75704956,52.09241486,Summer,2
8/2/2029,29.00105286,35.73508453,23.31920052,12.27579689,0.13356182,101.1276627,3.449159622,4.498906136,211.187912,210.1702576,30.77567863,52.15227509,Summer,2
8/3/2029,29.01400375,35.74346542,23.34723473,12.30578423,0.142565623,101.1268234,3.436736107,4.481090546,210.8839264,209.8555298,30.79006004,52.21943665,Summer,2
8/4/2029,29.02323723,35.74728394,23.37244034,12.33498383,0.152330339,101.1262054,3.424171686,4.463170528,210.6152496,209.5765228,30.8000412,52.29402161,Summer,2
8/5/2029,29.02861404,35.74633408,23.39471436,12.363307,0.1628934,101.1258011,3.411559343,4.445269585,210.3837585,209.3354645,30.80547142,52.37615967,Summer,2
8/6/2029,29.03000069,35.74043274,23.41396713,12.39066505,0.174291864,101.1256332,3.398989439,4.427509308,210.190979,209.1342316,30.80619621,52.46596909,Summer,2
8/7/2029,29.02727318,35.72937012,23.43010139,12.41696739,0.18656151,101.1256866,3.386552811,4.410009384,210.0380859,208.974411,30.80206299,52.56355286,Summer,2
8/8/2029,29.02030563,35.71297455,23.44302177,12.44212341,0.19973731,101.1259689,3.374338627,4.392889977,209.9258881,208.857193,30.7929306,52.66900635,Summer,2
8/9/2029,29.00897217,35.69106674,23.45263481,12.46604156,0.213852853,101.1264725,3.362432003,4.376264095,209.8548889,208.7833099,30.77865982,52.78242111,Summer,2
8/10/2029,28.99316788,35.66347504,23.45885086,12.48863125,0.228938654,101.1272049,3.35091567,4.360242844,209.8251495,208.7532806,30.75912666,52.90386963,Summer,2
8/11/2029,28.97278023,35.6300621,23.461586,12.50980854,0.245022848,101.1281586,3.339867353,4.344930172,209.8364105,208.7670898,30.73420715,53.03340149,Summer,2
8/12/2029,28.94771385,35.59068298,23.46075439,12.5294857,0.262130141,101.1293259,3.329360247,4.330423832,209.888031,208.8243713,30.70379639,53.17105484,Summer,2
8/13/2029,28.91788673,35.54523087,23.45628357,12.54758358,0.280281246,101.1307068,3.319462776,4.316814899,209.9790344,208.9244385,30.66779518,53.31685638,Summer,2
8/14/2029,28.8832283,35.49359894,23.44809914,12.56402302,0.299492598,101.1322861,3.3102355,4.304186344,210.1081085,209.0661316,30.62613106,53.47079086,Summer,2
8/15/2029,28.84367371,35.43571854,23.43614769,12.57873344,0.319775969,101.1340561,3.301734686,4.292612076,210.2735138,209.2479706,30.57873535,53.63284302,Summer,2
8/16/2029,28.7991848,35.37153625,23.42036247,12.59164715,0.341137379,101.1360168,3.294006824,4.282156944,210.4733582,209.4681396,30.52556229,53.80297089,Summer,2
8/17/2029,28.74972916,35.30102158,23.40071487,12.60270405,0.363577664,101.1381454,3.287093163,4.272875309,210.7053223,209.7244263,30.46657753,53.98109436,Summer,2
8/18/2029,28.69530106,35.2241745,23.37715912,12.61184883,0.387091607,101.1404419,3.281026363,4.264811516,210.9668732,210.014389,30.40177727,54.16711426,Summer,2
8/19/2029,28.6359024,35.14101791,23.34967422,12.61903286,0.41166684,101.1428909,3.275830269,4.257999897,211.2552338,210.3352203,30.33117294,54.36091614,Summer,2
8/20/2029,28.57155609,35.0515976,23.31824493,12.62421799,0.437285572,101.1454849,3.271522284,4.252462864,211.5673828,210.6838684,30.25478935,54.56234741,Summer,2
8/21/2029,28.50231361,34.95599747,23.28287697,12.62737083,0.463922173,101.148201,3.26810956,4.248213291,211.9001007,211.0570831,30.17268753,54.7712326,Summer,2
8/22/2029,28.42822647,34.85432053,23.24357414,12.62846947,0.491544217,101.1510468,3.265592337,4.245251179,212.2501221,211.4513397,30.08493042,54.98737335,Summer,2
8/23/2029,28.34938049,34.74670029,23.20036316,12.62749481,0.520112514,101.1539917,3.263961554,4.243566513,212.6138763,211.8630219,29.9916153,55.21053314,Summer,2
8/24/2029,28.26587868,34.63330078,23.15327835,12.62444115,0.549580276,101.1570282,3.263201237,4.243138313,212.987854,212.2882843,29.89286423,55.44046021,Summer,2
8/25/2029,28.17783546,34.51430893,23.1023674,12.61930656,0.579894185,101.1601486,3.263286591,4.243936062,213.3683929,212.7232666,29.78880882,55.67687225,Summer,2
8/26/2029,28.08538628,34.38993835,23.04768562,12.61210155,0.610992849,101.1633453,3.264185905,4.245918274,213.7518616,213.164032,29.6796093,55.91945648,Summer,2
8/27/2029,27.98868942,34.26043701,22.98931313,12.60284519,0.642809153,101.1666031,3.265860319,4.249033928,214.1346588,213.6065674,29.56544113,56.16788483,Summer,2
8/28/2029,27.88791466,34.12605667,22.92733002,12.59155846,0.67526871,101.1699066,3.26826334,4.253222942,214.5131226,214.0469055,29.44650269,56.42180634,Summer,2
8/29/2029,27.78325081,33.98709869,22.86183167,12.57827663,0.708290875,101.1732483,3.27134347,4.25841713,214.8838501,214.4811401,29.3230114,56.68083954,Summer,2
8/30/2029,27.67490578,33.84385681,22.79292488,12.56303787,0.741789222,101.1766281,3.275042772,4.264541626,215.2433777,214.9054413,29.19519997,56.94458771,Summer,2
8/31/2029,27.56309128,33.69667053,22.72072792,12.54589176,0.775671422,101.1800308,3.279298782,4.271512032,215.588562,215.3161011,29.06331062,57.21263123,Summer,2
9/1/2029,27.44803619,33.54587936,22.64536476,12.52688885,0.809840739,101.1834488,3.284044743,4.279241562,215.9163055,215.7095947,28.9276104,57.48454285,Autumn,3
9/2/2029,27.32998466,33.3918457,22.56697464,12.50609112,0.844195127,101.186882,3.289209843,4.287636757,216.2237701,216.08255,28.78837013,57.75986481,Autumn,3
9/3/2029,27.20918846,33.23493195,22.4856987,12.48356056,0.878629267,101.1903152,3.294720888,4.296598434,216.5084076,216.4318848,28.64588165,58.03814697,Autumn,3
9/4/2029,27.08589935,33.07552338,22.40169144,12.45936775,0.913034439,101.1937485,3.300501823,4.306027889,216.7678223,216.7546997,28.50043297,58.31890106,Autumn,3
9/5/2029,26.96038818,32.91401672,22.31510544,12.43358612,0.947298944,101.1971817,3.306476355,4.315821648,217.0000458,217.0484772,28.35232735,58.60166168,Autumn,3
9/6/2029,26.83291817,32.75078964,22.22610664,12.40629005,0.981309891,101.2006149,3.312566757,4.325876236,217.2032928,217.3108978,28.20186996,58.88592529,Autumn,3
9/7/2029,26.70376015,32.58624268,22.13485336,12.37756062,1.014953017,101.2040329,3.318696022,4.336090088,217.3761749,217.5400848,28.0493679,59.17121124,Autumn,3
9/8/2029,26.57318306,32.42076492,22.04151917,12.34747696,1.048113704,101.2074509,3.324789286,4.346360207,217.5175934,217.7344513,27.89513016,59.45702362,Autumn,3
9/9/2029,26.44145966,32.25474167,21.9462738,12.31611729,1.080677986,101.2108536,3.330771208,4.356585979,217.6268463,217.8927612,27.73946571,59.74287415,Autumn,3
9/10/2029,26.30884933,32.08855057,21.84928703,12.28356552,1.112533212,101.2142563,3.336571455,4.366672039,217.703537,218.0142365,27.58267784,60.02826691,Autumn,3
9/11/2029,26.17560959,31.92256355,21.75072098,12.24990177,1.143568993,101.2176514,3.342121363,4.376526833,217.7476959,218.0984039,27.42505646,60.31272888,Autumn,3
9/12/2029,26.04199409,31.75713158,21.65074348,12.21520233,1.173677921,101.2210388,3.34735775,4.386061668,217.759613,218.1452332,27.26689529,60.59577942,Autumn,3
9/13/2029,25.90823746,31.59259033,21.5495224,12.17954445,1.202756405,101.2244339,3.352221966,4.395197868,217.739975,218.1550598,27.10847282,60.87696838,Autumn,3
9/14/2029,25.77457428,31.42926216,21.44720459,12.1430006,1.230705023,101.227829,3.356659651,4.403860092,217.6898956,218.1286774,26.95005417,61.15583038,Autumn,3
9/15/2029,25.64121437,31.2674427,21.34394455,12.1056385,1.257430792,101.2312241,3.360623837,4.411981583,217.6106873,218.0671234,26.7918911,61.4319458,Autumn,3
9/16/2029,25.50835609,31.1074028,21.23988533,12.06752396,1.282845855,101.2346344,3.3640728,4.419505119,217.5041199,217.9719849,26.6342144,61.70489502,Autumn,3
9/17/2029,25.37618446,30.94939613,21.13516235,12.02871323,1.306869507,101.2380524,3.366972923,4.426381111,217.3721619,217.8450775,26.47724724,61.97427368,Autumn,3
9/18/2029,25.2448616,30.79363441,21.02989769,11.98926163,1.329428673,101.2414856,3.369297504,4.432569504,217.2171478,217.6886597,26.32118607,62.23972321,Autumn,3
9/19/2029,25.11453247,30.64031219,20.92420769,11.94921398,1.350457907,101.2449417,3.371026039,4.438042164,217.0416565,217.5052185,26.16620636,62.50087738,Autumn,3
9/20/2029,24.98532295,30.48958588,20.81819725,11.90860939,1.369900703,101.2484131,3.372148275,4.44277668,216.8484955,217.2975922,26.01246452,62.75741577,Autumn,3
9/21/2029,24.85733223,30.34157944,20.71195221,11.86748314,1.387709856,101.2519073,3.372659206,4.446764946,216.640686,217.0688934,25.86009407,63.00904083,Autumn,3
9/22/2029,24.73064041,30.19638824,20.60555458,11.82585812,1.403847098,101.2554245,3.372564316,4.450007439,216.4214783,216.8224792,25.70920372,63.25547791,Autumn,3
9/23/2029,24.60530663,30.05406952,20.49906921,11.78375053,1.418283939,101.2589645,3.371874809,4.452515602,216.1942291,216.5619049,25.5598793,63.49647522,Autumn,3
9/24/2029,24.48136711,29.91464806,20.39254951,11.74117279,1.431002498,101.2625275,3.370611429,4.454310417,215.9624176,216.2909088,25.41217804,63.73181915,Autumn,3
9/25/2029,24.35882568,29.7781086,20.28602982,11.69812584,1.441994667,101.2661209,3.368802071,4.455423355,215.7297211,216.013382,25.26613617,63.9613266,Autumn,3
9/26/2029,24.23767281,29.64440918,20.17953873,11.65460205,1.451262712,101.2697296,3.366481304,4.455895901,215.4996948,215.7333374,25.12176895,64.18483734,Autumn,3
9/27/2029,24.11787796,29.5134716,20.07308006,11.61058807,1.458819628,101.2733536,3.363692045,4.455779076,215.2760773,215.4548187,24.9790554,64.40222168,Autumn,3
9/28/2029,23.99937439,29.38517952,19.96665382,11.56606483,1.464687705,101.2769928,3.360482454,4.455132008,215.0625,215.1819458,24.8379612,64.61338043,Autumn,3
9/29/2029,23.8820858,29.25939178,19.86024094,11.52100086,1.468900204,101.2806396,3.35690856,4.454022408,214.8626099,214.918808,24.69842529,64.81824493,Autumn,3
9/30/2029,23.76591301,29.13593483,19.75381279,11.47536278,1.471500039,101.2842865,3.353030443,4.452525139,214.6799011,214.6694336,24.56036377,65.01678467,Autumn,3
10/1/2029,23.65073395,29.01460648,19.64732361,11.42910767,1.472539067,101.2879333,3.348914146,4.450723648,214.5177917,214.4378204,24.42366982,65.20898438,Autumn,3
10/2/2029,23.53640938,28.89517021,19.54071808,11.38218975,1.472078919,101.2915573,3.344630718,4.44870472,214.3796387,214.2277985,24.28822136,65.39485168,Autumn,3
10/3/2029,23.4227829,28.77737808,19.43392944,11.33455658,1.470189452,101.295166,3.340253353,4.446561337,214.2684479,214.0430756,24.15387535,65.57443237,Autumn,3
10/4/2029,23.30968285,28.66094971,19.3268795,11.28615189,1.466948271,101.2987366,3.335860014,4.444391251,214.1871643,213.8871002,24.02046585,65.74780273,Autumn,3
10/5/2029,23.19692612,28.54558754,19.21948051,11.23691273,1.462441087,101.3022537,3.331529617,4.442295551,214.138443,213.7632294,23.8878212,65.91505432,Autumn,3
10/6/2029,23.08430672,28.43098068,19.11163712,11.18677902,1.45675981,101.3057251,3.327342987,4.440376759,214.1247101,213.6744537,23.75575447,66.07629395,Autumn,3
10/7/2029,22.97162628,28.31679726,19.00324821,11.13568306,1.450002074,101.3091125,3.323382139,4.438737392,214.1480408,213.6234894,23.62406349,66.23165894,Autumn,3
10/8/2029,22.85866737,28.20270538,18.89420128,11.08355808,1.442271829,101.3124237,3.319728136,4.437482834,214.2103577,213.6128235,23.49254036,66.38131714,Autumn,3
10/9/2029,22.74520683,28.0883522,18.78438568,11.03033829,1.433675766,101.3156281,3.316461802,4.436715126,214.3130798,213.6445313,23.36097145,66.52542114,Autumn,3
10/10/2029,22.63102341,27.97339058,18.67368317,10.97595692,1.424325347,101.3187256,3.313661575,4.436535835,214.457489,213.7203827,23.2291317,66.66417694,Autumn,3
10/11/2029,22.51588821,27.85746574,18.56197166,10.92034912,1.414333701,101.3216934,3.31140399,4.437042236,214.6444092,213.8417816,23.09680557,66.7977829,Autumn,3
10/12/2029,22.39958382,27.74023247,18.44913483,10.86345291,1.403815985,101.3245087,3.309762478,4.438328743,214.8742828,214.0097351,22.9637661,66.92645264,Autumn,3
10/13/2029,22.28188324,27.62134743,18.33505249,10.80520821,1.392888188,101.327179,3.30880475,4.440484047,215.1473694,214.2248688,22.82979965,67.05040741,Autumn,3
10/14/2029,22.16257668,27.50047112,18.2196064,10.7455616,1.381665587,101.3296661,3.308596373,4.443591118,215.4633942,214.487442,22.69468498,67.16989136,Autumn,3
10/15/2029,22.04145432,27.3772831,18.10268211,10.68446255,1.370262623,101.3319778,3.309195042,4.44772625,215.8218994,214.7972565,22.55822372,67.28512573,Autumn,3
10/16/2029,21.91832542,27.2514782,17.98417473,10.62186909,1.35879159,101.3340836,3.310654163,4.45295763,216.2219086,215.1538239,22.42021179,67.39637756,Autumn,3
10/17/2029,21.79299927,27.12276649,17.86398125,10.55774212,1.347361922,101.3359833,3.313019753,4.459346771,216.6622925,215.5561218,22.28046608,67.5038681,Autumn,3
10/18/2029,21.66531181,26.99087715,17.7420063,10.49205399,1.336078763,101.3376694,3.316331387,4.466942787,217.1414642,216.0029602,22.13881302,67.60786438,Autumn,3
10/19/2029,21.53511047,26.85556602,17.61816788,10.42478466,1.325042963,101.339119,3.320620775,4.47578907,217.6576385,216.4925842,21.9950943,67.70860291,Autumn,3
10/20/2029,21.40225792,26.71661568,17.49239349,10.35591984,1.314350009,101.3403397,3.325911045,4.485916138,218.2086487,217.022995,21.8491745,67.80632782,Autumn,3
10/21/2029,21.2666378,26.57383919,17.36461067,10.28545856,1.304088712,101.3413162,3.332219362,4.497346878,218.7921295,217.5918427,21.70092964,67.90127563,Autumn,3
10/22/2029,21.12815857,26.42707253,17.23478127,10.21340847,1.294341683,101.3420486,3.339552164,4.510091782,219.4054108,218.1964569,21.55025864,67.99368286,Autumn,3
10/23/2029,20.98674774,26.27619171,17.1028614,10.13978577,1.28518343,101.3425369,3.347909212,4.524149895,220.0456543,218.8339233,21.39708138,68.08377075,Autumn,3
10/24/2029,20.84235573,26.12110329,16.9688282,10.06461906,1.276680827,101.3427811,3.357280254,4.539509773,220.7098236,219.5009918,21.24134636,68.17176819,Autumn,3
10/25/2029,20.69495583,25.96174622,16.83267212,9.987947464,1.268892527,101.3427734,3.367647886,4.55614996,221.3946838,220.1943054,21.08301353,68.25786591,Autumn,3
10/26/2029,20.54455185,25.79809952,16.69440651,9.909820557,1.261867881,101.3425369,3.378986359,4.574037552,222.0969086,220.9102478,20.92208099,68.34227753,Autumn,3
10/27/2029,20.3911705,25.63017464,16.55405045,9.830298424,1.25564754,101.3420715,3.391260386,4.593128681,222.8130493,221.6450043,20.75855637,68.42518616,Autumn,3
10/28/2029,20.23485565,25.45802498,16.41164398,9.749451637,1.250262737,101.3413849,3.404428005,4.613369942,223.5395508,222.3947296,20.59248161,68.50676727,Autumn,3
10/29/2029,20.07569122,25.28173447,16.26724243,9.667363167,1.245735407,101.3404846,3.41843915,4.634697914,224.2728882,223.1554108,20.4239254,68.58718109,Autumn,3
10/30/2029,19.9137764,25.10142136,16.12092018,9.584125519,1.242077708,101.3394012,3.433237076,4.657038689,225.0094452,223.9230194,20.25297356,68.6665802,Autumn,3
10/31/2029,19.74923325,24.91724777,15.97276211,9.499839783,1.239292979,101.33815,3.44875741,4.68031168,225.7457123,224.6934967,20.07973862,68.7450943,Autumn,3
11/1/2029,19.58221626,24.72940445,15.82287598,9.414616585,1.237374783,101.3367386,3.464930296,4.704425812,226.4781799,225.4628296,19.904356,68.82286835,Autumn,3
11/2/2029,19.4128952,24.53811455,15.67138004,9.328577995,1.23630774,101.3352051,3.481680393,4.729284286,227.2034454,226.227066,19.72698593,68.8999939,Autumn,3
11/3/2029,19.24147224,24.34363556,15.51840687,9.241850853,1.236068487,101.3335648,3.498926878,4.754783154,227.9181976,226.9822693,19.54780769,68.97658539,Autumn,3
11/4/2029,19.06815529,24.14625168,15.36410904,9.154573441,1.236624479,101.3318481,3.516585112,4.780813694,228.6193237,227.7247162,19.36701965,69.05271912,Autumn,3
11/5/2029,18.89318466,23.94627953,15.20864868,9.066885948,1.237935901,101.3300858,3.534566164,4.80726099,229.3038025,228.4508514,19.18484306,69.12847137,Autumn,3
11/6/2029,18.71681213,23.74405861,15.05219746,8.978937149,1.239955544,101.3283081,3.552779436,4.834006786,229.9688873,229.157196,19.00151253,69.20391846,Autumn,3
11/7/2029,18.53931046,23.5399437,14.89494801,8.890880585,1.242629528,101.3265457,3.571131706,4.86093092,230.6119232,229.8405762,18.81727791,69.27909851,Autumn,3
11/8/2029,18.36095428,23.33432198,14.73709106,8.802874565,1.245897889,101.3248367,3.589527607,4.887910843,231.2307129,230.4981079,18.63240433,69.35405731,Autumn,3
11/9/2029,18.18204689,23.12758827,14.57883549,8.715078354,1.249695778,101.3232117,3.60787344,4.914823055,231.8230743,231.1270752,18.44717026,69.42882538,Autumn,3
11/10/2029,18.00289154,22.92015839,14.42039394,8.627653122,1.253953457,101.3217163,3.62607336,4.941544533,232.3872223,231.7251129,18.26185989,69.5034256,Autumn,3
11/11/2029,17.82379723,22.71245193,14.26199055,8.540762901,1.258597493,101.3203735,3.644034863,4.967952728,232.9216766,232.2901459,18.07676315,69.57788086,Autumn,3
11/12/2029,17.64508629,22.50490379,14.1038475,8.454568863,1.26355207,101.3192291,3.661666393,4.993929863,233.4251404,232.8204651,17.89217949,69.65218353,Autumn,3
11/13/2029,17.46707726,22.29794693,13.9461956,8.369233131,1.268738508,101.3183212,3.678879023,5.019358635,233.8967133,233.314621,17.70841408,69.72634888,Autumn,3
11/14/2029,17.29009247,22.09201813,13.78926468,8.28491497,1.274077892,101.3176804,3.695587158,5.044128418,234.3357391,233.7715759,17.52576447,69.80036926,Autumn,3
11/15/2029,17.11445236,21.88755608,13.63328743,8.201766968,1.279490471,101.3173523,3.711709976,5.068132401,234.7419281,234.1906433,17.34453201,69.87422943,Autumn,3
11/16/2029,16.94047546,21.68498421,13.4784956,8.119939804,1.284897327,101.3173599,3.727171183,5.091269493,235.1152191,234.5714722,17.16501045,69.94791412,Autumn,3
11/17/2029,16.76846886,21.48472786,13.32511425,8.039579391,1.290220976,101.3177414,3.74189949,5.113447189,235.4559326,234.9140167,16.98749352,70.02141571,Autumn,3
11/18/2029,16.59873581,21.28719521,13.17337132,7.960824013,1.295385957,101.3185272,3.755829573,5.134578705,235.7645416,235.218689,16.81226349,70.0947113,Autumn,3
11/19/2029,16.43156815,21.09278297,13.02348328,7.883803368,1.300320387,101.3197479,3.768904209,5.154585838,236.0419617,235.4861603,16.63959122,70.16777802,Autumn,3
11/20/2029,16.26724243,20.90186882,12.8756609,7.808638573,1.304955721,101.3214264,3.781070709,5.173400879,236.2892914,235.717453,16.46973991,70.24060059,Autumn,3
11/21/2029,16.1060276,20.71480751,12.73011017,7.735444069,1.30922842,101.3236008,3.792285681,5.190964699,236.5077972,235.9138947,16.30295181,70.31315613,Autumn,3
11/22/2029,15.94816399,20.53193855,12.58702374,7.664323807,1.313079834,101.3262787,3.802511215,5.207226753,236.6991577,236.0771484,16.13945961,70.38542175,Autumn,3
11/23/2029,15.79388809,20.35356903,12.44658375,7.595367908,1.316457629,101.3294754,3.811720371,5.222146988,236.8651123,236.2090607,15.97948265,70.45737457,Autumn,3
11/24/2029,15.64340973,20.17998505,12.30896187,7.528659821,1.319315195,101.3332214,3.819890499,5.235697746,237.0077057,236.3119202,15.82321548,70.52899933,Autumn,3
11/25/2029,15.49691677,20.01144218,12.17431641,7.464266777,1.32161355,101.3375092,3.827010632,5.247859001,237.1290283,236.3880157,15.67083359,70.60028076,Autumn,3
11/26/2029,15.35457706,19.84816551,12.04279041,7.402249813,1.323320389,101.3423615,3.833075762,5.258623123,237.2314301,236.4400024,15.52249527,70.67119598,Autumn,3
11/27/2029,15.21653843,19.69034958,11.91451359,7.342652321,1.324411154,101.3477707,3.838089466,5.267992973,237.3172913,236.4706879,15.37833214,70.74173737,Autumn,3
11/28/2029,15.08292484,19.53815651,11.78960037,7.285508633,1.324869752,101.3537369,3.842063665,5.275979996,237.3891449,236.4829559,15.23846436,70.81189728,Autumn,3
11/29/2029,14.95382786,19.3917141,11.66814899,7.230838776,1.324687004,101.36026,3.84501791,5.282608986,237.4495544,236.4798889,15.10298157,70.88166046,Autumn,3
11/30/2029,14.82932472,19.25111961,11.55023766,7.17865181,1.323862553,101.3673248,3.846978903,5.287910461,237.5011292,236.4645844,14.97195244,70.95102692,Autumn,3
12/1/2029,14.70946503,19.11643982,11.43593502,7.12894249,1.322404265,101.3749237,3.84798193,5.291928291,237.5465088,236.4402771,14.84542274,71.01998901,Winter,0
12/2/2029,14.59427547,18.9876976,11.32528877,7.081696033,1.32032752,101.3830261,3.848067045,5.29471302,237.5882874,236.4101105,14.7234211,71.08853912,Winter,0
12/3/2029,14.4837513,18.86489105,11.21832561,7.036884785,1.317655563,101.3916092,3.847282648,5.296322823,237.6290283,236.3773346,14.60594559,71.15667725,Winter,0
12/4/2029,14.37787533,18.74798584,11.11506557,6.994467735,1.314419389,101.4006577,3.845681429,5.296826363,237.6712341,236.3450623,14.49298096,71.22441101,Winter,0
12/5/2029,14.27660084,18.63691521,11.01550484,6.954395294,1.310657263,101.4101334,3.843323231,5.296298027,237.7173309,236.3163757,14.38448334,71.29173279,Winter,0
12/6/2029,14.17985916,18.53158379,10.91962242,6.91660738,1.30641377,101.4199982,3.840270519,5.294817924,237.7695313,236.2942657,14.28040123,71.35865021,Winter,0
12/7/2029,14.08756065,18.43186378,10.8273859,6.881032944,1.301740766,101.4302063,3.836592197,5.292471886,237.8301086,236.2815552,14.1806488,71.42516327,Winter,0
12/8/2029,13.99959946,18.33760643,10.73874664,6.847594738,1.296694517,101.4407272,3.832359076,5.289351463,237.9009705,236.2809296,14.08513832,71.4912796,Winter,0
12/9/2029,13.91584778,18.24863434,10.65364265,6.816203594,1.291337371,101.4515076,3.827645302,5.285551071,237.9839325,236.2948761,13.99375153,71.55698395,Winter,0
12/10/2029,13.83616447,18.16475105,10.57199192,6.786765575,1.285736322,101.4625015,3.822527885,5.281167984,238.0806732,236.3256683,13.90636253,71.62229156,Winter,0
12/11/2029,13.76038647,18.08573532,10.49371147,6.759180546,1.279961348,101.4736481,3.817083597,5.276303291,238.1925964,236.3753967,13.82283401,71.68719482,Winter,0
12/12/2029,13.68834305,18.01135063,10.4186964,6.733341694,1.274085879,101.4849014,3.81139183,5.271057129,238.3209076,236.4458923,13.74301338,71.7516861,Winter,0
12/13/2029,13.61985207,17.94134712,10.34683323,6.70913744,1.268185854,101.4962006,3.80553174,5.26553154,238.4665833,236.5386505,13.66674042,71.81575775,Winter,0
12/14/2029,13.55471802,17.87545967,10.2780056,6.686453819,1.262338161,101.5074921,3.799580574,5.25982666,238.6303864,236.6549988,13.59384727,71.87940216,Winter,0
12/15/2029,13.49273872,17.81341171,10.21208191,6.665174484,1.256620407,101.5187149,3.79361558,5.254041672,238.8128204,236.7958984,13.52414989,71.94259644,Winter,0
12/16/2029,13.43370819,17.75491905,10.14892578,6.645180225,1.251110077,101.5298004,3.78771162,5.248274803,239.0141754,236.9620667,13.45747471,72.00534058,Winter,0
12/17/2029,13.37740898,17.69969559,10.08839703,6.626352787,1.245883822,101.5407028,3.781941414,5.242620468,239.2344513,237.1539154,13.3936367,72.06758881,Winter,0
12/18/2029,13.32363415,17.64745522,10.03035069,6.608573914,1.241015553,101.5513535,3.776373625,5.237166405,239.4734802,237.3715515,13.33245182,72.12932587,Winter,0
12/19/2029,13.27216625,17.59790802,9.974636078,6.591726303,1.236577392,101.5616913,3.771074295,5.232000351,239.730835,237.6147919,13.273736,72.19049835,Winter,0
12/20/2029,13.22279453,17.55076599,9.92110157,6.575696468,1.232637644,101.5716629,3.766104937,5.227201462,240.0058136,237.8831635,13.21730423,72.25109863,Winter,0
12/21/2029,13.17530727,17.50575447,9.869600296,6.560372829,1.229260445,101.5812149,3.761522055,5.222845078,240.2976074,238.1759338,13.16298485,72.31105804,Winter,0
12/22/2029,13.12950706,17.46260452,9.819979668,6.545647621,1.226504922,101.5902863,3.757377386,5.218998909,240.6051178,238.4920502,13.11060333,72.37034607,Winter,0
12/23/2029,13.08519363,17.42104912,9.772089958,6.531420708,1.22442472,101.5988312,3.753716707,5.215724945,240.927124,238.830246,13.0599966,72.42888641,Winter,0
12/24/2029,13.04218483,17.38084793,9.725791931,6.517594337,1.223066807,101.6067886,3.750581741,5.213077545,241.262146,239.1889954,13.01100731,72.4866333,Winter,0
12/25/2029,13.00030136,17.34176636,9.680939674,6.504077911,1.22247231,101.6141281,3.748005867,5.211101532,241.6086731,239.5665588,12.96348953,72.54351807,Winter,0
12/26/2029,12.95938015,17.30359077,9.637402534,6.490790367,1.222674489,101.6207962,3.74601841,5.20983696,241.9649353,239.9609375,12.9173069,72.59947205,Winter,0
12/27/2029,12.91927052,17.26612091,9.595050812,6.477654457,1.223699212,101.6267624,3.744641542,5.2093153,242.3290863,240.3700104,12.87233734,72.65441132,Winter,0
12/28/2029,12.87983131,17.22918701,9.553765297,6.464603424,1.225564122,101.6319962,3.743890524,5.209557533,242.6992645,240.7915039,12.82847023,72.70827484,Winter,0
12/29/2029,12.84094238,17.19262695,9.51343441,6.45157814,1.228278995,101.6364517,3.743775606,5.210579872,243.0733795,241.2229309,12.78560638,72.76096344,Winter,0
12/30/2029,12.80249691,17.15630722,9.473950386,6.438528061,1.23184526,101.6401215,3.744299412,5.212388039,243.4494324,241.6617737,12.74365997,72.81239319,Winter,0
12/31/2029,12.76440525,17.12011909,9.435221672,6.425410271,1.236255527,101.6429825,3.74545908,5.214981079,243.8252869,242.1053925,12.70256519,72.86248779,Winter,0
1/1/2030,12.72659492,17.08397293,9.397167206,6.412193298,1.24149406,101.6450195,3.747246981,5.21835041,244.1988678,242.5510406,12.66226768,72.91114044,Winter,0
1/2/2030,12.68900585,17.04780579,9.359707832,6.398850441,1.247537017,101.6462173,3.749646425,5.222477913,244.5680542,242.9960327,12.62272358,72.95827484,Winter,0
1/3/2030,12.6516037,17.01157379,9.322789192,6.385368347,1.254351735,101.6465912,3.752639294,5.227342606,244.9307861,243.4376068,12.5839119,73.00377655,Winter,0
1/4/2030,12.61436558,16.97526932,9.286353111,6.371739388,1.26189816,101.6461182,3.756198645,5.232912064,245.2850189,243.8730469,12.54581642,73.0475769,Winter,0
1/5/2030,12.57728004,16.93888855,9.250362396,6.357965469,1.270128369,101.6448288,3.760295391,5.239151001,245.6288452,244.2996826,12.50844193,73.08956146,Winter,0
1/6/2030,12.54036617,16.90246391,9.214790344,6.344057083,1.278986812,101.6427307,3.764894724,5.246017456,245.9603729,244.71492,12.47180367,73.12965393,Winter,0
1/7/2030,12.5036478,16.86605453,9.179616928,6.330032825,1.28841126,101.6398315,3.769957066,5.253461838,246.2778625,245.1162262,12.43593121,73.16775513,Winter,0
1/8/2030,12.46716881,16.82971573,9.144835472,6.315914631,1.298333526,101.6361694,3.775441408,5.261434555,246.5796814,245.5012665,12.40086651,73.20378876,Winter,0
1/9/2030,12.4309864,16.79354858,9.110449791,6.301737785,1.308679461,101.6317596,3.781301975,5.26987648,246.8642883,245.8677521,12.36665821,73.2376709,Winter,0
1/10/2030,12.39517021,16.75765991,9.076473236,6.287539482,1.319369793,101.6266479,3.787490368,5.278730392,247.1303864,246.2135773,12.33337212,73.26931,Winter,0
1/11/2030,12.35980606,16.72217751,9.042930603,6.273363113,1.330321074,101.6208649,3.793956995,5.28793335,247.3767395,246.5368652,12.30107975,73.29863739,Winter,0
1/12/2030,12.32498646,16.68723869,9.009854317,6.259258747,1.341445923,101.6144562,3.80065012,5.297419548,247.6023254,246.8358459,12.26986122,73.32559967,Winter,0
1/13/2030,12.29081631,16.65300179,8.977286339,6.245279312,1.352654934,101.6074677,3.807517767,5.307122231,247.8062744,247.1090546,12.23980427,73.35012054,Winter,0
1/14/2030,12.25741005,16.61963081,8.94527626,6.231481552,1.3638556,101.5999527,3.814505339,5.316975594,247.987915,247.3551483,12.21099854,73.37213898,Winter,0
1/15/2030,12.22489357,16.58730125,8.913879395,6.217925072,1.374955058,101.5919571,3.821560621,5.326911926,248.1467285,247.5730743,12.18354416,73.39162445,Winter,0
1/16/2030,12.19338799,16.55619621,8.88315773,6.204674721,1.385859728,101.5835342,3.828630209,5.336864471,248.2824249,247.7619781,12.15754318,73.40851593,Winter,0
1/17/2030,12.16302872,16.52650452,8.853185654,6.191791534,1.396476388,101.5747452,3.835662365,5.346767426,248.3948364,247.9212036,12.13309479,73.4227829,Winter,0
1/18/2030,12.13395405,16.49842072,8.824028969,6.179342747,1.406713724,101.5656509,3.842605829,5.356554031,248.483963,248.0504456,12.11030769,73.43440247,Winter,0
1/19/2030,12.10629654,16.47213745,8.79576683,6.167390823,1.416481972,101.5563126,3.849411964,5.366165161,248.5500793,248.1495209,12.08928108,73.443367,Winter,0
1/20/2030,12.08019829,16.44785118,8.768479347,6.156000137,1.425694585,101.5467834,3.856034517,5.375538826,248.5934753,248.2184906,12.07011795,73.449646,Winter,0
1/21/2030,12.05579185,16.42575073,8.742249489,6.145234585,1.434268594,101.5371246,3.862428904,5.384618759,248.6147614,248.2577362,12.05291843,73.45324707,Winter,0
1/22/2030,12.03321838,16.40602493,8.717157364,6.13515377,1.442126155,101.5274124,3.868553638,5.393352509,248.614563,248.2677612,12.03777695,73.45418549,Winter,0
1/23/2030,12.01260567,16.38885498,8.693288803,6.125815392,1.449193358,101.5176849,3.87436986,5.401691437,248.593689,248.2492676,12.02478504,73.45244598,Winter,0
1/24/2030,11.99407959,16.37441444,8.670725822,6.117275238,1.455403447,101.5080185,3.879843712,5.409586906,248.5530396,248.2032623,12.01402664,73.44807434,Winter,0
1/25/2030,11.97776031,16.36287689,8.649550438,6.109583378,1.460695624,101.4984589,3.884943485,5.417001724,248.4937134,248.1308136,12.0055809,73.44109344,Winter,0
1/26/2030,11.96376419,16.35438347,8.629840851,6.102786064,1.46501565,101.4890671,3.889641047,5.423897743,248.4168243,248.0332184,11.99951744,73.43152618,Winter,0
1/27/2030,11.95219231,16.34908676,8.611675262,6.09692812,1.46831727,101.4798889,3.893913507,5.430244446,248.3235474,247.911911,11.9958992,73.41941833,Winter,0
1/28/2030,11.94314575,16.34711456,8.595123291,6.092043877,1.470561981,101.4709778,3.897740126,5.436015129,248.2152252,247.7684631,11.9947834,73.40481567,Winter,0
1/29/2030,11.93671036,16.34858322,8.580257416,6.088166714,1.471719265,101.4623718,3.901105881,5.441188812,248.0931091,247.6045532,11.99621296,73.38776398,Winter,0
1/30/2030,11.93296051,16.35359192,8.567140579,6.08532238,1.471767187,101.4541245,3.903997898,5.445748329,247.9586487,247.4219666,12.00022411,73.36832428,Winter,0
1/31/2030,11.93196106,16.36222649,8.555830956,6.083532333,1.470692396,101.4462662,3.906409025,5.449681282,247.8131256,247.2225342,12.00684357,73.34655762,Winter,0
2/1/2030,11.93377209,16.3745575,8.546382904,6.082810402,1.468490481,101.4388275,3.90833497,5.452982903,247.6579742,247.0081787,12.01608658,73.32250977,Winter,0
2/2/2030,11.93843269,16.39063644,8.538845062,6.083167076,1.465165257,101.431839,3.90977478,5.455649376,247.4945221,246.780777,12.02796364,73.29624939,Winter,0
2/3/2030,11.94597721,16.41049767,8.533258438,6.08460474,1.460729599,101.4253311,3.910732031,5.457683563,247.3240814,246.5423431,12.04247475,73.26784515,Winter,0
2/4/2030,11.95642376,16.43416595,8.529657364,6.087120056,1.455204606,101.4193115,3.911212921,5.45909214,247.1479797,246.2947845,12.05960369,73.23736572,Winter,0
2/5/2030,11.96978092,16.4616375,8.528067589,6.090706825,1.448620439,101.4137878,3.911226988,5.459885597,246.9673615,246.0399933,12.07933426,73.20485687,Winter,0
2/6/2030,11.98604774,16.49290657,8.528517723,6.095350266,1.441013932,101.408783,3.910787582,5.460077286,246.7834167,245.7798309,12.10163212,73.17040253,Winter,0
2/7/2030,12.00520706,16.52794075,8.531017303,6.101032257,1.432430625,101.4042969,3.909908533,5.459685326,246.5972137,245.5160675,12.12646866,73.13404083,Winter,0
2/8/2030,12.02723694,16.56669426,8.535574913,6.107729912,1.42292285,101.4003143,3.908608913,5.458730698,246.4097137,245.2504425,12.15379715,73.09584045,Winter,0
2/9/2030,12.052104,16.60911369,8.542198181,6.115414619,1.412549853,101.396843,3.906906843,5.45723629,246.2217712,244.9845428,12.18356323,73.05586243,Winter,0
2/10/2030,12.0797596,16.65512657,8.550880432,6.124054909,1.401376963,101.3938599,3.904825211,5.455226898,246.0341644,244.7198486,12.21571541,73.01413727,Winter,0
2/11/2030,12.1101532,16.70464325,8.561610222,6.133615494,1.389474988,101.3913498,3.902386427,5.452730179,245.8475189,244.4577637,12.25018597,72.97074127,Winter,0
2/12/2030,12.14322472,16.75757599,8.574376106,6.144057274,1.376919508,101.3892899,3.899614334,5.449775696,245.662384,244.1994781,12.28691483,72.92568207,Winter,0
2/13/2030,12.17890549,16.81381416,8.589155197,6.155338287,1.363790631,101.3876572,3.896534681,5.446393013,245.479126,243.946106,12.32583046,72.87900543,Winter,0
2/14/2030,12.21711826,16.87323952,8.605918884,6.167414665,1.350171924,101.3864136,3.893172741,5.442612648,245.2980957,243.6985779,12.36685944,72.83074951,Winter,0
2/15/2030,12.25778389,16.93573952,8.624647141,6.180243492,1.336149216,101.3855209,3.889554501,5.438467026,245.1193848,243.4576111,12.40992641,72.78092194,Winter,0
2/16/2030,12.30081558,17.00117111,8.645298004,6.193776131,1.321810722,101.3849564,3.885705948,5.43398571,244.9430542,243.223877,12.45495605,72.72955322,Winter,0
2/17/2030,12.34612942,17.06941223,8.667835236,6.207965851,1.30724597,101.3846664,3.88165307,5.429201126,244.769043,242.9978027,12.50187397,72.67664337,Winter,0
2/18/2030,12.39362526,17.1403141,8.692224503,6.222764969,1.292544484,101.3846054,3.877420664,5.424143791,244.5971222,242.7796783,12.55060387,72.62219238,Winter,0
2/19/2030,12.44321632,17.2137413,8.718417168,6.238129139,1.277795911,101.3847351,3.873033762,5.418841362,244.427063,242.5695953,12.60107136,72.56620026,Winter,0
2/20/2030,12.49480629,17.28954697,8.746370316,6.254009247,1.263088465,101.3850021,3.868516207,5.41332531,244.2584229,242.3675079,12.65320778,72.50865173,Winter,0
2/21/2030,12.54829693,17.36759186,8.776039124,6.2703619,1.248507977,101.3853607,3.863889933,5.407621384,244.0907288,242.1732788,12.70694256,72.44953156,Winter,0
2/22/2030,12.60359859,17.44772911,8.807377815,6.287144184,1.234138727,101.3857498,3.859176636,5.401754379,243.9234161,241.9865112,12.76221085,72.38882446,Winter,0
2/23/2030,12.66061687,17.5298233,8.840337753,6.304315567,1.220061064,101.3861313,3.854396105,5.395750046,243.7558899,241.8067627,12.81895161,72.32648468,Winter,0
2/24/2030,12.71926498,17.61373901,8.8748703,6.321837902,1.20635128,101.3864441,3.849566936,5.38962841,243.5874329,241.6334229,12.87710762,72.26249695,Winter,0
2/25/2030,12.77945042,17.69933701,8.910933495,6.339675426,1.193081379,101.3866501,3.844706535,5.383412361,243.4173126,241.4658051,12.93662834,72.19681549,Winter,0
2/26/2030,12.84109497,17.78649521,8.948477745,6.357796669,1.180318236,101.3866806,3.839829445,5.377120018,243.2447815,241.3030548,12.99746704,72.12939453,Winter,0
2/27/2030,12.90411377,17.87509155,8.98746109,6.376172066,1.168122888,101.3865051,3.834950209,5.37076664,243.0690002,241.1442719,13.05958557,72.06020355,Winter,0
2/28/2030,12.96844006,17.96500969,9.0278368,6.394779205,1.156550646,101.3860779,3.830080271,5.364367485,242.8892517,240.9885101,13.12294674,71.98918152,Winter,0
3/1/2030,13.03399849,18.05614471,9.069570541,6.413593769,1.14564991,101.3853378,3.825230598,5.357934952,242.7046356,240.834671,13.18751907,71.91629028,Spring,1
3/2/2030,13.10072803,18.14839554,9.112617493,6.432599068,1.135462523,101.3842621,3.820410728,5.351480484,242.5144806,240.6817017,13.25328636,71.84147644,Spring,1
3/3/2030,13.16857147,18.24167061,9.156946182,6.45178318,1.12602365,101.3828049,3.81562686,5.345013618,242.3179321,240.5284882,13.32022476,71.76469421,Spring,1
3/4/2030,13.2374754,18.33588791,9.20252037,6.471136093,1.117360592,101.380928,3.810887337,5.338540077,242.1143494,240.3738556,13.38832664,71.68589783,Spring,1
3/5/2030,13.30739498,18.43096733,9.249310493,6.490652084,1.109493375,101.3786163,3.806195259,5.332068443,241.9030151,240.2167053,13.45758629,71.6050415,Spring,1
3/6/2030,13.37828732,18.52684975,9.297288895,6.510330677,1.102435112,101.375824,3.801555872,5.325601578,241.6833191,240.0559082,13.52799797,71.5220871,Spring,1
3/7/2030,13.45012188,18.62347221,9.34643364,6.530172348,1.096191287,101.3725357,3.79697156,5.319145203,241.4547424,239.8903198,13.59957027,71.43698883,Spring,1
3/8/2030,13.52286816,18.72078705,9.396716118,6.55018425,1.090759873,101.3687439,3.792444229,5.312700272,241.2167511,239.7189636,13.67230797,71.34973145,Spring,1
3/9/2030,13.59650326,18.81875229,9.448120117,6.570374012,1.086132169,101.3644257,3.787976503,5.306270599,240.9690552,239.5407867,13.74622536,71.26026917,Spring,1
3/10/2030,13.67101383,18.9173317,9.500634193,6.590755463,1.082292199,101.3595657,3.783568144,5.29985714,240.7112579,239.3548737,13.82133484,71.16860199,Spring,1
3/11/2030,13.74638081,19.01649857,9.554238319,6.61134243,1.079217196,101.3541794,3.779220581,5.293460846,240.4431915,239.1603546,13.89765167,71.07470703,Spring,1
3/12/2030,13.82259941,19.11623383,9.608925819,6.632152557,1.076878905,101.3482513,3.774934292,5.287083626,240.1647034,238.9564667,13.97520256,70.97858429,Spring,1
3/13/2030,13.89966488,19.21652031,9.664682388,6.653205395,1.075242043,101.3417892,3.770709276,5.280726433,239.8758087,238.7424927,14.05400085,70.88022614,Spring,1
3/14/2030,13.97757912,19.3173542,9.721506119,6.6745224,1.074266434,101.334816,3.766545773,5.274390221,239.5764923,238.5178375,14.13407326,70.77965546,Spring,1
3/15/2030,14.05634022,19.41872406,9.779391289,6.696126461,1.073907256,101.3273392,3.762445211,5.26807785,239.2669983,238.2820587,14.21543884,70.67689514,Spring,1
3/16/2030,14.13595676,19.5206356,9.838332176,6.71804142,1.074114203,101.3193741,3.758408308,5.261792183,238.9475403,238.0347443,14.2981205,70.57196808,Spring,1
3/17/2030,14.21643734,19.62309265,9.898331642,6.740291595,1.074834108,101.3109512,3.754436493,5.255534172,238.6184235,237.7756348,14.3821373,70.46492767,Spring,1
3/18/2030,14.29778767,19.72609711,9.959384918,6.762903214,1.07600975,101.3021011,3.750532627,5.249310493,238.2800903,237.5045471,14.46750641,70.3558197,Spring,1
3/19/2030,14.38001728,19.82966042,10.02149296,6.785899162,1.077580929,101.2928467,3.746698618,5.243124008,237.9330292,237.2214508,14.554245,70.24469757,Spring,1
3/20/2030,14.46313858,19.93379021,10.08465958,6.809307098,1.079486012,101.2832413,3.742937803,5.236981392,237.5778198,236.9263916,14.64236832,70.13163757,Spring,1
3/21/2030,14.54716015,20.03849792,10.14888191,6.833147049,1.081660986,101.2733078,3.739254713,5.23088932,237.2150269,236.6195221,14.73188019,70.01672363,Spring,1
3/22/2030,14.63209438,20.14378929,10.21416283,6.85744381,1.084041476,101.263092,3.735653639,5.224854469,236.8453827,236.3011017,14.82279205,69.90003204,Spring,1
3/23/2030,14.71794605,20.24967957,10.28050137,6.882218361,1.086562514,101.2526474,3.732140303,5.218886375,236.4695435,235.9714508,14.91510582,69.78166962,Spring,1
3/24/2030,14.80472374,20.35617447,10.34790039,6.9074893,1.089159131,101.242012,3.728720427,5.212993622,236.0882874,235.6309967,15.00881577,69.66174316,Spring,1
3/25/2030,14.89243603,20.46328163,10.41635799,6.933275223,1.09176743,101.2312393,3.725401163,5.207186699,235.7023621,235.2802582,15.10391617,69.54034424,Spring,1
3/26/2030,14.98108196,20.57100487,10.48587322,6.959589958,1.094324946,101.2203751,3.722188711,5.201477051,235.3125763,234.9197845,15.20039558,69.41761017,Spring,1
3/27/2030,15.07066345,20.67934799,10.55644417,6.986448288,1.096770883,101.2094803,3.719091177,5.195874214,234.919632,234.5501862,15.29823494,69.29364777,Spring,1
3/28/2030,15.1611805,20.7883091,10.62806797,7.013858795,1.099046707,101.1986008,3.716116905,5.190391541,234.5243225,234.1721344,15.39741707,69.16859436,Spring,1
3/29/2030,15.25262928,20.89789009,10.70073986,7.04183054,1.101097226,101.1877899,3.713272095,5.185038567,234.1273956,233.7863464,15.49791145,69.04255676,Spring,1
3/30/2030,15.34500217,21.00807762,10.77445507,7.070367813,1.102869987,101.1770935,3.710566044,5.179828644,233.7295227,233.3935242,15.59969139,68.91569519,Spring,1
3/31/2030,15.43828773,21.11887169,10.84920597,7.099473953,1.104316354,101.1665726,3.708005667,5.174772263,233.3313904,232.9944305,15.70271301,68.78811646,Spring,1
4/1/2030,15.53247738,21.23025703,10.92498302,7.129146576,1.105391741,101.1562805,3.705598354,5.169879913,232.933548,232.5897675,15.80694771,68.65995789,Spring,1
4/2/2030,15.62755585,21.34222031,11.00177956,7.15938282,1.106055498,101.1462479,3.703351498,5.165162086,232.5366058,232.1802826,15.91234589,68.53134918,Spring,1
4/3/2030,15.72350311,21.45474434,11.07958412,7.190177917,1.106271744,101.1365433,3.701269865,5.160628319,232.1410065,231.7666931,16.01886177,68.40240479,Spring,1
4/4/2030,15.82030201,21.56781006,11.15838242,7.221522331,1.106009007,101.1271973,3.699359417,5.156285286,231.7471313,231.3496704,16.12644958,68.27325439,Spring,1
4/5/2030,15.91793156,21.6814003,11.23816395,7.253405571,1.105240583,101.1182556,3.697623491,5.15213871,231.3553009,230.9298401,16.23505592,68.14399719,Spring,1
4/6/2030,16.01636887,21.79549026,11.31891727,7.285814762,1.10394454,101.1097641,3.696064711,5.148193359,230.965744,230.5077972,16.34462929,68.01473999,Spring,1
4/7/2030,16.11558914,21.91005707,11.40062714,7.318734169,1.102103829,101.1017456,3.694684029,5.144451141,230.5786285,230.0840912,16.45511627,67.88559723,Spring,1
4/8/2030,16.21556854,22.02508163,11.48327637,7.35214901,1.099706054,101.0942535,3.693480492,5.140912056,230.1939545,229.6591949,16.56646156,67.75662994,Spring,1
4/9/2030,16.31628418,22.14053917,11.56685543,7.38603878,1.096744061,101.0872955,3.692452431,5.137574196,229.8117371,229.2335052,16.67861938,67.62792206,Spring,1
4/10/2030,16.41770554,22.25640678,11.65134811,7.420385361,1.093214273,101.0809097,3.691594601,5.134430885,229.4317627,228.807373,16.79153061,67.49954224,Spring,1
4/11/2030,16.51981544,22.37266541,11.73674107,7.45516777,1.089118123,101.075119,3.690900803,5.131475449,229.0539246,228.3810425,16.90514755,67.37153625,Spring,1
4/12/2030,16.6225853,22.48929787,11.82301903,7.490365028,1.084461212,101.0699387,3.690361261,5.128695488,228.6777954,227.9547272,17.01942635,67.24393463,Spring,1
4/13/2030,16.72600174,22.6062851,11.91017532,7.525957584,1.07925272,101.0653839,3.689965487,5.126077652,228.3031006,227.5285645,17.13432121,67.11676788,Spring,1
4/14/2030,16.83003807,22.72361183,11.99819469,7.561923027,1.073505759,101.0614624,3.689699888,5.123603821,227.9293671,227.1025543,17.24979591,66.99002838,Spring,1
4/15/2030,16.93468094,22.84127617,12.08706856,7.598239899,1.067236662,101.0581818,3.689548254,5.121253967,227.5559998,226.6767273,17.3658123,66.8637085,Spring,1
4/16/2030,17.03991699,22.95926666,12.17679119,7.634890556,1.060464144,101.055542,3.689492941,5.119005203,227.1825256,226.2509308,17.48234367,66.73778534,Spring,1
4/17/2030,17.14573669,23.07758522,12.26735687,7.671854019,1.053210258,101.0535431,3.689512253,5.116829872,226.8082886,225.8250427,17.59936714,66.61222076,Spring,1
4/18/2030,17.25213623,23.19623947,12.35875988,7.709113121,1.045499086,101.0521774,3.689584255,5.11469841,226.432663,225.3988647,17.71686363,66.48693848,Spring,1
4/19/2030,17.35911179,23.31523895,12.45100117,7.746652603,1.0373559,101.0514374,3.689683199,5.112577438,226.0549622,224.9721527,17.83482552,66.36187744,Spring,1
4/20/2030,17.46666718,23.43459892,12.54408455,7.784457207,1.028807878,101.0513077,3.689782381,5.110432625,225.6745453,224.5445862,17.95325089,66.23694611,Spring,1
4/21/2030,17.57481003,23.55434418,12.63801003,7.822515488,1.019883156,101.0517654,3.689852476,5.108224869,225.2906952,224.1158752,18.07214355,66.1120224,Spring,1
4/22/2030,17.68355179,23.67450333,12.73278904,7.860816002,1.010610104,101.052803,3.689863205,5.105916023,224.9028168,223.6856842,18.19151306,65.98699188,Spring,1
4/23/2030,17.79291534,23.79511261,12.82843018,7.899352074,1.00101769,101.05439,3.689782619,5.103462219,224.5102539,223.2536621,18.3113842,65.86173248,Spring,1
4/24/2030,17.90291977,23.91621399,12.92494488,7.938118935,0.991134465,101.0565033,3.689576626,5.100820541,224.112442,222.8194733,18.43177986,65.73606873,Spring,1
4/25/2030,18.01359558,24.03785706,13.02235031,7.97711277,0.980988204,101.0591049,3.68921113,5.097946167,223.7089233,222.3828278,18.55273819,65.60985565,Spring,1
4/26/2030,18.1249733,24.16009521,13.1206665,8.016334534,0.970606208,101.0621796,3.688652515,5.094794273,223.2991943,221.9434357,18.67429924,65.48291779,Spring,1
4/27/2030,18.23709488,24.2829895,13.21991348,8.055787086,0.960014164,101.0656815,3.687864065,5.091316223,222.8829346,221.5010223,18.79651451,65.35505676,Spring,1
4/28/2030,18.34999847,24.40660477,13.32011127,8.095475197,0.949236631,101.0695877,3.686811924,5.087470055,222.4598846,221.0554352,18.91943741,65.22610474,Spring,1
4/29/2030,18.46373558,24.53100967,13.42129326,8.135407448,0.938296199,101.0738602,3.685460806,5.08320713,222.0299377,220.6065521,19.04313087,65.09584808,Spring,1
4/30/2030,18.57835388,24.65628624,13.52348423,8.175593376,0.927213252,101.0784531,3.683778048,5.078484535,221.5930328,220.1543274,19.16766167,64.96409607,Spring,1
5/1/2030,18.69390869,24.78250504,13.6267128,8.21604538,0.916006565,101.0833435,3.681729317,5.073260307,221.1493225,219.6987915,19.29310417,64.83062744,Spring,1
5/2/2030,18.81045914,24.90975571,13.73101044,8.256778717,0.904692173,101.0884781,3.679285049,5.067492485,220.6990204,219.240097,19.41953087,64.69525146,Spring,1
5/3/2030,18.92805862,25.03811455,13.83641052,8.297811508,0.893283725,101.0938339,3.676416159,5.061143875,220.2425385,218.7784729,19.54702187,64.55774689,Spring,1
5/4/2030,19.0467701,25.1676693,13.94294739,8.339159966,0.881792247,101.0993729,3.673095465,5.054178238,219.7804413,218.3143158,19.67566299,64.41792297,Spring,1
5/5/2030,19.16666031,25.29850769,14.0506506,8.380844116,0.87022692,101.1050491,3.669299364,5.046566963,219.3133698,217.8480835,19.80553246,64.2755661,Spring,1
5/6/2030,19.28778076,25.43071175,14.15955734,8.422884941,0.858593524,101.1108322,3.665006876,5.038279533,218.8422241,217.3803558,19.93671608,64.13048553,Spring,1
5/7/2030,19.41019821,25.56435776,14.26969719,8.465304375,0.846895635,101.1166916,3.660201073,5.029295921,218.3679657,216.911911,20.06929398,63.98249817,Spring,1
5/8/2030,19.53397369,25.69953346,14.38110065,8.508124352,0.835134923,101.1225815,3.654867411,5.0195961,217.8917999,216.4435883,20.20335007,63.8314209,Spring,1
5/9/2030,19.65916061,25.83631134,14.49379826,8.551366806,0.823310137,101.1284866,3.648996353,5.009169579,217.4149628,215.9763794,20.33896446,63.67709351,Spring,1
5/10/2030,19.78580856,25.97476006,14.60781574,8.595051765,0.811418235,101.1343613,3.642584085,4.998007774,216.9389648,215.5113983,20.47620773,63.51937103,Spring,1
5/11/2030,19.91397476,26.11494255,14.72317505,8.639200211,0.799454272,101.1401901,3.635627508,4.986109734,216.4653168,215.0499115,20.61514854,63.35810852,Spring,1
5/12/2030,20.04369736,26.25691795,14.83990097,8.683833122,0.787411392,101.1459351,3.628132582,4.973482132,215.9957428,214.5932159,20.75585365,63.1931839,Spring,1
5/13/2030,20.1750164,26.40073204,14.95800686,8.72896862,0.775281191,101.1515732,3.620106936,4.960135937,215.5320892,214.1428528,20.89837837,63.02449799,Spring,1
5/14/2030,20.30796432,26.54642677,15.07750225,8.77462101,0.76305455,101.1570892,3.611564875,4.946089268,215.0761719,213.7003326,21.04277229,62.85197449,Spring,1
5/15/2030,20.44256592,26.69402885,15.19839859,8.82080555,0.75072062,101.1624603,3.602524996,4.931367397,214.6300354,213.267334,21.18907356,62.67554474,Spring,1
5/16/2030,20.57883453,26.84355736,15.32069492,8.86753273,0.738268495,101.1676636,3.593011379,4.916001797,214.1957245,212.8456116,21.33731079,62.49517822,Spring,1
5/17/2030,20.71677971,26.99501419,15.44438839,8.914811134,0.725686729,101.1726913,3.58305335,4.900029659,213.7753754,212.4369507,21.48750496,62.31083679,Spring,1
5/18/2030,20.85639763,27.14839554,15.56946278,8.962648392,0.712963283,101.1775208,3.572683811,4.883496761,213.3710632,212.0432281,21.6396656,62.12255096,Spring,1
5/19/2030,20.99767876,27.30368423,15.69590759,9.011042595,0.700087368,101.1821518,3.561942577,4.866454124,212.9849701,211.6662903,21.7937851,61.93032837,Spring,1
5/20/2030,21.1406002,27.46084213,15.82369614,9.05999279,0.68704772,101.1865692,3.550871611,4.848958969,212.6192322,211.3080597,21.94984818,61.73423767,Spring,1
5/21/2030,21.28512955,27.61982155,15.95279503,9.109494209,0.673834622,101.1907654,3.539520025,4.831073284,212.2759247,210.9704132,22.10782623,61.53435516,Spring,1
5/22/2030,21.43122101,27.78056717,16.08316803,9.159535408,0.660439014,101.1947403,3.52793932,4.812866211,211.9570923,210.6552582,22.26767731,61.33078003,Spring,1
5/23/2030,21.57882309,27.94299507,16.21476746,9.210103035,0.646853268,101.1984863,3.516184568,4.794410706,211.6647491,210.3643951,22.42934608,61.12363434,Spring,1
5/24/2030,21.72786522,28.10702324,16.34754181,9.261178017,0.633071601,101.2020111,3.504315376,4.775784492,211.4007568,210.0996246,22.59276199,60.91307068,Spring,1
5/25/2030,21.87827301,28.27254105,16.48142433,9.312737465,0.61909008,101.205307,3.492393017,4.757068634,211.1668243,209.8625946,22.75784492,60.6992569,Spring,1
5/26/2030,22.02995682,28.43943596,16.61635208,9.364756584,0.604906321,101.208374,3.480482578,4.738349438,210.9646149,209.654892,22.9244957,60.48240662,Spring,1
5/27/2030,22.18281937,28.60757446,16.75224686,9.417201042,0.590520799,101.2112274,3.468650579,4.719713688,210.7955627,209.4779968,23.09260941,60.2627182,Spring,1
5/28/2030,22.33674812,28.77681351,16.88902283,9.470038414,0.575936139,101.2138596,3.456964493,4.701251984,210.6609802,209.3332062,23.26206398,60.04042816,Spring,1
5/29/2030,22.49162483,28.9470005,17.02659416,9.523227692,0.561157286,101.2162857,3.445493937,4.683054447,210.5619049,209.2216492,23.43272781,59.8157959,Spring,1
5/30/2030,22.64731979,29.1179657,17.16486168,9.57672596,0.54619199,101.2185135,3.434307814,4.665212631,210.4992218,209.1443329,23.60445595,59.58909607,Spring,1
5/31/2030,22.80369568,29.28953171,17.30372047,9.630489349,0.531050622,101.2205429,3.423475504,4.647818089,210.473587,209.1020203,23.77709579,59.36061096,Spring,1
6/1/2030,22.96060371,29.46151352,17.44306374,9.684466362,0.515745997,101.2223892,3.413064957,4.630960941,210.485321,209.0952606,23.95048332,59.13064575,Summer,2
6/2/2030,23.11789322,29.63371849,17.58277893,9.738606453,0.500293791,101.2240601,3.403143167,4.614729881,210.5346375,209.1244049,24.12444305,58.8995285,Summer,2
6/3/2030,23.27540398,29.80594444,17.7227459,9.792853355,0.484712094,101.2255554,3.393775225,4.599209785,210.6213989,209.1895294,24.29880333,58.66756439,Summer,2
6/4/2030,23.43296432,29.97798729,17.86284256,9.847153664,0.469021678,101.2268982,3.38502264,4.584483147,210.7451935,209.2905273,24.47336769,58.43509674,Summer,2
6/5/2030,23.59041214,30.14963341,18.00294304,9.901447296,0.453245401,101.2280807,3.376945019,4.570628166,210.905365,209.4269867,24.64794922,58.2024765,Summer,2
6/6/2030,23.74757004,30.32067108,18.14291573,9.955676079,0.437408537,101.229126,3.36959672,4.557718277,211.1009979,209.5982513,24.82235527,57.97003174,Summer,2
6/7/2030,23.90426064,30.49088669,18.28263283,10.00977993,0.421538025,101.2300339,3.363029003,4.545820236,211.3308105,209.8033905,24.99638367,57.73812866,Summer,2
6/8/2030,24.06030846,30.66007042,18.42196274,10.06369972,0.405663431,101.2308197,3.35728693,4.534995556,211.5933838,210.041214,25.16983223,57.5071106,Summer,2
6/9/2030,24.21553421,30.82800484,18.56077003,10.11737633,0.389815181,101.2314835,3.35241127,4.525297165,211.8869171,210.3102875,25.3425045,57.27732086,Summer,2
6/10/2030,24.36976624,30.99448204,18.69892502,10.17075062,0.374024957,101.2320328,3.348436832,4.516771793,212.2094421,210.608902,25.51420021,57.04912567,Summer,2
6/11/2030,24.52282333,31.15930176,18.83629227,10.22376633,0.358326286,101.2324753,3.345390797,4.509457588,212.5586548,210.9351196,25.68472481,56.8228302,Summer,2
6/12/2030,24.67453766,31.32226181,18.9727478,10.27636909,0.342752516,101.232811,3.343295813,4.503384113,212.9320679,211.2867279,25.85388374,56.59880066,Summer,2
6/13/2030,24.82474136,31.48317528,19.10816193,10.32850552,0.327338248,101.2330475,3.342165709,4.498571396,213.3270111,211.6613464,26.02148819,56.37734985,Summer,2
6/14/2030,24.97327614,31.64185905,19.24240875,10.38012505,0.312117964,101.2331924,3.342008829,4.495031357,213.7405243,212.0563049,26.18735695,56.15879059,Summer,2
6/15/2030,25.11998177,31.79813957,19.37537003,10.43118286,0.297125846,101.2332458,3.342824936,4.492764473,214.1695862,212.4687653,26.35131454,55.94342804,Summer,2
6/16/2030,25.26471138,31.95186424,19.50693321,10.48163509,0.282395869,101.2332001,3.344606161,4.491762161,214.6108704,212.8957825,26.51319313,55.73155975,Summer,2
6/17/2030,25.40732765,32.10287857,19.63698196,10.53144455,0.267961293,101.2330704,3.347338438,4.492007256,215.0610962,213.3341522,26.67284012,55.52345276,Summer,2
6/18/2030,25.54770279,32.25104904,19.76541901,10.58057499,0.253854036,101.2328491,3.35099864,4.493470669,215.5166779,213.7805939,26.83010483,55.31936646,Summer,2
6/19/2030,25.68570709,32.39625549,19.89214134,10.62899876,0.240105018,101.2325363,3.355557203,4.496115685,215.9741669,214.2317352,26.98484802,55.11955261,Summer,2
6/20/2030,25.82123566,32.53839111,20.01705933,10.6766901,0.226743847,101.2321243,3.360977173,4.499894142,216.4298553,214.6840363,27.13695145,54.9242363,Summer,2
6/21/2030,25.9541893,32.67736053,20.14008713,10.723629,0.213797465,101.2316284,3.367213726,4.504749298,216.880188,215.1339874,27.28629684,54.73361969,Summer,2
6/22/2030,26.08447266,32.81308365,20.26115227,10.76980209,0.201291636,101.2310333,3.37421608,4.510615349,217.3215179,215.578064,27.43278694,54.54790115,Summer,2
6/23/2030,26.21201515,32.94551086,20.38018227,10.81520176,0.189249411,101.2303314,3.381926298,4.517419338,217.7502594,216.0126648,27.57632637,54.36725998,Summer,2
6/24/2030,26.33674431,33.07457733,20.49711609,10.85982323,0.177691698,101.229538,3.390280962,4.525078773,218.1629181,216.4343262,27.71684837,54.19183731,Summer,2
6/25/2030,26.45860863,33.20026779,20.61190414,10.9036684,0.166636631,101.2286377,3.399210453,4.533504009,218.5560303,216.8395538,27.85428047,54.02178192,Summer,2
6/26/2030,26.57756233,33.32255554,20.72449684,10.94674587,0.156100214,101.2276306,3.408640385,4.542598724,218.9264069,217.2250061,27.9885807,53.85720444,Summer,2
6/27/2030,26.69357491,33.44143677,20.83485985,10.98906612,0.146095246,101.2265167,3.418492079,4.552261353,219.2708282,217.5874634,28.11970139,53.69821167,Summer,2
6/28/2030,26.80662537,33.55692673,20.94296265,11.03064823,0.136631832,101.2252884,3.42868185,4.562384605,219.5864716,217.9237976,28.24762344,53.54488373,Summer,2
6/29/2030,26.91670036,33.66904068,21.04878426,11.07151127,0.127718017,101.2239456,3.439124584,4.572856903,219.8705292,218.2311707,28.3723278,53.39730453,Summer,2
6/30/2030,27.0237999,33.77781677,21.15230751,11.11168575,0.119358376,101.2224884,3.449730635,4.583564281,220.1205597,218.5069122,28.49381065,53.25551605,Summer,2
7/1/2030,27.12792969,33.88330078,21.25352669,11.15119743,0.111555636,101.2209167,3.46040988,4.594388962,220.3343658,218.7485046,28.61207581,53.11956024,Summer,2
7/2/2030,27.22911072,33.9855423,21.35244179,11.19008446,0.104309358,101.219223,3.471070528,4.605212212,220.5099487,218.9537964,28.72713661,52.98946381,Summer,2
7/3/2030,27.32736206,34.08460617,21.44905853,11.2283802,0.09761703,101.2174149,3.481620073,4.615915298,220.645752,219.1209106,28.83901405,52.86524963,Summer,2
7/4/2030,27.42271423,34.18055725,21.54338074,11.26612663,0.091474608,101.2154922,3.491967916,4.626379013,220.740387,219.2481842,28.94773865,52.74692535,Summer,2
7/5/2030,27.51520348,34.27347565,21.63542747,11.30336475,0.085875325,101.2134552,3.502022743,4.636487961,220.7929382,219.3343506,29.05334091,52.63448334,Summer,2
7/6/2030,27.60487366,34.36343384,21.72521782,11.34013557,0.0808108,101.2113113,3.511696577,4.646126747,220.8027039,219.3784637,29.15586281,52.52791977,Summer,2
7/7/2030,27.69176292,34.4505043,21.81276894,11.37648582,0.076272085,101.209053,3.520903587,4.655183792,220.769455,219.3798981,29.25534439,52.42721558,Summer,2
7/8/2030,27.77592087,34.53477097,21.89811516,11.41245747,0.0722479,101.2067032,3.52956152,4.663555145,220.6932068,219.3383789,29.35182571,52.33235931,Summer,2
7/9/2030,27.85739517,34.6163063,21.98127174,11.44809628,0.068727173,101.2042465,3.537592411,4.67113781,220.5743866,219.2540283,29.44535637,52.24332809,Summer,2
7/10/2030,27.93622971,34.69519806,22.06227303,11.48344326,0.065697804,101.2017059,3.544922829,4.677838326,220.4137726,219.1272736,29.53598022,52.16009521,Summer,2
7/11/2030,28.01247406,34.77149963,22.14114571,11.51854134,0.063147709,101.1990891,3.551485538,4.683570385,220.2125092,218.9589691,29.62373352,52.08264923,Summer,2
7/12/2030,28.08616638,34.84527969,22.21791649,11.55342865,0.061064884,101.1963959,3.557219028,4.688254356,219.9720306,218.7502289,29.70865631,52.01096725,Summer,2
7/13/2030,28.15735435,34.91659546,22.29261017,11.58814335,0.059437446,101.1936493,3.562068224,4.691819668,219.6941376,218.5026093,29.79078484,51.94503784,Summer,2
7/14/2030,28.22606659,34.98548889,22.36525345,11.62271595,0.058255333,101.1908493,3.565985203,4.694205284,219.3809357,218.2179565,29.87014771,51.88483429,Summer,2
7/15/2030,28.29233742,35.05200195,22.4358654,11.65717793,0.057508685,101.1880035,3.568930149,4.695360184,219.0348511,217.8984375,29.94676399,51.83037567,Summer,2
7/16/2030,28.35618591,35.11615372,22.5044632,11.69155216,0.057189785,101.1851425,3.570870876,4.695243835,218.6585693,217.546524,30.02064896,51.78165436,Summer,2
7/17/2030,28.41763306,35.17795563,22.57106018,11.72585964,0.057291716,101.1822662,3.571782589,4.693826675,218.2549744,217.1650085,30.09180832,51.73868179,Summer,2
7/18/2030,28.47667885,35.23740387,22.63566589,11.76011276,0.057811227,101.17939,3.571650743,4.69108963,217.8273468,216.7569122,30.16023445,51.70146942,Summer,2
7/19/2030,28.53332901,35.294487,22.69828224,11.79432106,0.058745474,101.1765366,3.57046771,4.687024593,217.3789978,216.3255005,30.22592163,51.6700592,Summer,2
7/20/2030,28.58757401,35.34916687,22.75890541,11.8284874,0.060095269,101.1737061,3.568235636,4.681636333,216.9134979,215.8742523,30.28883553,51.64448547,Summer,2
7/21/2030,28.63938332,35.40139771,22.81753159,11.86260796,0.061864372,101.170929,3.564964533,4.674940109,216.4345551,215.4068451,30.34894562,51.62479401,Summer,2
7/22/2030,28.68873596,35.45111847,22.87413979,11.89667034,0.064058274,101.1682129,3.560673475,4.66696167,215.9459381,214.9270477,30.40620422,51.61103821,Summer,2
7/23/2030,28.73558426,35.49824905,22.92870903,11.93066025,0.066686012,101.1655807,3.555389881,4.657739162,215.4516144,214.4388428,30.4605484,51.603302,Summer,2
7/24/2030,28.77988243,35.54269409,22.98121071,11.96455193,0.069759995,101.1630325,3.549148798,4.647320271,214.9554443,213.9462433,30.5119133,51.60165405,Summer,2
7/25/2030,28.82156372,35.58434677,23.03160858,11.9983139,0.073294953,101.1605988,3.541994095,4.635764122,214.4614258,213.4532623,30.5602169,51.60617828,Summer,2
7/26/2030,28.86055756,35.62307739,23.07985687,12.03190994,0.077309377,101.158287,3.533976316,4.623138428,213.9734344,212.9640045,30.60535812,51.61698151,Summer,2
7/27/2030,28.89678383,35.65875626,23.12590981,12.06529427,0.081824012,101.156105,3.525152922,4.609520912,213.4953918,212.4825439,30.64724541,51.63417053,Summer,2
7/28/2030,28.93014908,35.69122314,23.16970634,12.09841728,0.086862929,101.1540833,3.515589237,4.59499836,213.0310059,212.0127869,30.68575859,51.65785599,Summer,2
7/29/2030,28.96055222,35.72032166,23.21118355,12.13122177,0.092452556,101.1522141,3.505354166,4.579665184,212.5839233,211.5587158,30.72077751,51.68815613,Summer,2
7/30/2030,28.98788643,35.74588013,23.25027084,12.16364574,0.098622218,101.150528,3.494524479,4.56362009,212.1576843,211.1240234,30.75217056,51.72520447,Summer,2
7/31/2030,29.01204109,35.76770782,23.28689384,12.19561958,0.105402954,101.149025,3.483179092,4.546972275,211.7554932,210.7123413,30.77980042,51.76911926,Summer,2
8/1/2030,29.03289223,35.78562164,23.32097244,12.22707081,0.112827942,101.1477127,3.47140336,4.529832363,211.3804932,210.3270416,30.80352211,51.82003784,Summer,2
8/2/2030,29.05031395,35.7994194,23.3524189,12.25792313,0.120932154,101.1466064,3.459283113,4.512317181,211.0354614,209.9713135,30.82318687,51.87809753,Summer,2
8/3/2030,29.06417656,35.80890656,23.38115501,12.28809261,0.12975125,101.1457138,3.446908712,4.494545937,210.7229919,209.648056,30.83864594,51.94342041,Summer,2
8/4/2030,29.07435036,35.81388474,23.40707397,12.31749725,0.13932243,101.1450348,3.434371233,4.476641178,210.445282,209.3599091,30.84974098,52.01613617,Summer,2
8/5/2030,29.08070183,35.81414795,23.43008995,12.34604836,0.149682477,101.1445847,3.421761751,4.458724022,210.204361,209.1091461,30.85632515,52.09637451,Summer,2
8/6/2030,29.08309937,35.80949783,23.45010757,12.37365723,0.160868391,101.1443481,3.409173012,4.440917015,210.0017548,208.8978119,30.85823441,52.18425751,Summer,2
8/7/2030,29.08141708,35.79974747,23.46702957,12.40023136,0.172916919,101.1443481,3.396694899,4.423340797,209.8388214,208.7275085,30.85532951,52.27988434,Summer,2
8/8/2030,29.07552147,35.7847023,23.48076057,12.42568302,0.185863197,101.1445694,3.384416819,4.406115055,209.7164001,208.5995483,30.8474617,52.38336182,Summer,2
8/9/2030,29.06528854,35.76418686,23.49121094,12.44991779,0.199740723,101.1450272,3.372425556,4.389355659,209.6350555,208.5147705,30.83448982,52.49477768,Summer,2
8/10/2030,29.0506134,35.73803329,23.49828529,12.47284889,0.214581206,101.1456985,3.360803843,4.373173237,209.595047,208.4737854,30.81628227,52.61421204,Summer,2
8/11/2030,29.0313797,35.70608521,23.50189781,12.49438667,0.230413452,101.1465988,3.349631548,4.357673645,209.5960846,208.4766541,30.79271889,52.74171829,Summer,2
8/12/2030,29.00749207,35.66821289,23.50196648,12.51444721,0.247262731,101.1477127,3.338982582,4.342956543,209.6377106,208.5231323,30.76369286,52.87734222,Summer,2
8/13/2030,28.97886276,35.62428665,23.49841309,12.53294754,0.265151173,101.1490402,3.32892704,4.329115391,209.7189636,208.6125793,30.72909927,53.02110291,Summer,2
8/14/2030,28.9454155,35.57420731,23.49116135,12.5498085,0.284096181,101.1505661,3.319526672,4.316234589,209.8386536,208.743988,30.68885422,53.17301178,Summer,2
8/15/2030,28.90708923,35.51789474,23.48015594,12.56495667,0.304110646,101.1522903,3.310839176,4.304389954,209.9951477,208.9159698,30.64289665,53.33303833,Summer,2
8/16/2030,28.8638382,35.45529175,23.46533394,12.57832718,0.325202435,101.1542053,3.302914143,4.29365015,210.1865997,209.1267242,30.59117126,53.50115204,Summer,2
8/17/2030,28.81562424,35.38636398,23.44665527,12.58985329,0.347373247,101.1562958,3.295793533,4.284070015,210.4107361,209.3742218,30.53363991,53.67728043,Summer,2
8/18/2030,28.76243973,35.31109619,23.4240799,12.59947968,0.370619476,101.1585541,3.289512396,4.275698662,210.6651611,209.6560211,30.47029877,53.86133575,Summer,2
8/19/2030,28.70428276,35.22951126,23.39757729,12.60715771,0.394930989,101.160965,3.284096956,4.2685709,210.9470978,209.9694061,30.40114212,54.0532074,Summer,2
8/20/2030,28.6411705,35.14165115,23.367136,12.61284637,0.420290917,101.1635208,3.279565573,4.262714386,211.2535858,210.3114014,30.32619858,54.25275421,Summer,2
8/21/2030,28.57314682,35.04758835,23.33275414,12.61651039,0.446675658,101.166214,3.275928974,4.258142471,211.5814972,210.6787872,30.24551773,54.45978546,Summer,2
8/22/2030,28.50026512,34.94742203,23.2944355,12.61812401,0.474054933,101.1690216,3.273188114,4.254858017,211.9274902,211.0681152,30.15916824,54.6741333,Summer,2
8/23/2030,28.4226017,34.84127426,23.25219727,12.61766815,0.502390683,101.1719437,3.271337032,4.252855778,212.288147,211.4757843,30.06723404,54.89556122,Summer,2
8/24/2030,28.34025002,34.72930145,23.20607567,12.61513424,0.531638384,101.1749573,3.270360947,4.252116203,212.6598969,211.8980255,29.96982956,55.12382126,Summer,2
8/25/2030,28.25332832,34.61169052,23.15611458,12.61052036,0.56174624,101.1780624,3.270237923,4.25261116,213.0391541,212.3309479,29.8670845,55.35864258,Summer,2
8/26/2030,28.16196823,34.48864365,23.10237122,12.60383224,0.592654705,101.1812363,3.270936966,4.254301071,213.422226,212.7706451,29.75915337,55.59971619,Summer,2
8/27/2030,28.06631851,34.36039734,23.04491615,12.59508514,0.624298275,101.1844788,3.27242136,4.257139206,213.8055115,213.2131042,29.64621353,55.84671021,Summer,2
8/28/2030,27.96654701,34.227211,22.98382378,12.58430386,0.65660429,101.1877747,3.274647236,4.261065483,214.1854095,213.6543732,29.5284481,56.09928894,Summer,2
8/29/2030,27.86284065,34.08936691,22.91919518,12.57151794,0.689493835,101.1911087,3.277563095,4.266016006,214.5583801,214.0904846,29.40607452,56.35708618,Summer,2
8/30/2030,27.75539207,33.94716644,22.85113144,12.55676365,0.722881436,101.1944809,3.281113625,4.271914959,214.9210358,214.5175934,29.27931595,56.61969757,Summer,2
8/31/2030,27.64442253,33.80093384,22.7797451,12.54008961,0.756676733,101.197876,3.285236597,4.278682232,215.2700806,214.9320068,29.14842415,56.88670349,Summer,2
9/1/2030,27.53015518,33.65101624,22.70515823,12.52154636,0.790783465,101.2012939,3.289866686,4.286231041,215.6024628,215.3301086,29.0136528,57.15769196,Autumn,3
9/2/2030,27.41283226,33.49775314,22.62751389,12.50119019,0.825101435,101.2047195,3.294933558,4.294467926,215.9152374,215.7084961,28.87527275,57.4322052,Autumn,3
9/3/2030,27.29269791,33.34152603,22.54694748,12.47908783,0.85952574,101.2081528,3.300364733,4.303297997,216.2058105,216.0640106,28.73356628,57.70978546,Autumn,3
9/4/2030,27.1700058,33.18270874,22.46360588,12.45530415,0.893948376,101.2115936,3.306085587,4.312619686,216.4717407,216.3937225,28.58883095,57.98997498,Autumn,3
9/5/2030,27.04502487,33.02169037,22.37765121,12.42991257,0.928258717,101.2150269,3.312018871,4.322331429,216.7109375,216.6949615,28.44136047,58.2722702,Autumn,3
9/6/2030,26.91802025,32.85885239,22.28923798,12.40298748,0.962343693,101.2184525,3.318087578,4.332331181,216.9216003,216.9654388,28.29146194,58.55620575,Autumn,3
9/7/2030,26.78925896,32.69459915,22.19853401,12.37460899,0.996089518,101.2218781,3.324214458,4.342514992,217.1021576,217.2030945,28.13944054,58.84128571,Autumn,3
9/8/2030,26.65901184,32.52931976,22.10570717,12.34485531,1.029381514,101.225296,3.330323458,4.352779865,217.2515564,217.4062805,27.98560905,59.12701416,Autumn,3
9/9/2030,26.52754974,32.36339569,22.01092339,12.31380653,1.062105536,101.2286987,3.336340189,4.363025665,217.3688812,217.5737152,27.83027267,59.4128952,Autumn,3
9/10/2030,26.39513779,32.19721222,21.91435432,12.28154659,1.094148517,101.2321014,3.342192173,4.373156071,217.4537506,217.7044525,27.67373657,59.69845581,Autumn,3
9/11/2030,26.26203156,32.03113937,21.81616592,12.24815178,1.125399351,101.2355042,3.347811222,4.383076668,217.5059967,217.7979584,27.51629639,59.98319244,Autumn,3
9/12/2030,26.12848663,31.86553383,21.71652794,12.21370602,1.155749798,101.2388916,3.353131771,4.392699718,217.5259094,217.8541107,27.35824203,60.26663971,Autumn,3
9/13/2030,25.99474525,31.70074081,21.61560059,12.17827988,1.185095191,101.2422867,3.358093977,4.401943207,217.5140839,217.8731232,27.19986153,60.54833221,Autumn,3
9/14/2030,25.8610363,31.53708076,21.51354027,12.14195156,1.213335633,101.2456741,3.362643242,4.410729408,217.4715118,217.8556976,27.04141808,60.82781982,Autumn,3
9/15/2030,25.72758102,31.37485886,21.41050339,12.10478783,1.2403754,101.2490768,3.366729498,4.418992043,217.3994293,217.8028259,26.88316917,61.10466003,Autumn,3
9/16/2030,25.59457779,31.21434975,21.306633,12.06685543,1.266126037,101.2524796,3.37031126,4.426670074,217.29953,217.7159424,26.72534943,61.37844086,Autumn,3
9/17/2030,25.46221924,31.05581284,21.20206261,12.0282135,1.290504813,101.2558975,3.373351336,4.433712006,217.1737061,217.5967865,26.56818581,61.64875031,Autumn,3
9/18/2030,25.3306694,30.89947128,21.09692383,11.98891735,1.31343627,101.2593307,3.375821829,4.440075874,217.024231,217.447525,26.41187859,61.91521454,Autumn,3
9/19/2030,25.20008087,30.74552155,20.9913311,11.94901371,1.334853888,101.2627716,3.377700806,4.445730209,216.8536072,217.2705688,26.25661278,62.17746735,Autumn,3
9/20/2030,25.07058144,30.59413338,20.88538933,11.90854645,1.354698062,101.266243,3.378974915,4.450650215,216.6645813,217.0687103,26.1025486,62.43519592,Autumn,3
9/21/2030,24.942276,30.44544029,20.77919579,11.86754799,1.372919679,101.2697296,3.37963891,4.454825401,216.460144,216.844986,25.94982719,62.6880722,Autumn,3
9/22/2030,24.81525421,30.29953766,20.67283058,11.82604504,1.38947773,101.2732391,3.379694462,4.458253384,216.243454,216.6026611,25.79855537,62.93583679,Autumn,3
9/23/2030,24.6895771,30.15649605,20.56636238,11.78405762,1.404341817,101.2767792,3.379152298,4.460943222,216.0178986,216.3452911,25.64883232,63.1782074,Autumn,3
9/24/2030,24.56528664,30.01634979,20.45984459,11.74159718,1.417490959,101.2803345,3.378030062,4.462914467,215.786911,216.0765381,25.50072098,63.41498566,Autumn,3
9/25/2030,24.44239616,29.87909126,20.35332298,11.69866753,1.428915143,101.2839203,3.376354218,4.464194298,215.5540924,215.800293,25.35426521,63.64596558,Autumn,3
9/26/2030,24.32089996,29.74468803,20.24682236,11.6552639,1.438613415,101.2875214,3.374157429,4.464822292,215.3230591,215.5204773,25.20947647,63.87099457,Autumn,3
9/27/2030,24.20076752,29.61306953,20.14035606,11.61137486,1.446596146,101.2911453,3.371480703,4.464847565,215.0974884,215.2411957,25.06635284,64.08992004,Autumn,3
9/28/2030,24.08194733,29.48412895,20.0339222,11.56698036,1.45288384,101.2947769,3.368371487,4.464326859,214.881073,214.9665222,24.92486,64.30264282,Autumn,3
9/29/2030,23.96436501,29.35773087,19.92750931,11.52205467,1.457506657,101.2984238,3.364882946,4.463326454,214.6773987,214.7005768,24.78494263,64.50908661,Autumn,3
9/30/2030,23.84792328,29.23370934,19.82108879,11.47656345,1.460505009,101.3020706,3.361075163,4.461919308,214.4900665,214.4473877,24.64652061,64.70920563,Autumn,3
10/1/2030,23.73250961,29.1118679,19.71461868,11.43046665,1.461929083,101.3057175,3.357012033,4.460185528,214.3225098,214.210968,24.50949669,64.90299225,Autumn,3
10/2/2030,23.61798477,28.99198341,19.60804939,11.3837204,1.461837411,101.3093491,3.352763176,4.458211899,214.1780548,213.995163,24.37374878,65.09043121,Autumn,3
10/3/2030,23.50419998,28.87380409,19.50131416,11.33627129,1.460298181,101.3129654,3.348402739,4.456090927,214.0598297,213.803772,24.23913956,65.27158356,Autumn,3
10/4/2030,23.39098549,28.757061,19.39433479,11.288064,1.457387209,101.3165436,3.344005585,4.453918457,213.9708405,213.6403198,24.10551262,65.44650269,Autumn,3
10/5/2030,23.2781601,28.64146233,19.28703117,11.23903942,1.4531883,101.3200836,3.339652061,4.451794624,213.9137421,213.5081177,23.9726963,65.61527252,Autumn,3
10/6/2030,23.16552544,28.52669525,19.17930984,11.18913555,1.447791338,101.3235626,3.335421801,4.449821472,213.891037,213.4102936,23.84050179,65.77799988,Autumn,3
10/7/2030,23.05288124,28.41243935,19.07106781,11.13828564,1.441293597,101.326973,3.331397057,4.448102474,213.9049377,213.3496399,23.70873451,65.93482208,Autumn,3
10/8/2030,22.94001198,28.29835701,18.96219635,11.08642483,1.433796287,101.330307,3.327658653,4.446742058,213.9573212,213.3286743,23.5771904,66.08589172,Autumn,3
10/9/2030,22.8266983,28.1841011,18.85258484,11.03348541,1.425406456,101.3335342,3.324287891,4.445842743,214.0498505,213.3496094,23.44565392,66.23136902,Autumn,3
10/10/2030,22.71271515,28.06932449,18.74211121,10.97940063,1.416234016,101.3366623,3.321364164,4.44550705,214.1837311,213.4142761,23.3139019,66.3714447,Autumn,3
10/11/2030,22.59783936,27.95367432,18.63066483,10.92410564,1.406391978,101.3396606,3.318963766,4.445833206,214.3599548,213.5241852,23.18171883,66.50631714,Autumn,3
10/12/2030,22.48184776,27.83680153,18.51812172,10.8675375,1.395994902,101.3425217,3.31716156,4.44691658,214.579071,213.6804352,23.04887772,66.63619995,Autumn,3
10/13/2030,22.36451721,27.71835899,18.40436172,10.80963516,1.385158658,101.3452225,3.316026688,4.448846817,214.8413696,213.8837433,22.91516304,66.76131439,Autumn,3
10/14/2030,22.24563217,27.59801292,18.28926659,10.75034332,1.37399888,101.3477631,3.315624952,4.451708317,215.1466827,214.1344299,22.78035736,66.88188934,Autumn,3
10/15/2030,22.12498093,27.47543335,18.17272186,10.68961143,1.362630606,101.3501129,3.316016912,4.455579758,215.4946289,214.4324799,22.64425087,66.99816132,Autumn,3
10/16/2030,22.00237274,27.35030937,18.05462074,10.62739468,1.351166248,101.3522797,3.317256212,4.460531235,215.8843842,214.7774353,22.5066452,67.11038971,Autumn,3
10/17/2030,21.87761116,27.22234917,17.93485832,10.56365395,1.339716077,101.3542328,3.319391489,4.466625214,216.3148041,215.1684418,22.36734772,67.21879578,Autumn,3
10/18/2030,21.75053024,27.09127808,17.81333733,10.49835873,1.328386784,101.3559647,3.322463274,4.4739151,216.7844543,215.6042786,22.22618675,67.32364655,Autumn,3
10/19/2030,21.62096977,26.95684433,17.68997192,10.43148613,1.317279935,101.3574829,3.326505661,4.48244524,217.2915497,216.0833893,22.08299828,67.42517853,Autumn,3
10/20/2030,21.48879051,26.81882286,17.56468773,10.3630209,1.306492686,101.358757,3.331543922,4.492250443,217.8340759,216.6038055,21.93764305,67.52362823,Autumn,3
10/21/2030,21.35387421,26.67702103,17.43741226,10.29295826,1.296115518,101.3597946,3.337596416,4.503354073,218.409668,217.1632843,21.78998756,67.61924744,Autumn,3
10/22/2030,21.21611595,26.53126335,17.30809784,10.22130489,1.286232471,101.3605881,3.344672918,4.515769958,219.0157471,217.7592163,21.63993263,67.71227264,Autumn,3
10/23/2030,21.07544327,26.38142204,17.17670441,10.1480732,1.276920319,101.3611374,3.352774143,4.529500008,219.6495361,218.3887634,21.48738861,67.80291748,Autumn,3
10/24/2030,20.93179893,26.2273922,17.04319954,10.07328892,1.2682482,101.3614426,3.361893415,4.544535637,220.3080292,219.0487518,21.33229637,67.89141846,Autumn,3
10/25/2030,20.78515434,26.06910515,16.90757561,9.99698925,1.260276318,101.361496,3.372014046,4.560858727,220.9880219,219.7358246,21.17461586,67.97797394,Autumn,3
10/26/2030,20.63549995,25.90653229,16.76983643,9.919220924,1.253056526,101.3613205,3.383112907,4.578437805,221.6862335,220.4464417,21.01432991,68.06278992,Autumn,3
10/27/2030,20.48285866,25.73967552,16.62999725,9.840041161,1.24663198,101.3609085,3.395156384,4.597232819,222.3992004,221.1768646,20.85145187,68.1460495,Autumn,3
10/28/2030,20.32727242,25.568573,16.48810005,9.75951767,1.241035819,101.3602753,3.408104897,4.617192745,223.1234436,221.9232025,20.68601036,68.22795105,Autumn,3
10/29/2030,20.1688118,25.39330482,16.3441906,9.677732468,1.236292601,101.3594284,3.421910524,4.638255119,223.8554077,222.6815338,20.51806831,68.30863953,Autumn,3
10/30/2030,20.00757027,25.21398544,16.19833946,9.594772339,1.232416987,101.3583908,3.436517477,4.660350323,224.5914917,223.4477997,20.34770393,68.38827515,Autumn,3
10/31/2030,19.84367371,25.03076172,16.05063248,9.510739326,1.229413986,101.3571777,3.451863527,4.683398247,225.3281708,224.2179413,20.17502785,68.46700287,Autumn,3
11/1/2030,19.67725754,24.84381294,15.90116882,9.425740242,1.227280259,101.3558044,3.467880249,4.707310677,226.0619049,224.9879456,20.00016785,68.54495239,Autumn,3
11/2/2030,19.50849915,24.65336418,15.75006199,9.339893341,1.226002574,101.3543015,3.484493256,4.731992722,226.7892761,225.7538147,19.82327843,68.62223053,Autumn,3
11/3/2030,19.33757973,24.45965767,15.59744644,9.253326416,1.225558758,101.352684,3.501623392,4.757342339,227.5069885,226.5116272,19.64453506,68.69894409,Autumn,3
11/4/2030,19.16471481,24.26297188,15.44346523,9.166172981,1.225919366,101.3509827,3.519186735,4.783249855,228.211792,227.2576294,19.46412659,68.77518463,Autumn,3
11/5/2030,18.99013519,24.06361771,15.28827953,9.078573227,1.227046371,101.3492279,3.537096024,4.809603691,228.9006958,227.9881439,19.28227806,68.85103607,Autumn,3
11/6/2030,18.81409073,23.86192322,15.13205814,8.990675926,1.228893518,101.3474503,3.555259705,4.836286545,229.5708618,228.6997528,19.09921265,68.92655182,Autumn,3
11/7/2030,18.63684464,23.65824699,14.97498989,8.90263176,1.231409431,101.3456802,3.573585749,4.863177299,230.2196808,229.3891754,18.91518021,69.00178528,Autumn,3
11/8/2030,18.45867348,23.45296478,14.81726551,8.814598083,1.234535098,101.343956,3.59197998,4.890154839,230.8447113,230.0533905,18.73044205,69.07679749,Autumn,3
11/9/2030,18.27987671,23.24647331,14.659091,8.726734161,1.238206983,101.342308,3.610347033,4.917095184,231.4438629,230.689743,18.54527092,69.15161133,Autumn,3
11/10/2030,18.10074997,23.03917503,14.5006752,8.639201164,1.24235642,101.3407745,3.628592253,4.943875313,232.015213,231.2957153,18.35995102,69.22625732,Autumn,3
11/11/2030,17.92161369,22.83149719,14.34224129,8.55216217,1.246911049,101.3393936,3.646621943,4.970374107,232.5572357,231.8691864,18.17477417,69.3007431,Autumn,3
11/12/2030,17.74277496,22.62387085,14.18401241,8.465779305,1.251794934,101.3381958,3.664344549,4.996469498,233.0685272,232.4083099,17.99003601,69.37509155,Autumn,3
11/13/2030,17.56455994,22.41672325,14.02621365,8.380213737,1.256931067,101.3372269,3.681669712,5.022046089,233.5481415,232.9116211,17.8060379,69.44928741,Autumn,3
11/14/2030,17.38729095,22.21049881,13.86908245,8.295625687,1.262239456,101.3365173,3.698511839,5.046991348,233.9953613,233.3779602,17.62307739,69.52333832,Autumn,3
11/15/2030,17.21128464,22.00562859,13.7128458,8.212170601,1.267641425,101.3361053,3.714788675,5.071196556,234.4097748,233.8065491,17.44146347,69.59723663,Autumn,3
11/16/2030,17.03686142,21.80254364,13.55773449,8.130000114,1.273057103,101.3360214,3.730421782,5.094558716,234.7912903,234.1969452,17.26148796,69.6709671,Autumn,3
11/17/2030,16.86433792,21.60166931,13.40398026,8.049260139,1.278408408,101.3363037,3.74533987,5.116984367,235.1400909,234.5490417,17.0834446,69.74451447,Autumn,3
11/18/2030,16.69400787,21.40341949,13.25180626,7.970090866,1.283620119,101.3369904,3.75947547,5.138384819,235.4566803,234.8631439,16.90761566,69.81786346,Autumn,3
11/19/2030,16.52617073,21.20819092,13.10143375,7.892623901,1.288618684,101.3380966,3.772769213,5.158679962,235.7417755,235.1398315,16.73427773,69.89099884,Autumn,3
11/20/2030,16.36111069,21.01636696,12.95307636,7.81698513,1.29333508,101.3396606,3.785167217,5.177800179,235.9964905,235.3800507,16.56369591,69.96388245,Autumn,3
11/21/2030,16.19909096,20.82831001,12.80693913,7.743288994,1.297704101,101.3417053,3.79662323,5.195681572,236.2220917,235.5850677,16.39612007,70.03650665,Autumn,3
11/22/2030,16.04036903,20.6443615,12.66321945,7.671640396,1.301666021,101.3442535,3.807099581,5.212272644,236.4200897,235.7564392,16.23178673,70.10884094,Autumn,3
11/23/2030,15.8851757,20.46483994,12.5221014,7.602134705,1.305166721,101.3473282,3.81656456,5.227531433,236.5922089,235.8960114,16.07091331,70.18087769,Autumn,3
11/24/2030,15.73372936,20.29003334,12.38376045,7.53485775,1.308158398,101.3509293,3.824996233,5.241426468,236.7404327,236.0059052,15.9136982,70.25258636,Autumn,3
11/25/2030,15.5862236,20.12020874,12.24835587,7.469880104,1.310599804,101.3550873,3.83237958,5.253935814,236.8668823,236.0884552,15.7603302,70.32395172,Autumn,3
11/26/2030,15.44283104,19.95559692,12.11603642,7.407264233,1.312456965,101.3597946,3.838708401,5.265050888,236.9737701,236.1462402,15.61096573,70.39496613,Autumn,3
11/27/2030,15.30370522,19.79640007,11.98693657,7.347057819,1.313703895,101.3650665,3.843984127,5.274767876,237.0635376,236.1819763,15.46574783,70.46560669,Autumn,3
11/28/2030,15.16897297,19.64278793,11.86117268,7.289298058,1.314321518,101.3708954,3.848216534,5.283099174,237.1386566,236.1985626,15.32479668,70.53585815,Autumn,3
11/29/2030,15.0387392,19.49489784,11.73884678,7.234009743,1.314299345,101.3772812,3.85142374,5.290064812,237.2016754,236.1990509,15.18820953,70.60572052,Autumn,3
11/30/2030,14.91308308,19.3528347,11.62004375,7.181200981,1.313635111,101.3842087,3.853630304,5.295694351,237.2552185,236.1865082,15.0560627,70.67518616,Autumn,3
12/1/2030,14.7920599,19.21667099,11.50483513,7.13087368,1.31233418,101.3916702,3.854869127,5.300028801,237.3019104,236.1641388,14.92840385,70.74424744,Winter,0
12/2/2030,14.67570114,19.08644295,11.39327049,7.083013535,1.310409904,101.3996506,3.85517931,5.303115845,237.3443451,236.1351318,14.80526924,70.81290436,Winter,0
12/3/2030,14.56401253,18.96215439,11.28538418,7.037596703,1.307884336,101.4081192,3.854607582,5.305013657,237.3851166,236.1027069,14.68666267,70.88114166,Winter,0
12/4/2030,14.45697784,18.84377861,11.18119907,6.99458456,1.304785967,101.4170532,3.853205442,5.30578804,237.4267426,236.0700226,14.57257462,70.94898224,Winter,0
12/5/2030,14.35455608,18.7312603,11.08071423,6.953931808,1.301151276,101.4264221,3.85103035,5.305510521,237.4716034,236.0401611,14.46296692,71.0164032,Winter,0
12/6/2030,14.25669003,18.62450409,10.98391438,6.915578842,1.297023773,101.4361954,3.848145247,5.3042593,237.5220947,236.0161285,14.35778618,71.0834198,Winter,0
12/7/2030,14.16329002,18.52339363,10.89077091,6.879458427,1.292452812,101.4463196,3.84461689,5.302122116,237.580368,236.0008087,14.25695992,71.15003967,Winter,0
12/8/2030,14.07425499,18.42778587,10.80123901,6.84549427,1.287494183,101.4567719,3.840515375,5.299186707,237.6484833,235.996933,14.16039658,71.21624756,Winter,0
12/9/2030,13.98946571,18.33751106,10.71525574,6.81360054,1.28220892,101.4674911,3.83591485,5.295546532,237.7282562,236.0070038,14.06798935,71.28205872,Winter,0
12/10/2030,13.90877819,18.25237465,10.63275051,6.783683777,1.276662111,101.4784317,3.830890656,5.29129982,237.8214111,236.0333557,13.97961617,71.34746552,Winter,0
12/11/2030,13.83203888,18.17216301,10.55363655,6.755644798,1.270923853,101.4895477,3.825520992,5.286546707,237.9294128,236.078186,13.89513779,71.41246796,Winter,0
12/12/2030,13.75907993,18.09664536,10.47781277,6.729379654,1.265066743,101.5007782,3.819883823,5.281385422,238.0535278,236.1433258,13.81440163,71.47706604,Winter,0
12/13/2030,13.68971825,18.02557182,10.40517426,6.704776764,1.259165525,101.5120773,3.814058781,5.275920868,238.1947937,236.2303925,13.73725986,71.54124451,Winter,0
12/14/2030,13.62376404,17.9586792,10.33560085,6.681723595,1.253297448,101.5233765,3.808122635,5.270251274,238.3540192,236.340744,13.66353512,71.60500336,Winter,0
12/15/2030,13.56101608,17.89569473,10.26896286,6.660104752,1.247539878,101.5346146,3.802153826,5.26447773,238.5317535,236.4754028,13.59305668,71.66831207,Winter,0
12/16/2030,13.50126457,17.83634186,10.20512772,6.639799595,1.241970539,101.5457458,3.79622817,5.25869751,238.7283478,236.6352234,13.5256443,71.73117065,Winter,0
12/17/2030,13.44430542,17.78032875,10.14395618,6.620691776,1.236666083,101.5567017,3.790417433,5.253005981,238.943924,236.8206177,13.46111298,71.79353333,Winter,0
12/18/2030,13.38992023,17.72737122,10.08530331,6.602662086,1.231701493,101.5674133,3.784793139,5.24749279,239.1782684,237.0318146,13.39928246,71.85540009,Winter,0
12/19/2030,13.33789444,17.67717552,10.02901936,6.585593224,1.227149248,101.5778351,3.779420614,5.242247581,239.4311066,237.268692,13.33996582,71.91672516,Winter,0
12/20/2030,13.28801823,17.62945938,9.974953651,6.569369793,1.223078966,101.5879059,3.774363756,5.23734951,239.7017517,237.530838,13.28298187,71.9774704,Winter,0
12/21/2030,13.24008083,17.58394241,9.922959328,6.553879738,1.219555259,101.5975723,3.769678831,5.232876778,239.9894409,237.8176117,13.22815132,72.03759003,Winter,0
12/22/2030,13.19387627,17.54034996,9.872880936,6.539014816,1.216639161,101.6067657,3.76541996,5.228897095,240.2931519,238.1279907,13.17529869,72.09705353,Winter,0
12/23/2030,13.14920998,17.49841881,9.824572563,6.524672031,1.21438539,101.6154404,3.761634588,5.225474358,240.6116333,238.4608154,13.12426376,72.15579224,Winter,0
12/24/2030,13.10589218,17.457901,9.777890205,6.510753632,1.212842822,101.623558,3.758364439,5.222665787,240.9435577,238.8145599,13.07488441,72.21373749,Winter,0
12/25/2030,13.06374264,17.41856003,9.732689857,6.497167587,1.212054014,101.6310501,3.75564599,5.220517159,241.2873535,239.1876068,13.02701187,72.27085114,Winter,0
12/26/2030,13.02259445,17.38017845,9.688837051,6.483830452,1.212054372,101.6378937,3.753509045,5.219072342,241.6413422,239.5779724,12.9805088,72.32704163,Winter,0
12/27/2030,12.98229408,17.34255219,9.64620018,6.470663071,1.212871313,101.644043,3.751977444,5.218361855,242.0037079,239.9836121,12.93524551,72.38224792,Winter,0
12/28/2030,12.94270134,17.30549812,9.604660034,6.457597733,1.214524984,101.6494598,3.751069069,5.218411446,242.3725586,240.4022064,12.89111137,72.43637848,Winter,0
12/29/2030,12.90368271,17.26885796,9.564097404,6.444571495,1.217026949,101.6541138,3.750794172,5.219238281,242.7458801,240.8314056,12.84800529,72.48936462,Winter,0
12/30/2030,12.8651371,17.23249054,9.524411201,6.431530952,1.220380664,101.6579819,3.751158476,5.220849991,243.1216583,241.268631,12.80583763,72.54113007,Winter,0
12/31/2030,12.82696724,17.19627571,9.485502243,6.418433666,1.224581003,101.6610413,3.752160072,5.223247528,243.4977722,241.7112885,12.76453686,72.59156036,Winter,0
1/1/2031,12.78909111,17.16012573,9.447285652,6.40524292,1.229614496,101.6632843,3.753791809,5.226423264,243.8721008,242.1566925,12.72404289,72.64057922,Winter,0
1/2/2031,12.75145149,17.12397003,9.409685135,6.391933441,1.23545897,101.6646957,3.756040335,5.230363846,244.2425842,242.6020966,12.68431377,72.68810272,Winter,0
1/3/2031,12.71400452,17.08775711,9.372635841,6.37848711,1.242084265,101.6652756,3.758886814,5.235046387,244.6071167,243.0447998,12.64531994,72.73402405,Winter,0
1/4/2031,12.67672539,17.0514698,9.336083412,6.364895821,1.249452114,101.6650162,3.762307644,5.240442276,244.9636688,243.4820099,12.60704613,72.77825165,Winter,0
1/5/2031,12.63960171,17.0151062,9.299984932,6.351157665,1.257516146,101.6639252,3.766273022,5.246518135,245.310257,243.9111023,12.56948853,72.82070923,Winter,0
1/6/2031,12.60264397,16.9786911,9.264310837,6.337281704,1.266222954,101.6620255,3.770750284,5.253232002,245.64505,244.3294373,12.53266525,72.86127472,Winter,0
1/7/2031,12.5658741,16.94226837,9.229038239,6.323283195,1.275512099,101.6593246,3.775700569,5.260537148,245.9661865,244.7344513,12.4965992,72.89988708,Winter,0
1/8/2031,12.52933121,16.90590477,9.194158554,6.309187889,1.285316706,101.6558533,3.781083345,5.268382072,246.2720795,245.123764,12.46132755,72.93644714,Winter,0
1/9/2031,12.49306679,16.86968613,9.159672737,6.295022011,1.295564055,101.6516266,3.786854506,5.276712418,246.5611267,245.4951019,12.42689991,72.97087097,Winter,0
1/10/2031,12.45715141,16.83371544,9.125594139,6.280824661,1.306175947,101.6466904,3.792965412,5.285470009,246.8319855,245.8462677,12.39337635,73.00307465,Winter,0
1/11/2031,12.4216671,16.7981205,9.091939926,6.266638756,1.317069888,101.6410675,3.799367428,5.29459095,247.0833588,246.175354,12.3608284,73.0329895,Winter,0
1/12/2031,12.38669968,16.76303291,9.058742523,6.252511024,1.328159928,101.634819,3.806009054,5.304012299,247.3142242,246.4805603,12.32933521,73.06054688,Winter,0
1/13/2031,12.35235786,16.72860336,9.026043892,6.238494396,1.339356422,101.6279678,3.812837601,5.313667297,247.5236664,246.7603455,12.29897785,73.08568573,Winter,0
1/14/2031,12.31875038,16.69499969,8.993890762,6.224645615,1.350567818,101.620575,3.819800377,5.323489189,247.7109222,247.0133514,12.26985073,73.1083374,Winter,0
1/15/2031,12.2859993,16.66239357,8.962332726,6.211023331,1.361701369,101.6126938,3.8268435,5.333411217,247.8755035,247.2384033,12.24204826,73.12844849,Winter,0
1/16/2031,12.25422859,16.63096619,8.931437492,6.197690964,1.372663379,101.6043701,3.833914518,5.343366623,248.016983,247.4346008,12.21567535,73.14599609,Winter,0
1/17/2031,12.22357082,16.60090065,8.901269913,6.184710026,1.383360744,101.5956726,3.840960741,5.353286743,248.1352081,247.6013184,12.19082832,73.16092682,Winter,0
1/18/2031,12.19416046,16.57239914,8.871901512,6.172145844,1.393701553,101.586647,3.847931147,5.363109589,248.2301636,247.7380676,12.1676178,73.17321777,Winter,0
1/19/2031,12.1661377,16.54564857,8.843408585,6.16006422,1.40359509,101.5773621,3.854776382,5.372769356,248.302002,247.8446655,12.14613914,73.18283844,Winter,0
1/20/2031,12.13963509,16.52084351,8.815871239,6.148527622,1.412954569,101.5678787,3.861449003,5.38220787,248.3510284,247.9211578,12.12650108,73.18978882,Winter,0
1/21/2031,12.11479378,16.49817848,8.789367676,6.137599945,1.421695828,101.5582504,3.867903948,5.391366005,248.3777771,247.967804,12.10880184,73.19406891,Winter,0
1/22/2031,12.0917511,16.47784042,8.763983727,6.127342224,1.429739475,101.5485382,3.874099731,5.400192261,248.3828888,247.9850464,12.09313965,73.19566345,Winter,0
1/23/2031,12.07063484,16.46001625,8.739802361,6.11781311,1.437010884,101.5388107,3.879997015,5.408633232,248.3670807,247.9736176,12.07960224,73.19459534,Winter,0
1/24/2031,12.05157471,16.44487762,8.71690464,6.109067917,1.443441391,101.529129,3.88555932,5.416644096,248.3313141,247.9343719,12.06827545,73.19087982,Winter,0
1/25/2031,12.03469276,16.43259811,8.695375443,6.101159096,1.448968172,101.5195313,3.890755653,5.424181938,248.2765198,247.8684235,12.05924606,73.18454742,Winter,0
1/26/2031,12.02010632,16.4233284,8.675292969,6.094135761,1.453535914,101.5100937,3.895555973,5.431210518,248.2039185,247.7769775,12.05258083,73.17562103,Winter,0
1/27/2031,12.00791931,16.41722107,8.656734467,6.088038445,1.457096219,101.5008545,3.899936438,5.437698364,248.1146393,247.6614685,12.04834557,73.16413879,Winter,0
1/28/2031,11.99823189,16.41440773,8.639770508,6.082907677,1.459607959,101.4918747,3.903876305,5.44361496,248.0099487,247.5233917,12.04660034,73.15016174,Winter,0
1/29/2031,11.99113464,16.41500473,8.624477386,6.078775406,1.461039662,101.4831924,3.907358408,5.448939323,247.8911896,247.3644562,12.04738808,73.1337204,Winter,0
1/30/2031,11.98670769,16.41912079,8.610917091,6.075671196,1.461366534,101.4748535,3.910370111,5.453653336,247.7596588,247.1863556,12.05074883,73.11486816,Winter,0
1/31/2031,11.98501587,16.42684174,8.599150658,6.073616028,1.460573196,101.4668884,3.912901878,5.457744598,247.6167908,246.9909668,12.05671501,73.09367371,Winter,0
2/1/2031,11.98612022,16.43824387,8.589233398,6.072626114,1.458653092,101.459343,3.914949179,5.461204529,247.4638977,246.7801514,12.06530285,73.07019043,Winter,0
2/2/2031,11.99006653,16.45337868,8.581213951,6.072711945,1.455607891,101.4522476,3.916510582,5.464029312,247.3023987,246.5558472,12.07652283,73.04447937,Winter,0
2/3/2031,11.99688721,16.47229385,8.575136185,6.073879242,1.451448083,101.44561,3.917587757,5.466221809,247.1335754,246.3199921,12.09037399,73.01660919,Winter,0
2/4/2031,12.00660419,16.49500847,8.571034431,6.076125145,1.446193218,101.4394684,3.918187141,5.467784882,246.9587708,246.0745392,12.10685158,72.98664093,Winter,0
2/5/2031,12.0192337,16.52153206,8.568940163,6.079445839,1.439870358,101.4338226,3.918316841,5.468730927,246.7791595,245.8213654,12.12593174,72.95463562,Winter,0
2/6/2031,12.03477478,16.55185318,8.568878174,6.083826065,1.432515383,101.428688,3.917989492,5.469071388,246.5959473,245.5623932,12.14759254,72.9206543,Winter,0
2/7/2031,12.05321312,16.58594894,8.57086277,6.089251995,1.424171805,101.4240723,3.917218924,5.468824387,246.4102173,245.2993622,12.17179871,72.88476563,Winter,0
2/8/2031,12.07452965,16.62377739,8.574907303,6.095697403,1.414889693,101.41996,3.916022062,5.468008041,246.2229614,245.0340424,12.1985054,72.84703064,Winter,0
2/9/2031,12.09869003,16.66528702,8.581014633,6.103138447,1.404727221,101.4163666,3.914419174,5.466646194,246.0350647,244.7680817,12.22766876,72.80748749,Winter,0
2/10/2031,12.12565422,16.71040916,8.5891819,6.111542702,1.393748045,101.4132614,3.912430048,5.464762688,245.84729,244.5029449,12.25923061,72.76618958,Winter,0
2/11/2031,12.15536785,16.75905991,8.59940052,6.120876312,1.382021308,101.4106293,3.910078526,5.462385178,245.6603699,244.2400818,12.29312897,72.72320557,Winter,0
2/12/2031,12.18777657,16.81114578,8.611660004,6.131100655,1.369621873,101.4084625,3.907387257,5.459542274,245.4747925,243.9807587,12.32929993,72.67855835,Winter,0
2/13/2031,12.2228117,16.86656761,8.625936508,6.142176628,1.356628776,101.406723,3.904382467,5.456264496,245.2910614,243.7260437,12.36767387,72.63228607,Winter,0
2/14/2031,12.26039886,16.92520714,8.642209053,6.154058933,1.34312427,101.4053879,3.901088476,5.452580452,245.109436,243.4769745,12.40818214,72.58442688,Winter,0
2/15/2031,12.30045795,16.98695183,8.660449982,6.166704178,1.329194427,101.4044113,3.897531748,5.448523521,244.93013,243.234314,12.45074654,72.5349884,Winter,0
2/16/2031,12.342906,17.05166435,8.680622101,6.180065155,1.314926624,101.4037704,3.893738508,5.444123268,244.7532196,242.9987183,12.49529266,72.48400116,Winter,0
2/17/2031,12.38765907,17.1192131,8.702691078,6.194094658,1.300409913,101.4034119,3.88973403,5.439411163,244.5786285,242.7706909,12.54174614,72.43147278,Winter,0
2/18/2031,12.43461704,17.18946457,8.726621628,6.20874691,1.285734415,101.4033051,3.8855443,5.434418678,244.40625,242.5505676,12.59002876,72.37741089,Winter,0
2/19/2031,12.48369408,17.26227379,8.75236702,6.223973274,1.270989299,101.403389,3.881193876,5.429176331,244.235733,242.3384552,12.64006996,72.32180786,Winter,0
2/20/2031,12.53479099,17.33749771,8.779884338,6.239727974,1.256263137,101.4036255,3.8767066,5.423710823,244.0667877,242.1343994,12.6917944,72.26464844,Winter,0
2/21/2031,12.58781719,17.4149971,8.809128761,6.25596714,1.24164319,101.4039612,3.872105598,5.418050766,243.89888,241.9382019,12.74513817,72.20592499,Winter,0
2/22/2031,12.6426754,17.49462318,8.840054512,6.27264595,1.227213264,101.4043503,3.867411852,5.412221909,243.7315674,241.7496185,12.80002594,72.14561462,Winter,0
2/23/2031,12.69927311,17.57624435,8.872612,6.289723396,1.213055372,101.4047394,3.86264658,5.40625,243.5641479,241.5681763,12.85640335,72.08368683,Winter,0
2/24/2031,12.75752163,17.65971184,8.906757355,6.307161808,1.199246764,101.4050751,3.85782814,5.400156021,243.3959808,241.3932953,12.91421127,72.02011871,Winter,0
2/25/2031,12.81732941,17.74490166,8.942442894,6.324923992,1.185860395,101.4053116,3.8529737,5.39396286,243.2263336,241.2243195,12.9733963,71.95485687,Winter,0
2/26/2031,12.87861729,17.83168221,8.979620934,6.342977047,1.172964573,101.4053879,3.848099947,5.387686729,243.0544739,241.0604248,13.03390884,71.88787842,Winter,0
2/27/2031,12.94130039,17.9199295,9.018246651,6.361291885,1.160622001,101.4052734,3.843219757,5.381346703,242.8796082,240.9007416,13.09571075,71.81913757,Winter,0
2/28/2031,13.00530624,18.00953102,9.058279991,6.379842758,1.148889065,101.4049072,3.83834672,5.374958038,242.7008972,240.7443085,13.15876389,71.74858093,Winter,0
3/1/2031,13.07056236,18.10037041,9.099677086,6.398606777,1.137816191,101.4042511,3.83349061,5.368533134,242.5176086,240.5900879,13.22303772,71.67615509,Spring,1
3/2/2031,13.13700676,18.19235039,9.142398834,6.417565823,1.127447128,101.4032669,3.828662634,5.362083435,242.3288879,240.4370117,13.28850746,71.60182953,Spring,1
3/3/2031,13.20457458,18.28537941,9.186410904,6.436706543,1.117818117,101.4019012,3.823869467,5.355618477,242.1340179,240.2839508,13.35515404,71.52553558,Spring,1
3/4/2031,13.27321911,18.37936592,9.231677055,6.456017494,1.10895884,101.4001389,3.819117785,5.349145889,241.9322357,240.1298065,13.422966,71.44725037,Spring,1
3/5/2031,13.34288788,18.47423744,9.278165817,6.475493431,1.100891232,101.397934,3.814413786,5.342673302,241.7229004,239.9733887,13.49193573,71.36691284,Spring,1
3/6/2031,13.41354084,18.56992531,9.325849533,6.495131016,1.093629837,101.3952637,3.809760332,5.336204529,241.5053558,239.8135834,13.56206036,71.28448486,Spring,1
3/7/2031,13.48514271,18.66636658,9.374702454,6.514932156,1.087182283,101.3921051,3.805162191,5.329745293,241.2790375,239.6493225,13.63334274,71.19992828,Spring,1
3/8/2031,13.55766392,18.76351357,9.424704552,6.534900665,1.081548452,101.388443,3.800620556,5.323297501,241.043457,239.4795227,13.70578575,71.11321259,Spring,1
3/9/2031,13.63107872,18.86131859,9.475831032,6.555045128,1.076721072,101.3842545,3.796138048,5.316864014,240.7982178,239.3031464,13.77940845,71.02430725,Spring,1
3/10/2031,13.7053709,18.95974922,9.528067589,6.575377464,1.072685957,101.3795319,3.791714668,5.310445786,240.542984,239.1192474,13.85421753,70.93319702,Spring,1
3/11/2031,13.78052616,19.05876923,9.581400871,6.595911026,1.069422126,101.3742752,3.787352085,5.304045677,240.2774811,238.9269562,13.930233,70.83985901,Spring,1
3/12/2031,13.8565321,19.15836525,9.63581562,6.616663933,1.066902637,101.3684769,3.783050299,5.297662735,240.0016174,238.7254639,14.00747299,70.74428558,Spring,1
3/13/2031,13.93338585,19.2585144,9.691307068,6.637653828,1.065093994,101.3621521,3.778809547,5.291300774,239.7153015,238.5140686,14.08595657,70.646492,Spring,1
3/14/2031,14.01108646,19.35921097,9.747865677,6.658902168,1.063957214,101.3553085,3.774631023,5.284959793,239.4186096,238.2921295,14.16570663,70.54647064,Spring,1
3/15/2031,14.0896368,19.46044922,9.805485725,6.68043232,1.063448429,101.3479538,3.770514488,5.278641701,239.111618,238.0591736,14.24674797,70.44425201,Spring,1
3/16/2031,14.16903877,19.56222534,9.864163399,6.702267647,1.063518882,101.3401031,3.766461611,5.272348404,238.794632,237.8147736,14.32909775,70.33986664,Spring,1
3/17/2031,14.24930191,19.66454506,9.923897743,6.724431992,1.064115644,101.3317947,3.762473583,5.266082764,238.467865,237.5586395,14.41277885,70.23334503,Spring,1
3/18/2031,14.33043385,19.76741219,9.984688759,6.746950626,1.065182805,101.3230515,3.758552313,5.259850502,238.1318207,237.2905579,14.49780846,70.12474823,Spring,1
3/19/2031,14.41244316,19.87083435,10.04653358,6.769848824,1.066661,101.3138962,3.754700422,5.25365448,237.7868958,237.0104675,14.58420563,70.01412964,Spring,1
3/20/2031,14.49534035,19.97482109,10.10943413,6.793150425,1.068488359,101.3043747,3.750921249,5.24750042,237.4336548,236.7183838,14.6719799,69.90154266,Spring,1
3/21/2031,14.5791378,20.07938194,10.17339325,6.816880226,1.070602059,101.2945175,3.74721837,5.241394997,237.0727081,236.4144745,14.76114655,69.78707886,Spring,1
3/22/2031,14.6638422,20.18452644,10.23840714,6.841061115,1.072937369,101.2843704,3.743596077,5.235344887,236.7046967,236.098877,14.85170746,69.67082977,Spring,1
3/23/2031,14.74946308,20.29026794,10.30448246,6.865714073,1.075429201,101.2739792,3.740060329,5.229359627,236.330368,235.7720184,14.94366837,69.55287933,Spring,1
3/24/2031,14.83600807,20.39661026,10.37161636,6.89085865,1.078012943,101.263382,3.736616611,5.223446846,235.9503784,235.4342041,15.03702927,69.43332672,Spring,1
3/25/2031,14.92348576,20.50356483,10.43980789,6.916514397,1.080624223,101.2526398,3.73327136,5.217617989,235.565567,235.0859985,15.13178444,69.31229401,Spring,1
3/26/2031,15.01189899,20.61113358,10.50905991,6.942696571,1.083200216,101.2417984,3.73003149,5.211882591,235.176651,234.7278595,15.22792053,69.18987274,Spring,1
3/27/2031,15.10124588,20.7193222,10.57936859,6.969417572,1.085679531,101.2309036,3.726904869,5.206252098,234.7844086,234.3605042,15.32542229,69.06620789,Spring,1
3/28/2031,15.19153023,20.82812881,10.65072823,6.996689796,1.088003397,101.2200165,3.723898411,5.200737953,234.3896332,233.9844971,15.42427063,68.94141388,Spring,1
3/29/2031,15.28274822,20.93755531,10.72313881,7.024520874,1.09011519,101.2091827,3.721020937,5.195350647,233.993042,233.6005707,15.52444077,68.81562042,Spring,1
3/30/2031,15.37488937,21.04759216,10.79659367,7.05291605,1.091962099,101.1984558,3.718279123,5.190104485,233.5953369,233.2094574,15.62590027,68.68894196,Spring,1
3/31/2031,15.46794891,21.15823555,10.87108612,7.081879616,1.093494534,101.1878815,3.715681791,5.185009003,233.1972046,232.8118439,15.72861481,68.56153107,Spring,1
4/1/2031,15.56191349,21.26947403,10.94660759,7.111410141,1.094666481,101.1775284,3.713235855,5.180074692,232.7992554,232.4085083,15.83255005,68.43350983,Spring,1
4/2/2031,15.65676975,21.38129425,11.0231514,7.141506195,1.095436811,101.1674271,3.710948229,5.175312042,232.4020386,232.0001678,15.93766212,68.30500031,Spring,1
4/3/2031,15.75250244,21.49367905,11.10070419,7.172162056,1.095767975,101.1576385,3.708824635,5.170731544,232.0060577,231.5875244,16.04390335,68.1761322,Spring,1
4/4/2031,15.84909058,21.60661316,11.17925549,7.203370094,1.095627546,101.1481934,3.706870794,5.166339874,231.6117096,231.1713104,16.15122795,68.04701233,Spring,1
4/5/2031,15.94651413,21.72007179,11.25879288,7.235120773,1.09498775,101.1391525,3.705091238,5.162143707,231.2193604,230.752121,16.25958443,67.91777802,Spring,1
4/6/2031,16.04475212,21.83403969,11.33930397,7.267399788,1.093825459,101.1305389,3.703487635,5.158147812,230.8292084,230.3305817,16.36892128,67.78852081,Spring,1
4/7/2031,16.14377785,21.94849014,11.42077541,7.300193787,1.092122316,101.122406,3.702062607,5.154355049,230.4414825,229.9072418,16.4791851,67.65933228,Spring,1
4/8/2031,16.24357033,22.06340408,11.50319195,7.333485603,1.08986485,101.1147766,3.700814962,5.150765419,230.0562286,229.4825897,16.59032249,67.53031158,Spring,1
4/9/2031,16.34410286,22.17875481,11.58653927,7.367258072,1.087044358,101.1076813,3.699743748,5.147377014,229.6733704,229.0570679,16.70228004,67.40153503,Spring,1
4/10/2031,16.44535065,22.29452133,11.67080498,7.401492119,1.08365643,101.1011505,3.698843718,5.14418602,229.2928772,228.6310272,16.81500626,67.27307129,Spring,1
4/11/2031,16.5472908,22.41068268,11.75597286,7.436167717,1.079701543,101.0952148,3.69810915,5.141183853,228.9144897,228.2047272,16.92845345,67.14496613,Spring,1
4/12/2031,16.64989853,22.52722168,11.84203243,7.471263885,1.075183988,101.0898743,3.697532415,5.138361931,228.5380096,227.7784119,17.04257202,67.01725769,Spring,1
4/13/2031,16.75315475,22.64412117,11.92897034,7.50675869,1.070112467,101.0851593,3.697101593,5.135704994,228.1629791,227.3521881,17.15731621,66.88998413,Spring,1
4/14/2031,16.85703659,22.76136589,12.01677322,7.542633057,1.064498782,101.0810852,3.696804762,5.133196831,227.7890167,226.9261627,17.27264786,66.76313019,Spring,1
4/15/2031,16.96152878,22.8789463,12.10543537,7.578864574,1.058358312,101.0776367,3.696626663,5.130818367,227.4156189,226.5002899,17.38853073,66.63671112,Spring,1
4/16/2031,17.06661987,22.99685478,12.19494629,7.615433216,1.051709771,101.0748444,3.696548939,5.128546715,227.0422516,226.0744934,17.50493622,66.51069641,Spring,1
4/17/2031,17.17229462,23.11509132,12.28530121,7.652319908,1.044574261,101.0726852,3.6965518,5.126356125,226.6682434,225.6486359,17.62183762,66.38504028,Spring,1
4/18/2031,17.27854919,23.23366165,12.37649536,7.689507484,1.036974907,101.0711594,3.696612597,5.12421608,226.293045,225.2225647,17.73921967,66.25969696,Spring,1
4/19/2031,17.38537979,23.35257339,12.46852779,7.726978302,1.028937221,101.0702591,3.696707726,5.122096062,225.9159241,224.7960052,17.85706711,66.13459015,Spring,1
4/20/2031,17.49279022,23.47184181,12.56139946,7.764717102,1.020487905,101.0699768,3.696809292,5.119960785,225.5362396,224.3686829,17.97537422,66.00963593,Spring,1
4/21/2031,17.6007843,23.59148788,12.65511417,7.80271244,1.011654615,101.0702972,3.696889162,5.117772102,225.1533203,223.9402924,18.09414864,65.88471985,Spring,1
4/22/2031,17.70937729,23.71154213,12.74968052,7.840953827,1.002466083,101.0711899,3.696918249,5.115491867,224.76651,223.510498,18.21339989,65.75972748,Spring,1
4/23/2031,17.81858063,23.83203316,12.84510422,7.879431725,0.992950797,101.0726395,3.696862936,5.113079071,224.3751678,223.0789642,18.33314133,65.63453674,Spring,1
4/24/2031,17.92842484,23.95300674,12.94139862,7.918140411,0.983137488,101.0746231,3.69669199,5.110488892,223.978714,222.6453552,18.45340347,65.50899506,Spring,1
4/25/2031,18.03892899,24.07451057,13.03857994,7.957078934,0.973054409,101.0771103,3.69636941,5.107676506,223.5766754,222.2093506,18.57421875,65.38293457,Spring,1
4/26/2031,18.15012741,24.19659424,13.1366663,7.996243477,0.962728858,101.0800705,3.695862293,5.104598045,223.1685181,221.7706604,18.6956234,65.25618744,Spring,1
4/27/2031,18.26205826,24.31931686,13.23567867,8.035637856,0.952187002,101.0834656,3.695134878,5.101205826,222.7539215,221.3290253,18.81766891,65.12857819,Spring,1
4/28/2031,18.37476349,24.44274521,13.33563709,8.075265884,0.941453695,101.0872803,3.694151402,5.097455978,222.3326111,220.8842468,18.94041061,64.99992371,Spring,1
4/29/2031,18.48828888,24.56694794,13.43657017,8.115136147,0.930552006,101.0914536,3.692878723,5.093301773,221.9043732,220.4361877,19.06390572,64.87001038,Spring,1
4/30/2031,18.60268021,24.69199944,13.5385046,8.155257225,0.919502795,101.0959778,3.691281557,5.088698387,221.469223,219.984787,19.18821907,64.73864746,Spring,1
5/1/2031,18.7179985,24.817976,13.64146996,8.195641518,0.908325553,101.1007919,3.689327717,5.083602905,221.0271912,219.5300751,19.31342697,64.60562897,Spring,1
5/2/2031,18.83428955,24.94495964,13.7454977,8.236304283,0.897036672,101.1058731,3.686985254,5.077974319,220.5784912,219.0721436,19.43959999,64.4707489,Spring,1
5/3/2031,18.95162201,25.07303429,13.85062027,8.277259827,0.885650516,101.1111755,3.684225082,5.071774483,220.1235199,218.6112213,19.56681824,64.33379364,Spring,1
5/4/2031,19.0700531,25.20228386,13.95686913,8.318527222,0.874179065,101.1166687,3.681019545,5.064967155,219.6627655,218.1476593,19.69516563,64.19456482,Spring,1
5/5/2031,19.18964005,25.33279037,14.0642786,8.360126495,0.862631321,101.1223145,3.677344322,5.057518959,219.1968536,217.6818848,19.82471848,64.05286407,Spring,1
5/6/2031,19.31044769,25.46464348,14.17288208,8.402076721,0.851014435,101.1280746,3.673177719,5.049403191,218.7266388,217.2144775,19.9555645,63.90848541,Spring,1
5/7/2031,19.43253708,25.59792137,14.28270912,8.44439888,0.83933264,101.1339188,3.668501377,5.040595055,218.2530823,216.7461395,20.08778763,63.7612381,Spring,1
5/8/2031,19.55596542,25.73270798,14.39379406,8.487116814,0.827587485,101.1398087,3.663301229,5.031076431,217.7772522,216.27771,20.22146797,63.61095428,Spring,1
5/9/2031,19.68079376,25.8690815,14.50616646,8.530250549,0.81577903,101.1457062,3.657565117,5.020832062,217.3004761,215.8101196,20.35668564,63.4574585,Spring,1
5/10/2031,19.80707169,26.00710487,14.61985111,8.573822975,0.803904355,101.1515961,3.651288509,5.009854317,216.8240967,215.3444672,20.49351311,63.30059052,Spring,1
5/11/2031,19.93485451,26.14684868,14.73487473,8.617854118,0.791958869,101.1574326,3.644467831,4.998140335,216.3497314,214.8819885,20.63202477,63.14022064,Spring,1
5/12/2031,20.06418419,26.28837204,14.85125542,8.662364006,0.779936492,101.1632004,3.637106419,4.985694408,215.8789673,214.4239502,20.77228355,62.97622681,Spring,1
5/13/2031,20.19510269,26.43172264,14.96901417,8.707371712,0.767829001,101.1688766,3.629212856,4.97252655,215.4136505,213.9718628,20.9143486,62.80849457,Spring,1
5/14/2031,20.32764053,26.57694244,15.08816242,8.752893448,0.755627334,101.1744232,3.620798111,4.958652496,214.9555969,213.5272369,21.0582695,62.63693237,Spring,1
5/15/2031,20.46182442,26.72406769,15.20870781,8.798944473,0.743321359,101.1798325,3.611880779,4.944096565,214.5068512,213.0917053,21.20409012,62.46148682,Spring,1
5/16/2031,20.59767532,26.87310982,15.33065605,8.845535278,0.730899751,101.1850815,3.602482796,4.928888798,214.0693817,212.6669922,21.35184288,62.28209686,Spring,1
5/17/2031,20.73520088,27.024086,15.45399857,8.8926754,0.718351364,101.1901474,3.592632771,4.91306448,213.64534,212.2549133,21.50154686,62.09875488,Spring,1
5/18/2031,20.874403,27.1769886,15.57873058,8.940372467,0.705664635,101.1950302,3.58236289,4.89666748,213.2368317,211.8572693,21.6532135,61.91145325,Spring,1
5/19/2031,21.01527023,27.33180237,15.70483494,8.988627434,0.692827761,101.1997147,3.57171011,4.879747391,212.8459778,211.4759369,21.80684471,61.72021484,Spring,1
5/20/2031,21.15778542,27.48849678,15.83228779,9.037438393,0.679830134,101.2041855,3.56071806,4.862359047,212.4749451,211.1128693,21.96242523,61.52508545,Spring,1
5/21/2031,21.30191422,27.64702797,15.96106339,9.086802483,0.666661263,101.2084351,3.549431801,4.844565392,212.125824,210.7698975,22.11992645,61.32614136,Spring,1
5/22/2031,21.44762039,27.80733681,16.09112358,9.136710167,0.653311968,101.212471,3.53790307,4.826431274,211.800705,210.4489594,22.27931595,61.12347412,Spring,1
5/23/2031,21.59485054,27.96935272,16.22242165,9.187148094,0.639774501,101.2162704,3.526186466,4.808031082,211.5015411,210.1518555,22.44053459,60.91720581,Spring,1
5/24/2031,21.74353981,28.13298988,16.35490608,9.238099098,0.626042187,101.2198486,3.514340162,4.789439678,211.2303009,209.8804016,22.60352325,60.70748138,Spring,1
5/25/2031,21.89361382,28.29814529,16.48851967,9.289539337,0.612110972,101.2231979,3.502425432,4.770738602,210.9887085,209.6362762,22.7681942,60.49447632,Spring,1
5/26/2031,22.04498863,28.46470833,16.62319183,9.341445923,0.597977817,101.226326,3.490505695,4.752012253,210.7784119,209.4211121,22.93446541,60.27835846,Spring,1
5/27/2031,22.19756508,28.63254929,16.75885201,9.393787384,0.583642542,101.2292328,3.478647709,4.733347893,210.6009674,209.2363739,23.10222435,60.05934906,Spring,1
5/28/2031,22.35123825,28.80152702,16.89541626,9.446529388,0.569107175,101.2319183,3.466918707,4.714833736,210.4576416,209.0834351,23.27135468,59.83769226,Spring,1
5/29/2031,22.50588989,28.97149086,17.03279686,9.499634743,0.554376304,101.2343979,3.455387592,4.696561337,210.3496094,208.9634857,23.44172859,59.61361694,Spring,1
5/30/2031,22.66139221,29.14227676,17.17089844,9.553059578,0.539456904,101.2366714,3.444123983,4.678622246,210.2777405,208.8775177,23.61320686,59.38741302,Spring,1
5/31/2031,22.81760979,29.31371117,17.3096199,9.606760979,0.524358332,101.2387543,3.433196783,4.661107063,210.2427979,208.8263855,23.78563309,59.15934753,Spring,1
6/1/2031,22.97440147,29.48560524,17.44885445,9.660689354,0.509093106,101.2406464,3.422674656,4.644107819,210.2451782,208.8107147,23.95885086,58.92972565,Summer,2
6/2/2031,23.13160896,29.65777588,17.58848763,9.714793205,0.493676275,101.2423553,3.412624359,4.627711296,210.2851105,208.8308563,24.1326828,58.69886017,Summer,2
6/3/2031,23.28907967,29.83001518,17.72840118,9.769021034,0.478125155,101.2438965,3.403112173,4.612005711,210.3625031,208.8870087,24.30695915,58.46707916,Summer,2
6/4/2031,23.44664383,30.00212288,17.86847878,9.823312759,0.462459832,101.2452698,3.394200087,4.597073555,210.4771118,208.9790649,24.48148918,58.23471069,Summer,2
6/5/2031,23.60413551,30.17388725,18.0085907,9.877613068,0.446702749,101.2464981,3.385948181,4.582993507,210.6282654,209.1066742,24.65608788,58.00208282,Summer,2
6/6/2031,23.76138306,30.3450985,18.14860535,9.931863785,0.430878401,101.2475739,3.378412962,4.569840431,210.8151245,209.2693176,24.83055687,57.7695694,Summer,2
6/7/2031,23.91820908,30.51554108,18.28840065,9.986003876,0.41501388,101.2485199,3.371645212,4.557683945,211.0365295,209.4660797,25.00469398,57.53749847,Summer,2
6/8/2031,24.07443237,30.68500137,18.42783928,10.03997612,0.399137437,101.2493362,3.365693092,4.546585083,211.2910614,209.6958618,25.17830658,57.30622864,Summer,2
6/9/2031,24.22988129,30.85326576,18.56678963,10.09371853,0.383279473,101.2500305,3.360597134,4.53660059,211.5770416,209.9572601,25.35119247,57.07610321,Summer,2
6/10/2031,24.38437843,31.02012634,18.70511818,10.14717388,0.367471874,101.2506027,3.356394529,4.527778149,211.8925018,210.2486725,25.52315331,56.84746552,Summer,2
6/11/2031,24.53774643,31.18538094,18.84269714,10.200284,0.351746976,101.2510757,3.353114128,4.520157814,212.2352753,210.5681915,25.6939888,56.6206665,Summer,2
6/12/2031,24.68981171,31.34882164,18.97939301,10.25299549,0.336138874,101.2514343,3.350779533,4.513772011,212.60289,210.913681,25.86350441,56.3960495,Summer,2
6/13/2031,24.84040642,31.51026726,19.11507607,10.30525398,0.320681721,101.2517014,3.349407673,4.50864315,212.9927216,211.2827606,26.03151512,56.17391968,Summer,2
6/14/2031,24.98937416,31.66952324,19.24962807,10.35700703,0.305409461,101.2518692,3.349006891,4.504784584,213.4018707,211.6728973,26.19783401,55.9546051,Summer,2
6/15/2031,25.1365509,31.82642174,19.38292313,10.4082098,0.290357202,101.2519379,3.349579811,4.502199173,213.8273468,212.0812683,26.36228561,55.73841858,Summer,2
6/16/2031,25.28178978,31.98079872,19.51484489,10.45881653,0.27555865,101.2519226,3.351121187,4.500882149,214.2658997,212.5049438,26.52470016,55.52565002,Summer,2
6/17/2031,25.42494774,32.13250732,19.64528084,10.50879002,0.261046976,101.2518082,3.353617191,4.500817299,214.7141876,212.9407654,26.68491745,55.3165741,Summer,2
6/18/2031,25.56589317,32.28139877,19.77413177,10.55809307,0.246855006,101.2516098,3.357048273,4.501979828,215.1687927,213.3855286,26.84279251,55.11146545,Summer,2
6/19/2031,25.70450211,32.42735672,19.90129089,10.60669518,0.2330136,101.2513199,3.361385584,4.504333496,215.6261139,213.8358002,26.99818039,54.91055679,Summer,2
6/20/2031,25.84065819,32.57026672,20.02666855,10.65457153,0.2195528,101.2509384,3.366594076,4.507833481,216.0826263,214.2881165,27.1509552,54.71409607,Summer,2
6/21/2031,25.97426224,32.71003342,20.150177,10.70170021,0.206500322,101.2504578,3.372630835,4.512424946,216.5346069,214.7390289,27.3010006,54.52228546,Summer,2
6/22/2031,26.1052227,32.84658051,20.27173996,10.74806786,0.193882033,101.2498856,3.379446745,4.518045425,216.9785461,215.184906,27.44821167,54.33532715,Summer,2
6/23/2031,26.23345566,32.9798317,20.39128494,10.79366112,0.181721836,101.2492142,3.386986017,4.524621964,217.4107361,215.6222229,27.59249687,54.15339661,Summer,2
6/24/2031,26.35889244,33.10974503,20.50874901,10.83847618,0.170041099,101.2484436,3.395185709,4.532075882,217.8277435,216.0474396,27.73377609,53.97665787,Summer,2
6/25/2031,26.48148155,33.23628235,20.62407684,10.88251591,0.158858851,101.2475739,3.403978348,4.540318012,218.2260437,216.4570923,27.8719883,53.80524445,Summer,2
6/26/2031,26.60116577,33.35942078,20.73722076,10.92578316,0.148191482,101.2465897,3.413290262,4.549254894,218.602417,216.8477936,28.00707436,53.63928986,Summer,2
6/27/2031,26.71791458,33.47915268,20.84814453,10.96829224,0.138052508,101.2455063,3.423044443,4.558785439,218.9536438,217.2162781,28.13899231,53.47888947,Summer,2
6/28/2031,26.83170891,33.5954895,20.95681572,11.01005554,0.128453031,101.2443008,3.433157682,4.568803787,219.2767029,217.559433,28.26771927,53.32414627,Summer,2
6/29/2031,26.94252777,33.70844269,21.06320953,11.05109692,0.119401261,101.2429886,3.443545103,4.579199791,219.568924,217.8743286,28.39322853,53.17512131,Summer,2
6/30/2031,27.05037117,33.81805038,21.1673069,11.0914402,0.110902794,101.2415619,3.454118967,4.589859486,219.8276825,218.1581879,28.51551437,53.03187561,Summer,2
7/1/2031,27.15524292,33.92435455,21.26910591,11.13111591,0.102960624,101.2400208,3.464788437,4.600666046,220.0507202,218.4085388,28.63458443,52.89446259,Summer,2
7/2/2031,27.25715828,34.02740097,21.36859703,11.17015553,0.09557537,101.2383575,3.475462437,4.611500263,220.2360229,218.6230927,28.75044441,52.76290131,Summer,2
7/3/2031,27.35614014,34.12725449,21.46578407,11.20859528,0.088745043,101.2365799,3.48604846,4.622244835,220.3819122,218.7999268,28.86311531,52.63721848,Summer,2
7/4/2031,27.45221138,34.22397614,21.56067848,11.24647522,0.082465574,101.2346802,3.496455431,4.632779598,220.4869537,218.9372711,28.97262573,52.51741791,Summer,2
7/5/2031,27.54541397,34.31764603,21.65329361,11.28383636,0.07673113,101.2326736,3.506591558,4.642987251,220.5500946,219.033844,29.07900429,52.40350342,Summer,2
7/6/2031,27.63578224,34.40833664,21.74364471,11.32071972,0.071533978,101.2305527,3.516368628,4.652754784,220.5706024,219.0885162,29.18229103,52.29547501,Summer,2
7/7/2031,27.72336578,34.49611664,21.83175659,11.3571701,0.066864572,101.2283249,3.525700331,4.661967278,220.5480957,219.1006622,29.28252983,52.19330597,Summer,2
7/8/2031,27.80820274,34.58108139,21.91764832,11.39323235,0.062712952,101.2259979,3.534502983,4.670519352,220.4825897,219.0698853,29.37975883,52.09698486,Summer,2
7/9/2031,27.89034271,34.66329575,22.0013485,11.42895031,0.059067324,101.2235718,3.542697668,4.678308487,220.3743439,218.9962006,29.47402382,52.00650024,Summer,2
7/10/2031,27.96983337,34.742836,22.08288765,11.46436691,0.055916309,101.2210541,3.550209761,4.685237885,220.2241058,218.8800049,29.56536484,51.92182159,Summer,2
7/11/2031,28.0467205,34.81977844,22.16229057,11.49952316,0.053247511,101.2184525,3.556970596,4.691219807,220.0328522,218.7219849,29.65383339,51.84293365,Summer,2
7/12/2031,28.12104607,34.89418793,22.23958397,11.53446102,0.051048834,101.2157745,3.562916756,4.696172714,219.8020172,218.5232239,29.73946381,51.76981354,Summer,2
7/13/2031,28.19285583,34.96611404,22.31479454,11.56921482,0.049308695,101.2130432,3.567991495,4.700023651,219.5333099,218.2851715,29.82228851,51.70244217,Summer,2
7/14/2031,28.26218605,35.0356102,22.38794899,11.6038208,0.048016317,101.2102509,3.572145939,4.702709198,219.228714,218.0095825,29.90234184,51.64081573,Summer,2
7/15/2031,28.32906342,35.10271454,22.4590683,11.63830757,0.047161441,101.2074203,3.575337172,4.704175949,218.890625,217.6985474,29.97963905,51.58492279,Summer,2
7/16/2031,28.39351463,35.16745377,22.52816582,11.67270184,0.046736237,101.2045593,3.577531099,4.704380989,218.5216064,217.3544769,30.05420685,51.53475952,Summer,2
7/17/2031,28.45556068,35.22983932,22.59526253,11.70702362,0.046733696,101.201683,3.578702211,4.703291893,218.124588,216.9801025,30.12604713,51.49034882,Summer,2
7/18/2031,28.51520729,35.28988266,22.66036606,11.74128914,0.047148634,101.1988068,3.578831911,4.700885296,217.7026215,216.5783386,30.19515991,51.4516983,Summer,2
7/19/2031,28.57245636,35.34755707,22.72347832,11.77550888,0.04797953,101.1959457,3.577912331,4.697152615,217.25914,216.1524506,30.26152992,51.41883087,Summer,2
7/20/2031,28.62730598,35.40283966,22.78460312,11.80968475,0.049225461,101.1931076,3.575942039,4.692094326,216.7975769,215.7058258,30.32514191,51.3917923,Summer,2
7/21/2031,28.67972565,35.45569229,22.84372902,11.84381771,0.050888978,101.1903229,3.572929144,4.685722828,216.32164,215.2420959,30.38595581,51.37062073,Summer,2
7/22/2031,28.72969627,35.5060463,22.90084267,11.87789726,0.052975867,101.1875839,3.56889081,4.678061485,215.835083,214.7650604,30.44393349,51.3553772,Summer,2
7/23/2031,28.777174,35.55383301,22.95592499,11.9119072,0.055494361,101.1849289,3.56385231,4.669146538,215.3418121,214.2785645,30.4990139,51.34613037,Summer,2
7/24/2031,28.82211685,35.59895706,23.00894547,11.94582558,0.058455534,101.1823578,3.557846785,4.659021378,214.8457642,213.7866974,30.5511322,51.34294891,Summer,2
7/25/2031,28.86445808,35.64131927,23.05987358,11.97962284,0.061873518,101.1798935,3.550916195,4.647743225,214.3508301,213.2934265,30.60020447,51.34592438,Summer,2
7/26/2031,28.90413284,35.68079376,23.10866356,12.0132637,0.065766297,101.1775513,3.54310894,4.635377884,213.8609772,212.8028717,30.64614677,51.35514832,Summer,2
7/27/2031,28.94105721,35.71725082,23.15526962,12.0467062,0.070153594,101.1753387,3.534481287,4.622001171,213.3800507,212.3190765,30.68885803,51.37073517,Summer,2
7/28/2031,28.97514915,35.75053406,23.19963646,12.07989979,0.075059175,101.1732712,3.525096178,4.607696533,212.911911,211.8460236,30.72822571,51.39278412,Summer,2
7/29/2031,29.00629997,35.78049088,23.24169922,12.11278915,0.080508664,101.1713638,3.515022039,4.592556477,212.4601898,211.3876801,30.76412964,51.42142105,Summer,2
7/30/2031,29.03441429,35.80694962,23.28138924,12.14531422,0.086530358,101.169632,3.504333258,4.57667923,212.0283966,210.9477844,30.79644203,51.45676422,Summer,2
7/31/2031,29.05937576,35.82972717,23.31863785,12.17740726,0.093155198,101.1680756,3.493109703,4.560172081,211.6199188,210.5300293,30.82502556,51.49894714,Summer,2
8/1/2031,29.0810585,35.84863663,23.35336113,12.20899677,0.100416064,101.1667175,3.481432915,4.543144226,211.2378387,210.1378326,30.84973717,51.54811096,Summer,2
8/2/2031,29.09935379,35.86348343,23.38547707,12.24000645,0.10834685,101.1655655,3.469390869,4.525711536,210.8850861,209.7744293,30.87042999,51.60437012,Summer,2
8/3/2031,29.11411667,35.87406921,23.4148941,12.27035522,0.11698404,101.1646194,3.457071543,4.507993698,210.5642242,209.4427948,30.88695526,51.66786194,Summer,2
8/4/2031,29.12522697,35.8801918,23.44152641,12.29995918,0.12636365,101.163887,3.444566011,4.490110397,210.2776642,209.1456299,30.89915848,51.73872375,Summer,2
8/5/2031,29.13254547,35.88165283,23.46527863,12.32873058,0.136522785,101.1633759,3.431966066,4.472184658,210.027359,208.8853302,30.90688515,51.81707001,Summer,2
8/6/2031,29.13594627,35.87825012,23.48605537,12.3565836,0.147498995,101.1630859,3.419363499,4.454338551,209.8150482,208.6639709,30.90997696,51.9030304,Summer,2
8/7/2031,29.13529396,35.86979294,23.50375938,12.38342571,0.159328565,101.1630249,3.406849384,4.436693668,209.6420746,208.4832916,30.90829086,51.99670792,Summer,2
8/8/2031,29.13046074,35.85609055,23.5182972,12.40916538,0.172047094,101.1631927,3.394512892,4.419369698,209.5094757,208.344635,30.90167427,52.0982132,Summer,2
8/9/2031,29.12132645,35.83695602,23.52957726,12.43371296,0.185688809,101.1635895,3.382442236,4.402482986,209.4178314,208.2489929,30.88999367,52.2076416,Summer,2
8/10/2031,29.10777092,35.81222153,23.5375061,12.4569788,0.200285733,101.1642075,3.370720387,4.386146069,209.3674774,208.1970367,30.87310791,52.32506561,Summer,2
8/11/2031,29.08968735,35.7817421,23.54199028,12.47887325,0.21586743,101.1650543,3.359428406,4.370466232,209.3582916,208.1889343,30.85089493,52.45054626,Summer,2
8/12/2031,29.06696892,35.74536133,23.54295349,12.49931049,0.23246035,101.1661148,3.348642111,4.355544567,209.3898468,208.2245483,30.82323837,52.58413696,Summer,2
8/13/2031,29.03953362,35.70295715,23.540308,12.5182085,0.250087112,101.1673889,3.338431597,4.34147644,209.461319,208.3033447,30.79004478,52.7258606,Summer,2
8/14/2031,29.00729942,35.65442657,23.53399086,12.53548622,0.268766612,101.168869,3.32886219,4.328347683,209.5715179,208.4243622,30.7512207,52.87573242,Summer,2
8/15/2031,28.97019958,35.59968185,23.5239296,12.55107021,0.288512856,101.1705399,3.319991589,4.316238403,209.7189789,208.5863495,30.70670128,53.03373718,Summer,2
8/16/2031,28.92818069,35.53865433,23.51006699,12.56489086,0.309334725,101.1724091,3.311871529,4.305215836,209.9018707,208.7875977,30.65641975,53.1998291,Summer,2
8/17/2031,28.88120842,35.47130966,23.49235535,12.57688236,0.331235975,101.1744537,3.304546595,4.295341015,210.1180725,209.026123,30.6003418,53.3739624,Summer,2
8/18/2031,28.82926941,35.39762497,23.47075462,12.58698845,0.354214191,101.1766739,3.298052549,4.286663055,210.3651733,209.2995758,30.53845215,53.55604935,Summer,2
8/19/2031,28.77235413,35.31761932,23.44523811,12.59515858,0.378260523,101.1790466,3.292418718,4.279222012,210.6405029,209.6053467,30.47074699,53.74597931,Summer,2
8/20/2031,28.71047783,35.23131943,23.41578293,12.60134888,0.403360337,101.1815643,3.287665129,4.273046017,210.9411163,209.9404755,30.39724922,53.94361877,Summer,2
8/21/2031,28.64367676,35.13879776,23.38238525,12.60552216,0.42949146,101.184227,3.283804417,4.26815176,211.2639923,210.3018341,30.31799698,54.14880371,Summer,2
8/22/2031,28.57200241,35.04014587,23.3450489,12.6076498,0.456625283,101.1870041,3.280839682,4.264546394,211.6057739,210.6860199,30.23305511,54.36133575,Summer,2
8/23/2031,28.49552727,34.93548203,23.30378914,12.60771275,0.484725922,101.1899033,3.278767109,4.262224197,211.9631195,211.089447,30.14250755,54.58102036,Summer,2
8/24/2031,28.41433716,34.82495117,23.25863266,12.60569954,0.513750255,101.192894,3.277574301,4.261171341,212.3324432,211.5083923,30.04646111,54.8075943,Summer,2
8/25/2031,28.32854652,34.70872879,23.20962715,12.60160351,0.543648183,101.1959763,3.277240276,4.261360645,212.7101288,211.9390259,29.94503784,55.04079819,Summer,2
8/26/2031,28.23828316,34.58702087,23.15682411,12.59543324,0.574362576,101.1991348,3.277737379,4.262756824,213.0926208,212.3773956,29.83839035,55.28033829,Summer,2
8/27/2031,28.14369011,34.46005249,23.10028839,12.58719921,0.605828881,101.2023621,3.279029369,4.265312672,213.4761658,212.8195343,29.72667885,55.52588654,Summer,2
8/28/2031,28.04493523,34.32807159,23.04009628,12.57692337,0.637976468,101.2056427,3.281074286,4.268972397,213.857254,213.2614746,29.61010361,55.77710724,Summer,2
8/29/2031,27.94219017,34.19136429,22.97634315,12.56463432,0.670727849,101.2089691,3.283822536,4.273673534,214.2322693,213.699234,29.48885918,56.033638,Summer,2
8/30/2031,27.83565903,34.05022812,22.90912628,12.55037022,0.703999221,101.2123337,3.287219763,4.279342651,214.5978088,214.1289825,29.36317825,56.29507446,Summer,2
8/31/2031,27.72555161,33.90497208,22.8385601,12.5341711,0.737701356,101.2157211,3.291205883,4.28590107,214.9505768,214.5469055,29.23329735,56.56102753,Summer,2
9/1/2031,27.61208534,33.75593948,22.76476288,12.51609039,0.771739602,101.2191391,3.295715332,4.293263435,215.2873993,214.9494171,29.09946632,56.83105469,Autumn,3
9/2/2031,27.49550438,33.60347748,22.68787003,12.49618149,0.806014359,101.2225647,3.300679684,4.301337242,215.6053467,215.3330536,28.96196365,57.10473633,Autumn,3
9/3/2031,27.37604713,33.44795609,22.60802078,12.47450829,0.840422094,101.2259903,3.306027174,4.310027599,215.9016876,215.6945648,28.821064,57.3815918,Autumn,3
9/4/2031,27.2539711,33.28975296,22.5253582,12.4511385,0.874855459,101.2294312,3.311682463,4.319235802,216.1740112,216.0309753,28.67705536,57.66117096,Autumn,3
9/5/2031,27.12953758,33.12924576,22.4400425,12.42614174,0.909204245,101.2328644,3.317569971,4.328860283,216.4200745,216.3395844,28.53024101,57.94298553,Autumn,3
9/6/2031,27.00301361,32.96682739,22.35222816,12.39959431,0.943356335,101.2362976,3.323611975,4.338797569,216.6380005,216.6179352,28.3809185,58.2265625,Autumn,3
9/7/2031,26.87466431,32.80289078,22.26208115,12.37157059,0.977197766,101.2397232,3.329731941,4.348944664,216.8262024,216.8639679,28.22940063,58.51139832,Autumn,3
9/8/2031,26.74476433,32.63783264,22.16976738,12.3421545,1.010613799,101.2431412,3.335852146,4.35919857,216.98349,217.0759125,28.07599449,58.79701233,Autumn,3
9/9/2031,26.61358261,32.47203445,22.07545662,12.31142139,1.043490529,101.2465515,3.34189868,4.369459152,217.1088715,217.2523804,27.92100525,59.082901,Autumn,3
9/10/2031,26.48138237,32.3058815,21.97931862,12.27945614,1.075714231,101.2499542,3.347798586,4.379626751,217.201889,217.3923492,27.76473999,59.36858368,Autumn,3
9/11/2031,26.34842491,32.1397438,21.88151932,12.24633884,1.107173324,101.2533493,3.35348177,4.389608383,217.2622986,217.4951935,27.60749626,59.65357208,Autumn,3
9/12/2031,26.21496773,31.97399139,21.78222847,12.21214771,1.137758851,101.2567444,3.358883142,4.399313927,217.2902222,217.5606842,27.44957352,59.93739319,Autumn,3
9/13/2031,26.08125305,31.80896187,21.68161011,12.17695999,1.167365313,101.2601318,3.363940239,4.408659458,217.2862854,217.5889435,27.29124641,60.21955872,Autumn,3
9/14/2031,25.94751358,31.64499092,21.57981873,12.14084911,1.195890903,101.2635269,3.368597507,4.417567253,217.2512665,217.5805359,27.13279343,60.49964142,Autumn,3
9/15/2031,25.81397629,31.48237991,21.47701263,12.10388851,1.22323966,101.266922,3.372803926,4.425966263,217.1864319,217.5364075,26.97447205,60.77718353,Autumn,3
9/16/2031,25.68084145,31.32142067,21.37333679,12.06614304,1.249320388,101.2703247,3.37651515,4.433795929,217.0933075,217.45784,26.81652451,61.05176544,Autumn,3
9/17/2031,25.54830551,31.16236687,21.26892853,12.02767277,1.274049401,101.2737427,3.379693747,4.441000938,216.9737854,217.3465881,26.65917587,61.32298279,Autumn,3
9/18/2031,25.41654015,31.00545692,21.16391945,11.98853588,1.297349572,101.2771683,3.38230896,4.447538376,216.8299866,217.2046204,26.50263977,61.59043884,Autumn,3
9/19/2031,25.28569603,30.85089493,21.05842972,11.94878006,1.319151163,101.2806091,3.384337425,4.453372002,216.6643982,217.0343628,26.34709549,61.85378265,Autumn,3
9/20/2031,25.1559124,30.69885063,20.95256615,11.90845013,1.339393854,101.2840729,3.385763645,4.45847702,216.4797211,216.8384552,26.19271851,62.1126709,Autumn,3
9/21/2031,25.02730179,30.5494709,20.84642792,11.86758137,1.358025312,101.2875519,3.386580467,4.462839127,216.2788239,216.619873,26.03964806,62.36678314,Autumn,3
9/22/2031,24.89995193,30.40286446,20.74009895,11.82620144,1.375002623,101.2910614,3.386787415,4.466453552,216.0649261,216.3818817,25.88800621,62.61585236,Autumn,3
9/23/2031,24.77393532,30.25910187,20.63365173,11.78433418,1.390292406,101.2945862,3.38639307,4.469326973,215.8412476,216.1279297,25.73788834,62.85959625,Autumn,3
9/24/2031,24.64929581,30.11823082,20.52714157,11.74199104,1.403871775,101.2981415,3.385413885,4.471474648,215.6112823,215.8616638,25.58936882,63.09779358,Autumn,3
9/25/2031,24.52605438,29.98025322,20.42061806,11.69917965,1.415727496,101.3017197,3.383873463,4.472924232,215.3785553,215.5869293,25.44249535,63.33023834,Autumn,3
9/26/2031,24.40421104,29.84514236,20.3141098,11.65589523,1.425856709,101.3053131,3.381803751,4.473711014,215.1467438,215.3076324,25.2972908,63.5567627,Autumn,3
9/27/2031,24.283741,29.71283531,20.20763397,11.61212826,1.434266925,101.3089371,3.379242659,4.473882198,214.9194641,215.0278473,25.15375328,63.77722931,Autumn,3
9/28/2031,24.16460037,29.58323669,20.10119438,11.56786442,1.440975785,101.3125687,3.376236916,4.473492146,214.7004089,214.7516327,25.01185799,63.99150848,Autumn,3
9/29/2031,24.04671669,29.45622063,19.99477768,11.5230732,1.446011543,101.3162079,3.372837543,4.472605228,214.4932251,214.4831238,24.87154961,64.19953156,Autumn,3
9/30/2031,23.93000031,29.33162117,19.88836098,11.47772694,1.449411869,101.3198624,3.369103432,4.471292496,214.3014832,214.2263489,24.73276329,64.40123749,Autumn,3
10/1/2031,23.81434059,29.20925331,19.78190994,11.43178654,1.451224089,101.3235092,3.365098238,4.469632149,214.1286774,213.9853668,24.59539986,64.59660339,Autumn,3
10/2/2031,23.69960785,29.08890152,19.67537117,11.38520622,1.451505303,101.3271408,3.360889196,4.467710018,213.9781189,213.7640839,24.45934677,64.78562927,Autumn,3
10/3/2031,23.58565331,28.97031975,19.56868172,11.33793736,1.450321198,101.3307648,3.356549501,4.46561718,213.8530731,213.5662537,24.32446861,64.96835327,Autumn,3
10/4/2031,23.47231102,28.85324669,19.46177292,11.28992558,1.447745562,101.3343506,3.352154255,4.463448048,213.7565002,213.3954773,24.19060898,65.14481354,Autumn,3
10/5/2031,23.35940742,28.73738861,19.35455894,11.2411108,1.443860412,101.3378983,3.347782135,4.461302757,213.6911926,213.2551727,24.05760574,65.31510925,Autumn,3
10/6/2031,23.24674416,28.62244415,19.24695015,11.19143295,1.43875432,101.3413925,3.343513727,4.459281921,213.6596527,213.148468,23.9252758,65.4793396,Autumn,3
10/7/2031,23.13412094,28.50809097,19.13884735,11.14082623,1.432522297,101.3448257,3.339429617,4.457489967,213.6642303,213.0782928,23.7934227,65.63762665,Autumn,3
10/8/2031,23.02132797,28.3939991,19.03014374,11.08922482,1.425265193,101.348175,3.335612297,4.456029892,213.7068329,213.0471954,23.66184235,65.79011536,Autumn,3
10/9/2031,22.90814781,28.27981758,18.92072868,11.03656101,1.41708827,101.3514404,3.332141876,4.455006123,213.7891998,213.0574493,23.53032112,65.93697357,Autumn,3
10/10/2031,22.79435349,28.165205,18.81048203,10.98276806,1.408100963,101.3545914,3.32909894,4.454520226,213.9126434,213.1110535,23.3986454,66.0783844,Autumn,3
10/11/2031,22.67972183,28.04980659,18.69929123,10.92778206,1.398415565,101.3576202,3.326560974,4.45467186,214.0782013,213.2095337,23.26659012,66.21453857,Autumn,3
10/12/2031,22.5640316,27.93327141,18.58703232,10.87153721,1.388146281,101.3605194,3.324602365,4.45555687,214.2865753,213.3540955,23.13393593,66.34564972,Autumn,3
10/13/2031,22.44705391,27.81525421,18.47358704,10.81397343,1.377409101,101.3632584,3.323294401,4.457267284,214.5380402,213.5455933,23.00045776,66.47193146,Autumn,3
10/14/2031,22.32857513,27.69541359,18.35883713,10.75503445,1.366319656,101.3658447,3.3227036,4.459888458,214.8326569,213.7844238,22.86594582,66.5936203,Autumn,3
10/15/2031,22.20838737,27.57342148,18.24266434,10.69466686,1.35499239,101.3682404,3.322891951,4.463500023,215.1699829,214.0706635,22.73018265,66.71095276,Autumn,3
10/16/2031,22.08628464,27.44896317,18.12496376,10.63282585,1.343541861,101.3704529,3.323914528,4.468175888,215.5493774,214.4039459,22.59296989,66.82415771,Autumn,3
10/17/2031,21.96208,27.3217392,18.00562286,10.56946945,1.33207798,101.3724594,3.3258214,4.473978996,215.9697418,214.7835541,22.45411491,66.9335022,Autumn,3
10/18/2031,21.83559227,27.19146919,17.884552,10.50456524,1.320708513,101.3742523,3.32865572,4.480965137,216.4297485,215.2082977,22.3134346,67.03921509,Autumn,3
10/19/2031,21.70666504,27.05789757,17.76165771,10.43808842,1.309537053,101.375824,3.332452536,4.489181519,216.9276581,215.6767578,22.17076683,67.14155579,Autumn,3
10/20/2031,21.57515526,26.92079353,17.63685608,10.37002277,1.298660994,101.3771591,3.337239981,4.498665333,217.4615631,216.1870575,22.02596474,67.24075317,Autumn,3
10/21/2031,21.44093132,26.779953,17.51008606,10.30035877,1.288173199,101.3782578,3.343037844,4.509442329,218.0290985,216.7369995,21.87889671,67.33705902,Autumn,3
10/22/2031,21.30389214,26.63519859,17.38128662,10.22910213,1.278159142,101.3791122,3.349858046,4.521529675,218.6278229,217.3240814,21.72944832,67.43070984,Autumn,3
10/23/2031,21.16395378,26.48639107,17.25041389,10.1562624,1.268697619,101.3797226,3.357703209,4.534931183,219.2549591,217.9454651,21.57753563,67.52193451,Autumn,3
10/24/2031,21.02105713,26.33341408,17.11743927,10.08186436,1.259859324,101.3800888,3.366568804,4.549642563,219.907547,218.598175,21.42308426,67.61094666,Autumn,3
10/25/2031,20.87516403,26.17619705,16.98234558,10.00593948,1.251707196,101.3802032,3.376441479,4.565646172,220.582489,219.2788086,21.26605225,67.69796753,Autumn,3
10/26/2031,20.72626114,26.01469612,16.84513092,9.9285326,1.244295001,101.3800812,3.387298107,4.582914352,221.2764587,219.9838867,21.10642052,67.78320313,Autumn,3
10/27/2031,20.57436371,25.84890556,16.70581818,9.849700928,1.237668037,101.3797302,3.399108887,4.601409912,221.9860687,220.7097015,20.94418526,67.86683655,Autumn,3
10/28/2031,20.41950798,25.67885971,16.56443024,9.769506454,1.231862307,101.3791504,3.41183567,4.621084213,222.70784,221.4524536,20.7793808,67.94905853,Autumn,3
10/29/2031,20.2617569,25.50462532,16.4210186,9.688028336,1.226903915,101.3783569,3.425431728,4.641877174,223.4381866,222.2081451,20.61205673,68.0300293,Autumn,3
10/30/2031,20.10120392,25.32630539,16.27564621,9.605352402,1.222810507,101.3773651,3.439843893,4.663721085,224.1735992,222.9727936,20.44228935,68.10991669,Autumn,3
10/31/2031,19.93795586,25.14404106,16.12839508,9.521577835,1.219589472,101.3761978,3.455011368,4.686538696,224.9104462,223.7423553,20.27017975,68.18886566,Autumn,3
11/1/2031,19.77215576,24.95800591,15.97935867,9.436808586,1.217239261,101.3748627,3.470867157,4.710243702,225.6452484,224.5127869,20.0958519,68.26699829,Autumn,3
11/2/2031,19.60396576,24.76840973,15.82865047,9.35116291,1.215749145,101.3733826,3.487338543,4.734742641,226.374527,225.2800446,19.91945457,68.34442902,Autumn,3
11/3/2031,19.43356705,24.57549286,15.67639923,9.264763832,1.215099692,101.3717957,3.504346848,4.759935379,227.0949402,226.0402374,19.74115753,68.42127991,Autumn,3
11/4/2031,19.26116753,24.37952423,15.52274609,9.177742958,1.215262294,101.3701096,3.521810293,4.785713673,227.8032532,226.7895355,19.56114769,68.49762726,Autumn,3
11/5/2031,19.08699417,24.18080711,15.36784363,9.09024334,1.216201663,101.3683701,3.539641142,4.811966896,228.4964142,227.5242462,19.37963867,68.57357025,Autumn,3
11/6/2031,18.91128922,23.97966385,15.21186638,9.00240612,1.217873573,101.3665924,3.557749987,4.838578701,229.1715393,228.2408752,19.19685173,68.64916229,Autumn,3
11/7/2031,18.73431778,23.7764492,15.05499268,8.914383888,1.220227361,101.3648224,3.576044559,4.865428925,229.8259125,228.936142,19.01303864,68.72446442,Autumn,3
11/8/2031,18.55635452,23.5715332,14.8974123,8.826333046,1.223206401,101.3630829,3.594430685,4.892396927,230.4571228,229.6069489,18.82845116,68.79953003,Autumn,3
11/9/2031,18.37768364,23.36530304,14.73932934,8.73841095,1.22674799,101.361412,3.612812996,4.919357777,231.0629272,230.2505188,18.64336205,68.87438965,Autumn,3
11/10/2031,18.19861221,23.1581707,14.58095551,8.650779724,1.230784655,101.3598404,3.631097317,4.946188927,231.6413879,230.8643036,18.45805359,68.94907379,Autumn,3
11/11/2031,18.01944733,22.95054817,14.42250538,8.563601494,1.235244989,101.3584213,3.649189949,4.972769737,232.1908569,231.4460754,18.27280998,69.02359772,Autumn,3
11/12/2031,17.84050751,22.74286652,14.26420212,8.477039337,1.240053892,101.3571777,3.666997671,4.998976707,232.7099457,231.9939575,18.08793449,69.09797668,Autumn,3
11/13/2031,17.66210365,22.5355587,14.10627556,8.391254425,1.245134234,101.3561401,3.684430838,5.024694443,233.1975555,232.5063477,17.90372276,69.17221832,Autumn,3
11/14/2031,17.48456764,22.32906151,13.94895649,8.306407928,1.250407219,101.3553619,3.701401711,5.049807549,233.6529388,232.9820099,17.72047806,69.24630737,Autumn,3
11/15/2031,17.30821609,22.12381363,13.79247284,8.222655296,1.255792975,101.3548737,3.71782732,5.074207306,234.0755463,233.4200897,17.53849983,69.32024384,Autumn,3
11/16/2031,17.13336945,21.92024231,13.63705921,8.14015007,1.261212587,101.3547058,3.733628273,5.097789764,234.4653015,233.8200531,17.35808563,69.39402008,Autumn,3
11/17/2031,16.96033859,21.7187767,13.48294449,8.059039116,1.266587496,101.3548965,3.748731136,5.120458603,234.8222198,234.1817017,17.1795311,69.46761322,Autumn,3
11/18/2031,16.78943253,21.51983261,13.33035564,7.979463577,1.271840811,101.3554764,3.763068676,5.142123222,235.1468048,234.5052795,17.00312233,69.54101563,Autumn,3
11/19/2031,16.62094498,21.32381058,13.17951107,7.90155983,1.276899457,101.3564758,3.776577711,5.16270256,235.4397125,234.7912292,16.8291378,69.61419678,Autumn,3
11/20/2031,16.45516586,21.13110161,13.03063202,7.825451851,1.281692624,101.3579254,3.789204359,5.182121277,235.7019196,235.040451,16.65784264,69.68714905,Autumn,3
11/21/2031,16.29236412,20.94207001,12.88391972,7.751259804,1.28615427,101.359848,3.800899982,5.200317383,235.9346466,235.2541504,16.48949242,69.75983429,Autumn,3
11/22/2031,16.13279343,20.75706291,12.73957729,7.679089546,1.290223241,101.3622665,3.811624527,5.217235565,236.1393585,235.4337616,16.32432747,69.83224487,Autumn,3
11/23/2031,15.97669792,20.57640839,12.59779167,7.60904026,1.293844104,101.3652039,3.821344852,5.232831001,236.3178101,235.5811157,16.16256714,69.90435791,Autumn,3
11/24/2031,15.82429409,20.40039635,12.45874119,7.54119873,1.296967149,101.3686752,3.830036163,5.247069359,236.4718018,235.6982117,16.00442123,69.97615814,Autumn,3
11/25/2031,15.67578697,20.22930527,12.32258797,7.475641251,1.29954958,101.3726959,3.837682724,5.25992775,236.6035004,235.7873535,15.85007477,70.04760742,Autumn,3
11/26/2031,15.53135109,20.06336784,12.1894846,7.41242981,1.301555634,101.3772659,3.844275236,5.271389961,236.7150421,235.851059,15.69969559,70.11871338,Autumn,3
11/27/2031,15.39114475,19.90279961,12.05956841,7.351617336,1.302957058,101.3823929,3.8498137,5.281455994,236.8088837,235.8920288,15.55343056,70.1894455,Autumn,3
11/28/2031,15.25530338,19.74777603,11.93296051,7.293243408,1.30373323,101.3880844,3.854305744,5.290132523,236.8874054,235.9131317,15.41140175,70.25979614,Autumn,3
11/29/2031,15.12393761,19.59844589,11.80976582,7.237335205,1.30387187,101.3943329,3.857766867,5.297436714,236.9532013,235.9173584,15.27371597,70.32975769,Autumn,3
11/30/2031,14.99713039,19.45491791,11.69007587,7.183905602,1.303367734,101.401123,3.860220909,5.303397179,237.0088959,235.9077759,15.14045334,70.39932251,Autumn,3
12/1/2031,14.87494469,19.31727409,11.57396221,7.132959366,1.302224994,101.4084549,3.861697912,5.308052063,237.0570221,235.8875732,15.01167107,70.46848297,Winter,0
12/2/2031,14.75741673,19.18556023,11.46148205,7.0844841,1.300454974,101.4163055,3.8622365,5.311445236,237.100296,235.8599396,14.88740158,70.53723907,Winter,0
12/3/2031,14.64456367,19.05978775,11.35267544,7.038458824,1.298077106,101.4246597,3.861880541,5.313634872,237.1412354,235.828064,14.76766586,70.60558319,Winter,0
12/4/2031,14.53636742,18.9399395,11.24756432,6.994850159,1.295118928,101.4334793,3.860680819,5.314682961,237.1824188,235.7951508,14.65244675,70.67352295,Winter,0
12/5/2031,14.43279839,18.82596016,11.14615345,6.953612328,1.291614413,101.4427414,3.858693361,5.314661026,237.2262421,235.7642975,14.54172325,70.74105072,Winter,0
12/6/2031,14.33380032,18.71777344,11.04843426,6.914690971,1.287605643,101.4524155,3.855979681,5.313646317,237.2751312,235.7385254,14.43544197,70.8081665,Winter,0
12/7/2031,14.23929405,18.61526489,10.95438194,6.878019333,1.283140659,101.4624557,3.852605581,5.311721802,237.3312836,235.7207642,14.33353615,70.87488556,Winter,0
12/8/2031,14.1491785,18.5182972,10.86394978,6.843523979,1.278273463,101.4728317,3.848640442,5.308977127,237.3967285,235.7137909,14.23591995,70.94120026,Winter,0
12/9/2031,14.06333828,18.42670631,10.77708817,6.811120033,1.27306366,101.4834824,3.844157934,5.305504799,237.4734344,235.7201385,14.14248276,71.0071106,Winter,0
12/10/2031,13.98164082,18.34030533,10.69372082,6.78071785,1.267576218,101.4943771,3.839232445,5.301400185,237.5630951,235.7422333,14.05311012,71.07261658,Winter,0
12/11/2031,13.90392971,18.25888634,10.61376762,6.7522192,1.261878967,101.505455,3.83394146,5.296764374,237.6672668,235.7822571,13.96767235,71.13772583,Winter,0
12/12/2031,13.83004189,18.18221664,10.53713131,6.725520611,1.256044507,101.5166626,3.828364134,5.291696548,237.7872314,235.8421631,13.8860178,71.20241547,Winter,0
12/13/2031,13.75979805,18.11005592,10.46370697,6.700512886,1.250147343,101.5279465,3.822578192,5.286297798,237.924118,235.9235992,13.80799294,71.26670074,Winter,0
12/14/2031,13.69301128,18.04214287,10.39337921,6.677083492,1.24426353,101.5392532,3.816663027,5.280669212,238.0787811,236.0279999,13.73342705,71.33055878,Winter,0
12/15/2031,13.62948036,17.97820854,10.32602024,6.655117035,1.23847115,101.5505142,3.81069541,5.274912834,238.2518616,236.1565247,13.6621542,71.39398956,Winter,0
12/16/2031,13.56899929,17.91797256,10.26149654,6.634495258,1.232847691,101.561676,3.804751873,5.269124985,238.4437103,236.3099823,13.59399223,71.45695496,Winter,0
12/17/2031,13.51136208,17.86115265,10.19967365,6.615098953,1.227469802,101.5726776,3.798905849,5.263401985,238.6545563,236.4889679,13.52875996,71.51945496,Winter,0
12/18/2031,13.45635223,17.80745697,10.1404047,6.596810341,1.222413301,101.5834579,3.793228149,5.257837296,238.8842621,236.6937256,13.46627235,71.58144379,Winter,0
12/19/2031,13.4037571,17.75659943,10.08353996,6.579512119,1.217751265,101.5939636,3.787786961,5.252516747,239.1324921,236.9241943,13.40634155,71.64290619,Winter,0
12/20/2031,13.35336208,17.70828819,10.02893639,6.563087463,1.213554144,101.604126,3.782645226,5.247525215,239.3987732,237.1800842,13.34879303,71.70380402,Winter,0
12/21/2031,13.3049612,17.66224861,9.976438522,6.547424316,1.209888101,101.6138916,3.777861834,5.242938042,239.6822815,237.4607697,13.29344082,71.76409149,Winter,0
12/22/2031,13.25834274,17.6182003,9.925893784,6.532413006,1.206814647,101.6232147,3.773492098,5.238828659,239.9820862,237.7653656,13.24010849,71.82371521,Winter,0
12/23/2031,13.21330929,17.57587814,9.877157211,6.517949104,1.204390287,101.6320267,3.769584417,5.235261917,240.2969971,238.0926819,13.18863487,71.88263702,Winter,0
12/24/2031,13.16967201,17.53503036,9.83008194,6.503933907,1.202665806,101.6402817,3.766181707,5.232295036,240.6257172,238.4413605,13.13885498,71.94078827,Winter,0
12/25/2031,13.12724686,17.49541855,9.78452301,6.490274429,1.201684952,101.647934,3.763322115,5.229977608,240.9666901,238.8097534,13.09062004,71.99811554,Winter,0
12/26/2031,13.08586311,17.45681381,9.740345955,6.476881981,1.201485038,101.6549454,3.761037588,5.2283535,241.3182983,239.1959839,13.04378605,72.05455017,Winter,0
12/27/2031,13.04536438,17.41901398,9.697417259,6.46367836,1.202095866,101.6612701,3.759352922,5.227457047,241.6787567,239.5979919,12.99822521,72.11000061,Winter,0
12/28/2031,13.0056076,17.38183212,9.655611992,6.450593948,1.203538895,101.6668701,3.758286953,5.227313995,242.0461426,240.0135803,12.95381927,72.16441345,Winter,0
12/29/2031,12.96645737,17.34510231,9.614817619,6.437562466,1.205828071,101.6717224,3.75785327,5.227945328,242.4185638,240.4403534,12.91046333,72.21769714,Winter,0
12/30/2031,12.92780113,17.30867767,9.574922562,6.424530029,1.208969116,101.6757889,3.758057833,5.22936058,242.7938995,240.875824,12.8680687,72.26976776,Winter,0
12/31/2031,12.88954449,17.27243614,9.535825729,6.411450386,1.212958694,101.6790543,3.758900642,5.231561661,243.1701355,241.3173676,12.82655716,72.32054901,Winter,0
1/1/2032,12.85160255,17.23628044,9.497443199,6.398286819,1.217785597,101.6815033,3.760375738,5.2345438,243.545105,241.7623291,12.78586769,72.36992645,Winter,0
1/2/2032,12.81390858,17.20013046,9.45969677,6.385008812,1.223429918,101.6831207,3.762471676,5.238295555,243.916748,242.2079926,12.7459507,72.41782379,Winter,0
1/3/2032,12.77641582,17.16393471,9.422514915,6.371598244,1.229863286,101.6839066,3.765170813,5.242794037,244.282959,242.6516113,12.70677376,72.4641571,Winter,0
1/4/2032,12.7390976,17.12766838,9.385842323,6.358043671,1.23704946,101.6838531,3.768450022,5.248016357,244.6416779,243.0904541,12.6683197,72.50881958,Winter,0
1/5/2032,12.70193481,17.09132195,9.349633217,6.344341278,1.244944215,101.6829758,3.772282362,5.253925323,244.9909668,243.5218201,12.63058472,72.55172729,Winter,0
1/6/2032,12.66493416,17.05491638,9.313856125,6.330498695,1.253495693,101.6812744,3.776634932,5.260483742,245.3288574,243.9431,12.59357452,72.59277344,Winter,0
1/7/2032,12.62811184,17.01848984,9.278484344,6.316529274,1.262645364,101.678772,3.781471014,5.267644882,245.653595,244.3516693,12.55731678,72.63188934,Winter,0
1/8/2032,12.591506,16.98210335,9.243506432,6.302454948,1.272327781,101.6754913,3.78674984,5.275360107,245.9634247,244.7451477,12.5218401,72.6689682,Winter,0
1/9/2032,12.55516815,16.94583893,9.20892334,6.288302898,1.282471418,101.6714478,3.792428255,5.283575058,246.2568207,245.1211548,12.48719978,72.70392609,Winter,0
1/10/2032,12.51915932,16.90979767,9.174738884,6.274110317,1.292999864,101.666687,3.798458338,5.29223156,246.5323334,245.4775543,12.45344353,72.73670197,Winter,0
1/11/2032,12.4835577,16.87409592,9.140975952,6.259916306,1.303831339,101.6612396,3.804792404,5.301267624,246.7887115,245.8123474,12.42064476,72.76719666,Winter,0
1/12/2032,12.4484539,16.83886719,9.107662201,6.245769501,1.314880252,101.6551361,3.811378956,5.310619354,247.0247955,246.123703,12.38887787,72.79534912,Winter,0
1/13/2032,12.4139452,16.80425835,9.074834824,6.231720924,1.326058745,101.6484299,3.818166018,5.320222855,247.2396545,246.4099731,12.35822868,72.8210907,Winter,0
1/14/2032,12.38014221,16.77043152,9.042536736,6.217824936,1.337275147,101.6411743,3.825100422,5.33000946,247.4325104,246.6697693,12.3287859,72.84436798,Winter,0
1/15/2032,12.34716606,16.73756027,9.010827065,6.204140186,1.348436832,101.6334076,3.832128525,5.339913368,247.6028137,246.9019012,12.30064392,72.86512756,Winter,0
1/16/2032,12.31513786,16.70581818,8.979762077,6.190729141,1.359450817,101.6251907,3.839197397,5.349865913,247.7501221,247.1053772,12.27390194,72.88331604,Winter,0
1/17/2032,12.28418827,16.67539978,8.949403763,6.177654266,1.370222926,101.6165771,3.846254349,5.359801292,247.8741455,247.2795258,12.24866486,72.89890289,Winter,0
1/18/2032,12.25445557,16.64648628,8.919829369,6.164979935,1.38066113,101.6076279,3.853248358,5.369653702,247.9749146,247.4237976,12.22503471,72.9118576,Winter,0
1/19/2032,12.22607231,16.61927795,8.891111374,6.152770996,1.390675187,101.5984039,3.860129356,5.379360199,248.0524902,247.5379639,12.20311451,72.92214966,Winter,0
1/20/2032,12.19917679,16.59396935,8.863326073,6.1410923,1.400176048,101.5889587,3.866849422,5.388859749,248.1072083,247.6219635,12.18300629,72.92976379,Winter,0
1/21/2032,12.17390728,16.57075119,8.836555481,6.13000679,1.409079432,101.579361,3.873363495,5.398094177,248.1394653,247.6760254,12.16481304,72.93471527,Winter,0
1/22/2032,12.15040016,16.54981232,8.810885429,6.119576454,1.417304754,101.5696716,3.879627705,5.407007217,248.1499176,247.7005615,12.1486311,72.9369812,Winter,0
1/23/2032,12.12879181,16.53134346,8.786395073,6.109859467,1.424775839,101.5599442,3.885602713,5.415548325,248.1392365,247.696228,12.13455391,72.93657684,Winter,0
1/24/2032,12.1092062,16.5155201,8.763169289,6.100914001,1.431422472,101.5502396,3.891252518,5.423670769,248.1083679,247.6638641,12.12266922,72.93351746,Winter,0
1/25/2032,12.09176826,16.50251007,8.741290092,6.092791557,1.437180996,101.5406189,3.896542311,5.431331635,248.0582581,247.6044769,12.11305809,72.92783356,Winter,0
1/26/2032,12.07659912,16.4924736,8.720838547,6.085540771,1.441993117,101.5311356,3.901444674,5.438490868,247.9899902,247.5192871,12.10579491,72.91955566,Winter,0
1/27/2032,12.06380272,16.48556519,8.701890945,6.079209328,1.445809484,101.521843,3.905932188,5.445116043,247.9047546,247.4096375,12.10094643,72.90871429,Winter,0
1/28/2032,12.05348015,16.48191452,8.684522629,6.073832989,1.448586822,101.5127945,3.909983873,5.451177597,247.8037872,247.2770538,12.09857178,72.8953476,Winter,0
1/29/2032,12.04572868,16.48164749,8.66880703,6.069448471,1.450291038,101.5040283,3.913581848,5.456652641,247.6884308,247.1231689,12.09872437,72.8795166,Winter,0
1/30/2032,12.04062653,16.48487473,8.654808044,6.066084862,1.450895905,101.4955978,3.916712046,5.461520195,247.5599518,246.9496918,12.10144138,72.86126709,Winter,0
1/31/2032,12.0382452,16.49168777,8.642586708,6.063765526,1.450383663,101.4875412,3.919364214,5.46576786,247.4197845,246.7584534,12.10675144,72.84065247,Winter,0
2/1/2032,12.03864479,16.50216103,8.632202148,6.062508106,1.448745251,101.4798889,3.921532869,5.469386101,247.2692719,246.5513153,12.1146822,72.81774139,Winter,0
2/2/2032,12.04187584,16.51635933,8.623703957,6.062324524,1.445980787,101.4726715,3.923215866,5.472370148,247.1098175,246.3301849,12.12524414,72.79257965,Winter,0
2/3/2032,12.04797745,16.53432846,8.617136002,6.063221931,1.442098141,101.4659195,3.924413681,5.474720001,246.9427185,246.0970459,12.13843727,72.76524353,Winter,0
2/4/2032,12.05696869,16.5560894,8.612537384,6.065198898,1.437114716,101.4596558,3.925131559,5.47644043,246.7692719,245.8537903,12.15425873,72.73579407,Winter,0
2/5/2032,12.06887054,16.58166122,8.609938622,6.06825161,1.431055903,101.4538803,3.925378084,5.477539063,246.5907593,245.6023865,12.17269135,72.70428467,Winter,0
2/6/2032,12.08368492,16.61103439,8.609365463,6.072368622,1.423955202,101.4486237,3.925163507,5.478030205,246.4083252,245.3446655,12.19371033,72.67079163,Winter,0
2/7/2032,12.10139847,16.64418983,8.61083889,6.077533722,1.415854216,101.4438705,3.924502373,5.477928162,246.2231445,245.0825043,12.21728325,72.63537598,Winter,0
2/8/2032,12.12199783,16.68109131,8.614368439,6.083726883,1.406801701,101.4396439,3.923410416,5.477251053,246.0361633,244.8175964,12.24337101,72.59809875,Winter,0
2/9/2032,12.14544964,16.72168541,8.619958878,6.090921402,1.396853805,101.4359131,3.921907425,5.476023674,245.8483582,244.5516357,12.27192307,72.55899811,Winter,0
2/10/2032,12.17171955,16.7659111,8.627612114,6.099088669,1.386072278,101.4326859,3.920012712,5.47426796,245.6604919,244.2861481,12.30289078,72.5181427,Winter,0
2/11/2032,12.20075035,16.81368637,8.637320518,6.108193398,1.374525547,101.4299469,3.917748928,5.472011566,245.4732819,244.0226135,12.33621216,72.47557068,Winter,0
2/12/2032,12.23249149,16.86492538,8.64907074,6.118199348,1.362287045,101.4276657,3.915141106,5.46928215,245.2873383,243.7622833,12.37182045,72.43134308,Winter,0
2/13/2032,12.26687431,16.91952324,8.662842751,6.129066467,1.349434733,101.4258194,3.912211657,5.466110229,245.1031036,243.5063324,12.40964985,72.38546753,Winter,0
2/14/2032,12.30383301,16.97736931,8.678620338,6.140750885,1.336050391,101.4243851,3.908987761,5.462525368,244.9209442,243.2557526,12.44963169,72.33800507,Winter,0
2/15/2032,12.34328175,17.03834915,8.696371078,6.153209209,1.322218537,101.4233246,3.905494213,5.458558083,244.7410431,243.0114288,12.49168968,72.28895569,Winter,0
2/16/2032,12.38514328,17.10233116,8.716062546,6.166395664,1.308026791,101.4225998,3.901757717,5.454240799,244.5635376,242.7740326,12.53574753,72.23835754,Winter,0
2/17/2032,12.4293251,17.16918564,8.737662315,6.180263042,1.293564081,101.4221802,3.897803783,5.449604034,244.3883667,242.5440674,12.58172989,72.18621826,Winter,0
2/18/2032,12.47574139,17.23877525,8.76113224,6.194763184,1.278919816,101.4220047,3.893657684,5.44467926,244.2154541,242.3219452,12.62956238,72.13253784,Winter,0
2/19/2032,12.52429676,17.31095695,8.786428452,6.209850311,1.26418364,101.4220505,3.889345646,5.43949604,244.0444946,242.1078339,12.67917061,72.07731628,Winter,0
2/20/2032,12.57489872,17.38559151,8.813506126,6.225478172,1.249444604,101.4222565,3.884890079,5.434083939,243.8751984,241.9017639,12.7304821,72.02054596,Winter,0
2/21/2032,12.6274519,17.46253395,8.842324257,6.241600037,1.234789968,101.4225693,3.880315065,5.428469658,243.7070923,241.7036285,12.78342628,71.96221924,Winter,0
2/22/2032,12.68186092,17.54164314,8.872835159,6.258172989,1.220304966,101.4229507,3.875643015,5.422680855,243.5396729,241.5131836,12.8379364,71.9023056,Winter,0
2/23/2032,12.73803234,17.62277794,8.904987335,6.275155067,1.206071615,101.4233475,3.870893717,5.416742325,243.372345,241.3300018,12.8939476,71.84078217,Winter,0
2/24/2032,12.7958746,17.7057972,8.938739777,6.292506218,1.192168593,101.4236984,3.86608696,5.410676956,243.204422,241.1535492,12.95140171,71.77763367,Winter,0
2/25/2032,12.85530281,17.79056931,8.9740448,6.310190201,1.178670049,101.4239655,3.861240149,5.404506683,243.0352478,240.9831543,13.01024628,71.71279907,Winter,0
2/26/2032,12.91622639,17.87696457,9.010852814,6.328173637,1.165645599,101.4240875,3.856369734,5.398249626,242.8639984,240.8180847,13.07043266,71.64624786,Winter,0
2/27/2032,12.97856998,17.96485519,9.049121857,6.346425056,1.153159142,101.4240189,3.851489544,5.391924858,242.6899567,240.6574402,13.13191795,71.57794952,Winter,0
2/28/2032,13.04225159,18.05412674,9.08880806,6.364919186,1.141268849,101.4237213,3.846613407,5.385546684,242.5122833,240.5002899,13.19465733,71.50785065,Winter,0
2/29/2032,13.10720253,18.14466858,9.1298666,6.383630753,1.130026579,101.4231415,3.841752768,5.37912941,242.3302002,240.3456116,13.2586298,71.43589783,Winter,0
3/1/2032,13.17335224,18.23637199,9.172260284,6.402544022,1.119477868,101.4222412,3.836916685,5.372684479,242.1429138,240.1923523,13.32380295,71.36205292,Spring,1
3/2/2032,13.24064827,18.32914734,9.215953827,6.421640873,1.109660864,101.4209824,3.832114458,5.366222382,241.949646,240.0393982,13.39015579,71.28626251,Spring,1
3/3/2032,13.30902672,18.42290115,9.260908127,6.440910339,1.10060668,101.4193192,3.82735157,5.359751701,241.7496796,239.8856201,13.45767784,71.20848083,Spring,1
3/4/2032,13.37844276,18.51755905,9.307094574,6.460345268,1.092339396,101.4172287,3.822635412,5.35327816,241.5422821,239.7298737,13.52635765,71.12865448,Spring,1
3/5/2032,13.44885349,18.61304855,9.354483604,6.479942322,1.084875703,101.4146729,3.817969084,5.346808434,241.3268433,239.5710297,13.59619522,71.04675293,Spring,1
3/6/2032,13.5202198,18.70930862,9.403046608,6.4997015,1.078224301,101.411644,3.813356638,5.340346336,241.1027679,239.4079895,13.66718674,70.96273804,Spring,1
3/7/2032,13.59251499,18.80628204,9.45276165,6.519627571,1.072387576,101.4081039,3.808800936,5.333895683,240.8695679,239.2396698,13.73933983,70.87656403,Spring,1
3/8/2032,13.6657095,18.90392494,9.503608704,6.539727211,1.067359567,101.4040451,3.804303408,5.327458382,240.6267548,239.0650177,13.81266594,70.78820801,Spring,1
3/9/2032,13.73978329,19.00220108,9.555570602,6.560011387,1.063127875,101.3994598,3.799865246,5.321036339,240.3740387,238.8830872,13.88717556,70.69763947,Spring,1
3/10/2032,13.81472397,19.10107613,9.608632088,6.580492973,1.059673786,101.3943329,3.795487404,5.314631462,240.1111145,238.6929474,13.96288681,70.6048584,Spring,1
3/11/2032,13.89051533,19.20053101,9.662776947,6.601189137,1.056971073,101.3886795,3.79117012,5.308244705,239.8378601,238.4938507,14.03981972,70.50984955,Spring,1
3/12/2032,13.96715927,19.30054474,9.718000412,6.622118473,1.054988027,101.3824844,3.786914349,5.301877022,239.5541534,238.2849579,14.11799049,70.41260529,Spring,1
3/13/2032,14.04464722,19.40110588,9.774291992,6.643300056,1.053687334,101.3757629,3.782719851,5.295530319,239.2600403,238.0657349,14.19742584,70.3131485,Spring,1
3/14/2032,14.12298584,19.5022068,9.831645966,6.664758682,1.053025842,101.3685379,3.778588057,5.289205551,238.9556427,237.8355713,14.27813911,70.21147919,Spring,1
3/15/2032,14.20217419,19.60384941,9.890058517,6.686513901,1.052956223,101.3608093,3.774518967,5.282906532,238.641098,237.5940552,14.36016083,70.10762787,Spring,1
3/16/2032,14.28222179,19.70603371,9.949530602,6.708594322,1.053426743,101.3526154,3.77051425,5.276633263,238.3167572,237.3408813,14.44350815,70.00164032,Spring,1
3/17/2032,14.36313438,19.8087616,10.0100565,6.731021881,1.054381728,101.3439713,3.76657629,5.270392418,237.9829712,237.0758057,14.52819824,69.89355469,Spring,1
3/18/2032,14.44492435,19.91204453,10.07163811,6.753822803,1.055762768,101.3349228,3.762706757,5.264186859,237.6402283,236.7987061,14.61425018,69.78343201,Spring,1
3/19/2032,14.52759838,20.01588821,10.13427544,6.777020931,1.057508826,101.3254852,3.758909225,5.258021355,237.2890015,236.5096283,14.70167923,69.67133331,Spring,1
3/20/2032,14.61116886,20.12030411,10.19796753,6.800642014,1.059556723,101.3157043,3.755186558,5.251903534,236.9299316,236.2086334,14.79049683,69.5573349,Spring,1
3/21/2032,14.69564724,20.22530174,10.26272011,6.824708462,1.06184268,101.3056259,3.751544237,5.245839119,236.5636139,235.8959503,14.88070869,69.44152069,Spring,1
3/22/2032,14.78103828,20.33089638,10.32852936,6.849241257,1.06430161,101.2952957,3.747986078,5.239836693,236.1907959,235.5718689,14.97232246,69.32398224,Spring,1
3/23/2032,14.86735153,20.43708611,10.39539814,6.874261856,1.066868424,101.2847443,3.744518518,5.233904839,235.8121643,235.2367554,15.06533241,69.20482635,Spring,1
3/24/2032,14.95459652,20.54388618,10.4633255,6.899787903,1.06947875,101.2740326,3.741148472,5.228054047,235.4284821,234.8910828,15.15973854,69.08414459,Spring,1
3/25/2032,15.0427742,20.65130043,10.5323143,6.925836563,1.072069526,101.2632141,3.737881422,5.222293854,235.0405121,234.5354004,15.25553131,68.96206665,Spring,1
3/26/2032,15.13188744,20.75933456,10.60235691,6.952421188,1.074578643,101.252327,3.734725952,5.216635704,234.6490326,234.1702728,15.35269356,68.83869934,Spring,1
3/27/2032,15.22193718,20.86798668,10.67345524,6.97955513,1.076946616,101.2414322,3.731688499,5.211091995,234.254837,233.7963867,15.45120811,68.71417236,Spring,1
3/28/2032,15.31291962,20.97725677,10.74560356,7.007245064,1.079116702,101.2305756,3.728778124,5.205672264,233.8586273,233.4143829,15.55104828,68.58861542,Spring,1
3/29/2032,15.40483284,21.08714485,10.81879902,7.035499573,1.081034422,101.2198181,3.726001501,5.200389862,233.4611511,233.0249939,15.65218925,68.46215057,Spring,1
3/30/2032,15.49766445,21.19763756,10.89303017,7.064320564,1.082649946,101.2092056,3.723367453,5.19525528,233.0630493,232.6289368,15.7545948,68.33491516,Spring,1
3/31/2032,15.59140301,21.30872536,10.96829605,7.093709946,1.083916187,101.1987915,3.720883131,5.190279961,232.6649933,232.226944,15.85822868,68.20702362,Spring,1
4/1/2032,15.68603992,21.42040253,11.04458523,7.123665333,1.084790468,101.1886215,3.718554735,5.185473442,232.2675629,231.8197937,15.96304703,68.07862854,Spring,1
4/2/2032,15.78155518,21.53264618,11.12188721,7.154181957,1.085234642,101.1787491,3.716390133,5.180846214,231.8712158,231.4081726,16.06901169,67.94983673,Spring,1
4/3/2032,15.87792969,21.64544296,11.20018864,7.185253143,1.085215092,101.16922,3.714393377,5.17640686,231.4764404,230.9927826,16.17607117,67.82077026,Spring,1
4/4/2032,15.97514725,21.75877571,11.27948093,7.216868401,1.084702492,101.1600723,3.712569952,5.172161102,231.0835571,230.5742798,16.28417587,67.69155884,Spring,1
4/5/2032,16.07318306,21.87261772,11.35975075,7.249016285,1.083672643,101.1513519,3.710922003,5.168115616,230.6928406,230.1532745,16.3932724,67.56229401,Spring,1
4/6/2032,16.17201614,21.98695183,11.44098186,7.281682968,1.082106113,101.1430893,3.709452152,5.164271355,230.3044891,229.7303314,16.50330734,67.43307495,Spring,1
4/7/2032,16.27161789,22.10175133,11.5231638,7.314851761,1.079988241,101.1353302,3.708160639,5.16063118,229.9186096,229.3059692,16.61423111,67.30400848,Spring,1
4/8/2032,16.37196732,22.21699524,11.60628223,7.348505974,1.077309012,101.1280975,3.707045317,5.157193184,229.535141,228.8806305,16.7259903,67.1751709,Spring,1
4/9/2032,16.47303963,22.33265877,11.69031906,7.38262701,1.074063182,101.1214294,3.706103086,5.153952599,229.1540985,228.4546661,16.83852959,67.04662323,Spring,1
4/10/2032,16.57480621,22.44872284,11.77526188,7.417194366,1.070249677,101.1153412,3.705327749,5.150904655,228.7752075,228.0284271,16.9518013,66.91841888,Spring,1
4/11/2032,16.67725182,22.5651741,11.8611002,7.452187538,1.065872431,101.109848,3.704712629,5.148038864,228.3982697,227.602066,17.06575394,66.79061127,Spring,1
4/12/2032,16.78034782,22.68198013,11.94781876,7.487584591,1.06093812,101.1049805,3.704246759,5.145341873,228.022934,227.1758423,17.18034554,66.66322327,Spring,1
4/13/2032,16.88407516,22.79913902,12.03540707,7.523365974,1.055458665,101.1007385,3.703917503,5.142798424,227.6487427,226.7497406,17.29553604,66.53627014,Spring,1
4/14/2032,16.98841476,22.91663742,12.12385464,7.559509754,1.049448371,101.0971375,3.70371151,5.140389442,227.2752686,226.323822,17.41128349,66.40974426,Spring,1
4/15/2032,17.09335899,23.03446579,12.21315479,7.59599638,1.042925,101.0941772,3.703609943,5.138093948,226.9019318,225.8980408,17.52756119,66.28363037,Spring,1
4/16/2032,17.19888878,23.15261841,12.30329895,7.632804871,1.035909057,101.0918579,3.703594923,5.135885239,226.5281525,225.472229,17.64434052,66.15789032,Spring,1
4/17/2032,17.30499649,23.27110672,12.39428234,7.669919014,1.028423548,101.0901794,3.70364356,5.133734703,226.1532898,225.0462036,17.7616024,66.0324707,Spring,1
4/18/2032,17.41168404,23.38993073,12.48610592,7.70731926,1.020492911,101.0891266,3.703732014,5.131612778,225.7767181,224.619812,17.8793335,65.90731049,Spring,1
4/19/2032,17.5189476,23.5091095,12.57876778,7.74499321,1.01214385,101.0886917,3.703834772,5.12948513,225.3977356,224.192688,17.99752808,65.78232574,Spring,1
4/20/2032,17.62679672,23.62865829,12.67227268,7.782926559,1.003403902,101.0888596,3.703923225,5.127313614,225.015686,223.7646027,18.11618614,65.6574173,Spring,1
4/21/2032,17.73523712,23.74860764,12.76662445,7.821106911,0.994301438,101.0896149,3.703968048,5.125061035,224.6298981,223.3351898,18.23531342,65.53245544,Spring,1
4/22/2032,17.84428787,23.86898613,12.86183167,7.859525681,0.984865129,101.0909271,3.703936815,5.122684479,224.2397614,222.9041138,18.35493088,65.40732574,Spring,1
4/23/2032,17.95396805,23.98983383,12.95790768,7.898178101,0.975123703,101.0927811,3.703797102,5.120142937,223.8446655,222.4710541,18.47505951,65.28188324,Spring,1
4/24/2032,18.06430435,24.11120033,13.05486584,7.937058449,0.965105534,101.0951385,3.703516483,5.117390633,223.444046,222.035675,18.59573364,65.15596771,Spring,1
4/25/2032,18.1753273,24.23313332,13.15272427,7.976166725,0.954838037,101.0979843,3.703058243,5.11438179,223.0374451,221.5976868,18.71698952,65.02941132,Spring,1
4/26/2032,18.28707123,24.35569,13.25150204,8.01550293,0.944347978,101.1012802,3.70238924,5.111073494,222.6244812,221.1568298,18.83886719,64.90203857,Spring,1
4/27/2032,18.39957809,24.47893524,13.35122108,8.055072784,0.933660209,101.1049881,3.701473713,5.107417107,222.2048798,220.7128448,18.9614296,64.77365875,Spring,1
4/28/2032,18.51289368,24.60293961,13.45191002,8.094881058,0.922798514,101.1090775,3.700276613,5.103367805,221.7783661,220.265625,19.08473015,64.64408112,Spring,1
4/29/2032,18.62706375,24.72777176,13.55358982,8.134939194,0.911784291,101.1135178,3.698763371,5.098880768,221.3449554,219.8150787,19.20883369,64.51309967,Spring,1
4/30/2032,18.74214554,24.853508,13.65629482,8.175255775,0.900637388,101.1182632,3.696901321,5.093912125,220.9046326,219.3611755,19.33381081,64.38051605,Spring,1
5/1/2032,18.85818863,24.98023224,13.76005554,8.215847969,0.889375091,101.1232758,3.694658995,5.088420868,220.4575806,218.9040222,19.45973587,64.24612427,Spring,1
5/2/2032,18.97525406,25.1080265,13.86489964,8.256728172,0.878012002,101.1285324,3.692005634,5.082366943,220.0041504,218.4438324,19.58668518,64.10971069,Spring,1
5/3/2032,19.09340286,25.23697472,13.9708643,8.297915459,0.866560757,101.1339798,3.688914299,5.075715065,219.544754,217.980896,19.71474075,63.97106171,Spring,1
5/4/2032,19.21269798,25.36715889,14.077981,8.339429855,0.85503155,101.139595,3.685358524,5.068429947,219.0800781,217.515625,19.84398651,63.8299942,Spring,1
5/5/2032,19.33319473,25.49866867,14.1862812,8.381289482,0.843431473,101.1453247,3.681316614,5.060483932,218.6108551,217.0485535,19.97450066,63.68630219,Spring,1
5/6/2032,19.45495605,25.63158226,14.29580021,8.423517227,0.831765592,101.1511536,3.676769495,5.051850319,218.138031,216.5803833,20.10637283,63.53978729,Spring,1
5/7/2032,19.5780468,25.76598549,14.40656853,8.466134071,0.820036352,101.1570282,3.671700954,5.042510986,217.6626434,216.1118774,20.23967934,63.39028168,Spring,1
5/8/2032,19.70251846,25.90195465,14.51861668,8.509161949,0.808243632,101.1629333,3.666100025,5.032448769,217.1859741,215.6439972,20.374506,63.23760223,Spring,1
5/9/2032,19.82843018,26.03955841,14.63196945,8.552622795,0.796385944,101.1688232,3.659958601,5.021655083,216.7093811,215.1777496,20.51092529,63.08159637,Spring,1
5/10/2032,19.95583344,26.17886543,14.74665642,8.59653759,0.784458756,101.1746826,3.653273582,5.01012516,216.2343597,214.7143402,20.6490078,62.92211151,Spring,1
5/11/2032,20.0847702,26.31993866,14.86269855,8.640926361,0.772456169,101.1804657,3.646047592,4.997860909,215.7625275,214.2550964,20.78882599,62.75904083,Spring,1
5/12/2032,20.21528816,26.46282959,14.98011017,8.685808182,0.760370851,101.1861649,3.638285398,4.984872341,215.2956696,213.8013611,20.93043327,62.59224701,Spring,1
5/13/2032,20.34741592,26.60757828,15.09890938,8.731200218,0.748193741,101.1917496,3.629999876,4.971173286,214.8356476,213.3547058,21.07388687,62.42165375,Spring,1
5/14/2032,20.48118782,26.75422287,15.21910667,8.777116776,0.735914648,101.1971893,3.621205807,4.956786156,214.3843536,212.9167633,21.21922874,62.24718475,Spring,1
5/15/2032,20.61662292,26.90278625,15.34070206,8.823571205,0.7235232,101.2024841,3.611926317,4.941737175,213.9438934,212.4891815,21.36649513,62.06877899,Spring,1
5/16/2032,20.75372887,27.05327988,15.46369648,8.870573997,0.711007595,101.2075958,3.602185965,4.926063538,213.5162811,212.0737457,21.51571083,61.88642883,Spring,1
5/17/2032,20.89251137,27.20569992,15.58808327,8.918130875,0.69835645,101.212532,3.592017651,4.909805298,213.1036835,211.6723175,21.66688538,61.70011139,Spring,1
5/18/2032,21.03296471,27.36003876,15.71384716,8.966246605,0.685558319,101.2172623,3.581457138,4.893010139,212.7082214,211.2867279,21.82002831,61.50985718,Spring,1
5/19/2032,21.17506981,27.51626587,15.84096432,9.014919281,0.6726017,101.2217865,3.570545435,4.875733852,212.3320313,210.9189301,21.97512054,61.31568909,Spring,1
5/20/2032,21.31879997,27.6743412,15.96941376,9.064146042,0.659476519,101.2260971,3.559328318,4.858035564,211.9772339,210.570755,22.13214684,61.11769104,Spring,1
5/21/2032,21.46411514,27.83421326,16.09915543,9.113918304,0.646173298,101.2301788,3.547855139,4.839980125,211.6459351,210.2441254,22.29106903,60.91594696,Spring,1
5/22/2032,21.61096954,27.99581146,16.23014832,9.164225578,0.632683337,101.2340393,3.536180496,4.821639061,211.3401031,209.9408875,22.45183563,60.71056366,Spring,1
5/23/2032,21.75930023,28.1590519,16.36234093,9.215049744,0.619000316,101.2376785,3.524360895,4.803088188,211.061676,209.6628571,22.61438751,60.50169373,Spring,1
5/24/2032,21.90903664,28.32383728,16.49567795,9.26636982,0.605119169,101.2410812,3.512457132,4.784406662,210.8125305,209.4117432,22.77864647,60.28948975,Spring,1
5/25/2032,22.06009483,28.4900589,16.63009262,9.318162918,0.591036558,101.2442627,3.500532627,4.765678406,210.5942688,209.1891937,22.94452667,60.0741272,Spring,1
5/26/2032,22.21238136,28.65759468,16.76551437,9.370398521,0.576751709,101.2472229,3.488652706,4.746990681,210.4084778,208.9967194,23.11192322,59.85582733,Spring,1
5/27/2032,22.36578941,28.82630348,16.90186119,9.423044205,0.562266171,101.2499695,3.476885319,4.728430748,210.2565002,208.8357239,23.28072357,59.63480377,Spring,1
5/28/2032,22.52020836,28.99603462,17.03904533,9.476062775,0.547583699,101.2524948,3.465298176,4.71008873,210.1395569,208.7074127,23.45079994,59.41130829,Spring,1
5/29/2032,22.67551231,29.1666317,17.17697525,9.529411316,0.532710373,101.2548218,3.453961372,4.69205761,210.0585938,208.6128693,23.622015,59.18561554,Spring,1
5/30/2032,22.83156395,29.33791924,17.31555367,9.58304882,0.51765573,101.2569504,3.442943335,4.674427986,210.0143585,208.5529633,23.79421806,58.95798492,Spring,1
5/31/2032,22.98822403,29.50971603,17.45466995,9.636924744,0.502430797,101.2588882,3.432313442,4.657291412,210.00737,208.5283661,23.96725273,58.72872162,Spring,1
6/1/2032,23.14534187,29.68183708,17.59421349,9.690990448,0.487050354,101.260643,3.422139406,4.64073658,210.0379028,208.5395508,24.14095116,58.49813843,Summer,2
6/2/2032,23.30276108,29.85407829,17.73406982,9.74519062,0.471531063,101.2622223,3.412486315,4.624850273,210.1059723,208.5866699,24.31513405,58.26655579,Summer,2
6/3/2032,23.46031952,30.02623749,17.8741169,9.799471855,0.455892146,101.2636414,3.403418779,4.609716892,210.2113037,208.6697845,24.48961639,58.03430176,Summer,2
6/4/2032,23.61784744,30.19810677,18.01423073,9.853775024,0.440155804,101.2649078,3.394996405,4.595416546,210.3533936,208.7885895,24.66421509,57.80171204,Summer,2
6/5/2032,23.77516937,30.36947632,18.15428162,9.908043861,0.424345911,101.2660217,3.387276888,4.582025528,210.5314026,208.9425507,24.83873367,57.56912994,Summer,2
6/6/2032,23.93211746,30.54013252,18.29414558,9.962218285,0.40848875,101.2669983,3.380312681,4.569613457,210.7443237,209.1308594,25.01297569,57.33692169,Summer,2
6/7/2032,24.08850861,30.70985794,18.4336853,10.01623726,0.392612606,101.2678452,3.374152184,4.558244705,210.9906921,209.3525085,25.18673706,57.10541534,Summer,2
6/8/2032,24.24416924,30.87844276,18.57277107,10.07004261,0.376747161,101.2685623,3.368839025,4.547976494,211.2689972,209.6061554,25.35982513,56.87496948,Summer,2
6/9/2032,24.39892006,31.04567146,18.71126747,10.12357616,0.360923707,101.2691727,3.364409685,4.538859367,211.5773163,209.890213,25.53203392,56.64593506,Summer,2
6/10/2032,24.55258369,31.21134758,18.84904671,10.17677784,0.345175177,101.2696609,3.360896587,4.530935764,211.9134521,210.2028961,25.70316887,56.41864014,Summer,2
6/11/2032,24.70499229,31.3752594,18.98597336,10.22959423,0.32953459,101.27005,3.358323574,4.524239063,212.275116,210.542099,25.87303543,56.1934433,Summer,2
6/12/2032,24.85597038,31.53722191,19.12192154,10.28197002,0.314036459,101.27034,3.356709719,4.51879406,212.6596375,210.9055328,26.04143715,55.97065735,Summer,2
6/13/2032,25.00536156,31.69703865,19.25676727,10.33385372,0.298714906,101.2705307,3.356066227,4.514616966,213.0642548,211.2906494,26.20819473,55.75061798,Summer,2
6/14/2032,25.15299797,31.85454559,19.39038658,10.38519859,0.283604205,101.2706299,3.356395721,4.511713028,213.4859314,211.6947479,26.3731308,55.53362274,Summer,2
6/15/2032,25.29873657,32.00956726,19.52266312,10.43595791,0.268739194,101.2706299,3.357696056,4.510080338,213.921524,212.1148682,26.53606987,55.31996918,Summer,2
6/16/2032,25.44242668,32.16195297,19.65348434,10.48609352,0.254152775,101.270546,3.359954834,4.50970459,214.367691,212.5479584,26.69685173,55.1099472,Summer,2
6/17/2032,25.5839386,32.3115654,19.78273773,10.53556728,0.239877731,101.2703705,3.363154411,4.51056385,214.8210449,212.990799,26.8553257,54.90381622,Summer,2
6/18/2032,25.72314072,32.45826721,19.91032982,10.58434772,0.225946024,101.2700958,3.367268324,4.512622833,215.2780151,213.4400024,27.01134682,54.70183945,Summer,2
6/19/2032,25.8599205,32.60194778,20.03616142,10.63240814,0.212387353,101.2697372,3.372262478,4.51584053,215.7350616,213.8921509,27.16478539,54.50424194,Summer,2
6/20/2032,25.99417496,32.74251175,20.16014481,10.67972565,0.199230254,101.2692871,3.378096819,4.520165443,216.1885529,214.34375,27.31552315,54.31125259,Summer,2
6/21/2032,26.12580299,32.87986755,20.28219986,10.72628403,0.186500996,101.2687378,3.384722948,4.52553463,216.6348114,214.7911835,27.46345139,54.12306595,Summer,2
6/22/2032,26.2547226,33.01394653,20.40225601,10.77207088,0.174224332,101.2680893,3.392086983,4.531879425,217.0702972,215.2309723,27.60847664,53.93986511,Summer,2
6/23/2032,26.380867,33.1446991,20.52024651,10.8170805,0.162421748,101.2673492,3.400127649,4.539122105,217.4914093,215.6595459,27.75051689,53.7618103,Summer,2
6/24/2032,26.50416946,33.27207947,20.63611031,10.86131382,0.151113421,101.2665024,3.408778667,4.547175884,217.8947296,216.07341,27.88949966,53.58905411,Summer,2
6/25/2032,26.6245842,33.39607239,20.74980736,10.90477371,0.140315875,101.2655487,3.417968273,4.555948257,218.2768707,216.4691772,28.02537155,53.42172623,Summer,2
6/26/2032,26.74207115,33.51665497,20.86128998,10.94746971,0.130043477,101.2644882,3.42761898,4.565340042,218.6346588,216.8435211,28.15808487,53.25992966,Summer,2
6/27/2032,26.85660362,33.63383865,20.97052574,10.98941898,0.120308325,101.2633133,3.437650442,4.575246811,218.9650421,217.1932831,28.28761101,53.10375977,Summer,2
6/28/2032,26.96816826,33.7476387,21.07748985,11.03063869,0.111119002,101.2620316,3.447977543,4.585558891,219.265213,217.5155029,28.41392517,52.95330048,Summer,2
6/29/2032,27.07675362,33.858078,21.18216324,11.07115459,0.102481715,101.2606277,3.45851326,4.59616375,219.5325775,217.8073578,28.53701782,52.80860901,Summer,2
6/30/2032,27.18236732,33.96520233,21.28453827,11.11099339,0.094400473,101.2591171,3.469167233,4.606944084,219.7647247,218.0663147,28.65689278,52.66973114,Summer,2
7/1/2032,27.28502083,34.06906128,21.3846035,11.15018845,0.086876139,101.2574844,3.479848623,4.617782593,219.9596558,218.2900238,28.77355194,52.53670502,Summer,2
7/2/2032,27.3847332,34.16970444,21.48236847,11.18877506,0.079907246,101.2557297,3.490465403,4.62856102,220.1155243,218.4764404,28.8870182,52.40954971,Summer,2
7/3/2032,27.48152924,34.26720428,21.57783508,11.22679138,0.073490635,101.2538681,3.500925303,4.639159203,220.230896,218.6238098,28.99731445,52.28827667,Summer,2
7/4/2032,27.57544708,34.36162949,21.67101669,11.26427746,0.067620464,101.2518845,3.511137486,4.649460316,220.3045654,218.7306824,29.10447502,52.17289734,Summer,2
7/5/2032,27.66652298,34.45305634,21.76193237,11.30127621,0.062289577,101.249794,3.521013021,4.659347534,220.3358002,218.7959137,29.20853233,52.06339264,Summer,2
7/6/2032,27.75479507,34.54155731,21.8506012,11.3378315,0.057489581,101.2475891,3.530463934,4.668708801,220.3240509,218.8187408,29.30952644,51.95976257,Summer,2
7/7/2032,27.84031296,34.62722015,21.93704605,11.3739872,0.053209301,101.245285,3.539406538,4.677435875,220.2692871,218.7987213,29.40750504,51.86198425,Summer,2
7/8/2032,27.9231205,34.71010971,22.02129364,11.40978622,0.049438469,101.2428818,3.54776001,4.685425282,220.1716919,218.7357483,29.50250626,51.77004242,Summer,2
7/9/2032,28.0032711,34.79031754,22.10336876,11.44527435,0.046164997,101.240387,3.555449963,4.692578316,220.0318604,218.630127,29.59457588,51.68391418,Summer,2
7/10/2032,28.08080482,34.86790085,22.18330383,11.48049164,0.043376587,101.2378082,3.562404633,4.698805809,219.8507538,218.4824677,29.68375969,51.60357666,Summer,2
7/11/2032,28.15576935,34.94293594,22.26112175,11.51548004,0.041061547,101.2351532,3.568559647,4.704022408,219.6296539,218.2937622,29.77009392,51.52901459,Summer,2
7/12/2032,28.22820663,35.01548004,22.33685112,11.55027676,0.03920779,101.2324295,3.573857784,4.708155632,219.3702393,218.0653839,29.85361481,51.46021271,Summer,2
7/13/2032,28.29814911,35.0855751,22.41051865,11.58491611,0.037804436,101.2296524,3.578246117,4.711137772,219.0744019,217.798996,29.93435669,51.39714813,Summer,2
7/14/2032,28.36563873,35.15327835,22.4821434,11.61943054,0.036841329,101.2268295,3.581681728,4.712913513,218.7444458,217.4966278,30.01234627,51.33982086,Summer,2
7/15/2032,28.43069267,35.21860504,22.55174446,11.65384483,0.036309317,101.2239761,3.584127903,4.713438034,218.3828888,217.1605682,30.08759308,51.28822327,Summer,2
7/16/2032,28.49334145,35.28158188,22.6193409,11.68818474,0.036201388,101.2210999,3.585556746,4.712674141,217.9925842,216.7935028,30.1601162,51.24237442,Summer,2
7/17/2032,28.55358887,35.34220886,22.68494225,11.72246361,0.036512669,101.2182236,3.58594799,4.710598469,217.5765686,216.3983002,30.2299099,51.20227814,Summer,2
7/18/2032,28.61143684,35.40047455,22.74855232,11.75669384,0.037239499,101.2153549,3.585290909,4.707197189,217.1381531,215.9781036,30.29696846,51.16796875,Summer,2
7/19/2032,28.66688538,35.45636368,22.81017303,11.79088116,0.038381368,101.2125168,3.58358264,4.702469826,216.6807861,215.5363312,30.36127281,51.13947296,Summer,2
7/20/2032,28.7199173,35.50983047,22.86980247,11.82502556,0.039940309,101.2097092,3.580829144,4.696424484,216.2080688,215.0765533,30.42279053,51.1168251,Summer,2
7/21/2032,28.77050209,35.5608139,22.92741776,11.85911846,0.041920692,101.2069626,3.577045679,4.689084053,215.7238159,214.6024628,30.48148155,51.10009384,Summer,2
7/22/2032,28.81860733,35.60924911,22.98301125,11.89314747,0.044330243,101.2042847,3.572254181,4.680478096,215.231842,214.117981,30.53728867,51.08934021,Summer,2
7/23/2032,28.86419106,35.65505219,23.03655243,11.92709064,0.047179528,101.2016907,3.566487074,4.670650482,214.7361145,213.6270752,30.59015656,51.08463287,Summer,2
7/24/2032,28.90718651,35.69811249,23.08800507,11.96092224,0.050481763,101.1991959,3.55978322,4.659654617,214.2405396,213.1337738,30.6400032,51.08605957,Summer,2
7/25/2032,28.94753456,35.73832321,23.13733482,11.99460602,0.054254115,101.1968231,3.552189827,4.647554398,213.749054,212.6421509,30.68673515,51.09371948,Summer,2
7/26/2032,28.9851532,35.77554321,23.18449402,12.02810383,0.058515798,101.1945724,3.543761969,4.634423256,213.2655487,212.1562805,30.73026466,51.10770416,Summer,2
7/27/2032,29.0199604,35.80963516,23.22942352,12.06136322,0.063289471,101.1924744,3.534559727,4.620342255,212.7938538,211.6801758,30.77047729,51.12812042,Summer,2
7/28/2032,29.0518589,35.84044266,23.27206802,12.0943346,0.068600245,101.1905212,3.524651527,4.605401993,212.3376923,211.2177734,30.80725861,51.15509796,Summer,2
7/29/2032,29.08074379,35.86779022,23.31235886,12.12695599,0.074476205,101.1887436,3.514109135,4.589699268,211.900589,210.7729187,30.84048271,51.18875885,Summer,2
7/30/2032,29.10650444,35.89150238,23.35022736,12.15916348,0.080947183,101.187149,3.503011465,4.573338985,211.4859772,210.3493042,30.87000847,51.22921753,Summer,2
7/31/2032,29.12901878,35.91139984,23.38558769,12.1908865,0.08804585,101.1857376,3.491440296,4.556430817,211.0970306,209.9503937,30.89570236,51.27661896,Summer,2
8/1/2032,29.14817047,35.92728043,23.41835976,12.22204781,0.095805958,101.1845322,3.479480982,4.539088249,210.7366638,209.5794983,30.91741753,51.33109283,Summer,2
8/2/2032,29.1638298,35.93894958,23.44846344,12.25257015,0.104263015,101.1835327,3.467222452,4.521430969,210.407608,209.2396698,30.93499756,51.39276886,Summer,2
8/3/2032,29.17586517,35.94620895,23.47579956,12.28236771,0.113453552,101.1827469,3.454754829,4.503577232,210.1122742,208.9336395,30.94829369,51.4617691,Summer,2
8/4/2032,29.18414497,35.94885635,23.50028229,12.31135559,0.123414516,101.1821747,3.442170143,4.485651016,209.8527374,208.6639252,30.95715141,51.53823471,Summer,2
8/5/2032,29.18853569,35.94668579,23.52181053,12.33944702,0.134182796,101.181839,3.429559469,4.467773438,209.6307831,208.432663,30.96142006,51.62228394,Summer,2
8/6/2032,29.18890762,35.93951035,23.54029274,12.36655045,0.145795748,101.1817169,3.417014599,4.450066566,209.4478912,208.2416534,30.96094131,51.71401978,Summer,2
8/7/2032,29.18513107,35.92713165,23.55563164,12.39257431,0.158288673,101.1818314,3.404625893,4.43265152,209.3050995,208.092392,30.95557404,51.81356049,Summer,2
8/8/2032,29.17708588,35.90937424,23.56773567,12.41742802,0.171696484,101.1821671,3.392480373,4.415645123,209.2032013,207.9859314,30.94516563,51.92100143,Summer,2
8/9/2032,29.16464615,35.88605881,23.57650948,12.44102287,0.186051905,101.1827316,3.380663872,4.399160385,209.1424866,207.9230042,30.92959595,52.0364151,Summer,2
8/10/2032,29.14770126,35.85702896,23.5818615,12.46326828,0.201384723,101.1835175,3.369257212,4.383306026,209.1230621,207.9039307,30.90872383,52.15988159,Summer,2
8/11/2032,29.12615585,35.82213593,23.58371162,12.48407841,0.217722461,101.1845245,3.358337402,4.368185997,209.1444855,207.9286652,30.88244247,52.29143524,Summer,2
8/12/2032,29.09990692,35.78125,23.58197784,12.50336742,0.235088959,101.1857452,3.347976923,4.353895187,209.2060699,207.9967499,30.85064316,52.43112946,Summer,2
8/13/2032,29.06887627,35.73425674,23.57658195,12.52105808,0.25350368,101.1871796,3.3382411,4.340524673,209.3067169,208.1073303,30.81323433,52.57896423,Summer,2
8/14/2032,29.03299713,35.68107224,23.56746292,12.53707314,0.272982329,101.1888046,3.329190969,4.32815361,209.4450226,208.2592163,30.77014351,52.73493576,Summer,2
8/15/2032,28.9922123,35.62162018,23.5545578,12.5513401,0.293534726,101.1906281,3.320878744,4.316853046,209.6192322,208.4508209,30.72130585,52.89901352,Summer,2
8/16/2032,28.94648361,35.5558548,23.53780937,12.56379414,0.315165907,101.192627,3.313351393,4.306686401,209.8273468,208.6802368,30.66667938,53.0711441,Summer,2
8/17/2032,28.89578819,35.48375702,23.51718521,12.57437801,0.337875485,101.1948013,3.306646585,4.29770565,210.0669556,208.9451904,30.60624313,53.25125122,Summer,2
8/18/2032,28.8401165,35.40532684,23.49264908,12.58303642,0.361656129,101.1971359,3.300795317,4.289952278,210.3354645,209.2431335,30.53998947,53.43923187,Summer,2
8/19/2032,28.77947617,35.3205986,23.46417999,12.58972454,0.386494309,101.1996231,3.295820475,4.283457756,210.6300812,209.571228,30.46793747,53.63495636,Summer,2
8/20/2032,28.71390152,35.2296257,23.43176842,12.59440422,0.412369996,101.2022476,3.291735411,4.278241634,210.9476624,209.9263306,30.39011955,53.83827209,Summer,2
8/21/2032,28.64344025,35.13249207,23.39541435,12.5970459,0.43925631,101.2050018,3.288547039,4.274313927,211.2850494,210.30513,30.30659485,54.04898834,Summer,2
8/22/2032,28.5681572,35.02931976,23.35513306,12.59762764,0.467118889,101.2078705,3.28625226,4.271672249,211.6388092,210.7041016,30.21743965,54.26690292,Summer,2
8/23/2032,28.4881382,34.92023849,23.31094933,12.59613323,0.495916754,101.2108383,3.284841299,4.270304203,212.0054779,211.1195221,30.12275314,54.49177933,Summer,2
8/24/2032,28.40348625,34.80542374,23.26290321,12.59255791,0.525601268,101.2138977,3.284295082,4.270185471,212.3814087,211.5475922,30.02266312,54.72335815,Summer,2
8/25/2032,28.31432915,34.68506622,23.2110424,12.58690643,0.556117237,101.217041,3.284586906,4.27128458,212.7630463,211.9844055,29.91730499,54.96133804,Summer,2
8/26/2032,28.22080421,34.55939102,23.15543365,12.57918644,0.587402105,101.220253,3.285684109,4.273554802,213.146698,212.4259796,29.80684471,55.20542145,Summer,2
8/27/2032,28.12306786,34.42864227,23.09614944,12.56941891,0.619386494,101.2235184,3.287544966,4.276945114,213.528717,212.8683319,29.69146729,55.45526123,Summer,2
8/28/2032,28.02130508,34.29309082,23.03327751,12.55763054,0.651994288,101.2268372,3.290122271,4.281392097,213.9055939,213.3075256,29.57137108,55.710495,Summer,2
8/29/2032,27.91570282,34.1530304,22.96691704,12.54385471,0.685143888,101.2301865,3.293363094,4.286826134,214.2738037,213.7396088,29.44677544,55.97074127,Summer,2
8/30/2032,27.80646896,34.0087738,22.89717484,12.5281353,0.71874702,101.2335739,3.297207832,4.293170452,214.6300659,214.1608276,29.31791687,56.23560333,Summer,2
8/31/2032,27.69381905,33.86064911,22.82417297,12.51051903,0.752710402,101.2369766,3.301592827,4.300339699,214.9711456,214.5675201,29.18505287,56.50465393,Summer,2
9/1/2032,27.57799149,33.70901108,22.74804306,12.49106216,0.786935627,101.2404022,3.306450129,4.308243752,215.2940826,214.9561768,29.04844093,56.77745819,Autumn,3
9/2/2032,27.45923233,33.55422211,22.6689167,12.46982479,0.821319997,101.2438354,3.311708689,4.316789627,215.5960693,215.3235168,28.90836334,57.05356598,Autumn,3
9/3/2032,27.33778572,33.39665222,22.58694458,12.44687271,0.855757117,101.2472687,3.317294121,4.325878143,215.8746185,215.6664734,28.7651062,57.3325119,Autumn,3
9/4/2032,27.21392059,33.23668289,22.50227737,12.42227554,0.890137672,101.2507019,3.323130608,4.335407734,216.1274261,215.9822693,28.61896515,57.61381531,Autumn,3
9/5/2032,27.08789253,33.07470703,22.41507149,12.39610767,0.924349546,101.2541351,3.329141378,4.345276833,216.3525391,216.2684021,28.47024155,57.89699554,Autumn,3
9/6/2032,26.9599762,32.91111374,22.32549286,12.36844635,0.958279192,101.2575607,3.335248709,4.355381012,216.5483246,216.5226746,28.31924248,58.18156433,Autumn,3
9/7/2032,26.8304348,32.74629593,22.23370552,12.33936977,0.991812468,101.2609863,3.341376543,4.365617752,216.7134247,216.7432861,28.16627884,58.46702576,Autumn,3
9/8/2032,26.69955063,32.58065033,22.13987541,12.30895805,1.024834633,101.2643967,3.347448349,4.375885963,216.8468628,216.9287415,28.01165771,58.75289917,Autumn,3
9/9/2032,26.56757927,32.41454697,22.04417992,12.27729416,1.057232141,101.2677994,3.353391647,4.38608551,216.9479828,217.0778961,27.85568237,59.0386734,Autumn,3
9/10/2032,26.43478584,32.24837494,21.94678116,12.24445724,1.088892937,101.2712021,3.359135389,4.396122456,217.0165405,217.1900787,27.69865608,59.32388306,Autumn,3
9/11/2032,26.30142975,32.08249283,21.84784698,12.21052742,1.11970675,101.2745972,3.364612818,4.405905724,217.0525513,217.2649078,27.54087448,59.60803223,Autumn,3
9/12/2032,26.16775703,31.91725159,21.74754524,12.17558098,1.149567604,101.2779846,3.369761467,4.41534853,217.0565186,217.3024292,27.38262367,59.89066315,Autumn,3
9/13/2032,26.03400421,31.752985,21.64603233,12.13969517,1.178372741,101.2813797,3.37452364,4.424372196,217.0291595,217.3031464,27.22418022,60.1713028,Autumn,3
9/14/2032,25.90039635,31.59000587,21.54346657,12.10294151,1.206024289,101.2847748,3.378847361,4.43290472,216.9716644,217.2678223,27.06580162,60.44952393,Autumn,3
9/15/2032,25.76714134,31.42860794,21.4399929,12.06538582,1.232430339,101.2881775,3.382686377,4.440882206,216.8854675,217.1977386,26.90773582,60.72488403,Autumn,3
9/16/2032,25.63444138,31.26905441,21.3357563,12.02709103,1.257504702,101.2915878,3.386001348,4.448248386,216.7723236,217.0944824,26.75021744,60.99697113,Autumn,3
9/17/2032,25.5024662,31.11158943,21.23088646,11.98811531,1.281168818,101.2950058,3.388759613,4.454956055,216.6343842,216.9599762,26.59346008,61.26541138,Autumn,3
9/18/2032,25.37137794,30.95642281,21.12550735,11.94851017,1.303351283,101.2984467,3.390936375,4.460968018,216.473999,216.7965393,26.43765259,61.52981567,Autumn,3
9/19/2032,25.24131966,30.80373573,21.0197258,11.90831947,1.323989034,101.3019028,3.392514467,4.466257095,216.2938232,216.606781,26.28296852,61.78984833,Autumn,3
9/20/2032,25.11240578,30.65367699,20.91365051,11.86758232,1.343027472,101.3053818,3.393483639,4.470806122,216.0966797,216.3936005,26.12955856,62.04518127,Autumn,3
9/21/2032,24.98473358,30.50637054,20.8073597,11.82632923,1.360421777,101.3088837,3.393842697,4.474606991,215.8857422,216.1601257,25.9775486,62.29553223,Autumn,3
9/22/2032,24.85837746,30.36189079,20.70093536,11.78458214,1.376136065,101.3124008,3.393597603,4.477664948,215.6641846,215.9098358,25.82704163,62.54063416,Autumn,3
9/23/2032,24.73339081,30.22029495,20.59443665,11.74235821,1.390144825,101.3159485,3.392762899,4.479991913,215.4354706,215.646286,25.67811966,62.78023529,Autumn,3
9/24/2032,24.60979843,30.08159447,20.48791313,11.69966221,1.402432084,101.319519,3.391359806,4.481612206,215.203125,215.3733063,25.53083229,63.0141449,Autumn,3
9/25/2032,24.48760796,29.94577408,20.38139915,11.656497,1.412992597,101.3231125,3.38941884,4.482561111,214.9707184,215.0947723,25.38520813,63.24215698,Autumn,3
9/26/2032,24.3667984,29.81277275,20.2749157,11.6128521,1.42183125,101.3267288,3.386976719,4.482881546,214.7419739,214.8147278,25.24125671,63.46414948,Autumn,3
9/27/2032,24.24733162,29.68250656,20.16846657,11.56871319,1.428963423,101.3303528,3.384077311,4.482625961,214.5205078,214.5372314,25.09895325,63.67998505,Autumn,3
9/28/2032,24.12914085,29.55485725,20.06204414,11.52405739,1.434414148,101.3339996,3.38077116,4.4818573,214.3100281,214.2664185,24.95825577,63.88957977,Autumn,3
9/29/2032,24.01214218,29.42967033,19.95563316,11.47885227,1.43821919,101.3376465,3.377115488,4.480643272,214.1140594,214.0063477,24.81909752,64.09286499,Autumn,3
9/30/2032,23.89622879,29.30676651,19.84919357,11.43306446,1.440423489,101.3412933,3.373171329,4.47906208,213.936203,213.7610474,24.68138695,64.28982544,Autumn,3
10/1/2032,23.7812767,29.18593216,19.7426815,11.38664913,1.441081643,101.3449326,3.369006872,4.477197647,213.7798004,213.5344696,24.54501724,64.4804306,Autumn,3
10/2/2032,23.66714287,29.06693268,19.63603592,11.33955765,1.440257192,101.3485565,3.364692688,4.475138664,213.6480865,213.3304291,24.4098568,64.66471863,Autumn,3
10/3/2032,23.55366516,28.94950867,19.52919006,11.29173756,1.438022256,101.3521576,3.360304117,4.472979546,213.5441437,213.1525726,24.27576065,64.84274292,Autumn,3
10/4/2032,23.44066811,28.83337402,19.42206001,11.24312878,1.434456348,101.3557129,3.355918884,4.47081852,213.4707336,213.0043335,24.14256096,65.01457977,Autumn,3
10/5/2032,23.32796288,28.7182312,19.31455994,11.19367313,1.429646611,101.3592224,3.351616621,4.468757153,213.4305573,212.8889313,24.01007843,65.18030548,Autumn,3
10/6/2032,23.2153492,28.60375977,19.20659065,11.14330387,1.423686862,101.3626709,3.347479105,4.466897964,213.4258881,212.8093719,23.87812424,65.340065,Autumn,3
10/7/2032,23.10262108,28.48963165,19.09804726,11.09195709,1.416676283,101.3660431,3.34358716,4.465345383,213.4588318,212.7682648,23.7464962,65.49399567,Autumn,3
10/8/2032,22.98955727,28.37550735,18.98881912,11.03956509,1.408719301,101.3693314,3.340022802,4.464202881,213.5310974,212.7680054,23.6149807,65.64224243,Autumn,3
10/9/2032,22.87593651,28.26103401,18.87879372,10.9860611,1.399924159,101.3725128,3.336865425,4.463573456,213.6441803,212.8105927,23.48336411,65.78499603,Autumn,3
10/10/2032,22.76153564,28.14586639,18.76784897,10.93137932,1.390402555,101.3755722,3.334194183,4.46355629,213.7991028,212.8977203,23.35142517,65.9224472,Autumn,3
10/11/2032,22.64613152,28.02964783,18.65587044,10.8754549,1.380268693,101.3785095,3.332083702,4.464249134,213.9967346,213.0306702,23.21894073,66.05479431,Autumn,3
10/12/2032,22.52949715,27.91203499,18.54273033,10.81822681,1.369637609,101.3812866,3.330606699,4.465744972,214.2374268,213.2103729,23.08569145,66.18226624,Autumn,3
10/13/2032,22.41141319,27.79268074,18.42831802,10.75963688,1.358625174,101.3839111,3.329830647,4.468130112,214.5212708,213.4373627,22.95145607,66.30508423,Autumn,3
10/14/2032,22.29167175,27.67125702,18.31251335,10.69963169,1.347346902,101.3863602,3.329818726,4.471487999,214.8479919,213.7117615,22.81602478,66.42347717,Autumn,3
10/15/2032,22.17006874,27.54744339,18.19520187,10.63816261,1.3359164,101.3886185,3.330627918,4.475891113,215.2169495,214.0333557,22.6791935,66.53769684,Autumn,3
10/16/2032,22.04640388,27.42093658,18.0762825,10.57518864,1.324445724,101.3906784,3.332309484,4.481406212,215.6271973,214.4014435,22.54076576,66.64797974,Autumn,3
10/17/2032,21.92050362,27.29145432,17.95565414,10.51067352,1.313042998,101.3925247,3.334908485,4.488092422,216.0774384,214.8150635,22.40055847,66.75457764,Autumn,3
10/18/2032,21.792202,27.15873146,17.83321953,10.44459152,1.30181241,101.3941498,3.338461637,4.495997429,216.56604,215.2727356,22.25840187,66.85773468,Autumn,3
10/19/2032,21.66134834,27.0225296,17.70890427,10.37692356,1.290853739,101.395546,3.342998981,4.505161285,217.0911255,215.7727661,22.11414528,66.95769501,Autumn,3
10/20/2032,21.52781487,26.88264275,17.58263206,10.3076601,1.280260444,101.3967056,3.348543167,4.515613556,217.6504974,216.3130188,21.96765518,67.05470276,Autumn,3
10/21/2032,21.39148712,26.73888016,17.4543438,10.23680019,1.270120382,101.3976212,3.355106592,4.52737236,218.2416534,216.8910828,21.81881332,67.14899445,Autumn,3
10/22/2032,21.25228119,26.59109879,17.32399368,10.16435623,1.260513663,101.3982925,3.362696171,4.540445328,218.861969,217.5041809,21.66752243,67.24080658,Autumn,3
10/23/2032,21.1101284,26.43917084,17.19154549,10.09034348,1.251513481,101.3987198,3.37130785,4.554829597,219.5084991,218.1493378,21.51371002,67.33035278,Autumn,3
10/24/2032,20.9649868,26.28302002,17.05698204,10.01479721,1.243184209,101.3988953,3.380930185,4.570512772,220.1781464,218.8233185,21.35732651,67.41785431,Autumn,3
10/25/2032,20.8168354,26.12259102,16.92029762,9.937756538,1.23558259,101.3988342,3.391543627,4.587468147,220.8676758,219.522644,21.19834518,67.50351715,Autumn,3
10/26/2032,20.66568184,25.95787239,16.78150749,9.859273911,1.228755713,101.3985367,3.403119087,4.605661392,221.5737,220.2436371,21.03676224,67.58753204,Autumn,3
10/27/2032,20.51156235,25.78888512,16.64063454,9.779414177,1.222741604,101.3980103,3.415620804,4.625045776,222.2927551,220.9824982,20.87259483,67.67008972,Autumn,3
10/28/2032,20.35452652,25.61569023,16.49772263,9.698248863,1.21756959,101.3972702,3.429004192,4.645565033,223.0213013,221.7353516,20.70589256,67.75135803,Autumn,3
10/29/2032,20.194664,25.43837929,16.3528347,9.6158638,1.213258862,101.3963318,3.443217516,4.667153358,223.7557831,222.4981232,20.53672791,67.83150482,Autumn,3
10/30/2032,20.0320797,25.2570858,16.20604324,9.532354355,1.209819436,101.3952026,3.458202362,4.689734936,224.492569,223.2668304,20.36519432,67.91067505,Autumn,3
10/31/2032,19.8669014,25.07197571,16.05744553,9.447824478,1.207252145,101.3939056,3.473892689,4.713226318,225.228241,224.0374146,20.19140816,67.98899078,Autumn,3
11/1/2032,19.69929314,24.88324738,15.90714264,9.36238575,1.205548525,101.3924637,3.490217447,4.73753643,225.9592133,224.8058624,20.01551437,68.06659698,Autumn,3
11/2/2032,19.52943039,24.69113541,15.75526524,9.276162148,1.204691052,101.3908997,3.507099152,4.762565136,226.6821594,225.5681763,19.83767319,68.14357758,Autumn,3
11/3/2032,19.35750961,24.49590302,15.60194778,9.189285278,1.204653978,101.3892365,3.524456978,4.788207531,227.3937988,226.3205414,19.65807152,68.220047,Autumn,3
11/4/2032,19.18375778,24.29784393,15.44734287,9.101890564,1.205402851,101.3875046,3.542203903,4.814352989,228.0910187,227.0592499,19.47691727,68.29608154,Autumn,3
11/5/2032,19.00841141,24.09727669,15.29161835,9.014122963,1.206895947,101.3857346,3.560251951,4.840886116,228.7709198,227.7807312,19.29442787,68.37175751,Autumn,3
11/6/2032,18.8317318,23.89454651,15.13494873,8.926133156,1.209084511,101.3839569,3.578508854,4.867688179,229.4306946,228.4816132,19.11084747,68.4471283,Autumn,3
11/7/2032,18.65398788,23.6900177,14.97752666,8.838075638,1.21191287,101.3822098,3.596880674,4.894637585,230.0679169,229.1587982,18.92642784,68.52224731,Autumn,3
11/8/2032,18.47546577,23.48408127,14.81955147,8.750105858,1.215319991,101.3805161,3.615273237,4.921611786,230.6802521,229.8094177,18.74143791,68.59716034,Autumn,3
11/9/2032,18.29646683,23.27713394,14.66122913,8.662386894,1.219239593,101.3789215,3.633591175,4.948487282,231.2657471,230.4308777,18.55615807,68.67188263,Autumn,3
11/10/2032,18.11729813,23.06959343,14.5027771,8.575079918,1.223600745,101.3774567,3.651740551,4.975141525,231.8225861,231.0208435,18.3708725,68.7464447,Autumn,3
11/11/2032,17.93827057,22.86188698,14.34441662,8.488349915,1.228329778,101.3761673,3.669627905,5.0014534,232.3493805,231.5773468,18.18587875,68.82086182,Autumn,3
11/12/2032,17.75970078,22.65444565,14.18637562,8.402355194,1.233349442,101.3750763,3.687162399,5.027304649,232.8449707,232.0987396,18.00147057,68.89513397,Autumn,3
11/13/2032,17.58191872,22.44770241,14.02888107,8.317258835,1.238581657,101.3742294,3.704257011,5.05257988,233.3084412,232.5836792,17.81795502,68.96926117,Autumn,3
11/14/2032,17.40524292,22.24210167,13.87216759,8.233218193,1.243946791,101.3736649,3.720826149,5.077167511,233.7393036,233.0312195,17.63563156,69.04323578,Autumn,3
11/15/2032,17.22999001,22.03807259,13.716465,8.15038681,1.24936533,101.3734131,3.736790657,5.100963593,234.1372375,233.4407349,17.45479965,69.11705017,Autumn,3
11/16/2032,17.05647278,21.8360405,13.56200409,8.06891346,1.254758596,101.3735123,3.752074957,5.123868942,234.5023651,233.8119812,17.27575302,69.19069672,Autumn,3
11/17/2032,16.88500977,21.63642693,13.40901184,7.988941193,1.260049701,101.3739929,3.766609669,5.145792961,234.8349762,234.1450195,17.09878159,69.2641449,Autumn,3
11/18/2032,16.71589088,21.43964005,13.25771141,7.910607338,1.265163541,101.3748856,3.780331373,5.166650772,235.1357117,234.4403229,16.92416573,69.33739471,Autumn,3
11/19/2032,16.54940796,21.24606705,13.10832024,7.834039688,1.270029306,101.3762207,3.793183088,5.186366081,235.4054718,234.6986389,16.75217438,69.41039276,Autumn,3
11/20/2032,16.38583565,21.05608177,12.96104908,7.759358406,1.274579883,101.3780212,3.805115938,5.204873085,235.645462,234.9210663,16.58306503,69.4831543,Autumn,3
11/21/2032,16.22543716,20.87003708,12.81609535,7.686673164,1.278752446,101.3803177,3.816086531,5.222115517,235.8570251,235.1090546,16.41708183,69.55564117,Autumn,3
11/22/2032,16.06845093,20.68826485,12.6736536,7.616085052,1.282490253,101.3831253,3.826060295,5.238045692,236.0418701,235.2642822,16.25444984,69.62782288,Autumn,3
11/23/2032,15.91510487,20.51106644,12.53390408,7.547684193,1.285742044,101.3864594,3.835011244,5.252625465,236.2017975,235.3887482,16.09538269,69.6996994,Autumn,3
11/24/2032,15.76560497,20.33872032,12.39700985,7.481548309,1.288463354,101.3903351,3.842919827,5.26583004,236.3388519,235.4846649,15.9400692,69.77124786,Autumn,3
11/25/2032,15.62013531,20.17147255,12.2631321,7.417744637,1.290616274,101.3947678,3.849776506,5.277643204,236.4552155,235.5544891,15.78868484,69.84243011,Autumn,3
11/26/2032,15.47885895,20.00954437,12.13240719,7.356328011,1.292171121,101.3997574,3.855577707,5.288058281,236.5532379,235.6008911,15.6413765,69.91326141,Autumn,3
11/27/2032,15.34191513,19.85312271,12.00496101,7.297341824,1.293105245,101.405304,3.860330582,5.29708004,236.635376,235.6266785,15.49827957,69.98371124,Autumn,3
11/28/2032,15.20942116,19.70235634,11.8809042,7.240815163,1.293403864,101.4114151,3.864047289,5.304725647,236.7041168,235.6348419,15.35950089,70.05377197,Autumn,3
11/29/2032,15.08146667,19.55736923,11.76033115,7.186765671,1.293060541,101.4180756,3.86675024,5.311018944,236.762085,235.6284027,15.22512436,70.12343597,Autumn,3
11/30/2032,14.9581213,19.41824913,11.64331627,7.135198593,1.292076588,101.4252777,3.868468761,5.315995216,236.8118744,235.6105652,15.09521675,70.19269562,Autumn,3
12/1/2032,14.83942699,19.28504944,11.52992439,7.086108208,1.290461898,101.4329987,3.869237661,5.319699287,236.8560944,235.5844727,14.96981812,70.2615509,Winter,0
12/2/2032,14.72540569,19.15779305,11.42019653,7.039473534,1.288233876,101.4412231,3.869101048,5.322184563,236.8973846,235.5533752,14.84894753,70.33000183,Winter,0
12/3/2032,14.61604786,19.0364666,11.31415844,6.995263577,1.285417557,101.4499283,3.86810708,5.323511124,236.9382477,235.5204163,14.73260307,70.39804077,Winter,0
12/4/2032,14.51132584,18.92102814,11.21182442,6.953438282,1.282046199,101.4590836,3.866311312,5.323749542,236.9812164,235.4887543,14.62075996,70.46566772,Winter,0
12/5/2032,14.41119289,18.81140137,11.11318493,6.913942337,1.278159142,101.4686584,3.863772869,5.322976112,237.0286255,235.461441,14.51337433,70.53289032,Winter,0
12/6/2032,14.31556892,18.7074852,11.01821899,6.87671566,1.273803234,101.4786148,3.860557318,5.321270943,237.0827484,235.4414215,14.41037941,70.59970856,Winter,0
12/7/2032,14.22436714,18.60914803,10.92688656,6.841683388,1.269031286,101.4889069,3.856733561,5.318722725,237.1456757,235.4314728,14.31169891,70.66612244,Winter,0
12/8/2032,14.1374712,18.51622963,10.83913708,6.808764458,1.263901472,101.4994965,3.852372885,5.315423012,237.2194061,235.4342651,14.21722984,70.73213196,Winter,0
12/9/2032,14.0547514,18.42855072,10.75490475,6.777871132,1.258476853,101.5103378,3.847551346,5.311467171,237.3056641,235.45224,14.12685394,70.79774475,Winter,0
12/10/2032,13.97605896,18.3459034,10.67410564,6.748907089,1.252825618,101.5213699,3.842344761,5.306954384,237.4060974,235.4875946,14.04044342,70.86295319,Winter,0
12/11/2032,13.90123177,18.26807022,10.59665012,6.721768379,1.247018576,101.5325546,3.83683157,5.301985741,237.5220184,235.5423431,13.95785713,70.927742,Winter,0
12/12/2032,13.83009338,18.19480515,10.52243423,6.696347713,1.241129875,101.5438232,3.831089973,5.29665947,237.6545715,235.6182709,13.87894058,70.99213409,Winter,0
12/13/2032,13.76246071,18.12585449,10.45134354,6.672534943,1.235235691,101.5551224,3.825199604,5.291080475,237.8047333,235.7167969,13.80352688,71.05610657,Winter,0
12/14/2032,13.69813442,18.06095314,10.3832531,6.650213242,1.229412913,101.5664063,3.819237947,5.285346031,237.9731293,235.8391876,13.73144913,71.11963654,Winter,0
12/15/2032,13.63691139,17.9998188,10.31803322,6.629266262,1.223739862,101.5775986,3.813281536,5.279557228,238.1602783,235.9863586,13.66252518,71.182724,Winter,0
12/16/2032,13.57858276,17.9421711,10.25554943,6.609574795,1.218293548,101.5886459,3.807404518,5.273809433,238.3663635,236.158905,13.59657669,71.24533844,Winter,0
12/17/2032,13.52293777,17.88772202,10.19565487,6.591020584,1.213149667,101.5994873,3.801678181,5.268196106,238.5913849,236.357193,13.53341866,71.3074646,Winter,0
12/18/2032,13.46975803,17.83617973,10.13820362,6.573485851,1.208382487,101.6100616,3.796172142,5.262806892,238.8350067,236.5812683,13.47286797,71.3690567,Winter,0
12/19/2032,13.41883278,17.78726006,10.08304977,6.556854248,1.204062819,101.6203156,3.790949345,5.257724762,239.0968475,236.8308563,13.41474152,71.43009949,Winter,0
12/20/2032,13.36995316,17.74067879,10.03003693,6.541010857,1.200257778,101.630188,3.786071062,5.253029823,239.3761597,237.1054077,13.35885429,71.49053955,Winter,0
12/21/2032,13.32290649,17.69615555,9.979020119,6.525846481,1.197030783,101.6396255,3.781593323,5.248795509,239.6719666,237.4041138,13.30503464,71.55033875,Winter,0
12/22/2032,13.27749538,17.65342903,9.92984581,6.511255264,1.194439173,101.6485672,3.777565479,5.245087624,239.9832306,237.7258911,13.25311375,71.60943604,Winter,0
12/23/2032,13.23352623,17.61223412,9.88236618,6.49713707,1.192535281,101.6569672,3.774033308,5.24196434,240.308609,238.0693817,13.20292377,71.66779327,Winter,0
12/24/2032,13.19081402,17.57233429,9.836443901,6.48339653,1.191364884,101.6647797,3.771034718,5.239480972,240.6466827,238.4329987,13.15431499,71.72532654,Winter,0
12/25/2032,13.14918804,17.53350067,9.79193306,6.469944,1.190966725,101.6719589,3.768603325,5.237679482,240.9957886,238.8149567,13.1071434,71.78199005,Winter,0
12/26/2032,13.10848045,17.49551773,9.748703957,6.456701279,1.191372275,101.6784515,3.766767025,5.236598015,241.3542023,239.2132263,13.06127548,71.83769226,Winter,0
12/27/2032,13.06855106,17.45819855,9.706629753,6.443593025,1.192605734,101.6842422,3.765544891,5.236265182,241.7200623,239.6256409,13.01659107,71.89237976,Winter,0
12/28/2032,13.02925873,17.42136955,9.665592194,6.430553436,1.194682598,101.6892776,3.76495266,5.236701965,242.0914154,240.0498352,12.97298241,71.94595337,Winter,0
12/29/2032,12.99049187,17.38488007,9.625482559,6.417526722,1.197610497,101.6935425,3.764997005,5.237919807,242.466217,240.4833679,12.93035412,71.99833679,Winter,0
12/30/2032,12.95214272,17.34860229,9.586195946,6.404462814,1.201388717,101.6970139,3.765680075,5.239925385,242.842392,240.9236603,12.88862991,72.04943848,Winter,0
12/31/2032,12.9141283,17.31243324,9.547641754,6.39132309,1.206007838,101.6996689,3.766998291,5.242712975,243.2179108,241.3680267,12.84773827,72.09918213,Winter,0
1/1/2033,12.87637806,17.27628708,9.50974369,6.378076077,1.2114501,101.7014923,3.76894021,5.246273994,243.5905762,241.8137817,12.80763245,72.14746094,Winter,0
1/2/2033,12.83883953,17.24010658,9.472426414,6.364700317,1.217689276,101.7024841,3.771490812,5.250588417,243.9583282,242.2581635,12.7682724,72.19419861,Winter,0
1/3/2033,12.80147839,17.20386124,9.435630798,6.35118103,1.224691153,101.7026443,3.774627686,5.255632401,244.3191071,242.6984558,12.72964096,72.2392807,Winter,0
1/4/2033,12.76427746,17.16753387,9.399310112,6.337515354,1.232413292,101.701973,3.778324842,5.261372566,244.6709442,243.131958,12.69172192,72.28263855,Winter,0
1/5/2033,12.72723484,17.13113976,9.363428116,6.323707581,1.240805984,101.7004776,3.782550097,5.267772675,245.0118408,243.5559845,12.65453148,72.32415771,Winter,0
1/6/2033,12.69036484,17.0947113,9.327954292,6.309767723,1.249812007,101.6981735,3.787268877,5.274787903,245.3400421,243.9679565,12.61808205,72.3637619,Winter,0
1/7/2033,12.65370274,17.05831146,9.292880058,6.295717239,1.259367585,101.6950836,3.792441368,5.282369614,245.6537476,244.365448,12.58240509,72.40135193,Winter,0
1/8/2033,12.61729145,17.02200699,9.258195877,6.281581879,1.269402981,101.6912308,3.798023701,5.290465355,245.9514008,244.7460175,12.5475502,72.43685913,Winter,0
1/9/2033,12.58119392,16.98589897,9.223910332,6.267395973,1.279842377,101.6866455,3.803970814,5.299016953,246.2315369,245.1075287,12.51356792,72.4701767,Winter,0
1/10/2033,12.54548264,16.95009613,9.190040588,6.253198624,1.290606141,101.6813583,3.810233355,5.307963371,246.4927673,245.4479065,12.48052406,72.50125122,Winter,0
1/11/2033,12.51024532,16.91473961,9.156612396,6.23903513,1.301609039,101.675415,3.816761732,5.317242622,246.7340393,245.7652588,12.44849396,72.52999878,Winter,0
1/12/2033,12.4755764,16.87996101,9.123659134,6.224956512,1.312763572,101.6688614,3.823503733,5.326788902,246.9542694,246.0579376,12.41755486,72.55635071,Winter,0
1/13/2033,12.44158745,16.84592628,9.09122467,6.211016178,1.323979139,101.6617355,3.830405951,5.336536407,247.1527252,246.3244781,12.38779926,72.58024597,Winter,0
1/14/2033,12.40839195,16.81279755,9.059363365,6.197273254,1.335163236,101.6540909,3.837415695,5.346417427,247.3286896,246.5636292,12.3593235,72.60163879,Winter,0
1/15/2033,12.3761158,16.7807579,9.028130531,6.183787823,1.346222758,101.6459808,3.844479322,5.356363297,247.4817657,246.7743378,12.33222389,72.62047577,Winter,0
1/16/2033,12.34488392,16.74998856,8.997587204,6.170623779,1.357064128,101.6374664,3.851543903,5.366309166,247.6116028,246.9558716,12.30660248,72.63671875,Winter,0
1/17/2033,12.31483269,16.72067833,8.967810631,6.157842636,1.367594481,101.6285934,3.858558893,5.376189232,247.7181854,247.1076508,12.28255939,72.65032959,Winter,0
1/18/2033,12.28609943,16.6930275,8.938871384,6.145511627,1.377722859,101.6194305,3.865472555,5.385937691,247.8015442,247.2293396,12.26019955,72.66129303,Winter,0
1/19/2033,12.25881958,16.66722488,8.910844803,6.133694649,1.387360215,101.6100388,3.872237206,5.395494461,247.8619537,247.3208618,12.2396307,72.66957855,Winter,0
1/20/2033,12.23313141,16.64346695,8.883814812,6.122454643,1.396420598,101.6004715,3.878806829,5.404800415,247.8997955,247.3824005,12.22095108,72.67519379,Winter,0
1/21/2033,12.20916939,16.62194252,8.857861519,6.111854553,1.404822707,101.5907974,3.885137558,5.413799286,247.9156036,247.4142609,12.20425701,72.67812347,Winter,0
1/22/2033,12.18707657,16.60283661,8.83306694,6.101953983,1.412489295,101.5810699,3.891188145,5.422438622,247.9101563,247.4170837,12.18964386,72.6783905,Winter,0
1/23/2033,12.16697216,16.58633614,8.809518814,6.092810154,1.41934824,101.5713577,3.89692235,5.430669785,247.8842316,247.3916168,12.17720413,72.67599487,Winter,0
1/24/2033,12.14898682,16.57260704,8.787294388,6.084476948,1.425334454,101.5617142,3.902305365,5.438448906,247.8388367,247.3388672,12.16701508,72.6709671,Winter,0
1/25/2033,12.13323784,16.56181335,8.766477585,6.07700491,1.430388331,101.5521851,3.90730691,5.445737839,247.7749939,247.2600098,12.15915966,72.66333008,Winter,0
1/26/2033,12.11983871,16.55410957,8.747145653,6.070438862,1.434457779,101.5428467,3.911900759,5.45249939,247.6938934,247.1563416,12.15370274,72.65312195,Winter,0
1/27/2033,12.10889053,16.54963112,8.729377747,6.06482029,1.43749845,101.5337296,3.91606307,5.458703995,247.596756,247.0293579,12.15070534,72.64038849,Winter,0
1/28/2033,12.10048771,16.5485096,8.713242531,6.060185432,1.439473867,101.5248871,3.919776201,5.464326859,247.4848328,246.8806305,12.15022087,72.62516785,Winter,0
1/29/2033,12.09471512,16.55085373,8.698807716,6.056564808,1.440355539,101.5163727,3.923024178,5.469347954,247.3595276,246.7118988,12.15229225,72.60751343,Winter,0
1/30/2033,12.09164906,16.55676079,8.686136246,6.053982735,1.440123558,101.5082169,3.925796509,5.473752022,247.2221527,246.5249023,12.15695381,72.58748627,Winter,0
1/31/2033,12.09134865,16.56631279,8.675287247,6.052457809,1.438767314,101.5004654,3.928086519,5.477528572,247.0741119,246.321579,12.16422749,72.56513977,Winter,0
2/1/2033,12.09386826,16.57957649,8.666313171,6.052004814,1.436283588,101.4931335,3.929890871,5.480670929,246.9167633,246.103775,12.17412758,72.54053497,Winter,0
2/2/2033,12.09924698,16.59659767,8.659258842,6.052631378,1.432679415,101.4862671,3.931210041,5.483179092,246.7514343,245.8734436,12.18666649,72.51374054,Winter,0
2/3/2033,12.10751534,16.61741066,8.654165268,6.054339409,1.427969217,101.4798737,3.932047129,5.485055923,246.5794525,245.6325531,12.20183182,72.48480988,Winter,0
2/4/2033,12.11869049,16.64202881,8.651063919,6.057123184,1.422176123,101.4739761,3.932410479,5.486309052,246.4020996,245.3830109,12.21961403,72.45381165,Winter,0
2/5/2033,12.1327734,16.67045212,8.649985313,6.060975552,1.415332437,101.4685898,3.932309866,5.486950874,246.2205505,245.1266937,12.23998833,72.42081451,Winter,0
2/6/2033,12.14976501,16.70266724,8.650942802,6.065880775,1.40747714,101.4637146,3.931758642,5.486994743,246.0359497,244.8654785,12.2629261,72.38587189,Winter,0
2/7/2033,12.16964626,16.73863411,8.653958321,6.071819305,1.39865768,101.4593506,3.93077302,5.486460686,245.84935,244.6010895,12.28838921,72.34905243,Winter,0
2/8/2033,12.19238853,16.77831268,8.659032822,6.078766346,1.388927937,101.4554977,3.92937088,5.485368729,245.6616516,244.3352661,12.31632996,72.31040192,Winter,0
2/9/2033,12.21795654,16.8216362,8.66617012,6.08669281,1.378348708,101.4521484,3.927572012,5.483742714,245.4737091,244.069519,12.34670067,72.26998138,Winter,0
2/10/2033,12.2463026,16.86853218,8.675365448,6.095566273,1.366986513,101.4492874,3.925398588,5.481608391,245.2863007,243.8053589,12.37943649,72.22783661,Winter,0
2/11/2033,12.27737236,16.91891289,8.686608315,6.105350494,1.35491395,101.4468918,3.922874212,5.478995323,245.0999908,243.5441132,12.41448021,72.18401337,Winter,0
2/12/2033,12.31110191,16.97268295,8.699876785,6.116005898,1.342207551,101.4449387,3.920022964,5.475931168,244.9152832,243.2869568,12.45176315,72.1385498,Winter,0
2/13/2033,12.34742355,17.02972794,8.715155602,6.12749052,1.32894814,101.4434052,3.916869879,5.472445488,244.7325897,243.0349579,12.49121284,72.09148407,Winter,0
2/14/2033,12.38625526,17.0899353,8.732415199,6.139760017,1.315220237,101.4422531,3.913441658,5.468570709,244.5520935,242.7890015,12.53275681,72.04283142,Winter,0
2/15/2033,12.42752171,17.15317917,8.751625061,6.152768612,1.301110148,101.441452,3.909763336,5.464338303,244.3739929,242.5498199,12.57632256,71.99261475,Winter,0
2/16/2033,12.47113228,17.21932602,8.772752762,6.166470528,1.286706805,101.4409561,3.905861139,5.459778786,244.1982574,242.3179626,12.62183094,71.94086456,Winter,0
2/17/2033,12.5170002,17.28824806,8.795758247,6.180817127,1.272099614,101.4407272,3.901761055,5.45492363,244.0247803,242.0938416,12.66920853,71.88756561,Winter,0
2/18/2033,12.56502914,17.35979271,8.820598602,6.195762157,1.257377982,101.4407196,3.897488117,5.449801445,243.8533936,241.8777008,12.71838093,71.83272552,Winter,0
2/19/2033,12.61512756,17.43382835,8.847236633,6.211258888,1.242631316,101.4408875,3.893066406,5.444443703,243.6836853,241.669632,12.76927185,71.77635193,Winter,0
2/20/2033,12.667202,17.51020813,8.875623703,6.227261543,1.227947593,101.441185,3.888519287,5.438878059,243.5153503,241.4695587,12.82181358,71.71840668,Winter,0
2/21/2033,12.72115612,17.58878899,8.905714035,6.243725777,1.213412404,101.4415512,3.88386941,5.433130264,243.3477936,241.2772064,12.87593651,71.6588974,Winter,0
2/22/2033,12.77689457,17.66942978,8.93746376,6.260608673,1.199108601,101.4419479,3.879137516,5.42722702,243.1805115,241.0922394,12.93158054,71.59778595,Winter,0
2/23/2033,12.8343277,17.75199318,8.970820427,6.277871132,1.185115814,101.4423141,3.874343157,5.421191216,243.0127869,240.9141541,12.98867989,71.53503418,Winter,0
2/24/2033,12.89336967,17.83633804,9.005741119,6.295475006,1.171509385,101.4426041,3.869504929,5.415044785,242.8440094,240.7423096,13.04718018,71.47062683,Winter,0
2/25/2033,12.95392609,17.92233658,9.042178154,6.31338644,1.158360243,101.4427719,3.864638567,5.408807755,242.6733246,240.576004,13.10703659,71.40451813,Winter,0
2/26/2033,13.01592159,18.00986671,9.080085754,6.33157444,1.145733595,101.4427567,3.859760046,5.402498245,242.5000763,240.4143219,13.16819859,71.33665466,Winter,0
2/27/2033,13.07927513,18.09880257,9.119420052,6.350009918,1.133689046,101.4425201,3.854881763,5.396132469,242.3233948,240.2563934,13.23062897,71.26700592,Winter,0
2/28/2033,13.14391518,18.18903542,9.160139084,6.36866951,1.122280359,101.4420166,3.850016356,5.389723778,242.1424866,240.1012115,13.29429722,71.19552612,Winter,0
3/1/2033,13.20977211,18.28046227,9.202203751,6.387533188,1.111554384,101.4412003,3.845173359,5.383285522,241.9565735,239.9476929,13.35916901,71.12215424,Spring,1
3/2/2033,13.2767849,18.3729763,9.245576859,6.406585693,1.101551056,101.440033,3.840361357,5.37682724,241.7648773,239.7947693,13.42523003,71.04685974,Spring,1
3/3/2033,13.34489918,18.46649361,9.290218353,6.425812721,1.092303872,101.4384689,3.835588455,5.370357513,241.5666351,239.6412964,13.49246216,70.96957397,Spring,1
3/4/2033,13.41405964,18.56093216,9.336100578,6.445206642,1.083837986,101.4364929,3.8308599,5.363883972,241.3611603,239.486145,13.56085396,70.89026642,Spring,1
3/5/2033,13.48422527,18.65621948,9.383191109,6.464762688,1.076172113,101.4340591,3.826180935,5.357412338,241.1477814,239.3281708,13.63040066,70.8088913,Spring,1
3/6/2033,13.55535984,18.75229073,9.431464195,6.484481812,1.06931746,101.4311447,3.821554899,5.350948334,240.9259186,239.1663055,13.7011013,70.72540283,Spring,1
3/7/2033,13.62742233,18.84909058,9.480891228,6.504365921,1.063277006,101.4277344,3.816984653,5.34449482,240.6950531,238.9993896,13.77296448,70.63977051,Spring,1
3/8/2033,13.70039368,18.94657135,9.531458855,6.524420738,1.058047652,101.4238052,3.812472343,5.338053703,240.4546967,238.826416,13.84599686,70.55196381,Spring,1
3/9/2033,13.77424908,19.04469299,9.583141327,6.544657707,1.053618789,101.4193573,3.808018923,5.331627846,240.2044678,238.6463928,13.92020988,70.46195221,Spring,1
3/10/2033,13.84897423,19.14341927,9.635928154,6.565088749,1.049972177,101.4143677,3.803626299,5.325218201,239.9441223,238.4584045,13.99562073,70.36972809,Spring,1
3/11/2033,13.92455482,19.24273109,9.689803123,6.585730076,1.047084451,101.408844,3.799293756,5.318826675,239.6734619,238.2616272,14.07224464,70.27527618,Spring,1
3/12/2033,14.00098515,19.3426075,9.744758606,6.606598854,1.044924974,101.4027786,3.795022249,5.312454224,239.392395,238.0552521,14.15010262,70.1785965,Spring,1
3/13/2033,14.07826328,19.44303131,9.800783157,6.627715111,1.04345727,101.3961945,3.790812731,5.306101799,239.1008453,237.8386688,14.22922134,70.0796814,Spring,1
3/14/2033,14.15638828,19.54399872,9.857872963,6.649101257,1.042640328,101.3890915,3.786664724,5.299772263,238.798996,237.6112823,14.30961227,69.9785614,Spring,1
3/15/2033,14.23536396,19.64550591,9.916023254,6.670781136,1.04242754,101.381485,3.782580376,5.293465614,238.486969,237.3726501,14.39130592,69.8752594,Spring,1
3/16/2033,14.31519508,19.74755287,9.97522831,6.692777634,1.042767882,101.3734055,3.778559685,5.287186623,238.1650391,237.122406,14.47431755,69.76979828,Spring,1
3/17/2033,14.39589119,19.85014725,10.03549194,6.715116501,1.043607235,101.3648758,3.774605036,5.280936241,237.8335876,236.8603058,14.55867195,69.66223145,Spring,1
3/18/2033,14.47745991,19.95328903,10.09680939,6.737821579,1.044887304,101.3559189,3.770717859,5.274722099,237.493042,236.5862274,14.64438248,69.5526123,Spring,1
3/19/2033,14.55991173,20.05699158,10.15918159,6.760918617,1.046548009,101.3465729,3.766901731,5.268546104,237.1438751,236.3001251,14.73146629,69.44100189,Spring,1
3/20/2033,14.64325809,20.16126442,10.22261047,6.784431458,1.048526525,101.3368835,3.763160229,5.262414932,236.7866974,236.0021057,14.81993294,69.32746887,Spring,1
3/21/2033,14.72750664,20.2661171,10.28709793,6.808383942,1.050759077,101.3268738,3.759496927,5.256336212,236.4221649,235.6923218,14.90979767,69.21209717,Spring,1
3/22/2033,14.8126688,20.37155724,10.35264301,6.832798004,1.053180695,101.316597,3.755917788,5.250317574,236.0508728,235.371048,15.00105858,69.09498596,Spring,1
3/23/2033,14.89875221,20.47759819,10.41924667,6.857694626,1.055726647,101.3060989,3.752426863,5.244368553,235.673645,235.0386658,15.09372139,68.97621918,Spring,1
3/24/2033,14.9857626,20.58424759,10.48690987,6.88309288,1.058332205,101.2954254,3.749031544,5.238495827,235.2911377,234.6955872,15.18778038,68.85591125,Spring,1
3/25/2033,15.07370758,20.69150543,10.55563259,6.909009933,1.06093359,101.2846222,3.745738029,5.232712746,234.9041595,234.3423462,15.28322601,68.73417664,Spring,1
3/26/2033,15.16258717,20.79938698,10.62541199,6.935459137,1.063468814,101.2737503,3.742553949,5.227027893,234.5135193,233.9795227,15.38004684,68.61112213,Spring,1
3/27/2033,15.25240421,20.9078846,10.6962471,6.96245575,1.065877557,101.2628555,3.739486456,5.221453667,234.1199036,233.6077423,15.47822571,68.48686981,Spring,1
3/28/2033,15.34315586,21.01700211,10.76813412,6.99000597,1.068102121,101.2519836,3.736543655,5.216002464,233.7241211,233.2276917,15.57773781,68.36155701,Spring,1
3/29/2033,15.43483448,21.12673378,10.84106541,7.018118382,1.070088029,101.2411957,3.733733177,5.210684776,233.326889,232.8400726,15.67855453,68.23530579,Spring,1
3/30/2033,15.52743626,21.23707581,10.91504097,7.046797752,1.071783662,101.230545,3.731062174,5.205512047,232.928894,232.4456024,15.78064919,68.10825348,Spring,1
3/31/2033,15.6209507,21.34801865,10.99005032,7.076045036,1.073141336,101.2200775,3.728539944,5.200494766,232.530777,232.0450592,15.8839798,67.98052216,Spring,1
4/1/2033,15.71536446,21.45954704,11.06608391,7.105858803,1.074117422,101.2098389,3.72617197,5.195645332,232.1331329,231.6391144,15.98851013,67.85223389,Spring,1
4/2/2033,15.81066036,21.57165146,11.14313126,7.136236191,1.074672341,101.1998901,3.723965645,5.190973282,231.7364655,231.2285614,16.0941906,67.723526,Spring,1
4/3/2033,15.9068222,21.68431282,11.22118568,7.167168617,1.074771643,101.1902695,3.721926451,5.186485291,231.3412628,230.8140411,16.20097923,67.59452057,Spring,1
4/4/2033,16.00382996,21.79751015,11.30023193,7.198649406,1.074384809,101.181015,3.720059395,5.182191849,230.9478607,230.3962555,16.30882645,67.46533203,Spring,1
4/5/2033,16.1016655,21.91123009,11.38025761,7.230665207,1.073486209,101.1721878,3.718367577,5.178094864,230.5566101,229.9758148,16.41768074,67.3360672,Spring,1
4/6/2033,16.20030022,22.02544212,11.46125031,7.263203621,1.072055459,101.1638107,3.716853142,5.174200058,230.1676788,229.553299,16.5274868,67.20684052,Spring,1
4/7/2033,16.29971123,22.14012527,11.54319572,7.29624939,1.070076585,101.1559219,3.715517044,5.170509338,229.7811279,229.1292725,16.63819504,67.07772064,Spring,1
4/8/2033,16.39987564,22.25526047,11.62607861,7.329784393,1.067538261,101.1485596,3.714358091,5.167020798,229.3970947,228.7041321,16.74974823,66.94881439,Spring,1
4/9/2033,16.50077057,22.37082291,11.70988941,7.363790512,1.064434409,101.1417389,3.713372707,5.163732529,229.0154419,228.2782898,16.86209869,66.82019043,Spring,1
4/10/2033,16.60236931,22.4867897,11.79460716,7.398247719,1.060762763,101.1355057,3.712556839,5.160636902,228.6360474,227.8520966,16.97518921,66.69190216,Spring,1
4/11/2033,16.70464516,22.60314369,11.88022327,7.433135509,1.056525588,101.1298676,3.711901903,5.157726288,228.2586517,227.4257813,17.08897781,66.56398773,Spring,1
4/12/2033,16.80757904,22.71986389,11.96672249,7.46843338,1.051729918,101.1248398,3.711399794,5.154988289,227.8829346,226.9994965,17.20341492,66.43650055,Spring,1
4/13/2033,16.91115189,22.83693504,12.05409336,7.504120827,1.046385527,101.1204376,3.711037874,5.152407646,227.5084991,226.5733643,17.31845856,66.30942535,Spring,1
4/14/2033,17.01534081,22.95434952,12.14232922,7.540176392,1.040506244,101.1166763,3.710802317,5.149968147,227.134903,226.1474152,17.43407059,66.18279266,Spring,1
4/15/2033,17.12013245,23.07209396,12.23141479,7.576579094,1.034109473,101.1135559,3.710676908,5.14764595,226.7615662,225.7216034,17.55021667,66.05658722,Spring,1
4/16/2033,17.22551727,23.19016647,12.32134819,7.613308907,1.027214527,101.1110764,3.710641861,5.145417213,226.38797,225.2957916,17.66687393,65.93075562,Spring,1
4/17/2033,17.33148193,23.30856895,12.41212463,7.650348663,1.019844055,101.1092377,3.710676908,5.143256187,226.0134583,224.869873,17.78401756,65.80526733,Spring,1
4/18/2033,17.43802261,23.42731094,12.50373745,7.687679291,1.012022376,101.1080322,3.710757971,5.141130447,225.6373596,224.443573,17.9016304,65.68004608,Spring,1
4/19/2033,17.54514503,23.54639626,12.59618855,7.72528553,1.003775358,101.1074448,3.710859537,5.139006615,225.2590637,224.0166626,18.01970863,65.55503082,Spring,1
4/20/2033,17.65284538,23.66585159,12.68948174,7.763154984,0.995130599,101.10746,3.710954189,5.136849403,224.8778381,223.5888519,18.13825035,65.43010712,Spring,1
4/21/2033,17.76113701,23.78569794,12.78362179,7.8012743,0.986116052,101.1080704,3.711012363,5.13462162,224.493042,223.15979,18.25726128,65.30516815,Spring,1
4/22/2033,17.87003326,23.90596581,12.87861347,7.839633942,0.976760566,101.1092453,3.71100378,5.132279396,224.1040497,222.7291718,18.37675476,65.18009949,Spring,1
4/23/2033,17.97955513,24.02669525,12.97447109,7.878229141,0.967092693,101.1109619,3.710894346,5.129782677,223.7102203,222.2966309,18.49675179,65.05474854,Spring,1
4/24/2033,18.08972549,24.14792633,13.07120895,7.917052269,0.957140982,101.113205,3.710652113,5.127087593,223.3110352,221.8618774,18.61728477,64.92896271,Spring,1
4/25/2033,18.20057297,24.26971245,13.1688385,7.956103325,0.94693327,101.1159286,3.710241556,5.124148369,222.9059753,221.4245605,18.73839188,64.80258179,Spring,1
4/26/2033,18.31213188,24.39210701,13.26738453,7.995383263,0.936496496,101.1191101,3.709628344,5.120919228,222.4946594,220.984436,18.86011124,64.6754303,Spring,1
4/27/2033,18.42444611,24.51517296,13.36686802,8.034893036,0.925855935,101.1227188,3.708777666,5.117353439,222.0767059,220.5412598,18.98249626,64.5473175,Spring,1
4/28/2033,18.53755379,24.63898087,13.46730995,8.074641228,0.915035427,101.1267166,3.707653761,5.113407135,221.6519623,220.0948486,19.10560608,64.4180603,Spring,1
4/29/2033,18.65150452,24.7635994,13.56874084,8.114635468,0.904057682,101.131073,3.706223249,5.109033585,221.2202606,219.6451263,19.22950172,64.28744507,Spring,1
4/30/2033,18.7663517,24.88910294,13.6711874,8.154887199,0.89294225,101.1357422,3.704451323,5.104188919,220.781662,219.1920624,19.35425377,64.1552887,Spring,1
5/1/2033,18.88215256,25.0155735,13.77467918,8.195408821,0.881707013,101.1407013,3.702307224,5.09883213,220.3362427,218.735733,19.47993469,64.0213623,Spring,1
5/2/2033,18.99895668,25.1430912,13.87924957,8.236215591,0.870368004,101.1458969,3.699759483,5.092923164,219.8843842,218.2762756,19.60662079,63.88547516,Spring,1
5/3/2033,19.11682892,25.27174187,13.98493099,8.277324677,0.8589378,101.1512985,3.696779728,5.08642292,219.4264221,217.8139648,19.73439026,63.74741364,Spring,1
5/4/2033,19.23583031,25.40160942,14.09175682,8.31875515,0.847427189,101.1568756,3.693342686,5.079298973,218.9630127,217.3492279,19.86333084,63.60696411,Spring,1
5/5/2033,19.35601997,25.53277969,14.19975853,8.360527039,0.835844338,101.1625824,3.689424276,5.071520805,218.4948425,216.8825378,19.99352074,63.46394348,Spring,1
5/6/2033,19.47745895,25.66533661,14.30897045,8.40266037,0.824194551,101.1683884,3.685004711,5.063061714,218.0228119,216.4145966,20.12504578,63.31815338,Spring,1
5/7/2033,19.6002121,25.79936028,14.4194231,8.445178032,0.812480986,101.1742554,3.680068016,5.053899765,217.5479889,215.9460907,20.25798798,63.16941071,Spring,1
5/8/2033,19.72433472,25.93492699,14.53114796,8.488101006,0.80070442,101.1801529,3.67460084,5.044020653,217.0715027,215.4779358,20.39242554,63.01753998,Spring,1
5/9/2033,19.84988022,26.07211494,14.64417171,8.531451225,0.788863122,101.1860504,3.668595076,5.033409119,216.5947571,215.0111847,20.52844048,62.86238098,Spring,1
5/10/2033,19.97690582,26.21099281,14.75852394,8.575250626,0.776953876,101.1919174,3.662045956,5.022064209,216.1191864,214.5469666,20.66610146,62.70378876,Spring,1
5/11/2033,20.10545731,26.35161781,14.87422466,8.619519234,0.764970899,101.197731,3.654954672,5.009983063,215.6464081,214.0865326,20.80547905,62.54161072,Spring,1
5/12/2033,20.23557472,26.49405098,14.991292,8.664276123,0.752906799,101.2034454,3.647325993,4.997174263,215.1781158,213.6312866,20.94663239,62.37575531,Spring,1
5/13/2033,20.36729813,26.63833427,15.10974503,8.70953846,0.74075371,101.2090607,3.639169455,4.983651161,214.7162018,213.182724,21.08962059,62.20612335,Spring,1
5/14/2033,20.50065613,26.78450012,15.22959137,8.755322456,0.728501201,101.2145386,3.63050127,4.969433308,214.2625427,212.7424316,21.23448753,62.03263092,Spring,1
5/15/2033,20.63567162,26.93258476,15.35083675,8.801642418,0.71613878,101.2198715,3.621340275,4.954546928,213.8191833,212.3121033,21.38126945,61.85520935,Spring,1
5/16/2033,20.77236176,27.08259392,15.47348309,8.848507881,0.703655243,101.2250366,3.611712694,4.939025402,213.3881683,211.8934631,21.52999687,61.67385101,Spring,1
5/17/2033,20.91072464,27.23453331,15.59752274,8.895925522,0.691039085,101.230011,3.601648092,4.922908783,212.9716034,211.4883728,21.68068123,61.48852539,Spring,1
5/18/2033,21.05076027,27.3883934,15.7229414,8.943901062,0.678278565,101.2347946,3.591182232,4.906243801,212.5716553,211.0986481,21.83333206,61.29924774,Spring,1
5/19/2033,21.1924572,27.54415131,15.84972477,8.992434502,0.665362775,101.2393723,3.580354214,4.889082909,212.1904602,210.7262115,21.98793983,61.10605621,Spring,1
5/20/2033,21.335783,27.70176888,15.97784424,9.04152298,0.652280688,101.2437363,3.56920886,4.871483803,211.8301239,210.3729553,22.14448547,60.90901184,Spring,1
5/21/2033,21.48070717,27.86119843,16.10726547,9.091160774,0.639022708,101.247879,3.557795048,4.853510857,211.4927368,210.0407715,22.30293465,60.70819855,Spring,1
5/22/2033,21.62718391,28.0223732,16.23795128,9.141334534,0.625580251,101.2517929,3.546164989,4.835234642,211.1803741,209.7315216,22.4632473,60.50370789,Spring,1
5/23/2033,21.7751503,28.18520927,16.36984825,9.192030907,0.611946106,101.2554855,3.534376383,4.816728592,210.8949585,209.4470062,22.62535858,60.29569244,Spring,1
5/24/2033,21.92454147,28.34962082,16.5029068,9.243229866,0.598114729,101.2589493,3.52248764,4.798071861,210.6382751,209.1890259,22.78919983,60.08430481,Spring,1
5/25/2033,22.07527733,28.51549339,16.63705635,9.29490757,0.584082663,101.2621918,3.510562658,4.779348373,210.4121704,208.9591827,22.95468521,59.86972046,Spring,1
5/26/2033,22.22726631,28.68271446,16.77223396,9.347035408,0.569848418,101.2652054,3.498665094,4.760641098,210.2181091,208.7590637,23.12170982,59.65213013,Spring,1
5/27/2033,22.38040543,28.85114098,16.90835762,9.399581909,0.55541271,101.2679977,3.486863136,4.742040634,210.0575714,208.5900574,23.29017258,59.4317627,Spring,1
5/28/2033,22.53458214,29.02063179,17.04533958,9.45250988,0.540778995,101.2705841,3.475224733,4.72363615,209.9317474,208.453476,23.45994186,59.20886993,Spring,1
5/29/2033,22.68967628,29.19102859,17.18309402,9.505781174,0.525952637,101.2729568,3.463818312,4.705518723,209.8417053,208.3504028,23.63088608,58.98369598,Spring,1
5/30/2033,22.84555435,29.36216164,17.32151985,9.559350014,0.51094234,101.2751389,3.452714443,4.68778038,209.7882233,208.2817535,23.80285835,58.7565155,Spring,1
5/31/2033,23.0020771,29.53384781,17.46051025,9.613171577,0.495758802,101.2771225,3.441981077,4.670512199,209.7718964,208.248291,23.97569847,58.5276413,Spring,1
6/1/2033,23.15909386,29.70590401,17.59995651,9.667194366,0.480415761,101.2789154,3.431686401,4.653802872,209.793045,208.2505035,24.14924622,58.29735565,Summer,2
6/2/2033,23.31645584,29.87813187,17.739748,9.721365929,0.464929342,101.2805405,3.421897411,4.637741566,209.8517303,208.28862,24.3233242,58.06599426,Summer,2
6/3/2033,23.4739933,30.05033302,17.87975883,9.775631905,0.449318588,101.2819977,3.412677288,4.622412205,209.9477997,208.3627625,24.49775124,57.83386993,Summer,2
6/4/2033,23.63154411,30.22229767,18.01986694,9.829936981,0.433604181,101.2833023,3.404088497,4.607896328,210.0807648,208.4726563,24.67234039,57.60133362,Summer,2
6/5/2033,23.78893471,30.39381218,18.15994835,9.88421917,0.41781038,101.2844543,3.396187782,4.59427166,210.2499084,208.6178741,24.84689522,57.36872101,Summer,2
6/6/2033,23.94599152,30.56466484,18.29987144,9.938422203,0.401962578,101.2854614,3.389030218,4.581608772,210.4541931,208.7977142,25.02122498,57.13639069,Summer,2
6/7/2033,24.10253906,30.73464203,18.43950272,9.992486,0.386088252,101.2863388,3.38266468,4.569972992,210.6923523,209.0111389,25.19512749,56.90467072,Summer,2
6/8/2033,24.25839806,30.90353203,18.57871437,10.04635048,0.370217353,101.2870941,3.377135754,4.559425354,210.9628448,209.2569122,25.36840248,56.67392731,Summer,2
6/9/2033,24.41339111,31.07112122,18.71737099,10.09995651,0.354380399,101.2877274,3.372482777,4.550015926,211.2638397,209.5335236,25.54084969,56.44450378,Summer,2
6/10/2033,24.56734657,31.2372036,18.85533905,10.15324688,0.338609904,101.2882462,3.368737459,4.541790009,211.5932159,209.8392334,25.71226883,56.21674347,Summer,2
6/11/2033,24.72008324,31.40157509,18.99249268,10.20616436,0.322939336,101.2886658,3.365927935,4.534784317,211.9487457,210.1720276,25.88247108,55.99098969,Summer,2
6/12/2033,24.87143517,31.56404114,19.12870026,10.25865459,0.307402313,101.2889786,3.3640728,4.529024124,212.3278046,210.5296326,26.05125809,55.76757813,Summer,2
6/13/2033,25.02123833,31.72441292,19.26383209,10.31066704,0.292033255,101.2891922,3.363185644,4.524529457,212.7276611,210.9095764,26.21844292,55.54681396,Summer,2
6/14/2033,25.16932678,31.88251495,19.39776993,10.36215019,0.276866853,101.2893143,3.363272429,4.521306992,213.1453857,211.3091736,26.38384819,55.3290329,Summer,2
6/15/2033,25.31555557,32.03817368,19.53039169,10.41306114,0.261937052,101.2893372,3.36433053,4.519357681,213.5777893,211.7255859,26.54730225,55.11451721,Summer,2
6/16/2033,25.4597683,32.19123077,19.66158676,10.46335602,0.247277871,101.2892761,3.366351366,4.518669128,214.0216522,212.1557465,26.70864105,54.90356445,Summer,2
6/17/2033,25.60183716,32.34154892,19.79124069,10.51299858,0.232922196,101.2891235,3.369318008,4.51922226,214.473526,212.5964508,26.86770439,54.69643402,Summer,2
6/18/2033,25.74162865,32.48899078,19.91925812,10.56195545,0.218901679,101.2888718,3.373206139,4.52098465,214.9299469,213.0443726,27.02435303,54.49339676,Summer,2
6/19/2033,25.87902451,32.6334343,20.04553795,10.61019707,0.205247015,101.2885361,3.377983809,4.523917675,215.3873138,213.4961395,27.17844772,54.29468155,Summer,2
6/20/2033,26.01391792,32.77478409,20.16999054,10.65770149,0.191986918,101.2881088,3.383612156,4.527970791,215.8420258,213.9481812,27.32987022,54.1005249,Summer,2
6/21/2033,26.14621353,32.91295242,20.29253578,10.70445061,0.179148406,101.2875824,3.390045404,4.533084869,216.2904053,214.3970032,27.47851181,53.91111755,Summer,2
6/22/2033,26.27581787,33.04785538,20.41309738,10.75043201,0.166756347,101.2869644,3.397230148,4.53919363,216.7289276,214.8390503,27.62427139,53.72665405,Summer,2
6/23/2033,26.40266037,33.17944336,20.53161049,10.79563713,0.154833391,101.2862396,3.405107737,4.546219349,217.1539612,215.2707672,27.76706123,53.54729843,Summer,2
6/24/2033,26.52667999,33.30767441,20.64801216,10.84006405,0.143399671,101.2854233,3.413612843,4.554078579,217.5620575,215.6886292,27.90681648,53.37320709,Summer,2
6/25/2033,26.64782143,33.43251038,20.76225471,10.88371563,0.132472992,101.2844925,3.422674656,4.562680244,217.9497986,216.0892334,28.04347229,53.20450592,Summer,2
6/26/2033,26.7660408,33.55394363,20.87429428,10.92660236,0.122068487,101.2834625,3.432217598,4.571927071,218.3139496,216.469223,28.17697716,53.0413208,Summer,2
6/27/2033,26.88131523,33.67198181,20.98409271,10.96873665,0.112197809,101.2823181,3.44216156,4.58171463,218.6514893,216.8254395,28.30730247,52.88373566,Summer,2
6/28/2033,26.99362373,33.78662109,21.09162712,11.0101366,0.102871299,101.2810593,3.452423096,4.591936588,218.9594421,217.1548004,28.43442154,52.73183823,Summer,2
6/29/2033,27.10295296,33.89789963,21.19687653,11.05082607,0.094095744,101.279686,3.462914705,4.602478981,219.2352448,217.4545135,28.558321,52.58570099,Summer,2
6/30/2033,27.20931053,34.00584793,21.29982376,11.0908308,0.085875072,101.2782059,3.473547935,4.613225937,219.4763947,217.7219086,28.67899704,52.44536591,Summer,2
7/1/2033,27.31270027,34.11051559,21.40046883,11.13018417,0.078211613,101.2765961,3.484230757,4.624061584,219.6808319,217.9546356,28.79646301,52.31087494,Summer,2
7/2/2033,27.41314697,34.21195984,21.49880791,11.16891861,0.071103945,101.2748795,3.49487257,4.634865761,219.8466187,218.1505432,28.91072273,52.18225098,Summer,2
7/3/2033,27.51066971,34.31023788,21.59484673,11.20707417,0.064549737,101.2730408,3.505380392,4.64552021,219.9722137,218.3078156,29.02181053,52.05950928,Summer,2
7/4/2033,27.60530281,34.40542603,21.68860054,11.24468899,0.05854385,101.2710876,3.515662909,4.655906677,220.0564423,218.424942,29.1297493,51.94265747,Summer,2
7/5/2033,27.69708252,34.49759293,21.7800808,11.28180599,0.053078812,101.2690277,3.525630951,4.66590786,220.0983124,218.5006714,29.23458099,51.8316803,Summer,2
7/6/2033,27.7860527,34.5868187,21.86930847,11.31846714,0.048146907,101.2668533,3.535195827,4.675411224,220.0973511,218.5341492,29.33633804,51.72658539,Summer,2
7/7/2033,27.87225533,34.67318726,21.95630646,11.35471821,0.043737765,101.2645721,3.544273138,4.684307098,220.053299,218.5248718,29.43506432,51.62734985,Summer,2
7/8/2033,27.95573616,34.75675964,22.04110146,11.39060307,0.039840613,101.2621918,3.552781582,4.692489624,219.9663696,218.4726257,29.53080368,51.53394699,Summer,2
7/9/2033,28.03654671,34.83763123,22.12371826,11.42616367,0.036443867,101.2597198,3.560643911,4.699860573,219.8370209,218.3776093,29.62360573,51.44636917,Summer,2
7/10/2033,28.11473083,34.91586685,22.20418358,11.46144581,0.033535436,101.2571564,3.567788839,4.706327438,219.6661377,218.240387,29.71350479,51.36458588,Summer,2
7/11/2033,28.19033432,34.99153137,22.28252983,11.49648762,0.031103121,101.2545166,3.57414937,4.71180439,219.454895,218.0618286,29.80054665,51.28857803,Summer,2
7/12/2033,28.26339531,35.06469345,22.358778,11.53132915,0.029135136,101.2518158,3.579666615,4.716215134,219.204895,217.8432159,29.88476944,51.21833801,Summer,2
7/13/2033,28.33396149,35.13539505,22.43296051,11.56600475,0.027620299,101.2490463,3.584286928,4.719490051,218.9179688,217.5861359,29.96620369,51.15383911,Summer,2
7/14/2033,28.40206146,35.20369339,22.50509071,11.60054779,0.026547739,101.2462387,3.587964296,4.721572876,218.5963135,217.2925415,30.04487801,51.09507751,Summer,2
7/15/2033,28.46772385,35.26961517,22.57519722,11.63498592,0.025908716,101.2433853,3.590661049,4.72241354,218.2424011,216.9647064,30.12080956,51.04205322,Summer,2
7/16/2033,28.53097343,35.33317566,22.64329338,11.66934109,0.025695505,101.2405167,3.592345953,4.721974373,217.8589935,216.6051178,30.1940136,50.99476242,Summer,2
7/17/2033,28.59181786,35.39439011,22.70939445,11.70363426,0.025902314,101.2376404,3.592998505,4.720228195,217.4491272,216.2166595,30.26449013,50.95322418,Summer,2
7/18/2033,28.65026474,35.45325089,22.77350235,11.73787594,0.026525484,101.2347717,3.59260416,4.717159271,217.015976,215.8024292,30.33223534,50.91746521,Summer,2
7/19/2033,28.70631409,35.50973511,22.83562088,11.77207279,0.02756349,101.2319183,3.591158628,4.712762833,216.5630188,215.3657227,30.39722824,50.88750839,Summer,2
7/20/2033,28.75995255,35.56380463,22.89574432,11.80622768,0.02901786,101.2291031,3.588665247,4.707046032,216.0937653,214.9100647,30.45944977,50.86339569,Summer,2
7/21/2033,28.8111515,35.61541748,22.95386887,11.84033585,0.030892247,101.2263412,3.58513689,4.700026512,215.6120605,214.439209,30.51884842,50.84518433,Summer,2
7/22/2033,28.85988235,35.66450119,23.00996971,11.87438297,0.033193566,101.2236481,3.580595255,4.691732883,215.1216736,213.956955,30.57538414,50.83292389,Summer,2
7/23/2033,28.90610123,35.71097183,23.06402397,11.90835094,0.035931673,101.2210312,3.575068235,4.682206154,214.6264954,213.4672699,30.62899208,50.82670593,Summer,2
7/24/2033,28.94974899,35.75472641,23.11600304,11.9422121,0.039119475,101.2185135,3.568594694,4.671497345,214.1305084,212.9741974,30.67960167,50.82658768,Summer,2
7/25/2033,28.99076653,35.79566193,23.16587067,11.97593594,0.04277242,101.2161026,3.561218977,4.659666538,213.637619,212.4817657,30.72712135,50.83267975,Summer,2
7/26/2033,29.02907562,35.83364487,23.21357346,12.00948429,0.046909813,101.2138214,3.552994013,4.646785736,213.1517639,211.9940796,30.77146149,50.84506989,Summer,2
7/27/2033,29.06459427,35.86853409,23.25906754,12.04280758,0.051553305,101.2116852,3.543979645,4.632934093,212.6767578,211.5151672,30.81251335,50.86387253,Summer,2
7/28/2033,29.09723091,35.900177,23.30228996,12.07585716,0.056727286,101.2096939,3.534240961,4.618199348,212.2164001,211.048996,30.85016441,50.8891983,Summer,2
7/29/2033,29.12687874,35.92840576,23.34317589,12.10857201,0.062459089,101.2078705,3.523850203,4.602678299,211.7741852,210.5993958,30.8842907,50.9211731,Summer,2
7/30/2033,29.15342903,35.95304489,23.38165474,12.14089012,0.068778493,101.2062302,3.512883663,4.586472511,211.353653,210.1701355,30.91475487,50.95992661,Summer,2
7/31/2033,29.17676735,35.97391129,23.41765022,12.17274094,0.075717106,101.2047729,3.501422644,4.569690228,210.9580078,209.76474,30.9414196,51.0055809,Summer,2
8/1/2033,29.19677353,35.99081421,23.45108032,12.20405102,0.08330851,101.2035141,3.489552498,4.552446365,210.5902252,209.3865356,30.96414375,51.05826569,Summer,2
8/2/2033,29.21331596,36.0035553,23.48186111,12.2347393,0.091587976,101.2024612,3.477360249,4.534855843,210.2531281,209.038681,30.98277092,51.11812592,Summer,2
8/3/2033,29.22626877,36.01193619,23.50989532,12.26472569,0.100591674,101.201622,3.464936733,4.517039776,209.9491272,208.7239532,30.99715233,51.18528748,Summer,2
8/4/2033,29.23550034,36.0157547,23.53509903,12.29392624,0.110356398,101.2009964,3.452372313,4.499119759,209.6804657,208.4449463,31.0071373,51.25988007,Summer,2
8/5/2033,29.24087715,36.01480865,23.55737495,12.32224846,0.120919652,101.2005997,3.43975997,4.481218338,209.4489594,208.2038727,31.01256561,51.34201431,Summer,2
8/6/2033,29.24226761,36.0089035,23.57662773,12.34960747,0.132317916,101.2004242,3.427190065,4.463458061,209.2561951,208.002655,31.0132885,51.43182373,Summer,2
8/7/2033,29.23953819,35.99784088,23.59276199,12.37590981,0.144587576,101.2004776,3.414753437,4.445959091,209.1032867,207.8428345,31.00915527,51.52940369,Summer,2
8/8/2033,29.23257256,35.98144531,23.60568237,12.40106487,0.157763466,101.2007599,3.402539253,4.428839684,208.9911194,207.7256012,31.00002289,51.63486099,Summer,2
8/9/2033,29.22123909,35.95953369,23.6152935,12.42498302,0.171878904,101.2012711,3.390632629,4.412213326,208.9200897,207.6517487,30.98575592,51.74827576,Summer,2
8/10/2033,29.20543289,35.9319458,23.62151146,12.44757366,0.18696481,101.2020035,3.379116297,4.396191597,208.8903656,207.6217041,30.96622086,51.86972046,Summer,2
8/11/2033,29.18504333,35.89852905,23.6242466,12.46875095,0.203049004,101.2029572,3.36806798,4.380878925,208.9016418,207.6355133,30.94129944,51.99925232,Summer,2
8/12/2033,29.15998077,35.85915756,23.62341499,12.48842812,0.220156193,101.2041245,3.35756135,4.366373062,208.9532471,207.6927948,30.91088867,52.13690567,Summer,2
8/13/2033,29.13015175,35.81369781,23.61894417,12.50652599,0.238307402,101.2054977,3.347663403,4.35276413,209.0442657,207.7928772,30.87488937,52.28270721,Summer,2
8/14/2033,29.09549332,35.7620697,23.61075974,12.52296543,0.257518768,101.207077,3.338436127,4.340135574,209.1733093,207.9345398,30.83322716,52.43664551,Summer,2
8/15/2033,29.05594063,35.7041893,23.59880447,12.53767586,0.27780202,101.2088547,3.329935312,4.328561306,209.3387299,208.1163788,30.78582764,52.59870148,Summer,2
8/16/2033,29.01144981,35.64000702,23.58302307,12.55058956,0.29916355,101.2108078,3.322207451,4.318105698,209.538559,208.3365479,30.73265266,52.76882553,Summer,2
8/17/2033,28.96199417,35.56949234,23.56337357,12.56164551,0.321603715,101.212944,3.315294027,4.308824539,209.7705383,208.5928497,30.67367172,52.94694519,Summer,2
8/18/2033,28.90756607,35.49264526,23.53981972,12.57079029,0.345117658,101.2152405,3.30922699,4.300761223,210.032074,208.8828125,30.60887146,53.13297272,Summer,2
8/19/2033,28.84816551,35.40948486,23.51233292,12.57797527,0.3696931,101.2176895,3.304031372,4.293949127,210.3204498,209.2036285,30.53826714,53.3267746,Summer,2
8/20/2033,28.78382111,35.32006836,23.48090553,12.58315945,0.395311713,101.2202759,3.29972291,4.288412094,210.6325836,209.5522919,30.46188354,53.52820587,Summer,2
8/21/2033,28.71457863,35.22446823,23.44553757,12.5863142,0.421948224,101.2229996,3.296310186,4.284162521,210.965332,209.9254913,30.37978172,53.73709106,Summer,2
8/22/2033,28.64049149,35.12279129,23.40623474,12.58741188,0.449570477,101.2258377,3.293792963,4.281200409,211.3153534,210.3197479,30.29202271,53.95323181,Summer,2
8/23/2033,28.56164742,35.01517105,23.36302567,12.58643723,0.478138685,101.2287827,3.29216218,4.279515266,211.6790924,210.7314301,30.1987114,54.17638397,Summer,2
8/24/2033,28.47814369,34.90177155,23.31594086,12.58338261,0.507606447,101.2318268,3.291402102,4.27908802,212.0530853,211.1566925,30.09995842,54.40631104,Summer,2
8/25/2033,28.39009857,34.78277969,23.265028,12.57824898,0.537920356,101.2349472,3.291487217,4.279885292,212.4335938,211.5916901,29.99590302,54.64272308,Summer,2
8/26/2033,28.29765129,34.65841293,23.21034622,12.57104397,0.56901896,101.2381363,3.292387009,4.281867504,212.8170776,212.0324554,29.88670158,54.88530731,Summer,2
8/27/2033,28.20095253,34.52890778,23.15197372,12.56178665,0.600835323,101.241394,3.294060946,4.284982681,213.1998596,212.4749756,29.77253532,55.13373947,Summer,2
8/28/2033,28.10017967,34.39453125,23.08999062,12.55049992,0.63329494,101.2446976,3.296463966,4.289172173,213.5783386,212.9153137,29.65359879,55.38766479,Summer,2
8/29/2033,27.99551773,34.25556946,23.02449226,12.53721809,0.666316926,101.2480469,3.299544096,4.294366837,213.9490662,213.3495483,29.53010559,55.646698,Summer,2
8/30/2033,27.88717079,34.11232758,22.95558548,12.52198029,0.699815333,101.2514267,3.303243637,4.300490856,214.308609,213.7738647,29.40229225,55.91043854,Summer,2
8/31/2033,27.77535439,33.9651413,22.88338852,12.50483322,0.733697712,101.2548218,3.307499409,4.307461739,214.6537781,214.1845245,29.27040291,56.17848969,Summer,2
9/1/2033,27.66030121,33.81435013,22.80802536,12.48583126,0.76786679,101.2582474,3.312245607,4.315191269,214.9815063,214.5780029,29.13470459,56.45039368,Autumn,3
9/2/2033,27.54225159,33.66031265,22.72963524,12.46503353,0.802221298,101.261673,3.317410469,4.32358551,215.2890015,214.9509583,28.99546623,56.72572327,Autumn,3
9/3/2033,27.42145348,33.50340271,22.6483593,12.44250298,0.836655438,101.2651062,3.322921515,4.332547665,215.5736084,215.300293,28.85297585,57.0039978,Autumn,3
9/4/2033,27.29816437,33.34399796,22.56435013,12.41831017,0.871060491,101.2685471,3.32870245,4.341977119,215.8330536,215.6231079,28.70752525,57.28475189,Autumn,3
9/5/2033,27.17265129,33.18248367,22.47776604,12.39252853,0.905325055,101.2719803,3.334676981,4.351770878,216.0652466,215.9168854,28.55941963,57.56751251,Autumn,3
9/6/2033,27.04518318,33.01926041,22.38876724,12.36523247,0.939336002,101.2754059,3.340767384,4.361825943,216.2685089,216.179306,28.40896416,57.85177612,Autumn,3
9/7/2033,26.91602325,32.85471344,22.29751396,12.33650208,0.972979069,101.2788315,3.346896648,4.372038841,216.4413757,216.4085083,28.25646019,58.1370697,Autumn,3
9/8/2033,26.78544807,32.68923569,22.20417976,12.30641842,1.006139874,101.2822418,3.352989912,4.38230896,216.5828094,216.6028595,28.10222435,58.42288208,Autumn,3
9/9/2033,26.65372658,32.52321243,22.1089344,12.27505875,1.038704038,101.2856522,3.358971834,4.392534733,216.6920624,216.7611694,27.94655991,58.70872498,Autumn,3
9/10/2033,26.52111435,32.35702515,22.01194572,12.24250793,1.070559263,101.2890472,3.364772081,4.402621269,216.7687683,216.8826447,27.78977013,58.99412537,Autumn,3
9/11/2033,26.3878746,32.19103622,21.91338158,12.20884323,1.101595163,101.2924423,3.370321989,4.412475586,216.812912,216.9668274,27.63215065,59.27858734,Autumn,3
9/12/2033,26.25426102,32.02560043,21.81340408,12.17414379,1.131703973,101.2958374,3.375558853,4.422011375,216.8248138,217.0136414,27.47398949,59.56163788,Autumn,3
9/13/2033,26.12050438,31.8610611,21.712183,12.13848686,1.160782456,101.2992249,3.380422592,4.431146622,216.8052063,217.0234833,27.31556702,59.84281921,Autumn,3
9/14/2033,25.98683929,31.69773293,21.60986328,12.10194302,1.188731313,101.3026199,3.384860277,4.439808846,216.7550964,216.9970856,27.15714645,60.12168884,Autumn,3
9/15/2033,25.85347939,31.53591156,21.50660515,12.06458092,1.215456963,101.3060226,3.388824463,4.447930336,216.6759033,216.9355621,26.99898338,60.39779663,Autumn,3
9/16/2033,25.72062111,31.37587357,21.40254593,12.02646542,1.240872025,101.309433,3.392273426,4.45545435,216.5693207,216.8404236,26.8413105,60.67074585,Autumn,3
9/17/2033,25.58844757,31.2178669,21.29782295,11.98765469,1.264895678,101.312851,3.395174026,4.462330341,216.4373779,216.7135162,26.68434143,60.94013214,Autumn,3
9/18/2033,25.45712662,31.06210518,21.19255638,11.94820309,1.287454724,101.3162842,3.397498131,4.468519211,216.2823486,216.5570831,26.52828026,61.20557404,Autumn,3
9/19/2033,25.32679749,30.90878487,21.08686829,11.90815639,1.308484077,101.3197327,3.399226665,4.473991394,216.1068726,216.3736572,26.37329865,61.46672821,Autumn,3
9/20/2033,25.19758797,30.75805855,20.98085785,11.8675518,1.327926993,101.323204,3.400348902,4.478725433,215.9137115,216.1660156,26.21955681,61.72327423,Autumn,3
9/21/2033,25.06959534,30.61005211,20.87461281,11.8264246,1.345735908,101.3266983,3.400860071,4.482714653,215.7058868,215.9373169,26.06718826,61.97489166,Autumn,3
9/22/2033,24.94290543,30.46486092,20.76821518,11.78479958,1.36187315,101.3302155,3.400764942,4.485957146,215.4866943,215.6908875,25.91629601,62.22132874,Autumn,3
9/23/2033,24.81757164,30.32254028,20.66172981,11.7426939,1.376310229,101.3337631,3.400075436,4.488464355,215.2594299,215.4303131,25.76697159,62.46232605,Autumn,3
9/24/2033,24.69363022,30.18311882,20.55521011,11.7001152,1.389028549,101.337326,3.398812294,4.490259171,215.0276489,215.159317,25.61927223,62.69767761,Autumn,3
9/25/2033,24.5710907,30.04657936,20.44869041,11.6570673,1.400020838,101.3409119,3.397002697,4.491372108,214.7949219,214.8818054,25.47323036,62.92717743,Autumn,3
9/26/2033,24.44993782,29.91287994,20.34219933,11.61354351,1.409288883,101.3445206,3.394681931,4.491845131,214.5649109,214.6017609,25.32886314,63.15068817,Autumn,3
9/27/2033,24.33014297,29.78194046,20.23574066,11.56952953,1.416845679,101.3481445,3.391892672,4.491728783,214.3412781,214.3232422,25.18614769,63.36807251,Autumn,3
9/28/2033,24.2116394,29.65364838,20.12931442,11.52500629,1.422713876,101.3517838,3.388683081,4.491081238,214.1277161,214.050354,25.04505539,63.57923126,Autumn,3
9/29/2033,24.09435081,29.52786255,20.02290154,11.47994328,1.426926374,101.3554306,3.385109186,4.489971638,213.9278259,213.7872162,24.90551949,63.78410339,Autumn,3
9/30/2033,23.97817802,29.4044075,19.91647339,11.43430424,1.429526091,101.3590851,3.38123107,4.488474846,213.7451019,213.5378418,24.76745796,63.98264313,Autumn,3
10/1/2033,23.86299896,29.28307724,19.80998421,11.38805008,1.430565357,101.3627243,3.377114773,4.486672401,213.5830231,213.3062286,24.63076591,64.17483521,Autumn,3
10/2/2033,23.74867439,29.16364098,19.70337868,11.34113216,1.430105209,101.3663559,3.372831345,4.484653473,213.4448395,213.0962067,24.49531555,64.36070251,Autumn,3
10/3/2033,23.63504791,29.04584885,19.59659004,11.29349899,1.428215504,101.369957,3.368453979,4.482510567,213.3336639,212.9114838,24.36096954,64.5402832,Autumn,3
10/4/2033,23.52194977,28.92942047,19.48953819,11.24509335,1.424974442,101.3735275,3.36406064,4.480340958,213.2523651,212.7555084,24.22755814,64.71365356,Autumn,3
10/5/2033,23.40919113,28.8140583,19.38214111,11.19585514,1.420467138,101.3770523,3.359730244,4.478244781,213.2036591,212.6316376,24.09491539,64.88090515,Autumn,3
10/6/2033,23.29657173,28.69945145,19.27429771,11.14572048,1.414785862,101.3805161,3.355543852,4.476325512,213.1899109,212.5428619,23.96285057,65.04214478,Autumn,3
10/7/2033,23.1838913,28.58526802,19.16590881,11.09462452,1.408028364,101.3839111,3.351582766,4.474686623,213.2132721,212.4919128,23.83115768,65.19750977,Autumn,3
10/8/2033,23.07093048,28.47117424,19.05686188,11.0425005,1.40029788,101.3872147,3.347928762,4.473431587,213.275589,212.4812317,23.69963264,65.34716797,Autumn,3
10/9/2033,22.95747185,28.35682297,18.94704628,10.9892807,1.391701937,101.3904266,3.344662666,4.472664356,213.3783112,212.5129395,23.56806374,65.49127197,Autumn,3
10/10/2033,22.84328842,28.24186134,18.83634377,10.93489933,1.382351398,101.3935165,3.341862202,4.472485065,213.5227203,212.5887909,23.43622589,65.6300354,Autumn,3
10/11/2033,22.72815323,28.12593651,18.72463226,10.87929153,1.372359753,101.3964844,3.339605093,4.472991467,213.70961,212.7102051,23.30389786,65.76364136,Autumn,3
10/12/2033,22.61184883,28.00870514,18.61179543,10.82239532,1.361842155,101.3993073,3.337963104,4.474277973,213.9394989,212.8781433,23.17086029,65.89230347,Autumn,3
10/13/2033,22.49414825,27.88981819,18.49771309,10.76415062,1.35091424,101.4019699,3.337005854,4.476433277,214.2125702,213.093277,23.03689194,66.01625824,Autumn,3
10/14/2033,22.37484169,27.76894188,18.382267,10.70450401,1.339691639,101.4044647,3.336796999,4.479540825,214.5286255,213.3558502,22.90178108,66.13574219,Autumn,3
10/15/2033,22.25371933,27.64575577,18.26534271,10.64340496,1.328288794,101.4067688,3.337395668,4.483675957,214.8871002,213.6656647,22.76531792,66.25098419,Autumn,3
10/16/2033,22.13059044,27.51995087,18.14683533,10.58081055,1.316817641,101.4088821,3.33885479,4.48890686,215.2871246,214.0222321,22.62730408,66.36222839,Autumn,3
10/17/2033,22.00526428,27.39123726,18.02664185,10.51668358,1.305387974,101.4107819,3.341220617,4.495295525,215.7274933,214.4245605,22.48755836,66.46972656,Autumn,3
10/18/2033,21.87757683,27.25934792,17.9046669,10.4509964,1.294105053,101.4124603,3.344532251,4.502891541,216.2066803,214.8713989,22.3459053,66.57371521,Autumn,3
10/19/2033,21.74737549,27.12403679,17.78082848,10.38372612,1.283069134,101.4139175,3.348821402,4.511737823,216.7228699,215.3610077,22.20218849,66.67445374,Autumn,3
10/20/2033,21.61452103,26.98508644,17.65505219,10.31486225,1.27237606,101.4151382,3.354112148,4.521865845,217.2738647,215.8914337,22.05626869,66.77217865,Autumn,3
10/21/2033,21.47890282,26.84230995,17.52727127,10.24440098,1.262115002,101.4161148,3.360419989,4.533296585,217.8573456,216.4602814,21.90802193,66.86713409,Autumn,3
10/22/2033,21.34042358,26.69554329,17.39744186,10.17235088,1.252367735,101.4168472,3.36775279,4.546040535,218.4706116,217.0648651,21.75735092,66.95954132,Autumn,3
10/23/2033,21.19901276,26.54466248,17.2655201,10.09872723,1.243209481,101.4173279,3.376109838,4.560098648,219.1108704,217.7023315,21.60417747,67.04962921,Autumn,3
10/24/2033,21.05462074,26.38957596,17.13148689,10.02356052,1.234706879,101.417572,3.385480881,4.575458527,219.7750244,218.3694153,21.44844055,67.13761902,Autumn,3
10/25/2033,20.90722084,26.23021889,16.99533272,9.946888924,1.226918697,101.417572,3.395848513,4.59209919,220.4598999,219.0627136,21.29010773,67.22372437,Autumn,3
10/26/2033,20.75681877,26.06657219,16.85706711,9.868762016,1.219893932,101.4173355,3.407186985,4.609986782,221.1621399,219.778656,21.12917328,67.30813599,Autumn,3
10/27/2033,20.60343552,25.89864731,16.71671104,9.789239883,1.21367383,101.4168625,3.419461012,4.629077911,221.8782654,220.5134125,20.96564865,67.39104462,Autumn,3
10/28/2033,20.44712067,25.72649765,16.57430458,9.708394051,1.208288789,101.4161758,3.432628632,4.649319172,222.6047668,221.2631378,20.79957581,67.4726181,Autumn,3
10/29/2033,20.28795624,25.55020332,16.42990303,9.62630558,1.203761578,101.4152832,3.446639776,4.670646667,223.338089,222.023819,20.63101959,67.55303192,Autumn,3
10/30/2033,20.12603951,25.36989212,16.28358078,9.543067932,1.200103998,101.4141998,3.461437941,4.692987919,224.0746613,222.7914276,20.46006584,67.63243103,Autumn,3
10/31/2033,19.96149826,25.18571663,16.13542366,9.458781242,1.197319031,101.412941,3.476958036,4.71626091,224.8109131,223.5619049,20.28683281,67.71095276,Autumn,3
11/1/2033,19.79448128,24.99787331,15.98553658,9.373558998,1.195400834,101.4115372,3.493130922,4.740374565,225.543396,224.3312531,20.1114502,67.78871918,Autumn,3
11/2/2033,19.62516022,24.80658531,15.83403969,9.287520409,1.194333911,101.409996,3.50988102,4.765233517,226.2686462,225.0954742,19.93408012,67.86585236,Autumn,3
11/3/2033,19.45373535,24.61210442,15.68106747,9.200793266,1.194094539,101.4083557,3.527127504,4.790732384,226.9834137,225.8506775,19.75490189,67.94243622,Autumn,3
11/4/2033,19.2804203,24.41472435,15.52676964,9.1135149,1.19465065,101.4066467,3.544785738,4.816762924,227.6845245,226.5931396,19.57411194,68.01857758,Autumn,3
11/5/2033,19.10544968,24.2147522,15.37130928,9.025827408,1.195961952,101.4048767,3.56276679,4.84321022,228.3690186,227.3192596,19.39193535,68.09432983,Autumn,3
11/6/2033,18.92907715,24.01252937,15.21485806,8.937878609,1.197981596,101.4030991,3.580980539,4.869956017,229.0341034,228.0256042,19.20860481,68.16976929,Autumn,3
11/7/2033,18.75157547,23.80841637,15.0576086,8.849822998,1.200655699,101.4013367,3.599332333,4.89688015,229.6771545,228.7089996,19.0243721,68.24494934,Autumn,3
11/8/2033,18.5732193,23.60279274,14.89975071,8.761816025,1.20392406,101.3996277,3.617728233,4.923860073,230.295929,229.3665161,18.83949852,68.31991577,Autumn,3
11/9/2033,18.3943119,23.39605904,14.74149418,8.674019814,1.207721829,101.3980103,3.636074066,4.950772285,230.8882751,229.9954834,18.65426254,68.39467621,Autumn,3
11/10/2033,18.21515656,23.18862915,14.58305454,8.586595535,1.211979508,101.3965073,3.654273987,4.977493286,231.4524536,230.5935211,18.46895218,68.46928406,Autumn,3
11/11/2033,18.03606224,22.98092461,14.42465019,8.499705315,1.216623545,101.3951721,3.672235966,5.003901482,231.9868774,231.1585693,18.28385544,68.54373169,Autumn,3
11/12/2033,17.8573494,22.77337456,14.2665081,8.413511276,1.221578121,101.3940277,3.68986702,5.02987957,232.4903564,231.6888733,18.09927559,68.61804199,Autumn,3
11/13/2033,17.67934036,22.56641769,14.10885429,8.328175545,1.226764679,101.3931198,3.707079887,5.055308342,232.9619141,232.1830444,17.91550636,68.69220734,Autumn,3
11/14/2033,17.50235748,22.36048889,13.95192528,8.24385643,1.232103944,101.3924789,3.723787785,5.080078125,233.4009705,232.6399841,17.73285675,68.76622009,Autumn,3
11/15/2033,17.32671738,22.15602493,13.79594803,8.160708427,1.237516522,101.3921432,3.739910603,5.104081154,233.8071289,233.0590668,17.5516243,68.84008026,Autumn,3
11/16/2033,17.15274048,21.95345497,13.6411562,8.078882217,1.242923498,101.3921509,3.755371809,5.1272192,234.1804504,233.4398804,17.37210464,68.91376495,Autumn,3
11/17/2033,16.98073578,21.75319862,13.48777485,7.998521805,1.248247027,101.3925323,3.770100117,5.149395943,234.5211487,233.7824249,17.19458771,68.98726654,Autumn,3
11/18/2033,16.81100082,21.55566788,13.33603096,7.919765472,1.253412127,101.3933182,3.784030199,5.170527458,234.8297577,234.0870972,17.01935768,69.06056213,Autumn,3
11/19/2033,16.64383316,21.36125374,13.18614388,7.842745781,1.258346438,101.3945389,3.797104836,5.190535545,235.107193,234.3545837,16.8466835,69.13363647,Autumn,3
11/20/2033,16.47950745,21.17033958,13.0383215,7.767580986,1.262981772,101.396225,3.809271336,5.209350586,235.3544922,234.5858612,16.6768322,69.20645142,Autumn,3
11/21/2033,16.31829071,20.98327827,12.89277077,7.694386482,1.267254591,101.3983917,3.820486307,5.226913452,235.5730133,234.7823029,16.51004601,69.27900696,Autumn,3
11/22/2033,16.160429,20.80040741,12.74968433,7.623265743,1.271106124,101.4010696,3.830711842,5.243175507,235.7643585,234.9455719,16.3465538,69.35127258,Autumn,3
11/23/2033,16.00615311,20.62203979,12.60924435,7.554309845,1.274483681,101.404274,3.839920998,5.258096695,235.9303284,235.0774994,16.18657684,69.4232254,Autumn,3
11/24/2033,15.85567474,20.44845581,12.47162247,7.48760128,1.277341366,101.4080124,3.848091125,5.2716465,236.0729065,235.1803284,16.03030968,69.49485016,Autumn,3
11/25/2033,15.70918179,20.27991295,12.33697701,7.423208714,1.279639721,101.4123077,3.855211258,5.283807755,236.1942444,235.2564392,15.87792587,69.56613159,Autumn,3
11/26/2033,15.56684208,20.11663628,12.20545101,7.36119175,1.28134644,101.4171524,3.861276388,5.294571877,236.2966461,235.3084412,15.72958755,69.63705444,Autumn,3
11/27/2033,15.42880344,19.95882225,12.07717419,7.301594734,1.282437444,101.4225693,3.866290092,5.303941727,236.3825073,235.3391113,15.58542633,69.70759583,Autumn,3
11/28/2033,15.29518986,19.80662727,11.95226097,7.244450569,1.282895803,101.4285355,3.870264292,5.311928749,236.454361,235.3513794,15.44555855,69.77775574,Autumn,3
11/29/2033,15.16609287,19.66018677,11.83080864,7.189780712,1.282713056,101.4350586,3.873218536,5.318557739,236.5147705,235.3482971,15.31007385,69.84751892,Autumn,3
11/30/2033,15.04158974,19.51959229,11.71289825,7.137593746,1.281888723,101.4421234,3.875179768,5.323859215,236.5663452,235.3330078,15.17904472,69.91687775,Autumn,3
12/1/2033,14.92173004,19.38491058,11.59859467,7.087884903,1.280430555,101.4497147,3.876182556,5.327877045,236.6117096,235.3086853,15.05251694,69.98583984,Winter,0
12/2/2033,14.80654049,19.25616837,11.48794937,7.04063797,1.278353572,101.4578171,3.876267672,5.330661774,236.6535034,235.2785187,14.93051338,70.05438995,Winter,0
12/3/2033,14.69601631,19.13336182,11.38098621,6.995826244,1.275681734,101.4664078,3.875483274,5.33227253,236.6942291,235.2457581,14.81303978,70.12252808,Winter,0
12/4/2033,14.59014034,19.0164566,11.27772617,6.953409195,1.27244544,101.4754562,3.873882294,5.33277607,236.7364502,235.2134705,14.70007324,70.19026184,Winter,0
12/5/2033,14.48886395,18.90538597,11.17816448,6.913336754,1.268683434,101.4849243,3.871523857,5.332247734,236.782547,235.1847992,14.59157944,70.25759125,Winter,0
12/6/2033,14.39212418,18.80005455,11.08228207,6.875549316,1.26444006,101.4947891,3.868471146,5.330766678,236.8347626,235.162674,14.48749542,70.32450867,Winter,0
12/7/2033,14.29982567,18.70033455,10.9900465,6.839975357,1.259766817,101.5050049,3.864793062,5.328420639,236.8953247,235.1499634,14.387743,70.39102173,Winter,0
12/8/2033,14.21186447,18.60607719,10.90140724,6.806536674,1.254720569,101.5155258,3.860559702,5.325300217,236.9661713,235.1493378,14.29223061,70.45713043,Winter,0
12/9/2033,14.1281147,18.51710701,10.8163023,6.775146008,1.249363542,101.5263062,3.855845928,5.321499825,237.0491486,235.1632843,14.20084381,70.52284241,Winter,0
12/10/2033,14.04842949,18.43321991,10.73465252,6.745707512,1.243762374,101.5372925,3.850728512,5.317117691,237.145874,235.1940765,14.11345673,70.58815002,Winter,0
12/11/2033,13.97265053,18.35420799,10.65637207,6.718122482,1.237987518,101.5484467,3.845284224,5.312252045,237.2578125,235.2438202,14.02992821,70.65304565,Winter,0
12/12/2033,13.90060806,18.2798233,10.58135605,6.69228363,1.23211205,101.5597,3.839592934,5.307006836,237.3861084,235.3143158,13.95010567,70.71753693,Winter,0
12/13/2033,13.83211708,18.20981979,10.50949287,6.668079376,1.226211905,101.5709991,3.833732367,5.301480293,237.5317993,235.4070587,13.87383461,70.78160858,Winter,0
12/14/2033,13.76698303,18.14393044,10.4406662,6.645395279,1.220364332,101.5822906,3.8277812,5.295775414,237.6955872,235.5234222,13.80093956,70.84525299,Winter,0
12/15/2033,13.70500374,18.08188248,10.37474251,6.624116421,1.214646459,101.5935059,3.821816206,5.289991379,237.8780365,235.6643066,13.73124504,70.9084549,Winter,0
12/16/2033,13.6459713,18.02338982,10.31158638,6.604122162,1.209136128,101.604599,3.815912247,5.28422451,238.0793915,235.8304901,13.66456985,70.97119141,Winter,0
12/17/2033,13.589674,17.96816635,10.25105762,6.585294724,1.203909874,101.6155014,3.81014204,5.278569221,238.2996674,236.0223236,13.60072994,71.03344727,Winter,0
12/18/2033,13.53589916,17.91592598,10.19301128,6.567516327,1.199041605,101.6261444,3.804574251,5.273115158,238.5387115,236.2399597,13.53954506,71.0951767,Winter,0
12/19/2033,13.48443127,17.86637878,10.13729477,6.550668716,1.194603443,101.6364899,3.799274921,5.267949104,238.7960358,236.4832001,13.48082924,71.15635681,Winter,0
12/20/2033,13.43505955,17.81923676,10.08376217,6.534638405,1.190663934,101.6464615,3.794305563,5.263151169,239.0710297,236.7515869,13.42439938,71.21695709,Winter,0
12/21/2033,13.38757229,17.77422714,10.03226089,6.519314766,1.187286735,101.6560135,3.789722681,5.258794785,239.3628082,237.0443573,13.37007904,71.2769165,Winter,0
12/22/2033,13.34177113,17.73107529,9.982640266,6.504590034,1.184530973,101.6650848,3.785578012,5.254948616,239.6703491,237.3604736,13.31769753,71.3361969,Winter,0
12/23/2033,13.29745865,17.68952179,9.934750557,6.490362644,1.182450771,101.6736221,3.781917334,5.251674652,239.9923401,237.6986694,13.26708984,71.39474487,Winter,0
12/24/2033,13.25444984,17.6493206,9.888451576,6.476535797,1.181092978,101.6815872,3.778782368,5.249026299,240.3273621,238.0574036,13.2181015,71.45248413,Winter,0
12/25/2033,13.21256638,17.61023712,9.843600273,6.463019848,1.180498481,101.6889191,3.776206493,5.247050285,240.6738892,238.434967,13.17058372,71.50937653,Winter,0
12/26/2033,13.17164516,17.57206154,9.800063133,6.44973278,1.180700779,101.6955948,3.774219036,5.245786667,241.0301361,238.8293457,13.12440109,71.56532288,Winter,0
12/27/2033,13.13153362,17.53459358,9.757711411,6.43659687,1.181725264,101.701561,3.772842169,5.245264053,241.3943024,239.2384491,13.07942963,71.62026978,Winter,0
12/28/2033,13.09209538,17.49765587,9.716425896,6.423545837,1.183590293,101.7067871,3.77209115,5.24550724,241.7644653,239.6599274,13.03556252,71.6741333,Winter,0
12/29/2033,13.05320644,17.46109581,9.676095009,6.410520554,1.186305165,101.7112503,3.771976233,5.246529579,242.1385956,240.0913696,12.99269867,71.7268219,Winter,0
12/30/2033,13.01476192,17.42477608,9.636610985,6.397469997,1.189871311,101.71492,3.772500038,5.248337746,242.5146332,240.5302124,12.95075417,71.77825165,Winter,0
12/31/2033,12.97667122,17.38858795,9.597882271,6.384352207,1.194281578,101.7177811,3.773660183,5.250930786,242.8905182,240.9738007,12.90965843,71.82833862,Winter,0
1/1/2034,12.93885994,17.35244179,9.559826851,6.371134758,1.19952035,101.7198105,3.775447607,5.254299164,243.2640686,241.4194489,12.86935997,71.8769989,Winter,0
1/2/2034,12.90127087,17.31627464,9.522368431,6.357791901,1.205563068,101.7210159,3.777847052,5.25842762,243.6332703,241.8644562,12.82981682,71.92412567,Winter,0
1/3/2034,12.86386871,17.28004646,9.485449791,6.344309807,1.212377906,101.7213821,3.78083992,5.263292313,243.9960022,242.3060303,12.79100609,71.96962738,Winter,0
1/4/2034,12.82663059,17.24374199,9.44901371,6.330681324,1.219924331,101.7209167,3.784399271,5.268861771,244.350235,242.7414703,12.75291061,72.01342773,Winter,0
1/5/2034,12.78954506,17.20735931,9.413022995,6.316907883,1.228154421,101.7196274,3.788496256,5.275100708,244.6940765,243.1680908,12.71553421,72.05541229,Winter,0
1/6/2034,12.75263119,17.17093658,9.377450943,6.302999496,1.237012982,101.7175217,3.79309535,5.281966209,245.0255737,243.5833282,12.67889595,72.09551239,Winter,0
1/7/2034,12.71591091,17.13452339,9.342277527,6.288974762,1.246437311,101.7146225,3.798158169,5.289410591,245.3430786,243.9846497,12.64302444,72.13361359,Winter,0
1/8/2034,12.67943382,17.09818459,9.307494164,6.274856567,1.256359577,101.7109604,3.803642035,5.297383308,245.6448822,244.3696747,12.60795975,72.16964722,Winter,0
1/9/2034,12.64325142,17.06201935,9.273109436,6.260680199,1.266705632,101.7065582,3.809502602,5.305826187,245.9295044,244.7361603,12.57375145,72.20352173,Winter,0
1/10/2034,12.60743523,17.02613068,9.239133835,6.246481895,1.277395844,101.7014465,3.815691233,5.314680099,246.1955872,245.0819855,12.54046535,72.23516083,Winter,0
1/11/2034,12.57207108,16.99064636,9.205590248,6.232305527,1.288347125,101.6956635,3.822157621,5.323882103,246.4419556,245.4052734,12.50817299,72.26449585,Winter,0
1/12/2034,12.53725147,16.95570946,9.172514915,6.218200684,1.299472213,101.6892548,3.828850746,5.333368301,246.6675262,245.7042694,12.47695446,72.29145813,Winter,0
1/13/2034,12.50308132,16.92147255,9.139946938,6.204220772,1.310680985,101.6822662,3.835718393,5.343071938,246.8714905,245.9774628,12.44689941,72.31597137,Winter,0
1/14/2034,12.46967697,16.88810349,9.107936859,6.190423012,1.321881652,101.6747437,3.842706442,5.352925301,247.0531311,246.2235565,12.41809082,72.33798981,Winter,0
1/15/2034,12.43715763,16.85577393,9.076539993,6.176867485,1.332981229,101.666748,3.849761248,5.362861633,247.2119446,246.4414825,12.39063835,72.35747528,Winter,0
1/16/2034,12.405653,16.82466888,9.045818329,6.163616657,1.343885899,101.6583252,3.856830835,5.372814178,247.347641,246.6303864,12.36463642,72.37436676,Winter,0
1/17/2034,12.37529373,16.79497719,9.015846252,6.150733948,1.354502559,101.6495438,3.863862991,5.382716179,247.4600372,246.7896118,12.34018898,72.38863373,Winter,0
1/18/2034,12.34621716,16.76689148,8.986689568,6.138284683,1.364739895,101.6404495,3.870806456,5.392503738,247.5491791,246.918869,12.31740189,72.40026093,Winter,0
1/19/2034,12.31856155,16.74060822,8.958426476,6.12633276,1.374508023,101.6311035,3.877612591,5.402113914,247.6152802,247.0179291,12.29637337,72.40922546,Winter,0
1/20/2034,12.2924633,16.71632195,8.931139946,6.114942551,1.383720636,101.6215744,3.884235144,5.411488533,247.6587067,247.0869141,12.27721024,72.41550446,Winter,0
1/21/2034,12.26805687,16.69421959,8.904910088,6.104176044,1.392294765,101.6119232,3.89062953,5.420568466,247.6799774,247.1261597,12.26001167,72.41910553,Winter,0
1/22/2034,12.24548531,16.67449379,8.879817963,6.09409523,1.400152206,101.6022034,3.896754265,5.429302216,247.6797791,247.1361847,12.24487114,72.42003632,Winter,0
1/23/2034,12.22487068,16.65732384,8.855949402,6.084757328,1.407219529,101.5924835,3.902570486,5.43764019,247.658905,247.117691,12.23187923,72.41830444,Winter,0
1/24/2034,12.2063446,16.64288521,8.833386421,6.076217651,1.413429737,101.5828094,3.908044815,5.44553566,247.6182556,247.0716705,12.22111893,72.4139328,Winter,0
1/25/2034,12.19002533,16.63134575,8.812211037,6.068525314,1.418721676,101.5732498,3.913144112,5.452950478,247.5589294,246.9992371,12.21267319,72.40694427,Winter,0
1/26/2034,12.17602921,16.62285423,8.79250145,6.061728477,1.423041821,101.563858,3.917841911,5.45984745,247.4820251,246.9016266,12.20660973,72.39737701,Winter,0
1/27/2034,12.16445732,16.61755753,8.774335861,6.055870056,1.426343441,101.5546799,3.922114134,5.466194153,247.3887634,246.7803345,12.20299339,72.38526917,Winter,0
1/28/2034,12.15541077,16.61558723,8.75778389,6.050985813,1.428588033,101.5457687,3.925940752,5.471963882,247.280426,246.6368866,12.20187759,72.3706665,Winter,0
1/29/2034,12.14897442,16.61705399,8.742917061,6.04710865,1.429745436,101.5371704,3.929306507,5.477137566,247.1583405,246.4729767,12.2033062,72.35361481,Winter,0
1/30/2034,12.14522552,16.62206459,8.729801178,6.044264793,1.429793358,101.528923,3.932198524,5.481697083,247.0238495,246.2903748,12.20731735,72.33418274,Winter,0
1/31/2034,12.14422607,16.63069725,8.718490601,6.042473793,1.428718448,101.5210571,3.93460989,5.485630989,246.8783417,246.0909424,12.21393585,72.31240845,Winter,0
2/1/2034,12.1460371,16.64302635,8.709043503,6.041752338,1.426516533,101.5136261,3.936535597,5.488931656,246.7231903,245.8765869,12.22318172,72.2883606,Winter,0
2/2/2034,12.15069771,16.6591053,8.701505661,6.042109489,1.423191428,101.5066376,3.937975407,5.491599083,246.5597382,245.6492157,12.23505783,72.26210785,Winter,0
2/3/2034,12.15824223,16.67896843,8.695919037,6.043546677,1.418755651,101.5001221,3.938932896,5.493632317,246.3893127,245.4107819,12.24956703,72.23370361,Winter,0
2/4/2034,12.16868877,16.70263481,8.692316055,6.046062469,1.413230896,101.4941025,3.939413548,5.495040894,246.2131805,245.1632233,12.26669693,72.20321655,Winter,0
2/5/2034,12.18204689,16.73010826,8.690728188,6.049648762,1.40664649,101.4885864,3.939427853,5.495834351,246.0325775,244.9084015,12.28642654,72.1707077,Winter,0
2/6/2034,12.19831276,16.76137924,8.691177368,6.054292679,1.399039984,101.4835815,3.938988209,5.496026993,245.8486328,244.6482391,12.30872726,72.13625336,Winter,0
2/7/2034,12.21747208,16.79641342,8.693675995,6.05997467,1.390456796,101.4790878,3.938109159,5.495635033,245.6624451,244.384491,12.33356094,72.09989166,Winter,0
2/8/2034,12.23950195,16.83516502,8.698235512,6.066671848,1.380948901,101.4751129,3.93680954,5.494679451,245.4749146,244.118866,12.36088943,72.06169891,Winter,0
2/9/2034,12.2643671,16.87758636,8.704857826,6.074357033,1.370576024,101.4716415,3.93510747,5.493185043,245.2869873,243.852951,12.39065647,72.02171326,Winter,0
2/10/2034,12.29202461,16.92359734,8.713540077,6.082996368,1.359403253,101.4686584,3.933025837,5.491175652,245.0993652,243.5882568,12.42280769,71.97999573,Winter,0
2/11/2034,12.32241821,16.97311592,8.724270821,6.092556953,1.34750104,101.4661484,3.930587053,5.488678932,244.912735,243.3261871,12.45728111,71.9365921,Winter,0
2/12/2034,12.35548973,17.02604675,8.737036705,6.10299921,1.334945679,101.4640884,3.92781496,5.485724449,244.7276001,243.0678864,12.49400902,71.8915329,Winter,0
2/13/2034,12.3911705,17.08228302,8.751814842,6.114280224,1.321816921,101.4624481,3.924735308,5.482341766,244.544342,242.8145294,12.5329237,71.84486389,Winter,0
2/14/2034,12.42938328,17.14171219,8.768579483,6.126357079,1.308197975,101.4612045,3.921373367,5.478561401,244.3633118,242.5669861,12.57395172,71.79660034,Winter,0
2/15/2034,12.47004986,17.20420837,8.787306786,6.139185905,1.294175267,101.4603195,3.917755127,5.474415779,244.1845856,242.3260193,12.61702156,71.7467804,Winter,0
2/16/2034,12.51307964,17.26964188,8.807958603,6.152718067,1.279836774,101.4597549,3.913906574,5.469935417,244.0082703,242.0923004,12.66204834,71.69541168,Winter,0
2/17/2034,12.55839443,17.33788109,8.830495834,6.166908264,1.265272021,101.4594574,3.909853697,5.465150833,243.8342438,241.8662262,12.70896721,71.6424942,Winter,0
2/18/2034,12.60589027,17.40878487,8.854884148,6.181707382,1.250570655,101.459404,3.90562129,5.460092545,243.6623535,241.6480865,12.75769615,71.58804321,Winter,0
2/19/2034,12.65548134,17.48221397,8.881077766,6.197071075,1.235822082,101.4595337,3.901234388,5.454791069,243.4922638,241.4380035,12.80816555,71.53205109,Winter,0
2/20/2034,12.7070713,17.55801964,8.909029961,6.212950706,1.221114516,101.4598007,3.896716833,5.449274063,243.3236389,241.2359314,12.86030197,71.47450256,Winter,0
2/21/2034,12.76056194,17.63606262,8.938699722,6.22930336,1.206534266,101.4601517,3.892090559,5.443570137,243.1559601,241.041687,12.9140358,71.41539001,Winter,0
2/22/2034,12.81586361,17.71620178,8.97003746,6.246086121,1.192164898,101.4605484,3.887377501,5.437703133,242.9886322,240.8549194,12.96930313,71.35467529,Winter,0
2/23/2034,12.87288189,17.79829407,9.002998352,6.26325798,1.178087115,101.4609299,3.882596731,5.431698799,242.8211212,240.6751862,13.02604485,71.29233551,Winter,0
2/24/2034,12.93153,17.88220787,9.037530899,6.280779839,1.164377451,101.4612427,3.87776804,5.425578117,242.6526337,240.5018463,13.08420181,71.22834778,Winter,0
2/25/2034,12.99171543,17.96780586,9.073594093,6.298617363,1.15110755,101.461441,3.8729074,5.419363022,242.4825287,240.3342285,13.14372253,71.16267395,Winter,0
2/26/2034,13.05335999,18.05496597,9.11113739,6.316738605,1.138344407,101.4614792,3.868030071,5.413069725,242.3099823,240.171463,13.20456028,71.09525299,Winter,0
2/27/2034,13.11637878,18.14356232,9.150119781,6.335114479,1.126149178,101.4613037,3.863150835,5.406716347,242.1342163,240.0126953,13.26667881,71.02606201,Winter,0
2/28/2034,13.18070507,18.23348045,9.190497398,6.353720665,1.114576697,101.4608688,3.858280897,5.400317192,241.9544525,239.8569183,13.33003998,70.95503998,Winter,0
3/1/2034,13.2462635,18.32461739,9.23223114,6.372535229,1.103675961,101.4601364,3.853431702,5.393884659,241.7698669,239.7030945,13.39461327,70.88214111,Spring,1
3/2/2034,13.31299305,18.41686821,9.275276184,6.391541004,1.093488812,101.459053,3.848611355,5.387430191,241.5796967,239.5501099,13.46038055,70.80732727,Spring,1
3/3/2034,13.38083553,18.51014328,9.319605827,6.410725594,1.084049702,101.4575958,3.843827963,5.380962372,241.3831635,239.3968964,13.52731895,70.73054504,Spring,1
3/4/2034,13.44974041,18.60435867,9.365180016,6.430078506,1.075386643,101.4557266,3.839087963,5.374489784,241.1795654,239.2422638,13.59541988,70.65174866,Spring,1
3/5/2034,13.51966,18.69944,9.411971092,6.449594498,1.067519546,101.4534073,3.834395885,5.368017197,240.9682159,239.0851135,13.66468048,70.57089233,Spring,1
3/6/2034,13.59055233,18.79532051,9.459949493,6.469272614,1.060461164,101.4506149,3.829756498,5.361551285,240.7485352,238.9243164,13.73509216,70.48793793,Spring,1
3/7/2034,13.66238689,18.89194298,9.509094238,6.489114761,1.054217458,101.4473343,3.825172186,5.35509491,240.5199432,238.7587585,13.80666447,70.40284729,Spring,1
3/8/2034,13.73513317,18.98925781,9.559376717,6.509126186,1.048786044,101.4435349,3.820645332,5.348649979,240.2819824,238.5873871,13.87940121,70.31558228,Spring,1
3/9/2034,13.80876827,19.08722305,9.610780716,6.529315948,1.04415822,101.4392166,3.81617713,5.342219353,240.034256,238.4092255,13.95331764,70.22612762,Spring,1
3/10/2034,13.8832798,19.18580055,9.663293839,6.549697399,1.04031837,101.4343643,3.811769009,5.335805893,239.7764893,238.2232971,14.02842712,70.13446045,Spring,1
3/11/2034,13.95864582,19.28496742,9.716898918,6.57028389,1.037243366,101.4289703,3.807421446,5.329410553,239.5083923,238.0287628,14.10474586,70.04056549,Spring,1
3/12/2034,14.03486443,19.38470268,9.771584511,6.591094017,1.034904957,101.4230423,3.803134918,5.323032379,239.2299347,237.8248749,14.18229675,69.94443512,Spring,1
3/13/2034,14.11192989,19.48498917,9.827342987,6.612147331,1.033268094,101.4165878,3.798909903,5.316675186,238.9410248,237.6109009,14.26109314,69.84607697,Spring,1
3/14/2034,14.18984413,19.58582497,9.884165764,6.633464813,1.032292485,101.4096069,3.794746399,5.310338974,238.6417084,237.386261,14.34116745,69.74550629,Spring,1
3/15/2034,14.26860523,19.68719482,9.94204998,6.655068398,1.031933308,101.4021301,3.790645838,5.304027557,238.3322296,237.1504669,14.42253304,69.64274597,Spring,1
3/16/2034,14.34822178,19.78910828,10.00099277,6.676983356,1.032140493,101.394165,3.786608934,5.297740936,238.0127411,236.9031525,14.50521469,69.53782654,Spring,1
3/17/2034,14.4287014,19.89156342,10.06099224,6.699234009,1.032860398,101.3857422,3.782637119,5.291483879,237.6836395,236.644043,14.58922958,69.43078613,Spring,1
3/18/2034,14.51005268,19.99456787,10.12204552,6.72184515,1.034035802,101.3768921,3.778733253,5.285259247,237.3453064,236.3729553,14.67459869,69.32167053,Spring,1
3/19/2034,14.5922823,20.09813118,10.18415356,6.744841576,1.0356071,101.3676453,3.774899244,5.279072762,236.9982452,236.089859,14.76133728,69.2105484,Spring,1
3/20/2034,14.67540359,20.20226097,10.24732018,6.768248558,1.037512183,101.3580322,3.771138906,5.272931099,236.6430206,235.7947998,14.8494606,69.0974884,Spring,1
3/21/2034,14.75942516,20.30696678,10.31154251,6.792088509,1.039687276,101.3480988,3.767455339,5.266838074,236.2802582,235.4879303,14.93897247,68.98257446,Spring,1
3/22/2034,14.8443594,20.41226006,10.37682152,6.816385269,1.042067647,101.3378906,3.763854265,5.260804176,235.9105988,235.1695251,15.02988625,68.86588287,Spring,1
3/23/2034,14.93021107,20.51815033,10.44316101,6.841160297,1.044588566,101.3274384,3.760340929,5.254836082,235.5347595,234.839859,15.1221981,68.74752045,Spring,1
3/24/2034,15.01698875,20.62464523,10.51056004,6.866431713,1.047185302,101.316803,3.756921053,5.248943329,235.1535187,234.4994049,15.21590996,68.62759399,Spring,1
3/25/2034,15.10469913,20.73175049,10.57901859,6.892217636,1.04979372,101.3060303,3.753601789,5.243136406,234.7675934,234.1486664,15.31101036,68.5062027,Spring,1
3/26/2034,15.19334698,20.83947754,10.64853382,6.918532372,1.052350998,101.2951736,3.750389338,5.237425804,234.3777924,233.7881927,15.40748787,68.383461,Spring,1
3/27/2034,15.28292847,20.94781876,10.71910477,6.945390701,1.054796934,101.2842789,3.74729228,5.231823921,233.9848328,233.4185944,15.50532913,68.2594986,Spring,1
3/28/2034,15.37344551,21.05678177,10.79072857,6.972801208,1.057072878,101.2733917,3.744317532,5.226340294,233.5895386,233.0405426,15.60450935,68.13444519,Spring,1
3/29/2034,15.46489429,21.16636086,10.86340046,7.000772476,1.059123278,101.2625809,3.741472721,5.220988274,233.1925964,232.6547546,15.70500565,68.00841522,Spring,1
3/30/2034,15.55726719,21.27655029,10.93711567,7.029310226,1.060896158,101.2518921,3.73876667,5.215777397,232.7947388,232.2619476,15.80678368,67.88154602,Spring,1
3/31/2034,15.65055275,21.38734436,11.01186657,7.058415413,1.062342525,101.2413712,3.736206293,5.210721016,232.3966064,231.862854,15.90980721,67.75396729,Spring,1
4/1/2034,15.7447443,21.4987278,11.08764267,7.088088036,1.063417792,101.2310715,3.733799458,5.205828667,231.9987793,231.4581757,16.01403999,67.62581635,Spring,1
4/2/2034,15.83982086,21.61068916,11.1644392,7.11832428,1.064081669,101.2210464,3.731552124,5.201111794,231.6018219,231.0487061,16.11943817,67.49720001,Spring,1
4/3/2034,15.93576813,21.7232132,11.24224472,7.149119854,1.064297915,101.2113342,3.729470491,5.196578026,231.2062073,230.6351166,16.22595596,67.36825562,Spring,1
4/4/2034,16.03256607,21.83628082,11.32104111,7.180464745,1.064035058,101.2019882,3.727560043,5.192234039,230.8123474,230.2180786,16.33354378,67.23910522,Spring,1
4/5/2034,16.13019562,21.94986916,11.40082455,7.212347984,1.063266754,101.1930542,3.725824118,5.188087463,230.4205017,229.7982635,16.44214821,67.10984802,Spring,1
4/6/2034,16.22863388,22.06395912,11.48157787,7.244756699,1.061970592,101.1845551,3.724265337,5.184142113,230.0309753,229.3762207,16.55172157,66.98059845,Spring,1
4/7/2034,16.32785416,22.17852783,11.56328583,7.277676582,1.060129881,101.1765442,3.722884655,5.180399895,229.6438293,228.9524994,16.66221046,66.85144806,Spring,1
4/8/2034,16.42783356,22.29355431,11.64593697,7.311090946,1.057732344,101.1690445,3.721681118,5.176860809,229.2591858,228.5276031,16.77355766,66.7224884,Spring,1
4/9/2034,16.52854729,22.40900993,11.72951603,7.344980717,1.054770112,101.1620941,3.720653057,5.173522949,228.8769379,228.1019135,16.88571358,66.59378052,Spring,1
4/10/2034,16.62997055,22.52487946,11.81400871,7.379327297,1.051240325,101.1557083,3.719795227,5.170380592,228.496994,227.6757813,16.99862289,66.4654007,Spring,1
4/11/2034,16.73208046,22.64113808,11.89940071,7.41410923,1.047144175,101.1499176,3.719101429,5.167424202,228.1191406,227.2494659,17.11224174,66.33739471,Spring,1
4/12/2034,16.83485031,22.75776863,11.98567963,7.449307442,1.042487264,101.1447372,3.718561888,5.164644241,227.7430115,226.8231659,17.22652054,66.20979309,Spring,1
4/13/2034,16.93826675,22.87475395,12.07283592,7.484899521,1.037278891,101.1401825,3.718166113,5.162026405,227.3683167,226.3970032,17.34141541,66.08261871,Spring,1
4/14/2034,17.04230118,22.9920826,12.16085529,7.520864964,1.031531811,101.136261,3.717900515,5.159553528,226.9945679,225.970993,17.45689011,65.95587921,Spring,1
4/15/2034,17.14694595,23.10974503,12.24972916,7.557182312,1.025262713,101.1329803,3.71774888,5.157203674,226.6212311,225.545166,17.57290459,65.82955933,Spring,1
4/16/2034,17.25218201,23.22773552,12.33945084,7.593832493,1.018490314,101.1303406,3.717693567,5.15495491,226.2477264,225.1193695,17.68943596,65.7036438,Spring,1
4/17/2034,17.35800171,23.34605598,12.43001747,7.630795479,1.011236429,101.1283417,3.717712879,5.152779579,225.8735046,224.6934509,17.80645943,65.57807159,Spring,1
4/18/2034,17.46440125,23.46471214,12.52142048,7.668054581,1.003525138,101.126976,3.717784882,5.150647163,225.4978638,224.2672729,17.92395782,65.45279694,Spring,1
4/19/2034,17.57137489,23.58370972,12.61366177,7.705594063,0.99538213,101.1262283,3.717883825,5.148526192,225.1201782,223.8405762,18.04191971,65.3277359,Spring,1
4/20/2034,17.67893219,23.70306969,12.70674515,7.743398666,0.986834049,101.1260986,3.717983246,5.146382332,224.7397461,223.4130096,18.16034317,65.20279694,Spring,1
4/21/2034,17.78707504,23.82281685,12.80067062,7.781456947,0.977909267,101.126564,3.718053102,5.144174576,224.3559113,222.9842834,18.27923584,65.07787323,Spring,1
4/22/2034,17.8958168,23.942976,12.89544964,7.819758415,0.968636394,101.1276016,3.718063831,5.14186573,223.9680328,222.5540924,18.39860725,64.95285034,Spring,1
4/23/2034,18.00518227,24.06358528,12.99109077,7.858294487,0.959043801,101.1291809,3.717983246,5.139411926,223.5754547,222.1220703,18.51847839,64.82758331,Spring,1
4/24/2034,18.11518669,24.18468666,13.08760548,7.897061348,0.949160516,101.1312943,3.717777252,5.136770248,223.1776733,221.6878967,18.63887405,64.70191956,Spring,1
4/25/2034,18.2258606,24.30632782,13.18501091,7.936055183,0.939014375,101.1339035,3.717411995,5.13389492,222.7741241,221.2512512,18.75983047,64.57570648,Spring,1
4/26/2034,18.33723831,24.42856598,13.2833271,7.975276947,0.928632379,101.1369705,3.716853142,5.130743027,222.3644104,220.8118439,18.88139153,64.44876862,Spring,1
4/27/2034,18.44935989,24.55145836,13.38257217,8.0147295,0.918040335,101.14048,3.716065168,5.12726593,221.9481354,220.3694458,19.0036087,64.32091522,Spring,1
4/28/2034,18.56226349,24.67507362,13.48277187,8.05441761,0.907262802,101.1443863,3.71501255,5.123418808,221.525116,219.9238586,19.1265316,64.19195557,Spring,1
4/29/2034,18.6760006,24.79948044,13.58395386,8.094348907,0.89632225,101.1486511,3.713661432,5.119156837,221.0951538,219.4749603,19.25022697,64.06170654,Spring,1
4/30/2034,18.7906189,24.9247551,13.68614483,8.134534836,0.885239422,101.1532516,3.711978674,5.114434242,220.6582489,219.0227356,19.37475395,63.9299469,Spring,1
5/1/2034,18.90617371,25.0509758,13.78937149,8.174986839,0.874032855,101.1581345,3.709929943,5.109209061,220.2145386,218.567215,19.50019646,63.7964859,Spring,1
5/2/2034,19.02272415,25.17822647,13.89367104,8.21572113,0.862718225,101.1632767,3.707485914,5.103441238,219.7642365,218.1085052,19.62662315,63.66110229,Spring,1
5/3/2034,19.14032364,25.30658531,13.99907112,8.256752968,0.851309836,101.1686325,3.704616785,5.097092628,219.3077545,217.6468964,19.75411606,63.52360535,Spring,1
5/4/2034,19.25903702,25.43614197,14.10560799,8.298101425,0.839818418,101.1741638,3.701296329,5.090127945,218.8456421,217.182724,19.88275528,63.3837738,Spring,1
5/5/2034,19.37892532,25.56697845,14.2133112,8.33978653,0.828252912,101.1798401,3.69749999,5.082515717,218.3785858,216.7164917,20.01262665,63.24141693,Spring,1
5/6/2034,19.50004578,25.6991806,14.32221794,8.381827354,0.816619635,101.1856308,3.693207502,5.074228287,217.9074249,216.248764,20.14380836,63.09633636,Spring,1
5/7/2034,19.62246323,25.83282852,14.43235779,8.424246788,0.804921806,101.1914825,3.688401699,5.065244675,217.433197,215.7803192,20.27638817,62.948349,Spring,1
5/8/2034,19.74623871,25.96800423,14.5437603,8.467066765,0.793160975,101.1973801,3.683068037,5.055545807,216.9570007,215.3120117,20.41044426,62.79727936,Spring,1
5/9/2034,19.87142563,26.1047821,14.65645885,8.510308266,0.781336308,101.2032776,3.67719698,5.045118332,216.4801941,214.8447876,20.54605675,62.64295197,Spring,1
5/10/2034,19.99807358,26.24322891,14.77047634,8.553993225,0.769444406,101.2091599,3.670784712,5.033956528,216.0041962,214.3798218,20.68330002,62.48522949,Spring,1
5/11/2034,20.12623978,26.38341331,14.88583565,8.598142624,0.757480323,101.2149811,3.663828135,5.022059441,215.5305328,213.9183197,20.82224274,62.32395935,Spring,1
5/12/2034,20.25596237,26.52539063,15.00256157,8.642775536,0.745437503,101.220726,3.656333447,5.009430885,215.0609741,213.4616394,20.96294785,62.15903473,Spring,1
5/13/2034,20.38728142,26.66920471,15.12066746,8.68791008,0.733307242,101.2263718,3.648307562,4.996085167,214.59729,213.011261,21.10547256,61.99035645,Spring,1
5/14/2034,20.52022934,26.81489754,15.2401619,8.733563423,0.721080661,101.2318878,3.639765501,4.982038498,214.1413879,212.5687561,21.24986649,61.81783295,Spring,1
5/15/2034,20.65483093,26.96250153,15.36105824,8.779747009,0.70874685,101.2372513,3.630725622,4.967316628,213.6952362,212.1357727,21.39616776,61.6414032,Spring,1
5/16/2034,20.79109764,27.11202812,15.48335457,8.826475143,0.696294606,101.2424622,3.621212006,4.95195055,213.2609558,211.7140503,21.54440498,61.46102905,Spring,1
5/17/2034,20.92904472,27.26348495,15.60704708,8.873753548,0.68371278,101.2474823,3.611253977,4.935978889,212.8405762,211.3053894,21.69459915,61.27668762,Spring,1
5/18/2034,21.06866264,27.4168663,15.73212337,8.921589851,0.670989573,101.2523193,3.600884438,4.919445992,212.4362793,210.9116516,21.84675789,61.08840179,Spring,1
5/19/2034,21.20994377,27.572155,15.85856819,8.969984055,0.658113539,101.2569504,3.590143204,4.902403831,212.0501862,210.534729,22.00087738,60.89618683,Spring,1
5/20/2034,21.35286522,27.7293129,15.98635674,9.01893425,0.645073891,101.2613678,3.579072237,4.884907722,211.6844482,210.1764679,22.15694046,60.70009613,Spring,1
5/21/2034,21.49739456,27.88829422,16.11545563,9.068436623,0.631860793,101.265564,3.567721128,4.867022514,211.3411407,209.8388367,22.31492043,60.50020599,Spring,1
5/22/2034,21.64348602,28.04903603,16.24582863,9.118477821,0.618465066,101.2695389,3.556140184,4.848814964,211.0223083,209.5236664,22.4747715,60.29663086,Spring,1
5/23/2034,21.7910881,28.21146584,16.37742805,9.169044495,0.604879439,101.2732849,3.544385195,4.830359459,210.7299805,209.2328186,22.63644028,60.08948517,Spring,1
5/24/2034,21.94013023,28.37549019,16.5102005,9.22012043,0.591097891,101.2768021,3.532516003,4.811733246,210.4659576,208.9680481,22.79985619,59.87892151,Spring,1
5/25/2034,22.09053802,28.54101372,16.64408493,9.271679878,0.577116132,101.280098,3.520593643,4.793018341,210.2320557,208.7310181,22.96493912,59.66511536,Spring,1
5/26/2034,22.24222374,28.70790863,16.77901268,9.323698044,0.562932432,101.2831726,3.508683443,4.774298668,210.0298157,208.5233154,23.13158989,59.44825745,Spring,1
5/27/2034,22.39508438,28.87604523,16.91490555,9.376143456,0.548547029,101.2860184,3.496851206,4.755662918,209.8607941,208.346405,23.29970169,59.22856903,Spring,1
5/28/2034,22.54901314,29.04528618,17.05168343,9.428979874,0.53396219,101.2886581,3.485165119,4.737200737,209.7262115,208.2016144,23.46915627,59.00627899,Spring,1
5/29/2034,22.70388985,29.21547127,17.18925476,9.482169151,0.519183457,101.2910843,3.473694563,4.719003677,209.627121,208.0900726,23.6398201,58.78164673,Spring,1
5/30/2034,22.85958481,29.38643646,17.32752037,9.535667419,0.504218102,101.2933121,3.46250844,4.701161861,209.5644379,208.0127563,23.81155014,58.5549469,Spring,1
5/31/2034,23.01595879,29.55800247,17.46638107,9.589430809,0.489076674,101.2953415,3.45167613,4.683767319,209.5387878,207.9704285,23.98418999,58.32646179,Spring,1
6/1/2034,23.17286682,29.72998428,17.60572433,9.643408775,0.473772168,101.2971878,3.441265583,4.666910172,209.5505524,207.9636688,24.15757561,58.09650421,Summer,2
6/2/2034,23.33015633,29.90219116,17.74543953,9.697547913,0.458319962,101.298851,3.431343794,4.650678635,209.5998383,207.9928131,24.33153725,57.86537933,Summer,2
6/3/2034,23.48766708,30.07441521,17.88540649,9.751795769,0.442738146,101.300354,3.421975851,4.635158539,209.686615,208.0579529,24.50589561,57.63341522,Summer,2
6/4/2034,23.64522934,30.24645996,18.02550316,9.806095123,0.427047819,101.3016891,3.413223267,4.6204319,209.8103943,208.1589508,24.68046188,57.40094757,Summer,2
6/5/2034,23.80267715,30.41810608,18.16560173,9.860388756,0.411271572,101.3028793,3.405145645,4.606577873,209.9705963,208.2954102,24.8550415,57.16832733,Summer,2
6/6/2034,23.95983696,30.58914375,18.30557632,9.914617538,0.395434588,101.3039246,3.397797346,4.593667507,210.1661987,208.4666748,25.02944756,56.9358902,Summer,2
6/7/2034,24.11652565,30.75935936,18.44529343,9.968722343,0.379564285,101.3048325,3.39122963,4.581769466,210.3960266,208.671814,25.20347595,56.70398712,Summer,2
6/8/2034,24.27257347,30.92854118,18.58462334,10.02264214,0.363689512,101.3056183,3.385487556,4.570944309,210.6585999,208.9096375,25.37692451,56.47296143,Summer,2
6/9/2034,24.42779922,31.0964756,18.72343063,10.07631779,0.347841233,101.3062744,3.380611897,4.561245918,210.9521484,209.1786957,25.54959869,56.24317932,Summer,2
6/10/2034,24.58203125,31.2629528,18.86158562,10.12969303,0.332051218,101.3068237,3.376637459,4.552721024,211.2746582,209.4773254,25.7212925,56.0149765,Summer,2
6/11/2034,24.73508835,31.42777061,18.99895287,10.18270874,0.316352338,101.3072662,3.373591423,4.545407295,211.6238556,209.8035278,25.891819,55.78868866,Summer,2
6/12/2034,24.88680267,31.59073257,19.1354084,10.23531151,0.300778687,101.3076096,3.371496439,4.539333344,211.9972992,210.1551514,26.06097603,55.56465912,Summer,2
6/13/2034,25.03700638,31.75164604,19.27082062,10.28744698,0.285364419,101.3078461,3.370366573,4.534521103,212.3922119,210.5297546,26.22858047,55.34320068,Summer,2
6/14/2034,25.18554115,31.91032791,19.40506935,10.33906746,0.270144016,101.307991,3.370209694,4.53098011,212.8057556,210.9247131,26.39444923,55.12464142,Summer,2
6/15/2034,25.33224678,32.06661224,19.53803062,10.39012527,0.255151987,101.3080368,3.371025562,4.528713226,213.234787,211.3371887,26.55840683,54.9092865,Summer,2
6/16/2034,25.47697639,32.22033691,19.66959381,10.44057751,0.24042204,101.3079987,3.372806787,4.527711868,213.6761017,211.7641907,26.72028732,54.69741821,Summer,2
6/17/2034,25.61959457,32.37135315,19.79964256,10.49038601,0.225987345,101.307869,3.375539064,4.527956486,214.126297,212.2025757,26.8799324,54.48930359,Summer,2
6/18/2034,25.7599678,32.51952362,19.92807961,10.5395174,0.211880192,101.3076401,3.379199266,4.529419899,214.5819092,212.6490173,27.03719902,54.28521729,Summer,2
6/19/2034,25.89797211,32.66472626,20.05480194,10.58794022,0.198131174,101.3073273,3.383758068,4.532064438,215.0393829,213.1001434,27.19194412,54.08540344,Summer,2
6/20/2034,26.03350258,32.80686188,20.17971992,10.63563156,0.184769899,101.3069229,3.389177799,4.535842896,215.4950714,213.5524445,27.34404564,53.89009094,Summer,2
6/21/2034,26.16645241,32.94582748,20.30274773,10.68257141,0.171823725,101.3064194,3.395414591,4.540698528,215.9454193,214.0024109,27.49339104,53.69947815,Summer,2
6/22/2034,26.29673767,33.08155823,20.42381287,10.72874451,0.159317791,101.3058243,3.402416706,4.546565056,216.3867188,214.4465027,27.63987923,53.5137558,Summer,2
6/23/2034,26.42428017,33.21397781,20.54284286,10.77414417,0.147275478,101.30513,3.410126925,4.553368568,216.8154755,214.8811035,27.78342056,53.33311462,Summer,2
6/24/2034,26.54900742,33.3430481,20.65977669,10.81876564,0.135717869,101.3043365,3.418481588,4.561028004,217.2280884,215.3027649,27.92394257,53.15769196,Summer,2
6/25/2034,26.67087173,33.46873856,20.77456284,10.86261082,0.124662794,101.3034363,3.427411079,4.569452763,217.6212463,215.707962,28.06137276,52.98763657,Summer,2
6/26/2034,26.78982925,33.59102631,20.88715553,10.90568733,0.114126265,101.3024292,3.436841488,4.578547478,217.9916229,216.0934296,28.19567299,52.82305908,Summer,2
6/27/2034,26.90583992,33.70990753,20.99752045,10.94800758,0.104121394,101.3013077,3.446692705,4.588210106,218.3360443,216.4558716,28.32679367,52.6640625,Summer,2
6/28/2034,27.01889038,33.82539368,21.10562325,10.98958969,0.094657995,101.3000793,3.456882477,4.598333836,218.6516876,216.7922211,28.45471764,52.51074219,Summer,2
6/29/2034,27.12896729,33.93751144,21.21144295,11.03045464,0.08574418,101.2987442,3.467325449,4.60880661,218.9357452,217.0995941,28.57942009,52.36315918,Summer,2
6/30/2034,27.23606491,34.04629135,21.31496811,11.07062721,0.077384636,101.297287,3.477931261,4.619513512,219.185791,217.3753204,28.70090294,52.22136688,Summer,2
7/1/2034,27.34019661,34.15177155,21.41618729,11.1101408,0.069581695,101.2957077,3.488610744,4.630337715,219.3995667,217.6169128,28.81917,52.08541107,Summer,2
7/2/2034,27.44137764,34.25401306,21.51510239,11.14902687,0.062335409,101.2940216,3.499271154,4.641160965,219.5751801,217.8222046,28.9342289,51.95531845,Summer,2
7/3/2034,27.53962708,34.35307693,21.61171913,11.18732262,0.05564329,101.2922134,3.5098207,4.651865005,219.7109528,217.9893188,29.04610825,51.83110809,Summer,2
7/4/2034,27.63497734,34.44903183,21.70604134,11.22506905,0.049500667,101.2902908,3.520168543,4.66232872,219.805603,218.1165924,29.15483284,51.71278,Summer,2
7/5/2034,27.72746849,34.54194641,21.79808807,11.26230621,0.04390138,101.2882538,3.53022337,4.672437668,219.858139,218.2027588,29.2604332,51.60033798,Summer,2
7/6/2034,27.81713676,34.63190079,21.88787842,11.29907799,0.038836956,101.2861023,3.539897203,4.6820755,219.8679199,218.2468872,29.362957,51.4937706,Summer,2
7/7/2034,27.90402794,34.71897507,21.97542953,11.33542728,0.034298141,101.2838516,3.549104214,4.691133022,219.834671,218.2483063,29.46243668,51.39307022,Summer,2
7/8/2034,27.98818588,34.80324173,22.06077385,11.37139893,0.030274058,101.2814941,3.557762146,4.699503899,219.7584229,218.2068024,29.55891991,51.29821014,Summer,2
7/9/2034,28.06966019,34.88478088,22.14393234,11.40703773,0.026753329,101.2790451,3.565793037,4.70708704,219.6396027,218.1224365,29.65245056,51.20918274,Summer,2
7/10/2034,28.14849472,34.96366501,22.22493362,11.44238567,0.023723859,101.2765045,3.573123455,4.713788033,219.4790039,217.995697,29.74307251,51.12594604,Summer,2
7/11/2034,28.22473717,35.0399704,22.3038063,11.47748375,0.021173863,101.2738876,3.579686165,4.719519615,219.2777252,217.8273773,29.83082581,51.04850006,Summer,2
7/12/2034,28.2984314,35.11375046,22.38057709,11.51237106,0.01909104,101.2711945,3.585419655,4.72420311,219.0372314,217.6186371,29.9157505,50.97681808,Summer,2
7/13/2034,28.36961937,35.18506622,22.45527077,11.54708576,0.0174635,101.2684402,3.59026885,4.727768421,218.7593536,217.3710175,29.99787903,50.91088867,Summer,2
7/14/2034,28.43833351,35.25395966,22.52791405,11.58165836,0.01628159,101.2656403,3.594185829,4.730154514,218.4461365,217.08638,30.0772419,50.85069275,Summer,2
7/15/2034,28.50460243,35.32047272,22.59852409,11.61611938,0.015534742,101.2628021,3.597131014,4.731309414,218.1000671,216.766861,30.15385628,50.79623413,Summer,2
7/16/2034,28.56844902,35.38462448,22.66712379,11.65049362,0.015215839,101.2599335,3.599071503,4.731193066,217.7237854,216.4149323,30.22774124,50.74751282,Summer,2
7/17/2034,28.62989616,35.44642258,22.73372078,11.6848011,0.015317974,101.2570572,3.599983215,4.729775429,217.3201904,216.033432,30.29890251,50.70453644,Summer,2
7/18/2034,28.68894386,35.50587463,22.79832649,11.71905422,0.015837384,101.2541885,3.59985137,4.727038383,216.8925629,215.6253357,30.36733055,50.66732407,Summer,2
7/19/2034,28.74559593,35.56295776,22.86094284,11.75326347,0.016771529,101.2513275,3.598668337,4.722973824,216.4442139,215.193924,30.43301392,50.63591766,Summer,2
7/20/2034,28.79983902,35.61763763,22.92156601,11.78742981,0.018121427,101.2485046,3.596436501,4.717585564,215.978714,214.7426758,30.4959259,50.6103363,Summer,2
7/21/2034,28.85164833,35.66986847,22.98019218,11.82155037,0.01989053,101.2457275,3.593165159,4.710889339,215.4997559,214.2752533,30.5560379,50.59064865,Summer,2
7/22/2034,28.90099907,35.71958923,23.03679848,11.85561275,0.02208443,101.2430115,3.58887434,4.7029109,215.0111694,213.7954712,30.61329651,50.57688904,Summer,2
7/23/2034,28.94784927,35.76671982,23.09136772,11.88960171,0.024712171,101.2403717,3.583590508,4.693688393,214.5168152,213.3072815,30.66764069,50.56915283,Summer,2
7/24/2034,28.99214935,35.81116486,23.14387131,11.92349339,0.027786052,101.2378311,3.577349424,4.683269501,214.0206604,212.8146667,30.7190094,50.56750488,Summer,2
7/25/2034,29.03382874,35.85282135,23.19426918,11.95725536,0.031321108,101.2353897,3.570194721,4.671713352,213.5266266,212.321701,30.76730728,50.57202911,Summer,2
7/26/2034,29.07282257,35.89154816,23.24251747,11.9908514,0.035335638,101.233078,3.562176704,4.659087658,213.0386658,211.8324432,30.81245422,50.58283997,Summer,2
7/27/2034,29.10904694,35.92722702,23.2885704,12.02423573,0.039850064,101.2309036,3.553353548,4.645470619,212.5606079,211.3509674,30.8543396,50.60002518,Summer,2
7/28/2034,29.14241219,35.95969772,23.33236504,12.0573597,0.044889085,101.2288742,3.543789864,4.630948067,212.0962067,210.8812103,30.89285278,50.62371063,Summer,2
7/29/2034,29.17281723,35.98879242,23.37384415,12.09016418,0.050478712,101.2270126,3.533554792,4.615613937,211.6491547,210.427124,30.9278717,50.65401077,Summer,2
7/30/2034,29.20014954,36.01435089,23.41293144,12.12258816,0.056648269,101.2253189,3.522725105,4.599569321,211.2228851,209.9924316,30.95926094,50.69105911,Summer,2
7/31/2034,29.22430611,36.03617859,23.44955444,12.15456104,0.06342911,101.2238159,3.511379719,4.582921028,210.8207092,209.5807648,30.9868927,50.73497772,Summer,2
8/1/2034,29.24515533,36.05408859,23.48363304,12.18601227,0.070854098,101.2225113,3.499603987,4.565781593,210.445694,209.1954651,31.0106144,50.7858963,Summer,2
8/2/2034,29.26257706,36.06789017,23.5150795,12.21686459,0.078958206,101.221405,3.48748374,4.548266411,210.1006775,208.8397369,31.03027916,50.84394836,Summer,2
8/3/2034,29.27644348,36.07737732,23.54381561,12.24703503,0.087777406,101.2205048,3.475109339,4.530495644,209.7881927,208.5164642,31.04573822,50.90927124,Summer,2
8/4/2034,29.28661346,36.0823555,23.56973457,12.27643967,0.097348586,101.2198334,3.462571859,4.512590408,209.5105133,208.2283173,31.05683708,50.981987,Summer,2
8/5/2034,29.29296875,36.08261871,23.59275055,12.30498981,0.107708536,101.2193756,3.449962378,4.494672775,209.269577,207.9775543,31.06341553,51.06222916,Summer,2
8/6/2034,29.29536629,36.07797241,23.61276817,12.33259869,0.118894555,101.2191467,3.437373877,4.476865768,209.0669861,207.7662354,31.06533051,51.15010834,Summer,2
8/7/2034,29.2936821,36.06821823,23.62969017,12.35917377,0.130942971,101.2191467,3.424895525,4.459290504,208.9040375,207.595932,31.06242561,51.24573898,Summer,2
8/8/2034,29.28778458,36.05317307,23.64342117,12.38462448,0.143889248,101.219368,3.412617683,4.442064285,208.781601,207.4679565,31.05455399,51.34922028,Summer,2
8/9/2034,29.27755547,36.03265762,23.65387154,12.40886021,0.157766983,101.2198181,3.400626183,4.42530489,208.7002869,207.383194,31.04158211,51.46063232,Summer,2
8/10/2034,29.26287651,36.00650024,23.66094589,12.43179035,0.172607258,101.2204971,3.389004469,4.409122467,208.6602478,207.3421936,31.02337646,51.5800705,Summer,2
8/11/2034,29.24364281,35.97455978,23.66455841,12.45332909,0.188439503,101.2213974,3.377832413,4.393622398,208.6613007,207.3450623,30.99981499,51.70757294,Summer,2
8/12/2034,29.21975517,35.93668365,23.66462708,12.47338867,0.205288887,101.2225113,3.367183208,4.37890625,208.7029114,207.3915405,30.97078323,51.84319305,Summer,2
8/13/2034,29.19112587,35.89275742,23.66107368,12.491889,0.223177224,101.2238312,3.357127666,4.365064621,208.7841797,207.4809875,30.93619156,51.98696136,Summer,2
8/14/2034,29.1576786,35.84267807,23.65382195,12.50874996,0.242122337,101.2253647,3.347727299,4.352183819,208.9038544,207.6123962,30.89594841,52.13886261,Summer,2
8/15/2034,29.11935425,35.78636551,23.64281654,12.52389908,0.262136787,101.2270889,3.339040041,4.340339661,209.060379,207.7843781,30.84999275,52.29888916,Summer,2
8/16/2034,29.0761013,35.72376251,23.62799454,12.53726864,0.283228487,101.2290039,3.331115007,4.329598904,209.2518158,207.9951324,30.79826355,52.46700287,Summer,2
8/17/2034,29.02789116,35.65483475,23.60931587,12.54879475,0.305399418,101.2310867,3.32399416,4.320019245,209.4759674,208.24263,30.74073601,52.64313507,Summer,2
8/18/2034,28.97470284,35.57957077,23.58673859,12.55842209,0.328645617,101.233345,3.317713022,4.311647892,209.7303772,208.5244293,30.67739105,52.82719421,Summer,2
8/19/2034,28.91654778,35.49798584,23.56023788,12.56610012,0.35295704,101.2357559,3.312297583,4.304520607,210.0122986,208.8378143,30.60823441,53.01906586,Summer,2
8/20/2034,28.85343552,35.41012192,23.5297966,12.57178879,0.378317088,101.2383194,3.307766438,4.298663616,210.3188019,209.1798248,30.53329468,53.21860504,Summer,2
8/21/2034,28.78541183,35.31605911,23.49541473,12.5754528,0.404701799,101.2410049,3.304129601,4.294091225,210.646698,209.5471954,30.45261383,53.42564392,Summer,2
8/22/2034,28.71253014,35.21588898,23.4570961,12.57706642,0.432081014,101.2438202,3.301388741,4.290807247,210.9927063,209.9365234,30.36626053,53.63999176,Summer,2
8/23/2034,28.63486671,35.10974121,23.41485786,12.57661057,0.460416853,101.2467346,3.299537659,4.288805008,211.3533783,210.3441925,30.27432823,53.86141205,Summer,2
8/24/2034,28.55251503,34.99777222,23.36873436,12.57407665,0.489664525,101.2497559,3.298561573,4.28806591,211.7251129,210.7664337,30.17692184,54.08967209,Summer,2
8/25/2034,28.46559525,34.88015747,23.31877327,12.56946182,0.519772291,101.2528534,3.298438549,4.28856039,212.1043701,211.1993561,30.0741787,54.32449341,Summer,2
8/26/2034,28.37423515,34.7571106,23.26503181,12.56277466,0.550680876,101.2560349,3.299137831,4.290250778,212.4874573,211.6390686,29.96624756,54.56556702,Summer,2
8/27/2034,28.27858353,34.6288681,23.20757675,12.55402756,0.582324445,101.2592773,3.300621986,4.293087959,212.8707275,212.0815125,29.85330582,54.81256866,Summer,2
8/28/2034,28.17881203,34.49568176,23.14648438,12.54324627,0.614630401,101.2625656,3.302847862,4.297014713,213.2506256,212.5227814,29.7355423,55.06515121,Summer,2
8/29/2034,28.07510376,34.35783768,23.08185577,12.5304594,0.647520006,101.2659073,3.305763721,4.301965237,213.6236115,212.9588928,29.61316681,55.32294464,Summer,2
8/30/2034,27.96765709,34.21564102,23.01379204,12.51570606,0.680907488,101.2692719,3.309314251,4.307864189,213.9862366,213.3860321,29.48641014,55.5855484,Summer,2
8/31/2034,27.85668755,34.0694046,22.94240379,12.49903202,0.714702785,101.2726746,3.313437223,4.314631462,214.3352966,213.8004456,29.35551643,55.85256195,Summer,2
9/1/2034,27.7424202,33.919487,22.86781883,12.48048782,0.748809695,101.2760849,3.318067312,4.322179794,214.6676636,214.1985474,29.22074509,56.12354279,Autumn,3
9/2/2034,27.62509727,33.76622391,22.79017448,12.4601326,0.783127487,101.2795181,3.323134184,4.330417156,214.9804688,214.5769196,29.08236694,56.39805603,Autumn,3
9/3/2034,27.50496292,33.6099968,22.70960808,12.43802929,0.817551851,101.2829514,3.328565359,4.33924675,215.2710419,214.9324341,28.94066048,56.67564392,Autumn,3
9/4/2034,27.38227272,33.4511795,22.62626648,12.41424561,0.851974487,101.2863846,3.334286213,4.348568916,215.536972,215.2621307,28.79592514,56.95582581,Autumn,3
9/5/2034,27.25728989,33.29015732,22.54031181,12.38885403,0.886284769,101.2898178,3.340219498,4.358281136,215.7761688,215.563385,28.64845467,57.23812103,Autumn,3
9/6/2034,27.13028526,33.12732315,22.45189857,12.36192989,0.920369864,101.293251,3.346288204,4.368280411,215.9868011,215.833847,28.49855423,57.52206421,Autumn,3
9/7/2034,27.00152397,32.96306992,22.3611927,12.33355141,0.954115689,101.296669,3.352415085,4.378463745,216.1673737,216.0715179,28.34653473,57.80713654,Autumn,3
9/8/2034,26.87127686,32.79779053,22.26836777,12.30379677,0.987407625,101.300087,3.358524323,4.388728619,216.3167572,216.2746887,28.19270325,58.09287262,Autumn,3
9/9/2034,26.73981285,32.63186646,22.17358208,12.2727499,1.020131707,101.3034973,3.364540815,4.398975372,216.4341125,216.4421234,28.03736687,58.37875366,Autumn,3
9/10/2034,26.60740089,32.46568298,22.07701302,12.24048805,1.052174687,101.3069,3.370392799,4.409105301,216.5189514,216.5728607,27.88082886,58.66430664,Autumn,3
9/11/2034,26.47429657,32.29961395,21.97882652,12.20709515,1.083425403,101.3102951,3.376011848,4.419025898,216.5712128,216.6663666,27.72338867,58.94904327,Autumn,3
9/12/2034,26.34074974,32.1340065,21.87918854,12.17264748,1.113775969,101.3136902,3.381332397,4.428648949,216.5911102,216.7225189,27.56533623,59.23249817,Autumn,3
9/13/2034,26.20701027,31.96921158,21.77826118,12.13722134,1.143121243,101.3170776,3.386294842,4.43789196,216.5793152,216.7415466,27.40695572,59.51419067,Autumn,3
9/14/2034,26.07330132,31.80555344,21.67620087,12.10089302,1.171361685,101.3204727,3.390843868,4.446678162,216.5367279,216.7241058,27.24851036,59.79367828,Autumn,3
9/15/2034,25.93984604,31.64332962,21.57316399,12.06373024,1.19840169,101.3238678,3.394930363,4.454940796,216.4646454,216.6712341,27.09026146,60.07051849,Autumn,3
9/16/2034,25.80684471,31.48282051,21.46929359,12.02579784,1.224152207,101.3272781,3.398511887,4.462619781,216.3647461,216.5843506,26.93244171,60.34429169,Autumn,3
9/17/2034,25.67448425,31.3242836,21.36472321,11.98715591,1.248530865,101.3306885,3.401551962,4.469661713,216.2389069,216.46521,26.77528,60.61460114,Autumn,3
9/18/2034,25.54293633,31.16794014,21.25958443,11.94785976,1.27146256,101.3341217,3.404022455,4.476025581,216.0894623,216.3159332,26.61897278,60.88106537,Autumn,3
9/19/2034,25.41234589,31.01399422,21.1539917,11.90795612,1.292879939,101.3375702,3.405901432,4.481678963,215.918808,216.1389923,26.46370506,61.14332581,Autumn,3
9/20/2034,25.28284645,30.86260605,21.04804802,11.86748886,1.312724233,101.3410339,3.407175541,4.486599445,215.7297974,215.9371338,26.30964088,61.40104675,Autumn,3
9/21/2034,25.15454102,30.71391106,20.94185638,11.82648945,1.33094573,101.3445282,3.407839537,4.490774632,215.5253448,215.7133942,26.15691948,61.65393066,Autumn,3
9/22/2034,25.02751923,30.56800842,20.83549118,11.7849865,1.347503781,101.3480377,3.407895327,4.494202614,215.30867,215.4710693,26.00564957,61.90168762,Autumn,3
9/23/2034,24.90184402,30.42496681,20.72902107,11.74299908,1.362367988,101.3515701,3.407352924,4.496892929,215.0831299,215.2136993,25.85592651,62.14406586,Autumn,3
9/24/2034,24.77755165,30.28482056,20.62250519,11.70053959,1.375517249,101.3551331,3.406230688,4.49886322,214.8521271,214.9449615,25.70781326,62.38084412,Autumn,3
9/25/2034,24.65466118,30.14756393,20.51598358,11.65760899,1.386941195,101.3587112,3.404554844,4.500143051,214.6193237,214.6687012,25.5613575,62.61182404,Autumn,3
9/26/2034,24.53316498,30.01316071,20.40948296,11.61420536,1.396639585,101.3623123,3.402358055,4.500771523,214.3882599,214.3889008,25.41657066,62.8368454,Autumn,3
9/27/2034,24.41303253,29.8815403,20.30301666,11.57031631,1.404622316,101.3659363,3.39968133,4.500797272,214.1627045,214.1096039,25.27344704,63.05577087,Autumn,3
9/28/2034,24.29421234,29.75259781,20.19658279,11.52592278,1.410909891,101.3695755,3.396572113,4.500276566,213.9462585,213.8349457,25.13195419,63.26849365,Autumn,3
9/29/2034,24.17663002,29.62620163,20.09016991,11.48099613,1.415532827,101.3732224,3.393083572,4.499275684,213.74263,213.568985,24.99203491,63.47493744,Autumn,3
9/30/2034,24.06018829,29.5021801,19.98374939,11.43550491,1.418531179,101.3768692,3.389275789,4.497868061,213.5552673,213.3158112,24.8536129,63.67506409,Autumn,3
10/1/2034,23.94477463,29.38034058,19.87727928,11.38940907,1.419955134,101.3805161,3.38521266,4.496134758,213.3877258,213.0793915,24.71658897,63.86884308,Autumn,3
10/2/2034,23.83024979,29.26045418,19.77070999,11.34266186,1.419863462,101.3841476,3.380964279,4.494161606,213.2432709,212.8636017,24.58084297,64.05628967,Autumn,3
10/3/2034,23.716465,29.14227676,19.66397285,11.29521275,1.418324351,101.3877563,3.376603365,4.49203968,213.1250458,212.6722107,24.44623184,64.23744202,Autumn,3
10/4/2034,23.6032505,29.02553177,19.55699539,11.24700546,1.41541326,101.3913422,3.372206211,4.489867687,213.0360565,212.5087433,24.3126049,64.41236115,Autumn,3
10/5/2034,23.4904232,28.909935,19.44969177,11.19798279,1.411214352,101.3948746,3.367852688,4.487743855,212.9789429,212.3765259,24.17978859,64.58112335,Autumn,3
10/6/2034,23.37779045,28.79516792,19.34197044,11.14807796,1.405817389,101.3983536,3.363622665,4.485770226,212.9562683,212.2787018,24.04759598,64.74385834,Autumn,3
10/7/2034,23.26514626,28.68091011,19.23372841,11.09722805,1.399319649,101.4017715,3.359597683,4.484051228,212.9701385,212.2180481,23.9158287,64.90068054,Autumn,3
10/8/2034,23.15227699,28.56682587,19.12485695,11.04536724,1.391822457,101.405098,3.35585928,4.482691288,213.0225525,212.1970978,23.78428268,65.05174255,Autumn,3
10/9/2034,23.03896332,28.45257187,19.01524544,10.99242783,1.383432508,101.4083328,3.352488756,4.48179245,213.1150513,212.2180328,23.6527462,65.19721985,Autumn,3
10/10/2034,22.92498016,28.33779335,18.9047718,10.93834305,1.374260068,101.4114532,3.349564791,4.481456757,213.2489471,212.2826996,23.52099609,65.33729553,Autumn,3
10/11/2034,22.81010628,28.22214317,18.79332542,10.8830471,1.364418268,101.4144592,3.347164392,4.481782436,213.4251556,212.3925934,23.38881302,65.47216797,Autumn,3
10/12/2034,22.69411087,28.10527039,18.68078232,10.82647896,1.354020953,101.4173126,3.345362186,4.482865334,213.6443024,212.5488586,23.25597191,65.60205078,Autumn,3
10/13/2034,22.57678223,27.98682976,18.56702042,10.76857662,1.343184829,101.4200211,3.344227314,4.484796047,213.9065857,212.7521515,23.12225723,65.72716522,Autumn,3
10/14/2034,22.45789719,27.86648369,18.45192719,10.70928574,1.33202517,101.422554,3.343826056,4.487657547,214.2118988,213.0028534,22.98745155,65.84774017,Autumn,3
10/15/2034,22.33724594,27.74390602,18.33538246,10.64855385,1.320656657,101.4249115,3.344217539,4.491528988,214.559845,213.3009033,22.85134506,65.96401978,Autumn,3
10/16/2034,22.21463776,27.61878204,18.21728134,10.58633709,1.309192419,101.4270706,3.345456839,4.496480465,214.949585,213.6458588,22.71373749,66.07624054,Autumn,3
10/17/2034,22.08987617,27.49081993,18.09751701,10.52259636,1.297742248,101.4290237,3.347592115,4.502573967,215.3800201,214.03685,22.57444,66.18465424,Autumn,3
10/18/2034,21.96279526,27.35974884,17.97599792,10.45730114,1.286412835,101.4307632,3.3506639,4.509863853,215.8496552,214.4726868,22.43328094,66.28949738,Autumn,3
10/19/2034,21.83323479,27.22531509,17.85263252,10.39042759,1.275306106,101.4322739,3.354706287,4.51839447,216.356781,214.9517975,22.29009247,66.39102936,Autumn,3
10/20/2034,21.70105553,27.08729362,17.72734642,10.32196236,1.264518857,101.4335556,3.359744549,4.528199673,216.8992767,215.4722137,22.14473534,66.48948669,Autumn,3
10/21/2034,21.56613922,26.94548988,17.60007286,10.25190067,1.254141569,101.4345932,3.365797043,4.539303303,217.474884,216.0316925,21.99708176,66.5851059,Autumn,3
10/22/2034,21.42838097,26.79973412,17.47075844,10.18024635,1.244258761,101.4353867,3.372873545,4.551718712,218.0809631,216.6276245,21.84702492,66.67812347,Autumn,3
10/23/2034,21.28770828,26.6498909,17.3393631,10.10701466,1.234946609,101.4359283,3.38097477,4.565448761,218.7147522,217.2571716,21.6944809,66.76877594,Autumn,3
10/24/2034,21.14406395,26.49586487,17.20585823,10.03223038,1.226274252,101.4362335,3.390094042,4.580485344,219.3732452,217.91716,21.53938866,66.85726929,Autumn,3
10/25/2034,20.99741936,26.33757782,17.0702343,9.955931664,1.218302369,101.4362946,3.400214672,4.596807957,220.0532227,218.6042328,21.38171005,66.9438324,Autumn,3
10/26/2034,20.84776306,26.17500305,16.93249702,9.878163338,1.211082697,101.4361115,3.411313534,4.614387512,220.7514496,219.3148651,21.2214241,67.02864075,Autumn,3
10/27/2034,20.69512367,26.00814629,16.79265785,9.798983574,1.204658031,101.4356995,3.423357248,4.633182526,221.4644012,220.0452728,21.05854416,67.11190796,Autumn,3
10/28/2034,20.53953743,25.83704376,16.65076065,9.718460083,1.199062109,101.4350662,3.436305523,4.653141975,222.1886749,220.791626,20.89310455,67.19380188,Autumn,3
10/29/2034,20.38107681,25.6617775,16.5068512,9.636673927,1.194318652,101.434227,3.450111151,4.67420435,222.9206085,221.549942,20.7251606,67.27449036,Autumn,3
10/30/2034,20.21983719,25.48245811,16.36100006,9.553714752,1.190443039,101.4331894,3.464718103,4.696299553,223.656723,222.3162079,20.55479813,67.35412598,Autumn,3
10/31/2034,20.05593872,25.29923248,16.21329308,9.469680786,1.187440276,101.4319687,3.480064154,4.719347477,224.3933868,223.0863647,20.38212204,67.4328537,Autumn,3
11/1/2034,19.88952255,25.11228561,16.06382942,9.384681702,1.185306311,101.430603,3.496080875,4.743259907,225.127121,223.8563538,20.20726013,67.51080322,Autumn,3
11/2/2034,19.72076416,24.92183304,15.91272259,9.298834801,1.184028625,101.4290924,3.51269412,4.767941475,225.8545074,224.6222382,20.03037071,67.58808136,Autumn,3
11/3/2034,19.54984283,24.72812843,15.76010609,9.212267876,1.183584929,101.427475,3.529824018,4.793291092,226.5721893,225.3800507,19.85162735,67.66480255,Autumn,3
11/4/2034,19.37697983,24.53144264,15.60612583,9.125114441,1.183945417,101.4257736,3.547387362,4.819198608,227.2770081,226.1260376,19.67122269,67.74104309,Autumn,3
11/5/2034,19.20240021,24.33208656,15.45093918,9.03751564,1.185072422,101.4240189,3.565296412,4.845553398,227.9658966,226.8565674,19.48937225,67.8168869,Autumn,3
11/6/2034,19.02635574,24.13039589,15.29471874,8.94961834,1.186919689,101.4222412,3.583460331,4.872235775,228.6360931,227.568161,19.30630493,67.89240265,Autumn,3
11/7/2034,18.84910774,23.92671967,15.13765049,8.861574173,1.189435482,101.4204788,3.601786613,4.899126053,229.2848816,228.2575836,19.1222744,67.96764374,Autumn,3
11/8/2034,18.67093849,23.72143745,14.97992611,8.773540497,1.192561269,101.4187469,3.620180607,4.926103592,229.9099426,228.9218292,18.93753433,68.04265594,Autumn,3
11/9/2034,18.49214172,23.51494408,14.82175064,8.685676575,1.196233034,101.417099,3.638547897,4.953044415,230.5090637,229.5581665,18.75236511,68.11746979,Autumn,3
11/10/2034,18.31301689,23.30764771,14.6633358,8.598142624,1.200382471,101.4155655,3.656792879,4.979824543,231.0804443,230.1641541,18.56704521,68.19210815,Autumn,3
11/11/2034,18.13387871,23.09996986,14.50490189,8.51110363,1.20493722,101.4141846,3.674822807,5.006322861,231.6224518,230.7375946,18.38186646,68.26659393,Autumn,3
11/12/2034,17.95503998,22.89234161,14.3466711,8.424720764,1.209821224,101.4129944,3.692545176,5.032419205,232.1337433,231.2767487,18.1971283,68.34094238,Autumn,3
11/13/2034,17.77682495,22.68519402,14.18887424,8.339156151,1.214957118,101.4120178,3.709870338,5.057995796,232.6133575,231.7800446,18.01313019,68.41513824,Autumn,3
11/14/2034,17.59955597,22.47896767,14.03174305,8.2545681,1.220265746,101.4113083,3.726712942,5.082940102,233.0605621,232.2463837,17.83017159,68.48919678,Autumn,3
11/15/2034,17.42354965,22.27409935,13.8755064,8.171113014,1.225667477,101.4108963,3.742989302,5.107145309,233.4750061,232.6749573,17.64855766,68.56309509,Autumn,3
11/16/2034,17.24912643,22.07101631,13.72039509,8.088942528,1.231083155,101.4108124,3.758622885,5.130508423,233.8564911,233.0653534,17.46858025,68.63681793,Autumn,3
11/17/2034,17.07659912,21.87014198,13.5666399,8.008202553,1.236434579,101.4111023,3.773540497,5.152934074,234.205307,233.41745,17.29053688,68.71037292,Autumn,3
11/18/2034,16.90627289,21.67189217,13.41446686,7.929033279,1.241646171,101.4117813,3.787676096,5.174334526,234.5218811,233.7315521,17.11470795,68.78372192,Autumn,3
11/19/2034,16.73843575,21.47666359,13.26409435,7.851566315,1.246644735,101.4128952,3.800969839,5.194629669,234.8069916,234.0082397,16.94137383,68.85684967,Autumn,3
11/20/2034,16.5733757,21.28483963,13.11573696,7.77592659,1.251361132,101.4144592,3.813367844,5.213748932,235.0616913,234.2484741,16.7707901,68.92973328,Autumn,3
11/21/2034,16.41135788,21.09678078,12.96959972,7.702230453,1.255730391,101.4165039,3.824823856,5.231630325,235.2873077,234.453476,16.60321426,69.00236511,Autumn,3
11/22/2034,16.25263405,20.91283226,12.8258791,7.630581856,1.259692192,101.4190521,3.835300207,5.248221397,235.4853058,234.6248474,16.43887901,69.0746994,Autumn,3
11/23/2034,16.09744072,20.73331261,12.68476105,7.561077118,1.263193011,101.4221191,3.844765186,5.26348114,235.6574249,234.7644196,16.2780056,69.14672852,Autumn,3
11/24/2034,15.94599438,20.55850601,12.5464201,7.493800163,1.266184449,101.4257278,3.853196859,5.277376175,235.8056641,234.8743286,16.12079048,69.21843719,Autumn,3
11/25/2034,15.79848862,20.3886795,12.41101646,7.428822517,1.268625975,101.4298782,3.860580206,5.289885521,235.9320831,234.9568634,15.96742249,69.28981018,Autumn,3
11/26/2034,15.65509605,20.22406769,12.27869701,7.366206169,1.270483136,101.4345856,3.866909266,5.300999641,236.0390015,235.0146484,15.81805801,69.36081696,Autumn,3
11/27/2034,15.51597023,20.06486893,12.14959717,7.305999756,1.271729946,101.4398575,3.872184753,5.310716629,236.1287384,235.0503998,15.67284012,69.43145752,Autumn,3
11/28/2034,15.38123798,19.91125679,12.02383327,7.248240471,1.272347569,101.4456863,3.87641716,5.319048882,236.2038727,235.0669708,15.53189087,69.50170898,Autumn,3
11/29/2034,15.25100422,19.76336861,11.90150642,7.192951202,1.272325516,101.4520721,3.879624367,5.326013565,236.2669067,235.0674591,15.39530373,69.57157898,Autumn,3
11/30/2034,15.12534809,19.62130547,11.78270435,7.140142918,1.271661162,101.4590073,3.881830931,5.331643105,236.3204346,235.0549164,15.26315498,69.64104462,Autumn,3
12/1/2034,15.00432396,19.48514366,11.66749573,7.08981514,1.270360351,101.4664688,3.883069754,5.335977554,236.3671265,235.032547,15.13549805,69.7101059,Winter,0
12/2/2034,14.88796616,19.35491371,11.55592918,7.041955948,1.268436193,101.4744492,3.883379936,5.339064598,236.4095459,235.0035553,15.01236343,69.77875519,Winter,0
12/3/2034,14.77627754,19.23062706,11.44804478,6.996539116,1.265910387,101.4829178,3.882808447,5.340963364,236.4503326,234.9711304,14.89375687,69.84699249,Winter,0
12/4/2034,14.66924191,19.11224937,11.34385967,6.953526974,1.262812138,101.4918518,3.881406069,5.341737747,236.4919434,234.9384308,14.7796669,69.91483307,Winter,0
12/5/2034,14.5668211,18.99972916,11.24337482,6.912874222,1.259177446,101.5012207,3.879230976,5.341459274,236.5368195,234.9085846,14.67006111,69.98225403,Winter,0
12/6/2034,14.46895504,18.89297295,11.14657402,6.874521255,1.255049825,101.5109863,3.876345873,5.340209007,236.5872955,234.884552,14.56488037,70.04927826,Winter,0
12/7/2034,14.37555504,18.79186249,11.05343056,6.838400841,1.250478983,101.5211182,3.872817516,5.338070869,236.6455841,234.8692322,14.46405411,70.1158905,Winter,0
12/8/2034,14.28652,18.69625664,10.96389961,6.804436207,1.245520234,101.5315628,3.86871624,5.33513546,236.7136841,234.8653412,14.36749268,70.18210602,Winter,0
12/9/2034,14.20172977,18.60598183,10.87791634,6.772542,1.240234971,101.5422821,3.864115477,5.331496239,236.7934723,234.8754272,14.27508163,70.24791718,Winter,0
12/10/2034,14.12104321,18.52084541,10.79541111,6.742625237,1.234688401,101.5532303,3.859091282,5.327249527,236.8866425,234.9017944,14.18670845,70.31331635,Winter,0
12/11/2034,14.04430389,18.44063568,10.71629715,6.714587212,1.228949904,101.5643463,3.853721619,5.322495461,236.9946289,234.9466248,14.10223007,70.37832642,Winter,0
12/12/2034,13.97134495,18.36511612,10.64047337,6.68832159,1.223092794,101.5755768,3.84808445,5.317335129,237.1187592,235.0117645,14.02149582,70.44291687,Winter,0
12/13/2034,13.90198517,18.29404259,10.56783485,6.663719177,1.217191577,101.5868683,3.842259407,5.311869621,237.2600098,235.0988312,13.94435501,70.50709534,Winter,0
12/14/2034,13.83602905,18.22714996,10.4982605,6.640666008,1.211323619,101.5981674,3.836323261,5.306200027,237.4192352,235.2091675,13.87062836,70.57085419,Winter,0
12/15/2034,13.7732811,18.1641674,10.43162251,6.619046688,1.205566049,101.6094131,3.830354452,5.300426483,237.5969543,235.3438263,13.80014992,70.6341629,Winter,0
12/16/2034,13.71352959,18.10481262,10.36778831,6.598741531,1.19999671,101.6205368,3.824428797,5.294647217,237.7935638,235.5036469,13.73273754,70.69702148,Winter,0
12/17/2034,13.65657043,18.04879951,10.30661678,6.579633713,1.194692135,101.6314926,3.818618059,5.288954735,238.0091248,235.6890411,13.66820717,70.75939178,Winter,0
12/18/2034,13.60218525,17.99584198,10.24796295,6.5616045,1.189727545,101.6422119,3.812993765,5.283442497,238.2434998,235.9002228,13.60637569,70.82125854,Winter,0
12/19/2034,13.55015945,17.94564629,10.191679,6.544534683,1.185175538,101.6526337,3.807621241,5.278196335,238.4963226,236.1371155,13.54705811,70.88258362,Winter,0
12/20/2034,13.50028133,17.89793015,10.13761425,6.528311253,1.181105018,101.6627045,3.802564383,5.273298264,238.766983,236.3992615,13.49007416,70.94332123,Winter,0
12/21/2034,13.45234585,17.85241318,10.08561993,6.512821198,1.177581429,101.6723633,3.797879457,5.268825531,239.054657,236.6860199,13.43524361,71.00344849,Winter,0
12/22/2034,13.40614128,17.80882072,10.03554153,6.49795723,1.174665213,101.6815643,3.793620586,5.264845848,239.3583527,236.9964142,13.38239288,71.06290436,Winter,0
12/23/2034,13.36147499,17.76688957,9.987233162,6.483614445,1.172411442,101.690239,3.789835215,5.261423111,239.6768494,237.3292236,13.331357,71.12164307,Winter,0
12/24/2034,13.3181572,17.72637177,9.940550804,6.469696045,1.170868874,101.698349,3.786565065,5.25861454,240.0087585,237.6829834,13.2819767,71.17959595,Winter,0
12/25/2034,13.27600765,17.6870327,9.895350456,6.456110001,1.170080066,101.7058487,3.783846617,5.256466866,240.3525696,238.056015,13.23410606,71.23670197,Winter,0
12/26/2034,13.23485947,17.64865112,9.851496696,6.442772865,1.170080423,101.7126923,3.781709671,5.255021095,240.7065582,238.4463959,13.18760109,71.29289246,Winter,0
12/27/2034,13.194561,17.61102295,9.808860779,6.429605484,1.170897484,101.7188339,3.780178547,5.254311562,241.068924,238.8520203,13.14233971,71.34809875,Winter,0
12/28/2034,13.15496635,17.57396698,9.767320633,6.416539192,1.172551155,101.7242508,3.779269695,5.254361153,241.4377899,239.2706146,13.09820366,71.40223694,Winter,0
12/29/2034,13.11594772,17.53732681,9.726758003,6.403512955,1.17505312,101.7289047,3.778994799,5.255187035,241.8110962,239.6998138,13.05509758,71.45523071,Winter,0
12/30/2034,13.07740211,17.5009594,9.6870718,6.390472889,1.178406835,101.7327728,3.779359102,5.256798744,242.1868744,240.1370544,13.01292992,71.5069809,Winter,0
12/31/2034,13.03923035,17.46474457,9.648162842,6.377375603,1.182607055,101.7358398,3.780360699,5.259196281,242.562973,240.5796967,12.9716301,71.55741119,Winter,0
1/1/2035,13.00135612,17.4285965,9.609945297,6.364185333,1.187640548,101.7380829,3.781992674,5.262372971,242.9373322,241.0251007,12.93113518,71.60643768,Winter,0
1/2/2035,12.96371651,17.39243889,9.57234478,6.350875854,1.193485141,101.7394943,3.784240961,5.266312599,243.307785,241.4705048,12.89140701,71.65395355,Winter,0
1/3/2035,12.92626953,17.35622978,9.53529644,6.337429047,1.200110316,101.7400665,3.787087679,5.27099514,243.6723328,241.913208,12.85241318,71.69987488,Winter,0
1/4/2035,12.88899136,17.31994247,9.498744011,6.323837757,1.207478166,101.7398071,3.79050827,5.276391983,244.0288696,242.3504181,12.81413937,71.74410248,Winter,0
1/5/2035,12.85186672,17.28357887,9.462645531,6.310099602,1.215542316,101.7387238,3.794473648,5.282466888,244.3754883,242.7795105,12.77658272,71.78656006,Winter,0
1/6/2035,12.81490898,17.24716377,9.426971436,6.29622364,1.224249125,101.736824,3.798950911,5.289180756,244.7102509,243.1978455,12.73975849,71.82712555,Winter,0
1/7/2035,12.77813911,17.21074104,9.39169693,6.282225609,1.23353827,101.7341232,3.803901196,5.296485901,245.0314178,243.6028595,12.70369148,71.86573792,Winter,0
1/8/2035,12.74159622,17.17437744,9.356818199,6.268129349,1.243342876,101.7306442,3.809284449,5.304331779,245.3372955,243.9921722,12.66842079,71.90229797,Winter,0
1/9/2035,12.7053318,17.13815689,9.322333336,6.25396347,1.253590107,101.7264252,3.815055132,5.312662125,245.6263428,244.3635101,12.6339941,71.9367218,Winter,0
1/10/2035,12.66941643,17.10218811,9.288253784,6.239766598,1.264202118,101.7214813,3.821166039,5.321418762,245.8972015,244.7146759,12.60047054,71.96893311,Winter,0
1/11/2035,12.63393021,17.06659126,9.254598618,6.225581169,1.275096059,101.7158661,3.827568054,5.330539703,246.1485596,245.0437622,12.56792164,71.99884796,Winter,0
1/12/2035,12.59896469,17.03150368,9.221403122,6.211452961,1.28618598,101.70961,3.834209681,5.339962006,246.3794403,245.3489838,12.53642845,72.02640533,Winter,0
1/13/2035,12.56462288,16.99707413,9.188703537,6.197436333,1.297382593,101.7027664,3.841038465,5.349617004,246.5888672,245.6287689,12.50607109,72.05153656,Winter,0
1/14/2035,12.5310154,16.96347046,9.156551361,6.183588028,1.308593869,101.6953735,3.848001003,5.359438896,246.7761536,245.8817596,12.47694492,72.07418823,Winter,0
1/15/2035,12.49826431,16.93086433,9.124993324,6.169965744,1.319727421,101.6874924,3.855044127,5.369360924,246.9407043,246.1068115,12.44914246,72.09430695,Winter,0
1/16/2035,12.46649361,16.89943504,9.094097137,6.156633377,1.330689669,101.6791687,3.862115145,5.379315376,247.0821991,246.3030243,12.42276859,72.11184692,Winter,0
1/17/2035,12.43583584,16.86937332,9.063930511,6.143651962,1.341386914,101.6704712,3.869161367,5.389235497,247.2004089,246.4697266,12.39792252,72.12677765,Winter,0
1/18/2035,12.40642643,16.8408699,9.034561157,6.13108778,1.351727605,101.6614456,3.876131773,5.399058342,247.2953796,246.6064911,12.37471008,72.1390686,Winter,0
1/19/2035,12.37840271,16.81411934,9.00606823,6.11900568,1.36162138,101.6521606,3.882977009,5.408719063,247.367218,246.7131042,12.35323334,72.1486969,Winter,0
1/20/2035,12.3519001,16.78931427,8.978531837,6.107469559,1.370980859,101.6426697,3.88964963,5.418157578,247.4162445,246.7895966,12.33359528,72.15564728,Winter,0
1/21/2035,12.32705879,16.76664734,8.952028275,6.096542358,1.379722118,101.6330414,3.896104813,5.427316666,247.4430084,246.8362122,12.31589508,72.15991974,Winter,0
1/22/2035,12.30401516,16.74631119,8.926644325,6.086284161,1.387765527,101.6233368,3.902300358,5.436141014,247.4480896,246.8534698,12.30023193,72.16151428,Winter,0
1/23/2035,12.28289986,16.72848701,8.902462006,6.076755047,1.395036936,101.6136093,3.908197641,5.444581985,247.4322968,246.842041,12.28669548,72.16044617,Winter,0
1/24/2035,12.26383972,16.71334839,8.879565239,6.068009853,1.401467443,101.60392,3.913759947,5.45259285,247.3965149,246.8027954,12.27536964,72.15673065,Winter,0
1/25/2035,12.24695778,16.70106888,8.858036041,6.060101509,1.406994462,101.5943298,3.91895628,5.460131645,247.3417511,246.7368469,12.26634026,72.15039825,Winter,0
1/26/2035,12.23237228,16.69179916,8.837953568,6.053077221,1.411561966,101.5848846,3.923756838,5.467160225,247.2691345,246.645401,12.25967407,72.14147186,Winter,0
1/27/2035,12.22018433,16.68569374,8.819393158,6.046979904,1.415122271,101.5756531,3.928137302,5.473647118,247.1798553,246.5298767,12.25543976,72.12998962,Winter,0
1/28/2035,12.2104969,16.68287849,8.802431107,6.041849136,1.417634249,101.5666656,3.932076931,5.479564667,247.0751648,246.3918152,12.25369263,72.11601257,Winter,0
1/29/2035,12.20339966,16.6834774,8.787137985,6.037717819,1.419065714,101.5579834,3.935559034,5.484888077,246.9563904,246.2328644,12.25448227,72.09957123,Winter,0
1/30/2035,12.1989727,16.68759155,8.77357769,6.034613609,1.419392705,101.5496445,3.938570738,5.489603043,246.8248749,246.0547791,12.25784397,72.08072662,Winter,0
1/31/2035,12.19728088,16.6953125,8.761811256,6.032557964,1.418599367,101.541687,3.941102505,5.493694305,246.6819916,245.859375,12.26380825,72.05953217,Winter,0
2/1/2035,12.19838524,16.70671463,8.751893997,6.03156805,1.416679144,101.5341415,3.943150043,5.497153282,246.5291138,245.6485596,12.27239609,72.03604889,Winter,0
2/2/2035,12.20232964,16.72185135,8.74387455,6.031653881,1.413634062,101.5270386,3.944711208,5.499979019,246.3675995,245.4242554,12.28361607,72.01033783,Winter,0
2/3/2035,12.20915222,16.74076462,8.737794876,6.032821178,1.409474134,101.5204086,3.945788383,5.502170563,246.1987915,245.1884155,12.29746819,71.98246002,Winter,0
2/4/2035,12.21886921,16.76347923,8.73369503,6.035067558,1.40421927,101.5142593,3.946387768,5.503735542,246.0239716,244.9429474,12.31394386,71.95249176,Winter,0
2/5/2035,12.23149872,16.79000282,8.731600761,6.038387775,1.397896409,101.5086136,3.946517467,5.504680634,245.8443909,244.6897888,12.33302498,71.92048645,Winter,0
2/6/2035,12.24703979,16.82032204,8.731538773,6.042768002,1.390541434,101.503479,3.946190119,5.505021095,245.6611786,244.4308014,12.35468483,71.88650513,Winter,0
2/7/2035,12.26547813,16.85441971,8.733523369,6.048193455,1.382197857,101.4988632,3.94541955,5.50477314,245.4754486,244.1677856,12.37889194,71.85061646,Winter,0
2/8/2035,12.28679466,16.89224815,8.737567902,6.054638863,1.372915983,101.4947586,3.944222689,5.503956795,245.2881927,243.9024658,12.40559864,71.81288147,Winter,0
2/9/2035,12.31095695,16.93375969,8.743675232,6.06208086,1.362753272,101.4911575,3.942619801,5.502594948,245.1002655,243.6364899,12.43476105,71.77333832,Winter,0
2/10/2035,12.33791924,16.97887993,8.751842499,6.070485115,1.351774096,101.4880524,3.940630674,5.500712395,244.9125214,243.3713531,12.46632385,71.73204803,Winter,0
2/11/2035,12.36763287,17.02753067,8.762061119,6.079818726,1.340047479,101.4854279,3.93827939,5.498334885,244.7255707,243.1085052,12.50022221,71.68906403,Winter,0
2/12/2035,12.40004158,17.07961845,8.774320602,6.090043068,1.327648163,101.4832611,3.935587883,5.495491982,244.5400085,242.8491669,12.53639412,71.64441681,Winter,0
2/13/2035,12.43507576,17.13503838,8.788597107,6.101118565,1.314654827,101.4815216,3.932583094,5.492213249,244.3562775,242.5944672,12.57476807,71.59814453,Winter,0
2/14/2035,12.47266293,17.19367981,8.804869652,6.11300087,1.301150441,101.4801788,3.929289103,5.488529205,244.1746521,242.3453979,12.61527443,71.55027771,Winter,0
2/15/2035,12.51272297,17.25542068,8.823109627,6.125645638,1.287220478,101.4792099,3.925732374,5.484472275,243.9953308,242.1027222,12.65783882,71.50084686,Winter,0
2/16/2035,12.55517101,17.32013321,8.843281746,6.139006615,1.272952676,101.4785614,3.921939135,5.480072021,243.8184357,241.8671417,12.70238495,71.44985962,Winter,0
2/17/2035,12.59992313,17.38768387,8.865351677,6.153036594,1.258436084,101.4782104,3.917934656,5.47536087,243.6438599,241.6391144,12.74883842,71.39733124,Winter,0
2/18/2035,12.64688206,17.45793533,8.889282227,6.167689323,1.243760467,101.478096,3.913745165,5.470368385,243.4714508,241.4189911,12.797122,71.34326172,Winter,0
2/19/2035,12.69595814,17.53074646,8.915026665,6.182915688,1.22901535,101.4781876,3.909394503,5.465125084,243.3009491,241.2068787,12.84716225,71.28765869,Winter,0
2/20/2035,12.74705601,17.60597038,8.942544937,6.198670387,1.214289427,101.4784241,3.904907703,5.459659576,243.1319885,241.0028076,12.89888763,71.23049927,Winter,0
2/21/2035,12.80008221,17.68346786,8.97178936,6.214909077,1.199669242,101.4787598,3.900306225,5.453999519,242.9640961,240.8066254,12.95223045,71.17177582,Winter,0
2/22/2035,12.85494041,17.76309586,9.002715111,6.231588364,1.185239553,101.4791489,3.895612478,5.448171616,242.7967682,240.618042,13.00712013,71.11146545,Winter,0
2/23/2035,12.91153812,17.84471512,9.035272598,6.24866581,1.171081543,101.479538,3.890847445,5.442198753,242.629364,240.4365845,13.06349659,71.04954529,Winter,0
2/24/2035,12.96978664,17.92818451,9.069417953,6.266103745,1.157272816,101.4798737,3.886028767,5.436105728,242.4611816,240.2617188,13.12130547,70.98596954,Winter,0
2/25/2035,13.02959442,18.01337242,9.105103493,6.283865452,1.143886566,101.4801025,3.881174803,5.429911613,242.2915497,240.0927277,13.18049049,70.92071533,Winter,0
2/26/2035,13.0908823,18.10015488,9.142281532,6.301918983,1.130990744,101.4801865,3.876300573,5.423636436,242.1196899,239.928833,13.24100399,70.85373688,Winter,0
2/27/2035,13.15356541,18.18840027,9.180907249,6.320233345,1.118648052,101.4800644,3.871420622,5.417297363,241.944809,239.769165,13.30280495,70.7849884,Winter,0
2/28/2035,13.21757126,18.27799988,9.22094059,6.338785172,1.106915236,101.4797058,3.866547346,5.410907745,241.7661133,239.6127167,13.36585617,70.71443176,Winter,0
3/1/2035,13.28282738,18.36884117,9.262337685,6.357548714,1.095842481,101.4790497,3.861691236,5.404482841,241.5828094,239.4585114,13.43013,70.64201355,Spring,1
3/2/2035,13.34927082,18.46082115,9.305058479,6.376507759,1.08547318,101.4780579,3.85686326,5.398032188,241.394104,239.3054352,13.4956007,70.56768036,Spring,1
3/3/2035,13.41684151,18.55384827,9.349070549,6.395648956,1.075844288,101.4766998,3.852070093,5.39156723,241.1992188,239.1523743,13.56224823,70.49139404,Spring,1
3/4/2035,13.48548412,18.64783669,9.3943367,6.414959908,1.066984892,101.4749298,3.847318649,5.385094643,240.9974518,238.9982147,13.6300602,70.4131012,Spring,1
3/5/2035,13.55515289,18.74271011,9.440825462,6.434435368,1.058917284,101.4727325,3.842614412,5.378623009,240.7881012,238.8417969,13.69902992,70.3327713,Spring,1
3/6/2035,13.62580585,18.83839798,9.488510132,6.454072952,1.051656127,101.4700623,3.837960958,5.372154236,240.5705719,238.6819916,13.76915359,70.25034332,Spring,1
3/7/2035,13.69740677,18.93483925,9.537363052,6.473874092,1.045208335,101.4669037,3.833362818,5.365695,240.3442535,238.5177307,13.84043503,70.16578674,Spring,1
3/8/2035,13.76992893,19.03198624,9.587363243,6.493842125,1.039574623,101.4632339,3.828821182,5.359247208,240.1086731,238.3479462,13.91287994,70.07906342,Spring,1
3/9/2035,13.84334373,19.12978935,9.638490677,6.513986588,1.034747243,101.4590454,3.824338675,5.352812767,239.8634338,238.1715546,13.9865036,69.99016571,Spring,1
3/10/2035,13.91763592,19.22821808,9.690727234,6.534319878,1.030712008,101.4543228,3.819915533,5.346395493,239.6081848,237.9876709,14.06131172,69.89904785,Spring,1
3/11/2035,13.99279118,19.32723999,9.744059563,6.554853439,1.027448416,101.4490662,3.815552711,5.339994431,239.3426971,237.7953644,14.13732529,69.80570984,Spring,1
3/12/2035,14.06879711,19.42683601,9.798476219,6.575605869,1.024928808,101.4432755,3.811250925,5.333612442,239.0668182,237.5938721,14.21456528,69.71013641,Spring,1
3/13/2035,14.14565086,19.52698517,9.853967667,6.596595764,1.023120046,101.4369507,3.807010174,5.327250481,238.7805328,237.3824921,14.29305077,69.61234283,Spring,1
3/14/2035,14.22335243,19.62768364,9.910525322,6.617844582,1.021983385,101.4300995,3.80283165,5.320908546,238.4838104,237.160553,14.37280273,69.51232147,Spring,1
3/15/2035,14.30190182,19.72891998,9.96814537,6.639374256,1.0214746,101.4227448,3.798715115,5.314590454,238.1768494,236.927597,14.45384216,69.41010284,Spring,1
3/16/2035,14.38130379,19.83069801,10.026824,6.661209106,1.021544933,101.4149017,3.794662237,5.308297157,237.8598328,236.6831818,14.53619194,69.30571747,Spring,1
3/17/2035,14.46156693,19.93301773,10.08655834,6.683373451,1.022141933,101.4065933,3.790674448,5.302032471,237.5330811,236.4270477,14.61987305,69.19920349,Spring,1
3/18/2035,14.54269886,20.03588295,10.14734936,6.705892563,1.023208976,101.3978424,3.786752939,5.295799255,237.1970367,236.1589661,14.70490265,69.09060669,Spring,1
3/19/2035,14.62470818,20.13930511,10.20919418,6.72879076,1.024687052,101.3886948,3.782901049,5.289603233,236.8521118,235.8788757,14.79129982,68.97998047,Spring,1
3/20/2035,14.70760536,20.24329185,10.27209377,6.752092361,1.026514649,101.3791656,3.779121876,5.283449173,236.4988861,235.586792,14.87907219,68.86740112,Spring,1
3/21/2035,14.79140091,20.34785271,10.33605289,6.775822639,1.028628111,101.3693085,3.775418997,5.27734375,236.1379089,235.2828827,14.96823883,68.75293732,Spring,1
3/22/2035,14.87610722,20.45299911,10.40106773,6.800003052,1.030963421,101.3591614,3.771796703,5.271294594,235.7699127,234.9673004,15.05880165,68.63668823,Spring,1
3/23/2035,14.9617281,20.55873871,10.46714306,6.824656487,1.033455253,101.3487701,3.768261194,5.26530838,235.3955688,234.6404266,15.15076256,68.51873016,Spring,1
3/24/2035,15.04827309,20.66508102,10.53427696,6.849801064,1.036039114,101.3381805,3.764817238,5.259395599,235.0155945,234.3026276,15.24412346,68.39917755,Spring,1
3/25/2035,15.13575172,20.77203369,10.60246849,6.87545681,1.038650393,101.3274384,3.761471987,5.253566742,234.6307831,233.9544067,15.33887863,68.27814484,Spring,1
3/26/2035,15.22416401,20.87960434,10.6717205,6.901638508,1.041226506,101.3165894,3.758232117,5.247831345,234.2418671,233.5962982,15.43501472,68.1557312,Spring,1
3/27/2035,15.31351089,20.98779106,10.74202824,6.928359032,1.043705583,101.3057022,3.755105495,5.242200851,233.8496399,233.2289276,15.53251648,68.03205872,Spring,1
3/28/2035,15.40379524,21.09660149,10.81338882,6.955631256,1.046029568,101.2948074,3.752099514,5.236686707,233.4548645,232.8529205,15.63136292,67.90726471,Spring,1
3/29/2035,15.49501133,21.20602608,10.88579941,6.983462811,1.04814136,101.2839737,3.749221563,5.231300354,233.0582733,232.4690094,15.73153305,67.78147125,Spring,1
3/30/2035,15.58715439,21.31606483,10.95925426,7.011857986,1.049988151,101.2732468,3.746479988,5.226053238,232.6605377,232.0778809,15.83299255,67.65480042,Spring,1
3/31/2035,15.68021393,21.42670822,11.03374672,7.040821552,1.051520586,101.2626801,3.743882418,5.220957756,232.2624359,231.6802673,15.935709,67.52738953,Spring,1
4/1/2035,15.77417755,21.5379467,11.10926819,7.070352554,1.052692652,101.2523193,3.741436481,5.216023445,231.8644562,231.2769165,16.03964424,67.39936829,Spring,1
4/2/2035,15.86903477,21.64976311,11.185812,7.100448608,1.053462863,101.2422256,3.739148855,5.211261749,231.4672546,230.868576,16.14475441,67.27085876,Spring,1
4/3/2035,15.96476746,21.7621479,11.26336384,7.131104469,1.053794146,101.2324295,3.737025261,5.206680298,231.0712585,230.4559479,16.25099754,67.14198303,Spring,1
4/4/2035,16.06135559,21.87508202,11.34191418,7.162312508,1.053653717,101.2229919,3.735071421,5.202289581,230.6769257,230.0397339,16.35832024,67.01286316,Spring,1
4/5/2035,16.15878105,21.98854256,11.42145252,7.194062233,1.053013802,101.2139435,3.733291864,5.198092461,230.2845764,229.6205292,16.46667862,66.88362885,Spring,1
4/6/2035,16.25701714,22.10251045,11.50196362,7.226341248,1.05185163,101.2053375,3.731688261,5.194096565,229.8944397,229.1990051,16.57601547,66.75437164,Spring,1
4/7/2035,16.35604286,22.21696091,11.58343506,7.259135246,1.050148368,101.197197,3.730263233,5.190303802,229.5066986,228.77565,16.68627739,66.62518311,Spring,1
4/8/2035,16.45583534,22.33187485,11.66585255,7.292428017,1.047890902,101.1895676,3.729015589,5.186714172,229.1214294,228.3509979,16.79741669,66.49617004,Spring,1
4/9/2035,16.55636787,22.44722557,11.74919987,7.326200485,1.04507041,101.1824722,3.727944374,5.183326721,228.7385864,227.9254761,16.90937233,66.36739349,Spring,1
4/10/2035,16.65761566,22.562994,11.83346462,7.360434532,1.041682482,101.1759491,3.727044344,5.180135727,228.358078,227.4994507,17.02210045,66.23892212,Spring,1
4/11/2035,16.75955582,22.67915535,11.91863346,7.39511013,1.037727594,101.1700058,3.726309776,5.17713356,227.9797211,227.0731506,17.13554764,66.11081696,Spring,1
4/12/2035,16.86216354,22.79569435,12.00469208,7.430206299,1.033210278,101.1646729,3.725733042,5.174310684,227.6032104,226.6468201,17.24966431,65.98311615,Spring,1
4/13/2035,16.96541977,22.91259193,12.09162998,7.465701103,1.028138518,101.1599579,3.725302458,5.171653748,227.2282104,226.2206116,17.36440849,65.85583496,Spring,1
4/14/2035,17.06930161,23.02983665,12.17943382,7.501574993,1.022524834,101.1558762,3.725005865,5.169146538,226.8542175,225.7945709,17.47974205,65.72898102,Spring,1
4/15/2035,17.17379379,23.14741707,12.26809502,7.537806511,1.016384363,101.1524353,3.72482729,5.166768074,226.4808502,225.3686981,17.59562492,65.60256958,Spring,1
4/16/2035,17.27888489,23.26532555,12.35760689,7.574374676,1.009736061,101.1496353,3.724749804,5.164496422,226.1074677,224.9429016,17.71203041,65.47654724,Spring,1
4/17/2035,17.38455963,23.383564,12.44796085,7.611262321,1.002600431,101.1474762,3.724752426,5.162304878,225.7334595,224.5170593,17.82893181,65.35089874,Spring,1
4/18/2035,17.49081421,23.50213242,12.53915501,7.648448944,0.995001018,101.1459503,3.724813223,5.160164833,225.3582611,224.0909882,17.94631195,65.22555542,Spring,1
4/19/2035,17.59764481,23.62104416,12.63118839,7.685919762,0.986963332,101.1450577,3.724908352,5.158044815,224.9811249,223.6644135,18.06415939,65.10044861,Spring,1
4/20/2035,17.70505333,23.74031258,12.7240591,7.723659515,0.978514016,101.1447754,3.725009918,5.155909538,224.6014557,223.2371063,18.18246841,64.97548676,Spring,1
4/21/2035,17.81304932,23.85995865,12.81777477,7.761654854,0.969680905,101.1450882,3.725090504,5.153721809,224.2185211,222.8087006,18.30124283,64.85057831,Spring,1
4/22/2035,17.9216423,23.98001289,12.91234016,7.79989624,0.960492074,101.1459885,3.725118876,5.151441574,223.8317261,222.3789215,18.42049217,64.72558594,Spring,1
4/23/2035,18.03084564,24.10050583,13.00776482,7.838374138,0.950976968,101.147438,3.725064039,5.149027824,223.4403687,221.9473877,18.54023361,64.6003952,Spring,1
4/24/2035,18.14068985,24.22147942,13.10405922,7.877082825,0.941163659,101.1494217,3.724892616,5.146437645,223.0439453,221.5137787,18.66049576,64.47484589,Spring,1
4/25/2035,18.251194,24.34298325,13.20124054,7.916020393,0.931080461,101.1519012,3.724570274,5.143626213,222.6419067,221.0777588,18.78131104,64.3487854,Spring,1
4/26/2035,18.36239243,24.465065,13.2993269,7.955184937,0.920755029,101.1548615,3.72406292,5.140547752,222.2337341,220.6390686,18.90271759,64.22203827,Spring,1
4/27/2035,18.47432327,24.58778763,13.39833641,7.994579315,0.910213172,101.1582642,3.723335505,5.137155533,221.8191376,220.1974335,19.02476311,64.09443665,Spring,1
4/28/2035,18.5870285,24.71121597,13.49829769,8.034208298,0.899479747,101.1620712,3.722352505,5.133405685,221.3978119,219.7526703,19.14750481,63.96577454,Spring,1
4/29/2035,18.70055199,24.8354187,13.59923077,8.07407856,0.888578117,101.1662521,3.72107935,5.129250526,220.9695892,219.3046112,19.270998,63.83586121,Spring,1
4/30/2035,18.81494522,24.96046829,13.70116425,8.114199638,0.877528965,101.1707687,3.719482183,5.124647141,220.5344238,218.8532257,19.39531326,63.70450592,Spring,1
5/1/2035,18.9302597,25.08644485,13.80413055,8.154583931,0.866351664,101.1755829,3.717528343,5.119552612,220.0924072,218.3985138,19.52051926,63.57148743,Spring,1
5/2/2035,19.04655457,25.2134304,13.9081583,8.195245743,0.855062842,101.1806641,3.715185881,5.113924026,219.643692,217.9405823,19.64669418,63.43659973,Spring,1
5/3/2035,19.16388702,25.34150505,14.01328087,8.23620224,0.843676567,101.1859741,3.712425709,5.10772419,219.188736,217.4796448,19.77391243,63.2996521,Spring,1
5/4/2035,19.2823143,25.47075462,14.11952972,8.277469635,0.832205117,101.1914673,3.709220409,5.100915909,218.7279816,217.0160675,19.90225792,63.16042328,Spring,1
5/5/2035,19.40190506,25.60126305,14.2269392,8.319067955,0.820657551,101.197113,3.705544949,5.093467712,218.2620697,216.550293,20.03181076,63.01872253,Spring,1
5/6/2035,19.52271271,25.73311615,14.33554268,8.361018181,0.809040487,101.2028732,3.701378345,5.085352898,217.7918549,216.082901,20.16265869,62.87433624,Spring,1
5/7/2035,19.64480209,25.86639404,14.44536972,8.403341293,0.797358692,101.2087173,3.696702003,5.076544762,217.3182831,215.614563,20.29487991,62.72709656,Spring,1
5/8/2035,19.76823044,26.00118065,14.55645466,8.446058273,0.785613656,101.2145996,3.691501856,5.067026138,216.8424683,215.1461182,20.42856216,62.57680511,Spring,1
5/9/2035,19.89305878,26.13755226,14.6688261,8.489192963,0.773805082,101.2205048,3.685765743,5.056780815,216.3656921,214.6785431,20.56377983,62.42330933,Spring,1
5/10/2035,20.0193367,26.27557373,14.78251076,8.532764435,0.761930466,101.226387,3.679489136,5.04580307,215.889328,214.2128906,20.70060539,62.26644897,Spring,1
5/11/2035,20.14711952,26.41531944,14.89753437,8.576795578,0.749985039,101.2322311,3.672668457,5.034089088,215.4149323,213.7503967,20.83911705,62.1060791,Spring,1
5/12/2035,20.2764492,26.5568409,15.01391602,8.621306419,0.737962544,101.237999,3.665307045,5.021643639,214.9441833,213.2923584,20.97937775,61.94208527,Spring,1
5/13/2035,20.40736771,26.70019341,15.13167286,8.666314125,0.725855172,101.2436676,3.657413483,5.008475304,214.4788513,212.8402863,21.12144279,61.77435303,Spring,1
5/14/2035,20.53990364,26.84541512,15.25082302,8.711835861,0.713653505,101.2492142,3.648998737,4.994602203,214.0208282,212.3956451,21.2653656,61.60279083,Spring,1
5/15/2035,20.67408943,26.99253845,15.37136841,8.757885933,0.701347411,101.2546234,3.640081644,4.980045795,213.5720673,211.9601288,21.41118431,61.42733765,Spring,1
5/16/2035,20.80994034,27.14158249,15.4933157,8.804476738,0.688925922,101.2598724,3.630683661,4.964838028,213.134613,211.5354156,21.55893517,61.24795532,Spring,1
5/17/2035,20.9474659,27.29255867,15.61665821,8.851616859,0.676377535,101.264946,3.620833874,4.94901371,212.710556,211.1233368,21.70863914,61.06460571,Spring,1
5/18/2035,21.08666801,27.44546127,15.74139118,8.89931488,0.663690686,101.2698288,3.610563517,4.932616711,212.3020325,210.7256927,21.86030769,60.87730408,Spring,1
5/19/2035,21.22753525,27.60027313,15.86749554,8.947568893,0.650853992,101.2745056,3.599910975,4.915696144,211.9111938,210.3443604,22.013937,60.68606567,Spring,1
5/20/2035,21.37005043,27.75696754,15.99494839,8.996380806,0.637856245,101.2789764,3.588918686,4.898308277,211.5401459,209.9812775,22.16951752,60.49093628,Spring,1
5/21/2035,21.51417923,27.91549873,16.12372398,9.045744896,0.624687314,101.2832336,3.577632427,4.880514145,211.19104,209.6383209,22.32702065,60.29199219,Spring,1
5/22/2035,21.65988541,28.07580566,16.25378418,9.09565258,0.611338139,101.287262,3.566103935,4.862380028,210.865921,209.3173828,22.48640823,60.08933258,Spring,1
5/23/2035,21.80711555,28.23782158,16.38508224,9.146089554,0.597800672,101.291069,3.554387331,4.843979836,210.5667725,209.0202637,22.64763069,59.88306427,Spring,1
5/24/2035,21.95580482,28.40146065,16.51756668,9.197040558,0.584068358,101.2946472,3.542541027,4.825388908,210.2955322,208.7488098,22.81061745,59.67333221,Spring,1
5/25/2035,22.10587883,28.56661797,16.65118027,9.248480797,0.570137143,101.2979965,3.530626059,4.806687832,210.0539093,208.5046997,22.97528839,59.46032715,Spring,1
5/26/2035,22.25725365,28.733181,16.78585243,9.300387383,0.556003869,101.3011246,3.518706322,4.787961483,209.8436432,208.2895203,23.14155769,59.24420929,Spring,1
5/27/2035,22.40983009,28.90102005,16.9215126,9.352729797,0.541668713,101.3040314,3.506848335,4.769296646,209.6661682,208.1047974,23.30931664,59.02520752,Spring,1
5/28/2035,22.56350327,29.06999969,17.05807686,9.405471802,0.527133465,101.3067169,3.495119333,4.750782967,209.5228577,207.9518585,23.47844887,58.80354309,Spring,1
5/29/2035,22.718153,29.23996162,17.19545746,9.458577156,0.512402356,101.3091965,3.483588696,4.732510567,209.4148102,207.8318939,23.64882469,58.5794754,Spring,1
5/30/2035,22.87365913,29.41074944,17.33355904,9.512001991,0.497482985,101.31147,3.47232461,4.714571476,209.3429718,207.7459259,23.82029915,58.35326385,Spring,1
5/31/2035,23.0298748,29.58218193,17.4722805,9.565703392,0.482384562,101.3135452,3.461397409,4.69705677,209.3079987,207.694809,23.99272728,58.12519836,Spring,1
6/1/2035,23.18666458,29.75407791,17.61151505,9.619631767,0.467119187,101.3154373,3.450875282,4.680056572,209.3103943,207.6791229,24.16594315,57.89557648,Summer,2
6/2/2035,23.34387398,29.92624664,17.75114822,9.673736572,0.451702416,101.3171463,3.440824986,4.663660049,209.3503265,207.6992645,24.33977699,57.664711,Summer,2
6/3/2035,23.50134468,30.09848595,17.89106178,9.727962494,0.436151326,101.3186874,3.431312799,4.647954941,209.4277191,207.7554169,24.51405334,57.43292999,Summer,2
6/4/2035,23.65890884,30.27059174,18.03113937,9.782254219,0.420485884,101.3200684,3.422400713,4.633022785,209.5423279,207.8474731,24.68858337,57.20056152,Summer,2
6/5/2035,23.81640053,30.44235611,18.17124748,9.836555481,0.404728889,101.3212891,3.414148808,4.618943214,209.6934662,207.9751129,24.86318016,56.96794128,Summer,2
6/6/2035,23.97364807,30.61356926,18.31126595,9.890806198,0.388904572,101.3223724,3.406613588,4.605790138,209.8803406,208.1377411,25.03764915,56.73542786,Summer,2
6/7/2035,24.13047409,30.78401375,18.45106125,9.944946289,0.373039961,101.3233185,3.399845839,4.593632698,210.1017456,208.3345032,25.21178818,56.50335693,Summer,2
6/8/2035,24.28669739,30.95347214,18.59049988,9.99891758,0.357163578,101.3241272,3.393893719,4.582533836,210.3562775,208.56427,25.38540077,56.27207947,Summer,2
6/9/2035,24.4421463,31.12173843,18.72945023,10.05265999,0.341305524,101.3248215,3.38879776,4.57254982,210.6422424,208.8256836,25.55828667,56.04195404,Summer,2
6/10/2035,24.59664345,31.28859901,18.86777878,10.10611534,0.325497925,101.3254013,3.384595156,4.563727379,210.9577179,209.1170959,25.73024559,55.81331635,Summer,2
6/11/2035,24.75001144,31.45384979,19.00535774,10.15922737,0.309773237,101.3258667,3.381314754,4.556107521,211.3004761,209.4365997,25.90108299,55.58652496,Summer,2
6/12/2035,24.90207672,31.6172924,19.1420536,10.21193695,0.294164926,101.3262329,3.37898016,4.549721718,211.6681061,209.7820892,26.0705986,55.36190033,Summer,2
6/13/2035,25.05267334,31.77873611,19.27773666,10.26419544,0.278707772,101.3264923,3.377608299,4.544591904,212.0579376,210.1511841,26.23860741,55.13977051,Summer,2
6/14/2035,25.20163918,31.937994,19.41228867,10.31594849,0.263435721,101.3266602,3.377207518,4.540733337,212.4670868,210.5413055,26.4049263,54.92046356,Summer,2
6/15/2035,25.34881401,32.09489441,19.54558372,10.36715126,0.248383358,101.3267365,3.377780914,4.538147926,212.8925629,210.9496765,26.5693779,54.70427704,Summer,2
6/16/2035,25.49405479,32.24927139,19.67750549,10.41775894,0.233584791,101.3267136,3.379321814,4.536831856,213.3311005,211.3733521,26.73179245,54.49150467,Summer,2
6/17/2035,25.63721085,32.40097809,19.80794144,10.46773148,0.219073117,101.3266068,3.381818295,4.536767006,213.7794037,211.8091888,26.89201164,54.28242874,Summer,2
6/18/2035,25.77815819,32.54986954,19.93679237,10.51703548,0.204881057,101.3264084,3.385248899,4.537929058,214.2339783,212.2539368,27.0498848,54.07731628,Summer,2
6/19/2035,25.91676712,32.69582748,20.06395149,10.56563854,0.191039756,101.3261108,3.38958621,4.540282249,214.6913452,212.7042084,27.20527267,53.87641144,Summer,2
6/20/2035,26.0529232,32.83873749,20.18932915,10.61351395,0.177578956,101.3257294,3.394794703,4.543782234,215.1478271,213.1565399,27.35804749,53.6799469,Summer,2
6/21/2035,26.18652916,32.978508,20.3128376,10.66064262,0.164526373,101.3252563,3.400831461,4.548374176,215.5998383,213.6074371,27.50809288,53.48814011,Summer,2
6/22/2035,26.31748581,33.11505127,20.43439865,10.70700932,0.151908189,101.3246841,3.407647848,4.553994656,216.0437469,214.0533142,27.65530396,53.30118179,Summer,2
6/23/2035,26.44572067,33.24830246,20.55394554,10.75260258,0.139748096,101.3240128,3.415186644,4.560571671,216.4759521,214.4906311,27.79958916,53.11925507,Summer,2
6/24/2035,26.57115746,33.37821579,20.67140961,10.79741859,0.128067151,101.3232422,3.423386335,4.568024635,216.8929749,214.9158478,27.94087029,52.94251251,Summer,2
6/25/2035,26.69374466,33.50475311,20.78673553,10.84145737,0.116885006,101.3223648,3.432178974,4.576267242,217.2912598,215.3255157,28.07908249,52.77110291,Summer,2
6/26/2035,26.81343269,33.62788773,20.89988136,10.88472557,0.106217638,101.3213882,3.441490889,4.585204124,217.6676331,215.716217,28.21416664,52.60514069,Summer,2
6/27/2035,26.9301796,33.74762344,21.01080513,10.9272337,0.096078567,101.3202972,3.45124507,4.594734669,218.0188293,216.0846863,28.3460865,52.44474792,Summer,2
6/28/2035,27.04397202,33.86396027,21.11947632,10.96899796,0.086479187,101.3190994,3.461358309,4.604753494,218.3419342,216.4278564,28.47481346,52.29000092,Summer,2
6/29/2035,27.15479088,33.97691345,21.22586823,11.01003933,0.077427417,101.3177872,3.471745729,4.615149021,218.6341248,216.7427368,28.60032272,52.14097595,Summer,2
6/30/2035,27.26263618,34.08652115,21.3299675,11.05038261,0.068928845,101.3163605,3.482319593,4.625808716,218.8928986,217.0265961,28.72261047,51.99773407,Summer,2
7/1/2035,27.36750793,34.19282532,21.43176651,11.09005737,0.060986783,101.3148117,3.492989063,4.636614799,219.1159363,217.276947,28.84167862,51.86031342,Summer,2
7/2/2035,27.46942329,34.29587173,21.53125572,11.12909698,0.053601526,101.3131485,3.503663063,4.647449493,219.301239,217.4915161,28.9575367,51.72875214,Summer,2
7/3/2035,27.56840324,34.39572525,21.62844467,11.16753674,0.046771094,101.3113708,3.514249086,4.658194065,219.4471436,217.668335,29.0702076,51.60306931,Summer,2
7/4/2035,27.66447639,34.49245071,21.72333908,11.20541763,0.040491831,101.3094788,3.524656057,4.668728828,219.5521698,217.8056946,29.17971802,51.48327255,Summer,2
7/5/2035,27.75767899,34.58611679,21.81595421,11.24277782,0.034757182,101.3074722,3.534792185,4.678936958,219.6153107,217.9022522,29.28609848,51.36936188,Summer,2
7/6/2035,27.84804916,34.67680359,21.90630531,11.27966213,0.029560033,101.3053513,3.544569254,4.688703537,219.6358032,217.9569397,29.38938713,51.26132965,Summer,2
7/7/2035,27.93562889,34.76459122,21.99441719,11.31611252,0.024890831,101.3031235,3.553900957,4.697916031,219.613327,217.9690704,29.48962212,51.15916443,Summer,2
7/8/2035,28.02046776,34.84955215,22.08030891,11.35217476,0.020739006,101.3007889,3.562703609,4.706468582,219.5477905,217.938324,29.58685112,51.06284332,Summer,2
7/9/2035,28.10260582,34.93176651,22.16400909,11.38789177,0.01709348,101.2983627,3.570898294,4.71425724,219.4395752,217.8646393,29.68111801,50.9723587,Summer,2
7/10/2035,28.18209648,35.01130676,22.24554825,11.42330837,0.013942467,101.295845,3.578410387,4.721187592,219.2893066,217.7484436,29.77246094,50.88768005,Summer,2
7/11/2035,28.25898361,35.08825302,22.32495117,11.45846558,0.011273567,101.2932434,3.585171461,4.727169037,219.0980835,217.5903931,29.86092758,50.80878448,Summer,2
7/12/2035,28.33331108,35.16265869,22.40224457,11.49340248,0.009074992,101.2905731,3.591117382,4.732121944,218.8672485,217.3916321,29.94655609,50.73566437,Summer,2
7/13/2035,28.40512085,35.23458481,22.47745514,11.52815628,0.007334851,101.2878342,3.596192122,4.735972404,218.598526,217.1535797,30.0293808,50.668293,Summer,2
7/14/2035,28.47445107,35.30408096,22.55060959,11.56276226,0.006042372,101.2850418,3.600346565,4.738658905,218.2939301,216.878006,30.10943413,50.60666656,Summer,2
7/15/2035,28.54132843,35.3711853,22.62172699,11.59724903,0.005187597,101.2822113,3.603537798,4.740125656,217.9558258,216.5669556,30.18673325,50.55077362,Summer,2
7/16/2035,28.60578156,35.43592453,22.69082642,11.6316433,0.004762394,101.2793503,3.605731964,4.740330696,217.5868225,216.2229004,30.26129913,50.50061798,Summer,2
7/17/2035,28.6678257,35.4983139,22.75792313,11.66596603,0.004759752,101.2764816,3.606902838,4.739240646,217.1897888,215.8485107,30.33313942,50.45620728,Summer,2
7/18/2035,28.72747421,35.55835342,22.82302666,11.70023155,0.005174893,101.2736053,3.607033014,4.736834526,216.7678528,215.4467621,30.4022522,50.41754913,Summer,2
7/19/2035,28.78472328,35.61602783,22.88613892,11.73445034,0.006005685,101.2707367,3.606112957,4.733101845,216.3243408,215.0208588,30.46862411,50.38468552,Summer,2
7/20/2035,28.83956909,35.67131042,22.94726372,11.76862717,0.007251518,101.2679062,3.604142666,4.728043556,215.862793,214.574234,30.5322361,50.35764694,Summer,2
7/21/2035,28.89199066,35.72416306,23.00638962,11.80276012,0.008915235,101.2651138,3.60112977,4.721672058,215.3868561,214.1105042,30.5930481,50.33647919,Summer,2
7/22/2035,28.94196129,35.77451706,23.06350327,11.83683872,0.011002022,101.2623825,3.597091436,4.714011192,214.9002991,213.6334686,30.65102768,50.32123566,Summer,2
7/23/2035,28.98944092,35.82230377,23.11858559,11.87084866,0.013520414,101.2597198,3.592053175,4.705095291,214.4070435,213.1469879,30.70610619,50.3119812,Summer,2
7/24/2035,29.03438187,35.86742783,23.17160606,11.90476799,0.016481692,101.2571564,3.586047649,4.694970131,213.910965,212.6551056,30.75822449,50.30879974,Summer,2
7/25/2035,29.07672501,35.90979004,23.22253227,11.93856525,0.019899677,101.2546921,3.579116821,4.683692455,213.4160461,212.1618347,30.80730057,50.31177521,Summer,2
7/26/2035,29.11639786,35.94926834,23.27132416,11.97220707,0.023792457,101.2523422,3.571309566,4.671327591,212.926178,211.6712799,30.85324287,50.32100677,Summer,2
7/27/2035,29.15332031,35.98572159,23.31793022,12.00564766,0.028179852,101.2501297,3.562681675,4.657950401,212.445282,211.1874847,30.89595413,50.336586,Summer,2
7/28/2035,29.18741226,36.01900864,23.36229706,12.03884125,0.033085234,101.2480621,3.553296804,4.643645763,211.9771118,210.714447,30.9353199,50.35863495,Summer,2
7/29/2035,29.21856499,36.04896164,23.40435982,12.07173157,0.038534719,101.2461624,3.543222904,4.628505707,211.5254059,210.2560883,30.97122192,50.38727188,Summer,2
7/30/2035,29.2466774,36.07542038,23.44404984,12.10425663,0.044556614,101.2444229,3.532533884,4.61262846,211.0936279,209.8162079,31.00353432,50.42262268,Summer,2
7/31/2035,29.27163696,36.09819794,23.48129845,12.13634968,0.051181253,101.2428741,3.521310329,4.596120834,210.6851349,209.3984375,31.03211975,50.4648056,Summer,2
8/1/2035,29.29332542,36.11710739,23.51602173,12.16793823,0.05844212,101.2415161,3.509633541,4.579093933,210.3030548,209.0062561,31.05683136,50.51396179,Summer,2
8/2/2035,29.3116169,36.13195419,23.54813766,12.19894791,0.066373006,101.2403564,3.497591496,4.561660767,209.9502869,208.6428375,31.07752609,50.57022476,Summer,2
8/3/2035,29.32637978,36.14253998,23.5775547,12.22929668,0.075010091,101.2394104,3.485272169,4.543942451,209.6294403,208.311203,31.09404945,50.63371658,Summer,2
8/4/2035,29.3374939,36.14866257,23.60418701,12.2589016,0.084389813,101.238678,3.472766876,4.526059628,209.342865,208.0140381,31.10625076,50.70457458,Summer,2
8/5/2035,29.34481239,36.1501236,23.62793922,12.287673,0.094548948,101.2381668,3.460166693,4.508133888,209.0925751,207.7537537,31.11397552,50.78292084,Summer,2
8/6/2035,29.34820938,36.1467247,23.64871597,12.31552505,0.105525054,101.2378845,3.447564125,4.490287781,208.880249,207.5323792,31.11707115,50.86888123,Summer,2
8/7/2035,29.34756088,36.1382637,23.66641998,12.34236717,0.117354721,101.2378235,3.435050011,4.472642899,208.7073059,207.3516998,31.11538315,50.96256256,Summer,2
8/8/2035,29.34272766,36.12456131,23.68095779,12.36810684,0.130073249,101.2379913,3.422713518,4.455318928,208.5746765,207.2130432,31.10877037,51.06407166,Summer,2
8/9/2035,29.33358955,36.10542679,23.69223595,12.39265537,0.14371486,101.2383881,3.410642862,4.43843174,208.4830627,207.1174011,31.09708595,51.17349625,Summer,2
8/10/2035,29.32003403,36.08069611,23.70016479,12.41592026,0.158311889,101.239006,3.398921013,4.422094822,208.4327087,207.0654449,31.08019829,51.29091644,Summer,2
8/11/2035,29.30195236,36.05021286,23.70465088,12.43781471,0.173893481,101.2398453,3.387629509,4.406414986,208.4235077,207.0573425,31.05798531,51.41640472,Summer,2
8/12/2035,29.27923584,36.01383209,23.70561218,12.45825291,0.190486401,101.2409058,3.376842737,4.391493797,208.4550629,207.0929565,31.03033447,51.54999161,Summer,2
8/13/2035,29.25179672,35.97142792,23.7029686,12.47714996,0.208113372,101.2421799,3.366632223,4.377425671,208.5265198,207.1717682,30.99714088,51.69171906,Summer,2
8/14/2035,29.21956253,35.92289734,23.69664764,12.49442863,0.226792783,101.24366,3.357062817,4.364296913,208.6367493,207.2928009,30.9583168,51.84158325,Summer,2
8/15/2035,29.18246269,35.86815262,23.68659019,12.51001263,0.246538892,101.2453384,3.348192215,4.352187157,208.7841797,207.4547882,30.91379166,51.99958801,Summer,2
8/16/2035,29.14044571,35.80712509,23.67272758,12.52383232,0.267360866,101.2472076,3.340072393,4.341164589,208.9670868,207.6560211,30.86351204,52.16567993,Summer,2
8/17/2035,29.09347534,35.73977661,23.65501595,12.53582478,0.289262116,101.2492523,3.332747221,4.331290245,209.1832733,207.8945618,30.80743408,52.33981323,Summer,2
8/18/2035,29.04153252,35.66609573,23.63341522,12.54593182,0.312240362,101.2514648,3.326253176,4.322612762,209.4303894,208.167984,30.74554443,52.52190399,Summer,2
8/19/2035,28.98462105,35.58609009,23.60789871,12.55410099,0.336286694,101.2538376,3.320619345,4.315171242,209.7057037,208.4737549,30.67783928,52.71183777,Summer,2
8/20/2035,28.92274284,35.49979019,23.57844353,12.56029034,0.361386389,101.2563629,3.315865755,4.308995247,210.0063324,208.8088989,30.60434341,52.90947342,Summer,2
8/21/2035,28.85593987,35.40726852,23.54504585,12.56446362,0.387517631,101.2590179,3.312005043,4.30410099,210.3292236,209.1702423,30.52509117,53.11465454,Summer,2
8/22/2035,28.78426743,35.30861664,23.5077076,12.56659222,0.414651543,101.2618027,3.309040308,4.300495148,210.67099,209.5544281,30.44014931,53.32719421,Summer,2
8/23/2035,28.70779037,35.20394897,23.46644974,12.56665516,0.442751974,101.2646942,3.306967735,4.298173904,211.0283356,209.9578552,30.34960175,53.546875,Summer,2
8/24/2035,28.62660408,35.09341812,23.42129326,12.564641,0.471776396,101.2676926,3.305775166,4.297121048,211.397644,210.3768005,30.25355339,53.77344513,Summer,2
8/25/2035,28.54081154,34.97719955,23.37228775,12.56054688,0.501674354,101.2707748,3.305440903,4.297309875,211.7753448,210.8074341,30.15213203,54.00665283,Summer,2
8/26/2035,28.45054817,34.85548782,23.31948471,12.55437565,0.532388628,101.2739334,3.305938005,4.298706055,212.1578064,211.2458191,30.04548264,54.24618912,Summer,2
8/27/2035,28.35595512,34.72851944,23.26294708,12.54614162,0.563855052,101.2771606,3.307229996,4.301261902,212.5413818,211.6879425,29.93377113,54.49173737,Summer,2
8/28/2035,28.25719833,34.59654617,23.20275688,12.53586578,0.596002579,101.2804413,3.309274912,4.304922104,212.9224701,212.1298828,29.81719589,54.7429657,Summer,2
8/29/2035,28.15445518,34.45983887,23.13900375,12.52357769,0.628753901,101.2837677,3.312023401,4.309622765,213.2975006,212.5676575,29.69595337,54.99948883,Summer,2
8/30/2035,28.04792404,34.31869888,23.07178688,12.50931168,0.662025332,101.2871323,3.315420389,4.315292358,213.6630402,212.9973907,29.57027245,55.26093292,Summer,2
8/31/2035,27.93781471,34.17344284,23.0012207,12.49311256,0.695727527,101.2905197,3.319406509,4.3218503,214.0157776,213.4153137,29.44038963,55.52688599,Summer,2
9/1/2035,27.82435036,34.02441025,22.92742348,12.47503185,0.729765654,101.2939301,3.323915958,4.329212189,214.3526154,213.8178253,29.30655861,55.79691315,Autumn,3
9/2/2035,27.70776939,33.87195206,22.85053062,12.4551239,0.76404053,101.2973557,3.328880787,4.337285995,214.6705475,214.2014618,29.16905594,56.07058716,Autumn,3
9/3/2035,27.58831215,33.71643066,22.77068138,12.43345165,0.798448145,101.3007889,3.3342278,4.34597683,214.9669189,214.562973,29.02815628,56.34745026,Autumn,3
9/4/2035,27.46623611,33.55821991,22.6880188,12.41008091,0.83288157,101.3042221,3.339883327,4.355185509,215.239212,214.8993988,28.88414764,56.62702942,Autumn,3
9/5/2035,27.34180069,33.39771652,22.60270309,12.38508415,0.867230475,101.307663,3.345770597,4.364809513,215.4852905,215.2079926,28.7373333,56.90884399,Autumn,3
9/6/2035,27.21527863,33.23529816,22.51488876,12.35853577,0.901382387,101.3110886,3.351812601,4.374746799,215.7032013,215.4863434,28.58801079,57.19241333,Autumn,3
9/7/2035,27.08692932,33.07136154,22.42474174,12.330513,0.935223818,101.3145142,3.357932568,4.384893417,215.8914185,215.7323761,28.43649292,57.47724915,Autumn,3
9/8/2035,26.95702744,32.90629959,22.33242798,12.30109596,0.96863997,101.3179321,3.364052773,4.395148277,216.0487061,215.9443207,28.28308678,57.76287079,Autumn,3
9/9/2035,26.82584572,32.7405014,22.23811722,12.27036381,1.001516581,101.3213425,3.370099783,4.405408382,216.1740875,216.1208038,28.12809944,58.04875946,Autumn,3
9/10/2035,26.69364738,32.57435226,22.14197922,12.2383976,1.033740401,101.3247452,3.375999451,4.415575981,216.2671051,216.2607574,27.97183418,58.33444214,Autumn,3
9/11/2035,26.56069183,32.40821838,22.04417992,12.20528126,1.065199494,101.3281479,3.381682873,4.425557613,216.3274994,216.3636169,27.81459045,58.61943054,Autumn,3
9/12/2035,26.42723083,32.24246597,21.94488907,12.17109013,1.095784903,101.3315353,3.387083769,4.43526268,216.3554535,216.4290924,27.6566658,58.90324402,Autumn,3
9/13/2035,26.29351807,32.07743454,21.84427071,12.1359024,1.125391483,101.3349304,3.392140865,4.444608212,216.3514862,216.4573669,27.49834061,59.18541718,Autumn,3
9/14/2035,26.15977859,31.91346169,21.74247932,12.09979153,1.153917074,101.3383255,3.396798134,4.453516006,216.3164978,216.4489441,27.33988571,59.46549988,Autumn,3
9/15/2035,26.0262413,31.75085068,21.63967133,12.06283188,1.181265712,101.3417206,3.401004791,4.46191597,216.2516327,216.4048309,27.18156624,59.74304199,Autumn,3
9/16/2035,25.89310646,31.58989143,21.53599739,12.0250845,1.207346678,101.3451233,3.404716253,4.469745159,216.1585236,216.3262787,27.02361679,60.01761627,Autumn,3
9/17/2035,25.76057053,31.43083763,21.43158913,11.98661423,1.232075572,101.3485336,3.407894373,4.476950645,216.0389862,216.2150116,26.86627007,60.28883362,Autumn,3
9/18/2035,25.62880516,31.27392578,21.32658005,11.94747734,1.255375624,101.3519592,3.410509586,4.483487129,215.8952026,216.0730591,26.70973206,60.5562973,Autumn,3
9/19/2035,25.49796104,31.11936378,21.22109032,11.90772152,1.277177453,101.3554077,3.41253829,4.489320755,215.7296143,215.9027863,26.55418968,60.81963348,Autumn,3
9/20/2035,25.36817932,30.9673214,21.11522675,11.86739159,1.297420025,101.3588638,3.413964272,4.49442625,215.5449219,215.7068634,26.3998127,61.07852173,Autumn,3
9/21/2035,25.2395668,30.81794167,21.00908852,11.82652283,1.316051364,101.3623505,3.414781094,4.498788357,215.3440552,215.4882813,26.24674034,61.3326416,Autumn,3
9/22/2035,25.11221695,30.67133713,20.90275955,11.78514481,1.333028674,101.3658524,3.414988041,4.502402782,215.130127,215.2502899,26.0950985,61.58170319,Autumn,3
9/23/2035,24.98620033,30.52757454,20.79631042,11.74327755,1.348318577,101.3693848,3.414593697,4.505275726,214.9064636,214.9963379,25.94498253,61.82544708,Autumn,3
9/24/2035,24.86156082,30.38670349,20.68980217,11.70093441,1.361897945,101.3729401,3.413614511,4.507423878,214.6764832,214.7300873,25.79646301,62.06364441,Autumn,3
9/25/2035,24.7383194,30.24872589,20.58327866,11.65812111,1.373753667,101.3765106,3.412074089,4.508872986,214.4437866,214.4553375,25.64959145,62.2960968,Autumn,3
9/26/2035,24.61647415,30.11361504,20.4767704,11.61483669,1.383882761,101.3801117,3.410004377,4.509660721,214.2119446,214.1760406,25.50438309,62.52262115,Autumn,3
9/27/2035,24.49600601,29.98130608,20.37029457,11.57107067,1.392293096,101.383728,3.407443285,4.509831429,213.9846954,213.8962708,25.36084747,62.74308014,Autumn,3
9/28/2035,24.37686348,29.85170746,20.26385498,11.52680588,1.399002075,101.3873596,3.404437542,4.509441376,213.7656403,213.6200562,25.21895027,62.95735931,Autumn,3
9/29/2035,24.2589817,29.72468948,20.15743828,11.48201466,1.404037595,101.3910065,3.401038408,4.508554459,213.5584412,213.351532,25.0786438,63.16538239,Autumn,3
9/30/2035,24.14226532,29.60009003,20.05102158,11.4366684,1.407437921,101.3946533,3.397304058,4.507241249,213.3667145,213.0947723,24.93985748,63.36708832,Autumn,3
10/1/2035,24.02660751,29.47772598,19.94457054,11.390728,1.409250259,101.3983002,3.393298864,4.505581379,213.1938782,212.8537903,24.80249405,63.56245422,Autumn,3
10/2/2035,23.91187096,29.35737228,19.83802986,11.34414864,1.409531474,101.4019394,3.389089823,4.503659248,213.043335,212.6324921,24.66644096,63.75148773,Autumn,3
10/3/2035,23.79791832,29.23879051,19.73134232,11.29687977,1.408347368,101.4055557,3.384750128,4.50156641,212.9182739,212.4346771,24.5315609,63.9342041,Autumn,3
10/4/2035,23.68457603,29.12171745,19.62443352,11.24886799,1.405771732,101.4091492,3.380354881,4.499397278,212.8217163,212.2639008,24.39770317,64.110672,Autumn,3
10/5/2035,23.57167244,29.00586128,19.51721954,11.20005322,1.401886463,101.4126968,3.375983,4.497251511,212.7563934,212.1235962,24.26469994,64.28096771,Autumn,3
10/6/2035,23.45900917,28.89091682,19.40961075,11.15037537,1.396780372,101.4161911,3.371714354,4.495231152,212.724884,212.0168915,24.13236809,64.44519043,Autumn,3
10/7/2035,23.34638596,28.77656174,19.30150795,11.09976768,1.390548348,101.4196243,3.367630243,4.493438721,212.7294617,211.946701,24.00051498,64.60348511,Autumn,3
10/8/2035,23.23359299,28.66246986,19.19280434,11.04816628,1.383291245,101.4229736,3.363812923,4.491979599,212.7720642,211.9156036,23.86893463,64.75597382,Autumn,3
10/9/2035,23.12041283,28.54828835,19.08338928,10.99550247,1.375114322,101.4262314,3.360342503,4.490955353,212.8544159,211.9258728,23.73741722,64.90283203,Autumn,3
10/10/2035,23.0066185,28.43367386,18.97314262,10.94171143,1.366127014,101.4293823,3.357299805,4.490469456,212.9778442,211.9794769,23.60573959,65.04423523,Autumn,3
10/11/2035,22.89198494,28.31827545,18.86195183,10.88672447,1.356441617,101.4324188,3.3547616,4.490620613,213.1434174,212.0779419,23.47368431,65.1803894,Autumn,3
10/12/2035,22.77629662,28.20174217,18.74969292,10.83047962,1.346172571,101.4353104,3.352802992,4.4915061,213.3517761,212.2225189,23.34102821,65.31150055,Autumn,3
10/13/2035,22.65931892,28.08372498,18.63624763,10.77291584,1.335435152,101.4380569,3.351495028,4.493216515,213.6032562,212.4140015,23.20755196,65.43778992,Autumn,3
10/14/2035,22.54084206,27.96388626,18.52149773,10.71397686,1.324345708,101.4406357,3.350904226,4.495837688,213.8978577,212.6528473,23.0730381,65.55947876,Autumn,3
10/15/2035,22.42065239,27.84189415,18.40532494,10.65360928,1.31301868,101.4430389,3.351092577,4.49944973,214.235199,212.9390869,22.93727684,65.67681122,Autumn,3
10/16/2035,22.29854965,27.71743584,18.28762245,10.59176826,1.301567912,101.4452515,3.352115154,4.504124641,214.6145935,213.2723694,22.80006218,65.79001617,Autumn,3
10/17/2035,22.17434502,27.59020996,18.16828346,10.52841091,1.290104032,101.447258,3.354022026,4.50992775,215.0349731,213.6519623,22.6612072,65.89936066,Autumn,3
10/18/2035,22.04785728,27.45993996,18.0472126,10.4635067,1.278734803,101.4490509,3.356856346,4.516914368,215.4949799,214.0767212,22.52052879,66.00507355,Autumn,3
10/19/2035,21.91893005,27.32636833,17.92431641,10.39702988,1.267563105,101.4506149,3.360653162,4.525131226,215.9928741,214.5451813,22.37785912,66.10740662,Autumn,3
10/20/2035,21.78742027,27.1892662,17.79951668,10.32896519,1.256687164,101.4519501,3.365440845,4.534614563,216.5267792,215.0554657,22.23305702,66.206604,Autumn,3
10/21/2035,21.65319633,27.04842377,17.67274666,10.25930214,1.246199489,101.4530487,3.37123847,4.545392036,217.0942993,215.6054077,22.085989,66.30290985,Autumn,3
10/22/2035,21.51615715,26.90366936,17.54394722,10.18804455,1.236185193,101.4539032,3.378058672,4.557478905,217.6930389,216.1924896,21.93654251,66.39656067,Autumn,3
10/23/2035,21.3762207,26.75485992,17.41307449,10.11520481,1.22672379,101.4545135,3.385903835,4.570880413,218.3201599,216.8139038,21.78462982,66.48778534,Autumn,3
10/24/2035,21.23332214,26.60188484,17.28009796,10.04080677,1.217885613,101.4548798,3.394769669,4.585591793,218.9727783,217.4665985,21.63017654,66.57679749,Autumn,3
10/25/2035,21.08742905,26.44466591,17.14500618,9.964881897,1.209733248,101.4550018,3.404642105,4.601595402,219.6477051,218.1472473,21.47314644,66.66382599,Autumn,3
10/26/2035,20.93852615,26.28316498,17.00779152,9.887475014,1.202321172,101.4548798,3.415498734,4.618864059,220.3416748,218.8523254,21.3135128,66.74906158,Autumn,3
10/27/2035,20.78662872,26.11737823,16.86847878,9.808642387,1.195694208,101.4545212,3.427309752,4.637359619,221.0513,219.578125,21.15127945,66.83268738,Autumn,3
10/28/2035,20.63177299,25.94733238,16.72708893,9.728447914,1.189888358,101.4539413,3.440036297,4.657032967,221.7730408,220.3208618,20.98647499,66.91490936,Autumn,3
10/29/2035,20.47402191,25.77309608,16.58367729,9.646969795,1.184930205,101.4531555,3.453632832,4.677825928,222.5034027,221.0765533,20.81915092,66.99588776,Autumn,3
10/30/2035,20.31346703,25.59477806,16.43830681,9.564295769,1.180836678,101.4521637,3.468044519,4.699669838,223.2388,221.841217,20.64938354,67.07577515,Autumn,3
10/31/2035,20.15022087,25.41251183,16.29105568,9.480520248,1.177615523,101.4509888,3.483211994,4.722488403,223.9756622,222.6107788,20.47727394,67.15471649,Autumn,3
11/1/2035,19.98442078,25.22647858,16.14201927,9.395750999,1.175265431,101.4496536,3.499067783,4.746192932,224.7104492,223.3811951,20.302948,67.23284912,Autumn,3
11/2/2035,19.81623077,25.03687859,15.99131107,9.31010437,1.173775315,101.4481812,3.515539169,4.770691872,225.439743,224.1484528,20.12654877,67.31027985,Autumn,3
11/3/2035,19.64583206,24.84396362,15.83905983,9.223706245,1.173125744,101.4465866,3.532547951,4.795884132,226.160141,224.9086456,19.94824982,67.38713074,Autumn,3
11/4/2035,19.47343254,24.647995,15.68540668,9.136685371,1.173288584,101.4449081,3.550011158,4.821662903,226.8684845,225.6579437,19.76824188,67.46348572,Autumn,3
11/5/2035,19.29925919,24.44927597,15.53050423,9.049184799,1.174227715,101.443161,3.567842007,4.847916603,227.5616455,226.3926697,19.58673096,67.53942871,Autumn,3
11/6/2035,19.12355423,24.24813652,15.37452698,8.96134758,1.175899625,101.441391,3.585950613,4.874527931,228.2367554,227.1092987,19.40394592,67.61501312,Autumn,3
11/7/2035,18.94658279,24.04492188,15.21765327,8.873325348,1.178253531,101.4396133,3.604245186,4.901378155,228.8911438,227.8045654,19.22013092,67.69032288,Autumn,3
11/8/2035,18.76861954,23.84000397,15.0600729,8.785275459,1.181232452,101.4378738,3.622631311,4.92834568,229.5223236,228.4753723,19.03554344,67.76538086,Autumn,3
11/9/2035,18.58994865,23.63377571,14.90198994,8.697353363,1.18477416,101.436203,3.641013622,4.95530653,230.1281433,229.1189423,18.85045433,67.84024811,Autumn,3
11/10/2035,18.41087723,23.42664337,14.7436161,8.609722137,1.188810825,101.434639,3.65929842,4.982138157,230.7065887,229.7327118,18.66514587,67.91493225,Autumn,3
11/11/2035,18.23171234,23.21902084,14.58516598,8.522543907,1.193271041,101.4332123,3.677390814,5.008719444,231.256073,230.3144989,18.47990417,67.98944855,Autumn,3
11/12/2035,18.05277061,23.01133728,14.42686272,8.43598175,1.198079944,101.4319687,3.695198298,5.034926414,231.7751465,230.8623657,18.29502869,68.06382751,Autumn,3
11/13/2035,17.87436867,22.80403137,14.26893616,8.350196838,1.203160405,101.4309387,3.712631464,5.060643196,232.2627716,231.3747559,18.11081696,68.13806915,Autumn,3
11/14/2035,17.69683456,22.59753227,14.11161613,8.265350342,1.20843327,101.4301605,3.729602337,5.085757256,232.7181396,231.8504333,17.92757034,68.2121582,Autumn,3
11/15/2035,17.52048111,22.39228249,13.95513248,8.18159771,1.213819146,101.4296722,3.746027946,5.110156059,233.1407776,232.2884979,17.74559212,68.28609467,Autumn,3
11/16/2035,17.34563446,22.18871307,13.79971886,8.09909153,1.219238758,101.4295044,3.761828899,5.133739471,233.5305176,232.6884613,17.56517792,68.35987091,Autumn,3
11/17/2035,17.17260361,21.98724556,13.64560413,8.017980576,1.224613547,101.4296951,3.776931763,5.15640831,233.8874359,233.0501251,17.38662338,68.43347168,Autumn,3
11/18/2035,17.00169754,21.78830147,13.49301434,7.938405037,1.229867101,101.430275,3.791269302,5.178071976,234.2120209,233.3736877,17.21021652,68.50686646,Autumn,3
11/19/2035,16.83320999,21.59228134,13.34217167,7.860502243,1.234925628,101.4312744,3.804778337,5.198651314,234.5049133,233.6596375,17.03623009,68.58005524,Autumn,3
11/20/2035,16.66743088,21.39957428,13.19329166,7.784394264,1.239718676,101.432724,3.817404985,5.21807003,234.7671356,233.9088745,16.86493683,68.65300751,Autumn,3
11/21/2035,16.50462723,21.21054268,13.04657936,7.710202217,1.244180441,101.4346466,3.829100609,5.236266136,234.9998474,234.1225586,16.6965847,68.72569275,Autumn,3
11/22/2035,16.34505844,21.02553558,12.90223789,7.63803196,1.248249412,101.4370651,3.839825153,5.253185272,235.2045898,234.3021698,16.53141975,68.79810333,Autumn,3
11/23/2035,16.18896294,20.84487915,12.76045227,7.567982674,1.251870155,101.4400024,3.849545479,5.268780708,235.3830109,234.4495239,16.36965942,68.87021637,Autumn,3
11/24/2035,16.03656006,20.66886711,12.62140179,7.500141144,1.25499332,101.4434738,3.85823679,5.283019066,235.5370178,234.5666199,16.21151352,68.94200897,Autumn,3
11/25/2035,15.88805199,20.49777603,12.48524761,7.43458271,1.257575631,101.4474869,3.86588335,5.295876503,235.6687164,234.6557922,16.05716896,69.01346588,Autumn,3
11/26/2035,15.7436161,20.3318367,12.3521452,7.371371269,1.259581804,101.4520569,3.872475863,5.307338715,235.7802734,234.7194977,15.90678787,69.08456421,Autumn,3
11/27/2035,15.60340977,20.17127037,12.222229,7.310559273,1.260983229,101.4571915,3.878014326,5.317405701,235.8740997,234.7604675,15.76052284,69.15529633,Autumn,3
11/28/2035,15.4675684,20.0162468,12.09562111,7.252185345,1.261759281,101.4628754,3.882506371,5.32608223,235.9526062,234.7815552,15.61849594,69.2256546,Autumn,3
11/29/2035,15.33620262,19.86691666,11.97242641,7.196277142,1.261897922,101.4691238,3.885967731,5.333386421,236.0184326,234.7857666,15.48081017,69.29561615,Autumn,3
11/30/2035,15.20939541,19.72338867,11.85273647,7.142848015,1.261393905,101.4759216,3.888421535,5.339346886,236.0740967,234.7761993,15.34754753,69.36518097,Autumn,3
12/1/2035,15.0872097,19.58574486,11.73662281,7.091901302,1.260251045,101.4832535,3.889898777,5.344000816,236.1222534,234.7559967,15.21876335,69.43434143,Winter,0
12/2/2035,14.96968174,19.4540329,11.62414169,7.043426514,1.258481026,101.4911041,3.890437126,5.34739399,236.1654968,234.7283478,15.09449577,69.50309753,Winter,0
12/3/2035,14.85682869,19.32826042,11.51533604,6.997401237,1.256103277,101.4994507,3.890081167,5.349583626,236.2064514,234.6964722,14.97475815,69.57143402,Winter,0
12/4/2035,14.74863243,19.20841026,11.41022396,6.953792572,1.253144979,101.5082703,3.888881683,5.350632668,236.2476349,234.663559,14.85954094,69.63937378,Winter,0
12/5/2035,14.6450634,19.09443283,11.30881405,6.912554741,1.249640703,101.51754,3.886893988,5.350610733,236.2914581,234.6327057,14.74881744,69.70690155,Winter,0
12/6/2035,14.54606533,18.98624611,11.21109486,6.873632431,1.245631814,101.5272064,3.884180784,5.34959507,236.3403473,234.6069489,14.64253616,69.77402496,Winter,0
12/7/2035,14.45155907,18.88373756,11.11704254,6.836961269,1.241166711,101.5372543,3.880806208,5.347670555,236.3964844,234.5891876,14.54062843,69.84074402,Winter,0
12/8/2035,14.36144352,18.78676796,11.02661037,6.802465916,1.236299634,101.5476227,3.876841068,5.344926834,236.4619598,234.5821991,14.44301224,69.90705109,Winter,0
12/9/2035,14.27560329,18.69517708,10.93974876,6.770062447,1.23108983,101.5582809,3.872358561,5.341453552,236.5386353,234.5885468,14.34957695,69.97296143,Winter,0
12/10/2035,14.19390583,18.60877609,10.85638046,6.739659786,1.225602269,101.5691757,3.867433071,5.337349892,236.6283112,234.6106567,14.26020432,70.03846741,Winter,0
12/11/2035,14.11619473,18.52735519,10.77642727,6.711161613,1.219905138,101.5802536,3.862142086,5.332714081,236.7324677,234.6506805,14.17476463,70.10357666,Winter,0
12/12/2035,14.04230595,18.4506855,10.69979191,6.684462547,1.214070559,101.5914612,3.85656476,5.327645302,236.8524628,234.7105713,14.09311104,70.16827393,Winter,0
12/13/2035,13.97206211,18.37852478,10.62636757,6.659455299,1.208173394,101.6027451,3.850778818,5.322246552,236.9893188,234.7920227,14.01508522,70.2325592,Winter,0
12/14/2035,13.9052763,18.31061363,10.55603886,6.636025429,1.20228982,101.6140442,3.844863653,5.316618919,237.1439972,234.8964233,13.94052124,70.29641724,Winter,0
12/15/2035,13.84174538,18.24667931,10.48867893,6.614058495,1.196497321,101.6253052,3.838896036,5.310862541,237.3170776,235.0249329,13.86924934,70.35984039,Winter,0
12/16/2035,13.78126431,18.18644333,10.42415714,6.593436718,1.190873742,101.6364746,3.832952499,5.305074692,237.5089417,235.1784058,13.80108547,70.42281342,Winter,0
12/17/2035,13.72362709,18.12962532,10.36233425,6.574040413,1.185495853,101.6474762,3.827106476,5.299351692,237.7197723,235.3573914,13.7358532,70.48530579,Winter,0
12/18/2035,13.66861725,18.07592773,10.30306339,6.555752754,1.180439353,101.6582565,3.821428776,5.293786049,237.9494629,235.5621338,13.67336559,70.54730225,Winter,0
12/19/2035,13.61602211,18.02507019,10.24620056,6.538454056,1.175777435,101.6687546,3.815987587,5.2884655,238.1977234,235.7926025,13.61343575,70.60876465,Winter,0
12/20/2035,13.5656271,17.97675896,10.19159698,6.522029877,1.171580315,101.6789246,3.810845852,5.283473969,238.463974,236.0484924,13.55588722,70.66966248,Winter,0
12/21/2035,13.51722622,17.93071938,10.13909817,6.50636673,1.167914152,101.6886902,3.806062937,5.278887749,238.7475128,236.3291931,13.50053406,70.72994232,Winter,0
12/22/2035,13.47060776,17.88667107,10.08855438,6.491354942,1.164840817,101.6980057,3.801692724,5.274778366,239.047287,236.6337738,13.44720268,70.78956604,Winter,0
12/23/2035,13.4255743,17.84434891,10.03981781,6.476891518,1.162416577,101.7068176,3.797785044,5.271211624,239.3622131,236.9610901,13.39572906,70.84849548,Winter,0
12/24/2035,13.38193512,17.80350304,9.992742538,6.46287632,1.160691857,101.7150803,3.794382334,5.26824379,239.6909332,237.3097839,13.34594917,70.90664673,Winter,0
12/25/2035,13.33951187,17.76388931,9.947183609,6.449215889,1.159711123,101.7227325,3.791522741,5.265926361,240.0318909,237.6781769,13.29771233,70.96396637,Winter,0
12/26/2035,13.29812813,17.72528648,9.9030056,6.435823441,1.159511209,101.729744,3.789238214,5.264302254,240.3835144,238.0643921,13.25087929,71.020401,Winter,0
12/27/2035,13.25762939,17.68748665,9.860077858,6.422620773,1.160121918,101.7360611,3.787553787,5.2634058,240.7439575,238.4664154,13.20531845,71.07585144,Winter,0
12/28/2035,13.21787262,17.65030479,9.818272591,6.409535885,1.161565065,101.7416687,3.786488056,5.263263702,241.1113739,238.8820038,13.16091251,71.13026428,Winter,0
12/29/2035,13.17872238,17.61357498,9.777478218,6.396504402,1.163854241,101.7465134,3.786054134,5.263895035,241.4837646,239.3087616,13.11755657,71.1835556,Winter,0
