Date,T2M,T2M_MAX,T2M_MIN,QV2M,PRECTOTCORR,PS,WS2M,WS10M,WD10M,WD2M,TS,RH2M,season,season_id
1/1/2026,7.967455864,14.00488472,3.687767029,5.101951599,1.462685585,95.00388336,2.957963943,4.444384575,251.0814667,249.48172,7.561980247,76.27058411,Winter,0
1/2/2026,7.934963226,13.97463608,3.653884411,5.091594696,1.476687193,95.00437164,2.959619761,4.446744919,251.4327393,249.7626648,7.530073166,76.28208923,Winter,0
1/3/2026,7.902154922,13.94437218,3.619863987,5.080924988,1.490601778,95.00406647,2.961732149,4.449689865,251.7811279,250.0471191,7.498606682,76.29135132,Winter,0
1/4/2026,7.869046211,13.91411781,3.585676193,5.069924831,1.504354119,95.00296783,2.964295387,4.453214645,252.1234589,250.3325653,7.467600822,76.29829407,Winter,0
1/5/2026,7.835679054,13.88393116,3.55132246,5.058586121,1.517869234,95.001091,2.967302084,4.457304955,252.456665,250.616394,7.43710041,76.302742,Winter,0
1/6/2026,7.802124023,13.85389137,3.516818047,5.046908379,1.531070948,94.99843597,2.970739603,4.461944103,252.777832,250.8960724,7.407176018,76.30455017,Winter,0
1/7/2026,7.768473625,13.82410908,3.482198715,5.034901619,1.543884277,94.99502563,2.974592447,4.467109203,253.0840302,251.1691589,7.377913475,76.30355072,Winter,0
1/8/2026,7.734846115,13.79471493,3.447524548,5.0225811,1.556235552,94.9908905,2.978840113,4.472772598,253.3725891,251.4332428,7.34941864,76.29956055,Winter,0
1/9/2026,7.701378822,13.76586628,3.412869453,5.00997448,1.568053365,94.98604584,2.983460188,4.478901863,253.641037,251.6860962,7.321826935,76.29237366,Winter,0
1/10/2026,7.668232918,13.73774719,3.378326416,4.997113228,1.579268336,94.98052979,2.988426208,4.485460281,253.8869934,251.9254913,7.295271873,76.28179932,Winter,0
1/11/2026,7.635585785,13.71054935,3.344008446,4.984039307,1.589815021,94.97438049,2.993709564,4.492407322,254.1084442,252.1494904,7.269916534,76.26764679,Winter,0
1/12/2026,7.603626251,13.68448448,3.310035229,4.970800877,1.599630833,94.96762848,2.999278784,4.499699593,254.3035278,252.3562775,7.245928764,76.24969482,Winter,0
1/13/2026,7.572566986,13.65977955,3.276551247,4.957450867,1.608658314,94.96032715,3.005099773,4.50728941,254.4707794,252.5442505,7.223489761,76.22775269,Winter,0
1/14/2026,7.542620659,13.63667583,3.243702888,4.944049358,1.616844773,94.95252991,3.011137247,4.515129566,254.6089172,252.7120361,7.202793121,76.20162964,Winter,0
1/15/2026,7.514014244,13.61541367,3.211648464,4.930661201,1.624142289,94.94426727,3.017354012,4.52316618,254.7170258,252.8584595,7.184030533,76.17114258,Winter,0
1/16/2026,7.486984253,13.59624767,3.18055582,4.917356491,1.630509377,94.93561554,3.02371192,4.531347752,254.7945251,252.9825897,7.167403221,76.13609314,Winter,0
1/17/2026,7.461767197,13.57943344,3.150601387,4.904207706,1.635910153,94.92660522,3.030171156,4.539619446,254.8410645,253.0838013,7.153119087,76.09634399,Winter,0
1/18/2026,7.438598633,13.56522083,3.12196207,4.891290188,1.640315652,94.91731262,3.036692619,4.547927856,254.8567505,253.1616669,7.141368866,76.05172729,Winter,0
1/19/2026,7.417716026,13.55386639,3.094819069,4.87868166,1.643703341,94.90779114,3.043236017,4.55621767,254.84198,253.2160339,7.132364273,76.00213623,Winter,0
1/20/2026,7.399353027,13.54560661,3.069354057,4.866462708,1.646057487,94.89809418,3.049762011,4.564434528,254.7973328,253.2470245,7.126294136,75.94742584,Winter,0
1/21/2026,7.383740425,13.54069233,3.045744896,4.854710102,1.647369742,94.88828278,3.056231022,4.572525501,254.7238617,253.2549591,7.123345375,75.88751984,Winter,0
1/22/2026,7.37109375,13.53934002,3.024171352,4.843505859,1.647638679,94.87841797,3.062604666,4.580438614,254.622879,253.2405243,7.123703957,75.82235718,Winter,0
1/23/2026,7.361625671,13.54177189,3.004802227,4.832926273,1.646870017,94.86854553,3.068846703,4.588123798,254.4959412,253.2044678,7.127532959,75.75186157,Winter,0
1/24/2026,7.355532646,13.54818439,2.987807751,4.823047638,1.645076394,94.85874176,3.074920654,4.595532894,254.3448334,253.1479187,7.134995461,75.67602539,Winter,0
1/25/2026,7.352993965,13.55876255,2.973339081,4.813942909,1.642277956,94.8490448,3.080793142,4.602619648,254.1717224,253.0721283,7.14622879,75.59485626,Winter,0
1/26/2026,7.354183197,13.57367325,2.961544514,4.805682659,1.63850069,94.83951569,3.08643198,4.609342575,253.9788208,252.9786072,7.161364555,75.50834656,Winter,0
1/27/2026,7.3592453,13.59305477,2.952560902,4.798331738,1.633777976,94.83020782,3.091807842,4.615662098,253.7686157,252.868988,7.180517197,75.41656494,Winter,0
1/28/2026,7.368309975,13.61703587,2.94651556,4.791951656,1.628148913,94.82115936,3.096893549,4.621543407,253.5437775,252.7450409,7.20377636,75.31957245,Winter,0
1/29/2026,7.381490707,13.64572048,2.94351244,4.786598682,1.621658683,94.81241608,3.101664782,4.626952648,253.3070374,252.6087494,7.231219292,75.21746826,Winter,0
1/30/2026,7.398879051,13.67918491,2.94365263,4.782322407,1.614357352,94.80402374,3.106099367,4.631863594,253.0612793,252.4621124,7.262906075,75.1103363,Winter,0
1/31/2026,7.420544624,13.71748257,2.947012424,4.779166222,1.606300354,94.79601288,3.110179424,4.636251926,252.8094482,252.307251,7.298871994,74.99832916,Winter,0
2/1/2026,7.446530342,13.76064396,2.953658104,4.77716732,1.597548008,94.78842163,3.113888741,4.640098572,252.5544434,252.1463776,7.339136124,74.88159943,Winter,0
2/2/2026,7.476868629,13.80867767,2.963636875,4.776355743,1.588163614,94.78127289,3.117215633,4.643387794,252.2992554,251.9816132,7.383696556,74.76029968,Winter,0
2/3/2026,7.511554718,13.86156845,2.97698307,4.776756287,1.578214407,94.77458954,3.120149851,4.646110058,252.0467987,251.8152313,7.432531357,74.63464355,Winter,0
2/4/2026,7.550579071,13.91927052,2.993710518,4.778382301,1.567769647,94.76839447,3.122685671,4.648259163,251.7998657,251.6493683,7.485601425,74.50479126,Winter,0
2/5/2026,7.593898773,13.98172951,3.013815403,4.781243324,1.556901813,94.76269531,3.124820709,4.649833202,251.5612335,251.4861603,7.542847633,74.37098694,Winter,0
2/6/2026,7.641448975,14.04885483,3.037282944,4.785339355,1.545683622,94.75750732,3.126554728,4.650835037,251.3334808,251.3276825,7.604193687,74.2334137,Winter,0
2/7/2026,7.693156242,14.12054253,3.064075947,4.790664673,1.534188747,94.75282288,3.127891064,4.651272297,251.1190186,251.175827,7.669545174,74.09233093,Winter,0
2/8/2026,7.748921394,14.19666386,3.094146729,4.797205925,1.522491693,94.7486496,3.128836155,4.651154995,250.9200745,251.0323944,7.738788605,73.94795227,Winter,0
2/9/2026,7.808626175,14.27708626,3.127432823,4.804941654,1.510665655,94.74497986,3.129399061,4.650499821,250.7387085,250.8990936,7.811802864,73.80050659,Winter,0
2/10/2026,7.872138023,14.36163998,3.163851261,4.813844681,1.498782873,94.7417984,3.129591703,4.64932394,250.5766296,250.77742,7.888448715,73.65023804,Winter,0
2/11/2026,7.939312935,14.45016003,3.203313351,4.823881149,1.486913443,94.73908997,3.129428625,4.647650719,250.4353485,250.6686859,7.968574524,73.49736786,Winter,0
2/12/2026,8.009988785,14.54245186,3.245714188,4.835012436,1.47512567,94.73683929,3.128926516,4.645505428,250.3161316,250.5739441,8.052019119,73.34212494,Winter,0
2/13/2026,8.083993912,14.63832283,3.290941715,4.847192764,1.463484287,94.73501587,3.12810421,4.642915726,250.2197876,250.4941406,8.138613701,73.18473816,Winter,0
2/14/2026,8.161148071,14.73756886,3.338871002,4.86037159,1.452050447,94.73358917,3.126982927,4.639914036,250.147049,250.4299316,8.228180885,73.0254364,Winter,0
2/15/2026,8.241266251,14.8399725,3.38936758,4.874495506,1.440881252,94.73253632,3.125585079,4.636532784,250.098114,250.3817139,8.320534706,72.86437988,Winter,0
2/16/2026,8.324145317,14.94531727,3.442295074,4.889503479,1.430029631,94.73181152,3.123935223,4.632806778,250.0730133,250.3497162,8.415487289,72.70178986,Winter,0
2/17/2026,8.409594536,15.05338383,3.497507572,4.905337811,1.419543147,94.73138428,3.122058153,4.628773212,250.0713654,250.3338165,8.512859344,72.5378418,Winter,0
2/18/2026,8.497409821,15.16395378,3.554855347,4.921932697,1.409464121,94.7312088,3.119980812,4.624470234,250.092514,250.333786,8.612448692,72.37268829,Winter,0
2/19/2026,8.587393761,15.27680683,3.614191532,4.939222336,1.39982903,94.73123932,3.117729664,4.619936466,250.1354523,250.3489838,8.714074135,72.20648193,Winter,0
2/20/2026,8.679340363,15.39172459,3.675360203,4.957139969,1.390668988,94.73143768,3.115332842,4.61521101,250.1988983,250.3787231,8.817549706,72.03936768,Winter,0
2/21/2026,8.773059845,15.50849819,3.738208771,4.975618362,1.382009029,94.73175049,3.112817764,4.610333443,250.2812805,250.4219208,8.922692299,71.8714447,Winter,0
2/22/2026,8.868361473,15.62692547,3.802588463,4.994589806,1.373867035,94.73212433,3.110212088,4.605343342,250.3807526,250.4773407,9.029332161,71.70280457,Winter,0
2/23/2026,8.965057373,15.74681091,3.868350029,5.013988495,1.366256118,94.73252869,3.107544184,4.600278378,250.4951782,250.5435486,9.137295723,71.53353882,Winter,0
2/24/2026,9.06297493,15.86796761,3.935352802,5.03374958,1.359181643,94.73290253,3.10484004,4.595177174,250.6222229,250.6189575,9.24642849,71.3637085,Winter,0
2/25/2026,9.161949158,15.99022293,4.003458977,5.05381012,1.352644205,94.7332077,3.10212636,4.59007597,250.7593689,250.7016754,9.356581688,71.19335938,Winter,0
2/26/2026,9.261824608,16.11341858,4.072534561,5.074111938,1.346637249,94.73338318,3.099428177,4.585009098,250.9038391,250.7898102,9.467615128,71.02251434,Winter,0
2/27/2026,9.362454414,16.23740768,4.142459869,5.094596863,1.341148973,94.73339844,3.096770048,4.580009937,251.0527344,250.8812256,9.579402924,70.85119629,Winter,0
2/28/2026,9.463710785,16.36205101,4.213117599,5.115212917,1.336161852,94.73320007,3.094174385,4.575110435,251.2031097,250.9737396,9.691832542,70.67937469,Winter,0
3/1/2026,9.565476418,16.48723221,4.284403801,5.135910988,1.331652641,94.73275757,3.091662884,4.570338726,251.3518066,251.0650635,9.80479908,70.50705719,Spring,1
3/2/2026,9.667649269,16.612854,4.356225014,5.156650066,1.327593923,94.73201752,3.089254379,4.565721035,251.4956665,251.1528168,9.918221474,70.33421326,Spring,1
3/3/2026,9.770138741,16.73882103,4.428494453,5.177390099,1.323953032,94.7309494,3.086967707,4.561281204,251.6315613,251.2346191,10.03202057,70.16079712,Spring,1
3/4/2026,9.872873306,16.86506653,4.501138687,5.198098183,1.320693374,94.72953033,3.084818125,4.557039738,251.7562256,251.308075,10.14613914,69.98675537,Spring,1
3/5/2026,9.975791931,16.99152946,4.57409668,5.218748093,1.317774773,94.72771454,3.082820415,4.553015709,251.8665619,251.3707275,10.26053143,69.81204224,Spring,1
3/6/2026,10.07885456,17.11817551,4.647317886,5.239317417,1.315153837,94.72548676,3.080985546,4.549223423,251.9595032,251.4203186,10.37516022,69.63659668,Spring,1
3/7/2026,10.18202305,17.24496841,4.720762253,5.259791374,1.312784791,94.7228241,3.079323769,4.545674324,252.0321045,251.454483,10.49001026,69.46035004,Spring,1
3/8/2026,10.28529263,17.37190056,4.794406891,5.28015995,1.310619831,94.71970367,3.077842712,4.542377949,252.0814972,251.4710388,10.60507393,69.28323364,Spring,1
3/9/2026,10.38865185,17.49896812,4.868229866,5.300420284,1.308609128,94.71612549,3.0765481,4.539340019,252.1050415,251.4678955,10.72035313,69.10518646,Spring,1
3/10/2026,10.49211407,17.62618637,4.942231178,5.320575714,1.306702733,94.71206665,3.075443268,4.536562443,252.1002808,251.4430542,10.83586597,68.92613983,Spring,1
3/11/2026,10.59570217,17.75357246,5.016412735,5.340633392,1.304850221,94.70752716,3.074529171,4.534045219,252.0649719,251.3947601,10.95163822,68.74603271,Spring,1
3/12/2026,10.69944859,17.88116074,5.090794563,5.360607147,1.303001404,94.70250702,3.073804855,4.531785488,251.9970551,251.3213196,11.06770325,68.56482697,Spring,1
3/13/2026,10.80339527,18.00899124,5.165400505,5.380517006,1.301106811,94.69700623,3.073267698,4.529776573,251.8948212,251.2212677,11.1841116,68.38246918,Spring,1
3/14/2026,10.90759373,18.13711357,5.240262985,5.40038681,1.299118757,94.69104767,3.072912693,4.528009415,251.7567596,251.0933838,11.30090523,68.1989212,Spring,1
3/15/2026,11.01210403,18.26557732,5.315423965,5.420245171,1.296991706,94.68463898,3.072733402,4.526473045,251.5816956,250.9365692,11.41814804,68.01417542,Spring,1
3/16/2026,11.11698818,18.39443779,5.39093399,5.440126419,1.294681907,94.67778778,3.072721004,4.52515316,251.3687744,250.7500763,11.53589916,67.82820129,Spring,1
3/17/2026,11.2223196,18.52375984,5.46684742,5.460065842,1.292149544,94.67053223,3.072865486,4.524034023,251.1173859,250.5332336,11.65422153,67.64102173,Spring,1
3/18/2026,11.32816696,18.65359879,5.543225288,5.480104923,1.289357424,94.66287994,3.073155165,4.523096561,250.8272552,250.2857056,11.77318478,67.45263672,Spring,1
3/19/2026,11.43460846,18.78401756,5.620131493,5.500286579,1.286273003,94.65487671,3.073577166,4.522321701,250.4984741,250.0073242,11.89285374,67.26309967,Spring,1
3/20/2026,11.54171848,18.91507149,5.697630882,5.520655632,1.282867312,94.64655304,3.074116945,4.521687031,250.1313477,249.6982727,12.0133028,67.07245636,Spring,1
3/21/2026,11.64957333,19.04682159,5.77579689,5.541258812,1.279116273,94.63793182,3.074759722,4.521169186,249.7265778,249.3587494,12.1345911,66.88076782,Spring,1
3/22/2026,11.75824451,19.17931557,5.854699135,5.562145233,1.275000453,94.62906647,3.075488329,4.520744801,249.2851257,248.9893951,12.25678349,66.68814087,Spring,1
3/23/2026,11.86780643,19.31259727,5.934407234,5.583362579,1.270505428,94.61999512,3.076285839,4.520387173,248.808197,248.5909576,12.37994385,66.49464417,Spring,1
3/24/2026,11.97832012,19.44671059,6.014995575,5.604961395,1.26562202,94.61075592,3.077134371,4.520071507,248.2973328,248.1643677,12.50412178,66.3004303,Spring,1
3/25/2026,12.08985043,19.58168221,6.096528053,5.626988411,1.260346174,94.60140228,3.078015804,4.519770145,247.754303,247.7108459,12.62937164,66.10562134,Spring,1
3/26/2026,12.20244789,19.71754074,6.17907238,5.64949131,1.254678845,94.59197235,3.078911304,4.51945591,247.181015,247.2316742,12.75573349,65.91035461,Spring,1
3/27/2026,12.31616592,19.85429764,6.262690544,5.672515869,1.248626351,94.58251953,3.079801559,4.519102573,246.5797272,246.7283173,12.88324261,65.71479797,Spring,1
3/28/2026,12.43104076,19.99195671,6.347441673,5.696105957,1.242200613,94.5730896,3.080668211,4.518682003,245.9528198,246.2024689,13.01192856,65.51914215,Spring,1
3/29/2026,12.54710865,20.13051796,6.433381081,5.720302582,1.235418081,94.56373596,3.081491232,4.518167496,245.3027191,245.6558228,13.14180756,65.32355499,Spring,1
3/30/2026,12.66438675,20.26996231,6.520554543,5.745144367,1.228299737,94.55449677,3.082253218,4.517533302,244.6321411,245.0902252,13.272892,65.12823486,Spring,1
3/31/2026,12.78289509,20.41026688,6.609004974,5.770665169,1.22087121,94.54543304,3.082933903,4.516753674,243.9438019,244.5075989,13.40518761,64.93339539,Spring,1
4/1/2026,12.90263367,20.55139542,6.698769569,5.796896458,1.213162661,94.53658295,3.083516836,4.51580143,243.2404633,243.9098816,13.53868389,64.73922729,Spring,1
4/2/2026,13.02360249,20.69330788,6.789878845,5.823865891,1.205207944,94.52799225,3.083982706,4.514655113,242.5249634,243.299118,13.67336559,64.54595184,Spring,1
4/3/2026,13.14578724,20.83595276,6.882356644,5.851595879,1.197044015,94.51971436,3.084315777,4.513289452,241.8001556,242.6773071,13.80920982,64.35377502,Spring,1
4/4/2026,13.26916504,20.97925949,6.976218224,5.880105495,1.188711166,94.51177979,3.084499121,4.511683464,241.0687866,242.0463867,13.94618225,64.16290283,Spring,1
4/5/2026,13.39370441,21.12316704,7.071472168,5.909407616,1.180252075,94.50423431,3.084517002,4.50981617,240.3336029,241.4083252,14.08424568,63.97354889,Spring,1
4/6/2026,13.51936817,21.26759911,7.168123245,5.939513206,1.171711445,94.49711609,3.084354401,4.507668018,239.5972443,240.7650146,14.22334862,63.78590012,Spring,1
4/7/2026,13.64611149,21.41246986,7.266168594,5.970425606,1.163135529,94.49046326,3.083997726,4.505219936,238.8622437,240.1182251,14.36343765,63.60014725,Spring,1
4/8/2026,13.77387428,21.55769348,7.365597725,6.002145767,1.154571652,94.48430634,3.083433628,4.502456188,238.1309357,239.4696655,14.50445461,63.41646576,Spring,1
4/9/2026,13.90260506,21.70318031,7.466397285,6.034667969,1.146066427,94.47866058,3.082649946,4.499361038,237.4055634,238.8209076,14.64633083,63.23501587,Spring,1
4/10/2026,14.03223705,21.84884071,7.568545341,6.067984581,1.137668014,94.47357178,3.081635952,4.495920658,236.6881256,238.1733856,14.78900051,63.05593491,Spring,1
4/11/2026,14.16270351,21.99457741,7.67201519,6.102080345,1.129422665,94.46904755,3.080380201,4.492122173,235.9804077,237.5283966,14.93238735,62.87936783,Spring,1
4/12/2026,14.2939291,22.14029694,7.776778221,6.136940002,1.121375561,94.46511078,3.078874826,4.487954617,235.2839661,236.8870697,15.07641888,62.70540619,Spring,1
4/13/2026,14.42584705,22.28591156,7.882801056,6.172540665,1.113569856,94.46177673,3.077110052,4.483408928,234.6002045,236.2502899,15.22101688,62.53413391,Spring,1
4/14/2026,14.55838013,22.43133163,7.990049362,6.20885849,1.106046557,94.45906067,3.075079441,4.478476524,233.9301147,235.6188965,15.36610699,62.3656044,Spring,1
4/15/2026,14.69145679,22.57647324,8.098480225,6.245864391,1.098843932,94.45695496,3.072775841,4.47315073,233.2745361,234.9934387,15.51161098,62.19985962,Spring,1
4/16/2026,14.82500553,22.72125626,8.208054543,6.283527851,1.091996193,94.45548248,3.070194721,4.467425823,232.6340485,234.3742981,15.65746212,62.03689575,Spring,1
4/17/2026,14.95895481,22.86561775,8.318731308,6.321815491,1.085534334,94.45462799,3.06733036,4.461297989,232.0088654,233.761734,15.80358219,61.87669754,Spring,1
4/18/2026,15.0932436,23.00948906,8.430470467,6.360692501,1.079484344,94.45439148,3.06417942,4.454763889,231.3990479,233.1556854,15.94991207,61.71920395,Spring,1
4/19/2026,15.22780323,23.15282059,8.543232918,6.400119781,1.073868632,94.45477295,3.060739517,4.447822094,230.8043671,232.556015,16.09638977,61.56433868,Spring,1
4/20/2026,15.36258793,23.29557037,8.656971931,6.440061092,1.06870389,94.45574951,3.05700779,4.440472126,230.2242737,231.9624023,16.24296188,61.4119873,Spring,1
4/21/2026,15.49754047,23.43770981,8.771654129,6.480476379,1.06400156,94.45732117,3.052983761,4.432713985,229.6580505,231.3743439,16.38957977,61.2620163,Spring,1
4/22/2026,15.63262653,23.57921982,8.887246132,6.521326065,1.059768319,94.4594574,3.048666,4.424549103,229.1047821,230.7911835,16.53620148,61.114254,Spring,1
4/23/2026,15.76780987,23.72009659,9.003713608,6.562569618,1.056004167,94.46215057,3.0440557,4.415980339,228.5632172,230.2121277,16.68280029,60.96849442,Spring,1
4/24/2026,15.90306759,23.86034775,9.121027946,6.604167938,1.052704573,94.46537018,3.039153099,4.407011032,228.0320587,229.6362457,16.82935333,60.8245163,Spring,1
4/25/2026,16.03838348,23.99999809,9.23916626,6.646083832,1.049858212,94.46909332,3.033960104,4.397644997,227.5097809,229.0625916,16.97584534,60.68207932,Spring,1
4/26/2026,16.17375183,24.13908005,9.358104706,6.688279152,1.047448754,94.47328949,3.028479099,4.387887478,226.9947662,228.4900513,17.1222744,60.54090118,Spring,1
4/27/2026,16.3091774,24.27765274,9.477831841,6.730717659,1.045453429,94.47794342,3.022712469,4.377744198,226.4851532,227.9174347,17.26864624,60.40068436,Spring,1
4/28/2026,16.44467545,24.41577339,9.598335266,6.773365021,1.0438447,94.48301697,3.016664267,4.367221832,225.979187,227.3435822,17.41497803,60.26111603,Spring,1
4/29/2026,16.58026886,24.55352211,9.719610214,6.816189289,1.042589068,94.48847198,3.010338783,4.356327534,225.4749298,226.7673187,17.56129837,60.12185669,Spring,1
4/30/2026,16.71599197,24.69099426,9.841657639,6.859161377,1.041648149,94.49429321,3.003740788,4.345069885,224.9704437,226.187439,17.70763397,59.9825592,Spring,1
5/1/2026,16.85188866,24.82828712,9.964477539,6.902251244,1.040978789,94.50043488,2.996875048,4.333456516,224.4638214,225.6027832,17.85403824,59.84285355,Spring,1
5/2/2026,16.98801231,24.96551704,10.08808517,6.945435524,1.040532827,94.50686646,2.98974824,4.321497917,223.9532013,225.0122681,18.00056267,59.70238495,Spring,1
5/3/2026,17.12442017,25.102808,10.21249008,6.98869133,1.040258527,94.5135498,2.982366323,4.309203625,223.4367218,224.4148407,18.1472683,59.56075287,Spring,1
5/4/2026,17.26118279,25.24029922,10.33771324,7.031999111,1.040100098,94.52046204,2.974737167,4.296584606,222.9127197,223.8096313,18.29422188,59.41758728,Spring,1
5/5/2026,17.39837646,25.37812424,10.46377468,7.075340748,1.03999877,94.527565,2.966868162,4.283652306,222.3796234,223.1958313,18.44150162,59.2725029,Spring,1
5/6/2026,17.5360775,25.51643562,10.59070206,7.118702412,1.039892673,94.53482819,2.958767891,4.270419121,221.835968,222.5728302,18.58918381,59.12511063,Spring,1
5/7/2026,17.67437744,25.65538788,10.71852207,7.162071705,1.03971827,94.54221344,2.950444937,4.256897926,221.2805176,221.9401245,18.73736191,58.97504044,Spring,1
5/8/2026,17.81336212,25.79513168,10.84726429,7.205436707,1.039409637,94.54969788,2.941909313,4.243102551,220.7122955,221.2974701,18.88611603,58.82192993,Spring,1
5/9/2026,17.95312691,25.93582726,10.97696304,7.248792648,1.038900495,94.55724335,2.933171749,4.229047775,220.1304169,220.6447449,19.03554344,58.66542053,Spring,1
5/10/2026,18.09375763,26.077631,11.10764885,7.292131901,1.038123608,94.56482697,2.924242735,4.214748859,219.5343781,219.9821014,19.18572998,58.50517654,Spring,1
5/11/2026,18.23535538,26.22069359,11.23935413,7.335450649,1.037011981,94.57242584,2.91513443,4.200222015,218.9239044,219.3098907,19.33677101,58.34087372,Spring,1
5/12/2026,18.37800407,26.36516953,11.37210846,7.378745556,1.035499573,94.58000946,2.905858517,4.185484409,218.2989044,218.6286621,19.48875809,58.17222595,Spring,1
5/13/2026,18.52179718,26.51119804,11.50594234,7.422014713,1.033520937,94.58755493,2.896428585,4.170553684,217.6597137,217.9392853,19.64177132,57.99894333,Spring,1
5/14/2026,18.6668148,26.65892029,11.64088345,7.465257168,1.031013489,94.59503937,2.886858225,4.155448437,217.0069275,217.2427826,19.79589653,57.82077789,Spring,1
5/15/2026,18.81313896,26.80845833,11.77695274,7.508471489,1.027915835,94.60244751,2.87716198,4.140189648,216.3413544,216.5404816,19.95121002,57.63751984,Spring,1
5/16/2026,18.96083641,26.95993042,11.91417122,7.551656723,1.024170995,94.6097641,2.867354631,4.124796391,215.6641998,215.8339081,20.10778236,57.44897079,Spring,1
5/17/2026,19.10997009,27.11343193,12.05254841,7.594811916,1.019724131,94.61695862,2.857452631,4.109291553,214.9769287,215.1248169,20.26567268,57.25497437,Spring,1
5/18/2026,19.26059723,27.26905823,12.19209385,7.637933731,1.014525056,94.62403107,2.847471476,4.093696594,214.2812805,214.4152222,20.42493248,57.05539703,Spring,1
5/19/2026,19.41275215,27.42687225,12.33280468,7.681019306,1.008527875,94.63096619,2.837428808,4.078034878,213.5792694,213.7073364,20.58560371,56.85015488,Spring,1
5/20/2026,19.5664711,27.58693504,12.47467518,7.72406292,1.001691937,94.63775635,2.827342272,4.062330723,212.87323,213.003479,20.747715,56.6391983,Spring,1
5/21/2026,19.72176933,27.74927521,12.61769009,7.767056942,0.993981183,94.64438629,2.817229748,4.046608925,212.1656647,212.3062897,20.91128159,56.42250443,Spring,1
5/22/2026,19.87865067,27.91390991,12.7618227,7.809991837,0.985364974,94.65084839,2.807110548,4.030894756,211.4593048,211.6184845,21.07631111,56.20008469,Spring,1
5/23/2026,20.03710175,28.08083534,12.90703869,7.852855682,0.975819647,94.65715027,2.797002792,4.01521492,210.7571411,210.9428864,21.24278641,55.97198868,Spring,1
5/24/2026,20.19709778,28.25002861,13.05329418,7.895632744,0.965325952,94.66327667,2.786927223,3.999595642,210.0622711,210.2825012,21.4106884,55.73830795,Spring,1
5/25/2026,20.3585968,28.42143631,13.20053577,7.938304424,0.953872025,94.6692276,2.77690196,3.984064579,209.3779449,209.6403351,21.57997513,55.4991684,Spring,1
5/26/2026,20.5215416,28.59499359,13.34869862,7.980848789,0.941451788,94.67501068,2.7669487,3.968648911,208.7075958,209.019516,21.75058937,55.25471497,Spring,1
5/27/2026,20.68585777,28.77061272,13.49770832,8.023240089,0.928065896,94.68061829,2.757086277,3.953376293,208.0546417,208.4231415,21.92246246,55.0051384,Spring,1
5/28/2026,20.85145569,28.94817352,13.64747524,8.065448761,0.913721025,94.68605804,2.747335196,3.93827486,207.4225159,207.8543243,22.09550858,54.75065613,Spring,1
5/29/2026,21.01822853,29.12755013,13.79790592,8.107441902,0.898430228,94.69132233,2.73771596,3.923372746,206.8148041,207.3161926,22.26962471,54.49151993,Spring,1
5/30/2026,21.18605804,29.30858421,13.94889736,8.149183273,0.882212996,94.69642639,2.728247881,3.908697128,206.2349243,206.8116608,22.44469643,54.22800064,Spring,1
5/31/2026,21.3548069,29.49110985,14.10033131,8.190631866,0.865094721,94.70136261,2.718950748,3.894275665,205.6862793,206.343689,22.62059212,53.96039581,Spring,1
6/1/2026,21.52432251,29.67493629,14.25207996,8.231741905,0.847106993,94.70614624,2.709843397,3.880135536,205.1721344,205.9150238,22.79716873,53.68902206,Summer,2
6/2/2026,21.69444466,29.85984993,14.40401363,8.27246666,0.828286529,94.71077728,2.700944901,3.866302013,204.6956635,205.5282288,22.97427177,53.41421509,Summer,2
6/3/2026,21.86499596,30.04562378,14.55598736,8.312755585,0.808675706,94.71525574,2.692272425,3.852800369,204.2598267,205.1857605,23.15172768,53.13633728,Summer,2
6/4/2026,22.03578758,30.23202896,14.70785046,8.352552414,0.788321733,94.71959686,2.683843374,3.839655399,203.8673553,204.88974,23.32935715,52.85575867,Summer,2
6/5/2026,22.20662689,30.41880608,14.85945225,8.391801834,0.767276824,94.72380066,2.675673723,3.826889992,203.5207672,204.6420593,23.50697899,52.57285309,Summer,2
6/6/2026,22.37730217,30.60569382,15.0106287,8.430444717,0.745596945,94.72786713,2.66777873,3.814525127,203.2222748,204.4444122,23.6843853,52.28800964,Summer,2
6/7/2026,22.54759979,30.79242325,15.16121387,8.468418121,0.723342359,94.73180389,2.660171986,3.80258131,202.9738007,204.2980804,23.86137581,52.00162506,Summer,2
6/8/2026,22.71730042,30.97871399,15.31103611,8.505659103,0.700576007,94.73561859,2.652866125,3.79107666,202.776947,204.2041168,24.03773689,51.71409988,Summer,2
6/9/2026,22.88618088,31.16428566,15.45992374,8.542105675,0.677364409,94.73931122,2.645872116,3.780026913,202.6328735,204.163147,24.21325684,51.4258194,Summer,2
6/10/2026,23.0540123,31.34884834,15.60770321,8.577693939,0.653776109,94.7428894,2.639199495,3.769446373,202.5424957,204.1755066,24.38771629,51.13719177,Summer,2
6/11/2026,23.2205658,31.53211212,15.75420475,8.61235714,0.629881501,94.74634552,2.632856131,3.759347439,202.5062866,204.2411041,24.56089783,50.84859085,Summer,2
6/12/2026,23.38561821,31.71380043,15.89925289,8.646036148,0.605752647,94.74968719,2.626847982,3.749738693,202.5242462,204.3595123,24.73257828,50.56040573,Summer,2
6/13/2026,23.54893684,31.89362526,16.04267502,8.678665161,0.581462145,94.75292206,2.621179819,3.740627766,202.5960541,204.5299683,24.90254593,50.27300644,Summer,2
6/14/2026,23.71030617,32.07130814,16.18431091,8.710187912,0.557083607,94.75604248,2.615853548,3.732018471,202.7209167,204.7511902,25.07058525,49.98675537,Summer,2
6/15/2026,23.86950493,32.24658585,16.3239975,8.740546227,0.532689571,94.75905609,2.610870123,3.723912716,202.8976746,205.0216522,25.23649025,49.70198822,Summer,2
6/16/2026,24.02632713,32.41919708,16.46157837,8.769687653,0.508353055,94.76195526,2.606227398,3.716309071,203.1246948,205.3393707,25.40005302,49.41905212,Summer,2
6/17/2026,24.18057251,32.58889771,16.59690094,8.797559738,0.484145254,94.76473999,2.601922274,3.70920372,203.3999786,205.7020874,25.56108665,49.13824844,Summer,2
6/18/2026,24.33205032,32.75544739,16.72982788,8.824121475,0.460136533,94.76741028,2.597949028,3.702589035,203.7211456,206.1071014,25.71940231,48.85988617,Summer,2
6/19/2026,24.48057747,32.91862869,16.86022949,8.849331856,0.436395377,94.7699585,2.59430027,3.696455479,204.0854187,206.5514374,25.87482071,48.58424759,Summer,2
6/20/2026,24.62599182,33.07824326,16.98797989,8.873157501,0.41298756,94.77239227,2.590966225,3.690790653,204.4896698,207.0317841,26.02718735,48.31159592,Summer,2
6/21/2026,24.76813507,33.23409653,17.11297226,8.895571709,0.389976978,94.77470398,2.587935209,3.685578823,204.9304657,207.5445862,26.17634773,48.04217529,Summer,2
6/22/2026,24.9068718,33.38602448,17.23510361,8.916553497,0.367424399,94.77688599,2.585194111,3.680801392,205.4040375,208.0859375,26.32216072,47.7762146,Summer,2
6/23/2026,25.04207611,33.53388214,17.35429001,8.936090469,0.345387578,94.77893829,2.582727194,3.676437855,205.9063416,208.6518097,26.46450424,47.5139389,Summer,2
6/24/2026,25.17363739,33.67753601,17.47045517,8.954177856,0.323920786,94.7808609,2.580518246,3.672464371,206.4331818,209.2379456,26.60326385,47.25553894,Summer,2
6/25/2026,25.30146408,33.81687927,17.58353043,8.970817566,0.303075224,94.78264618,2.578547478,3.66885519,206.9800568,209.8399048,26.73834991,47.00119781,Summer,2
6/26/2026,25.42547989,33.95182037,17.69347763,8.986022949,0.282898068,94.78429413,2.576795816,3.665582657,207.5423889,210.4531403,26.8696785,46.75107956,Summer,2
6/27/2026,25.54562569,34.08229828,17.80024719,8.99981308,0.263433099,94.78579712,2.57524085,3.662615776,208.115448,211.0730133,26.99718475,46.50535583,Summer,2
6/28/2026,25.6618557,34.2082634,17.90382767,9.012217522,0.244720161,94.78714752,2.573860645,3.659923077,208.6943817,211.6948242,27.12081528,46.26416779,Summer,2
6/29/2026,25.77414131,34.3296814,18.00419998,9.023273468,0.22679548,94.7883606,2.572630882,3.65747118,209.2744293,212.3139496,27.24053383,46.02767181,Summer,2
6/30/2026,25.88246918,34.44654846,18.10137177,9.033029556,0.209691063,94.78941345,2.571527004,3.655225277,209.850769,212.925705,27.35631752,45.79597473,Summer,2
7/1/2026,25.98684502,34.55886841,18.19535065,9.041538239,0.193435997,94.79032135,2.570523977,3.653148651,210.4186096,213.5256042,27.46815681,45.56923676,Summer,2
7/2/2026,26.08727837,34.66667557,18.28617096,9.048864365,0.178055078,94.79106903,2.569596052,3.65120554,210.9733582,214.1091156,27.5760479,45.3475647,Summer,2
7/3/2026,26.18380547,34.77000427,18.37385941,9.05507946,0.163570002,94.79167175,2.568717003,3.649357796,211.5105438,214.6719971,27.68001366,45.13111877,Summer,2
7/4/2026,26.27645683,34.86890793,18.45846176,9.060264587,0.149999171,94.79211426,2.56786108,3.647568703,212.0257874,215.2101898,27.78007698,44.92001724,Summer,2
7/5/2026,26.36529541,34.96345901,18.54003525,9.064506531,0.137357593,94.79240417,2.567002535,3.645800591,212.5150909,215.7198486,27.87627029,44.71440887,Summer,2
7/6/2026,26.45037651,35.05373383,18.6186409,9.067899704,0.125657782,94.79254913,2.566115379,3.644016743,212.9746857,216.1974182,27.96863556,44.51444244,Summer,2
7/7/2026,26.53176689,35.13981628,18.69435501,9.070545197,0.114909165,94.79254913,2.565175772,3.642181396,213.4010773,216.6396637,28.05722427,44.32028198,Summer,2
7/8/2026,26.60954285,35.22180939,18.76725006,9.072547913,0.105119079,94.79240417,2.564158916,3.640259266,213.7911377,217.0436554,28.14208412,44.1321106,Summer,2
7/9/2026,26.68378639,35.29980087,18.83739853,9.074020386,0.096292153,94.79212189,2.563042402,3.638216972,214.1421661,217.4068451,28.22328568,43.95010376,Summer,2
7/10/2026,26.75457764,35.37390518,18.90488434,9.075078011,0.088431761,94.79170227,2.561804771,3.636022568,214.4517822,217.7270966,28.30087852,43.77448273,Summer,2
7/11/2026,26.8219986,35.44421387,18.96979523,9.075839996,0.081539564,94.79116821,2.560425758,3.633646488,214.7181396,218.0026855,28.37492943,43.60546875,Summer,2
7/12/2026,26.88614273,35.51082611,19.0322113,9.076426506,0.075615101,94.79050446,2.558887243,3.631061077,214.9397583,218.2322998,28.44550133,43.44330597,Summer,2
7/13/2026,26.9470768,35.57385254,19.09222031,9.076961517,0.070657849,94.78974152,2.55717206,3.628241539,215.1156921,218.4150696,28.51264954,43.28826904,Summer,2
7/14/2026,27.00489044,35.63338089,19.14989471,9.077569008,0.066665426,94.78887177,2.55526638,3.625165462,215.2453766,218.5506287,28.57642937,43.14064026,Summer,2
7/15/2026,27.05965424,35.68948364,19.20532227,9.078371048,0.063635528,94.78791809,2.553157568,3.621814251,215.3288574,218.6390076,28.63689423,43.00073242,Summer,2
7/16/2026,27.11143112,35.74225235,19.258564,9.079490662,0.06156541,94.78688049,2.550835848,3.618171692,215.3665924,218.6807251,28.69407845,42.8688736,Summer,2
7/17/2026,27.16028214,35.79174423,19.30969238,9.081046104,0.060451992,94.7857666,2.548293352,3.614225388,215.3595276,218.6767578,28.7480278,42.74542999,Summer,2
7/18/2026,27.20625496,35.8380127,19.35876083,9.083154678,0.060291726,94.78460693,2.545525074,3.609966755,215.3090515,218.62854,28.79876518,42.63077545,Summer,2
7/19/2026,27.24938583,35.8810997,19.40582657,9.08592701,0.061082203,94.78339386,2.542528391,3.605390549,215.2171478,218.5379639,28.84630775,42.52529907,Summer,2
7/20/2026,27.28970528,35.92102432,19.4509201,9.08946991,0.062820569,94.78215027,2.539303541,3.600494862,215.0860748,218.4072571,28.89065933,42.4294281,Summer,2
7/21/2026,27.32722282,35.95779419,19.49407959,9.093883514,0.06550476,94.78089142,2.535853386,3.595282555,214.9186249,218.2391052,28.93181229,42.34358597,Summer,2
7/22/2026,27.36193848,35.99140167,19.53531265,9.09926033,0.069133066,94.77961731,2.532182693,3.589760303,214.7179718,218.0366058,28.96975517,42.26823425,Summer,2
7/23/2026,27.39383698,36.02181625,19.57463837,9.105685234,0.073703878,94.7783432,2.528300524,3.583937645,214.4876404,217.8031769,29.00444794,42.20382309,Summer,2
7/24/2026,27.42289352,36.04899597,19.61204147,9.113235474,0.079217151,94.77709198,2.524216652,3.577828407,214.2314758,217.5424957,29.03585052,42.15083313,Summer,2
7/25/2026,27.44906425,36.07287598,19.64750671,9.121974945,0.085671954,94.77586365,2.519944668,3.571450233,213.9536743,217.258606,29.0639019,42.10973358,Summer,2
7/26/2026,27.47228432,36.09337997,19.68100739,9.131962776,0.093069218,94.77467346,2.515499353,3.564824581,213.6586304,216.9557648,29.0885334,42.08101654,Summer,2
7/27/2026,27.49249077,36.11040115,19.7124939,9.143241882,0.10140904,94.77353668,2.510899305,3.557974815,213.3509369,216.638382,29.10965729,42.06516266,Summer,2
7/28/2026,27.50959015,36.12382889,19.74190903,9.155847549,0.11069224,94.77246094,2.506163359,3.550930023,213.0354919,216.3111267,29.12717819,42.06265259,Summer,2
7/29/2026,27.52348709,36.13353348,19.76918793,9.169801712,0.120920002,94.77145386,2.501314402,3.543720245,212.7171326,215.9787292,29.14099121,42.07394791,Summer,2
7/30/2026,27.53406143,36.13936234,19.79424667,9.185113907,0.132092789,94.77052307,2.496375322,3.536378384,212.4008942,215.6459503,29.15097237,42.09951019,Summer,2
7/31/2026,27.54119873,36.14116669,19.8169899,9.201782227,0.14421159,94.76967621,2.491371632,3.528941154,212.0917969,215.3176727,29.15698814,42.1397934,Summer,2
8/1/2026,27.54475784,36.13876343,19.83732224,9.219791412,0.157275915,94.76892853,2.486329794,3.521446228,211.7947845,214.998703,29.15890694,42.19519424,Summer,2
8/2/2026,27.54459572,36.13197708,19.85512161,9.239114761,0.171284944,94.76828003,2.481277466,3.513933182,211.5148315,214.6937866,29.15657806,42.2661171,Summer,2
8/3/2026,27.54055786,36.12061691,19.87027359,9.259711266,0.186237097,94.76773834,2.476243019,3.506443501,211.2566986,214.4076233,29.14984703,42.35293579,Summer,2
8/4/2026,27.53249359,36.10448837,19.88264084,9.28153038,0.202129126,94.7673111,2.471255302,3.499019623,211.0250092,214.1445923,29.13856125,42.45596313,Summer,2
8/5/2026,27.52023315,36.08338165,19.89209366,9.304506302,0.218956247,94.76699066,2.466344595,3.491704464,210.8241272,213.9090424,29.12255478,42.57549286,Summer,2
8/6/2026,27.50361443,36.05710602,19.89848328,9.328565598,0.236712083,94.76678467,2.46153903,3.484541893,210.6582031,213.7050171,29.1016674,42.71177292,Summer,2
8/7/2026,27.48247528,36.02545547,19.90167618,9.353618622,0.255387366,94.76669312,2.456869125,3.477574825,210.5310822,213.5362701,29.07574081,42.86500168,Summer,2
8/8/2026,27.45664215,35.98823547,19.90151596,9.3795681,0.274971545,94.766716,2.452362537,3.470846653,210.4461823,213.4062653,29.04461098,43.03531647,Summer,2
8/9/2026,27.42596626,35.94524384,19.89786148,9.40630722,0.295450419,94.76686096,2.448047638,3.464398861,210.4066315,213.3180847,29.00812721,43.22280884,Summer,2
8/10/2026,27.39028549,35.89631653,19.89056015,9.433718681,0.316807151,94.76711273,2.443951845,3.458273411,210.4151001,213.2744141,28.96614647,43.42751694,Summer,2
8/11/2026,27.34945679,35.841259,19.87947464,9.461675644,0.339021832,94.76747131,2.440099955,3.45250845,210.4738007,213.2775879,28.91851997,43.64940643,Summer,2
8/12/2026,27.30334091,35.77993393,19.86446381,9.490046501,0.362070709,94.76793671,2.436516523,3.447142124,210.5845032,213.3294373,28.86512756,43.88837433,Summer,2
8/13/2026,27.2518158,35.71218491,19.84539795,9.518691063,0.385926902,94.76850128,2.433223486,3.442208767,210.7485199,213.4314423,28.80584908,44.14426041,Summer,2
8/14/2026,27.19476509,35.63789749,19.82214737,9.547463417,0.410559267,94.76916504,2.430241108,3.437740803,210.9665833,213.5845337,28.74058342,44.41684341,Summer,2
8/15/2026,27.13209724,35.55695724,19.79460526,9.576212883,0.435933024,94.76991272,2.427587032,3.433767796,211.2389984,213.7891388,28.66924477,44.70581818,Summer,2
8/16/2026,27.06373596,35.46929932,19.76265717,9.604785919,0.462009251,94.77073669,2.425277472,3.430315018,211.5654755,214.0453033,28.59176445,45.0108223,Summer,2
8/17/2026,26.98961639,35.37485504,19.72621918,9.63302803,0.488744974,94.77163696,2.423325062,3.427405834,211.9452667,214.3525085,28.50809479,45.33141327,Summer,2
8/18/2026,26.90970612,35.27361298,19.685215,9.660777092,0.516093016,94.7726059,2.421739817,3.425058842,212.3770905,214.7098083,28.41820335,45.66708374,Summer,2
8/19/2026,26.82398605,35.16555405,19.63957214,9.687876701,0.544001997,94.77363586,2.420529366,3.423288345,212.8592072,215.1157074,28.32208252,46.01724625,Summer,2
8/20/2026,26.73246574,35.05071259,19.5892601,9.714172363,0.572416604,94.77471161,2.419698,3.422105312,213.3892975,215.5683899,28.21975327,46.38127136,Summer,2
8/21/2026,26.6351738,34.92914963,19.53423309,9.73950386,0.601277471,94.77583313,2.41924715,3.421516418,213.9646606,216.0654602,28.11124992,46.75844574,Summer,2
8/22/2026,26.53216743,34.80095291,19.47449112,9.763724327,0.630521595,94.77698517,2.419175625,3.421524048,214.5821991,216.6041565,27.99663544,47.14797974,Summer,2
8/23/2026,26.42352867,34.66625214,19.41004181,9.786680222,0.660081923,94.77816772,2.419478655,3.422126293,215.2382202,217.1813354,27.87600327,47.54906464,Summer,2
8/24/2026,26.30936241,34.52518463,19.34090424,9.808231354,0.689888477,94.77936554,2.420148611,3.423316479,215.9288788,217.7935028,27.74945641,47.96080017,Summer,2
8/25/2026,26.18980026,34.37794495,19.26713943,9.828239441,0.719867647,94.78057098,2.421175241,3.425085068,216.6498718,218.4367828,27.61713791,48.38225555,Summer,2
8/26/2026,26.06500244,34.22475052,19.18880081,9.846574783,0.749943733,94.78179169,2.422544718,3.427416325,217.3965607,219.1070404,27.47920609,48.81243896,Summer,2
8/27/2026,25.93514824,34.06583786,19.10597992,9.863115311,0.78003782,94.78300476,2.424241781,3.43029213,218.1641541,219.799881,27.33584976,49.25032806,Summer,2
8/28/2026,25.80044937,33.90148163,19.01878738,9.877747536,0.810069442,94.78421783,2.426246881,3.433690548,218.9476318,220.5106659,27.18727493,49.69485092,Summer,2
8/29/2026,25.66112518,33.73199081,18.92734146,9.890364647,0.839956284,94.78541565,2.428539753,3.437585354,219.7417145,221.2346497,27.03370857,50.14492416,Summer,2
8/30/2026,25.51743507,33.55768585,18.83179092,9.900873184,0.869614661,94.78660583,2.431096792,3.441946983,220.5411072,221.9669037,26.87540436,50.59942627,Summer,2
8/31/2026,25.36964417,33.37891769,18.73229599,9.909190178,0.898960948,94.78777313,2.433892488,3.446743488,221.3404694,222.7024841,26.71263504,51.05720901,Summer,2
9/1/2026,25.2180481,33.19606018,18.62903214,9.915239334,0.927910507,94.78892517,2.436900139,3.451939583,222.1344299,223.4363251,26.54568291,51.51714706,Autumn,3
9/2/2026,25.06295013,33.00951004,18.52219772,9.918960571,0.956379175,94.79005432,2.440091372,3.45749855,222.9175873,224.1634521,26.37486076,51.97806931,Autumn,3
9/3/2026,24.90467072,32.81967545,18.41199493,9.920303345,0.984284043,94.79116821,2.443436623,3.463380337,223.6847687,224.8789063,26.20047951,52.43883514,Autumn,3
9/4/2026,24.74354172,32.6269722,18.29865265,9.9192276,1.011543512,94.79225159,2.446904659,3.469543457,224.4308472,225.5779114,26.02286911,52.89831543,Autumn,3
9/5/2026,24.57991219,32.43183517,18.18239594,9.915704727,1.03807795,94.7933197,2.450464725,3.475946426,225.1509094,226.2558289,25.8423748,53.35538101,Autumn,3
9/6/2026,24.41412735,32.23471069,18.06346893,9.909719467,1.063809991,94.79437256,2.45408535,3.482546329,225.8403473,226.9081268,25.65934372,53.80893326,Autumn,3
9/7/2026,24.24654388,32.03603363,17.94211578,9.901265144,1.088665366,94.79541016,2.4577353,3.489299774,226.4947815,227.5306244,25.47411919,54.25790787,Autumn,3
9/8/2026,24.07752037,31.83625793,17.8185997,9.890351295,1.1125741,94.79644012,2.461382866,3.496163368,227.1101837,228.1194305,25.2870636,54.70127869,Autumn,3
9/9/2026,23.90741348,31.63581657,17.69317245,9.876993179,1.135469437,94.79745483,2.464998484,3.50309515,227.6828766,228.6708984,25.09852219,55.13806915,Autumn,3
9/10/2026,23.73657227,31.43515015,17.56610107,9.861216545,1.157289863,94.79847717,2.468552113,3.510053158,228.2096558,229.1818542,24.90884972,55.56732559,Autumn,3
9/11/2026,23.56534958,31.23468399,17.43763351,9.843061447,1.177978516,94.79949188,2.472016096,3.516998291,228.6876526,229.649353,24.7183857,55.98819351,Autumn,3
9/12/2026,23.39407921,31.03482628,17.30803299,9.822572708,1.197484136,94.80052185,2.475364208,3.523891449,229.114563,230.0710144,24.52746582,56.39984131,Autumn,3
9/13/2026,23.2230835,30.83597565,17.17754745,9.799804688,1.215761662,94.80155945,2.478571653,3.530697346,229.4885254,230.4448242,24.33642006,56.80152893,Autumn,3
9/14/2026,23.05267525,30.63850594,17.04642868,9.774823189,1.232771993,94.80261993,2.481616497,3.537383556,229.8081665,230.7692413,24.14554787,57.19258118,Autumn,3
9/15/2026,22.88314629,30.44277,16.91490173,9.747694969,1.248482347,94.80369568,2.484478951,3.543919563,230.0726318,231.0431824,23.95515251,57.57239532,Autumn,3
9/16/2026,22.71476555,30.24909019,16.7831955,9.718500137,1.262867212,94.80480957,2.487141848,3.55027914,230.2817078,231.2660675,23.76549911,57.94045258,Autumn,3
9/17/2026,22.54778671,30.05776215,16.65152359,9.687317848,1.275908113,94.80595398,2.489591122,3.556439877,230.4355469,231.4378052,23.57684708,58.29631042,Autumn,3
9/18/2026,22.38243866,29.8690567,16.52007675,9.654236794,1.287593603,94.80713654,2.491815805,3.562383652,230.5349121,231.5587921,23.389431,58.63961411,Autumn,3
9/19/2026,22.21891594,29.68320274,16.38903809,9.619344711,1.297919273,94.80836487,2.49380827,3.56809473,230.581131,231.6298981,23.20345116,58.9701004,Autumn,3
9/20/2026,22.05739021,29.50039291,16.25856781,9.582737923,1.306888461,94.80963898,2.495563984,3.573564053,230.5758972,231.6524353,23.01909256,59.2875824,Autumn,3
9/21/2026,21.89800644,29.32078552,16.1288147,9.544509888,1.314511299,94.81095886,2.497081995,3.578786373,230.5215607,231.6282654,22.8365097,59.59197235,Autumn,3
9/22/2026,21.74087524,29.14450645,15.99989223,9.504755974,1.320806146,94.81233215,2.498365402,3.583761215,230.4208832,231.5595856,22.65582466,59.88326263,Autumn,3
9/23/2026,21.58607674,28.97162819,15.87190342,9.463575363,1.325796962,94.81375122,2.499420643,3.58849287,230.2769928,231.4491272,22.4771347,60.16153717,Autumn,3
9/24/2026,21.43365479,28.8021946,15.74492931,9.421060562,1.329516053,94.81522369,2.500257254,3.592990398,230.0935364,231.299942,22.30050468,60.42695999,Autumn,3
9/25/2026,21.28363037,28.63619804,15.61902142,9.377307892,1.332001328,94.81674194,2.500888824,3.597267628,229.8744659,231.115448,22.12596893,60.67977524,Autumn,3
9/26/2026,21.13598251,28.4736042,15.49421215,9.332408905,1.333297968,94.8183136,2.501332283,3.601343632,229.6240997,230.8994141,21.95353699,60.92031479,Autumn,3
9/27/2026,20.99065971,28.31432152,15.37051105,9.286453247,1.333456159,94.8199234,2.501608372,3.605241299,229.3470612,230.6559601,21.78317261,61.14898682,Autumn,3
9/28/2026,20.84757996,28.15823555,15.24789715,9.239522934,1.332532763,94.82157135,2.50173974,3.608987808,229.0481873,230.389389,21.61483002,61.36626816,Autumn,3
9/29/2026,20.70663261,28.00518036,15.12633419,9.191703796,1.33058846,94.82324982,2.501753569,3.612615585,228.732605,230.104248,21.44842339,61.5727005,Autumn,3
9/30/2026,20.56766891,27.85496521,15.00576115,9.143069267,1.327690125,94.82495117,2.501678944,3.616159916,228.4054718,229.8052063,21.28383636,61.76889038,Autumn,3
10/1/2026,20.43052292,27.70735359,14.88609409,9.093690872,1.323907614,94.82666779,2.501548052,3.619659901,228.0721588,229.4971619,21.12093544,61.955513,Autumn,3
10/2/2026,20.29499435,27.56208038,14.76722431,9.043635368,1.319314718,94.82839203,2.501395226,3.623158455,227.7380524,229.1850433,20.95954895,62.13327026,Autumn,3
10/3/2026,20.16085434,27.41885376,14.64903164,8.99296093,1.313988447,94.83010101,2.501256704,3.626699924,227.408493,228.8738251,20.7994957,62.30293655,Autumn,3
10/4/2026,20.02786255,27.27734756,14.53136539,8.941720963,1.308007598,94.83179474,2.501170635,3.630333424,227.0888824,228.5684052,20.64056587,62.46530914,Autumn,3
10/5/2026,19.89575005,27.13721848,14.41407108,8.88996315,1.301453471,94.83345795,2.501176119,3.634108067,226.7844391,228.2737122,20.4825325,62.62121582,Autumn,3
10/6/2026,19.76423073,26.99809456,14.29697132,8.8377285,1.294407606,94.83506775,2.501314163,3.638074875,226.5002441,227.9945221,20.32515144,62.77150726,Autumn,3
10/7/2026,19.63300896,26.85959625,14.17987156,8.785052299,1.286952853,94.83661652,2.501625538,3.642286301,226.2411804,227.7355042,20.1681633,62.91707611,Autumn,3
10/8/2026,19.50177193,26.72132111,14.06257343,8.731962204,1.27917099,94.83808899,2.502151728,3.646795273,226.0119629,227.5010681,20.01130295,63.05879211,Autumn,3
10/9/2026,19.3701992,26.58285904,13.94486713,8.678480148,1.271144032,94.83946991,2.502933741,3.651654243,225.816864,227.2954559,19.8542881,63.19753647,Autumn,3
10/10/2026,19.23796654,26.44379425,13.82653332,8.624622345,1.262951732,94.84073639,2.504012585,3.656915665,225.6600037,227.1226044,19.69683838,63.33420563,Autumn,3
10/11/2026,19.10474777,26.30371666,13.70734882,8.570401192,1.254671812,94.84187317,2.505428314,3.662631035,225.5450287,226.9861298,19.53867149,63.4696579,Autumn,3
10/12/2026,18.97021484,26.16220284,13.58709049,8.515823364,1.24638021,94.84287262,2.507218838,3.668848991,225.4752045,226.8893738,19.37949562,63.6047554,Autumn,3
10/13/2026,18.83404541,26.01884651,13.46553326,8.460889816,1.238148332,94.84370422,2.509421825,3.675617218,225.4533997,226.8352051,19.2190361,63.74032974,Autumn,3
10/14/2026,18.69592857,25.87325096,13.34245014,8.405597687,1.230045438,94.84436798,2.512071609,3.682981014,225.4819946,226.8261719,19.05701637,63.87716293,Autumn,3
10/15/2026,18.55555534,25.72502899,13.21763134,8.349941254,1.222135305,94.844841,2.515200853,3.690980434,225.562912,226.8643799,18.89317322,64.01602173,Autumn,3
10/16/2026,18.41264343,25.57381821,13.09086132,8.293913841,1.214477897,94.84510803,2.518838882,3.699655056,225.6976013,226.9515228,18.72725296,64.15762329,Autumn,3
10/17/2026,18.26691818,25.41926765,12.96194363,8.237503052,1.207127929,94.84515381,2.523012877,3.709037781,225.8869934,227.0887909,18.55902481,64.30263519,Autumn,3
10/18/2026,18.11812782,25.26106071,12.83068943,8.180696487,1.200134993,94.84497833,2.527745485,3.719157696,226.1315002,227.2769775,18.3882618,64.45166016,Autumn,3
10/19/2026,17.96604538,25.09890747,12.69692516,8.12348175,1.193543077,94.84456635,2.533056498,3.73004055,226.4310455,227.5163422,18.21477509,64.60527039,Autumn,3
10/20/2026,17.81046677,24.93254662,12.56049442,8.06584549,1.18738997,94.84390259,2.538961411,3.741703987,226.7850342,227.8067627,18.0383873,64.76395416,Autumn,3
10/21/2026,17.65122032,24.76175308,12.42125797,8.00777626,1.181708217,94.84298706,2.545472622,3.754163265,227.1924133,228.1475983,17.85894966,64.92814636,Autumn,3
10/22/2026,17.48816109,24.58633995,12.27909946,7.949259758,1.176523685,94.84181213,2.552596331,3.767425537,227.6516266,228.5377808,17.6763382,65.09819794,Autumn,3
10/23/2026,17.32117462,24.40615654,12.13392544,7.890288353,1.171856284,94.84038544,2.560336113,3.781493187,228.1605682,228.9757843,17.49046135,65.27442932,Autumn,3
10/24/2026,17.15018272,24.22109795,11.9856596,7.83085537,1.167720199,94.83869171,2.5686903,3.796362877,228.7168579,229.459671,17.30125618,65.45703125,Autumn,3
10/25/2026,16.97514153,24.03109741,11.83425236,7.770956516,1.164123297,94.83674622,2.577652216,3.812024117,229.3175507,229.9871368,17.10869408,65.6461792,Autumn,3
10/26/2026,16.7960434,23.83612823,11.67968559,7.710591793,1.161067605,94.83454132,2.587212086,3.828460217,229.9593811,230.5554962,16.91277122,65.84194946,Autumn,3
10/27/2026,16.61291885,23.63622093,11.52196217,7.649765968,1.158549666,94.83209991,2.59735322,3.845649242,230.6387634,231.1616211,16.71352386,66.0443573,Autumn,3
10/28/2026,16.42582893,23.43143272,11.36111546,7.588488102,1.156560421,94.829422,2.608056784,3.863562584,231.3517151,231.8021851,16.51101685,66.25334167,Autumn,3
10/29/2026,16.23487663,23.22188377,11.19720268,7.526772976,1.155085564,94.82653046,2.619297743,3.882165432,232.0940399,232.473526,16.30535126,66.46876526,Autumn,3
10/30/2026,16.040205,23.00772285,11.03030968,7.464640617,1.154106736,94.82342529,2.631047726,3.901417732,232.8612976,233.1717377,16.09666252,66.69044495,Autumn,3
10/31/2026,15.84198475,22.78915596,10.86054897,7.402115822,1.153600216,94.82014465,2.643273592,3.921272755,233.6488647,233.892746,15.88510799,66.91812134,Autumn,3
11/1/2026,15.64042568,22.56641769,10.68806458,7.339231968,1.153539181,94.81668854,2.655938625,3.941679478,234.4519348,234.6322327,15.67088985,67.15148163,Autumn,3
11/2/2026,15.43577099,22.33979034,10.51302147,7.276027203,1.153892756,94.81309509,2.66900301,3.962582111,235.2657166,235.3858337,15.45423794,67.39015198,Autumn,3
11/3/2026,15.22829723,22.10959816,10.33561134,7.212545872,1.154627681,94.80938721,2.682422161,3.983918667,236.0852356,236.1490326,15.23539829,67.63368988,Autumn,3
11/4/2026,15.01830578,21.876194,10.15605259,7.14883852,1.155707479,94.8055954,2.696149826,4.005625248,236.9055939,236.9173431,15.01465702,67.88163757,Autumn,3
11/5/2026,14.80613422,21.63996315,9.974580765,7.084962368,1.157094598,94.80174255,2.71013546,4.02763176,237.7219543,237.6862488,14.79232502,68.13347626,Autumn,3
11/6/2026,14.59214115,21.40133095,9.791460991,7.020981312,1.158749461,94.79785919,2.724327564,4.049867153,238.5295258,238.4512329,14.56872559,68.38864899,Autumn,3
11/7/2026,14.37670803,21.16074181,9.606969833,6.956964016,1.160632253,94.79399109,2.73867178,4.072256088,239.3236694,239.2079468,14.34421539,68.6465683,Autumn,3
11/8/2026,14.16023731,20.91867065,9.421405792,6.89298439,1.162702441,94.79016876,2.753112793,4.094721794,240.1000061,239.9520874,14.11915588,68.90661621,Autumn,3
11/9/2026,13.94314575,20.67560768,9.235084534,6.82912302,1.164920092,94.78642273,2.767593145,4.117186546,240.854248,240.6796112,13.8939333,69.16816711,Autumn,3
11/10/2026,13.72587013,20.43205833,9.048329353,6.765462875,1.167246103,94.78279114,2.782055616,4.139569759,241.5824432,241.3865814,13.66894436,69.43055725,Autumn,3
11/11/2026,13.50885487,20.18855095,8.861479759,6.702093601,1.169642687,94.77931976,2.796441793,4.161792278,242.2809753,242.0693359,13.44459057,69.69312286,Autumn,3
11/12/2026,13.29254818,19.94561195,8.674882889,6.63910532,1.172074437,94.77603912,2.810695171,4.183774471,242.9464874,242.7244873,13.22128773,69.95521545,Autumn,3
11/13/2026,13.07740784,19.70377159,8.488889694,6.57659483,1.17450726,94.772995,2.824756622,4.20543766,243.5759888,243.348999,12.99944401,70.21615601,Autumn,3
11/14/2026,12.86388874,19.46357346,8.303854942,6.514656544,1.176911116,94.77021027,2.83857131,4.226704597,244.1668854,243.9400177,12.77947426,70.47528839,Autumn,3
11/15/2026,12.65244484,19.22554207,8.120134354,6.453390598,1.179258227,94.76773834,2.852084398,4.247499943,244.717041,244.4951477,12.56179333,70.73197174,Autumn,3
11/16/2026,12.44351578,18.99020958,7.938082695,6.392895699,1.181524873,94.76560974,2.865242481,4.267751217,245.2245941,245.0123138,12.3468008,70.98557281,Autumn,3
11/17/2026,12.23754692,18.75807953,7.758049965,6.333271027,1.183691144,94.76385498,2.877995491,4.287389278,245.6882782,245.4898224,12.13489342,71.23548889,Autumn,3
11/18/2026,12.03495312,18.52965355,7.58038044,6.27461338,1.185741425,94.76251221,2.890295744,4.306349277,246.1072083,245.9264221,11.92645454,71.48114014,Autumn,3
11/19/2026,11.83614445,18.30540657,7.405403137,6.217020988,1.18766427,94.76161194,2.902098179,4.324569225,246.480835,246.321106,11.72184944,71.72197723,Autumn,3
11/20/2026,11.64150524,18.08579826,7.233438492,6.160586357,1.189452887,94.76117706,2.913361073,4.341992378,246.8091736,246.6734161,11.52143002,71.95748901,Autumn,3
11/21/2026,11.4513998,17.87125015,7.064795494,6.105400085,1.191105127,94.76123047,2.924047709,4.358567715,247.0926666,246.9832153,11.32552242,72.18719482,Autumn,3
11/22/2026,11.26616955,17.6621685,6.8997612,6.051550865,1.192623615,94.7618103,2.934123993,4.374249458,247.3320923,247.2508087,11.1344347,72.41065979,Autumn,3
11/23/2026,11.08612728,17.45891953,6.73860836,5.999118805,1.194015145,94.76292419,2.943560362,4.388998032,247.528717,247.4768066,10.94845009,72.62750244,Autumn,3
11/24/2026,10.91155338,17.2618351,6.581586838,5.948180199,1.195291877,94.76459503,2.952332497,4.402779579,247.6841583,247.6622314,10.76782322,72.83737183,Autumn,3
11/25/2026,10.74269772,17.07121468,6.428922653,5.898805618,1.196469903,94.76683044,2.960420132,4.415566921,247.8003845,247.8084717,10.59277821,73.03996277,Autumn,3
11/26/2026,10.57978153,16.88731384,6.280817986,5.851058006,1.197569966,94.76963806,2.967808247,4.427339554,247.8797302,247.9171906,10.42351151,73.23504639,Autumn,3
11/27/2026,10.42298412,16.71035385,6.13745594,5.804992676,1.198616505,94.77301788,2.974485159,4.438083649,247.9248505,247.9904327,10.26019096,73.42237854,Autumn,3
11/28/2026,10.27245903,16.5405159,5.998985291,5.760659218,1.199637771,94.77698517,2.980447054,4.447793007,247.9386292,248.0304718,10.10295391,73.60185242,Autumn,3
11/29/2026,10.12831402,16.37793159,5.865533829,5.718096733,1.200665593,94.78152466,2.985692501,4.456467152,247.9242096,248.0398712,9.951895714,73.77333832,Autumn,3
11/30/2026,9.99063015,16.2226963,5.737194061,5.677334785,1.2017349,94.78662872,2.990226269,4.464113712,247.8849945,248.0213928,9.807085037,73.93678284,Autumn,3
12/1/2026,9.859436989,16.07486343,5.614040375,5.638395309,1.202882886,94.7922821,2.994057894,4.47074604,247.8244629,247.9779816,9.66856575,74.09217834,Winter,0
12/2/2026,9.73474884,15.93444729,5.496110916,5.601291656,1.204149246,94.79847717,2.997201681,4.47638464,247.7462616,247.9127655,9.536333084,74.23956299,Winter,0
12/3/2026,9.616524696,15.80141449,5.383420944,5.566026688,1.205574989,94.80518341,2.999676704,4.48105669,247.6541748,247.8290405,9.410368919,74.37899017,Winter,0
12/4/2026,9.504698753,15.67569447,5.275953293,5.532593727,1.207202673,94.81237793,3.001506329,4.484794617,247.5519104,247.7300568,9.290605545,74.51060486,Winter,0
12/5/2026,9.399170876,15.55718136,5.173663139,5.500976563,1.209075093,94.82003021,3.002717972,4.487637997,247.4432831,247.6192169,9.17695713,74.63454437,Winter,0
12/6/2026,9.299808502,15.44573021,5.076485634,5.471151829,1.211235404,94.82810211,3.003343582,4.489631176,247.3320313,247.4999542,9.069310188,74.75099945,Winter,0
12/7/2026,9.206446648,15.34115982,4.984323502,5.443083763,1.213725805,94.83656311,3.003419399,4.490823746,247.2218018,247.3756409,8.967516899,74.86018372,Winter,0
12/8/2026,9.118890762,15.24326038,4.897061348,5.416729927,1.21658802,94.84536743,3.002983093,4.491269588,247.1161194,247.2495575,8.871412277,74.96235657,Winter,0
12/9/2026,9.036928177,15.15179253,4.814557076,5.392039299,1.219861507,94.8544693,3.002077818,4.491028786,247.0183868,247.1249847,8.780800819,75.0577774,Winter,0
12/10/2026,8.96031189,15.0664835,4.736646652,5.368952274,1.223584056,94.86382294,3.000747681,4.490162373,246.931839,247.0049896,8.695469856,75.14674377,Winter,0
12/11/2026,8.88877964,14.98704624,4.663149834,5.347401619,1.227790594,94.87337494,2.999040365,4.488736153,246.859375,246.8925323,8.615193367,75.22954559,Winter,0
12/12/2026,8.822048187,14.91316319,4.593866348,5.327313423,1.232512832,94.8830719,2.997004271,4.48681879,246.803772,246.7904205,8.539721489,75.30651093,Winter,0
12/13/2026,8.759823799,14.84451008,4.52858448,5.308608532,1.237778664,94.89286041,2.994690657,4.484479904,246.7674561,246.7011719,8.468791962,75.37796021,Winter,0
12/14/2026,8.701792717,14.7807436,4.467073441,5.291201115,1.24361217,94.90268707,2.992150784,4.481791973,246.7525177,246.6271515,8.402137756,75.44422913,Winter,0
12/15/2026,8.647637367,14.72150612,4.409096718,5.275001049,1.250032544,94.91249084,2.989437103,4.478827,246.7608185,246.5704041,8.339476585,75.50563049,Winter,0
12/16/2026,8.597029686,14.66643906,4.35440731,5.259914398,1.257053852,94.92221069,2.986602783,4.47565794,246.7938385,246.5327606,8.280527115,75.5625,Winter,0
12/17/2026,8.549646378,14.61518097,4.302751541,5.245842934,1.26468575,94.93178558,2.983700037,4.47235775,246.8526764,246.5157318,8.225004196,75.61515808,Winter,0
12/18/2026,8.505153656,14.56736374,4.253871918,5.232686996,1.272931814,94.94116211,2.980780602,4.468997955,246.9381256,246.5205078,8.172617912,75.66389465,Winter,0
12/19/2026,8.463223457,14.5226326,4.207512856,5.220346451,1.28178966,94.95028687,2.977895021,4.465648651,247.0505676,246.5480499,8.123088837,75.70901489,Winter,0
12/20/2026,8.423537254,14.48063087,4.163415909,5.208719254,1.291251898,94.95909119,2.975093603,4.462378502,247.1900177,246.598938,8.07613945,75.75079346,Winter,0
12/21/2026,8.385785103,14.44102192,4.121325493,5.197705269,1.301303983,94.96752167,2.972423553,4.459252834,247.3562012,246.6734772,8.031499863,75.78947449,Winter,0
12/22/2026,8.349665642,14.40347767,4.080992699,5.187203407,1.311926723,94.9755249,2.969930172,4.456334591,247.5484161,246.771637,7.988917351,75.82530212,Winter,0
12/23/2026,8.314891815,14.36767864,4.042178154,5.177116394,1.323093653,94.98305511,2.967656851,4.453681469,247.765625,246.8930969,7.948139191,75.85847473,Winter,0
12/24/2026,8.281199455,14.33333969,4.004652977,5.167349815,1.33477354,94.9900589,2.965643167,4.451350212,248.006546,247.0372314,7.908945084,75.88919067,Winter,0
12/25/2026,8.248330116,14.30018711,3.968194962,5.157812595,1.346928239,94.99648285,2.963926792,4.449390888,248.2694855,247.2031403,7.871114731,75.91757965,Winter,0
12/26/2026,8.216065407,14.26797199,3.932603359,5.148418427,1.359515429,95.00230408,2.962540388,4.447848797,248.5525208,247.389679,7.834459305,75.94378662,Winter,0
12/27/2026,8.184191704,14.23647213,3.897681236,5.139086723,1.372486353,95.00746155,2.961514711,4.446765423,248.8534546,247.5953979,7.798804283,75.96791077,Winter,0
12/28/2026,8.152526855,14.20549583,3.863260269,5.129742622,1.385787964,95.01194,2.960875511,4.446176052,249.1699066,247.8186188,7.763997078,75.99000549,Winter,0
12/29/2026,8.120918274,14.17487431,3.829184532,5.120317459,1.399361968,95.01569366,2.960645199,4.446110725,249.499176,248.0575256,7.729910851,76.01013184,Winter,0
12/30/2026,8.089233398,14.14447975,3.795317173,5.110750198,1.413147211,95.01870728,2.960841179,4.446593285,249.8385162,248.3100433,7.696439743,76.02828979,Winter,0
12/31/2026,8.05737114,14.11419392,3.761541843,5.100986481,1.427077413,95.02095795,2.961477995,4.447642803,250.1849518,248.5740051,7.663500786,76.04445648,Winter,0
1/1/2027,8.025258064,14.083951,3.72776556,5.090981483,1.441083908,95.02243805,2.962564707,4.449270725,250.5355072,248.8470306,7.631041527,76.05859375,Winter,0
1/2/2027,7.992842674,14.05370808,3.693910599,5.080698967,1.455095768,95.02312469,2.964106798,4.451484203,250.8870239,249.1266937,7.59902668,76.07063293,Winter,0
1/3/2027,7.960114479,14.02344418,3.659925461,5.070108891,1.469038844,95.02301025,2.966104746,4.454284191,251.2364197,249.4105225,7.567446709,76.08047485,Winter,0
1/4/2027,7.92707634,13.993186,3.62578249,5.059192657,1.482839346,95.02211761,2.968555927,4.45766449,251.5805511,249.6959534,7.536322594,76.08800507,Winter,0
1/5/2027,7.893769264,13.96297264,3.591469765,5.047939301,1.496420622,95.02043152,2.971452951,4.461615086,251.9163361,249.980423,7.505690575,76.09309387,Winter,0
1/6/2027,7.860254288,13.93288898,3.556999207,5.036346436,1.509707808,95.01796722,2.974783897,4.466118813,252.2407532,250.2613678,7.475614548,76.09558105,Winter,0
1/7/2027,7.826616287,13.90302849,3.522404671,5.024419785,1.522625089,95.01474762,2.978534698,4.471155167,252.5509796,250.5363464,7.446175575,76.09529877,Winter,0
1/8/2027,7.792971611,13.87352467,3.487736225,5.01217556,1.535098791,95.01078796,2.982685328,4.476696491,252.8441925,250.8029022,7.417481422,76.09207153,Winter,0
1/9/2027,7.759449959,13.84452629,3.453068256,4.999638081,1.547056437,95.00611877,2.987215042,4.482712746,253.1178894,251.0587616,7.389649391,76.08569336,Winter,0
1/10/2027,7.726207733,13.81620884,3.418489933,4.986837387,1.558428407,95.00077057,2.992097139,4.489167213,253.3696747,251.301712,7.362821579,76.07598877,Winter,0
1/11/2027,7.693417549,13.78875828,3.384102821,4.973812103,1.569148302,94.99477386,2.997304201,4.496021271,253.5974274,251.5297546,7.33714962,76.06275177,Winter,0
1/12/2027,7.661268234,13.76238823,3.350033283,4.960609913,1.579152226,94.98816681,3.002804756,4.503231525,253.7992554,251.7409973,7.312803268,76.04577637,Winter,0
1/13/2027,7.629962921,13.7373209,3.316411972,4.947281837,1.588382125,94.98100281,3.00856638,4.510752201,253.9736023,251.9337921,7.289960861,76.02484894,Winter,0
1/14/2027,7.599716187,13.71379757,3.283388615,4.933887482,1.5967834,94.97332001,3.01455307,4.518533707,254.1191101,252.1067657,7.268811226,75.99978638,Winter,0
1/15/2027,7.570755005,13.69205189,3.25112009,4.920489788,1.604307413,94.96517181,3.02072835,4.526525974,254.2348022,252.2586212,7.249545097,75.97039795,Winter,0
1/16/2027,7.543309212,13.67233658,3.219773293,4.907157898,1.610910535,94.95661163,3.027054787,4.534676075,254.3199921,252.3883972,7.232365608,75.93650818,Winter,0
1/17/2027,7.517615318,13.65490913,3.189516544,4.89396286,1.616556048,94.94768524,3.033492327,4.542930603,254.3742828,252.4953918,7.217474937,75.89794922,Winter,0
1/18/2027,7.493911743,13.64002514,3.160531521,4.880980015,1.621212602,94.9384613,3.040002108,4.551235199,254.3976746,252.5791168,7.20507431,75.85456848,Winter,0
1/19/2027,7.472435951,13.62792969,3.132997513,4.868287086,1.624856353,94.9289856,3.046543598,4.559535027,254.3904572,252.6393585,7.195364952,75.80622864,Winter,0
1/20/2027,7.453422546,13.6188755,3.107095242,4.855963707,1.627470136,94.91932678,3.053077698,4.567775249,254.3531799,252.6761627,7.188544273,75.75280762,Winter,0
1/21/2027,7.43710041,13.61310196,3.083006859,4.844086647,1.629043341,94.90953827,3.059564352,4.575902462,254.2868195,252.6898193,7.184797287,75.69420624,Winter,0
1/22/2027,7.423692703,13.6108408,3.060907841,4.832737923,1.629572988,94.89968109,3.065965891,4.583865166,254.1925964,252.6808777,7.184311867,75.63035583,Winter,0
1/23/2027,7.413412094,13.61230564,3.04097271,4.821995258,1.629062533,94.88980865,3.072243929,4.591611385,254.0719604,252.6501617,7.187260628,75.561203,Winter,0
1/24/2027,7.406455994,13.61770344,3.023367405,4.811934471,1.627523661,94.87998199,3.07836318,4.599093914,253.926712,252.5986176,7.193798065,75.48670959,Winter,0
1/25/2027,7.403013229,13.62722588,3.008252144,4.802628994,1.624974251,94.87025452,3.084289312,4.606265068,253.7588959,252.5275116,7.204077721,75.40686035,Winter,0
1/26/2027,7.403254509,13.64103889,2.995776176,4.794151306,1.621438742,94.86067963,3.089989185,4.613082886,253.5707092,252.4382629,7.218227386,75.32169342,Winter,0
1/27/2027,7.407335281,13.65929031,2.986081123,4.786567688,1.616949081,94.85131073,3.095433474,4.619506836,253.3645935,252.3325043,7.236362457,75.23123169,Winter,0
1/28/2027,7.415388107,13.68211365,2.979289532,4.779938698,1.611542344,94.8421936,3.100594044,4.625500202,253.1431427,252.2119904,7.258588791,75.13552856,Winter,0
1/29/2027,7.427531242,13.70961094,2.975516319,4.774324417,1.605263114,94.83336639,3.105445862,4.63103056,252.9091339,252.0785675,7.28497982,75.03468323,Winter,0
1/30/2027,7.443861008,13.74187469,2.974860668,4.769774437,1.598159313,94.82488251,3.109966516,4.636068821,252.6653595,251.9343262,7.315602303,74.92879486,Winter,0
1/31/2027,7.46445179,13.77896023,2.977409363,4.766334534,1.590286136,94.81678009,3.114136934,4.640589237,252.4147491,251.781311,7.350494385,74.81799316,Winter,0
2/1/2027,7.489355087,13.82090282,2.983230114,4.764043808,1.581701517,94.8090744,3.117940187,4.644572735,252.1602783,251.6217194,7.38968277,74.70243835,Winter,0
2/2/2027,7.518603325,13.86771965,2.992371559,4.762932777,1.572469115,94.80181885,3.12136364,4.648003101,251.9048615,251.4577484,7.433171272,74.58226776,Winter,0
2/3/2027,7.552203178,13.91939831,3.004873276,4.763028145,1.562654376,94.79501343,3.124396801,4.650867939,251.6514435,251.2915802,7.480940819,74.45767212,Winter,0
2/4/2027,7.590148926,13.97590637,3.02075386,4.764346123,1.552327394,94.78869629,3.127032757,4.653160572,251.4028778,251.1253815,7.532956123,74.32885742,Winter,0
2/5/2027,7.632394791,14.03717995,3.040015221,4.766898632,1.541558266,94.78286743,3.129268169,4.654878616,251.1619263,250.9613342,7.589165688,74.1960144,Winter,0
2/6/2027,7.678894043,14.10314846,3.062646389,4.77068615,1.530420542,94.77754974,3.131101847,4.656023026,250.9311981,250.8014679,7.649494171,74.05937195,Winter,0
2/7/2027,7.729572296,14.1737051,3.088612556,4.775705338,1.518988013,94.77274323,3.132537365,4.656599998,250.7131958,250.6477661,7.713853836,73.91914368,Winter,0
2/8/2027,7.784331322,14.24873257,3.117869854,4.781944275,1.50733459,94.76844025,3.133579493,4.656620502,250.5101929,250.5020752,7.78213501,73.77555847,Winter,0
2/9/2027,7.843064308,14.32809258,3.150356293,4.789383888,1.495533943,94.76464844,3.134236813,4.656097889,250.3242493,250.3661041,7.854218483,73.62886047,Winter,0
2/10/2027,7.905637741,14.41163158,3.18599987,4.797996998,1.483658671,94.76134491,3.134520769,4.655050278,250.157196,250.2413788,7.929970741,73.47927856,Winter,0
2/11/2027,7.97191143,14.49917603,3.224710941,4.807754517,1.471779466,94.75852203,3.134445429,4.653499126,250.0105896,250.1292725,8.009241104,73.327034,Winter,0
2/12/2027,8.041727066,14.59054279,3.266388893,4.818615913,1.459965229,94.75615692,3.134026051,4.651469231,249.8857269,250.0309753,8.091870308,73.17237091,Winter,0
2/13/2027,8.114915848,14.68553829,3.310921192,4.83053875,1.448281407,94.75422668,3.133282185,4.648988247,249.7836456,249.9473724,8.177696228,73.01550293,Winter,0
2/14/2027,8.191302299,14.78395844,3.358183384,4.843472481,1.43678987,94.75270844,3.13223362,4.646086216,249.7049561,249.8791962,8.266534805,72.85665131,Winter,0
2/15/2027,8.27069664,14.88559532,3.408051968,4.857365608,1.425549626,94.75156403,3.130902529,4.642796516,249.6500702,249.8269501,8.358210564,72.6960144,Winter,0
2/16/2027,8.35290432,14.99022388,3.460385323,4.872158051,1.414613843,94.75076294,3.129313231,4.639153004,249.6190186,249.7908936,8.452532768,72.53379059,Winter,0
2/17/2027,8.437729836,15.09763145,3.515040874,4.887791634,1.404031873,94.75026703,3.127490759,4.635193348,249.6115723,249.7710114,8.549315453,72.37016296,Winter,0
2/18/2027,8.524971962,15.20759583,3.571871281,4.904202461,1.393847346,94.75003052,3.125460863,4.630953789,249.6270905,249.7670288,8.648368835,72.20529938,Winter,0
2/19/2027,8.614432335,15.31989956,3.630723953,4.92132473,1.384098053,94.75001526,3.123250484,4.626473904,249.6646729,249.7785034,8.749503136,72.03935242,Winter,0
2/20/2027,8.705908775,15.4343195,3.691447735,4.939091682,1.374816895,94.75016785,3.120887756,4.62179327,249.7231445,249.8047028,8.852534294,71.87244415,Winter,0
2/21/2027,8.799202919,15.55064964,3.753890514,4.957436085,1.366029859,94.75045776,3.118399382,4.616950035,249.8009644,249.8446198,8.957277298,71.70471191,Winter,0
2/22/2027,8.894125938,15.66868305,3.817901134,4.97629118,1.357756972,94.75082397,3.115814209,4.611983776,249.8963318,249.8970947,9.063556671,71.53624725,Winter,0
2/23/2027,8.990488052,15.78821945,3.883331299,4.995589256,1.350012302,94.75122833,3.113158941,4.606934547,250.0072327,249.9607849,9.171206474,71.36713409,Winter,0
2/24/2027,9.088118553,15.90907669,3.950037956,5.015265465,1.342803597,94.75161743,3.110461473,4.601838589,250.1313629,250.0340118,9.280061722,71.1974411,Winter,0
2/25/2027,9.186842918,16.03107452,4.017877579,5.035256863,1.336132288,94.75193787,3.107747793,4.59673357,250.2662201,250.1151123,9.389970779,71.02722168,Winter,0
2/26/2027,9.286505699,16.15404701,4.086723328,5.055503845,1.329993606,94.75215149,3.105043173,4.591655254,250.4091187,250.2020721,9.500797272,70.85649109,Winter,0
2/27/2027,9.386960983,16.2778511,4.156447411,5.075947285,1.324376941,94.75221252,3.102372885,4.586636543,250.5572052,250.2928925,9.612405777,70.68528748,Winter,0
2/28/2027,9.488071442,16.40234184,4.226935387,5.096535683,1.319266558,94.75206757,3.099759579,4.581709385,250.707489,250.3853302,9.724687576,70.51359558,Winter,0
3/1/2027,9.58972168,16.52739906,4.298073769,5.117218494,1.314640403,94.7516861,3.097224951,4.576902866,250.8569183,250.4771729,9.837529182,70.34140015,Spring,1
3/2/2027,9.691800117,16.65292168,4.369767189,5.13795042,1.310471892,94.75102997,3.094789028,4.572244167,251.0022888,250.5660553,9.950842857,70.16870117,Spring,1
3/3/2027,9.79421711,16.77880859,4.441932678,5.158693314,1.306729674,94.75004578,3.092470407,4.567758083,251.1404419,250.6495667,10.06455708,69.99542236,Spring,1
3/4/2027,9.896896362,16.90498924,4.51448822,5.179412365,1.303378344,94.74871826,3.090285063,4.563465118,251.2682343,250.7253265,10.1785984,69.82154846,Spring,1
3/5/2027,9.999774933,17.03140259,4.587374687,5.200078964,1.300378442,94.74700165,3.088248253,4.5593853,251.382431,250.7909088,10.29292679,69.6470108,Spring,1
3/6/2027,10.10280514,17.15800667,4.660534859,5.220669746,1.297687292,94.74488068,3.08637166,4.555533886,251.480011,250.8439941,10.40749836,69.47175598,Spring,1
3/7/2027,10.20594978,17.28476524,4.733925819,5.241168976,1.295259833,94.74233246,3.084666014,4.551922798,251.5579681,250.8822327,10.52229309,69.29571533,Spring,1
3/8/2027,10.30919456,17.41166115,4.807520866,5.261564732,1.293048263,94.73932648,3.083139181,4.548563004,251.6134186,250.9033813,10.63730431,69.11882019,Spring,1
3/9/2027,10.4125309,17.53869438,4.881299973,5.281851768,1.291003704,94.73586273,3.0817976,4.545459747,251.6436768,250.9053497,10.75252819,68.94100952,Spring,1
3/10/2027,10.51596546,17.66587448,4.955258369,5.302032471,1.28907609,94.73191833,3.080645084,4.542617321,251.6462097,250.8861084,10.86797905,68.76221466,Spring,1
3/11/2027,10.61951923,17.7932148,5.029393196,5.322113514,1.287214756,94.72750092,3.079683065,4.540035248,251.6187286,250.8438416,10.98368549,68.5823822,Spring,1
3/12/2027,10.72322273,17.92074966,5.103722572,5.342106819,1.285369754,94.72260284,3.078911543,4.53771162,251.5591278,250.7768097,11.09967422,68.40145874,Spring,1
3/13/2027,10.82711506,18.04851723,5.17827034,5.362030983,1.283491015,94.71722412,3.078327894,4.535640717,251.4656219,250.683548,11.21599293,68.21939087,Spring,1
3/14/2027,10.93124485,18.17655945,5.253063202,5.381908417,1.281530976,94.71138,3.077928066,4.533813953,251.3366547,250.5627289,11.33268452,68.03614044,Spring,1
3/15/2027,11.03567028,18.30493164,5.328145981,5.401765823,1.279442549,94.70507813,3.077705622,4.53222084,251.170929,250.4132538,11.44980907,67.8516922,Spring,1
3/16/2027,11.14045715,18.43368912,5.403564453,5.421638489,1.27718246,94.69834137,3.077652454,4.530848503,250.9675446,250.2342377,11.56742573,67.66603088,Spring,1
3/17/2027,11.24566841,18.5628891,5.479372025,5.441559792,1.274709225,94.69117737,3.077758551,4.529680252,250.7257996,250.0250092,11.68559742,67.47914886,Spring,1
3/18/2027,11.35137939,18.69259453,5.555626869,5.461569786,1.271985531,94.68362427,3.078013182,4.528699398,250.4453735,249.7851868,11.80439568,67.2910614,Spring,1
3/19/2027,11.45766544,18.82286072,5.632392883,5.481711864,1.268976808,94.67571259,3.078403473,4.527885914,250.1262207,249.5145111,11.92388439,67.10180664,Spring,1
3/20/2027,11.5646019,18.95375252,5.709738731,5.502029419,1.265654087,94.66745758,3.078915358,4.527217865,249.768631,249.2131042,12.04412937,66.91143799,Spring,1
3/21/2027,11.67226315,19.08532333,5.787733078,5.522570133,1.261991382,94.65891266,3.079533815,4.526673317,249.3732147,248.8811493,12.16520214,66.72000885,Spring,1
3/22/2027,11.78072357,19.21762848,5.866444588,5.543380737,1.257968307,94.65010834,3.080242395,4.526227951,248.9407959,248.5192108,12.28716373,66.52760315,Spring,1
3/23/2027,11.89005661,19.35070801,5.945944786,5.564511299,1.253569126,94.64108276,3.08102417,4.525856972,248.4726257,248.1279449,12.41007614,66.33432007,Spring,1
3/24/2027,12.0003252,19.4846096,6.026305199,5.586009502,1.248783231,94.63188171,3.081861973,4.525532722,247.9700928,247.7082977,12.53399658,66.14026642,Spring,1
3/25/2027,12.11159515,19.61936378,6.107593536,5.607924938,1.243605614,94.62255096,3.082736969,4.525229931,247.4349213,247.2614136,12.65897274,65.94558716,Spring,1
3/26/2027,12.22392178,19.75500107,6.189881325,5.630304813,1.238035679,94.61312866,3.083630562,4.524921894,246.8690033,246.7884979,12.78505135,65.75041962,Spring,1
3/27/2027,12.33735752,19.89153099,6.273225784,5.653195381,1.232078671,94.60368347,3.084524155,4.524580956,246.2745209,246.2910461,12.91227245,65.55492401,Spring,1
3/28/2027,12.45193863,20.02896309,6.357688904,5.676640034,1.225745082,94.59423828,3.085398197,4.524179935,245.6537476,245.7706604,13.0406599,65.35927582,Spring,1
3/29/2027,12.5677042,20.16729927,6.443325043,5.700680733,1.219049931,94.58486176,3.086233854,4.523691654,245.0092316,245.2290344,13.1702404,65.16365051,Spring,1
3/30/2027,12.68467808,20.30652618,6.530184746,5.725358009,1.212013006,94.57559204,3.087012768,4.523089409,244.3435211,244.6679993,13.30102444,64.96825409,Spring,1
3/31/2027,12.80287933,20.44661713,6.618311882,5.750705719,1.204659581,94.56647491,3.087715626,4.522347927,243.6593475,244.0894623,13.43301678,64.77326965,Spring,1
4/1/2027,12.92230988,20.58754539,6.707747459,5.776756763,1.197018027,94.55757141,3.088324547,4.52144146,242.9594879,243.4953308,13.56621456,64.57891846,Spring,1
4/2/2027,13.04297352,20.72926712,6.798518181,5.803539276,1.189121366,94.54891205,3.088821411,4.520345688,242.2467651,242.8876495,13.70060062,64.38539886,Spring,1
4/3/2027,13.164855,20.87173271,6.890650749,5.831077576,1.181006312,94.54055023,3.089189291,4.519037247,241.5240173,242.2684021,13.8361578,64.19293213,Spring,1
4/4/2027,13.28793812,21.01488113,6.984164238,5.859390259,1.172711611,94.53252411,3.089411497,4.517493248,240.7940521,241.6395721,13.97285175,64.00170898,Spring,1
4/5/2027,13.41219044,21.15864754,7.079070091,5.888494015,1.164280057,94.52487946,3.089472055,4.515693188,240.0595551,241.0031281,14.11064625,63.81195831,Spring,1
4/6/2027,13.53757668,21.30295372,7.175373077,5.918397427,1.155755639,94.51765442,3.089355946,4.513617039,239.3232574,240.3609467,14.24949455,63.62386322,Spring,1
4/7/2027,13.66405201,21.44772339,7.273070335,5.949108124,1.147184253,94.51087952,3.089049339,4.511246204,238.5876923,239.714859,14.38934231,63.43761826,Spring,1
4/8/2027,13.7915678,21.5928669,7.37215519,5.98062706,1.138612509,94.5045929,3.08853817,4.508562565,237.8552399,239.0665894,14.5301342,63.2533989,Spring,1
4/9/2027,13.92006397,21.7382946,7.472613335,6.01294899,1.130088329,94.49881744,3.087810516,4.505551815,237.1281891,238.4177551,14.67180157,63.07138062,Spring,1
4/10/2027,14.04947472,21.88392067,7.574425697,6.046068192,1.121658921,94.49359131,3.086854935,4.502198696,236.4085693,237.7697754,14.8142786,62.89170074,Spring,1
4/11/2027,14.17973804,22.02964783,7.677568436,6.07997036,1.113370776,94.48892212,3.085660696,4.49849081,235.698288,237.1240387,14.95749569,62.71448898,Spring,1
4/12/2027,14.31078339,22.17538071,7.782011986,6.11464119,1.105270028,94.48484039,3.084218502,4.494416237,234.9988861,236.4817047,15.10137081,62.5398674,Spring,1
4/13/2027,14.4425354,22.32102966,7.887722969,6.150058746,1.09739995,94.48135376,3.082519054,4.489965916,234.3118286,235.8437195,15.2458353,62.36791229,Spring,1
4/14/2027,14.57492161,22.46650696,7.9946661,6.186199665,1.089802623,94.47847748,3.080555677,4.485131264,233.6382599,235.2109222,15.39080906,62.19869232,Spring,1
4/15/2027,14.70786953,22.61172676,8.102805138,6.223036766,1.082516313,94.47622681,3.07832098,4.479903698,232.9789734,234.5839233,15.53621769,62.03224945,Spring,1
4/16/2027,14.84130573,22.75660515,8.212100029,6.260538578,1.075576782,94.47459412,3.075809717,4.474279404,232.3346558,233.9631958,15.68198872,61.86859512,Spring,1
4/17/2027,14.97516155,22.90107727,8.322504997,6.29867363,1.069015741,94.47357941,3.073016405,4.468252182,231.705658,233.3489685,15.82804775,61.70771027,Spring,1
4/18/2027,15.10936832,23.04507637,8.433981895,6.337406635,1.062860608,94.47319031,3.069937468,4.461820126,231.092041,232.7412872,15.97432995,61.54954529,Spring,1
4/19/2027,15.24386883,23.18854904,8.546490669,6.376699924,1.057134628,94.47341919,3.066570044,4.454980373,230.493576,232.1400604,16.12077713,61.39403534,Spring,1
4/20/2027,15.37860012,23.3314476,8.659989357,6.416516304,1.051855683,94.47425079,3.062911272,4.447732449,229.9099121,231.5449677,16.26732826,61.24106979,Spring,1
4/21/2027,15.51351643,23.47373962,8.774439812,6.456816673,1.047037244,94.47566986,3.058960676,4.440076351,229.3403015,230.9555817,16.41393661,61.09051514,Spring,1
4/22/2027,15.64857197,23.61540985,8.889809608,6.497561455,1.042686343,94.47766876,3.054716349,4.432013035,228.7838898,230.3712616,16.56056404,60.94221497,Spring,1
4/23/2027,15.78373241,23.75644302,9.0060606,6.538710594,1.038805246,94.48022461,3.050179005,4.423545361,228.2395325,229.7912598,16.70717049,60.79597473,Spring,1
4/24/2027,15.91897488,23.89685059,9.123165131,6.580224037,1.035390139,94.48331451,3.04534936,4.414675713,227.7059174,229.2146759,16.85373688,60.651577,Spring,1
4/25/2027,16.05427551,24.0366478,9.24109745,6.622063637,1.032431841,94.48690796,3.040228844,4.405408382,227.1815643,228.640564,17.00024605,60.5087738,Spring,1
4/26/2027,16.18963242,24.17586708,9.359838486,6.664192677,1.029914975,94.49099731,3.034819365,4.395748138,226.6649017,228.0678406,17.14669037,60.36731339,Spring,1
4/27/2027,16.32504272,24.31456375,9.479371071,6.706573486,1.02781868,94.4955368,3.02912426,4.385700703,226.1541138,227.4953613,17.29307556,60.22688293,Spring,1
4/28/2027,16.46051979,24.45278931,9.599680901,6.749171734,1.026116133,94.50050354,3.023146152,4.375272274,225.6473999,226.9219513,17.43941498,60.08718109,Spring,1
4/29/2027,16.5960865,24.59062195,9.720763206,6.791954994,1.024775624,94.50587463,3.016889572,4.364470482,225.1428986,226.3463898,17.58573341,59.94787979,Spring,1
4/30/2027,16.73177338,24.72815704,9.842617035,6.834891796,1.023759961,94.51160431,3.01035881,4.353302479,224.6386414,225.7675171,17.73206329,59.80862808,Spring,1
5/1/2027,16.86762238,24.86548233,9.965242386,6.877955437,1.023026943,94.51766968,3.003559589,4.341777325,224.1327362,225.1841583,17.87844467,59.66906357,Spring,1
5/2/2027,17.00368309,25.00271606,10.0886507,6.921118736,1.02252984,94.52402496,2.996497393,4.329904079,223.6232605,224.5951996,18.02493286,59.52881622,Spring,1
5/3/2027,17.14001465,25.13997841,10.21285725,6.96435833,1.022217751,94.53065491,2.989178658,4.317692757,223.108429,223.9996033,18.17158699,59.38751221,Spring,1
5/4/2027,17.2766819,25.2774086,10.33787155,7.007654667,1.022035718,94.53751373,2.981610775,4.305153847,222.5864716,223.3964233,18.31847,59.24476624,Spring,1
5/5/2027,17.41376114,25.41513443,10.46372223,7.050989628,1.021925807,94.54457092,2.973800659,4.292298794,222.0558014,222.7848206,18.46566391,59.10019302,Spring,1
5/6/2027,17.55132866,25.5533123,10.59043121,7.094347477,1.021826863,94.55179596,2.96575737,4.279139519,221.5148773,222.1641693,18.61323738,58.9534111,Spring,1
5/7/2027,17.68946838,25.69208908,10.7180233,7.137715816,1.021675467,94.55915833,2.957489252,4.265689373,220.9624939,221.5339508,18.76128197,58.80405045,Spring,1
5/8/2027,17.82827568,25.83161926,10.84653473,7.181082726,1.021406651,94.56661987,2.949006319,4.251961231,220.3975372,220.8937836,18.9098835,58.6517334,Spring,1
5/9/2027,17.96783447,25.97206306,10.9759903,7.224442005,1.020954013,94.57415009,2.940317869,4.237969875,219.8191528,220.243576,19.05913353,58.49610901,Spring,1
5/10/2027,18.10824013,26.11357498,11.10642529,7.267785549,1.02025032,94.58172607,2.931435585,4.223731041,219.2266846,219.5833893,19.20912361,58.33682632,Spring,1
5/11/2027,18.24958801,26.25630569,11.23787117,7.311109543,1.019228697,94.58932495,2.922370911,4.209259033,218.6197968,218.9135284,19.35994339,58.17356873,Spring,1
5/12/2027,18.39196587,26.40041733,11.37036228,7.354410648,1.017822504,94.5969162,2.913135767,4.194572449,217.9984436,218.2344971,19.51168251,58.00603104,Spring,1
5/13/2027,18.53546524,26.5460453,11.50392532,7.397686481,1.015966654,94.6044693,2.903743029,4.179687977,217.3627777,217.5470581,19.66443253,57.83392715,Spring,1
5/14/2027,18.68016815,26.69333076,11.63858604,7.440935135,1.013597131,94.61197662,2.894206285,4.164625168,216.7132874,216.8522034,19.81827354,57.65700912,Spring,1
5/15/2027,18.82615852,26.84240532,11.77437115,7.484157562,1.010652661,94.61940002,2.884540319,4.149402618,216.050827,216.1512299,19.97328377,57.47504425,Spring,1
5/16/2027,18.97350502,26.99338341,11.91130066,7.527349949,1.007074594,94.6267395,2.874759197,4.134040833,215.3764496,215.4455566,20.12953568,57.28783035,Spring,1
5/17/2027,19.12227631,27.14636803,12.04938602,7.570512772,1.002808094,94.63397217,2.864879608,4.118561745,214.6915436,214.7369385,20.2870903,57.0952034,Spring,1
5/18/2027,19.27252388,27.30145645,12.18863964,7.613643169,0.997801661,94.64107513,2.854916334,4.102986813,213.997818,214.0272522,20.44600296,56.89704132,Spring,1
5/19/2027,19.42429352,27.45871925,12.32906055,7.656738281,0.99200815,94.64804077,2.844887495,4.087339878,213.2971954,213.3187103,20.60631752,56.69322586,Spring,1
5/20/2027,19.57761955,27.61821556,12.47064304,7.699792862,0.985385418,94.65486908,2.834810495,4.071643829,212.5919342,212.6136322,20.7680645,56.4836998,Spring,1
5/21/2027,19.73252296,27.77998352,12.61337376,7.742800236,0.977896273,94.66153717,2.82470274,4.055924416,211.8845062,211.9145508,20.93126869,56.26843643,Spring,1
5/22/2027,19.88900948,27.94404411,12.7572279,7.785750866,0.969509184,94.66804504,2.814583302,4.040205956,211.1775665,211.2241058,21.0959301,56.04744339,Spring,1
5/23/2027,20.04706955,28.11039925,12.90217686,7.828633785,0.960197926,94.67438507,2.804470778,4.024514675,210.4740601,210.5451965,21.26204681,55.82075882,Spring,1
5/24/2027,20.20668221,28.27902985,13.04818058,7.871434212,0.949942708,94.68055725,2.794385433,4.008878231,209.7770691,209.8807068,21.42959595,55.58846664,Spring,1
5/25/2027,20.3678112,28.44988823,13.19517994,7.914134026,0.938729644,94.68655396,2.784345865,3.993322372,209.0898132,209.2337036,21.59854126,55.35067749,Spring,1
5/26/2027,20.53040314,28.62291718,13.34311962,7.956712723,0.926551223,94.69238281,2.774372578,3.977875233,208.4156494,208.607254,21.76883125,55.1075325,Spring,1
5/27/2027,20.69438362,28.79802704,13.49192142,7.999145031,0.913406372,94.69802856,2.764485598,3.962564468,207.7579803,208.0044556,21.94039726,54.8592186,Spring,1
5/28/2027,20.85966873,28.97511673,13.64150906,8.041401863,0.899300337,94.70350647,2.754704952,3.947417736,207.1203613,207.4284821,22.11315918,54.6059494,Spring,1
5/29/2027,21.02615929,29.15404892,13.79178524,8.083453178,0.884244323,94.70881653,2.745050907,3.932463169,206.5062103,206.88237,22.28701782,54.3479538,Spring,1
5/30/2027,21.19373703,29.33468819,13.94264698,8.125260353,0.868256629,94.71395874,2.735543251,3.917728424,205.9190369,206.3691864,22.46186066,54.08550262,Spring,1
5/31/2027,21.36226845,29.51685905,14.09397984,8.166786194,0.851360977,94.71894073,2.726201296,3.903240681,205.3622894,205.8918152,22.63756371,53.81888199,Spring,1
6/1/2027,21.53160667,29.70037842,14.24566364,8.207984924,0.833587289,94.72376251,2.71704483,3.889027596,204.8392029,205.4530487,22.81398582,53.54841614,Summer,2
6/2/2027,21.7015934,29.88503647,14.39756107,8.248811722,0.814971209,94.7284317,2.708092213,3.875114918,204.3530273,205.0555725,22.99097061,53.27444458,Summer,2
6/3/2027,21.87205505,30.07061958,14.54953861,8.289214134,0.795553625,94.7329483,2.699361563,3.86152792,203.9067688,204.7017822,23.16835594,52.99729919,Summer,2
6/4/2027,22.04280472,30.25688934,14.70144749,8.329138756,0.775380969,94.73731995,2.690870285,3.848291397,203.5032043,204.3939819,23.34595871,52.71735764,Summer,2
6/5/2027,22.21365166,30.44359779,14.85312939,8.368530273,0.754503548,94.74155426,2.682634354,3.835429192,203.144928,204.1340485,23.52360153,52.43499374,Summer,2
6/6/2027,22.38438606,30.63048363,15.004426,8.407329559,0.732977092,94.74565887,2.674669504,3.822962284,202.8342285,203.9237671,23.70108032,52.15060425,Summer,2
6/7/2027,22.55479813,30.81727791,15.15517521,8.445476532,0.710860133,94.74962616,2.666989326,3.810911655,202.5730896,203.7645111,23.8781929,51.8645668,Summer,2
6/8/2027,22.72467041,31.00370598,15.30520344,8.482906342,0.688215613,94.75347137,2.65960741,3.799295425,202.3631744,203.6573639,24.05473518,51.57728958,Summer,2
6/9/2027,22.89377594,31.18948555,15.45434284,8.519557953,0.665109098,94.75719452,2.652534246,3.78813076,202.2058563,203.6031036,24.2304821,51.28915787,Summer,2
6/10/2027,23.06189156,31.3743248,15.60241604,8.555366516,0.641608357,94.76080322,2.645780325,3.777431965,202.102005,203.6021118,24.40522766,51.00057983,Summer,2
6/11/2027,23.22878647,31.55794144,15.74925137,8.590268135,0.617783725,94.76428986,2.639354229,3.767211437,202.0522003,203.6544342,24.57875252,50.71193695,Summer,2
6/12/2027,23.39423561,31.74005127,15.89467907,8.62419796,0.593706548,94.76766205,2.633261681,3.757479191,202.0566559,203.7597046,24.75082779,50.4236145,Summer,2
6/13/2027,23.55800819,31.92036629,16.03852463,8.657095909,0.569449842,94.7709198,2.627508402,3.748243332,202.115036,203.9172516,24.92124367,50.13598633,Summer,2
6/14/2027,23.71988487,32.09860992,16.1806221,8.688899994,0.545086265,94.77407074,2.6220963,3.739508629,202.2267303,204.1259003,25.08978462,49.84941101,Summer,2
6/15/2027,23.87964821,32.27451706,16.32081223,8.719554901,0.520689368,94.77710724,2.617027283,3.731276989,202.3906555,204.384201,25.25624084,49.5642395,Summer,2
6/16/2027,24.03708267,32.44781494,16.45893097,8.749004364,0.496331543,94.78003693,2.612299442,3.723547935,202.6052856,204.6903381,25.42041016,49.28081894,Summer,2
6/17/2027,24.19199181,32.61826706,16.59482956,8.777199745,0.472084969,94.78285217,2.607910633,3.716318607,202.8687134,205.0420532,25.58209229,48.99945068,Summer,2
6/18/2027,24.34417725,32.78562546,16.72837067,8.804092407,0.448020071,94.78554535,2.603854895,3.709581852,203.1786499,205.4367676,25.74110222,48.72045135,Summer,2
6/19/2027,24.4934597,32.94966888,16.85941696,8.829645157,0.42420575,94.78813171,2.60012579,3.703329086,203.5324097,205.8715668,25.89726448,48.44410706,Summer,2
6/20/2027,24.63966751,33.11019135,16.98783875,8.853818893,0.400708497,94.79059601,2.59671402,3.697548389,203.9269867,206.3432159,26.0504055,48.17068481,Summer,2
6/21/2027,24.78264236,33.26700211,17.11353302,8.876587868,0.377592862,94.7929306,2.593608618,3.692224503,204.3590088,206.8482513,26.20038414,47.90042877,Summer,2
6/22/2027,24.92224312,33.41992569,17.23638916,8.897929192,0.354920149,94.79515076,2.590796471,3.687340736,204.8247223,207.3828583,26.34704399,47.6335907,Summer,2
6/23/2027,25.05834007,33.56881332,17.35631943,8.917827606,0.332749069,94.79723358,2.588262558,3.68287611,205.3202515,207.9429932,26.4902668,47.37037659,Summer,2
6/24/2027,25.19082069,33.71352768,17.47324371,8.93627739,0.311134994,94.79919434,2.585990667,3.678807259,205.8413696,208.5244598,26.6299324,47.1109848,Summer,2
6/25/2027,25.31958961,33.85395813,17.58709717,8.953279495,0.290129334,94.80101013,2.583962202,3.675109863,206.383667,209.1228943,26.76594353,46.85560608,Summer,2
6/26/2027,25.44456482,33.99000931,17.6978302,8.968841553,0.269780934,94.8026886,2.58215785,3.671755791,206.9425659,209.7337189,26.89822006,46.60442734,Summer,2
6/27/2027,25.56568336,34.12160873,17.80539703,8.982983589,0.250133961,94.80422974,2.580555677,3.668715477,207.5133667,210.3523865,27.02668762,46.35758972,Summer,2
6/28/2027,25.68289185,34.248703,17.90977478,8.995731354,0.231229588,94.80562592,2.579134226,3.665957451,208.0913086,210.9741516,27.15128899,46.11525726,Summer,2
6/29/2027,25.79616737,34.3712616,18.010952,9.007120132,0.213104591,94.80686951,2.5778687,3.663448334,208.671524,211.5943909,27.27198792,45.87756729,Summer,2
6/30/2027,25.90548515,34.48926163,18.10892105,9.017196655,0.195792273,94.80796051,2.576735973,3.66115427,209.2492371,212.2084351,27.3887558,45.64466095,Summer,2
7/1/2027,26.01084709,34.60272217,18.2036972,9.026010513,0.179322422,94.80890656,2.575710058,3.659039021,209.8196716,212.811676,27.50157928,45.41666412,Summer,2
7/2/2027,26.11226463,34.71165085,18.29530334,9.033625603,0.163720712,94.80969238,2.574765682,3.657065392,210.3781128,213.399704,27.61046028,45.19372559,Summer,2
7/3/2027,26.20976448,34.81609726,18.38376617,9.040111542,0.149010047,94.81033325,2.573877096,3.65519762,210.9200592,213.9681396,27.71540451,44.97595978,Summer,2
7/4/2027,26.30338287,34.91609955,18.46913528,9.045546532,0.13520889,94.8108139,2.573017597,3.653397083,211.4411926,214.5128784,27.81644058,44.76350403,Summer,2
7/5/2027,26.39317131,35.01173019,18.55146408,9.050016403,0.122334056,94.81114197,2.572162151,3.651627064,211.9373779,215.030014,27.91359901,44.55651093,Summer,2
7/6/2027,26.47917938,35.10307312,18.63080978,9.053611755,0.110397726,94.81132507,2.571284533,3.649850845,212.4047089,215.5159302,28.00691414,44.35511398,Summer,2
7/7/2027,26.5614872,35.19018936,18.70724106,9.056434631,0.099410422,94.81135559,2.570360422,3.648031712,212.8397217,215.9673004,28.09644508,44.15948868,Summer,2
7/8/2027,26.64015961,35.27319717,18.78083038,9.058588028,0.089380108,94.81124878,2.569365025,3.646134853,213.2391205,216.3810883,28.18223381,43.96979904,Summer,2
7/9/2027,26.71527863,35.35218048,18.85165787,9.060181618,0.080312036,94.81099701,2.56827569,3.644125462,213.6001434,216.7546997,28.26434135,43.78623199,Summer,2
7/10/2027,26.78692436,35.42724609,18.9197998,9.061331749,0.072209924,94.81061554,2.567070007,3.641972065,213.9203339,217.0858765,28.34283257,43.60899353,Summer,2
7/11/2027,26.85518265,35.49848938,18.98534393,9.062156677,0.065075487,94.810112,2.565728188,3.639644146,214.1976471,217.3727875,28.41776085,43.43830872,Summer,2
7/12/2027,26.92013741,35.56602478,19.04837799,9.062775612,0.058909245,94.80947876,2.564230919,3.637113571,214.4305573,217.6139832,28.48919868,43.27440643,Summer,2
7/13/2027,26.98186874,35.62993622,19.10898209,9.063312531,0.053710166,94.80873871,2.562561512,3.634354591,214.617981,217.8085022,28.55719566,43.11756134,Summer,2
7/14/2027,27.04045296,35.69032669,19.16723251,9.063890457,0.049477048,94.80789948,2.560704708,3.631344795,214.7592468,217.9558716,28.62181282,42.96805573,Summer,2
7/15/2027,27.09597206,35.74728012,19.2232132,9.064632416,0.046206575,94.80696106,2.558647871,3.628063679,214.854248,218.0560455,28.68309975,42.82618713,Summer,2
7/16/2027,27.14849091,35.80087662,19.27699661,9.065660477,0.043896802,94.80593872,2.556380033,3.624495029,214.9033356,218.1093292,28.74110413,42.69228363,Summer,2
7/17/2027,27.19806671,35.85118103,19.32864761,9.067095757,0.042544294,94.80484772,2.553893328,3.620625973,214.9073639,218.1166687,28.79586029,42.5667038,Summer,2
7/18/2027,27.2447567,35.89825821,19.37822723,9.069055557,0.042146083,94.80370331,2.551181793,3.616446018,214.8675842,218.079361,28.84739876,42.44981384,Summer,2
7/19/2027,27.2885952,35.94213486,19.42578506,9.071651459,0.042699303,94.80249786,2.548242331,3.611948967,214.7858276,217.9991455,28.89573669,42.34200287,Summer,2
7/20/2027,27.32961464,35.98284531,19.4713707,9.074993134,0.044200867,94.8012619,2.545074463,3.607133389,214.6643219,217.8782501,28.94088554,42.24369049,Summer,2
7/21/2027,27.36783218,36.02040482,19.51501083,9.079179764,0.04664883,94.80000305,2.541680098,3.60199976,214.5056763,217.7191925,28.98284149,42.15530396,Summer,2
7/22/2027,27.40324783,36.05480576,19.55672836,9.084306717,0.050041366,94.79872894,2.538064003,3.596554279,214.3130035,217.5249939,29.02158928,42.07728195,Summer,2
7/23/2027,27.43585587,36.08602524,19.59653091,9.090463638,0.054376639,94.79746246,2.534233809,3.590805054,214.0897522,217.2989502,29.05709839,42.01009369,Summer,2
7/24/2027,27.46562576,36.11401367,19.63441467,9.097724915,0.059654195,94.79620361,2.530199289,3.584766388,213.8396606,217.0447083,29.08932686,41.95420074,Summer,2
7/25/2027,27.49251938,36.13873291,19.67036819,9.106161118,0.06587369,94.79496765,2.525972843,3.578454018,213.566864,216.7662354,29.11822128,41.91008759,Summer,2
7/26/2027,27.51648712,36.16008377,19.70436096,9.115833282,0.073035233,94.79376984,2.521569252,3.571887493,213.2757111,216.4677124,29.143713,41.87823486,Summer,2
7/27/2027,27.53745461,36.17798233,19.73635864,9.126785278,0.08113946,94.7926178,2.517006159,3.56509161,212.9707489,216.1535492,29.16572571,41.8591156,Summer,2
7/28/2027,27.555336,36.19232178,19.76629639,9.139057159,0.090186656,94.79151917,2.51230216,3.558093071,212.6567535,215.8283081,29.18415833,41.85321808,Summer,2
7/29/2027,27.57004356,36.2029686,19.79411316,9.152671814,0.100178197,94.79049683,2.507479429,3.550920963,212.3386841,215.4967346,29.19890976,41.86102295,Summer,2
7/30/2027,27.58146286,36.20978546,19.81973648,9.167644501,0.111114874,94.78954315,2.502560616,3.543609142,212.0214233,215.16362,29.20985794,41.88298035,Summer,2
7/31/2027,27.58947182,36.21260834,19.84307098,9.18397522,0.122996978,94.78868103,2.497570753,3.536192417,211.7100525,214.8337708,29.21688271,41.91954041,Summer,2
8/1/2027,27.59393883,36.21127701,19.86401367,9.20165062,0.135824919,94.78791046,2.49253583,3.528707981,211.4095917,214.5120239,29.21983528,41.97111511,Summer,2
8/2/2027,27.59471893,36.20560455,19.88245773,9.220648766,0.149597868,94.78723145,2.487483263,3.521195412,211.1249084,214.2031555,29.21858215,42.0381279,Summer,2
8/3/2027,27.59166718,36.19540405,19.8982811,9.240932465,0.164314434,94.78666687,2.482441902,3.513696194,210.8608704,213.91185,29.21296692,42.12094116,Summer,2
8/4/2027,27.58462334,36.18048477,19.91135788,9.262451172,0.179971844,94.78620148,2.477439642,3.506251812,210.6221619,213.6426392,29.20283318,42.21989059,Summer,2
8/5/2027,27.5734272,36.16064453,19.92155075,9.285144806,0.196565866,94.78585815,2.472506762,3.498905182,210.4131775,213.3998413,29.18802452,42.33527374,Summer,2
8/6/2027,27.55791283,36.13567734,19.92872238,9.308939934,0.214090005,94.78562164,2.467672348,3.491700649,210.2381439,213.187561,29.1683712,42.46734619,Summer,2
8/7/2027,27.53791809,36.10539246,19.93272781,9.333753586,0.232536554,94.78549957,2.462965727,3.484680653,210.1009827,213.0096741,29.14372063,42.61631775,Summer,2
8/8/2027,27.51327705,36.06957626,19.93342209,9.359488487,0.251894742,94.78549957,2.458415508,3.477888584,210.0052185,212.8696747,29.11390686,42.78234482,Summer,2
8/9/2027,27.48382568,36.02804947,19.93065262,9.386040688,0.2721515,94.78561401,2.454050541,3.471367359,209.9540558,212.770752,29.07877541,42.96554565,Summer,2
8/10/2027,27.44940948,35.98062134,19.92427444,9.413295746,0.293290496,94.78583527,2.449897289,3.465157032,209.9503021,212.7157288,29.0381813,43.16594696,Summer,2
8/11/2027,27.40988159,35.92711258,19.91415405,9.441127777,0.315292567,94.78617096,2.445982218,3.459298611,209.9962616,212.7069855,28.99197769,43.38354492,Summer,2
8/12/2027,27.36510086,35.86736679,19.90013504,9.469408989,0.338135421,94.78660583,2.442329407,3.453829288,210.0938263,212.7465363,28.94003868,43.6182518,Summer,2
8/13/2027,27.3149395,35.80123901,19.88209534,9.497999191,0.361792564,94.78714752,2.438961506,3.448784351,210.2444305,212.8359222,28.88224411,43.8699379,Summer,2
8/14/2027,27.25927544,35.72859192,19.85990143,9.526752472,0.386233926,94.78778839,2.435899734,3.444197655,210.4489288,212.9761505,28.81848145,44.13837051,Summer,2
8/15/2027,27.19802475,35.64932632,19.83343887,9.555522919,0.411425829,94.78851318,2.433162212,3.440097809,210.7077484,213.1678619,28.74867058,44.42327881,Summer,2
8/16/2027,27.13109207,35.56335449,19.80260468,9.584154129,0.437330395,94.7893219,2.43076539,3.436512947,211.020752,213.4111481,28.67272758,44.72431564,Summer,2
8/17/2027,27.05841637,35.47061539,19.76729965,9.612493515,0.463905483,94.79020691,2.428722382,3.433465958,211.3873444,213.7056732,28.5906086,45.04105377,Summer,2
8/18/2027,26.97995567,35.37106705,19.72743988,9.640380859,0.491105229,94.79116058,2.42704463,3.430976391,211.8063049,214.0505524,28.50227547,45.3730011,Summer,2
8/19/2027,26.89568901,35.26470947,19.68296432,9.667657852,0.518878877,94.79216766,2.425739765,3.429060936,212.2760162,214.4444733,28.40771294,45.71960449,Summer,2
8/20/2027,26.80561638,35.15156174,19.63381958,9.694169044,0.547172487,94.79323578,2.424813509,3.427730083,212.7943726,214.8856659,28.30693054,46.08022308,Summer,2
8/21/2027,26.70976448,35.03167343,19.57997513,9.71975708,0.575927615,94.79434204,2.424267769,3.426992416,213.3587036,215.3718719,28.19996834,46.45417786,Summer,2
8/22/2027,26.60817909,34.90512466,19.5214119,9.744268417,0.605081975,94.79549408,2.42410183,3.426850796,213.9659882,215.9004517,28.08687401,46.84070206,Summer,2
8/23/2027,26.50093842,34.77203369,19.45813751,9.767555237,0.634569764,94.79666138,2.424311638,3.427304745,214.6127625,216.468338,27.9677372,47.23898315,Summer,2
8/24/2027,26.38814354,34.63254547,19.39016724,9.789469719,0.664321363,94.79785919,2.424890518,3.428349495,215.295166,217.0720825,27.84265709,47.64813995,Summer,2
8/25/2027,26.26991653,34.48683167,19.31755447,9.809875488,0.694264472,94.79907227,2.425829172,3.429974079,216.0089569,217.7079773,27.71176529,48.06725311,Summer,2
8/26/2027,26.1464119,34.33510208,19.24035263,9.828641891,0.72432363,94.80028534,2.427114487,3.4321661,216.7496796,218.3718872,27.57522392,48.49534988,Summer,2
8/27/2027,26.01780319,34.17759323,19.15864563,9.84564209,0.754420817,94.80149841,2.428731203,3.43490839,217.5125275,219.0595093,27.43320465,48.93141174,Summer,2
8/28/2027,25.88429642,34.01457214,19.07253265,9.860760689,0.784475565,94.80271149,2.430661201,3.438178062,218.2924805,219.7662506,27.28591156,49.37437439,Summer,2
8/29/2027,25.74610329,33.84633255,18.98213577,9.873890877,0.814406455,94.80391693,2.432884216,3.441951752,219.0844269,220.4873962,27.13356972,49.82316971,Summer,2
8/30/2027,25.60348129,33.67320251,18.88759995,9.884935379,0.84412992,94.80510712,2.435377359,3.446199417,219.8830109,221.2180481,26.97642708,50.27666473,Summer,2
8/31/2027,25.45668983,33.49551392,18.78907013,9.893806458,0.873562038,94.80628204,2.438116074,3.450890541,220.6828918,221.9532471,26.81474686,50.73373413,Summer,2
9/1/2027,25.30601692,33.31364441,18.68673325,9.900429726,0.902618647,94.80743408,2.441073179,3.455989838,221.4786987,222.6880188,26.64881325,51.19324112,Autumn,3
9/2/2027,25.15176201,33.12797928,18.5807724,9.904738426,0.931215286,94.80857086,2.444221258,3.461462021,222.2650452,223.4172821,26.47892761,51.65402603,Autumn,3
9/3/2027,24.99424744,32.9389267,18.47138977,9.906679153,0.959268987,94.80968475,2.447530985,3.467266083,223.0366974,224.1361084,26.30540657,52.11494446,Autumn,3
9/4/2027,24.83379936,32.74690247,18.35881424,9.906211853,0.986697316,94.81078339,2.450970888,3.473362923,223.7885284,224.8396759,26.12857246,52.57484818,Autumn,3
9/5/2027,24.67076302,32.55233002,18.24325943,9.903302193,1.013420343,94.8118515,2.454511166,3.479710102,224.5155487,225.5233002,25.9487648,53.03261948,Autumn,3
9/6/2027,24.50548172,32.35565948,18.12497711,9.89793396,1.039359927,94.81291199,2.458119631,3.486264706,225.2130585,226.1823883,25.76633453,53.4871521,Autumn,3
9/7/2027,24.33831596,32.15732956,18.00421143,9.890096664,1.064441442,94.81394958,2.461765289,3.492983818,225.8766174,226.8127289,25.5816288,53.9373703,Autumn,3
9/8/2027,24.16962051,31.95778847,17.88121033,9.879796028,1.088593245,94.81497955,2.465416193,3.499824524,226.5021362,227.4103088,25.39499474,54.3822403,Autumn,3
9/9/2027,23.99975014,31.75747108,17.75624084,9.867046356,1.11174798,94.81600189,2.46904254,3.506742954,227.0858459,227.9714508,25.20679283,54.82075882,Autumn,3
9/10/2027,23.8290596,31.55682373,17.62955093,9.85187149,1.133842587,94.8170166,2.472614288,3.513698578,227.6243591,228.4927826,25.01736832,55.25198364,Autumn,3
9/11/2027,23.65790176,31.35626602,17.50140762,9.834306717,1.154819012,94.81803894,2.476103544,3.52064991,228.1148071,228.9713898,24.82707405,55.67503357,Autumn,3
9/12/2027,23.48661041,31.15621758,17.37207031,9.814395905,1.17462492,94.81906128,2.479482889,3.527559757,228.5546875,229.4047241,24.6362381,56.08905411,Autumn,3
9/13/2027,23.31551552,30.95708275,17.24178314,9.792193413,1.193213344,94.82009888,2.482727766,3.534390926,228.9420013,229.7906494,24.44519424,56.49330139,Autumn,3
9/14/2027,23.1449337,30.75923157,17.11079788,9.767759323,1.210543752,94.82115173,2.485815048,3.541110039,229.2753448,230.1275482,24.25424957,56.88707352,Autumn,3
9/15/2027,22.97515678,30.56303024,16.97935104,9.741161346,1.226581693,94.82222748,2.488724709,3.5476861,229.5536652,230.4141693,24.06370544,57.26974487,Autumn,3
9/16/2027,22.80646515,30.36880684,16.84766769,9.712474823,1.241300106,94.82332611,2.491439104,3.55409193,229.7765808,230.6498566,23.87384224,57.64078522,Autumn,3
9/17/2027,22.63911629,30.17686462,16.71596909,9.681781769,1.254678488,94.82446289,2.493942738,3.560304642,229.9441681,230.8343811,23.68491936,57.99972916,Autumn,3
9/18/2027,22.47333908,29.98748207,16.58444977,9.649167061,1.266703367,94.82563782,2.496224642,3.566303253,230.0570679,230.9679871,23.49717331,58.34619904,Autumn,3
9/19/2027,22.30934143,29.80089378,16.45329285,9.614718437,1.277368903,94.82685089,2.49827528,3.572073936,230.116394,231.0514374,23.31081581,58.67991257,Autumn,3
9/20/2027,22.14730263,29.61730766,16.32266998,9.578531265,1.286676526,94.82810974,2.500090599,3.577604294,230.1238708,231.0859833,23.12603569,59.00065613,Autumn,3
9/21/2027,21.98737144,29.43688774,16.19272232,9.540699959,1.294634819,94.829422,2.501668215,3.582888603,230.0815582,231.0732727,22.94299889,59.30833054,Autumn,3
9/22/2027,21.82966995,29.25976753,16.06357956,9.501319885,1.301259398,94.83078003,2.503010035,3.587924957,229.9921875,231.0154877,22.76182747,59.6028862,Autumn,3
9/23/2027,21.67428017,29.08603287,15.93535328,9.460485458,1.306573629,94.83219147,2.504121304,3.592717171,229.8587799,230.9152069,22.58263206,59.88440323,Autumn,3
9/24/2027,21.52126312,28.91573524,15.80811977,9.418294907,1.310607195,94.83364868,2.50501132,3.597271919,229.684845,230.7753906,22.40548515,60.15301514,Autumn,3
9/25/2027,21.3706398,28.74888039,15.68193913,9.374843597,1.313397169,94.8351593,2.50569272,3.601603031,229.4742889,230.5993805,22.23042297,60.40895462,Autumn,3
9/26/2027,21.22240067,28.58544159,15.55685329,9.330223083,1.314986348,94.8367157,2.506181479,3.605727196,229.2313232,230.3908691,22.05746269,60.65253067,Autumn,3
9/27/2027,21.07650375,28.42534256,15.43287373,9.28452301,1.315424085,94.83831787,2.506497145,3.609666824,228.9605103,230.1538696,21.88658905,60.88412857,Autumn,3
9/28/2027,20.93287277,28.26847076,15.30999088,9.237829208,1.314765453,94.83995819,2.506662369,3.61344862,228.6666412,229.8926544,21.71774673,61.1042099,Autumn,3
9/29/2027,20.79140472,28.11467743,15.18817043,9.190223694,1.313070416,94.84162903,2.5067029,3.617102623,228.3547516,229.6117096,21.55086517,61.31329727,Autumn,3
9/30/2027,20.65196037,27.96377373,15.06735897,9.141786575,1.310404181,94.84332275,2.506647587,3.62066412,228.0299988,229.3157196,21.38583565,61.51198578,Autumn,3
10/1/2027,20.5143795,27.81553459,14.94747448,9.092588425,1.306835771,94.84503937,2.506527901,3.624171257,227.6977234,229.0094757,21.22252464,61.70093918,Autumn,3
10/2/2027,20.37846375,27.66970253,14.82841396,9.042695999,1.302438617,94.84675598,2.506376982,3.627665997,227.3633118,228.6978912,21.06077957,61.88084412,Autumn,3
10/3/2027,20.24399948,27.52599144,14.71006489,8.992170334,1.297288179,94.8484726,2.506231308,3.631192684,227.0321045,228.3859863,20.90041161,62.0524559,Autumn,3
10/4/2027,20.11074448,27.38408661,14.5922842,8.941067696,1.291463614,94.85017395,2.50612855,3.634798527,226.7095184,228.0786438,20.74122238,62.21657181,Autumn,3
10/5/2027,19.97843742,27.24364853,14.4749136,8.889434814,1.285044909,94.85184479,2.50610733,3.638532639,226.4007874,227.7808228,20.58298683,62.37401199,Autumn,3
10/6/2027,19.84679985,27.10430908,14.3577795,8.837316513,1.278114319,94.85346985,2.50620842,3.642446518,226.1110535,227.4973145,20.42546463,62.52563477,Autumn,3
10/7/2027,19.7155304,26.96569061,14.24069881,8.784748077,1.270754099,94.85503387,2.506472588,3.64659214,225.8452759,227.2328339,20.26840591,62.67230225,Autumn,3
10/8/2027,19.58432579,26.8273983,14.12347126,8.731758118,1.263046384,94.85652924,2.50694108,3.651021481,225.6081696,226.9918671,20.11153793,62.81489182,Autumn,3
10/9/2027,19.45286751,26.68902016,14.00588703,8.678372383,1.25507319,94.85793304,2.507655144,3.655788422,225.4041595,226.7786407,19.95458603,62.95429993,Autumn,3
10/10/2027,19.3208313,26.55014801,13.8877306,8.624607086,1.246914625,94.85922241,2.508656502,3.660944939,225.237381,226.5972595,19.79727364,63.09140396,Autumn,3
10/11/2027,19.18789101,26.41036034,13.7687788,8.570476532,1.238649607,94.86039734,2.509984016,3.666541576,225.1116028,226.451355,19.63931084,63.2270813,Autumn,3
10/12/2027,19.05371475,26.26924324,13.64881039,8.515987396,1.230353951,94.86143494,2.511677504,3.672629356,225.0302124,226.3443909,19.48041344,63.36219406,Autumn,3
10/13/2027,18.91798592,26.12638855,13.52759838,8.46114254,1.222100735,94.86231232,2.513773918,3.679255962,224.9961548,226.2793121,19.32030296,63.49756622,Autumn,3
10/14/2027,18.78038406,25.98138809,13.40491962,8.40594101,1.213959098,94.86301422,2.516309023,3.686466694,225.0119476,226.2587891,19.15869713,63.63401031,Autumn,3
10/15/2027,18.64060211,25.83385658,13.28055286,8.350376129,1.205995083,94.86354065,2.519315481,3.694303989,225.0796509,226.2850037,18.99533463,63.77229309,Autumn,3
10/16/2027,18.49835205,25.68342781,13.15429211,8.29444313,1.198269248,94.86385345,2.522823572,3.702805996,225.2007751,226.359787,18.82995796,63.91315079,Autumn,3
10/17/2027,18.3533535,25.52974319,13.02592945,8.238128662,1.190837622,94.86396027,2.526861191,3.712008953,225.3764038,226.4844513,18.66232491,64.05725098,Autumn,3
10/18/2027,18.20535278,25.37247849,12.89527416,8.181423187,1.183751106,94.86384583,2.531451941,3.721941948,225.6071625,226.6598358,18.49221802,64.20521545,Autumn,3
10/19/2027,18.05411339,25.21133614,12.76215267,8.124311447,1.177054882,94.86348724,2.536617041,3.732631683,225.8929596,226.8863983,18.3194294,64.35762787,Autumn,3
10/20/2027,17.89942741,25.04605103,12.62640285,8.066781998,1.170789003,94.86289215,2.542372227,3.744098663,226.233429,227.1641083,18.14378166,64.51500702,Autumn,3
10/21/2027,17.74111176,24.87638474,12.48787975,8.008821487,1.16498673,94.86203766,2.54873085,3.75635767,226.6276093,227.4924011,17.96511841,64.67778015,Autumn,3
10/22/2027,17.57901764,24.70214462,12.3464632,7.950417995,1.159675717,94.8609314,2.555701017,3.769418716,227.0740204,227.8703918,17.78330994,64.84634399,Autumn,3
10/23/2027,17.41302109,24.52316284,12.2020483,7.891561031,1.154877424,94.85956573,2.56328702,3.783285618,227.570755,228.2966003,17.59825706,65.02099609,Autumn,3
10/24/2027,17.24303627,24.33933258,12.05455875,7.832244396,1.150607586,94.85793304,2.571487665,3.797955513,228.115448,228.7692261,17.40988922,65.20198822,Autumn,3
10/25/2027,17.06900978,24.15056801,11.90394306,7.772461891,1.146875501,94.85604858,2.580298662,3.813419819,228.7053223,229.2860413,17.21816826,65.38949585,Autumn,3
10/26/2027,16.89092445,23.95684242,11.75016785,7.712212563,1.143684745,94.85391235,2.589710236,3.829664707,229.3372192,229.8444214,17.02308083,65.58361053,Autumn,3
10/27/2027,16.70880127,23.75816345,11.59323215,7.651501656,1.141032815,94.85153198,2.599707603,3.846667767,230.0075531,230.4414215,16.82466125,65.78436279,Autumn,3
10/28/2027,16.52269363,23.55458832,11.43316078,7.590335846,1.138912559,94.8489151,2.610272884,3.864403248,230.7125092,231.0737152,16.62296104,65.99169922,Autumn,3
10/29/2027,16.33269882,23.3462162,11.27000618,7.528728008,1.137310863,94.84606934,2.621381998,3.882837296,231.447876,231.7377167,16.41807365,66.20553589,Autumn,3
10/30/2027,16.13894081,23.13319397,11.1038475,7.466697693,1.136209846,94.84301758,2.633007526,3.901930809,232.2093353,232.4295807,16.21012497,66.42567444,Autumn,3
10/31/2027,15.94159031,22.91570473,10.93479538,7.404268265,1.135587811,94.83977509,2.64511776,3.921639919,232.9922638,233.1452942,15.99927044,66.65188599,Autumn,3
11/1/2027,15.74084377,22.69398689,10.76297569,7.341471195,1.135418057,94.83636475,2.657676935,3.941914082,233.7919312,233.8805847,15.7857008,66.8838501,Autumn,3
11/2/2027,15.53693867,22.46830368,10.58855438,7.278342724,1.13567102,94.83280182,2.670645475,3.962697983,234.6034698,234.631073,15.56963253,67.12122345,Autumn,3
11/3/2027,15.33014011,22.2389679,10.41171741,7.214925766,1.136313677,94.82912445,2.683979988,3.983932018,235.4220276,235.3922882,15.35131359,67.36358643,Autumn,3
11/4/2027,15.12074757,22.00633049,10.23267365,7.151269913,1.137310982,94.8253479,2.697634935,4.005552292,236.24263,236.1597443,15.13102245,67.61048889,Autumn,3
11/5/2027,14.909091,21.77076912,10.05165672,7.087430954,1.138624787,94.82150269,2.711560965,4.027490139,237.0604248,236.9289398,14.90905666,67.86140442,Autumn,3
11/6/2027,14.69551659,21.53269768,9.868923187,7.023469448,1.140216589,94.81762695,2.725706577,4.049675465,237.8706512,237.6952972,14.68574238,68.11579895,Autumn,3
11/7/2027,14.48040771,21.29255295,9.684746742,6.959454536,1.142046094,94.81375122,2.740017653,4.072032928,238.6685791,238.454483,14.46142387,68.37308502,Autumn,3
11/8/2027,14.26415634,21.05080795,9.499423981,6.895458221,1.144073129,94.80991364,2.754439831,4.09448719,239.4497833,239.2021637,14.23646832,68.63265991,Autumn,3
11/9/2027,14.04718018,20.80794525,9.313260078,6.831559181,1.146257758,94.80614471,2.768915653,4.116959572,240.2099304,239.9342194,14.01124859,68.89389038,Autumn,3
11/10/2027,13.82991028,20.56447029,9.126583099,6.767840862,1.148560166,94.8024826,2.783388138,4.139370441,240.9449921,240.6466522,13.78616524,69.15613556,Autumn,3
11/11/2027,13.61278629,20.32090187,8.939725876,6.704390049,1.150942802,94.79896545,2.797798872,4.161640644,241.6512756,241.3358154,13.56161404,69.41871643,Autumn,3
11/12/2027,13.39626122,20.07776833,8.753032684,6.641297817,1.153368831,94.79563904,2.812090635,4.183690548,242.3253326,241.9981689,13.33800793,69.68099976,Autumn,3
11/13/2027,13.18078613,19.83560753,8.566854477,6.578658581,1.155804396,94.79252625,2.826205492,4.205440521,242.9640808,242.6306,13.1157608,69.942276,Autumn,3
11/14/2027,12.96681881,19.59494781,8.381546021,6.516568184,1.158218145,94.78968048,2.840087175,4.226813793,243.5648499,243.2302551,12.89528465,70.20193481,Autumn,3
11/15/2027,12.7548151,19.35632515,8.197465897,6.455124855,1.160581708,94.78712463,2.853680611,4.24773407,244.1253815,243.7945557,12.67699528,70.45928192,Autumn,3
11/16/2027,12.54521656,19.12026978,8.014964104,6.394428253,1.162870646,94.78490448,2.866932392,4.268127918,244.6437378,244.3213959,12.46129227,70.7137146,Autumn,3
11/17/2027,12.33846664,18.88729095,7.834393501,6.334576607,1.165063739,94.78305817,2.87979126,4.287926197,245.1184998,244.8089752,12.24857616,70.96460724,Autumn,3
11/18/2027,12.13498974,18.65789223,7.656100273,6.275668144,1.16714406,94.78160858,2.892208815,4.307061195,245.5486603,245.2558441,12.03923512,71.21138,Autumn,3
11/19/2027,11.93519688,18.43255615,7.480418205,6.21780014,1.169099689,94.78058624,2.904139757,4.325471401,245.9336243,245.6611176,11.83363914,71.45346069,Autumn,3
11/20/2027,11.73948002,18.21174812,7.307672501,6.161067963,1.170922399,94.78003693,2.915541172,4.34309864,246.2732849,246.0240326,11.63213921,71.69035339,Autumn,3
11/21/2027,11.54821014,17.99589729,7.13817215,6.105561733,1.172608614,94.77996826,2.926375389,4.359890461,246.5679321,246.3444519,11.43507576,71.92155457,Autumn,3
11/22/2027,11.36173153,17.78541374,6.97220993,6.051369667,1.174159884,94.7804184,2.936606884,4.375799656,246.8182678,246.6225586,11.24275589,72.1466217,Autumn,3
11/23/2027,11.1803627,17.58067322,6.810062408,5.998576164,1.17558217,94.78139496,2.946206093,4.390785217,247.0254364,246.8588409,11.05546951,72.36515808,Autumn,3
11/24/2027,11.00439548,17.38201904,6.651985168,5.947257042,1.176886439,94.78292084,2.955146313,4.404810905,247.1910095,247.0543213,10.8734808,72.57679749,Autumn,3
11/25/2027,10.83408928,17.18975449,6.498209953,5.897485733,1.178087473,94.78501129,2.963406801,4.417849541,247.3168488,247.2102051,10.69702053,72.78123474,Autumn,3
11/26/2027,10.6696701,17.0041523,6.348950386,5.849325657,1.179204822,94.78767395,2.970970631,4.429876804,247.4051819,247.328125,10.5262928,72.97821045,Autumn,3
11/27/2027,10.51132965,16.82543945,6.204386711,5.802835464,1.180262089,94.79091644,2.977826357,4.440879345,247.4585571,247.4100342,10.36147308,73.16750336,Autumn,3
11/28/2027,10.35922337,16.65380859,6.064679146,5.758065224,1.181286931,94.79473877,2.983967304,4.450847626,247.4799042,247.4581451,10.20270252,73.34895325,Autumn,3
11/29/2027,10.21347427,16.48939705,5.929962158,5.715055943,1.182309985,94.7991333,2.989391327,4.459780216,247.4722137,247.4749756,10.05009174,73.52244568,Autumn,3
11/30/2027,10.07416725,16.33231926,5.800337791,5.673841,1.183365464,94.80410004,2.994102478,4.467682838,247.4388885,247.4631653,9.903716087,73.68789673,Autumn,3
12/1/2027,9.941352844,16.18263435,5.675882339,5.634444237,1.184490204,94.80961609,2.998108625,4.474566936,247.3833466,247.4256897,9.76362133,73.8453064,Winter,0
12/2/2027,9.815040588,16.04036713,5.556647301,5.596881866,1.185722947,94.81567383,3.001422644,4.480451584,247.3092194,247.3656311,9.629820824,73.99467468,Winter,0
12/3/2027,9.695205688,15.90549183,5.442646027,5.561157227,1.18710506,94.822258,3.004062891,4.485362053,247.2202301,247.2862091,9.502289772,74.13608551,Winter,0
12/4/2027,9.581787109,15.77795124,5.333874702,5.527267456,1.188678265,94.82933044,3.006051302,4.489330292,247.1201782,247.1907501,9.38098526,74.26964569,Winter,0
12/5/2027,9.474697113,15.65764904,5.230296135,5.495199203,1.190485477,94.83687592,3.007414579,4.492393017,247.0127716,247.08255,9.265817642,74.39548492,Winter,0
12/6/2027,9.373806,15.5444479,5.131847382,5.46492815,1.192569733,94.84484863,3.008183479,4.494594574,246.901825,246.9650879,9.156683922,74.51379395,Winter,0
12/7/2027,9.278961182,15.43817616,5.038443565,5.436425209,1.194973707,94.85321045,3.008393049,4.49598217,246.7910156,246.8417053,9.053442001,74.62478638,Winter,0
12/8/2027,9.189974785,15.33862972,4.949968338,5.409647465,1.197739124,94.86193848,3.008081198,4.496609688,246.6838684,246.7157898,8.955931664,74.72868347,Winter,0
12/9/2027,9.106635094,15.2455759,4.866289139,5.38454628,1.200906038,94.87096405,3.007288933,4.496534824,246.5838623,246.5905151,8.863965034,74.82575989,Winter,0
12/10/2027,9.028705597,15.15875626,4.78724575,5.361063957,1.204513073,94.88026428,3.0060606,4.495819092,246.4942322,246.469101,8.777337074,74.91631317,Winter,0
12/11/2027,8.955928802,15.07787895,4.712662697,5.33913517,1.208595395,94.88977051,3.004443407,4.494526386,246.4179688,246.3544922,8.695817947,75.00062561,Winter,0
12/12/2027,8.888025284,15.00263882,4.642347336,5.318689346,1.213186026,94.89943695,3.00248456,4.492725372,246.3579102,246.2495575,8.619169235,75.07901764,Winter,0
12/13/2027,8.824701309,14.93270969,4.576084137,5.299646378,1.218313456,94.90921021,3.000235558,4.490485191,246.3165436,246.1568604,8.547129631,75.15181732,Winter,0
12/14/2027,8.765652657,14.86775398,4.513653755,5.281923294,1.224003196,94.91902924,2.997747421,4.487877369,246.2960815,246.0788116,8.479432106,75.21934509,Winter,0
12/15/2027,8.710557938,14.80741596,4.454815865,5.265429497,1.230275154,94.92884064,2.995072365,4.484974861,246.2984314,246.0175629,8.415800095,75.28193665,Winter,0
12/16/2027,8.65909481,14.75134182,4.399327278,5.250073433,1.237145305,94.938591,2.992263317,4.481850147,246.3251343,245.9749756,8.355949402,75.33991241,Winter,0
12/17/2027,8.610938072,14.69916344,4.346938133,5.235757351,1.244623899,94.94820404,2.989372492,4.478575706,246.3774414,245.9526825,8.299595833,75.39359283,Winter,0
12/18/2027,8.565750122,14.65052319,4.297390938,5.222381592,1.252716303,94.9576416,2.986452579,4.475224495,246.456192,245.9519196,8.246453285,75.44328308,Winter,0
12/19/2027,8.523208618,14.60505199,4.250423431,5.20984745,1.261421919,94.96682739,2.983553886,4.471866131,246.5618439,245.9737091,8.196233749,75.4892807,Winter,0
12/20/2027,8.482992172,14.56240177,4.205783844,5.198051453,1.270733953,94.97571564,2.980727196,4.468569756,246.6945801,246.0187225,8.148666382,75.53186798,Winter,0
12/21/2027,8.444786072,14.52222633,4.163215637,5.186893463,1.280640364,94.9842453,2.978019714,4.465401649,246.854126,246.087326,8.10347271,75.57129669,Winter,0
12/22/2027,8.408284187,14.48419476,4.122466087,5.176272392,1.291122437,94.99236298,2.975477934,4.462425709,247.0399017,246.1796265,8.060400963,75.6078186,Winter,0
12/23/2027,8.37320137,14.44798756,4.083295822,5.166090965,1.302156329,95.00001526,2.973145485,4.459701538,247.2509918,246.2952881,8.019195557,75.64164734,Winter,0
12/24/2027,8.339262009,14.4133091,4.045469284,5.156253338,1.313711047,95.00715637,2.971063614,4.457284451,247.4861298,246.4338226,7.979623795,75.67294312,Winter,0
12/25/2027,8.306212425,14.37988377,4.008765221,5.146666527,1.325751066,95.01373291,2.969269276,4.455227375,247.7437286,246.5943909,7.941473961,75.7019043,Winter,0
12/26/2027,8.273814201,14.34745693,3.972973824,5.137244701,1.338234425,95.01970673,2.967797756,4.453577518,248.0219574,246.7758789,7.904540062,75.72865295,Winter,0
12/27/2027,8.241859436,14.31579876,3.937900543,5.127904892,1.351114154,95.02503204,2.966679096,4.452375889,248.318634,246.976944,7.868649483,75.7532959,Winter,0
12/28/2027,8.210161209,14.28470707,3.903371811,5.118570328,1.364338279,95.02968597,2.965941191,4.451660156,248.6314087,247.1959686,7.83364296,75.77589417,Winter,0
12/29/2027,8.17855072,14.25401115,3.869222164,5.109170914,1.377850056,95.03362274,2.965606689,4.451461315,248.9577484,247.4311371,7.799386978,75.79650879,Winter,0
12/30/2027,8.146894455,14.22357273,3.835315704,5.099644661,1.39158833,95.03682709,2.965694666,4.451804638,249.2948456,247.6804504,7.765771866,75.81515503,Winter,0
12/31/2027,8.115083694,14.19326591,3.801525116,5.089935303,1.40548861,95.03926849,2.966220379,4.452711105,249.6397705,247.9417572,7.732705116,75.83181763,Winter,0
1/1/2028,8.083040237,14.16301823,3.767756939,5.079994678,1.419482946,95.04093933,2.967193604,4.454193592,249.9896088,248.2127533,7.700128555,75.84647369,Winter,0
1/2/2028,8.050703049,14.1327734,3.73392725,5.069783211,1.433499932,95.04182434,2.968621969,4.456260681,250.3411713,248.4909973,7.66800499,75.85903931,Winter,0
1/3/2028,8.018054008,14.10251713,3.699979782,5.059273243,1.447467566,95.04191589,2.970505953,4.458913803,250.691391,248.7740173,7.636316299,75.8694458,Winter,0
1/4/2028,7.985093117,14.07225609,3.665876865,5.04843998,1.461310387,95.04121399,2.972844601,4.46214962,251.0371399,249.0592804,7.605075836,75.87756348,Winter,0
1/5/2028,7.951846123,14.04202652,3.631605625,5.0372715,1.474953651,95.03971863,2.97563076,4.465959072,251.3752899,249.344223,7.574316025,75.88327026,Winter,0
1/6/2028,7.918374062,14.01189995,3.597171783,5.025762558,1.488321424,95.0374527,2.978854418,4.4703269,251.7028351,249.6263123,7.544092178,75.88642883,Winter,0
1/7/2028,7.884757042,13.9819746,3.562603474,5.013917923,1.501338243,95.0344162,2.982501984,4.475232124,252.0168762,249.9030151,7.51448822,75.88685608,Winter,0
1/8/2028,7.851102829,13.95236778,3.527950764,5.0017519,1.513929725,95.03063965,2.986554623,4.480649948,252.3145905,250.1718903,7.485594749,75.88438416,Winter,0
1/9/2028,7.817536354,13.92322731,3.493274212,4.989284992,1.526022911,95.02614594,2.990991831,4.486550808,252.5933838,250.4306335,7.457533836,75.8788147,Winter,0
1/10/2028,7.784210205,13.89471912,3.458662033,4.976546764,1.537547827,95.02096558,2.995788336,4.492899418,252.8508759,250.6770172,7.430443764,75.8699646,Winter,0
1/11/2028,7.751289368,13.86703396,3.424215794,4.963573456,1.54843688,95.01512909,3.000916958,4.499657154,253.0848083,250.9089508,7.404463768,75.85762024,Winter,0
1/12/2028,7.718962669,13.8403759,3.39005661,4.950410843,1.558625579,95.00866699,3.006347179,4.506783009,253.2932739,251.1245422,7.379772186,75.84159851,Winter,0
1/13/2028,7.687426567,13.81496239,3.356309891,4.937108994,1.568053842,95.00164032,3.012046814,4.514230251,253.4746246,251.322113,7.356535912,75.82167053,Winter,0
1/14/2028,7.656894684,13.79102802,3.323122978,4.923725605,1.57666719,94.99408722,3.017980576,4.521951199,253.6274567,251.5001831,7.334942818,75.79766846,Winter,0
1/15/2028,7.627590179,13.76881409,3.290649891,4.910322189,1.58441484,94.98604584,3.024112463,4.529895782,253.7506714,251.6573944,7.315190315,75.76938629,Winter,0
1/16/2028,7.599742889,13.74856853,3.259055138,4.896967888,1.591252089,94.97758484,3.030404568,4.538011551,253.8435059,251.7927856,7.297470093,75.73664093,Winter,0
1/17/2028,7.573588371,13.73054409,3.228509903,4.883730888,1.597139955,94.96875,3.036818027,4.546245098,253.9055786,251.9055023,7.281989098,75.69926453,Winter,0
1/18/2028,7.549365997,13.71500206,3.19919157,4.870687962,1.602046251,94.9595871,3.043313265,4.554542065,253.9366608,251.9950714,7.268945694,75.65709686,Winter,0
1/19/2028,7.527310371,13.70218563,3.171278477,4.857915878,1.605945349,94.95017242,3.049850702,4.562848091,253.937027,252.0612183,7.258543968,75.61000061,Winter,0
1/20/2028,7.507659912,13.69234848,3.144950867,4.845491409,1.608817816,94.94055939,3.056390285,4.571107864,253.9072266,252.1038666,7.250980377,75.55786133,Winter,0
1/21/2028,7.490642548,13.68573093,3.120391846,4.833496094,1.610651612,94.93079376,3.062892437,4.579268932,253.8480377,252.1232605,7.246449471,75.50056458,Winter,0
1/22/2028,7.476488113,13.68257236,3.097778797,4.822008133,1.611441851,94.92094421,3.06931901,4.587277412,253.7606201,252.1199036,7.2451334,75.43803406,Winter,0
1/23/2028,7.46540451,13.6830864,3.077286243,4.811106205,1.611190677,94.91107178,3.075631142,4.595082283,253.6464539,252.0945282,7.247208595,75.37020874,Winter,0
1/24/2028,7.45759964,13.68748379,3.059085846,4.800867558,1.609907508,94.90122986,3.081793785,4.602634907,253.5071716,252.0480957,7.25283432,75.29705811,Winter,0
1/25/2028,7.453263283,13.69595623,3.043332577,4.791367054,1.607608914,94.89147186,3.087770939,4.609888554,253.3447876,251.9817657,7.262163162,75.21855164,Winter,0
1/26/2028,7.452568054,13.70868111,3.030183315,4.782675743,1.604317188,94.8818512,3.093530655,4.616798878,253.1614685,251.8969116,7.275335312,75.13470459,Winter,0
1/27/2028,7.455674171,13.7258091,3.019780159,4.774862766,1.600062609,94.87242889,3.099041224,4.623324871,252.9595947,251.795105,7.292466164,75.04555511,Winter,0
1/28/2028,7.462722778,13.74747849,3.012250423,4.767990112,1.594881654,94.8632431,3.104275465,4.62942934,252.741745,251.6780853,7.313661575,74.95115662,Winter,0
1/29/2028,7.473835945,13.7737999,3.007714272,4.762116909,1.588815808,94.8543396,3.109206438,4.63507843,252.5106354,251.5477295,7.339004517,74.85159302,Winter,0
1/30/2028,7.489109039,13.80486679,3.006272316,4.757295609,1.581913471,94.84577179,3.11381197,4.640241623,252.2690125,251.4059906,7.368562698,74.7469635,Winter,0
1/31/2028,7.508627892,13.84073925,3.008011818,4.753574848,1.574226975,94.83756256,3.118071556,4.644893646,252.0198364,251.2549896,7.402384758,74.63737488,Winter,0
2/1/2028,7.532449722,13.88146687,3.013006687,4.750992775,1.565814853,94.82975769,3.121967793,4.649013519,251.766037,251.0968323,7.440497398,74.52298737,Winter,0
2/2/2028,7.560608864,13.92706394,3.021315098,4.749585152,1.556738257,94.8223877,3.125487328,4.652582645,251.5105896,250.9337463,7.482913017,74.40394592,Winter,0
2/3/2028,7.593122482,13.97753334,3.032975197,4.749377251,1.547062874,94.81546783,3.128618956,4.655589581,251.2564087,250.7679138,7.529613495,74.28045654,Winter,0
2/4/2028,7.629982948,14.03283691,3.048010349,4.750388145,1.53685689,94.80902863,3.13135457,4.658025742,251.0063477,250.6015015,7.580574036,74.15266418,Winter,0
2/5/2028,7.671157837,14.09292698,3.066426754,4.752630711,1.526191711,94.8030777,3.133690119,4.659887791,250.7632599,250.4367218,7.63574028,74.02081299,Winter,0
2/6/2028,7.716603279,14.15773106,3.088216305,4.756109715,1.515139222,94.79763031,3.135624647,4.661174774,250.5297241,250.2756348,7.695046425,73.88509369,Winter,0
2/7/2028,7.766243935,14.22714996,3.113351822,4.760822296,1.503773451,94.79269409,3.137159109,4.661893368,250.3083191,250.120224,7.758405685,73.7457428,Winter,0
2/8/2028,7.819992065,14.30107117,3.141791821,4.766757488,1.492168427,94.78826904,3.138298512,4.662051678,250.1013794,249.9723663,7.825719833,73.60297394,Winter,0
2/9/2028,7.877741814,14.37936115,3.173479557,4.773899078,1.480397701,94.78434753,3.139051437,4.661663532,249.910965,249.8338013,7.896864891,73.45703888,Winter,0
2/10/2028,7.939369202,14.46186924,3.208341599,4.782222271,1.46853435,94.78092194,3.139427423,4.660745144,249.7390442,249.706131,7.97171402,73.30815125,Winter,0
2/11/2028,8.004732132,14.5484333,3.246294975,4.791696548,1.456649661,94.77798462,3.139440536,4.65931797,249.587204,249.5907745,8.0501194,73.15654755,Winter,0
2/12/2028,8.073676109,14.63886166,3.287238598,4.802285194,1.444812894,94.77550507,3.139105558,4.657405376,249.4568176,249.4889221,8.131923676,73.00247192,Winter,0
2/13/2028,8.146039963,14.73296642,3.331068039,4.813947201,1.43309021,94.77346802,3.138440847,4.655034065,249.3489227,249.4015503,8.216966629,72.84613037,Winter,0
2/14/2028,8.221643448,14.8305521,3.377663136,4.826633453,1.421545148,94.77185059,3.137466431,4.652234554,249.2643585,249.3294678,8.30506897,72.6877594,Winter,0
2/15/2028,8.300304413,14.93140411,3.426892281,4.8402915,1.410236835,94.77061462,3.136204243,4.649037838,249.2034912,249.2732239,8.396051407,72.52754974,Winter,0
2/16/2028,8.381826401,15.03530312,3.47862196,4.854866028,1.399220228,94.76972961,3.134677172,4.645480156,249.1665039,249.2331085,8.489731789,72.3657074,Winter,0
2/17/2028,8.466015816,15.14203835,3.532710552,4.870294571,1.388545632,94.76916504,3.132910013,4.64159584,249.1531982,249.2091827,8.585916519,72.20240784,Winter,0
2/18/2028,8.55267334,15.25138474,3.589009762,4.886517525,1.378257751,94.76886749,3.130929708,4.637422562,249.1630554,249.2012634,8.684422493,72.0378418,Winter,0
2/19/2028,8.641598701,15.36312199,3.647371769,4.903467178,1.368396521,94.76879883,3.128761768,4.63299942,249.1952209,249.2089386,8.785050392,71.87214661,Winter,0
2/20/2028,8.732586861,15.47703552,3.707642078,4.921079636,1.358995557,94.76891327,3.126434565,4.628364563,249.2486115,249.2315216,8.887623787,71.70547485,Winter,0
2/21/2028,8.825446129,15.592906,3.769669056,4.939286232,1.350082755,94.76917267,3.123975039,4.623558044,249.3217316,249.2681274,8.991956711,71.53793335,Winter,0
2/22/2028,8.919979095,15.71053219,3.833302498,4.958019257,1.341679811,94.76952362,3.121411324,4.618618965,249.4128876,249.3175812,9.097869873,71.36964417,Winter,0
2/23/2028,9.015999794,15.82971191,3.898391724,4.977213383,1.333802223,94.76992798,3.118771076,4.613586903,249.5201263,249.3786011,9.205191612,71.20069122,Winter,0
2/24/2028,9.11332798,15.95025444,3.964790344,4.996800423,1.326459169,94.77031708,3.116081715,4.608499527,249.6411743,249.4496155,9.313759804,71.03114319,Winter,0
2/25/2028,9.211794853,16.07198143,4.032361984,5.016719341,1.31965363,94.7706604,3.113369465,4.603393555,249.7735901,249.5289001,9.423418999,70.86103821,Winter,0
2/26/2028,9.311237335,16.19472694,4.100969315,5.03690815,1.313382506,94.77091217,3.110660791,4.598305702,249.9147644,249.614624,9.534030914,70.69043732,Winter,0
2/27/2028,9.411507607,16.31833839,4.170483589,5.05730772,1.307636857,94.77101135,3.107979536,4.593268394,250.0618134,249.7046661,9.645452499,70.51934814,Winter,0
2/28/2028,9.512466431,16.44266891,4.240790367,5.077864647,1.302401543,94.77092743,3.105350018,4.588315487,250.2118378,249.7968903,9.757577896,70.34777832,Winter,0
2/29/2028,9.613990784,16.56759453,4.311775208,5.098527908,1.297656536,94.77060699,3.102793455,4.583476543,250.3617554,249.8891144,9.870286942,70.17572021,Winter,0
3/1/2028,9.7159729,16.69300842,4.383340836,5.119252205,1.293376565,94.77001953,3.100331068,4.578778744,250.5084534,249.9789429,9.983492851,70.00314331,Spring,1
3/2/2028,9.818314552,16.81881523,4.455395699,5.139995098,1.289530873,94.76911926,3.097981453,4.574246883,250.6487122,250.0640259,10.09711075,69.83001709,Spring,1
3/3/2028,9.920934677,16.94492912,4.527860641,5.160722733,1.286085486,94.7678833,3.095761299,4.569903851,250.7793732,250.1419373,10.21107674,69.65629578,Spring,1
3/4/2028,10.02376747,17.07128906,4.600667953,5.181405067,1.283001542,94.76626587,3.093686342,4.565769196,250.8972778,250.2102966,10.3253355,69.48193359,Spring,1
3/5/2028,10.12676144,17.19784546,4.673763275,5.20201683,1.280237436,94.76425171,3.091768503,4.561859131,250.9992981,250.2667542,10.43984985,69.30685425,Spring,1
3/6/2028,10.22987938,17.3245697,4.747098923,5.222539902,1.277748346,94.76180267,3.090019464,4.558187008,251.0824127,250.3088837,10.55459213,69.13101959,Spring,1
3/7/2028,10.33310127,17.45143127,4.820648193,5.242961884,1.275487304,94.75891876,3.088447094,4.554763794,251.1437836,250.3345184,10.66954708,68.9543457,Spring,1
3/8/2028,10.43641472,17.57843018,4.894382477,5.263277054,1.273405671,94.75556946,3.087058783,4.551595688,251.1805573,250.3414764,10.78471851,68.77676392,Spring,1
3/9/2028,10.53982449,17.70557404,4.968294144,5.283483505,1.271453381,94.75174713,3.085858583,4.548687935,251.1902618,250.327713,10.90011024,68.59822845,Spring,1
3/10/2028,10.64334583,17.83287048,5.042384148,5.303588867,1.269580364,94.74745178,3.084848881,4.546041012,251.1704712,250.2913818,11.01574993,68.41867065,Spring,1
3/11/2028,10.74700737,17.96035385,5.116662979,5.323602676,1.267735839,94.74266815,3.084029913,4.543653011,251.1190948,250.2306824,11.13166523,68.23801422,Spring,1
3/12/2028,10.8508482,18.08805847,5.191153526,5.343541622,1.265870333,94.7374115,3.083399773,4.541519642,251.0342255,250.1441193,11.24789429,68.05623627,Spring,1
3/13/2028,10.95491409,18.21602821,5.265882492,5.363428116,1.263934851,94.73168182,3.082954407,4.539633274,250.9142456,250.0302887,11.36448956,67.87329102,Spring,1
3/14/2028,11.05926037,18.34431458,5.340888023,5.38328886,1.26188302,94.72549438,3.082688332,4.537982941,250.7578125,249.8880615,11.48149872,67.68914032,Spring,1
3/15/2028,11.16394997,18.47296906,5.416217804,5.403153896,1.259669542,94.71886444,3.082593679,4.536556721,250.5639038,249.7165222,11.59898853,67.50377655,Spring,1
3/16/2028,11.26904869,18.60205078,5.491922379,5.423059464,1.257253408,94.71180725,3.082660913,4.535339355,250.3318176,249.5148926,11.71701622,67.31719971,Spring,1
3/17/2028,11.37462902,18.73162651,5.568061829,5.443043709,1.254595399,94.7043457,3.08288002,4.534313202,250.0610657,249.2827301,11.83564949,67.12940979,Spring,1
3/18/2028,11.48076248,18.86174583,5.644694328,5.463148594,1.251661062,94.69651794,3.08323741,4.533459663,249.7515564,249.0197906,11.95495892,66.94044495,Spring,1
3/19/2028,11.58753014,18.99247551,5.721887589,5.483417511,1.248419404,94.68834686,3.083719969,4.532757759,249.4035645,248.7260284,12.07500935,66.75035095,Spring,1
3/20/2028,11.69500256,19.12387085,5.799712181,5.503898144,1.244843841,94.67987061,3.084313393,4.532184124,249.0175171,248.4017029,12.19586945,66.55918121,Spring,1
3/21/2028,11.80325794,19.25598717,5.878236771,5.524636745,1.240912437,94.67112732,3.085000753,4.531716347,248.5942535,248.0471802,12.31760216,66.36700439,Spring,1
3/22/2028,11.91236591,19.38887024,5.95753479,5.545681953,1.236608505,94.66215515,3.085766315,4.531328678,248.1348877,247.6631622,12.44027233,66.17393494,Spring,1
3/23/2028,12.02239227,19.52256393,6.03767395,5.567084312,1.231920242,94.65299225,3.086591482,4.530995369,247.6408234,247.2505341,12.56393433,65.98007202,Spring,1
3/24/2028,12.13340759,19.65710068,6.118725777,5.588891029,1.226840496,94.64368439,3.087459087,4.530689716,247.1136017,246.810318,12.6886425,65.78553009,Spring,1
3/25/2028,12.24546719,19.79251671,6.200755119,5.611150265,1.221368551,94.6342926,3.088349581,4.530385494,246.5551758,246.3437958,12.81444359,65.59046936,Spring,1
3/26/2028,12.35861969,19.92882156,6.283827782,5.633908749,1.215507507,94.62483978,3.089245081,4.530055523,245.9676361,245.8523407,12.94137573,65.39504242,Spring,1
3/27/2028,12.47291088,20.06602669,6.368006706,5.65721035,1.209266663,94.61539459,3.090125799,4.529672146,245.3532257,245.3375092,13.0694685,65.19940948,Spring,1
3/28/2028,12.58837795,20.2041378,6.453347206,5.681099415,1.202660203,94.60599518,3.090973377,4.529208183,244.714386,244.8010406,13.19874859,65.00376892,Spring,1
3/29/2028,12.70504761,20.34314346,6.539896965,5.705613613,1.195706606,94.59669495,3.091768026,4.528636932,244.0537262,244.2446594,13.32923222,64.80828857,Spring,1
3/30/2028,12.82293987,20.48302269,6.627703667,5.730790138,1.188429832,94.58753967,3.092491627,4.527932644,243.3739014,243.6703186,13.46092319,64.6131897,Spring,1
3/31/2028,12.94206429,20.62374496,6.716806412,5.756662846,1.180857301,94.57857513,3.093125582,4.527069569,242.6777191,243.0799255,13.59382057,64.4186554,Spring,1
4/1/2028,13.06241894,20.76527023,6.807240486,5.783260345,1.173021317,94.56984711,3.09365201,4.526023388,241.9679565,242.4754333,13.72791004,64.22491455,Spring,1
4/2/2028,13.18399906,20.90755844,6.899032593,5.81060791,1.164957047,94.561409,3.094053745,4.52477026,241.2474518,241.8588867,13.8631773,64.0321579,Spring,1
4/3/2028,13.30678272,21.05054283,6.992198944,5.83872509,1.156703711,94.55329895,3.09431386,4.523287296,240.5190125,241.2322845,13.99958992,63.8406105,Spring,1
4/4/2028,13.43074608,21.19415855,7.086756706,5.867630005,1.148302078,94.54555511,3.094416142,4.521553516,239.7854156,240.5975494,14.13711262,63.65046692,Spring,1
4/5/2028,13.55585384,21.33833885,7.18270874,5.897332191,1.139796615,94.53821564,3.09434557,4.519547939,239.0493164,239.9566345,14.27570248,63.46194077,Spring,1
4/6/2028,13.6820612,21.4829998,7.280056953,5.927841187,1.131232619,94.53132629,3.094087839,4.517251968,238.313324,239.3113556,14.415308,63.27521515,Spring,1
4/7/2028,13.8093214,21.62805748,7.378796577,5.959157944,1.122656584,94.5249176,3.093629122,4.514648438,237.579895,238.6634827,14.55586624,63.0904808,Spring,1
4/8/2028,13.9375782,21.77342415,7.478915215,5.991279602,1.114116073,94.51901245,3.09295702,4.511720181,236.8512726,238.0146332,14.6973238,62.90789032,Spring,1
4/9/2028,14.06676674,21.91900826,7.580389977,6.024200916,1.105658412,94.51364136,3.092059135,4.508454323,236.1296234,237.366333,14.83960438,62.72761154,Spring,1
4/10/2028,14.19682503,22.06471825,7.683202744,6.057909012,1.097330809,94.50883484,3.090925455,4.504836082,235.4168396,236.7199097,14.98264217,62.54977417,Spring,1
4/11/2028,14.32767963,22.21045876,7.787322044,6.092389107,1.089179039,94.50460052,3.089546204,4.500854492,234.7145996,236.0766144,15.12636089,62.37450027,Spring,1
4/12/2028,14.45926189,22.35613632,7.892720222,6.127622604,1.081247449,94.50096893,3.087911606,4.496499538,234.0243378,235.4374695,15.27068424,62.20186615,Spring,1
4/13/2028,14.59149647,22.50166702,7.999361038,6.163584709,1.073577881,94.49794006,3.086015224,4.491761208,233.34729,234.803299,15.41553783,62.03195953,Spring,1
4/14/2028,14.72430992,22.64695549,8.107203484,6.200250149,1.066210389,94.49552917,3.083848715,4.486632824,232.6843719,234.1748199,15.56084347,61.86482239,Spring,1
4/15/2028,14.85763073,22.79192924,8.216212273,6.237588882,1.059181094,94.49373627,3.08140707,4.481108189,232.0362701,233.5524902,15.70653057,61.70046997,Spring,1
4/16/2028,14.99138737,22.93650818,8.326343536,6.275568962,1.052522779,94.4925766,3.078684568,4.475182056,231.4034271,232.9365845,15.85252476,61.53889465,Spring,1
4/17/2028,15.12551403,23.08063126,8.43755722,6.314155579,1.046263814,94.49202728,3.075677872,4.468851089,230.785965,232.3273163,15.99875927,61.38005829,Spring,1
4/18/2028,15.25994778,23.22424126,8.549813271,6.353312492,1.040428519,94.49210358,3.072382689,4.46211338,230.1837463,231.724472,16.14517021,61.2238884,Spring,1
4/19/2028,15.39462376,23.36728668,8.66306591,6.393002033,1.035036564,94.49278259,3.068797112,4.454967499,229.596405,231.1279144,16.29170036,61.07029724,Spring,1
4/20/2028,15.52950001,23.5097332,8.777283669,6.433184624,1.030102015,94.4940567,3.064919233,4.447413445,229.0233917,230.5371399,16.43830109,60.91915894,Spring,1
4/21/2028,15.66452312,23.65155983,8.892424583,6.473822594,1.025633812,94.49591064,3.0607481,4.439451694,228.4637451,229.9515991,16.5849247,60.77030945,Spring,1
4/22/2028,15.79966259,23.79275131,9.008459091,6.514873981,1.021635175,94.49832916,3.056284189,4.431084633,227.9164886,229.3706207,16.73153877,60.6235733,Spring,1
4/23/2028,15.93488598,23.93331337,9.125353813,6.556300163,1.018104315,94.50128937,3.0515275,4.422315121,227.3803253,228.7932739,16.87811661,60.47873688,Spring,1
4/24/2028,16.07017136,24.07325935,9.243082047,6.598062515,1.015033007,94.50476074,3.046479702,4.413146496,226.8538055,228.2186432,17.02463913,60.33555984,Spring,1
4/25/2028,16.20551491,24.21262169,9.36162281,6.640121937,1.01240766,94.50872803,3.041141987,4.403584003,226.3353577,227.6456757,17.17110062,60.19379044,Spring,1
4/26/2028,16.34091187,24.35144234,9.480956078,6.682443142,1.010208249,94.51316071,3.035517931,4.393632889,225.823288,227.0732117,17.31749916,60.05312729,Spring,1
4/27/2028,16.47636986,24.48977852,9.601073265,6.724990368,1.008410215,94.51802063,3.029610157,4.383299351,225.3157501,226.5001526,17.46385002,59.91328049,Spring,1
4/28/2028,16.61191177,24.62770271,9.721961975,6.767729759,1.006982565,94.52329254,3.023422956,4.372590542,224.8108521,225.9252472,17.61017036,59.77390671,Spring,1
4/29/2028,16.74756622,24.76530457,9.843624115,6.810631752,1.005889416,94.52893829,3.016960382,4.361513138,224.3067322,225.3473053,17.75649261,59.63467407,Spring,1
4/30/2028,16.88337135,24.90266991,9.966056824,6.853665829,1.005089998,94.53491974,3.010227919,4.350076675,223.8014221,224.7651825,17.90285873,59.495224,Spring,1
5/1/2028,17.01937103,25.03991699,10.08926868,6.89680624,1.004538417,94.54120636,3.003230572,4.338289261,223.2930145,224.1777496,18.04931259,59.35518265,Spring,1
5/2/2028,17.15563011,25.17716026,10.21327305,6.940028667,1.0041852,94.54777527,2.995975494,4.326161385,222.7797089,223.5838928,18.19592094,59.21417999,Spring,1
5/3/2028,17.29220772,25.31453323,10.33808422,6.983313084,1.003975987,94.55458069,2.988468885,4.31370306,222.2596588,222.982666,18.34274101,59.07182693,Spring,1
5/4/2028,17.42917442,25.45217514,10.46372414,7.026639938,1.003853679,94.5615921,2.980718613,4.300926208,221.731308,222.3732452,18.48984718,58.92774582,Spring,1
5/5/2028,17.56661224,25.59022522,10.59021568,7.069993019,1.003757715,94.56877136,2.972733021,4.287841797,221.1931,221.7549286,18.63731956,58.78155518,Spring,1
5/6/2028,17.70460129,25.72883606,10.71758461,7.113359451,1.003625512,94.57610321,2.964519978,4.274463177,220.6436768,221.1271362,18.78523827,58.63287354,Spring,1
5/7/2028,17.84323311,25.86816597,10.84586143,7.156728268,1.00339222,94.58354187,2.956089973,4.260803223,220.081955,220.4894714,18.93369484,58.48132706,Spring,1
5/8/2028,17.98259544,26.00836372,10.97507763,7.200089455,1.002991796,94.59105682,2.947452068,4.24687624,219.5070038,219.8417816,19.0827713,58.32656097,Spring,1
5/9/2028,18.12278175,26.14959526,11.10526466,7.243437767,1.002357125,94.59863281,2.938617229,4.232697487,218.9181061,219.1840668,19.23256683,58.16822433,Spring,1
5/10/2028,18.2638855,26.29200745,11.23645687,7.286767006,1.001421094,94.60622406,2.929596901,4.218282223,218.3148346,218.5165863,19.38317108,58.00599289,Spring,1
5/11/2028,18.40599823,26.4357605,11.36868382,7.33007431,1.00011754,94.61381531,2.920403242,4.20364809,217.6970825,217.8397827,19.53467178,57.83955002,Spring,1
5/12/2028,18.54920769,26.58099747,11.50197411,7.373356342,0.998379946,94.62138367,2.911048651,4.188811779,217.0649567,217.1543427,19.6871624,57.66861725,Spring,1
5/13/2028,18.69360352,26.72785378,11.63635826,7.416612148,0.996144712,94.62890625,2.901546478,4.173791409,216.418869,216.4612579,19.84072304,57.49292374,Spring,1
5/14/2028,18.83926392,26.87646866,11.77186012,7.459841251,0.993349552,94.63635254,2.891911745,4.158607006,215.759552,215.761673,19.9954319,57.3122406,Spring,1
5/15/2028,18.98626518,27.02696037,11.90850353,7.503041267,0.989935398,94.6437149,2.882157803,4.143278122,215.0880432,215.0570374,20.15136909,57.12635422,Spring,1
5/16/2028,19.13467407,27.17943764,12.04629993,7.546211243,0.985845983,94.65097046,2.87230134,4.127826214,214.4056091,214.3489685,20.30859184,56.93510056,Spring,1
5/17/2028,19.28454781,27.3339901,12.18525982,7.589350224,0.981029093,94.65811157,2.86235714,4.112273216,213.713913,213.6393738,20.46716118,56.73832703,Spring,1
5/18/2028,19.43593407,27.49070168,12.325387,7.632454395,0.975436389,94.66511536,2.852343559,4.096642017,213.0148315,212.9303284,20.62712288,56.53593063,Spring,1
5/19/2028,19.58886909,27.64963531,12.46668148,7.675519943,0.969024718,94.67197418,2.842276812,4.080955982,212.3105011,212.2241364,20.78850937,56.32783508,Spring,1
5/20/2028,19.74337769,27.81083298,12.609128,7.718540192,0.961755395,94.67868042,2.832175255,4.065239906,211.6033478,211.5233154,20.95134735,56.11400986,Spring,1
5/21/2028,19.89946747,27.97431946,12.75270367,7.761505127,0.953595281,94.68523407,2.822056532,4.049518585,210.8960419,210.8304749,21.11564445,55.89444733,Spring,1
5/22/2028,20.05713463,28.14010239,12.89738369,7.804406643,0.944517255,94.69161987,2.81194067,4.033818722,210.1914063,210.1483917,21.28140068,55.66917801,Spring,1
5/23/2028,20.21636391,28.30816841,13.04312611,7.847229004,0.934499562,94.6978302,2.801846743,4.018165588,209.4924927,209.480011,21.44859314,55.43828201,Spring,1
5/24/2028,20.37711716,28.47847366,13.18988132,7.889955997,0.923527062,94.70387268,2.791793585,4.002586842,208.8024902,208.8283386,21.61719322,55.20185089,Spring,1
5/25/2028,20.5393486,28.65096664,13.33759403,7.93256712,0.911590278,94.70973969,2.781801939,3.987109661,208.1247253,208.1964874,21.78715134,54.96002579,Spring,1
5/26/2028,20.70298576,28.82556534,13.48618984,7.975038052,0.898686886,94.71543121,2.771891356,3.97176218,207.462616,207.5874786,21.95840645,54.71298981,Spring,1
5/27/2028,20.86795807,29.00217056,13.63558674,8.017342567,0.884820044,94.7209549,2.762082338,3.956572056,206.8196564,207.0045166,22.13087463,54.4609375,Spring,1
5/28/2028,21.0341568,29.18065834,13.7857008,8.059448242,0.870000243,94.7263031,2.752394676,3.941566467,206.199295,206.4506378,22.30447388,54.20409775,Spring,1
5/29/2028,21.20147514,29.36088562,13.93642521,8.101319313,0.854243457,94.73149109,2.742848635,3.926774979,205.6050568,205.9289246,22.4790802,53.94273758,Spring,1
5/30/2028,21.36977959,29.54268837,14.08765125,8.14291954,0.837572038,94.73651123,2.733463526,3.912222862,205.04039,205.4423523,22.65458107,53.67713547,Spring,1
5/31/2028,21.5389328,29.72588921,14.23925877,8.184204102,0.820014954,94.74137115,2.724259138,3.897938728,204.5085907,204.9936829,22.83083725,53.4076004,Spring,1
6/1/2028,21.70877457,29.91028214,14.39111805,8.225128174,0.801605761,94.74607086,2.71525383,3.883948326,204.0128937,204.5856476,23.00769615,53.13446808,Summer,2
6/2/2028,21.87913322,30.09565544,14.54308987,8.265642166,0.782384515,94.75062561,2.706465721,3.870277405,203.5563965,204.2207184,23.18499756,52.858078,Summer,2
6/3/2028,22.04982758,30.28178024,14.69502735,8.305692673,0.762395859,94.7550354,2.69791317,3.856951714,203.1419067,203.9012299,23.36256409,52.5788002,Summer,2
6/4/2028,22.2206707,30.46840096,14.84678173,8.345222473,0.741689801,94.75930786,2.689611912,3.843993187,202.7720642,203.6291656,23.54021454,52.29701614,Summer,2
6/5/2028,22.39145279,30.65526581,14.99819279,8.384176254,0.720320106,94.76344299,2.681577921,3.831425667,202.4492645,203.4063263,23.71775246,52.01309204,Summer,2
6/6/2028,22.56196594,30.84211159,15.14909267,8.422491074,0.698345065,94.76744843,2.673825264,3.819268703,202.1755829,203.2341766,23.89497566,51.72742844,Summer,2
6/7/2028,22.73199081,31.02865601,15.29931736,8.460105896,0.67582643,94.77132416,2.666367531,3.807542324,201.9527283,203.1139374,24.07168007,51.44041824,Summer,2
6/8/2028,22.90131187,31.2146244,15.44869328,8.496958733,0.652828932,94.77507782,2.659216166,3.796263218,201.7821198,203.046402,24.24765015,51.15247345,Summer,2
6/9/2028,23.06969643,31.39972496,15.59704685,8.53298378,0.629420459,94.77870941,2.652381897,3.785446644,201.664856,203.032074,24.42266464,50.8639679,Summer,2
6/10/2028,23.23691559,31.58367538,15.74421024,8.568117142,0.605670154,94.78222656,2.64587307,3.775105476,201.6015015,203.0710602,24.59651184,50.57530212,Summer,2
6/11/2028,23.40275002,31.76618767,15.89000797,8.602296829,0.581649363,94.78562927,2.639696598,3.765250683,201.592392,203.1631622,24.7689724,50.28686142,Summer,2
6/12/2028,23.5669632,31.94697762,16.03426361,8.635457993,0.557430446,94.78891754,2.633857965,3.755890369,201.6373596,203.307724,24.93982315,49.99902725,Summer,2
6/13/2028,23.72933197,32.12576294,16.17681503,8.667541504,0.533086956,94.79209137,2.62836051,3.747030258,201.7358246,203.5037231,25.10885429,49.7121582,Summer,2
6/14/2028,23.88964272,32.30228043,16.31749344,8.698489189,0.508691311,94.79515839,2.623205662,3.738672733,201.886795,203.7497864,25.2758503,49.42660522,Summer,2
6/15/2028,24.0476799,32.47625732,16.45614624,8.728244781,0.484317094,94.79811096,2.618392706,3.730818272,202.0888977,204.0441589,25.44060516,49.14271545,Summer,2
6/16/2028,24.20323753,32.64744186,16.59261703,8.756757736,0.460036099,94.80095673,2.613919735,3.723464012,202.340332,204.3846893,25.60293007,48.8608017,Summer,2
6/17/2028,24.35612297,32.81559372,16.72675705,8.783979416,0.435919017,94.80368042,2.609781265,3.716605186,202.6388855,204.7689209,25.76262665,48.58118439,Summer,2
6/18/2028,24.50614548,32.98048782,16.8584404,8.80987072,0.412035823,94.8062973,2.605971336,3.710232258,202.9819794,205.1939697,25.91951752,48.30415344,Summer,2
6/19/2028,24.65313721,33.14191055,16.98752975,8.834392548,0.388453215,94.80878448,2.602481127,3.704334736,203.3666534,205.6567535,26.07343102,48.02997208,Summer,2
6/20/2028,24.79693604,33.29966354,17.11391449,8.857515335,0.365236282,94.81115723,2.599300385,3.698898315,203.7896118,206.1537781,26.22420883,47.7589035,Summer,2
6/21/2028,24.93739319,33.45357513,17.23749161,8.87921524,0.342447191,94.8134079,2.596415997,3.693906307,204.2472992,206.6813202,26.37171364,47.49118805,Summer,2
6/22/2028,25.07437706,33.60348511,17.35815811,8.899475098,0.320145428,94.81552124,2.593814373,3.689338684,204.7357483,207.2354889,26.5158062,47.22704315,Summer,2
6/23/2028,25.2077713,33.74925613,17.47584152,8.918288231,0.298387021,94.81751251,2.591478348,3.685173035,205.2508698,207.8120422,26.65637398,46.96668243,Summer,2
6/24/2028,25.33747673,33.89076614,17.59046555,8.935650826,0.277224869,94.81936646,2.589390755,3.681385517,205.7883148,208.4066467,26.79330635,46.710289,Summer,2
6/25/2028,25.46340942,34.02791977,17.70198441,8.951571465,0.256707668,94.82108307,2.58753252,3.677947998,206.3434906,209.014801,26.92652321,46.45803833,Summer,2
6/26/2028,25.5854969,34.1606369,17.81034851,8.96606636,0.23688139,94.82265472,2.58588171,3.674832344,206.9117584,209.6319122,27.05594635,46.21010208,Summer,2
6/27/2028,25.70368576,34.28886032,17.91552353,8.979159355,0.217787743,94.82408905,2.584417105,3.672006607,207.4883575,210.2533722,27.18152046,45.96663284,Summer,2
6/28/2028,25.81794548,34.41255188,18.01750183,8.990884781,0.199464679,94.82537079,2.583115101,3.669438839,208.0684814,210.8744354,27.30319595,45.72776794,Summer,2
6/29/2028,25.92825508,34.53169632,18.11627197,9.001283646,0.181946263,94.82649994,2.581951618,3.667094231,208.6472473,211.490448,27.42094994,45.49365234,Summer,2
6/30/2028,26.03460503,34.64628983,18.2118454,9.010408401,0.165263176,94.82748413,2.580901384,3.664937496,209.2199249,212.0968323,27.53475952,45.26441956,Summer,2
7/1/2028,26.13700485,34.75634766,18.30423737,9.018317223,0.1494423,94.82830811,2.579939127,3.662932396,209.7818298,212.6890717,27.64462662,45.04019928,Summer,2
7/2/2028,26.23547935,34.86191177,18.39348602,9.02507782,0.134506732,94.82898712,2.579038858,3.661041737,210.3283234,213.2628021,27.75055313,44.82112122,Summer,2
7/3/2028,26.33006477,34.96301651,18.4796257,9.030768394,0.120476775,94.82950592,2.578174353,3.659227848,210.8550415,213.8138428,27.85256386,44.60733032,Summer,2
7/4/2028,26.42080498,35.05973434,18.56270599,9.035470963,0.107368797,94.82987213,2.577320576,3.657453537,211.3578339,214.3382263,27.95068741,44.3989563,Summer,2
7/5/2028,26.50775528,35.15214157,18.64279175,9.039276123,0.095196813,94.83009338,2.576450825,3.655682087,211.8327179,214.8322754,28.04496002,44.19614792,Summer,2
7/6/2028,26.59098244,35.24031067,18.719944,9.042282104,0.083971567,94.83016205,2.575540543,3.653877258,212.2761078,215.292572,28.13542938,43.99906921,Summer,2
7/7/2028,26.67055321,35.32433319,18.79423523,9.044592857,0.073701419,94.83008575,2.574564934,3.652002811,212.6847382,215.7160187,28.2221508,43.80787659,Summer,2
7/8/2028,26.74655724,35.40431213,18.86574554,9.046316147,0.064392373,94.82987213,2.573501348,3.650024414,213.0555878,216.0999146,28.30517197,43.62276459,Summer,2
7/9/2028,26.81906128,35.48035049,18.93455505,9.047567368,0.056048427,94.82952118,2.572326899,3.647910118,213.3861542,216.441864,28.38456154,43.44392014,Summer,2
7/10/2028,26.8881588,35.55253983,19.00074005,9.04846096,0.048672099,94.82904816,2.571020842,3.645628452,213.6743774,216.7400055,28.46037674,43.27157211,Summer,2
7/11/2028,26.95393181,35.62098694,19.06439209,9.049119949,0.04226391,94.82844543,2.569564104,3.643150806,213.9185181,216.9927216,28.5326786,43.1059494,Summer,2
7/12/2028,27.0164566,35.68579483,19.12559509,9.049665451,0.036823113,94.82772827,2.567939043,3.640451431,214.1173706,217.1990051,28.60153198,42.94731903,Summer,2
7/13/2028,27.07582474,35.74706268,19.18442917,9.05022049,0.032348618,94.82691193,2.566130638,3.637506485,214.2702179,217.3581696,28.66699028,42.79594803,Summer,2
7/14/2028,27.13210487,35.80486679,19.24097061,9.05091095,0.028837685,94.8259964,2.564124584,3.634295464,214.3767853,217.470108,28.729105,42.65213776,Summer,2
7/15/2028,27.18536568,35.85929489,19.29529572,9.051856995,0.02628825,94.82499695,2.561910629,3.63079977,214.4373016,217.5350647,28.78792381,42.51621246,Summer,2
7/16/2028,27.2356739,35.91041565,19.34747314,9.053178787,0.024696769,94.82392883,2.559479237,3.627006531,214.4524841,217.5538025,28.84348869,42.38851929,Summer,2
7/17/2028,27.28307915,35.95829773,19.39756775,9.05499649,0.02406027,94.82279205,2.556824446,3.622905254,214.4234924,217.5274963,28.89583015,42.26942444,Summer,2
7/18/2028,27.32762909,36.00296783,19.44562912,9.057422638,0.02437566,94.82160187,2.553941965,3.618488312,214.3520508,217.4578094,28.94496918,42.15930557,Summer,2
7/19/2028,27.36935043,36.04447174,19.49170303,9.060567856,0.025640538,94.82037354,2.550831318,3.613751888,214.2402344,217.3468475,28.9909153,42.05857849,Summer,2
7/20/2028,27.40826797,36.08281326,19.53582382,9.064535141,0.027852047,94.81912231,2.547492981,3.608697414,214.0906067,217.1970825,29.03367043,41.96766281,Summer,2
7/21/2028,27.44438553,36.11800766,19.57801819,9.069417953,0.031008467,94.81784821,2.543931961,3.603329182,213.9061279,217.0113678,29.07322121,41.88700867,Summer,2
7/22/2028,27.47769547,36.15002441,19.61829758,9.075309753,0.035108197,94.8165741,2.540154219,3.597655296,213.6901855,216.7929382,29.10954094,41.81707001,Summer,2
7/23/2028,27.50818062,36.17882919,19.6566658,9.082287788,0.040150154,94.81530762,2.536170006,3.591687202,213.4464417,216.5454102,29.14259529,41.75830841,Summer,2
7/24/2028,27.53579521,36.20436859,19.6931076,9.090425491,0.046134278,94.81407166,2.531990051,3.585441113,213.1789093,216.2726135,29.17232895,41.71120453,Summer,2
7/25/2028,27.5605011,36.22657394,19.72759247,9.099782944,0.053060398,94.81285858,2.527629137,3.5789361,212.8919067,215.9786987,29.19868088,41.67623901,Summer,2
7/26/2028,27.58222198,36.24534607,19.76008987,9.11041069,0.060928568,94.81169891,2.523104191,3.57219553,212.5899506,215.6680145,29.22157097,41.65389633,Summer,2
7/27/2028,27.60088921,36.26058578,19.79055023,9.122350693,0.069740109,94.81058502,2.518433571,3.565244675,212.2777863,215.345108,29.24090767,41.64464951,Summer,2
7/28/2028,27.61639786,36.27216721,19.81890488,9.135627747,0.079495534,94.80953979,2.513638258,3.558113098,211.9602509,215.014679,29.2565918,41.64898682,Summer,2
7/29/2028,27.62865067,36.27995682,19.84508514,9.150259972,0.090195812,94.80857086,2.508741379,3.550833225,211.6423492,214.681488,29.26850128,41.6673584,Summer,2
7/30/2028,27.63752174,36.2837944,19.86899948,9.166252136,0.101841576,94.80768585,2.503766775,3.543439388,211.3290405,214.3503723,29.27651787,41.70022202,Summer,2
7/31/2028,27.64288902,36.28351593,19.89054871,9.18359375,0.114432938,94.8068924,2.498740673,3.535968304,211.0253601,214.0261536,29.28050232,41.74800873,Summer,2
8/1/2028,27.64460564,36.27894592,19.90962982,9.202262878,0.127969846,94.80619049,2.493690014,3.528459072,210.7362823,213.713623,29.28031349,41.81112671,Summer,2
8/2/2028,27.64252472,36.26989746,19.92612076,9.222229958,0.142450795,94.8055954,2.488642931,3.520952225,210.4666443,213.4174805,29.27580643,41.88996124,Summer,2
8/3/2028,27.63649368,36.25617599,19.93989563,9.243445396,0.157873407,94.80510712,2.483628035,3.5134902,210.2211609,213.1423492,29.26681709,41.98484421,Summer,2
8/4/2028,27.62635231,36.23758316,19.95082474,9.265851974,0.174233675,94.80473328,2.478675365,3.50611496,210.0043488,212.8925323,29.25318909,42.09608459,Summer,2
8/5/2028,27.61193466,36.21392059,19.95876694,9.28937912,0.191525921,94.80446625,2.473813295,3.49887085,209.8204498,212.6722565,29.23476219,42.22396851,Summer,2
8/6/2028,27.59307289,36.1849823,19.96357727,9.31394577,0.209742829,94.80432129,2.469072104,3.491800785,209.6734619,212.4854279,29.21137619,42.36870193,Summer,2
8/7/2028,27.56960678,36.15056992,19.96510696,9.339460373,0.228874341,94.80429077,2.464480162,3.484947681,209.5670471,212.3356628,29.18286896,42.53045654,Summer,2
8/8/2028,27.54137421,36.11048508,19.96321869,9.365818977,0.248907685,94.80436707,2.460066319,3.478354454,209.5044556,212.226181,29.14908218,42.7093544,Summer,2
8/9/2028,27.50821495,36.06454849,19.95775986,9.392910004,0.269827724,94.80456543,2.455857515,3.472063065,209.4886017,212.1599426,29.10986519,42.90545273,Summer,2
8/10/2028,27.46997643,36.01258087,19.94858551,9.420610428,0.291616082,94.80487061,2.451880693,3.466112614,209.5219574,212.1394348,29.06508064,43.11875153,Summer,2
8/11/2028,27.42652321,35.95440674,19.9355545,9.44879055,0.314250916,94.80529022,2.448159933,3.460542679,209.6064606,212.1667328,29.01458549,43.34919739,Summer,2
8/12/2028,27.37771606,35.88988113,19.91852951,9.477316856,0.337707251,94.80580139,2.444719076,3.455388546,209.7436981,212.2435455,28.95826149,43.5966568,Summer,2
8/13/2028,27.32344246,35.81887817,19.89738846,9.506044388,0.361955464,94.80641937,2.441578865,3.450684547,209.9346771,212.3709869,28.89600372,43.86092377,Summer,2
8/14/2028,27.26359367,35.7412796,19.87200546,9.534824371,0.386963218,94.80712128,2.438758612,3.446460247,210.1799164,212.5497894,28.82771111,44.14174652,Summer,2
8/15/2028,27.19808769,35.65699005,19.84227371,9.563504219,0.412693381,94.8079071,2.436275244,3.442744255,210.4794006,212.7802124,28.75330925,44.43878937,Summer,2
8/16/2028,27.12685204,35.56594467,19.80809021,9.591931343,0.439105123,94.80877686,2.43414259,3.43956089,210.8326721,213.0619812,28.67273903,44.75164413,Summer,2
8/17/2028,27.04984283,35.4681015,19.76937866,9.619945526,0.466153145,94.80971527,2.432372808,3.436930656,211.238678,213.3943787,28.58595657,45.07984161,Summer,2
8/18/2028,26.96702766,35.3634491,19.72605896,9.647392273,0.493788242,94.81070709,2.430974007,3.434870243,211.6958771,213.7761993,28.49295425,45.42282867,Summer,2
8/19/2028,26.87840462,35.25199127,19.67808914,9.674108505,0.521957219,94.81175995,2.42995286,3.433392048,212.2022858,214.2057648,28.39372444,45.78001022,Summer,2
8/20/2028,26.78399277,35.13378143,19.62541962,9.699941635,0.550602496,94.81285858,2.429311752,3.432506084,212.7554169,214.6809387,28.28830528,46.1506958,Summer,2
8/21/2028,26.68383598,35.00888824,19.56803513,9.724736214,0.579663217,94.81399536,2.429051161,3.432215214,213.3522797,215.1991882,28.17673683,46.5341568,Summer,2
8/22/2028,26.57800102,34.87742233,19.50593948,9.748342514,0.609073937,94.81517029,2.429167509,3.432520866,213.989502,215.7575836,28.0590992,46.92957306,Summer,2
8/23/2028,26.46658325,34.73951721,19.43914032,9.770612717,0.638766408,94.81636047,2.429655313,3.433417797,214.6633911,216.3526917,27.93549347,47.33609772,Summer,2
8/24/2028,26.34969902,34.59534073,19.36768341,9.791410446,0.668668568,94.81756592,2.430504799,3.434898376,215.369751,216.9809113,27.80604172,47.75281143,Summer,2
8/25/2028,26.22750092,34.44509506,19.29162216,9.810598373,0.698706031,94.81877899,2.431704521,3.436950684,216.1041718,217.6382141,27.67089462,48.17876434,Summer,2
8/26/2028,26.10015106,34.28900528,19.21103287,9.828050613,0.728801012,94.81999207,2.433240414,3.439556599,216.8619537,218.3203278,27.53022766,48.61292648,Summer,2
8/27/2028,25.96784973,34.12733841,19.12601089,9.843649864,0.758874059,94.82121277,2.435093641,3.442697048,217.6381226,219.0227356,27.38423347,49.05426788,Summer,2
8/28/2028,25.83080482,33.96037292,19.0366745,9.857286453,0.788843691,94.82241821,2.437245607,3.446347237,218.427536,219.7407379,27.23313332,49.50170517,Summer,2
8/29/2028,25.6892643,33.78843307,18.9431572,9.868860245,0.818626761,94.8236084,2.439673424,3.450479507,219.2249756,220.4694824,27.0771637,49.95412445,Summer,2
8/30/2028,25.54348946,33.61185074,18.84561157,9.878284454,0.848139644,94.82479095,2.442353249,3.455062866,220.0250397,221.2040253,26.91659355,50.41041565,Summer,2
8/31/2028,25.39375877,33.43099213,18.74420929,9.885475159,0.877297938,94.82595062,2.445258379,3.460063457,220.8223724,221.9393463,26.75169563,50.86942291,Summer,2
9/1/2028,25.2403717,33.24623871,18.63913345,9.890367508,0.906017601,94.8270874,2.448361635,3.465445995,221.6116028,222.6704407,26.58276939,51.3299942,Autumn,3
9/2/2028,25.08363914,33.05799484,18.53058624,9.892905235,0.934214652,94.82820892,2.451633453,3.471170902,222.3874054,223.3923645,26.41012573,51.79098511,Autumn,3
9/3/2028,24.92389679,32.86666489,18.4187851,9.893042564,0.961807132,94.82930756,2.455043793,3.477198601,223.1446381,224.1001892,26.23409081,52.25125122,Autumn,3
9/4/2028,24.76147461,32.67269516,18.30395508,9.890746117,0.988713801,94.8303833,2.458561897,3.483487129,223.8783417,224.7892151,26.05499268,52.70965958,Autumn,3
9/5/2028,24.59671974,32.47650909,18.18633652,9.885993958,1.014856458,94.83144379,2.462156057,3.489994049,224.5836487,225.4548645,25.87318802,53.16510391,Autumn,3
9/6/2028,24.42999077,32.27855301,18.06616592,9.878774643,1.040159225,94.83248901,2.465795517,3.496675968,225.2560883,226.0927734,25.68901443,53.61649704,Autumn,3
9/7/2028,24.26164436,32.07926941,17.94369888,9.869088173,1.064549804,94.83351898,2.469447851,3.503489971,225.89151,226.6988983,25.50283241,54.06279755,Autumn,3
9/8/2028,24.09203529,31.87910652,17.81919479,9.856948853,1.087959886,94.83454132,2.473083258,3.510392666,226.4859772,227.269455,25.31498909,54.50299454,Autumn,3
9/9/2028,23.92151833,31.67849731,17.69291306,9.842376709,1.110325217,94.83556366,2.476671457,3.517343044,227.0361023,227.8010712,25.12583733,54.93613434,Autumn,3
9/10/2028,23.7504425,31.47788239,17.56510925,9.825407028,1.131586552,94.83657837,2.48018384,3.524299145,227.5388031,228.2906189,24.93572807,55.36130142,Autumn,3
9/11/2028,23.57915497,31.277668,17.4360466,9.806077957,1.151689649,94.83760071,2.483592987,3.53122282,227.9915314,228.7354736,24.74499512,55.77765656,Autumn,3
9/12/2028,23.40797997,31.07826614,17.30597305,9.784442902,1.170586467,94.83863068,2.486873865,3.538077354,228.3921356,229.1334076,24.55397224,56.18441391,Autumn,3
9/13/2028,23.23724174,30.88005829,17.17513657,9.760559082,1.188234687,94.83968353,2.490002632,3.544826984,228.7390747,229.4826813,24.36297607,56.58086777,Autumn,3
9/14/2028,23.06723785,30.68341446,17.0437851,9.734495163,1.204598784,94.84075165,2.492958546,3.551441669,229.0312195,229.7819824,24.17230606,56.96636963,Autumn,3
9/15/2028,22.89824867,30.48866653,16.91214371,9.706323624,1.219649196,94.84184265,2.495723009,3.557892799,229.2680054,230.0304413,23.98224831,57.34036636,Autumn,3
9/16/2028,22.73054123,30.29612923,16.78042984,9.676124573,1.233364105,94.8429718,2.498280525,3.564155579,229.4493866,230.2277527,23.79306602,57.70236969,Autumn,3
9/17/2028,22.56435204,30.10608101,16.64884567,9.643981934,1.245728254,94.8441391,2.500618935,3.570209503,229.5758667,230.3740234,23.60500145,58.05199051,Autumn,3
9/18/2028,22.3998909,29.91877365,16.51758194,9.609983444,1.256733894,94.84534454,2.502727985,3.576038361,229.6484528,230.4699249,23.41827965,58.38891602,Autumn,3
9/19/2028,22.23734665,29.73441696,16.3868103,9.574222565,1.266380429,94.84658813,2.504602432,3.581629276,229.6686859,230.516571,23.23309135,58.71291351,Autumn,3
9/20/2028,22.07687759,29.55319405,16.25668335,9.536792755,1.274674654,94.84788513,2.506239176,3.586975574,229.6386261,230.5154724,23.04960251,59.02386093,Autumn,3
9/21/2028,21.91860771,29.37524033,16.12732697,9.497789383,1.281630754,94.84923553,2.507639647,3.592073917,229.56073,230.4687347,22.86795616,59.32169342,Autumn,3
9/22/2028,21.76263428,29.20065308,15.99886227,9.45731163,1.287270069,94.85063171,2.508807898,3.596926212,229.4380188,230.3788147,22.68825722,59.60646439,Autumn,3
9/23/2028,21.60902214,29.02949333,15.87137318,9.41545105,1.291620731,94.85207367,2.509752274,3.601539612,229.27388,230.2485657,22.51059151,59.87828064,Autumn,3
9/24/2028,21.45779991,28.86178017,15.7449255,9.372306824,1.294717669,94.85357666,2.510484457,3.605925083,229.0720825,230.0812988,22.33500862,60.13736343,Autumn,3
9/25/2028,21.30896759,28.6974926,15.61956501,9.327969551,1.296602726,94.8551178,2.511019707,3.610099316,228.836792,229.8805389,22.16152191,60.38399887,Autumn,3
9/26/2028,21.16248894,28.53656769,15.49531078,9.282529831,1.297323465,94.85671234,2.511376619,3.614082813,228.572525,229.6502838,21.99013138,60.61854553,Autumn,3
9/27/2028,21.0182991,28.37890244,15.37215519,9.236078262,1.296933413,94.8583374,2.511577129,3.617900848,228.2839508,229.3946991,21.82078934,60.84146118,Autumn,3
9/28/2028,20.87630463,28.2243557,15.25007153,9.188693047,1.295491576,94.86000061,2.511646271,3.621583939,227.976059,229.1182709,21.65342331,61.05324173,Autumn,3
9/29/2028,20.73636818,28.07274818,15.12901402,9.140457153,1.293061733,94.86169434,2.511611938,3.625165462,227.6540527,228.8255768,21.48794365,61.25447845,Autumn,3
9/30/2028,20.59833717,27.92386436,15.00890636,9.091442108,1.28971231,94.86340332,2.511505365,3.628682137,227.3231659,228.5214233,21.32421494,61.44579315,Autumn,3
10/1/2028,20.46202469,27.77745628,14.88965321,9.041717529,1.285515308,94.86512756,2.511358976,3.632175922,226.9887543,228.2107239,21.16209602,61.62789154,Autumn,3
10/2/2028,20.32721901,27.63324547,14.77113628,8.991344452,1.28054595,94.86684418,2.511208773,3.635690212,226.6562805,227.8984375,21.00139999,61.80150986,Autumn,3
10/3/2028,20.19368744,27.49091911,14.6532259,8.940382004,1.274882317,94.86854553,2.511091471,3.639271736,226.3310242,227.5894775,20.84193611,61.9674263,Autumn,3
10/4/2028,20.06116867,27.35014725,14.53576756,8.888876915,1.268604636,94.870224,2.511046171,3.642969131,226.0183258,227.2888336,20.68348503,62.1264534,Autumn,3
10/5/2028,19.92938995,27.21056938,14.41859341,8.836875916,1.261794209,94.87186432,2.511112928,3.64683342,225.7233887,227.001297,20.52580833,62.27944946,Autumn,3
10/6/2028,19.79805565,27.07180595,14.30151844,8.784416199,1.254533648,94.87345123,2.511332273,3.6509161,225.4511566,226.7316284,20.36865616,62.42726898,Autumn,3
10/7/2028,19.6668663,26.93346977,14.1843462,8.73153019,1.246905088,94.87496185,2.51174593,3.655269623,225.2064667,226.4843597,20.2117672,62.57079315,Autumn,3
10/8/2028,19.53550339,26.79515266,14.06687069,8.67824173,1.238990664,94.87638855,2.512394905,3.659946918,224.9937592,226.2638397,20.05486488,62.71091843,Autumn,3
10/9/2028,19.40364075,26.65644264,13.94887829,8.624570847,1.230871081,94.87770844,2.513320446,3.665000916,224.8173218,226.0741119,19.89767075,62.84851456,Autumn,3
10/10/2028,19.27095604,26.516922,13.83014584,8.570529938,1.222625494,94.87891388,2.514562607,3.670483112,224.6809692,225.9190216,19.73989487,62.98447037,Autumn,3
10/11/2028,19.13711929,26.37617683,13.71045399,8.516130447,1.214330435,94.87998199,2.516161203,3.676443577,224.5881653,225.8020172,19.58125687,63.11964798,Autumn,3
10/12/2028,19.00180817,26.23379517,13.58957386,8.461374283,1.206059813,94.88090515,2.518153429,3.682930946,224.542038,225.7262115,19.42147636,63.25487518,Autumn,3
10/13/2028,18.86470413,26.08936691,13.46728039,8.406261444,1.197884202,94.88165283,2.520575762,3.689991474,224.545166,225.6943207,19.26026917,63.39097977,Autumn,3
10/14/2028,18.72549438,25.94250488,13.34335613,8.350788116,1.189869761,94.88222504,2.523461103,3.697668552,224.5997009,225.7086792,19.09737015,63.52873611,Autumn,3
10/15/2028,18.58389091,25.79283524,13.21758747,8.294947624,1.182078958,94.88259125,2.526841402,3.706001282,224.7073517,225.7711639,18.93251991,63.66887665,Autumn,3
10/16/2028,18.43960381,25.63999367,13.08977032,8.238729477,1.174568772,94.88275146,2.530744076,3.715025425,224.8693085,225.8832397,18.76547241,63.81209946,Autumn,3
10/17/2028,18.29237366,25.48365402,12.95970631,8.182123184,1.167391539,94.88269043,2.535194635,3.724773407,225.0862274,226.0458984,18.59600639,63.95904922,Autumn,3
10/18/2028,18.14196587,25.32350731,12.82721615,8.125114441,1.160593987,94.88240051,2.5402143,3.735271931,225.3583069,226.2596588,18.42390442,64.11030579,Autumn,3
10/19/2028,17.98815918,25.15928078,12.69213772,8.067689896,1.154217005,94.88185883,2.545820475,3.746542931,225.6851959,226.5246124,18.24898529,64.26638794,Autumn,3
10/20/2028,17.83076859,24.99073219,12.55432034,8.009839058,1.148295879,94.881073,2.552027702,3.758603096,226.06604,226.840332,18.0710907,64.42778015,Autumn,3
10/21/2028,17.66962814,24.81764793,12.41363811,7.951547146,1.142859817,94.88002777,2.55884409,3.771462917,226.4995575,227.2059937,17.8900795,64.59486389,Autumn,3
10/22/2028,17.50461769,24.63986778,12.26998234,7.892804623,1.137931705,94.87872314,2.566276073,3.785128117,226.9839172,227.6203156,17.70584679,64.76796722,Autumn,3
10/23/2028,17.33563805,24.45725632,12.12326717,7.833602905,1.13352859,94.87716675,2.574323416,3.79959774,227.5168762,228.081543,17.51831055,64.94735718,Autumn,3
10/24/2028,17.16262436,24.26973152,11.9734354,7.773937225,1.129661679,94.87534332,2.582982779,3.814864635,228.0957489,228.5875244,17.32742882,65.13322449,Autumn,3
10/25/2028,16.98555374,24.07724571,11.82044983,7.713804722,1.126335382,94.87326813,2.592245102,3.830915928,228.7174377,229.135788,17.13318634,65.32567596,Autumn,3
10/26/2028,16.80443573,23.8798027,11.66430378,7.653208733,1.123549342,94.87094879,2.60209775,3.847732067,229.3785095,229.7234192,16.93559265,65.52476501,Autumn,3
10/27/2028,16.61931801,23.67744446,11.50501347,7.592155933,1.121297121,94.86838531,2.612523079,3.865286827,230.0751953,230.3472443,16.73470497,65.73046875,Autumn,3
10/28/2028,16.43028259,23.47026062,11.34262276,7.530656815,1.119567275,94.86560059,2.62349844,3.88354969,230.8033752,231.0036621,16.53060532,65.94270325,Autumn,3
10/29/2028,16.23745155,23.2583828,11.17720795,7.468729973,1.118343115,94.86260223,2.634997845,3.90248251,231.5587158,231.6889496,16.32340813,66.1612854,Autumn,3
10/30/2028,16.04098129,23.04199028,11.0088644,7.406398296,1.117603421,94.85940552,2.646990061,3.922042847,232.336731,232.3990631,16.11326218,66.38600159,Autumn,3
10/31/2028,15.8410635,22.82130623,10.83772373,7.343689442,1.117323399,94.85603333,2.659440517,3.942180157,233.1326599,233.1298828,15.90035343,66.61656189,Autumn,3
11/1/2028,15.63792324,22.59658623,10.66393757,7.280640125,1.117473602,94.85250854,2.672310591,3.962841988,233.9416962,233.8769531,15.68488598,66.85261536,Autumn,3
11/2/2028,15.43182278,22.36813354,10.4876852,7.217290878,1.118022323,94.84885406,2.685558081,3.983969688,234.7589417,234.6359406,15.46710491,67.09378052,Autumn,3
11/3/2028,15.22305012,22.13628578,10.30917168,7.153689861,1.118934155,94.84509277,2.699137211,4.005499363,235.5795135,235.4022675,15.24727917,67.33958435,Autumn,3
11/4/2028,15.0119257,21.90141869,10.12862492,7.08989048,1.120172501,94.84127045,2.713000298,4.027364731,236.3984528,236.1714478,15.02570248,67.58953857,Autumn,3
11/5/2028,14.79879665,21.66393471,9.946295738,7.025954247,1.121698499,94.83739471,2.727095842,4.049494743,237.2109985,236.9389343,14.80269527,67.84312439,Autumn,3
11/6/2028,14.58403397,21.42426491,9.762453079,6.961946011,1.123472571,94.83351898,2.741370678,4.071816444,238.0124512,237.7003021,14.57859421,68.0997467,Autumn,3
11/7/2028,14.36803055,21.18287277,9.577388763,6.897938251,1.12545383,94.82966614,2.755770445,4.094254017,238.798233,238.4512634,14.35376167,68.35881042,Autumn,3
11/8/2028,14.15119553,20.94024658,9.391405106,6.834006786,1.127602816,94.82587433,2.770238161,4.116728783,239.5640259,239.1875763,14.12857246,68.61968231,Autumn,3
11/9/2028,13.93395901,20.69687653,9.204824448,6.770235062,1.129879475,94.8221817,2.784717083,4.139162064,240.3057404,239.905304,13.90341663,68.88172913,Autumn,3
11/10/2028,13.71675777,20.4532814,9.017981529,6.706709385,1.132245302,94.8186264,2.79914856,4.161475182,241.0195465,240.6006165,13.67869568,69.14430237,Autumn,3
11/11/2028,13.5000391,20.20998955,8.831213951,6.643518925,1.134664059,94.81524658,2.813475609,4.183587551,241.7019501,241.269989,13.45481491,69.40670776,Autumn,3
11/12/2028,13.28425789,19.96753311,8.644874573,6.580757141,1.137100101,94.81208038,2.827639818,4.205420017,242.349823,241.9101715,13.23218918,69.66830444,Autumn,3
11/13/2028,13.06987095,19.72644806,8.4593153,6.518520832,1.139522076,94.80915833,2.841585398,4.226894855,242.9602966,242.5182495,13.01123142,69.92842865,Autumn,3
11/14/2028,12.85733414,19.48726845,8.274893761,6.456906319,1.141900778,94.80653381,2.855255604,4.247935295,243.5310669,243.0916138,12.79235649,70.18641663,Autumn,3
11/15/2028,12.64709187,19.2505188,8.091963768,6.39601326,1.144210339,94.80422211,2.868597746,4.268467903,244.0601349,243.628006,12.57596779,70.44163513,Autumn,3
11/16/2028,12.4395895,19.01672554,7.910878181,6.335941315,1.146429062,94.80227661,2.88155961,4.288421154,244.5459137,244.1255493,12.36246967,70.69346619,Autumn,3
11/17/2028,12.2352562,18.7863884,7.731986046,6.276787758,1.148539066,94.80072784,2.894091845,4.307727814,244.9872742,244.5827179,12.15225029,70.94132233,Autumn,3
11/18/2028,12.03450584,18.55999184,7.555620193,6.218650818,1.150526762,94.79959869,2.906148434,4.32632494,245.3835907,244.9984283,11.94568443,71.18463135,Autumn,3
11/19/2028,11.83773327,18.33800888,7.382109642,6.161625862,1.152383089,94.79892731,2.917685986,4.344153404,245.7345581,245.371994,11.74312782,71.42286682,Autumn,3
11/20/2028,11.64531803,18.12088013,7.211770058,6.10580492,1.154103637,94.79873657,2.9286654,4.361158848,246.04039,245.7030487,11.54492378,71.65553284,Autumn,3
11/21/2028,11.45761108,17.90901756,7.044895172,6.051276207,1.155688047,94.79904938,2.939050436,4.377292156,246.3017273,245.9916687,11.35138988,71.88217163,Autumn,3
11/22/2028,11.27493668,17.70280838,6.881771088,5.998125553,1.157142043,94.79989624,2.948810577,4.392512321,246.519577,246.2383575,11.16282082,72.10237122,Autumn,3
11/23/2028,11.09759426,17.50259972,6.722653389,5.94643116,1.158474326,94.80128479,2.95791769,4.406781197,246.6953735,246.4439087,10.97948551,72.31577301,Autumn,3
11/24/2028,10.92584991,17.30871391,6.567781448,5.89626646,1.159699678,94.80323792,2.96634984,4.420068264,246.8309479,246.6095734,10.80162144,72.52203369,Autumn,3
11/25/2028,10.75994015,17.12142181,6.417373657,5.847697735,1.160835743,94.80575562,2.974088907,4.432350159,246.9284058,246.7368011,10.62944317,72.72090149,Autumn,3
11/26/2028,10.60006142,16.94096756,6.271619797,5.800785065,1.161905646,94.80885315,2.981122494,4.443610191,246.9902802,246.8275146,10.46313286,72.91212463,Autumn,3
11/27/2028,10.44638634,16.76755142,6.130685806,5.755579948,1.162935853,94.81252289,2.987442493,4.453837395,247.0193481,246.8838654,10.30283737,73.09555054,Autumn,3
11/28/2028,10.29903793,16.60132408,5.994711876,5.712127686,1.163956046,94.81678009,2.993045807,4.463028908,247.0186462,246.9082489,10.14867878,73.27104187,Autumn,3
11/29/2028,10.15811539,16.44240379,5.863805771,5.670461655,1.165000319,94.82160187,2.99793458,4.471188068,246.9913788,246.9033661,10.0007391,73.43850708,Autumn,3
11/30/2028,10.02367496,16.29086876,5.738052368,5.630608559,1.166103959,94.82698059,3.002115726,4.478325367,246.9410553,246.8720245,9.859071732,73.59793091,Autumn,3
12/1/2028,9.895737648,16.14674377,5.617507935,5.592586517,1.167306304,94.83290863,3.005601645,4.48445797,246.8712463,246.8173065,9.723697662,73.7492981,Winter,0
12/2/2028,9.774285316,16.01002693,5.502197266,5.556402683,1.168647051,94.8393631,3.00840807,4.489609241,246.785614,246.7424164,9.594602585,73.8927002,Winter,0
12/3/2028,9.65927124,15.88066101,5.392122269,5.522055149,1.1701684,94.84631348,3.010557175,4.493809223,246.6879425,246.6506348,9.471748352,74.02820587,Winter,0
12/4/2028,9.550609589,15.75856018,5.287250519,5.489532948,1.171913147,94.85374451,3.012074232,4.497095108,246.5820465,246.5453186,9.355056763,74.15596008,Winter,0
12/5/2028,9.448184013,15.64359856,5.187525749,5.458815575,1.173923969,94.86161041,3.012988806,4.499507427,246.4716492,246.4298401,9.24442482,74.27613831,Winter,0
12/6/2028,9.35184288,15.53561115,5.092870712,5.429873943,1.17624414,94.86988068,3.013334513,4.501093388,246.3604431,246.3076172,9.139724731,74.38893127,Winter,0
12/7/2028,9.26140976,15.43440533,5.003173828,5.402668953,1.178915262,94.87852478,3.013149261,4.501905918,246.2520752,246.1820374,9.040795326,74.4945755,Winter,0
12/8/2028,9.176680565,15.3397522,4.918310165,5.377153397,1.181978345,94.88748169,3.012473106,4.502000809,246.1499634,246.0563049,8.947463036,74.59333801,Winter,0
12/9/2028,9.097421646,15.25139809,4.838125229,5.353272438,1.185471892,94.89671326,3.011349678,4.501439095,246.0574341,245.9336395,8.859520912,74.68549347,Winter,0
12/10/2028,9.023381233,15.16906452,4.762443542,5.330962181,1.189432383,94.90617371,3.009824991,4.500284195,245.9775848,245.8170471,8.776749611,74.77133179,Winter,0
12/11/2028,8.954286575,15.09244633,4.691081047,5.310152054,1.193892837,94.915802,3.00794673,4.498604298,245.9132233,245.7094421,8.698904991,74.85118103,Winter,0
12/12/2028,8.889846802,15.02122021,4.62382412,5.290766716,1.198883653,94.92555237,3.005765676,4.496467113,245.8669434,245.6134491,8.62573719,74.92534637,Winter,0
12/13/2028,8.82975769,14.95505238,4.560456276,5.272721291,1.20443058,94.9353714,3.003332376,4.493944645,245.841095,245.5315247,8.556980133,74.99415588,Winter,0
12/14/2028,8.773705482,14.89359379,4.50074482,5.255928993,1.210555434,94.94519043,3.000699282,4.491108894,245.8375549,245.4658966,8.492360115,75.05795288,Winter,0
12/15/2028,8.721364975,14.83648872,4.444443703,5.240297318,1.217274785,94.95495605,2.997918606,4.488033295,245.8580627,245.4184875,8.431588173,75.11705017,Winter,0
12/16/2028,8.672412872,14.78336906,4.391301155,5.225730419,1.224600673,94.96461487,2.995043755,4.484789371,245.9038849,245.3909912,8.374385834,75.17177582,Winter,0
12/17/2028,8.626512527,14.73387623,4.341067314,5.212129593,1.232539535,94.97409821,2.992125988,4.481450558,245.9759521,245.3847351,8.320468903,75.222435,Winter,0
12/18/2028,8.583341599,14.68764973,4.293480873,5.199394703,1.241092086,94.98335266,2.989217043,4.478087425,246.0748444,245.4008026,8.269545555,75.26933289,Winter,0
12/19/2028,8.542572975,14.64432716,4.248283386,5.187423229,1.250253439,94.99232483,2.986367702,4.474769592,246.2008209,245.4399719,8.221343994,75.31274414,Winter,0
12/20/2028,8.503891945,14.60356331,4.205220222,5.176115036,1.260012627,95.00094604,2.983625889,4.471563339,246.3536987,245.502655,8.175580025,75.35295105,Winter,0
12/21/2028,8.466993332,14.56502724,4.164038658,5.165369511,1.27035296,95.00917816,2.981038809,4.468533516,246.5329895,245.5890198,8.131999969,75.39017487,Winter,0
12/22/2028,8.431581497,14.52839184,4.124494553,5.155087471,1.281251311,95.01694489,2.978650093,4.465740681,246.737854,245.6988983,8.090352058,75.42464447,Winter,0
12/23/2028,8.397380829,14.49336052,4.086354256,5.145172119,1.292679191,95.0242157,2.976501942,4.463242054,246.9671326,245.8317871,8.050390244,75.45656586,Winter,0
12/24/2028,8.364131927,14.45964432,4.049390793,5.135530949,1.304601431,95.03093719,2.974632263,4.461090565,247.2192688,245.9869537,8.011906624,75.48609924,Winter,0
12/25/2028,8.33159256,14.42699051,4.013389587,5.126075745,1.316978216,95.03707123,2.973077059,4.459333897,247.4925079,246.1633148,7.974686623,75.51338959,Winter,0
12/26/2028,8.299545288,14.39515877,3.978154182,5.116723061,1.329763532,95.04256439,2.971867561,4.458016872,247.7848053,246.3596497,7.938548088,75.5385437,Winter,0
12/27/2028,8.267798424,14.3639431,3.94350481,5.107393742,1.342906833,95.04738617,2.971032143,4.457176208,248.0937958,246.5743408,7.903335571,75.56164551,Winter,0
12/28/2028,8.236179352,14.33316422,3.909275055,5.098016739,1.356352091,95.05150604,2.970594883,4.45684576,248.4169922,246.8056335,7.868904114,75.58276367,Winter,0
12/29/2028,8.204546928,14.30267048,3.875319004,5.088527679,1.370039582,95.05489349,2.970575571,4.457051277,248.7516785,247.0516205,7.835136414,75.60189819,Winter,0
12/30/2028,8.172782898,14.27234173,3.841510773,5.078868866,1.383905888,95.05752563,2.970990658,4.457815647,249.0949249,247.3101349,7.801940918,75.61906433,Winter,0
12/31/2028,8.140802383,14.24208546,3.807745457,5.068989754,1.397883058,95.05939484,2.971851349,4.459152699,249.4438171,247.5789337,7.769246101,75.63422394,Winter,0
1/1/2029,8.10854435,14.21184254,3.773936749,5.058850288,1.411901355,95.06047058,2.973165512,4.461073875,249.7952576,247.8556061,7.737010002,75.64732361,Winter,0
1/2/2029,8.075974464,14.18159199,3.740021706,5.048417091,1.425887942,95.0607605,2.974935293,4.463580608,250.1461029,248.1376801,7.705215454,75.65826416,Winter,0
1/3/2029,8.043087959,14.15132618,3.705960274,5.037666321,1.439769149,95.06025696,2.977160931,4.466671467,250.4932251,248.4226074,7.673856735,75.66697693,Winter,0
1/4/2029,8.009908676,14.12108231,3.671732903,5.026581764,1.453469515,95.05896759,2.979835987,4.470338821,250.8335876,248.7078705,7.642974854,75.6733017,Winter,0
1/5/2029,7.976485252,14.09092236,3.637338161,5.015158176,1.466913223,95.0568924,2.98295188,4.474568367,251.1640472,248.990921,7.612610817,75.67710876,Winter,0
1/6/2029,7.94289875,14.06093884,3.602799892,5.003396988,1.480024695,95.05404663,2.98649478,4.479341507,251.48172,249.2691803,7.582840919,75.67823029,Winter,0
1/7/2029,7.909241676,14.03123951,3.568161011,4.991309166,1.492729187,95.05045319,2.990448236,4.484633923,251.7837677,249.5402374,7.553761482,75.67650604,Winter,0
1/8/2029,7.875638962,14.00196552,3.533483028,4.978915215,1.5049541,95.04613495,2.994791031,4.490416527,252.0675507,249.8017426,7.52548027,75.67173004,Winter,0
1/9/2029,7.842237473,13.97328281,3.498846531,4.966240883,1.51662755,95.04112244,2.999500275,4.496656895,252.3305511,250.0514069,7.498133659,75.66371155,Winter,0
1/10/2029,7.80919838,13.94537449,3.464349747,4.953322887,1.527681589,95.03544617,3.004548788,4.503316402,252.5705872,250.2871399,7.471860886,75.65226746,Winter,0
1/11/2029,7.776705742,13.91843987,3.430107117,4.94020319,1.53805089,95.02913666,3.009906292,4.510354042,252.7855835,250.5069885,7.44683075,75.63717651,Winter,0
1/12/2029,7.744952202,13.89269257,3.396243095,4.926931381,1.547675014,95.02224731,3.01554203,4.517724991,252.9738617,250.709198,7.423214912,75.61825562,Winter,0
1/13/2029,7.714147568,13.86836433,3.362901688,4.913562775,1.556497097,95.01481628,3.021420479,4.525382519,253.1339111,250.8922729,7.401194572,75.59529114,Winter,0
1/14/2029,7.684515953,13.84570026,3.330233574,4.900157928,1.564465642,95.00689697,3.027506351,4.533276081,253.2646179,251.0548096,7.380959511,75.56808472,Winter,0
1/15/2029,7.656282425,13.82493877,3.298406601,4.886784077,1.571534038,94.99853516,3.033761978,4.541354656,253.3651276,251.1957397,7.362713814,75.53646851,Winter,0
1/16/2029,7.629680634,13.8063345,3.267580986,4.873511314,1.577662587,94.98978424,3.040148973,4.549563408,253.4348755,251.3141937,7.346654892,75.50027466,Winter,0
1/17/2029,7.604953766,13.79014874,3.237939358,4.860413074,1.582817197,94.98070526,3.046627522,4.557849884,253.4737396,251.4095764,7.332983971,75.45932007,Winter,0
1/18/2029,7.582335472,13.77662754,3.209656715,4.847565651,1.586969972,94.97134399,3.053158045,4.566158772,253.4817505,251.4815674,7.321902275,75.41346741,Winter,0
1/19/2029,7.56206131,13.76602364,3.182915688,4.835047722,1.590100408,94.96177673,3.059700727,4.574435234,253.4594116,251.5300751,7.313612938,75.3625946,Winter,0
1/20/2029,7.544365883,13.75857639,3.15789938,4.822937012,1.592194438,94.95204163,3.066215992,4.582625866,253.4074707,251.5552673,7.308304787,75.30659485,Winter,0
1/21/2029,7.529472351,13.75453186,3.134783745,4.811314583,1.593245983,94.94221497,3.072664976,4.590677261,253.3269958,251.5575409,7.306167603,75.24537659,Winter,0
1/22/2029,7.517602921,13.75410938,3.113745213,4.800258636,1.593254566,94.9323349,3.079009295,4.598537445,253.2193451,251.5375977,7.307377815,75.17888641,Winter,0
1/23/2029,7.508960724,13.75751495,3.094953537,4.789847374,1.592228293,94.92248535,3.085212469,4.606158257,253.0862122,251.4963226,7.312102318,75.10707092,Winter,0
1/24/2029,7.503739357,13.76495361,3.078575134,4.780155659,1.590181231,94.91269684,3.091239214,4.613490105,252.9293823,251.434845,7.320493698,75.02989197,Winter,0
1/25/2029,7.502119064,13.77659988,3.064763069,4.77125597,1.587135434,94.90303802,3.09705615,4.620490551,252.7510681,251.3544922,7.3326931,74.9473877,Winter,0
1/26/2029,7.504261017,13.79261589,3.053659916,4.763216496,1.583118439,94.89356232,3.102631807,4.627116203,252.5536346,251.2567596,7.34882164,74.85955811,Winter,0
1/27/2029,7.510313034,13.81313896,3.04540062,4.756103039,1.578165174,94.88430786,3.107937336,4.633328915,252.3395081,251.1434021,7.368992805,74.76646423,Winter,0
1/28/2029,7.520396233,13.83828735,3.040104389,4.749974251,1.572316408,94.87533569,3.112946749,4.63909483,252.1114197,251.0161896,7.393291473,74.66818237,Winter,0
1/29/2029,7.534621239,13.86815548,3.037879467,4.744886398,1.565618157,94.86667633,3.117635727,4.644382477,251.8721924,250.8771057,7.421791077,74.56480408,Winter,0
1/30/2029,7.553074837,13.90282536,3.038815975,4.740885735,1.558122873,94.85837555,3.121983528,4.649164677,251.6246338,250.7281952,7.454545975,74.45644379,Winter,0
1/31/2029,7.575814247,13.94233704,3.042991638,4.738016129,1.549886346,94.8504715,3.125972033,4.653419495,251.3717194,250.5716248,7.49158287,74.34323883,Winter,0
2/1/2029,7.602887154,13.98671627,3.050468445,4.736311913,1.540969849,94.84298706,3.129586935,4.657127857,251.1164093,250.4095917,7.532922745,74.22535706,Winter,0
2/2/2029,7.634313583,14.03596783,3.061286449,4.735802174,1.531437635,94.83595276,3.132816076,4.660276413,250.8616333,250.2442169,7.578555107,74.10295105,Winter,0
2/3/2029,7.670090675,14.09006596,3.075477123,4.736506462,1.521358013,94.82939148,3.13565135,4.662855625,250.6102753,250.0777588,7.628453255,73.97622681,Winter,0
2/4/2029,7.710188866,14.14896679,3.093048573,4.73844099,1.510800838,94.82331848,3.138087273,4.664860725,250.3651886,249.9123688,7.682575226,73.84536743,Winter,0
2/5/2029,7.754572868,14.21259689,3.113996983,4.741610527,1.499838471,94.81774139,3.140121937,4.666291714,250.1290283,249.7501526,7.74085331,73.71060181,Winter,0
2/6/2029,7.803171158,14.28087234,3.138299942,4.746015549,1.488544106,94.81267548,3.141755819,4.667151451,249.9043579,249.5931396,7.80320549,73.5721283,Winter,0
2/7/2029,7.855903625,14.35368347,3.16591835,4.751646042,1.476991773,94.80812836,3.142993927,4.667448997,249.6935883,249.443222,7.869543076,73.43019104,Winter,0
2/8/2029,7.912664413,14.43089485,3.196800232,4.758488178,1.465255618,94.80407715,3.143842459,4.667195797,249.4988708,249.3021851,7.939743042,73.28502655,Winter,0
2/9/2029,7.973333359,14.51236343,3.230874538,4.766518593,1.453408599,94.80052948,3.144311428,4.666408062,249.3221436,249.1716614,8.013677597,73.13685608,Winter,0
2/10/2029,8.03777504,14.597929,3.268062592,4.775709152,1.441522717,94.79747009,3.14441371,4.66510582,249.1651306,249.0530853,8.091208458,72.98591614,Winter,0
2/11/2029,8.105840683,14.68740559,3.308270454,4.786022663,1.429667473,94.7948761,3.144164324,4.663311958,249.0292664,248.9477692,8.172180176,72.83242798,Winter,0
2/12/2029,8.17736721,14.78061199,3.351389885,4.797420502,1.417910457,94.79273987,3.143580198,4.661052704,248.9156799,248.8566895,8.256426811,72.67663574,Winter,0
2/13/2029,8.252176285,14.87734795,3.397303581,4.809855461,1.406315207,94.79101563,3.142681122,4.658357143,248.8252258,248.7807159,8.343783379,72.51875305,Winter,0
2/14/2029,8.330089569,14.97740364,3.445886612,4.823275089,1.394942403,94.78968811,3.141488791,4.655257225,248.7584229,248.7204742,8.434062004,72.35897827,Winter,0
2/15/2029,8.410915375,15.08056164,3.497004509,4.837625504,1.383847833,94.78871918,3.140025616,4.651785851,248.7154694,248.6763153,8.527086258,72.19752502,Winter,0
2/16/2029,8.494457245,15.18660927,3.55051899,4.852847099,1.373083353,94.78807831,3.138316393,4.647979736,248.6962585,248.6483612,8.622660637,72.03458405,Winter,0
2/17/2029,8.580514908,15.29532146,3.606279373,4.868876934,1.362694979,94.7877121,3.136386633,4.643875599,248.7003937,248.6364594,8.720602036,71.87031555,Winter,0
2/18/2029,8.668893814,15.4064827,3.664138317,4.885651588,1.352723479,94.78759003,3.134263515,4.639511108,248.7270813,248.6402893,8.820718765,71.70488739,Winter,0
2/19/2029,8.759383202,15.51987076,3.723946095,4.903104782,1.343204737,94.78766632,3.131973267,4.634925842,248.7752686,248.6592255,8.92282486,71.53845215,Winter,0
2/20/2029,8.851794243,15.63527489,3.785549164,4.921168804,1.3341676,94.7878952,3.12954402,4.630158424,248.8436432,248.6923981,9.026736259,71.37111664,Winter,0
2/21/2029,8.945926666,15.7524786,3.848794937,4.939777374,1.325635552,94.7882309,3.127004147,4.625248909,248.9304657,248.7388,9.132268906,71.20300293,Winter,0
2/22/2029,9.041592598,15.87129021,3.913533688,4.958861351,1.317625403,94.78862,3.124380112,4.620236397,249.0338745,248.7970581,9.239253044,71.03421021,Winter,0
2/23/2029,9.13861084,15.99150848,3.979619026,4.978357315,1.31014812,94.78902435,3.121700764,4.615159512,249.1517029,248.8657227,9.34752655,70.86479187,Winter,0
2/24/2029,9.23680687,16.112957,4.04691124,4.998198509,1.303208351,94.78938293,3.118991375,4.610054493,249.2815094,248.9431152,9.456926346,70.69483948,Winter,0
2/25/2029,9.33602047,16.23546219,4.115271568,5.018325329,1.29680419,94.78965759,3.116279602,4.604958534,249.4207458,249.0274048,9.567308426,70.52435303,Winter,0
2/26/2029,9.436097145,16.35887146,4.184571266,5.038677216,1.290928364,94.78980255,3.113589287,4.599905968,249.5666199,249.1165619,9.678544998,70.35339355,Winter,0
2/27/2029,9.536895752,16.48303032,4.254689217,5.05919981,1.285567164,94.7897644,3.110944748,4.594929218,249.716156,249.2084656,9.790502548,70.18193817,Winter,0
2/28/2029,9.638290405,16.60782051,4.325514793,5.07984066,1.280701995,94.789505,3.10836792,4.590058804,249.8664093,249.3008881,9.903075218,70.01000214,Winter,0
3/1/2029,9.740168571,16.73312187,4.396942139,5.100553513,1.276308298,94.78899384,3.105880022,4.585322857,250.0142212,249.391571,10.01616383,69.83755493,Spring,1
3/2/2029,9.8424263,16.85883713,4.468882561,5.121295929,1.272357225,94.78817749,3.103500843,4.580747604,250.1563721,249.4780579,10.12968636,69.66456604,Spring,1
3/3/2029,9.944984436,16.98488235,4.541252136,5.142030716,1.268815041,94.78702545,3.101246595,4.576355934,250.2897339,249.5579834,10.24357319,69.49100494,Spring,1
3/4/2029,10.04776955,17.11118507,4.613980293,5.162726879,1.265644431,94.7855072,3.099133968,4.572167397,250.4111023,249.628952,10.35776138,69.31680298,Spring,1
3/5/2029,10.15072823,17.2376976,4.687007904,5.183358192,1.262804508,94.78359222,3.097175598,4.568199635,250.517395,249.6885834,10.4722147,69.141922,Spring,1
3/6/2029,10.25381756,17.36438179,4.760289192,5.203904629,1.260251045,94.78125763,3.095383644,4.56446743,250.6055298,249.7345276,10.58690166,68.96627808,Spring,1
3/7/2029,10.35701466,17.49121094,4.833785057,5.224352837,1.257937551,94.77848053,3.093766451,4.560980797,250.6725616,249.7644958,10.70180416,68.78981781,Spring,1
3/8/2029,10.46030521,17.61817551,4.90747261,5.244695187,1.255815625,94.77524567,3.092331886,4.557748318,250.7157593,249.7763062,10.81692123,68.61247253,Spring,1
3/9/2029,10.56368828,17.74527931,4.981343269,5.264928818,1.253835917,94.77154541,3.091084242,4.554775238,250.7324677,249.7678986,10.9322567,68.43418121,Spring,1
3/10/2029,10.66718006,17.87253761,5.055388451,5.285058022,1.25194788,94.7673645,3.090027094,4.552062988,250.7202454,249.737381,11.04783154,68.25487518,Spring,1
3/11/2029,10.77080536,17.99996948,5.129618645,5.305093288,1.250100851,94.76271057,3.089160442,4.549611092,250.6769714,249.6829376,11.16367435,68.07449341,Spring,1
3/12/2029,10.87459564,18.12761497,5.204051971,5.3250494,1.248245001,94.75756836,3.088483095,4.547414303,250.6006317,249.6029663,11.27982235,67.89300537,Spring,1
3/13/2029,10.9786005,18.25551414,5.278717995,5.344946861,1.246331573,94.75195313,3.087992191,4.545466423,250.4895477,249.4960785,11.39632034,67.71035767,Spring,1
3/14/2029,11.08287239,18.38371658,5.353650093,5.364810944,1.244313002,94.74588013,3.08768177,4.543758392,250.3423462,249.3610382,11.51322174,67.52651215,Spring,1
3/15/2029,11.18746853,18.51227379,5.428896904,5.384672165,1.242144227,94.73935699,3.087544918,4.542277813,250.1578979,249.1968689,11.63058376,67.34145355,Spring,1
3/16/2029,11.29245853,18.64124489,5.504501343,5.404563904,1.239782333,94.73240662,3.087572813,4.541009426,249.935379,249.0028534,11.74847126,67.15518188,Spring,1
3/17/2029,11.39791203,18.77069092,5.580523491,5.424524307,1.237188339,94.72504425,3.087754965,4.539937496,249.6743317,248.7783661,11.86694813,66.96769714,Spring,1
3/18/2029,11.50390053,18.90066719,5.657027245,5.444595337,1.234326124,94.71730804,3.088078976,4.539042473,249.3745117,248.5231171,11.98608017,66.77902222,Spring,1
3/19/2029,11.61050224,19.03124046,5.734074593,5.464818954,1.231163859,94.70922089,3.088531971,4.538304806,249.036087,248.2370453,12.10593987,66.58919525,Spring,1
3/20/2029,11.71779251,19.16246414,5.811737061,5.48524189,1.227674127,94.70081329,3.08909893,4.537701607,248.6595001,247.9203186,12.22659016,66.39828491,Spring,1
3/21/2029,11.82584286,19.29439354,5.890080452,5.505911827,1.223833323,94.69213104,3.089764595,4.537209511,248.2454529,247.5733032,12.34809971,66.20635986,Spring,1
3/22/2029,11.93473244,19.42708206,5.969177246,5.52687645,1.219623923,94.68321228,3.090512037,4.536804199,247.7949982,247.1966095,12.47053146,66.01350403,Spring,1
3/23/2029,12.04452229,19.56056786,6.049098969,5.548184395,1.215032458,94.67409515,3.091324091,4.536459923,247.3094635,246.7910309,12.59393883,65.81982422,Spring,1
3/24/2029,12.15528584,19.69489479,6.129915237,5.569885254,1.210051179,94.66482544,3.092182636,4.536149979,246.7903748,246.357605,12.71838188,65.6254425,Spring,1
3/25/2029,12.2670784,19.83008766,6.211695671,5.592026711,1.204676867,94.65544128,3.093069077,4.535848141,246.2395477,245.8975067,12.8439064,65.43049622,Spring,1
3/26/2029,12.37995148,19.96616554,6.294502258,5.614656448,1.198912501,94.64600372,3.093965292,4.535526752,245.6591034,245.4121552,12.97055054,65.23514557,Spring,1
3/27/2029,12.49395561,20.10314941,6.378398895,5.637818336,1.192765594,94.6365509,3.094851494,4.535159111,245.0511627,244.9030304,13.09835243,65.03955078,Spring,1
3/28/2029,12.60912704,20.24103546,6.463441849,5.661556721,1.186248899,94.62713623,3.095708847,4.53471756,244.4181976,244.3717957,13.22733307,64.84388733,Spring,1
3/29/2029,12.72549343,20.37981415,6.549684525,5.685910225,1.179380178,94.61780548,3.096518517,4.534175873,243.7627563,243.8202362,13.35751438,64.64834595,Spring,1
3/30/2029,12.84307957,20.51947975,6.63717556,5.710918903,1.172181606,94.60860443,3.097261667,4.533507347,243.0874634,243.2501984,13.48890305,64.45313263,Spring,1
3/31/2029,12.96189499,20.65999603,6.725951195,5.736614227,1.164680243,94.59959412,3.097919703,4.53268671,242.3950958,242.6636353,13.62149811,64.25843811,Spring,1
4/1/2029,13.08194256,20.80132484,6.816049576,5.763028145,1.156906843,94.59080505,3.098474503,4.531688213,241.688446,242.0624695,13.75529289,64.06448364,Spring,1
4/2/2029,13.20321751,20.94342613,6.90749836,5.790185928,1.148896337,94.58228302,3.098909378,4.530488968,240.9703827,241.4487457,13.89026737,63.87145996,Spring,1
4/3/2029,13.32570362,21.08624077,7.000319481,5.818109035,1.140686154,94.57408905,3.099205971,4.529065609,240.2436676,240.8244934,14.02639866,63.67958832,Spring,1
4/4/2029,13.4493742,21.22970581,7.094529152,5.846815586,1.132317781,94.56624603,3.099349499,4.527396202,239.5110779,240.1916046,14.1636467,63.48908234,Spring,1
4/5/2029,13.57419872,21.37375069,7.190133095,5.876317978,1.123834014,94.55880737,3.099323511,4.52546072,238.7753754,239.5520477,14.30197334,63.30012894,Spring,1
4/6/2029,13.70013618,21.5182991,7.287134171,5.906624794,1.11528039,94.55180359,3.09911418,4.523239136,238.0391388,238.9076996,14.44133091,63.11293793,Spring,1
4/7/2029,13.82713795,21.66326714,7.385525703,5.937739372,1.106702805,94.54527283,3.098706722,4.520713806,237.3048096,238.2603149,14.58165646,62.92768478,Spring,1
4/8/2029,13.95515156,21.80856514,7.485300064,5.969660759,1.098148942,94.53923798,3.09808898,4.517868519,236.5748138,237.6115723,14.72289371,62.74454498,Spring,1
4/9/2029,14.08411217,21.95410347,7.586437225,6.002383232,1.089666247,94.53372955,3.097248793,4.514688015,235.8512421,236.9629974,14.86497784,62.56367493,Spring,1
4/10/2029,14.21395969,22.09979248,7.688918114,6.035895348,1.081301808,94.52877808,3.096175194,4.51115942,235.1360626,236.315979,15.00783253,62.38521957,Spring,1
4/11/2029,14.34462166,22.24553299,7.792716026,6.070184708,1.073101759,94.5243988,3.094857931,4.507269382,234.4310455,235.6717834,15.15138721,62.20928955,Spring,1
4/12/2029,14.4760294,22.39123535,7.897796631,6.105231285,1.065110922,94.52061462,3.093287945,4.503008366,233.7376404,235.0315094,15.29556942,62.03598785,Spring,1
4/13/2029,14.60810661,22.53680992,8.004128456,6.141013145,1.057372093,94.51743317,3.091457605,4.498366356,233.0571747,234.3960419,15.44029522,61.86539841,Spring,1
4/14/2029,14.74078465,22.68216705,8.111674309,6.177505493,1.049925566,94.51486969,3.089359283,4.493336201,232.390686,233.7660675,15.58549595,61.6975708,Spring,1
4/15/2029,14.87398434,22.82722855,8.220394135,6.214679241,1.042808652,94.51292419,3.086987019,4.487911224,231.7388306,233.1421661,15.73109341,61.53251648,Spring,1
4/16/2029,15.00763988,22.97191238,8.33025074,6.252502441,1.036054611,94.51160431,3.084335327,4.482085705,231.1021423,232.5246582,15.87701511,61.37024689,Spring,1
4/17/2029,15.14168072,23.11615372,8.441196442,6.290940285,1.029693365,94.5109024,3.081399679,4.475856781,230.480835,231.9137115,16.02319717,61.21073151,Spring,1
4/18/2029,15.27604198,23.25989723,8.553195953,6.329958916,1.023750305,94.51082611,3.078176975,4.469221115,229.8748322,231.3092957,16.16957092,61.05390167,Spring,1
4/19/2029,15.41066265,23.40308571,8.666203499,6.369518757,1.018245816,94.51135254,3.074664116,4.462177277,229.283844,230.7111816,16.31607628,60.89968109,Spring,1
4/20/2029,15.54549122,23.54568481,8.780183792,6.409581661,1.013195872,94.51248169,3.070859432,4.454724789,228.7073059,230.1190186,16.46266174,60.74794006,Spring,1
4/21/2029,15.68048382,23.68766785,8.895098686,6.450109482,1.008610368,94.5141983,3.066761971,4.446865082,228.1444092,229.5322418,16.60928535,60.59853363,Spring,1
4/22/2029,15.81559658,23.82902145,9.010910988,6.491060734,1.004494667,94.51647186,3.062371016,4.43859911,227.594162,228.9501801,16.75590324,60.45128632,Spring,1
4/23/2029,15.9508028,23.96973801,9.127592087,6.532396793,1.00084734,94.51929474,3.057687521,4.429929733,227.0553284,228.3720093,16.90249252,60.30599976,Spring,1
4/24/2029,16.08607101,24.10983658,9.24511528,6.574079037,0.997662306,94.52264404,3.052711964,4.420860767,226.5265656,227.7967987,17.0490303,60.16243744,Spring,1
4/25/2029,16.22140312,24.24934006,9.363453865,6.61606741,0.99492687,94.52648926,3.047446728,4.411396027,226.0062561,227.2235107,17.19550705,60.02033615,Spring,1
4/26/2029,16.35678291,24.38829422,9.482593536,6.658326626,0.99262315,94.5308075,3.041894197,4.40154171,225.4927368,226.6510315,17.34192085,59.87942505,Spring,1
4/27/2029,16.49222565,24.52674484,9.602514267,6.700820923,0.990727365,94.53556824,3.036056757,4.391303062,224.9842529,226.0782623,17.48828316,59.73940277,Spring,1
4/28/2029,16.62774467,24.6647644,9.723210335,6.743515491,0.989210248,94.54074097,3.029938936,4.38068676,224.4788818,225.5039215,17.63460732,59.59994125,Spring,1
4/29/2029,16.7633667,24.80243301,9.844677925,6.78637886,0.988037229,94.54628754,3.023544788,4.369700909,223.9747314,224.9268494,17.78092575,59.46070862,Spring,1
4/30/2029,16.89912987,24.93985176,9.966917992,6.829382896,0.987168312,94.55219269,3.01687932,4.358353615,223.4699249,224.3458862,17.92727661,59.32134628,Spring,1
5/1/2029,17.03507805,25.07711792,10.0899353,6.872498989,0.986559451,94.55841064,3.009947777,4.346652985,222.9624634,223.7598877,18.07370567,59.18148804,Spring,1
5/2/2029,17.17126656,25.21435165,10.21374035,6.91570282,0.98616147,94.56490326,3.002756596,4.334609509,222.4505157,223.1676941,18.22026825,59.04076004,Spring,1
5/3/2029,17.30775642,25.35167694,10.33834648,6.958973885,0.985921621,94.57165527,2.995311975,4.322232723,221.9323578,222.5684204,18.36702728,58.89878464,Spring,1
5/4/2029,17.44461823,25.48923874,10.46377754,7.002291203,0.985782981,94.57861328,2.987622261,4.30953455,221.4062195,221.9611359,18.51405716,58.75517273,Spring,1
5/5/2029,17.58193016,25.62717056,10.5900526,7.045639515,0.985686302,94.58576202,2.979694366,4.296525955,220.8705902,221.3450928,18.66143036,58.60954285,Spring,1
5/6/2029,17.71977425,25.76563072,10.71720028,7.08900404,0.985569239,94.59305573,2.971537352,4.283219337,220.3241119,220.7197266,18.8092289,58.46152115,Spring,1
5/7/2029,17.85823822,25.90476418,10.84524822,7.132372856,0.985367239,94.6004715,2.963160753,4.269629002,219.765564,220.0845337,18.95754051,58.31071854,Spring,1
5/8/2029,17.99740791,26.04473305,10.97422791,7.175737381,0.985014915,94.60797119,2.954573631,4.255767345,219.1939545,219.4393616,19.10645485,58.1567955,Spring,1
5/9/2029,18.13737869,26.18568802,11.10416985,7.219088554,0.984445214,94.61553192,2.945787191,4.241650105,218.6086273,218.7841492,19.25606155,57.99938583,Spring,1
5/10/2029,18.27824593,26.32779312,11.23510456,7.262423038,0.983590901,94.62312317,2.936811924,4.227292538,218.0089722,218.1190491,19.40645599,57.83815384,Spring,1
5/11/2029,18.42009735,26.47119522,11.3670702,7.305736065,0.982385278,94.63072205,2.927660704,4.212710857,217.3948212,217.4445343,19.55772591,57.67279434,Spring,1
5/12/2029,18.56302643,26.61604691,11.50009346,7.349024773,0.980762362,94.63829041,2.918344975,4.197923183,216.7662811,216.7611694,19.70995903,57.50301361,Spring,1
5/13/2029,18.70711708,26.76248741,11.634202,7.392287254,0.978657305,94.64582825,2.908878565,4.182947159,216.1236267,216.0699005,19.86324501,57.32852936,Spring,1
5/14/2029,18.85245323,26.91064835,11.76942348,7.435522556,0.976008058,94.65329742,2.899275541,4.167801857,215.4675293,215.3718109,20.01766014,57.1491127,Spring,1
5/15/2029,18.99911308,27.06066513,11.90577888,7.478730202,0.972753823,94.66068268,2.889549732,4.152507305,214.7989502,214.6682739,20.17328262,56.9645462,Spring,1
5/16/2029,19.1471653,27.21263313,12.04328442,7.521907806,0.968838274,94.66796875,2.879717588,4.137084007,214.1191101,213.960907,20.33017731,56.77464294,Spring,1
5/17/2029,19.2966671,27.36665726,12.18195248,7.56505537,0.964207947,94.67513275,2.869793892,4.121554375,213.4295502,213.2515106,20.48840714,56.57925797,Spring,1
5/18/2029,19.44767189,27.52282524,12.32178974,7.608168125,0.958813488,94.68217468,2.859795809,4.105940819,212.7321472,212.5421143,20.64801598,56.37828064,Spring,1
5/19/2029,19.60021591,27.68119812,12.4627943,7.651244164,0.952610373,94.68907166,2.849740744,4.090266228,212.0289001,211.8349915,20.80904388,56.17161942,Spring,1
5/20/2029,19.75432968,27.84182549,12.6049509,7.694275856,0.945558667,94.69581604,2.839646101,4.074555397,211.3222198,211.1325684,20.97151756,55.9592247,Spring,1
5/21/2029,19.91002274,28.00473976,12.7482481,7.737256527,0.937624276,94.70240784,2.829530001,4.058833122,210.6146698,210.4374847,21.13545036,55.74109268,Spring,1
5/22/2029,20.06729889,28.16995049,12.89265537,7.780174732,0.928777814,94.70883179,2.819411993,4.043125153,209.9090881,209.7524414,21.30084038,55.51725006,Spring,1
5/23/2029,20.22613907,28.33744621,13.03813648,7.823018074,0.91899693,94.71508789,2.809310436,4.027457714,209.2084656,209.0803833,21.46767616,55.28774643,Spring,1
5/24/2029,20.38651466,28.50719833,13.18464375,7.86577034,0.908263981,94.72117615,2.799245358,4.011857986,208.5158997,208.4242401,21.63593102,55.05269241,Spring,1
5/25/2029,20.54838371,28.67914963,13.33212185,7.908412457,0.896568775,94.7270813,2.789236307,3.996352673,207.8347778,207.7871094,21.80555344,54.81220245,Spring,1
5/26/2029,20.71167564,28.85322952,13.48050404,7.950921535,0.883906901,94.7328186,2.779303551,3.980970383,207.1684418,207.1721191,21.97649002,54.56645203,Spring,1
5/27/2029,20.8763237,29.02934456,13.6297102,7.99326992,0.870280325,94.73838806,2.769467592,3.965738297,206.52034,206.5823364,22.14866638,54.31562805,Spring,1
5/28/2029,21.04222679,29.20737457,13.7796545,8.035428047,0.855697513,94.74378204,2.759747505,3.950684071,205.8940277,206.0209198,22.32198906,54.05996323,Spring,1
5/29/2029,21.20927429,29.38717842,13.93023586,8.077362061,0.840173066,94.74900818,2.75016427,3.935835838,205.2929535,205.4908752,22.49635696,53.79970551,Spring,1
5/30/2029,21.37734604,29.56860542,14.08134747,8.119033813,0.823728025,94.75406647,2.740736961,3.921221256,204.7205353,204.9952545,22.67164803,53.53513336,Spring,1
5/31/2029,21.54630089,29.7514782,14.23287106,8.160402298,0.806389272,94.75896454,2.731485605,3.906867504,204.1802368,204.53685,22.84772873,53.26655579,Spring,1
6/1/2029,21.71598434,29.93559265,14.38467884,8.201421738,0.78818965,94.76371002,2.72242856,3.892801285,203.6752167,204.1184235,23.02445221,52.9942894,Summer,2
6/2/2029,21.88623238,30.1207428,14.53663731,8.242041588,0.769167244,94.76830292,2.713585138,3.879048347,203.2086334,203.7424927,23.20165634,52.71868134,Summer,2
6/3/2029,22.05686188,30.30669785,14.68859768,8.282213211,0.749366105,94.77275085,2.70497179,3.865633965,202.7833862,203.4114532,23.37917519,52.44009399,Summer,2
6/4/2029,22.22768593,30.49322128,14.84041309,8.321878433,0.728834391,94.77705383,2.696605921,3.852581978,202.4021454,203.1273346,23.55682182,52.15889359,Summer,2
6/5/2029,22.39850044,30.6800499,14.99192333,8.360980988,0.707625329,94.78121948,2.688503981,3.839914322,202.0673828,202.8920288,23.73440361,51.87546921,Summer,2
6/6/2029,22.56910133,30.86692429,15.14296627,8.399461746,0.685795963,94.78525543,2.68067956,3.827653408,201.78125,202.7070923,23.911726,51.59020233,Summer,2
6/7/2029,22.73927116,31.05356789,15.29337597,8.437257767,0.663407207,94.78916168,2.673146963,3.815817833,201.5455475,202.5737762,24.08858109,51.30350113,Summer,2
6/8/2029,22.90878677,31.23970985,15.44298077,8.47430706,0.640523374,94.79294586,2.665918112,3.80442524,201.3617706,202.4930267,24.26475143,51.01574326,Summer,2
6/9/2029,23.077425,31.42505455,15.59160709,8.510545731,0.617211163,94.79660797,2.659003735,3.79349184,201.2310944,202.4653473,24.44002914,50.7273407,Summer,2
6/10/2029,23.24496078,31.60931778,15.7390852,8.545907974,0.593539596,94.80015564,2.652412415,3.78303051,201.1542053,202.4910278,24.61418915,50.43868637,Summer,2
6/11/2029,23.41116142,31.79221535,15.88523769,8.580331802,0.569579601,94.80358124,2.646152735,3.773053169,201.1315613,202.5699005,24.78701782,50.15015411,Summer,2
6/12/2029,23.57579994,31.97346497,16.02989578,8.613752365,0.54540354,94.80690002,2.640229225,3.763568401,201.1630096,202.7014008,24.95828819,49.86212921,Summer,2
6/13/2029,23.73865128,32.15277863,16.17288971,8.646111488,0.521084249,94.81010437,2.634646177,3.754582882,201.2481842,202.8846741,25.12779236,49.57498169,Summer,2
6/14/2029,23.89949799,32.32988358,16.31405258,8.677348137,0.496694863,94.8132019,2.629405737,3.746099472,201.3861389,203.1183777,25.29532051,49.28907013,Summer,2
6/15/2029,24.05812263,32.50452042,16.45322418,8.707406998,0.472308397,94.816185,2.624507427,3.738119125,201.5756073,203.4008636,25.46065331,49.00473022,Summer,2
6/16/2029,24.21432114,32.67642975,16.59025192,8.736235619,0.447997361,94.81905365,2.619949818,3.730640411,201.8149414,203.7300415,25.62360573,48.72229767,Summer,2
6/17/2029,24.36789131,32.8453598,16.72499084,8.763784409,0.423833013,94.82180786,2.61572814,3.723658562,202.1019135,204.1036072,25.7839756,48.44208145,Summer,2
6/18/2029,24.51864815,33.01108932,16.85729599,8.79001236,0.399884909,94.82444763,2.61183691,3.717164993,202.4341278,204.5187683,25.94158363,48.16437149,Summer,2
6/19/2029,24.66641235,33.17339706,16.9870491,8.814878464,0.376220793,94.82697296,2.608267784,3.711150169,202.8087158,204.9724121,26.09625626,47.88945389,Summer,2
6/20/2029,24.8110199,33.33208847,17.11412048,8.838354111,0.352906376,94.82937622,2.605010748,3.705600262,203.2224274,205.4611969,26.24783325,47.61759186,Summer,2
6/21/2029,24.95232582,33.48697662,17.23840714,8.86041069,0.33000493,94.83164978,2.602053404,3.700498581,203.6717682,205.9814911,26.39617157,47.34901428,Summer,2
6/22/2029,25.09019089,33.63789749,17.35980988,8.881032944,0.307575792,94.83380127,2.599382401,3.695827007,204.1529083,206.5294037,26.54112434,47.08395386,Summer,2
6/23/2029,25.22449303,33.78471375,17.47824478,8.90020752,0.285676569,94.83582306,2.596981764,3.691563129,204.6617737,207.1007385,26.68258095,46.82262802,Summer,2
6/24/2029,25.35512924,33.92730331,17.59364319,8.91793251,0.264360487,94.83771515,2.594834089,3.687683105,205.1940308,207.6912537,26.82043457,46.56522369,Summer,2
6/25/2029,25.48200989,34.06555176,17.70594025,8.934211731,0.243677601,94.83946228,2.592920065,3.684160709,205.745224,208.2964478,26.95458794,46.31192017,Summer,2
6/26/2029,25.60506439,34.19938278,17.81509781,8.949061394,0.223674625,94.84107208,2.591219425,3.680967808,206.3106689,208.9117584,27.08496666,46.06289291,Summer,2
6/27/2029,25.72423172,34.32873917,17.9210701,8.96250248,0.204394057,94.84253693,2.589710712,3.678072453,206.8856354,209.5325775,27.21150589,45.81829071,Summer,2
6/28/2029,25.83947945,34.45356369,18.02384949,8.97456646,0.185874969,94.84385681,2.588370085,3.675443172,207.4653473,210.1541748,27.33416176,45.57826233,Summer,2
6/29/2029,25.95077515,34.57384491,18.12342072,8.985292435,0.168152317,94.84503174,2.587174177,3.673046112,208.0449066,210.7718811,27.45289421,45.34294891,Summer,2
6/30/2029,26.05811691,34.68957138,18.21979523,8.994729996,0.151257873,94.84604645,2.586097956,3.670845985,208.6195526,211.3811035,27.56769371,45.11248016,Summer,2
7/1/2029,26.16150284,34.80076218,18.31298065,9.002937317,0.135219067,94.8469162,2.585116148,3.668806076,209.1845703,211.9773102,27.67854118,44.88699722,Summer,2
7/2/2029,26.26095581,34.90744781,18.40301132,9.009978294,0.120060317,94.84762573,2.584202766,3.666890144,209.735321,212.5560608,27.78545761,44.66662598,Summer,2
7/3/2029,26.35650826,35.00966263,18.48992157,9.015928268,0.105802082,94.84819031,2.583332062,3.66506052,210.267395,213.1131439,27.88844299,44.45149612,Summer,2
7/4/2029,26.44820595,35.10747528,18.5737648,9.020870209,0.092462286,94.84859467,2.582477808,3.66328001,210.7765503,213.6445465,27.98753357,44.24175262,Summer,2
7/5/2029,26.53609467,35.20094681,18.65459061,9.0248909,0.080055214,94.84884644,2.581614256,3.661511898,211.2587738,214.1464996,28.08276749,44.03753662,Summer,2
7/6/2029,26.62024689,35.29016876,18.73247147,9.028086662,0.068592489,94.84895325,2.58071661,3.659718513,211.7103729,214.6155548,28.17418098,43.83901215,Summer,2
7/7/2029,26.70072937,35.37521744,18.80746841,9.030561447,0.058082733,94.8489151,2.579759598,3.657864571,212.1279602,215.0484772,28.2618351,43.64633179,Summer,2
7/8/2029,26.77761269,35.45619583,18.87966537,9.032420158,0.048533052,94.84873962,2.578720093,3.655915737,212.5084991,215.4424744,28.3457737,43.45967865,Summer,2
7/9/2029,26.85098457,35.53321075,18.94914246,9.033778191,0.039947674,94.84841919,2.577575445,3.653838158,212.8493652,215.7951202,28.42606544,43.2792511,Summer,2
7/10/2029,26.92092705,35.60634995,19.01597977,9.034749985,0.032329228,94.84797668,2.576304197,3.651600838,213.1483307,216.1043549,28.50277328,43.10526276,Summer,2
7/11/2029,26.98752213,35.67572784,19.08025742,9.035456657,0.025678976,94.84740448,2.574886799,3.649175167,213.4036407,216.368576,28.5759449,42.93793488,Summer,2
7/12/2029,27.05085373,35.741436,19.14206314,9.036019325,0.019996343,94.84671783,2.573305607,3.646533489,213.6139069,216.5865326,28.64565659,42.77752686,Summer,2
7/13/2029,27.11100388,35.80358124,19.20148087,9.036561966,0.015280474,94.84592438,2.57154417,3.643651485,213.7782898,216.7575226,28.71195602,42.62431335,Summer,2
7/14/2029,27.16804886,35.86224365,19.25858688,9.037205696,0.011528965,94.84503174,2.5695889,3.640508652,213.8964233,216.8812561,28.77490234,42.47858429,Summer,2
7/15/2029,27.22205925,35.91750717,19.3134613,9.038076401,0.008739414,94.84405518,2.567427635,3.637085915,213.968399,216.957901,28.83454323,42.3406601,Summer,2
7/16/2029,27.27309608,35.9694519,19.36616898,9.039293289,0.006908616,94.84300232,2.565051079,3.633368015,213.994812,216.9880829,28.89091682,42.21087265,Summer,2
7/17/2029,27.32122612,36.01813507,19.41677856,9.040975571,0.006033714,94.8418808,2.562452555,3.629344463,213.9767456,216.9729156,28.94406128,42.08958817,Summer,2
7/18/2029,27.3664856,36.06360626,19.46534348,9.043240547,0.006111389,94.84069824,2.559627295,3.625006676,213.9157257,216.9139099,28.99399757,41.97718811,Summer,2
7/19/2029,27.40891075,36.10589981,19.5119133,9.046195984,0.007139239,94.83948517,2.556573629,3.620350361,213.8137665,216.8130493,29.04074287,41.87407684,Summer,2
7/20/2029,27.44852829,36.14503098,19.55651855,9.049947739,0.00911429,94.83823395,2.553292036,3.615375996,213.6733551,216.6727142,29.08429527,41.78067017,Summer,2
7/21/2029,27.48534584,36.18101501,19.59919357,9.054593086,0.012034481,94.83696747,2.549786091,3.610085487,213.4972992,216.495697,29.12465096,41.69741058,Summer,2
7/22/2029,27.51935959,36.21382523,19.63995361,9.060224533,0.015898557,94.83569336,2.546061993,3.604486942,213.2888641,216.2851257,29.16178322,41.62474823,Summer,2
7/23/2029,27.55055237,36.24343872,19.67879486,9.066923141,0.020705143,94.83442688,2.542128086,3.598590851,213.051712,216.0445099,29.19565964,41.56314468,Summer,2
7/24/2029,27.57888985,36.26980209,19.71571732,9.074765205,0.026453895,94.83317566,2.537995815,3.592412949,212.7897491,215.7776489,29.22622681,41.51308441,Summer,2
7/25/2029,27.60432625,36.29284668,19.75069809,9.083812714,0.033144303,94.83195496,2.533679008,3.585970402,212.5071869,215.4886322,29.25343132,41.47503662,Summer,2
7/26/2029,27.62680244,36.31248474,19.78369904,9.094120026,0.040776931,94.83078003,2.529193163,3.579286098,212.2085419,215.1817322,29.27719307,41.44948578,Summer,2
7/27/2029,27.64623833,36.32862091,19.81467438,9.105728149,0.049352642,94.82965851,2.524556875,3.572385311,211.8984833,214.8614349,29.29742813,41.4369278,Summer,2
7/28/2029,27.66255188,36.34113312,19.84356308,9.11866951,0.058871724,94.82859802,2.519790888,3.565296173,211.5818176,214.5324249,29.31403542,41.43781662,Summer,2
7/29/2029,27.67562675,36.34988403,19.87029266,9.132961273,0.069335893,94.8276062,2.514917135,3.558050156,211.2635498,214.1994934,29.32689857,41.45264053,Summer,2
7/30/2029,27.68535614,36.35472107,19.89477921,9.148612976,0.08074525,94.8266983,2.509959698,3.550681114,210.9485931,213.8674011,29.33590126,41.48184967,Summer,2
7/31/2029,27.69161034,36.35548782,19.91693497,9.165618896,0.093100272,94.82587433,2.504943848,3.543225765,210.6420441,213.5409851,29.34090805,41.52586365,Summer,2
8/1/2029,27.69425201,36.35200882,19.93664169,9.183959961,0.106400721,94.82514954,2.499897003,3.535722256,210.3488617,213.2250977,29.3417778,41.58511353,Summer,2
8/2/2029,27.69313812,36.34409714,19.95379257,9.203605652,0.120646022,94.82453156,2.494846106,3.528211117,210.0739288,212.9244232,29.33836174,41.65997696,Summer,2
8/3/2029,27.68811035,36.33156204,19.9682579,9.224514008,0.135833263,94.82401276,2.489820719,3.520733833,209.8219604,212.6436462,29.33051109,41.75081635,Summer,2
8/4/2029,27.67900848,36.31420517,19.9799118,9.246627808,0.151959643,94.8236084,2.484849453,3.513332844,209.5975494,212.387085,29.3180542,41.8579483,Summer,2
8/5/2029,27.66567612,36.29182816,19.98861313,9.269883156,0.16901955,94.82331848,2.479962111,3.506052494,209.4050598,212.1590576,29.30084419,41.98164368,Summer,2
8/6/2029,27.64794159,36.26422882,19.99421692,9.294198036,0.187006071,94.82314301,2.475188017,3.498934269,209.2484894,211.9635162,29.27871323,42.12214661,Summer,2
8/7/2029,27.62564278,36.23120117,19.99658585,9.319484711,0.205909982,94.82308197,2.470556021,3.492022991,209.1315918,211.8041382,29.25149727,42.27963257,Summer,2
8/8/2029,27.59861565,36.19255447,19.99556351,9.34564209,0.225719288,94.82313538,2.466094971,3.485361099,209.0577698,211.6843109,29.21904945,42.45423889,Summer,2
8/9/2029,27.5667038,36.14809799,19.99100876,9.372560501,0.24641934,94.82330322,2.461832523,3.478990078,209.0299988,211.6069946,29.18120384,42.64603424,Summer,2
8/10/2029,27.52974701,36.09765244,19.98277283,9.400121689,0.267992467,94.82358551,2.457795143,3.472950935,209.0508118,211.5748596,29.1378212,42.8550415,Summer,2
8/11/2029,27.48760986,36.04104614,19.9707222,9.428194046,0.290418059,94.82397461,2.454008102,3.467282295,209.1223755,211.5900269,29.0887661,43.08120728,Summer,2
8/12/2029,27.44015503,35.97812271,19.95471191,9.456647873,0.31367138,94.82446289,2.450495481,3.462020874,209.2463226,211.6543274,29.03391075,43.32442474,Summer,2
8/13/2029,27.38725471,35.90875244,19.93460846,9.485338211,0.337724745,94.82505035,2.447278023,3.457201004,209.4237823,211.769043,28.97314453,43.5845108,Summer,2
8/14/2029,27.32880974,35.83280945,19.91029739,9.514118195,0.362545729,94.825737,2.44437623,3.452854156,209.6554413,211.934967,28.90636826,43.86122513,Summer,2
8/15/2029,27.26472855,35.75019836,19.88166046,9.542838097,0.388098985,94.82649994,2.441807032,3.449008942,209.9414215,212.1524658,28.83349991,44.15424728,Summer,2
8/16/2029,27.19492722,35.66085052,19.84860229,9.571343422,0.4143444,94.8273468,2.439585447,3.445690155,210.281311,212.421463,28.75447655,44.46318817,Summer,2
8/17/2029,27.11936569,35.56470871,19.81102753,9.599475861,0.441237807,94.82826996,2.437724113,3.442919731,210.6742706,212.7413025,28.6692524,44.78759766,Summer,2
8/18/2029,27.03800201,35.46175385,19.76886749,9.62707901,0.468730986,94.82925415,2.436231852,3.440715313,211.1188354,213.1109009,28.57780647,45.12695313,Summer,2
8/19/2029,26.95083046,35.35199738,19.72206116,9.653991699,0.496771693,94.83029175,2.435116053,3.439091206,211.6131439,213.528717,28.48013115,45.48064041,Summer,2
8/20/2029,26.85786438,35.235466,19.67057037,9.68006134,0.525303721,94.83138275,2.434379578,3.438056946,212.1548767,213.9927063,28.37625122,45.84802246,Summer,2
8/21/2029,26.75913811,35.11223984,19.61436844,9.705129623,0.554266274,94.8325119,2.434024096,3.437616825,212.7410889,214.5004578,28.26621819,46.22835541,Summer,2
8/22/2029,26.65471458,34.98240662,19.55344772,9.729045868,0.583595932,94.83367157,2.434046745,3.437773228,213.3685608,215.0490875,28.15008736,46.62086105,Summer,2
8/23/2029,26.54468155,34.84609222,19.48782349,9.751665115,0.613224447,94.83485413,2.43444252,3.438523293,214.0336761,215.635376,28.02796364,47.02469635,Summer,2
8/24/2029,26.42915535,34.70346832,19.41752625,9.772842407,0.643081188,94.83605957,2.435202599,3.43985939,214.7322998,216.2556763,27.89996147,47.4389534,Summer,2
8/25/2029,26.30826759,34.55472183,19.34260941,9.792444229,0.673091888,94.83727264,2.436316252,3.4417696,215.460144,216.9060974,27.76622391,47.86268616,Summer,2
8/26/2029,26.18218613,34.40007019,19.26314163,9.810342789,0.703179836,94.83848572,2.437769175,3.44423914,216.2125549,217.5824432,27.62691879,48.29489136,Summer,2
8/27/2029,26.05110168,34.23976898,19.17921829,9.826416016,0.733265996,94.83970642,2.439544916,3.447247982,216.9845886,218.2801971,27.48223495,48.73453903,Summer,2
8/28/2029,25.91522408,34.07410049,19.09095001,9.840553284,0.763269126,94.84091187,2.441624403,3.450773239,217.7711792,218.994751,27.33238792,49.18055725,Summer,2
8/29/2029,25.77478409,33.9033699,18.99846268,9.85265255,0.793106794,94.84210968,2.443985224,3.454787254,218.5671082,219.7212677,27.17761421,49.63183594,Summer,2
8/30/2029,25.63004303,33.72791672,18.90190887,9.862620354,0.822695196,94.84329224,2.446604252,3.459260941,219.3670197,220.4548035,27.0181694,50.08726501,Summer,2
8/31/2029,25.48127365,33.54809189,18.80145264,9.870376587,0.851950109,94.84445953,2.449455738,3.464160919,220.1655273,221.1904297,26.85432243,50.54569626,Summer,2
9/1/2029,25.32877159,33.36427689,18.69728088,9.875850677,0.880787075,94.84560394,2.452512026,3.469451427,220.9572601,221.9230499,26.68637657,51.00598145,Autumn,3
9/2/2029,25.17284584,33.17686844,18.58958435,9.878980637,0.909122646,94.84672546,2.455744505,3.475094318,221.7369537,222.6477203,26.51463509,51.4669838,Autumn,3
9/3/2029,25.01382256,32.9862709,18.47857285,9.879721642,0.936873794,94.84783173,2.459123373,3.481050014,222.4993134,223.3595123,26.3394146,51.9275322,Autumn,3
9/4/2029,24.85203743,32.79292297,18.36447906,9.878035545,0.963959455,94.8489151,2.462617397,3.487277508,223.2393188,224.0536804,26.1610527,52.38651276,Autumn,3
9/5/2029,24.68783569,32.59724426,18.24752808,9.873898506,0.990300238,94.84998322,2.466195583,3.493733883,223.952179,224.7256012,25.97989082,52.84280014,Autumn,3
9/6/2029,24.52157021,32.39968872,18.12797546,9.867296219,1.015820026,94.85102844,2.46982646,3.500376225,224.6332397,225.3708191,25.796278,53.29530716,Autumn,3
9/7/2029,24.35359001,32.20069885,18.00606155,9.858226776,1.040445209,94.85206604,2.473478556,3.50716114,225.2782898,225.9852753,25.61055946,53.74297714,Autumn,3
9/8/2029,24.18426132,32.00071335,17.88204193,9.846698761,1.064106703,94.85308838,2.477121115,3.514045715,225.8833466,226.5650482,25.42310143,54.18479156,Autumn,3
9/9/2029,24.01394081,31.80017471,17.75617981,9.832733154,1.086738825,94.85410309,2.480723619,3.520987988,226.4448547,227.1066895,25.23424339,54.61977768,Autumn,3
9/10/2029,23.84297371,31.59951973,17.62873077,9.816358566,1.108281374,94.85512543,2.484257936,3.527946472,226.9596405,227.6070251,25.04434204,55.04701996,Autumn,3
9/11/2029,23.67170525,31.39916801,17.49995804,9.797615051,1.128678799,94.85614014,2.487695217,3.534882069,227.4251099,228.0632935,24.85373497,55.46565628,Autumn,3
9/12/2029,23.50047112,31.19952774,17.37011337,9.776550293,1.147881508,94.8571701,2.491010427,3.54175663,227.8389282,228.4731445,24.66275406,55.87488556,Autumn,3
9/13/2029,23.32959557,31.0009861,17.23944855,9.753223419,1.165845633,94.85821533,2.49417901,3.548535824,228.1994019,228.8347321,24.47171974,56.27397919,Autumn,3
9/14/2029,23.15937805,30.80391884,17.10820389,9.727698326,1.182533622,94.85927582,2.497180223,3.555187225,228.5053101,229.1465912,24.28094101,56.66226959,Autumn,3
9/15/2029,22.99011421,30.60866356,16.97661209,9.700046539,1.197914839,94.86036682,2.49999404,3.561681271,228.7559662,229.4078217,24.09070587,57.03919601,Autumn,3
9/16/2029,22.82205963,30.41554832,16.84489441,9.670347214,1.211965322,94.86148834,2.502604961,3.567993164,228.9511566,229.6179199,23.90128136,57.40423584,Autumn,3
9/17/2029,22.6554718,30.22485161,16.71326065,9.638681412,1.224668145,94.86264038,2.504998684,3.574100971,229.0913086,229.7769165,23.71291733,57.75698471,Autumn,3
9/18/2029,22.49056053,30.03684044,16.58190155,9.605138779,1.236013651,94.86383057,2.507165909,3.579987526,229.1772461,229.8853149,23.52583885,58.09710693,Autumn,3
9/19/2029,22.32752037,29.85172844,16.45098877,9.569809914,1.245999575,94.86507416,2.509099483,3.585639477,229.2103882,229.9441223,23.34025192,58.42435455,Autumn,3
9/20/2029,22.16652107,29.66970634,16.32068634,9.532788277,1.254631042,94.8663559,2.510795593,3.591047287,229.1926575,229.954834,23.15632248,58.73856735,Autumn,3
9/21/2029,22.00769043,29.49092293,16.19112778,9.494169235,1.261920094,94.86769104,2.512254953,3.596207619,229.1264801,229.9192963,22.97420311,59.0396843,Autumn,3
9/22/2029,21.85113716,29.31548691,16.06243134,9.454050064,1.267886162,94.86907196,2.513480425,3.601120949,229.014679,229.8399048,22.79401207,59.3277092,Autumn,3
9/23/2029,21.69692802,29.14346886,15.93469334,9.412527084,1.272555828,94.87050629,2.514480114,3.605792999,228.8605347,229.7194519,22.61583138,59.60275269,Autumn,3
9/24/2029,21.5451088,28.97489357,15.80798054,9.36969471,1.275962591,94.87199402,2.515264034,3.610234261,228.6678009,229.5611115,22.43972397,59.86499023,Autumn,3
9/25/2029,21.39567947,28.80975151,15.68234539,9.325647354,1.278146267,94.87352753,2.515846968,3.614459038,228.4404755,229.3683624,22.26571465,60.11471176,Autumn,3
9/26/2029,21.24861717,28.6479969,15.55781269,9.280475616,1.279153347,94.87510681,2.516246319,3.618488312,228.1829834,229.1450806,22.09379959,60.35224152,Autumn,3
9/27/2029,21.10386467,28.48952675,15.43438435,9.234268188,1.279035687,94.87672424,2.516483545,3.622344971,227.9000397,228.8954163,21.9239521,60.57801819,Autumn,3
9/28/2029,20.96133232,28.33421516,15.31203938,9.187108994,1.277850866,94.87837982,2.516583204,3.626059055,227.5965271,228.6237793,21.7560997,60.79253006,Autumn,3
9/29/2029,20.82089233,28.1818924,15.19073009,9.13907814,1.275661945,94.88006592,2.516571999,3.629662037,227.2775269,228.3347168,21.59016228,60.99634171,Autumn,3
9/30/2029,20.68240356,28.03235054,15.07039165,9.090251923,1.272535801,94.8817749,2.516480446,3.633191586,226.9483643,228.0329742,21.42600822,61.19007874,Autumn,3
10/1/2029,20.545681,27.88534927,14.9509325,9.040697098,1.26854372,94.88349152,2.516340494,3.636686802,226.6143494,227.723465,21.26349831,61.37441254,Autumn,3
10/2/2029,20.41051865,27.74061584,14.83224773,8.99048233,1.26376009,94.88521576,2.516187906,3.640191555,226.2808533,227.4110718,21.10246849,61.55007553,Autumn,3
10/3/2029,20.27669334,27.59784889,14.71419811,8.939661026,1.258262634,94.88692474,2.516058922,3.643752098,225.9533081,227.1008606,20.94271469,61.7178421,Autumn,3
10/4/2029,20.14394379,27.45672035,14.59664249,8.888286591,1.252130866,94.88861084,2.515992165,3.647415638,225.6369934,226.7976532,20.78403282,61.87851334,Autumn,3
10/5/2029,20.01200867,27.31687927,14.47941303,8.836407661,1.245445967,94.89025879,2.516026974,3.651233196,225.3371277,226.5064087,20.62618637,62.03293991,Autumn,3
10/6/2029,19.88059235,27.177948,14.36233044,8.784059525,1.238290191,94.89185333,2.516204119,3.655256748,225.0587769,226.2318268,20.46892738,62.1819725,Autumn,3
10/7/2029,19.74939537,27.03954315,14.24520206,8.731277466,1.23074615,94.89338684,2.516565323,3.659537792,224.8067627,225.9785156,20.31199837,62.32649231,Autumn,3
10/8/2029,19.61810303,26.90126038,14.12782383,8.678087234,1.222895384,94.89483643,2.517151833,3.664129257,224.5856476,225.750946,20.15512276,62.46737671,Autumn,3
10/9/2029,19.4863987,26.76268578,14.0099802,8.624509811,1.214819551,94.89618683,2.518004179,3.669084072,224.3997955,225.5531464,19.99802589,62.60552216,Autumn,3
10/10/2029,19.3539505,26.62340927,13.89145374,8.570560455,1.206598163,94.89742279,2.519163609,3.674454212,224.2530518,225.3890533,19.84042549,62.74180984,Autumn,3
10/11/2029,19.22043228,26.48300934,13.7720232,8.516249657,1.198308349,94.89852905,2.52066946,3.680290699,224.1490631,225.262207,19.68202972,62.87709427,Autumn,3
10/12/2029,19.08551788,26.34107399,13.65145779,8.461582184,1.190025091,94.89949036,2.522559643,3.686641693,224.0910034,225.175827,19.52255821,63.01223373,Autumn,3
10/13/2029,18.94889259,26.19719505,13.52954006,8.40655899,1.181819201,94.90028381,2.524871349,3.693554878,224.0815735,225.1327515,19.3617363,63.14804459,Autumn,3
10/14/2029,18.81023788,26.05097771,13.40604687,8.351177216,1.173758626,94.90089417,2.52763772,3.701073647,224.1230774,225.1353607,19.1992836,63.28532028,Autumn,3
10/15/2029,18.66925812,25.9020443,13.28075886,8.29542923,1.165906191,94.90132141,2.530891895,3.709239006,224.2173615,225.1856384,19.03494644,63.42480087,Autumn,3
10/16/2029,18.52566719,25.7500267,13.15347004,8.239307404,1.158320785,94.90153503,2.534661293,3.718087196,224.3656464,225.285202,18.86846924,63.56719208,Autumn,3
10/17/2029,18.37919807,25.59459114,13.02398396,8.182798386,1.151055694,94.9015274,2.538972855,3.727651596,224.5687866,225.4351654,18.69962502,63.71315002,Autumn,3
10/18/2029,18.22960472,25.4354229,12.8921175,8.125890732,1.144159198,94.90129089,2.543848515,3.737960339,224.8270569,225.6361237,18.52820396,63.86327362,Autumn,3
10/19/2029,18.07666779,25.27224159,12.75770092,8.068572998,1.137673616,94.90081787,2.549306393,3.749036312,225.1403351,225.8882904,18.35400391,64.01811218,Autumn,3
10/20/2029,17.9201889,25.10479355,12.62058163,8.010829926,1.131635547,94.90009308,2.555362225,3.760898113,225.5077972,226.191391,18.17686844,64.1781311,Autumn,3
10/21/2029,17.76000023,24.93286133,12.48062611,7.95264864,1.126075864,94.89910889,2.562025785,3.773557663,225.9282837,226.5446625,17.99664688,64.34375763,Autumn,3
10/22/2029,17.59596634,24.75626755,12.33772182,7.894019604,1.121018887,94.89787292,2.569303751,3.78702116,226.4001312,226.9469452,17.8132267,64.51532745,Autumn,3
10/23/2029,17.42798615,24.57487488,12.19177914,7.834933281,1.116483331,94.89637756,2.577197313,3.801290035,226.9211731,227.3966522,17.62652397,64.69313049,Autumn,3
10/24/2029,17.25598526,24.38858604,12.04273129,7.775383949,1.112481475,94.8946228,2.585704327,3.816358566,227.4888306,227.8916931,17.43648148,64.87736511,Autumn,3
10/25/2029,17.07992744,24.19734001,11.89053631,7.715368271,1.109019995,94.89260864,2.594816923,3.832215309,228.1001434,228.4296265,17.24307442,65.06816101,Autumn,3
10/26/2029,16.89982033,24.00113297,11.73517895,7.654887676,1.106099129,94.89035034,2.604523659,3.848842144,228.751709,229.0077057,17.04631996,65.26559448,Autumn,3
10/27/2029,16.71569443,23.79999924,11.57666969,7.593947887,1.103714347,94.8878479,2.614807367,3.866215229,229.4398499,229.6227875,16.84624672,65.46965027,Autumn,3
10/28/2029,16.52762985,23.59400749,11.41504955,7.532558918,1.101855278,94.88511658,2.625647545,3.884304523,230.160553,230.2713928,16.64293861,65.68025208,Autumn,3
10/29/2029,16.33573532,23.38328934,11.25038242,7.470737934,1.100506544,94.882164,2.637018919,3.903073788,230.9095306,230.9498291,16.43650627,65.89726257,Autumn,3
10/30/2029,16.1401577,23.1680088,11.08276081,7.408504486,1.099647999,94.87901306,2.648890972,3.92248106,231.682312,231.654129,16.2270813,66.1204834,Autumn,3
10/31/2029,15.94108105,22.9483757,10.91230679,7.34588623,1.099255562,94.87568665,2.661230326,3.942479134,232.4742126,232.380188,16.01484489,66.34960938,Autumn,3
11/1/2029,15.73872471,22.72463608,10.73916531,7.282918453,1.099301219,94.87220001,2.67399931,3.963015079,233.280426,233.1236115,15.79999447,66.5843277,Autumn,3
11/2/2029,15.53333759,22.49708557,10.56351089,7.219640255,1.099753261,94.86857605,2.687156439,3.984032154,234.0960693,233.8800354,15.58276844,66.8242569,Autumn,3
11/3/2029,15.32520199,22.26605415,10.38554287,7.156097412,1.100577831,94.86483765,2.700657368,4.005467415,234.9162903,234.6449432,15.36342907,67.06893921,Autumn,3
11/4/2029,15.11463642,22.03190613,10.20548248,7.092342377,1.101738214,94.86102295,2.714454174,4.027255535,235.736084,235.4138031,15.14226055,67.31791687,Autumn,3
11/5/2029,14.90197468,21.79503441,10.02357388,7.028434277,1.103195786,94.85716248,2.728496313,4.04932642,236.5506897,236.1821594,14.91957951,67.57064056,Autumn,3
11/6/2029,14.68758392,21.55587006,9.840083122,6.964437008,1.104911685,94.85328674,2.742731571,4.071607113,237.3553467,236.9454956,14.69571781,67.82655334,Autumn,3
11/7/2029,14.47185326,21.31486511,9.655295372,6.900422096,1.106844902,94.84941864,2.75710535,4.094022751,238.145462,237.6994324,14.4710331,68.08506775,Autumn,3
11/8/2029,14.25518513,21.07250023,9.469511986,6.836464405,1.108955741,94.84561157,2.771561623,4.116495609,238.916626,238.4397888,14.24590015,68.34555054,Autumn,3
11/9/2029,14.03800869,20.8292675,9.283052444,6.772644997,1.111204147,94.84189606,2.78604269,4.13894701,239.6647186,239.1625366,14.02069759,68.60736847,Autumn,3
11/10/2029,13.82075691,20.58568001,9.096241951,6.709049225,1.113551378,94.83830261,2.800491571,4.161297798,240.385849,239.8638,13.79582787,68.86987305,Autumn,3
11/11/2029,13.60387516,20.34226227,8.909422874,6.645766258,1.115960002,94.83486938,2.814850092,4.183467388,241.076416,240.5399628,13.57169914,69.13238525,Autumn,3
11/12/2029,13.38781834,20.09954834,8.722943306,6.58288908,1.11839509,94.83164978,2.829060555,4.205377102,241.7331696,241.1877441,13.3487215,69.39424896,Autumn,3
11/13/2029,13.17304039,19.85806847,8.537155151,6.520512104,1.120823383,94.82865906,2.843065977,4.226948738,242.3532715,241.8040924,13.12730885,69.65479279,Autumn,3
11/14/2029,12.95999908,19.61836433,8.352415085,6.458732605,1.123215199,94.82595825,2.856810093,4.248104572,242.9341736,242.3863678,12.90787315,69.91337585,Autumn,3
11/15/2029,12.74913979,19.38095856,8.169080734,6.397650242,1.125544429,94.82356262,2.870239258,4.268770695,243.4738159,242.9322052,12.69082546,70.16934204,Autumn,3
11/16/2029,12.54091263,19.14637756,7.987501144,6.337363243,1.127787709,94.82152557,2.883300781,4.288875103,243.9705505,243.4396057,12.47656918,70.42207336,Autumn,3
11/17/2029,12.33574677,18.9151268,7.808027267,6.277971268,1.129926443,94.81987,2.895945072,4.308349609,244.4230957,243.9069824,12.26549339,70.67097473,Autumn,3
11/18/2029,12.13406372,18.68770218,7.630997658,6.219571114,1.13194561,94.81863403,2.908124685,4.327130318,244.8307037,244.3331604,12.05797958,70.91548157,Autumn,3
11/19/2029,11.93626022,18.46457672,7.456746101,6.162259102,1.133835435,94.81784821,2.919795752,4.345155716,245.1930237,244.7172699,11.85438824,71.1550293,Autumn,3
11/20/2029,11.7427206,18.24619102,7.28558445,6.106128693,1.135589838,94.8175354,2.930918455,4.362371922,245.5100861,245.0589752,11.65506554,71.38912964,Autumn,3
11/21/2029,11.55380535,18.03297615,7.117816925,6.051269531,1.137208343,94.81771851,2.941455126,4.378727913,245.7824554,245.3581848,11.46033669,71.61732483,Autumn,3
11/22/2029,11.36984348,17.82531738,6.953728676,5.997766018,1.138694048,94.81843567,2.951374054,4.394179821,246.0110626,245.6152802,11.27049923,71.83917236,Autumn,3
11/23/2029,11.19114113,17.62357712,6.793584824,5.945700645,1.140055776,94.81968689,2.960646629,4.408689499,246.1972351,245.8310242,11.08582973,72.05430603,Autumn,3
11/24/2029,11.01797485,17.42808342,6.637631416,5.89514637,1.141306043,94.82149506,2.969249725,4.422224522,246.3426361,246.0065308,10.90657902,72.26237488,Autumn,3
11/25/2029,10.85058498,17.23911858,6.486088753,5.846173286,1.142462611,94.8238678,2.977163315,4.434760094,246.4494476,246.1432037,10.73295975,72.46310425,Autumn,3
11/26/2029,10.68918324,17.05693626,6.339156151,5.798841476,1.14354682,94.82682037,2.984374285,4.446276665,246.5199585,246.2428589,10.56516933,72.65626526,Autumn,3
11/27/2029,10.53394318,16.88174438,6.197002411,5.753205299,1.14458406,94.83035278,2.99087286,4.456762791,246.5569611,246.3075714,10.40335751,72.84165955,Autumn,3
11/28/2029,10.38500309,16.71370506,6.059775352,5.709311008,1.145604134,94.8344574,2.996655464,4.466212749,246.563385,246.3397217,10.24765396,73.01913452,Autumn,3
11/29/2029,10.24246693,16.55295181,5.927594185,5.66719532,1.14663887,94.83914185,3.001722574,4.474629402,246.54245,246.3418732,10.09815407,73.18861389,Autumn,3
11/30/2029,10.1064024,16.39956474,5.800546646,5.626887321,1.147724271,94.84438324,3.006079674,4.482020855,246.4975586,246.316864,9.954914093,73.35004425,Autumn,3
12/1/2029,9.976839066,16.25358772,5.678696632,5.588406563,1.148897886,94.85017395,3.00973773,4.488402367,246.4322815,246.2677155,9.817968369,73.50343323,Winter,0
12/2/2029,9.853770256,16.11502266,5.562076569,5.551762581,1.150200129,94.85649872,3.012712479,4.493796349,246.3502502,246.1975708,9.68730545,73.64881897,Winter,0
12/3/2029,9.7371521,15.98382378,5.45069313,5.516956329,1.151672602,94.86332703,3.015023708,4.498231411,246.255249,246.1096954,9.562895775,73.7862854,Winter,0
12/4/2029,9.626912117,15.85991859,5.344524384,5.483979702,1.153357506,94.87064362,3.016695738,4.501741409,246.151062,246.0074463,9.444673538,73.91596222,Winter,0
12/5/2029,9.522940636,15.743186,5.243520737,5.452813148,1.155297756,94.87840271,3.017757893,4.504368305,246.0414276,245.8941803,9.332536697,74.03800964,Winter,0
12/6/2029,9.425093651,15.63347149,5.147607803,5.423431396,1.157536626,94.88658142,3.018242598,4.506156445,245.930069,245.7733459,9.22636795,74.15262604,Winter,0
12/7/2029,9.333203316,15.53059101,5.05668354,5.395796299,1.160116196,94.89512634,3.018186808,4.507157326,245.8206482,245.6482697,9.126013756,74.26004028,Winter,0
12/8/2029,9.247067451,15.4343214,4.970624924,5.36986351,1.163077474,94.90400696,3.017629147,4.507425785,245.7166748,245.5222778,9.031298637,74.36049652,Winter,0
12/9/2029,9.166463852,15.34441662,4.88928318,5.345579147,1.166459918,94.91317749,3.016613483,4.507022381,245.6214447,245.3985596,8.942028999,74.45426941,Winter,0
12/10/2029,9.091143608,15.26060772,4.812493324,5.322882652,1.170300126,94.92258453,3.015184402,4.506010056,245.5381317,245.2801666,8.857985497,74.54167175,Winter,0
12/11/2029,9.020838737,15.18258762,4.740070343,5.301704407,1.174632788,94.93218231,3.013390064,4.504454613,245.4696655,245.1700439,8.778932571,74.62298584,Winter,0
12/12/2029,8.955262184,15.11004448,4.671809196,5.281970024,1.17948854,94.94190979,3.01128006,4.502425194,245.4186401,245.0709076,8.704621315,74.69853973,Winter,0
12/13/2029,8.894115448,15.04264641,4.607489586,5.263597965,1.184894204,94.95171356,3.008904934,4.499992371,245.3874512,244.9852905,8.63478756,74.7686615,Winter,0
12/14/2029,8.837083817,14.98004532,4.54688549,5.246500969,1.190872669,94.96153259,3.006316662,4.497227669,245.3782196,244.9153748,8.569156647,74.8336792,Winter,0
12/15/2029,8.783846855,14.92188263,4.489753723,5.230587959,1.197442174,94.97132111,3.003567934,4.494204998,245.3925629,244.8632507,8.507452011,74.8939209,Winter,0
12/16/2029,8.734080315,14.86780262,4.435847282,5.215764523,1.204615593,94.98101044,3.000711679,4.490996838,245.4319305,244.8306122,8.44938755,74.94970703,Winter,0
12/17/2029,8.687444687,14.81743622,4.384910583,5.201931,1.212400913,94.99054718,2.997799873,4.487674713,245.4973755,244.8189392,8.394673347,75.00135803,Winter,0
12/18/2029,8.643625259,14.77042675,4.336686134,5.188989162,1.220800281,94.99986267,2.994884014,4.484311104,245.5895386,244.829361,8.343027115,75.04916382,Winter,0
12/19/2029,8.602284431,14.72640991,4.290915489,5.176836014,1.229810119,95.00891113,2.992015123,4.480975151,245.708725,244.8626862,8.294167519,75.09342957,Winter,0
12/20/2029,8.563112259,14.68503952,4.247343063,5.165371895,1.239421487,95.0176239,2.989241838,4.477735043,245.8549347,244.9194794,8.247823715,75.13440704,Winter,0
12/21/2029,8.525793076,14.64597893,4.205713272,5.154494762,1.249618411,95.0259552,2.986612082,4.474655628,246.0276794,244.999939,8.203722,75.17235565,Winter,0
12/22/2029,8.490038872,14.60889626,4.165784836,5.144105911,1.260379791,95.03385162,2.984169722,4.471797943,246.2262421,245.1039734,8.16160965,75.20749664,Winter,0
12/23/2029,8.455560684,14.57348919,4.127314568,5.134108543,1.27167809,95.04125214,2.981957674,4.469221115,246.4495544,245.2311554,8.12125206,75.24003601,Winter,0
12/24/2029,8.422094345,14.53947067,4.090075493,5.124406815,1.283480406,95.04811096,2.980015039,4.466978073,246.6961365,245.3808289,8.082415581,75.27015686,Winter,0
12/25/2029,8.389398575,14.50657654,4.053852081,5.114913464,1.295747638,95.05438995,2.978378057,4.465118885,246.9642792,245.5520172,8.044898987,75.29798889,Winter,0
12/26/2029,8.357248306,14.47456074,4.018445015,5.105542183,1.308435559,95.06004333,2.977079153,4.463687897,247.2520294,245.7434998,8.008507729,75.32366943,Winter,0
12/27/2029,8.325443268,14.44320774,3.983664513,5.096214294,1.321494102,95.06504059,2.976148129,4.462725163,247.5570831,245.9537354,7.97307682,75.34728241,Winter,0
12/28/2029,8.293806076,14.41233349,3.949344635,5.086855888,1.334869266,95.06933594,2.975608826,4.462263584,247.8769684,246.181076,7.938462257,75.36888885,Winter,0
12/29/2029,8.262189865,14.38178349,3.915332317,5.077400208,1.348502398,95.07291412,2.975483894,4.462333679,248.2089996,246.4235687,7.904538155,75.38851929,Winter,0
12/30/2029,8.230469704,14.35142326,3.881496906,5.067788124,1.362329841,95.075737,2.975788832,4.462956429,248.550415,246.6791687,7.871208191,75.40617371,Winter,0
12/31/2029,8.198548317,14.32115269,3.847729206,5.057969093,1.376285911,95.07779694,2.976537228,4.464149475,248.8981781,246.9456177,7.838392258,75.42184448,Winter,0
1/1/2030,8.166362762,14.29091263,3.813939571,5.047898293,1.390300393,95.07907104,2.977737427,4.465923309,249.2492523,247.2205505,7.806044579,75.43546295,Winter,0
1/2/2030,8.13387394,14.26066399,3.780056953,5.037540436,1.40430212,95.07955933,2.979393244,4.468283653,249.6005554,247.5014954,7.774138451,75.44696045,Winter,0
1/3/2030,8.101063728,14.23040009,3.746034622,5.026870728,1.418216705,95.07925415,2.981505632,4.471229076,249.9489136,247.7859497,7.742671013,75.45623779,Winter,0
1/4/2030,8.067955971,14.20014668,3.711847305,5.015871048,1.431969285,95.07816315,2.984068871,4.47475338,250.2912445,248.0713654,7.711665154,75.46316528,Winter,0
1/5/2030,8.03458786,14.16996002,3.677493572,5.00453186,1.445484281,95.07627869,2.987075567,4.478843689,250.6244812,248.3552246,7.681166649,75.46762085,Winter,0
1/6/2030,8.001032829,14.13992023,3.642989159,4.992855072,1.458685875,95.07362366,2.990513325,4.483483315,250.9456177,248.634903,7.651239395,75.46943665,Winter,0
1/7/2030,7.967382431,14.11013794,3.608371258,4.980847359,1.471499085,95.07022095,2.994365931,4.488648415,251.2518158,248.9079895,7.621979713,75.46842957,Winter,0
1/8/2030,7.933754921,14.08074284,3.57369566,4.96852684,1.483850479,95.06607819,2.998613596,4.49431181,251.54039,249.1720886,7.593484879,75.46443176,Winter,0
1/9/2030,7.900287628,14.05189514,3.539040565,4.955920219,1.495668292,95.06123352,3.003233671,4.500441074,251.8088226,249.4249115,7.565891266,75.45726013,Winter,0
1/10/2030,7.867141724,14.02377605,3.504497528,4.943058968,1.506883264,95.05571747,3.008199692,4.506999016,252.0547791,249.6643219,7.539337158,75.44668579,Winter,0
1/11/2030,7.834494591,13.99657726,3.470179081,4.929985523,1.517430067,95.04956818,3.013482809,4.513946056,252.2762299,249.8883209,7.513979912,75.43252563,Winter,0
1/12/2030,7.802535057,13.97051334,3.436207771,4.916747093,1.52724576,95.04282379,3.019052267,4.521238327,252.4713287,250.095108,7.489994049,75.41457367,Winter,0
1/13/2030,7.771476746,13.94580841,3.402722359,4.903396606,1.536273479,95.03552246,3.024873257,4.528828621,252.6385651,250.2830811,7.467555046,75.39263916,Winter,0
1/14/2030,7.741529465,13.9227047,3.369874001,4.889995575,1.544459581,95.02771759,3.03091073,4.536668301,252.7767181,250.4508514,7.446856499,75.36651611,Winter,0
1/15/2030,7.71292305,13.90144157,3.337819099,4.876606941,1.551757455,95.01946259,3.037127733,4.544704914,252.8848267,250.59729,7.428095818,75.33602142,Winter,0
1/16/2030,7.685893059,13.88227558,3.306726933,4.863302231,1.558124304,95.01080322,3.043485403,4.552886486,252.9623108,250.7214203,7.411467552,75.30097961,Winter,0
1/17/2030,7.66067791,13.86546421,3.27677393,4.850153446,1.563525081,95.00180054,3.049944639,4.56115818,253.0088654,250.8226318,7.397182465,75.26123047,Winter,0
1/18/2030,7.637506485,13.85124969,3.248134613,4.837236404,1.567930579,94.99250793,3.056466103,4.569466591,253.0245819,250.9004822,7.385435104,75.21661377,Winter,0
1/19/2030,7.616624832,13.83989525,3.220990181,4.824627876,1.571318269,94.98297882,3.063009501,4.577756405,253.0097656,250.9548645,7.376428604,75.16701508,Winter,0
1/20/2030,7.598261833,13.83163548,3.195525169,4.812408447,1.573672533,94.97328186,3.069535255,4.585973263,252.9651337,250.9858551,7.370358467,75.11230469,Winter,0
1/21/2030,7.582649231,13.82672024,3.171916008,4.800656319,1.57498467,94.96347046,3.076004505,4.594064713,252.8916626,250.9938049,7.367411613,75.05239868,Winter,0
1/22/2030,7.57000351,13.82536888,3.150342464,4.789451599,1.575253725,94.95360565,3.082378387,4.601977825,252.7906647,250.9793243,7.367768288,74.98722839,Winter,0
1/23/2030,7.560534477,13.82780075,3.13097477,4.778872013,1.574484825,94.94374084,3.088620186,4.60966301,252.6637268,250.9432983,7.371599197,74.91674805,Winter,0
1/24/2030,7.554441452,13.83421326,3.113978863,4.768993378,1.572691441,94.93392944,3.094694138,4.617071629,252.5126495,250.8867493,7.379059792,74.84091187,Winter,0
1/25/2030,7.551902771,13.84479332,3.099509716,4.759888649,1.569892883,94.92424011,3.100566626,4.624158859,252.3395081,250.8109589,7.390293121,74.75973511,Winter,0
1/26/2030,7.553092003,13.85970116,3.087715149,4.751628876,1.566115499,94.914711,3.106205463,4.630881786,252.1466064,250.7174377,7.405430794,74.67323303,Winter,0
1/27/2030,7.558154106,13.87908363,3.078731537,4.744277954,1.561392903,94.90539551,3.111581326,4.637201309,251.9364166,250.6078033,7.424581528,74.58145142,Winter,0
1/28/2030,7.567218781,13.90306473,3.072688103,4.737897873,1.555763841,94.89634705,3.116667032,4.643082142,251.7115631,250.4838867,7.447841644,74.48445892,Winter,0
1/29/2030,7.580399513,13.93174839,3.069684982,4.732544422,1.549273491,94.88761139,3.121438265,4.648491383,251.474823,250.34758,7.47528553,74.38233948,Winter,0
1/30/2030,7.597787857,13.96521282,3.069823742,4.728268147,1.54197216,94.87921143,3.12587285,4.653402328,251.2290955,250.200943,7.506970406,74.27521515,Winter,0
1/31/2030,7.61945343,14.00351143,3.07318306,4.725111961,1.53391552,94.87120819,3.129952669,4.657790661,250.9772339,250.0460815,7.542938232,74.16320801,Winter,0
2/1/2030,7.645439148,14.04667187,3.079829216,4.72311306,1.525162816,94.86361694,3.133662224,4.661637306,250.722229,249.8851776,7.583200455,74.04647827,Winter,0
2/2/2030,7.675776482,14.09470844,3.089809418,4.722302437,1.515778661,94.85646057,3.136988878,4.664927006,250.4670563,249.7204437,7.627759933,73.92518616,Winter,0
2/3/2030,7.710465431,14.14759731,3.103155613,4.722702026,1.505829334,94.84978485,3.139923334,4.667648792,250.2145844,249.5540619,7.676597595,73.79951477,Winter,0
2/4/2030,7.749487877,14.20529938,3.11988163,4.724328041,1.495384812,94.84358215,3.142459154,4.669797897,249.9676514,249.3882141,7.729665756,73.66967773,Winter,0
2/5/2030,7.792807579,14.26775742,3.139986515,4.727189064,1.48451674,94.837883,3.144594193,4.671371937,249.7290344,249.2249908,7.786911964,73.53586578,Winter,0
2/6/2030,7.840358734,14.33488178,3.163454056,4.731285095,1.47329855,94.83269501,3.146328211,4.672374249,249.5012665,249.0664978,7.848258018,73.39830017,Winter,0
2/7/2030,7.892065048,14.40657139,3.190246582,4.736610413,1.461803794,94.82801056,3.147664547,4.672811508,249.2868042,248.9146423,7.913608551,73.25721741,Winter,0
2/8/2030,7.9478302,14.48269272,3.220319271,4.743151665,1.450106502,94.82383728,3.148609638,4.672694206,249.0878906,248.771225,7.982853889,73.11283112,Winter,0
2/9/2030,8.007534981,14.56311417,3.253603935,4.750887871,1.438280463,94.82016754,3.149172544,4.672039032,248.9064941,248.6379242,8.055867195,72.96538544,Winter,0
2/10/2030,8.071046829,14.64767075,3.290021896,4.759790421,1.426397681,94.81698608,3.149365187,4.670863152,248.7444153,248.5162506,8.132512093,72.81510925,Winter,0
2/11/2030,8.138221741,14.73618889,3.329484463,4.769826889,1.414528489,94.81428528,3.14920187,4.66918993,248.6031647,248.4075012,8.212638855,72.6622467,Winter,0
2/12/2030,8.208897591,14.82848072,3.3718853,4.780958176,1.402740598,94.81202698,3.148699999,4.667044163,248.4839172,248.3127747,8.29608345,72.50700378,Winter,0
2/13/2030,8.282903671,14.92435169,3.417114258,4.793138504,1.391099215,94.81020355,3.147877693,4.664454937,248.3875885,248.2329712,8.382679939,72.34962463,Winter,0
2/14/2030,8.360056877,15.02359581,3.465042114,4.806317329,1.379665375,94.80878448,3.146756649,4.66145277,248.3148499,248.1687622,8.472244263,72.19030762,Winter,0
2/15/2030,8.440175056,15.12600136,3.515538692,4.820441246,1.368496299,94.80773163,3.145358562,4.658071518,248.2659149,248.1205444,8.564599037,72.02925873,Winter,0
2/16/2030,8.523054123,15.23134518,3.568466187,4.835449696,1.357644677,94.80700684,3.143708706,4.654345512,248.240799,248.0885315,8.659553528,71.8666687,Winter,0
2/17/2030,8.608503342,15.33941269,3.623678684,4.851284027,1.347157955,94.80657959,3.141831636,4.650311947,248.239151,248.0726471,8.756923676,71.70272064,Winter,0
2/18/2030,8.696320534,15.44998455,3.681027889,4.867878437,1.337078929,94.80639648,3.139754295,4.646008968,248.2603149,248.0726166,8.856514931,71.53756714,Winter,0
2/19/2030,8.786300659,15.56283569,3.740364075,4.885168076,1.327444077,94.80643463,3.137503147,4.641475201,248.3032379,248.0878296,8.958140373,71.37136841,Winter,0
2/20/2030,8.878249168,15.67775249,3.801531315,4.903086185,1.318284154,94.80662537,3.135106087,4.636749744,248.366684,248.1175385,9.061614037,71.20423889,Winter,0
2/21/2030,8.971969604,15.79452705,3.864379883,4.921564102,1.309623837,94.80693817,3.132591248,4.631872654,248.4490814,248.1607361,9.166758537,71.03631592,Winter,0
2/22/2030,9.067270279,15.91295433,3.928759575,4.940535545,1.301482081,94.80731964,3.129985809,4.626882553,248.5485382,248.216156,9.273396492,70.86768341,Winter,0
2/23/2030,9.163966179,16.03283882,3.994521141,4.959934235,1.293870926,94.807724,3.127317667,4.621817589,248.6629639,248.2823792,9.381360054,70.69842529,Winter,0
2/24/2030,9.261884689,16.15399742,4.061525345,4.979696274,1.286796689,94.80809784,3.124613523,4.616715908,248.7900238,248.3577576,9.490494728,70.52859497,Winter,0
2/25/2030,9.360857964,16.27625275,4.129630089,4.999755859,1.280259013,94.80839539,3.121900082,4.611614704,248.9271545,248.440506,9.600646019,70.35824585,Winter,0
2/26/2030,9.460733414,16.39944839,4.198705673,5.020057678,1.274252176,94.80857849,3.11920166,4.606548309,249.0716248,248.5286407,9.711680412,70.18739319,Winter,0
2/27/2030,9.56136322,16.52343559,4.268630981,5.040542603,1.268764019,94.80858612,3.116543531,4.601549149,249.2205505,248.6200562,9.823467255,70.01607513,Winter,0
2/28/2030,9.662619591,16.64807892,4.339287758,5.061159134,1.263776898,94.80839539,3.113947868,4.59664917,249.3708954,248.7125702,9.93589592,69.84425354,Winter,0
3/1/2030,9.764385223,16.77326012,4.41057682,5.081857681,1.259267688,94.80794525,3.111436367,4.59187746,249.5195923,248.8038788,10.04886532,69.67193604,Spring,1
3/2/2030,9.866558075,16.89888191,4.482397079,5.102596283,1.25520885,94.8072052,3.109027863,4.587259769,249.6634827,248.8916473,10.1622858,69.4990921,Spring,1
3/3/2030,9.9690485,17.02485085,4.554665565,5.123335838,1.25156796,94.80614471,3.10674119,4.582819939,249.7993469,248.9734497,10.2760849,69.32566833,Spring,1
3/4/2030,10.07178211,17.15109444,4.627309799,5.144043922,1.248308182,94.80471802,3.104591608,4.578578949,249.9240112,249.046875,10.39020538,69.15164185,Spring,1
3/5/2030,10.17470074,17.27755928,4.700267792,5.164693832,1.245389819,94.80290222,3.10259366,4.574554443,250.0343781,249.1095581,10.50459576,68.97692871,Spring,1
3/6/2030,10.27776146,17.40420532,4.773490906,5.185263157,1.242768764,94.80067444,3.100758791,4.570762157,250.1273041,249.1591339,10.6192255,68.80148315,Spring,1
3/7/2030,10.38093376,17.53099823,4.846934319,5.205737114,1.240399718,94.79801178,3.099097252,4.567213058,250.1998901,249.1933136,10.73407555,68.62522888,Spring,1
3/8/2030,10.48420143,17.65792847,4.920578003,5.22610569,1.238234758,94.79489899,3.097616434,4.56391716,250.2493134,249.2098694,10.84913826,68.44810486,Spring,1
3/9/2030,10.58756065,17.78499794,4.994400978,5.246366501,1.236224055,94.79131317,3.096321583,4.560878754,250.2728424,249.2067261,10.96441936,68.27006531,Spring,1
3/10/2030,10.69102287,17.91221428,5.06840229,5.266521454,1.23431778,94.78725433,3.095216751,4.558101654,250.2680664,249.1818848,11.07993031,68.09101868,Spring,1
3/11/2030,10.79461098,18.03960037,5.142583847,5.286579132,1.232465148,94.78271484,3.094302416,4.555584431,250.2327728,249.1335754,11.19570446,67.91091919,Spring,1
3/12/2030,10.89835835,18.16718864,5.216966629,5.306552887,1.230616331,94.7776947,3.093578339,4.553324699,250.164856,249.0601501,11.31176949,67.72970581,Spring,1
3/13/2030,11.00230408,18.29501915,5.291571617,5.326462746,1.228721738,94.77220154,3.093041182,4.551315784,250.0626068,248.9600983,11.42817593,67.54734802,Spring,1
3/14/2030,11.10650349,18.42314339,5.366434097,5.346333027,1.226733923,94.76624298,3.092685938,4.549548626,249.9245605,248.8322144,11.54497147,67.36380005,Spring,1
3/15/2030,11.21101284,18.55160522,5.441595078,5.366191864,1.224606514,94.75982666,3.092506886,4.548012257,249.7495117,248.675415,11.66221237,67.17905426,Spring,1
3/16/2030,11.31589699,18.6804657,5.517105103,5.386072159,1.222296953,94.75298309,3.092494488,4.546692371,249.5365601,248.4888916,11.77996254,66.99308014,Spring,1
3/17/2030,11.42122841,18.80978966,5.593019485,5.406011581,1.219764352,94.74571991,3.092638969,4.545572758,249.2851715,248.2720642,11.89828682,66.80589294,Spring,1
3/18/2030,11.52707577,18.9396286,5.6693964,5.42605114,1.21697247,94.73807526,3.092928648,4.544635773,248.9950714,248.0245361,12.01724911,66.61752319,Spring,1
3/19/2030,11.63351727,19.07004547,5.746302605,5.446232796,1.21388793,94.73007202,3.093350887,4.543860435,248.6662598,247.74617,12.13691807,66.42797852,Spring,1
3/20/2030,11.74062824,19.2011013,5.823801994,5.466601372,1.210482121,94.72174072,3.093890429,4.543225765,248.2991333,247.4370728,12.25736713,66.23733521,Spring,1
3/21/2030,11.84848213,19.3328495,5.901968002,5.487204552,1.2067312,94.71312714,3.094533205,4.54270792,247.8943787,247.09758,12.37865543,66.0456543,Spring,1
3/22/2030,11.95715523,19.46534538,5.980872154,5.508090973,1.20261538,94.70426178,3.095261812,4.542283535,247.4529114,246.728241,12.50084972,65.85301971,Spring,1
3/23/2030,12.06671429,19.59862709,6.060580254,5.529309273,1.198120475,94.69519043,3.096059084,4.541925907,246.9759827,246.3297882,12.62400818,65.65953064,Spring,1
3/24/2030,12.17722893,19.73273849,6.141166687,5.550907135,1.193236947,94.68595123,3.096907854,4.541610718,246.4651337,245.9031982,12.74818611,65.46531677,Spring,1
3/25/2030,12.28875923,19.86771202,6.222699165,5.572934151,1.187960982,94.67658997,3.097789288,4.541309357,245.9220886,245.4496613,12.87343693,65.27049255,Spring,1
3/26/2030,12.4013567,20.00357056,6.305243492,5.595437527,1.182293653,94.66716003,3.098684788,4.540995121,245.3488007,244.97052,12.99979687,65.07523346,Spring,1
3/27/2030,12.51507473,20.14032555,6.388861656,5.618462086,1.176241398,94.65770721,3.099575043,4.540641785,244.7475433,244.4671478,13.12730885,64.87968445,Spring,1
3/28/2030,12.62994957,20.27798462,6.473614693,5.64205265,1.16981566,94.64828491,3.100441694,4.540221214,244.1206055,243.9412994,13.25599289,64.684021,Spring,1
3/29/2030,12.74601746,20.41654396,6.559552193,5.666248798,1.163033009,94.63892365,3.101264715,4.539706707,243.4705048,243.3946228,13.38587189,64.48843384,Spring,1
3/30/2030,12.86329556,20.55599213,6.646725655,5.691090107,1.155914664,94.62969208,3.102026701,4.539072514,242.799942,242.8290558,13.51695824,64.29312134,Spring,1
3/31/2030,12.98180389,20.69629478,6.735176086,5.716610909,1.148486018,94.62062073,3.102707386,4.538292408,242.1115875,242.2464294,13.64925194,64.09827423,Spring,1
4/1/2030,13.10154247,20.83742523,6.824940681,5.742842197,1.140777707,94.61177063,3.103290081,4.537340641,241.4082489,241.6487122,13.78274822,63.90410614,Spring,1
4/2/2030,13.22251129,20.9793396,6.916051865,5.76981163,1.132822871,94.60318756,3.103756189,4.536193848,240.6927795,241.0379486,13.91743183,63.7108345,Spring,1
4/3/2030,13.34469604,21.12197876,7.008529663,5.797542095,1.124658942,94.59490204,3.10408926,4.534828186,239.9679413,240.4161224,14.05327415,63.51865768,Spring,1
4/4/2030,13.46807384,21.26529121,7.102389336,5.826051235,1.116326094,94.58696747,3.104272366,4.533222198,239.2365723,239.7852173,14.19024849,63.32778931,Spring,1
4/5/2030,13.59261322,21.40919685,7.19764328,5.855354309,1.107867122,94.57942963,3.104290247,4.531354904,238.5014038,239.1471558,14.32831001,63.13843155,Spring,1
4/6/2030,13.71827698,21.55362511,7.294294357,5.885458946,1.099326611,94.5723114,3.104127884,4.529206753,237.7650452,238.5038452,14.46741199,62.95078659,Spring,1
4/7/2030,13.84501839,21.69849777,7.39234066,5.916371346,1.090750575,94.56565857,3.10377121,4.526758671,237.0300293,237.8570557,14.60750389,62.76502991,Spring,1
4/8/2030,13.972785,21.84372139,7.491770744,5.948091507,1.08218646,94.55949402,3.10320735,4.523994923,236.2987213,237.2084808,14.74851894,62.5813446,Spring,1
4/9/2030,14.10151386,21.98920822,7.592568398,5.980614185,1.073681355,94.5538559,3.102423668,4.520900249,235.5733643,236.5597382,14.89039707,62.39989471,Spring,1
4/10/2030,14.23114586,22.13487053,7.694716454,6.013930321,1.06528306,94.54875946,3.101409435,4.517459869,234.8559113,235.9122162,15.03306675,62.22081757,Spring,1
4/11/2030,14.36161041,22.28060722,7.798186302,6.048027039,1.057037473,94.54423523,3.100153685,4.513661385,234.1481934,235.2672272,15.17645168,62.04424667,Spring,1
4/12/2030,14.49283791,22.42632484,7.902949333,6.082885742,1.048990488,94.54030609,3.09864831,4.509493828,233.4517822,234.625885,15.32048512,61.87028503,Spring,1
4/13/2030,14.62475586,22.57193947,8.008973122,6.118486881,1.041184664,94.53697205,3.096883535,4.504948139,232.7679901,233.9891052,15.46508121,61.69901276,Spring,1
4/14/2030,14.75728893,22.71735764,8.116220474,6.15480423,1.033661723,94.53424835,3.094852686,4.500015736,232.0979004,233.3577271,15.61017132,61.53048325,Spring,1
4/15/2030,14.89036655,22.86250114,8.224651337,6.191810608,1.026458859,94.53215027,3.092549562,4.494689941,231.442337,232.7322693,15.75567722,61.36473846,Spring,1
4/16/2030,15.02391529,23.00728607,8.334225655,6.229474068,1.01961112,94.53067017,3.089967966,4.488964558,230.8018341,232.1131287,15.90152454,61.20178223,Spring,1
4/17/2030,15.15786457,23.15164566,8.44490242,6.26776123,1.013149142,94.5298233,3.087103844,4.482836723,230.176651,231.5005341,16.04764938,61.04157639,Spring,1
4/18/2030,15.29214954,23.29551888,8.556643486,6.306638718,1.007099152,94.52958679,3.083952904,4.476302624,229.5668488,230.8944855,16.19397926,60.88408279,Spring,1
4/19/2030,15.42671299,23.4388504,8.669403076,6.346066475,1.00148356,94.52996063,3.080513,4.469360828,228.9721527,230.2948456,16.3404541,60.72921753,Spring,1
4/20/2030,15.56149387,23.58159828,8.783143044,6.386007309,0.996318758,94.53094482,3.076781273,4.46201086,228.3920593,229.7012329,16.48702812,60.57686996,Spring,1
4/21/2030,15.69645023,23.72373962,8.897825241,6.426422119,0.991616726,94.53250885,3.072757244,4.45425272,227.8258667,229.1131744,16.6336441,60.42689514,Spring,1
4/22/2030,15.83153629,23.86524773,9.013417244,6.467271805,0.987383246,94.53465271,3.068439722,4.446087837,227.2725677,228.5299988,16.78026772,60.27913284,Spring,1
4/23/2030,15.96671772,24.0061245,9.12988472,6.508515358,0.983619273,94.53733826,3.063828945,4.437519073,226.7310028,227.9509583,16.92686653,60.13337326,Spring,1
4/24/2030,16.10197449,24.14637756,9.247200012,6.550114632,0.9803195,94.54055786,3.058926582,4.428550243,226.1998596,227.3750916,17.07341766,59.98939896,Spring,1
4/25/2030,16.23729134,24.28602409,9.365337372,6.592030525,0.977473199,94.54428101,3.053733349,4.419184208,225.677597,226.8014221,17.21991158,59.84695816,Spring,1
4/26/2030,16.37265968,24.42511177,9.484275818,6.634224892,0.975063562,94.5484848,3.048252583,4.409426212,225.1625519,226.2288666,17.36633873,59.70578384,Spring,1
4/27/2030,16.50808525,24.56368065,9.604002953,6.676663399,0.973068297,94.5531311,3.042485952,4.399283409,224.6529541,225.6562653,17.51271057,59.56556702,Spring,1
4/28/2030,16.64358521,24.70180321,9.724506378,6.719311237,0.971459627,94.55820465,3.036437988,4.388760567,224.1469879,225.0824127,17.65904427,59.42599487,Spring,1
4/29/2030,16.77917671,24.83955193,9.84578228,6.762135506,0.970203996,94.5636673,3.030112267,4.377866268,223.6427155,224.5061493,17.8053627,59.28673553,Spring,1
4/30/2030,16.91490173,24.97702217,9.967828751,6.805107117,0.969263256,94.5694809,3.023514271,4.36660862,223.1382599,223.9262695,17.9516983,59.14743805,Spring,1
5/1/2030,17.05079842,25.11431694,10.09064865,6.84819746,0.968593657,94.57562256,3.016648531,4.354995728,222.6316223,223.3415985,18.09810448,59.00773621,Spring,1
5/2/2030,17.18692017,25.25154495,10.21425629,6.891381741,0.968147755,94.58205414,3.009521723,4.343036652,222.1209869,222.7510986,18.244627,58.86726379,Spring,1
5/3/2030,17.32332802,25.38883781,10.33866119,6.934638023,0.967873454,94.58874512,3.002140045,4.330742359,221.604538,222.1536865,18.39133453,58.72563171,Spring,1
5/4/2030,17.46009254,25.52632713,10.46388531,6.977944851,0.967715204,94.59565735,2.994510651,4.318123341,221.0805206,221.5484619,18.53828621,58.58246613,Spring,1
5/5/2030,17.59728241,25.66415405,10.58994675,7.021286488,0.967613637,94.60276031,2.986641645,4.30519104,220.5474091,220.9346619,18.68556595,58.43738556,Spring,1
5/6/2030,17.73498726,25.80246353,10.71687317,7.064648151,0.96750772,94.61001587,2.978541136,4.291957855,220.0037537,220.3116455,18.83325005,58.28998947,Spring,1
5/7/2030,17.8732872,25.94141579,10.84469318,7.108017445,0.967333138,94.61740112,2.97021842,4.278437138,219.4483185,219.6789856,18.98142624,58.1399231,Spring,1
5/8/2030,18.01227188,26.0811615,10.9734354,7.151382923,0.967024624,94.62488556,2.961682796,4.264641762,218.8800812,219.0363007,19.13018227,57.98680878,Spring,1
5/9/2030,18.15203285,26.22185516,11.10313511,7.194738388,0.966515422,94.63243866,2.952945232,4.250586987,218.2982025,218.3835754,19.27960777,57.83029938,Spring,1
5/10/2030,18.2926693,26.363657,11.23381996,7.238078117,0.965738475,94.64002228,2.944016218,4.236288071,217.7021942,217.720932,19.42979431,57.67005539,Spring,1
5/11/2030,18.43426514,26.5067215,11.36552525,7.281396389,0.964626849,94.64762115,2.934907913,4.221761227,217.0916901,217.0487061,19.58083725,57.50575256,Spring,1
5/12/2030,18.57691383,26.65119743,11.49827957,7.324691296,0.96311444,94.65520477,2.925632,4.207023621,216.4666901,216.3674927,19.73282242,57.3371048,Spring,1
5/13/2030,18.72070503,26.79722786,11.63211346,7.367960453,0.961136043,94.66275024,2.916202068,4.192092896,215.8275299,215.6781158,19.88583565,57.16382217,Spring,1
5/14/2030,18.86572456,26.9449501,11.76705456,7.411203384,0.958628356,94.67023468,2.906631708,4.176988125,215.1747131,214.9816132,20.03996277,56.98565674,Spring,1
5/15/2030,19.01204681,27.09448814,11.90312481,7.454417706,0.955530941,94.67764282,2.896935463,4.161728859,214.50914,214.2792969,20.19527435,56.8024025,Spring,1
5/16/2030,19.15974426,27.24595642,12.04034328,7.497603416,0.951785922,94.68495178,2.887128115,4.146335602,213.8320007,213.5727386,20.35184669,56.61385345,Spring,1
5/17/2030,19.30887985,27.39946175,12.17871952,7.540757656,0.947338998,94.69215393,2.877225876,4.130830288,213.1447144,212.8636475,20.50973701,56.41985321,Spring,1
5/18/2030,19.45950508,27.55508614,12.31826305,7.583879471,0.942139983,94.69922638,2.867244959,4.115235329,212.4490662,212.1540527,20.66899681,56.22027588,Spring,1
5/19/2030,19.61166,27.71290016,12.45897579,7.626965523,0.936142862,94.7061615,2.857202291,4.099573612,211.7470703,211.4461365,20.82966995,56.01503754,Spring,1
5/20/2030,19.76537895,27.87296295,12.60084629,7.670009136,0.929306924,94.71294403,2.847115755,4.083869457,211.0410309,210.7422943,20.99177742,55.80407715,Spring,1
5/21/2030,19.92067909,28.03530502,12.7438612,7.713003159,0.92159611,94.71957397,2.837003231,4.068147659,210.3334503,210.0451355,21.15534592,55.58738708,Spring,1
5/22/2030,20.07756042,28.19993782,12.88799381,7.755938053,0.912980139,94.7260437,2.826884031,4.052433491,209.6271057,209.3573151,21.32037354,55.36496353,Spring,1
5/23/2030,20.23601151,28.36686707,13.0332098,7.798801422,0.903434455,94.73233795,2.816776276,4.036753654,208.9249268,208.6817169,21.48685074,55.13686752,Spring,1
5/24/2030,20.39600754,28.53606033,13.17946529,7.84157896,0.892940819,94.73846436,2.806700706,4.021134853,208.2300568,208.0213013,21.65475464,54.9031868,Spring,1
5/25/2030,20.55750465,28.70746613,13.32670689,7.884250164,0.881486893,94.74442291,2.796675444,4.00560379,207.5457764,207.3791656,21.82403946,54.66405106,Spring,1
5/26/2030,20.72044945,28.8810215,13.47487164,7.926795006,0.869066775,94.75019836,2.786721945,3.990187645,206.8753967,206.7583466,21.99465179,54.41959381,Spring,1
5/27/2030,20.88476753,29.05663872,13.62387943,7.969186306,0.855680883,94.75580597,2.77685976,3.974915504,206.2224274,206.161972,22.1665287,54.17002106,Spring,1
5/28/2030,21.05036545,29.23420143,13.77364635,8.011394501,0.841335893,94.76124573,2.767108679,3.959814072,205.5903015,205.5931549,22.33957291,53.91553879,Spring,1
5/29/2030,21.21713829,29.41357803,13.92407703,8.053388596,0.826045215,94.76651001,2.757489443,3.944911957,204.982605,205.0550079,22.51369095,53.65640259,Spring,1
5/30/2030,21.3849678,29.59461594,14.07506847,8.095129967,0.809827983,94.77161407,2.748021364,3.93023634,204.40271,204.5504913,22.68876076,53.3928833,Spring,1
5/31/2030,21.55371475,29.77713966,14.22650242,8.136577606,0.792709827,94.77655029,2.738724232,3.915814877,203.8540649,204.0825195,22.86465645,53.12527847,Spring,1
6/1/2030,21.72323036,29.9609642,14.37825108,8.177688599,0.774721861,94.78133392,2.72961688,3.901674271,203.3399353,203.6538544,23.04123497,52.85390091,Summer,2
6/2/2030,21.89335251,30.14587784,14.53018475,8.218413353,0.755901396,94.78596497,2.720718384,3.887840748,202.8634644,203.2670593,23.2183342,52.57909393,Summer,2
6/3/2030,22.06390762,30.33165169,14.68215847,8.258701324,0.736290574,94.79045105,2.712045908,3.874339104,202.4276123,202.9245605,23.3957901,52.30121994,Summer,2
6/4/2030,22.23469925,30.51805496,14.83402157,8.298499107,0.71593684,94.79478455,2.703617096,3.861194134,202.0351715,202.6285553,23.57342339,52.02064133,Summer,2
6/5/2030,22.40553474,30.70483208,14.98562527,8.337748528,0.69489181,94.79898834,2.695447206,3.848428726,201.6885529,202.3808899,23.75104141,51.73773193,Summer,2
6/6/2030,22.57621002,30.89172363,15.13680172,8.376390457,0.673211932,94.80305481,2.687552214,3.836063862,201.3900604,202.1832428,23.92844963,51.45288849,Summer,2
6/7/2030,22.74650764,31.07845306,15.28738499,8.414363861,0.650957227,94.80699158,2.679945469,3.824120045,201.1416016,202.0369263,24.10543823,51.16650772,Summer,2
6/8/2030,22.91620827,31.2647438,15.43720722,8.451604843,0.628191054,94.81080627,2.672639608,3.812615395,200.9447327,201.9429321,24.28180122,50.87897873,Summer,2
6/9/2030,23.08508873,31.45031357,15.58609486,8.488051414,0.604979396,94.8144989,2.665645599,3.801565647,200.8006592,201.9019775,24.45732307,50.59070587,Summer,2
6/10/2030,23.25291824,31.63487625,15.73387623,8.523639679,0.581390977,94.81807709,2.658972979,3.790985584,200.7103271,201.9143372,24.63178062,50.30207062,Summer,2
6/11/2030,23.41947556,31.81814384,15.88037586,8.558303833,0.557496488,94.8215332,2.652629614,3.78088665,200.6740723,201.9799347,24.80496025,50.01347351,Summer,2
6/12/2030,23.58452606,31.99983025,16.02542496,8.591981888,0.533367574,94.82488251,2.646621466,3.771277905,200.6920319,202.0983582,24.97664452,49.72528458,Summer,2
6/13/2030,23.7478466,32.17965317,16.16884613,8.624610901,0.509077251,94.82811737,2.640953302,3.762166977,200.763855,202.2687683,25.14661217,49.4378891,Summer,2
6/14/2030,23.90921402,32.35733795,16.31048203,8.656133652,0.484698474,94.83123779,2.635627031,3.753557682,200.8887177,202.4900208,25.31465149,49.15163422,Summer,2
6/15/2030,24.06841469,32.53261185,16.45016861,8.686491966,0.460304588,94.83424377,2.630643606,3.745451927,201.0654755,202.7604828,25.48055458,48.86687088,Summer,2
6/16/2030,24.22523689,32.70523071,16.58774948,8.715633392,0.435967922,94.83714294,2.626000881,3.737848282,201.2924957,203.0782013,25.64411736,48.58393097,Summer,2
6/17/2030,24.37948227,32.87492752,16.72307205,8.743505478,0.411760241,94.83992767,2.621695518,3.730742455,201.5677795,203.4409027,25.80515289,48.3031311,Summer,2
6/18/2030,24.53095818,33.0414772,16.85599899,8.770068169,0.38775152,94.84259796,2.617722511,3.724128246,201.8889313,203.845932,25.96346283,48.02476501,Summer,2
6/19/2030,24.67948532,33.20465851,16.9864006,8.795277596,0.364010245,94.84515381,2.614073515,3.71799469,202.2532196,204.2902679,26.11888695,47.74913025,Summer,2
6/20/2030,24.82490158,33.36427307,17.114151,8.819103241,0.340602547,94.84757996,2.610739708,3.712329388,202.6574707,204.7706146,26.27125359,47.47647476,Summer,2
6/21/2030,24.96704483,33.52012253,17.23914337,8.841517448,0.317591876,94.84989166,2.607708693,3.707117558,203.0982513,205.2834015,26.42041016,47.20705414,Summer,2
6/22/2030,25.10577965,33.67205429,17.36127472,8.862499237,0.295039505,94.85207367,2.604967594,3.702340126,203.5718384,205.8247681,26.56622505,46.94110107,Summer,2
6/23/2030,25.24098396,33.81991196,17.48046112,8.882036209,0.273002446,94.85413361,2.602500916,3.697976589,204.0741577,206.3906403,26.70857048,46.67881775,Summer,2
6/24/2030,25.37254524,33.96356583,17.59662628,8.900123596,0.251535654,94.85604858,2.600291729,3.694003582,204.6009674,206.9767761,26.84732819,46.42041779,Summer,2
6/25/2030,25.50037193,34.10290909,17.70970154,8.916763306,0.230690092,94.85783386,2.598320961,3.690394402,205.1478424,207.5787354,26.98241615,46.16607666,Summer,2
6/26/2030,25.62438965,34.23785019,17.81964874,8.931968689,0.210513175,94.85948181,2.5965693,3.687121868,205.7101898,208.1919556,27.11374283,45.91596222,Summer,2
6/27/2030,25.74453354,34.36832809,17.92642212,8.94575882,0.191048086,94.8609848,2.595014334,3.684154987,206.2832336,208.8118439,27.24124718,45.67023468,Summer,2
6/28/2030,25.86076546,34.4942894,18.02999878,8.958164215,0.172335148,94.86234283,2.59363389,3.681462288,206.8621674,209.4336548,27.36487961,45.42905045,Summer,2
6/29/2030,25.97305107,34.61571121,18.13037109,8.969219208,0.154410347,94.86354828,2.592404366,3.679010391,207.4422302,210.0527802,27.48459625,45.19255066,Summer,2
6/30/2030,26.08137703,34.73257828,18.22753906,8.978975296,0.137305945,94.86460876,2.591300488,3.676764488,208.0185547,210.6645355,27.60038376,44.96085358,Summer,2
7/1/2030,26.18575287,34.84489822,18.32152176,8.987483978,0.121050984,94.86550903,2.590297461,3.674687862,208.5863953,211.2644196,27.71221924,44.7341156,Summer,2
7/2/2030,26.28618813,34.95270157,18.41234207,8.994810104,0.10566996,94.86626434,2.589369535,3.672744274,209.1411743,211.8479462,27.82011223,44.51245117,Summer,2
7/3/2030,26.38271141,35.05603027,18.50003052,9.0010252,0.091184996,94.86685944,2.588490486,3.670897007,209.6783295,212.4108276,27.9240799,44.29600143,Summer,2
7/4/2030,26.47536469,35.15493774,18.58463287,9.006210327,0.077614054,94.86730194,2.587634563,3.669107437,210.193573,212.9490204,28.02414131,44.0848999,Summer,2
7/5/2030,26.56420326,35.24948502,18.66620636,9.010452271,0.064972706,94.86759949,2.586776018,3.667339325,210.6829071,213.4586792,28.12033653,43.87928772,Summer,2
7/6/2030,26.64928246,35.33976364,18.74481201,9.013845444,0.053272773,94.86774445,2.585889101,3.665555477,211.1424713,213.9362335,28.21269989,43.67932129,Summer,2
7/7/2030,26.73067665,35.42584991,18.82052994,9.016490936,0.042524163,94.86773682,2.584949017,3.663720131,211.5688629,214.3785095,28.3012886,43.48516083,Summer,2
7/8/2030,26.80845261,35.5078392,18.89341736,9.018493652,0.032733962,94.86759186,2.5839324,3.661798,211.9589539,214.782486,28.38615036,43.29698181,Summer,2
7/9/2030,26.88269424,35.58583069,18.96356964,9.019966125,0.023907036,94.86730957,2.582815886,3.659755707,212.3099518,215.1456757,28.46735001,43.1149826,Summer,2
7/10/2030,26.95348549,35.659935,19.03105545,9.02102375,0.016046757,94.86689758,2.581578255,3.657561302,212.6195679,215.4659271,28.54494476,42.93936157,Summer,2
7/11/2030,27.02090836,35.73023987,19.09596634,9.021785736,0.009154443,94.8663559,2.580199242,3.655185699,212.8859406,215.7415009,28.61899567,42.7703476,Summer,2
7/12/2030,27.08504868,35.79685593,19.15838242,9.022372246,0.003230206,94.86569977,2.578660727,3.652600288,213.1075592,215.9711456,28.68956566,42.60818863,Summer,2
7/13/2030,27.14598656,35.85988235,19.21839142,9.022907257,-0.001727268,94.8649292,2.576945543,3.64978075,213.2834778,216.1539001,28.75671577,42.45314789,Summer,2
7/14/2030,27.2038002,35.91940689,19.27606583,9.023514748,-0.005719582,94.86405945,2.575039864,3.646704674,213.4131622,216.2894592,28.82049561,42.3055191,Summer,2
7/15/2030,27.25856209,35.97550964,19.33149338,9.024316788,-0.008749595,94.86310577,2.572931051,3.643353462,213.4966583,216.3778229,28.88095665,42.16561127,Summer,2
7/16/2030,27.31034088,36.02827835,19.38473511,9.025436401,-0.010819594,94.86206818,2.570609331,3.639710903,213.5343781,216.4195557,28.93814468,42.03375244,Summer,2
7/17/2030,27.35919189,36.07777405,19.43586349,9.026991844,-0.011933126,94.86096191,2.568066835,3.635764599,213.5273132,216.4155884,28.99209404,41.91030884,Summer,2
7/18/2030,27.40516281,36.1240387,19.48493576,9.029100418,-0.012093396,94.85979462,2.565298557,3.631505966,213.4768524,216.3673706,29.04283142,41.7956543,Summer,2
7/19/2030,27.44829559,36.16712952,19.53199768,9.031872749,-0.011302804,94.85858917,2.562301874,3.626929283,213.3849335,216.2767639,29.09037209,41.69018173,Summer,2
7/20/2030,27.48861313,36.20705032,19.57709122,9.035415649,-0.009564439,94.85734558,2.559076786,3.622034073,213.2538605,216.1460876,29.13472366,41.59430695,Summer,2
7/21/2030,27.52612877,36.24382019,19.6202507,9.039829254,-0.006880132,94.8560791,2.555626869,3.616821766,213.086441,215.9779358,29.17587852,41.50846481,Summer,2
7/22/2030,27.56084824,36.27742767,19.66148376,9.04520607,-0.003252055,94.85480499,2.551956177,3.611299515,212.8857574,215.7754364,29.2138176,41.4331131,Summer,2
7/23/2030,27.59274673,36.30784607,19.70080948,9.051630974,0.001318874,94.85353851,2.548074245,3.605476379,212.655426,215.5420074,29.24851418,41.36870193,Summer,2
7/24/2030,27.62180328,36.33502579,19.73821259,9.059181213,0.006832028,94.85227966,2.543990135,3.599367142,212.3992767,215.281311,29.27991676,41.31571198,Summer,2
7/25/2030,27.6479702,36.35890198,19.77367783,9.067920685,0.013286949,94.85105896,2.539718151,3.592988968,212.12146,214.9974365,29.30796432,41.27461243,Summer,2
7/26/2030,27.67119217,36.37940979,19.8071785,9.077908516,0.020684093,94.84986877,2.535272837,3.586363316,211.826416,214.6945953,29.33259964,41.24589539,Summer,2
7/27/2030,27.69139862,36.39642715,19.83866501,9.089187622,0.029023921,94.84873199,2.530672789,3.579514027,211.5187683,214.3772125,29.35372162,41.2300415,Summer,2
7/28/2030,27.70849991,36.40985489,19.86808014,9.101794243,0.038307231,94.84764862,2.525936842,3.572469234,211.2032776,214.0499573,29.37124443,41.22753143,Summer,2
7/29/2030,27.72239304,36.41956329,19.89535904,9.115747452,0.048534997,94.84664154,2.521087646,3.565259457,210.8849182,213.7175293,29.38505745,41.23882675,Summer,2
7/30/2030,27.7329731,36.42539215,19.92041779,9.131059647,0.059707902,94.84571075,2.516148806,3.557917595,210.5686951,213.3847809,29.3950367,41.26438904,Summer,2
7/31/2030,27.74010658,36.42719269,19.94316101,9.147727966,0.071826465,94.84487152,2.511145115,3.550480366,210.2595825,213.0565033,29.40105438,41.30466461,Summer,2
8/1/2030,27.7436657,36.42479324,19.96349335,9.165737152,0.084890798,94.84412384,2.506103277,3.542985439,209.9625702,212.7375336,29.40297318,41.36007309,Summer,2
8/2/2030,27.74350357,36.41800308,19.98129272,9.185060501,0.098899819,94.84347534,2.501050949,3.535471916,209.6826477,212.4326324,29.4006424,41.43099976,Summer,2
8/3/2030,27.73946762,36.40664673,19.9964447,9.205657959,0.113852203,94.84293365,2.496016502,3.527982235,209.4244843,212.1464233,29.39391327,41.51781464,Summer,2
8/4/2030,27.73140144,36.39051437,20.00881195,9.22747612,0.129744008,94.84249878,2.491028786,3.520558834,209.1927948,211.8834229,29.38262749,41.62084198,Summer,2
8/5/2030,27.7191391,36.36941147,20.01826477,9.250452995,0.146571234,94.84217834,2.486118078,3.513243675,208.9919281,211.6478729,29.3666172,41.7403717,Summer,2
8/6/2030,27.70252419,36.34313583,20.02465439,9.274511337,0.164326966,94.84197235,2.481312513,3.506080627,208.8260193,211.4438477,29.34573364,41.87665558,Summer,2
8/7/2030,27.68138123,36.31148148,20.02784729,9.299564362,0.183002368,94.8418808,2.47664237,3.49911356,208.6988678,211.2751007,29.31980515,42.02988434,Summer,2
8/8/2030,27.65555191,36.27426147,20.02768707,9.32551384,0.202586547,94.84191132,2.472136021,3.492385387,208.6139984,211.1450806,29.28867531,42.20019531,Summer,2
8/9/2030,27.62487602,36.23127365,20.02403259,9.35225296,0.223065302,94.84204865,2.46782136,3.485937595,208.5744324,211.0569153,29.25219345,42.38768768,Summer,2
8/10/2030,27.58919525,36.18234253,20.01673126,9.379664421,0.244422153,94.84230042,2.463725328,3.479812622,208.5828857,211.0132446,29.21020889,42.59239578,Summer,2
8/11/2030,27.54836464,36.12728882,20.00564575,9.407621384,0.266636699,94.842659,2.459873438,3.474047661,208.6416016,211.0164185,29.16258621,42.81428528,Summer,2
8/12/2030,27.50225067,36.06595993,19.99063492,9.435993195,0.289685816,94.84312439,2.456290007,3.468681335,208.7523193,211.0682831,29.10919189,43.05325317,Summer,2
8/13/2030,27.45072174,35.99821091,19.97156906,9.464636803,0.31354177,94.84369659,2.452996969,3.463747978,208.9163055,211.1702576,29.04991341,43.30914307,Summer,2
8/14/2030,27.39367676,35.92392349,19.94831848,9.493409157,0.338174254,94.84435272,2.450014591,3.459279537,209.1343689,211.3233643,28.98464966,43.58172607,Summer,2
8/15/2030,27.331007,35.84298706,19.92077637,9.522158623,0.363547981,94.8451004,2.447360516,3.455307007,209.4067993,211.5279694,28.913311,43.87070084,Summer,2
8/16/2030,27.26264572,35.75532532,19.88882828,9.550732613,0.389624238,94.84593201,2.445051193,3.451854229,209.7332611,211.7841339,28.83583069,44.17570496,Summer,2
8/17/2030,27.18852806,35.66088867,19.85239029,9.57897377,0.416359961,94.84683228,2.443098545,3.448945045,210.1130524,212.0913239,28.75215721,44.49629593,Summer,2
8/18/2030,27.10861588,35.55963898,19.81138611,9.606722832,0.443707973,94.84780121,2.4415133,3.446597576,210.5448914,212.4486389,28.66226578,44.83196259,Summer,2
8/19/2030,27.02289391,35.45158005,19.76574707,9.633823395,0.471616924,94.84882355,2.440302849,3.44482708,211.0269928,212.8545685,28.56614876,45.18212891,Summer,2
8/20/2030,26.9313755,35.33673859,19.71543121,9.660118103,0.50003159,94.84989929,2.439471245,3.443644047,211.5570831,213.3072205,28.4638176,45.54615021,Summer,2
8/21/2030,26.83408356,35.21517563,19.66040421,9.6854496,0.528892517,94.85102081,2.439020634,3.443055153,212.1324768,213.8042603,28.35531425,45.92332458,Summer,2
8/22/2030,26.73107719,35.08698273,19.60066223,9.709670067,0.558136523,94.85217285,2.438949108,3.443062782,212.7499847,214.3429871,28.24070168,46.31285858,Summer,2
8/23/2030,26.62243843,34.95227814,19.53621292,9.732625961,0.58769685,94.85335541,2.439252138,3.443665028,213.4060059,214.9201813,28.12006569,46.71394348,Summer,2
8/24/2030,26.50827217,34.81121445,19.46707916,9.754178047,0.617503345,94.85455322,2.439922094,3.444855213,214.0966797,215.5323334,27.99352074,47.12567902,Summer,2
8/25/2030,26.38871002,34.66397095,19.39331055,9.774186134,0.647482693,94.8557663,2.440948725,3.446623802,214.8176575,216.1756134,27.86120224,47.54714203,Summer,2
8/26/2030,26.2639122,34.51078033,19.31497192,9.792520523,0.67755872,94.85697937,2.442318201,3.448955536,215.5643463,216.8458557,27.72327232,47.97732544,Summer,2
8/27/2030,26.134058,34.35186386,19.23215103,9.80906105,0.707652807,94.85820007,2.444015265,3.451831341,216.3319702,217.5387115,27.579916,48.41520691,Summer,2
8/28/2030,25.99935532,34.18751526,19.1449585,9.823693275,0.737684309,94.85941315,2.446020365,3.455229759,217.1154175,218.2495117,27.43133926,48.85973358,Summer,2
8/29/2030,25.86003494,34.01801682,19.05351257,9.836310387,0.76757127,94.86061096,2.448312998,3.459124565,217.9095001,218.9734802,27.277771,49.30980682,Summer,2
8/30/2030,25.71634483,33.84371185,18.95796204,9.846818924,0.797229767,94.86179352,2.450870275,3.463486195,218.7089233,219.7057343,27.11946869,49.76430511,Summer,2
8/31/2030,25.56855392,33.66494751,18.8584671,9.855135918,0.826575935,94.86296844,2.453665972,3.4682827,219.5082855,220.4412994,26.95669937,50.22209167,Summer,2
9/1/2030,25.41695976,33.48209,18.75520325,9.861185074,0.855525374,94.86412048,2.456673622,3.473478794,220.3022156,221.1751556,26.78974915,50.68202591,Autumn,3
9/2/2030,25.26185799,33.29553986,18.64836884,9.864906311,0.883994043,94.86524963,2.459864855,3.479037285,221.0853729,221.9022827,26.61892319,51.14294815,Autumn,3
9/3/2030,25.10358047,33.10570145,18.53816986,9.866249084,0.91189909,94.8663559,2.463210106,3.484919071,221.8525848,222.6177368,26.44454193,51.6037178,Autumn,3
9/4/2030,24.94245338,32.9129982,18.42482376,9.86517334,0.939158559,94.8674469,2.466678143,3.491082191,222.5986328,223.3167419,26.26693535,52.06319809,Autumn,3
9/5/2030,24.77882004,32.71786499,18.30856705,9.861650467,0.965692937,94.86851501,2.470238209,3.497485161,223.3186951,223.9946442,26.08644104,52.52025986,Autumn,3
9/6/2030,24.61303329,32.52073669,18.18964005,9.855665207,0.991424859,94.86956787,2.473858833,3.504085064,224.0081482,224.6469574,25.90340996,52.97381592,Autumn,3
9/7/2030,24.44545364,32.32206345,18.0682869,9.847211838,1.016280413,94.87060547,2.477508545,3.510838509,224.6625671,225.269455,25.71818542,53.42279053,Autumn,3
9/8/2030,24.27643013,32.12228394,17.94477081,9.836297035,1.040189147,94.87162781,2.481156349,3.517702103,225.2779694,225.8582611,25.53112793,53.86616516,Autumn,3
9/9/2030,24.10632133,31.92184639,17.81934738,9.822938919,1.063084483,94.87265015,2.484771729,3.524633884,225.8506775,226.4097443,25.34258842,54.302948,Autumn,3
9/10/2030,23.93548393,31.72117996,17.69227219,9.807162285,1.084904909,94.87366486,2.488325596,3.531591892,226.3774414,226.9206696,25.15291214,54.73220444,Autumn,3
9/11/2030,23.76425934,31.5207119,17.56380463,9.789007187,1.105593443,94.87468719,2.491789579,3.538537502,226.8554382,227.3881836,24.96245003,55.15307236,Autumn,3
9/12/2030,23.59298706,31.32085609,17.4342041,9.768518448,1.125099182,94.87570953,2.495137691,3.54543066,227.2823639,227.809845,24.77153206,55.56472015,Autumn,3
9/13/2030,23.42199326,31.12200356,17.30371857,9.745750427,1.143376708,94.87674713,2.498345137,3.552236557,227.656311,228.1836548,24.58048439,55.96640778,Autumn,3
9/14/2030,23.25158119,30.92453194,17.17259979,9.720768929,1.160386801,94.87780762,2.501390219,3.558922768,227.9759521,228.5080566,24.38961411,56.35746384,Autumn,3
9/15/2030,23.08205414,30.72879791,17.04107285,9.693641663,1.176097155,94.87889099,2.504252434,3.565458775,228.240448,228.7819977,24.19921494,56.73727798,Autumn,3
9/16/2030,22.9136734,30.5351162,16.90936661,9.664445877,1.19048214,94.88000488,2.506915331,3.571818352,228.4494934,229.0048981,24.00956345,57.10533142,Autumn,3
9/17/2030,22.74669647,30.34379005,16.7776947,9.633263588,1.203523159,94.88114929,2.509364605,3.577979088,228.6033325,229.176651,23.82091141,57.46119308,Autumn,3
9/18/2030,22.58134651,30.15508842,16.64624786,9.600182533,1.215208411,94.88233185,2.511589527,3.583922386,228.7027283,229.2976227,23.63349342,57.80449677,Autumn,3
9/19/2030,22.41782188,29.96923065,16.5152092,9.565290451,1.225534201,94.88355255,2.513581753,3.589633465,228.7489166,229.3687134,23.44751358,58.13498306,Autumn,3
9/20/2030,22.25629807,29.78642082,16.38474274,9.528683662,1.234503269,94.88482666,2.515337229,3.595102787,228.7436829,229.3912659,23.2631588,58.45246506,Autumn,3
9/21/2030,22.0969162,29.60681534,16.25498581,9.490455627,1.242126465,94.88614655,2.516855478,3.600325108,228.6893768,229.3670959,23.08057404,58.75685501,Autumn,3
9/22/2030,21.9397831,29.43053436,16.1260643,9.450701714,1.248420954,94.88751984,2.518138885,3.60529995,228.5886841,229.2984161,22.8998909,59.04814529,Autumn,3
9/23/2030,21.78498459,29.257658,15.99807453,9.409521103,1.253411889,94.8889389,2.519194126,3.610031605,228.4447784,229.1879425,22.72119904,59.32641602,Autumn,3
9/24/2030,21.63256454,29.0882225,15.87110233,9.367006302,1.257130861,94.89041138,2.520030737,3.614529133,228.2613373,229.0387726,22.54457092,59.59184265,Autumn,3
9/25/2030,21.48254013,28.92222595,15.74519444,9.323253632,1.259616375,94.89193726,2.520662308,3.618806839,228.0422516,228.8542786,22.37003517,59.84465408,Autumn,3
9/26/2030,21.33489037,28.75963211,15.62038326,9.278354645,1.260912776,94.89350128,2.521105766,3.622882843,227.7918854,228.6382446,22.19759941,60.08519363,Autumn,3
9/27/2030,21.18956947,28.60034943,15.49668217,9.232398987,1.261071205,94.89511871,2.521381855,3.62678051,227.5148621,228.3947906,22.02723885,60.31386948,Autumn,3
9/28/2030,21.04649162,28.44426346,15.37406826,9.185470581,1.260147572,94.89676666,2.521513224,3.63052702,227.2160034,228.1282043,21.85889626,60.53115082,Autumn,3
9/29/2030,20.90554047,28.29121017,15.2525053,9.137649536,1.258203506,94.89844513,2.521526814,3.634154797,226.9003906,227.8430481,21.69248772,60.73758316,Autumn,3
9/30/2030,20.76657867,28.14099503,15.13193226,9.089015007,1.255305171,94.90014648,2.521452665,3.63769865,226.5732574,227.5440369,21.5279026,60.93377304,Autumn,3
10/1/2030,20.62943268,27.9933815,15.01226521,9.039636612,1.25152266,94.9018631,2.521321535,3.641199112,226.2399597,227.2359924,21.36499786,61.12039185,Autumn,3
10/2/2030,20.49390221,27.8481102,14.89339542,8.989581108,1.246929765,94.90357971,2.521168947,3.644697189,225.905838,226.9238739,21.20361328,61.29814911,Autumn,3
10/3/2030,20.3597641,27.70488167,14.77520275,8.93890667,1.241603374,94.90529633,2.521030188,3.648238659,225.5762787,226.6126251,21.04356194,61.4678154,Autumn,3
10/4/2030,20.22677231,27.56337738,14.65753651,8.887666702,1.235622525,94.90699005,2.520944118,3.651872158,225.2566833,226.3072357,20.8846302,61.63018799,Autumn,3
10/5/2030,20.09465981,27.42324638,14.5402441,8.83590889,1.229068398,94.90864563,2.520949841,3.655646801,224.9522247,226.0125427,20.72659683,61.78609467,Autumn,3
10/6/2030,19.96314049,27.28412247,14.42314243,8.78367424,1.222022414,94.91026306,2.521087646,3.659613609,224.6680298,225.7333527,20.56921577,61.93638611,Autumn,3
10/7/2030,19.83191872,27.14562416,14.30604267,8.730998039,1.21456778,94.91181183,2.521399021,3.663825035,224.4089813,225.4743195,20.41222763,62.08195496,Autumn,3
10/8/2030,19.70067978,27.00735092,14.18874454,8.677907944,1.206786036,94.9132843,2.521925211,3.668334007,224.1797485,225.2398834,20.25536728,62.22367096,Autumn,3
10/9/2030,19.56910896,26.86888695,14.07103825,8.624425888,1.198759079,94.91465759,2.522707224,3.673192978,223.9846497,225.0342865,20.09835243,62.36241531,Autumn,3
10/10/2030,19.4368763,26.72982407,13.95270443,8.570568085,1.19056654,94.91592407,2.523786068,3.678454399,223.8278046,224.8614349,19.94090271,62.49908447,Autumn,3
10/11/2030,19.30365562,26.58974266,13.83351994,8.516347885,1.182286978,94.91706085,2.525201797,3.684169769,223.7128143,224.7249603,19.78273392,62.63454056,Autumn,3
10/12/2030,19.1691227,26.44823265,13.7132616,8.461769104,1.173995018,94.9180603,2.526992321,3.690388203,223.6429901,224.6281891,19.62355995,62.76963806,Autumn,3
10/13/2030,19.03295517,26.30487633,13.59170437,8.406835556,1.165763378,94.91889954,2.529195309,3.697156429,223.6212006,224.5740051,19.46310043,62.90520477,Autumn,3
10/14/2030,18.89483452,26.15927887,13.46862125,8.351543427,1.157660365,94.91955566,2.531845093,3.704519749,223.6497803,224.5650024,19.3010807,63.04204559,Autumn,3
10/15/2030,18.75446701,26.0110569,13.34380245,8.295887947,1.149750233,94.92002869,2.534974337,3.712519646,223.7306976,224.6032104,19.13723755,63.18090057,Autumn,3
10/16/2030,18.61155319,25.85984612,13.21703434,8.239859581,1.142092824,94.92029572,2.538612366,3.721194267,223.8654022,224.6903381,18.9713192,63.32250214,Autumn,3
10/17/2030,18.46582603,25.70529556,13.08811474,8.183448792,1.134742975,94.92034912,2.54278636,3.730576992,224.0547791,224.8276062,18.80308914,63.46751404,Autumn,3
10/18/2030,18.31703568,25.54708862,12.95686054,8.126643181,1.127750158,94.92017365,2.547518969,3.740696907,224.2992859,225.0158081,18.63232613,63.61654282,Autumn,3
10/19/2030,18.16495323,25.38493538,12.82309628,8.06942749,1.121158123,94.91975403,2.552829981,3.751579285,224.5988617,225.2551727,18.45884132,63.77015305,Autumn,3
10/20/2030,18.00937653,25.21857452,12.68666553,8.011791229,1.115005016,94.91909027,2.558734894,3.763243198,224.9528351,225.5455933,18.28245163,63.92883682,Autumn,3
10/21/2030,17.85012817,25.04778099,12.54742908,7.953722,1.109323144,94.91817474,2.565245867,3.775702,225.360199,225.8864136,18.1030159,64.09301758,Autumn,3
10/22/2030,17.68706894,24.87236977,12.40527248,7.895205975,1.104138494,94.91700745,2.572369814,3.788964272,225.8194122,226.2765808,17.92040253,64.26307678,Autumn,3
10/23/2030,17.52008247,24.69218445,12.26009655,7.836234093,1.099471331,94.91557312,2.580109596,3.803031921,226.3283691,226.7146149,17.73452568,64.43930054,Autumn,3
10/24/2030,17.34909058,24.50712585,12.11183071,7.776801109,1.095335126,94.91387939,2.588463783,3.817901611,226.8846436,227.1985016,17.54532242,64.62191772,Autumn,3
10/25/2030,17.17404938,24.31712532,11.96042347,7.716902733,1.091738224,94.9119339,2.597425699,3.833562851,227.4853363,227.7259674,17.35275841,64.81105804,Autumn,3
10/26/2030,16.99495316,24.12215805,11.80585766,7.656537533,1.088682532,94.90973663,2.606985569,3.849999428,228.127182,228.2942963,17.15683746,65.00683594,Autumn,3
10/27/2030,16.81182671,23.92224693,11.64813519,7.595711708,1.086164594,94.90729523,2.617126703,3.867188454,228.8065491,228.9004517,16.9575882,65.20924377,Autumn,3
10/28/2030,16.62473679,23.71746254,11.48728657,7.534434319,1.084175348,94.90461731,2.627830267,3.885101795,229.5195007,229.5410156,16.75508118,65.41822052,Autumn,3
10/29/2030,16.43378639,23.50791168,11.32337379,7.472718716,1.08270061,94.90171814,2.639071226,3.903704643,230.2618408,230.2123566,16.5494175,65.63365173,Autumn,3
10/30/2030,16.23911476,23.29375076,11.15647984,7.410586357,1.081721663,94.89862061,2.650820971,3.922956467,231.0290833,230.9105682,16.34072685,65.85533142,Autumn,3
10/31/2030,16.04089165,23.07518578,10.98672009,7.348062038,1.081215143,94.89533234,2.663047075,3.942811966,231.8166504,231.6315613,16.12917328,66.08300781,Autumn,3
11/1/2030,15.83933544,22.85244751,10.81423569,7.285178661,1.081154227,94.89188385,2.675712347,3.963218689,232.619751,232.3710632,15.91495609,66.3163681,Autumn,3
11/2/2030,15.63467884,22.62582016,10.63919258,7.221973419,1.081507802,94.88829041,2.688776493,3.984120846,233.4335022,233.1246643,15.69830227,66.55502319,Autumn,3
11/3/2030,15.42720509,22.39562607,10.46178246,7.158491611,1.082242489,94.88458252,2.702195883,4.005457878,234.2530212,233.8878632,15.47946453,66.79856873,Autumn,3
11/4/2030,15.21721363,22.16222191,10.2822237,7.09478426,1.083322406,94.88078308,2.715923309,4.027163982,235.0733948,234.6561737,15.25872326,67.04652405,Autumn,3
11/5/2030,15.00504208,21.92599297,10.10075188,7.030908585,1.084709525,94.87693024,2.729908943,4.049170971,235.88974,235.4250641,15.03638935,67.2983551,Autumn,3
11/6/2030,14.79104996,21.68735886,9.917633057,6.966927528,1.086364508,94.8730545,2.744101048,4.071405888,236.6973114,236.1900635,14.81279087,67.55352783,Autumn,3
11/7/2030,14.57561779,21.44676971,9.733140945,6.902910233,1.08824718,94.86917877,2.758445263,4.093794823,237.4914703,236.9467773,14.58827877,67.81144714,Autumn,3
11/8/2030,14.35914421,21.20470047,9.547576904,6.838931084,1.090317249,94.86535645,2.772886276,4.116261005,238.2677917,237.690918,14.36322117,68.07150269,Autumn,3
11/9/2030,14.14205456,20.96163559,9.361255646,6.77506876,1.092535019,94.86161041,2.787366629,4.138725281,239.0220337,238.4184113,14.13799953,68.33304596,Autumn,3
11/10/2030,13.92478085,20.71808815,9.174500465,6.711409092,1.09486115,94.85797882,2.801828861,4.161108494,239.7502594,239.125412,13.91300869,68.59542847,Autumn,3
11/11/2030,13.70776367,20.47457886,8.987650871,6.648039341,1.097257853,94.85450745,2.816215515,4.183331013,240.4487762,239.8081665,13.68865681,68.85800934,Autumn,3
11/12/2030,13.49145699,20.23163795,8.801055908,6.585051537,1.099689364,94.85122681,2.830468416,4.205313683,241.1142731,240.4633179,13.4653511,69.12010193,Autumn,3
11/13/2030,13.27631664,19.98980141,8.615060806,6.522540569,1.102122307,94.84818268,2.844530106,4.226976871,241.7437897,241.0878143,13.24350834,69.38103485,Autumn,3
11/14/2030,13.06279945,19.74960136,8.430025101,6.460602283,1.104526043,94.84540558,2.858344793,4.248243332,242.3346863,241.678833,13.02353954,69.64016724,Autumn,3
11/15/2030,12.85135174,19.51157188,8.246305466,6.399336815,1.106873035,94.84293365,2.871857882,4.269039154,242.8848267,242.2339935,12.80585766,69.89685059,Autumn,3
11/16/2030,12.64242649,19.27623749,8.064253807,6.338841438,1.109139681,94.84079742,2.885015965,4.289290428,243.3924255,242.7511444,12.59086514,70.15045166,Autumn,3
11/17/2030,12.43645573,19.04410744,7.884222984,6.279216766,1.111306071,94.83904266,2.897768974,4.30892849,243.8560944,243.228653,12.3789587,70.40036774,Autumn,3
11/18/2030,12.23386192,18.81568146,7.706551552,6.22055912,1.113356352,94.83769989,2.910069227,4.327888489,244.2749939,243.6652374,12.17051888,70.64601898,Autumn,3
11/19/2030,12.03505325,18.59143448,7.531574249,6.162966728,1.115279198,94.83679962,2.921871424,4.34610796,244.6486359,244.0599518,11.96591473,70.88685608,Autumn,3
11/20/2030,11.84041405,18.37182617,7.359609604,6.106532097,1.117067814,94.83636475,2.933134556,4.363531113,244.9769897,244.4122467,11.76549435,71.12236023,Autumn,3
11/21/2030,11.65030861,18.15727806,7.190966606,6.051346779,1.118720174,94.83642578,2.943820953,4.380106926,245.2604523,244.7220459,11.56958675,71.3520813,Autumn,3
11/22/2030,11.46507835,17.94819832,7.025932312,5.997496605,1.120238423,94.83700562,2.953897238,4.395788193,245.4998779,244.9896393,11.37850094,71.57554626,Autumn,3
11/23/2030,11.28503609,17.74494743,6.864780426,5.945064545,1.121630073,94.83811951,2.963333607,4.410537243,245.6965332,245.2156219,11.19251442,71.79238129,Autumn,3
11/24/2030,11.11046219,17.54786301,6.70775795,5.894125938,1.122906804,94.83978271,2.97210598,4.424318314,245.851944,245.401062,11.0118885,72.0022583,Autumn,3
11/25/2030,10.94160652,17.35724258,6.555092812,5.844751358,1.124084949,94.84201813,2.980193615,4.437105656,245.9681702,245.5473022,10.83684158,72.20484924,Autumn,3
11/26/2030,10.77869034,17.17334366,6.406989098,5.797003746,1.125184894,94.84482574,2.987581491,4.448878765,246.0475311,245.6560211,10.66757584,72.3999176,Autumn,3
11/27/2030,10.62189388,16.99638367,6.263628006,5.750939369,1.126231432,94.8482132,2.994258642,4.45962286,246.0926361,245.7292633,10.5042572,72.58726501,Autumn,3
11/28/2030,10.47136784,16.82654381,6.12515831,5.706605911,1.127252698,94.85217285,3.000220537,4.469332218,246.1064148,245.7692871,10.34701824,72.76673126,Autumn,3
11/29/2030,10.32722378,16.6639595,5.991704941,5.664042473,1.12828052,94.85671234,3.005465984,4.478006363,246.0920105,245.7787018,10.19595909,72.93821716,Autumn,3
11/30/2030,10.18953705,16.50872612,5.863365173,5.623280525,1.129349828,94.86181641,3.009999752,4.485652924,246.0527802,245.7602234,10.05115128,73.10166931,Autumn,3
12/1/2030,10.0583477,16.36089325,5.740211487,5.584341049,1.130497694,94.86747742,3.013831377,4.492285252,245.9922485,245.7168121,9.912630081,73.25705719,Winter,0
12/2/2030,9.933657646,16.22047615,5.622282028,5.547237396,1.131764054,94.87366486,3.016975403,4.497923851,245.9140778,245.6515961,9.780399323,73.4044342,Winter,0
12/3/2030,9.815433502,16.08744431,5.509592056,5.511972427,1.133190036,94.88037109,3.019450188,4.502595425,245.8219604,245.5678406,9.65443325,73.54386902,Winter,0
12/4/2030,9.703607559,15.96172333,5.402124405,5.478539944,1.134817719,94.88756561,3.021279573,4.506333351,245.719696,245.4688873,9.534669876,73.6754837,Winter,0
12/5/2030,9.598079681,15.84321213,5.299834251,5.446923256,1.13669014,94.8952179,3.022491455,4.509176731,245.6110992,245.3580475,9.421022415,73.79942322,Winter,0
12/6/2030,9.498717308,15.73175812,5.202656746,5.417098045,1.138850212,94.90329742,3.023117065,4.51116991,245.4998169,245.2387848,9.313374519,73.9158783,Winter,0
12/7/2030,9.405355453,15.62718868,5.110494614,5.38902998,1.141340733,94.91175842,3.023192883,4.51236248,245.3895874,245.1144714,9.21158123,74.02507019,Winter,0
12/8/2030,9.317799568,15.52928829,5.023233414,5.362675667,1.144202948,94.92055511,3.022756577,4.5128088,245.2839355,244.9883728,9.115476608,74.12724304,Winter,0
12/9/2030,9.235836983,15.43781948,4.940728188,5.337985039,1.147476435,94.92965698,3.021851301,4.51256752,245.186203,244.8638153,9.02486515,74.22265625,Winter,0
12/10/2030,9.159220695,15.35251236,4.862817764,5.314898014,1.151198983,94.93901062,3.020521164,4.511701107,245.0996246,244.7438202,8.939535141,74.31162262,Winter,0
12/11/2030,9.087688446,15.27307415,4.789320946,5.293347836,1.155405402,94.94856262,3.018813848,4.510274887,245.0271606,244.6313629,8.859257698,74.39442444,Winter,0
12/12/2030,9.020957947,15.19919205,4.72003746,5.273259163,1.160127878,94.95826721,3.016777754,4.508357525,244.9715729,244.5292358,8.783784866,74.47138977,Winter,0
12/13/2030,8.958732605,15.13054085,4.654755592,5.254554272,1.16539371,94.96805573,3.014463902,4.506019115,244.9352417,244.4400024,8.7128582,74.54283905,Winter,0
12/14/2030,8.900702477,15.06677246,4.593245506,5.237147331,1.171227098,94.97788239,3.011924267,4.503331184,244.9203033,244.3659821,8.646202087,74.60910797,Winter,0
12/15/2030,8.846546173,15.00753403,4.53526783,5.220947266,1.177647352,94.98767853,3.009210825,4.500366211,244.9286194,244.3092346,8.583542824,74.67051697,Winter,0
12/16/2030,8.795938492,14.95246792,4.480578423,5.205860138,1.184668899,94.99739838,3.006376266,4.497197151,244.9616241,244.2715759,8.524593353,74.72738647,Winter,0
12/17/2030,8.748553276,14.90120697,4.428922653,5.191788673,1.192300677,95.0069809,3.003473282,4.493896961,245.0204773,244.2545624,8.469068527,74.7800293,Winter,0
12/18/2030,8.704062462,14.85339165,4.38004303,5.178632736,1.200546622,95.01635742,3.000554085,4.49053669,245.1059265,244.2593384,8.416683197,74.8287735,Winter,0
12/19/2030,8.662132263,14.80866051,4.333685875,5.166292191,1.209404588,95.02547455,2.997668505,4.487187862,245.2183533,244.2868805,8.367153168,74.87390137,Winter,0
12/20/2030,8.62244606,14.76665974,4.289587021,5.15466547,1.218866706,95.03427887,2.994867086,4.483917713,245.3578033,244.3377686,8.320204735,74.9156723,Winter,0
12/21/2030,8.584693909,14.72705269,4.247496605,5.143651009,1.22891891,95.04270935,2.992197037,4.480791569,245.5240021,244.4122925,8.275566101,74.95436096,Winter,0
12/22/2030,8.548574448,14.68950653,4.207163811,5.133149624,1.23954165,95.05072021,2.989703417,4.477873325,245.7162018,244.5104675,8.232981682,74.99017334,Winter,0
12/23/2030,8.513800621,14.6537075,4.168349266,5.123062611,1.250708699,95.0582428,2.987430334,4.47522068,245.9334106,244.6319275,8.192205429,75.02336121,Winter,0
12/24/2030,8.480108261,14.61936855,4.130824089,5.113295555,1.262388468,95.06524658,2.985416651,4.472888947,246.1743469,244.776062,8.153009415,75.05406952,Winter,0
12/25/2030,8.447238922,14.58621597,4.094367981,5.103758335,1.274543285,95.07167816,2.983700275,4.470929623,246.4372711,244.9419708,8.115179062,75.0824585,Winter,0
12/26/2030,8.414974213,14.55400085,4.058774948,5.094364166,1.287130356,95.07749176,2.982313871,4.469387531,246.7203064,245.1284943,8.078525543,75.1086731,Winter,0
12/27/2030,8.38310051,14.52250004,4.023852348,5.08503294,1.30010128,95.08265686,2.981288195,4.468304634,247.0212708,245.3342285,8.042867661,75.13278198,Winter,0
12/28/2030,8.351435661,14.49152374,3.989431381,5.075688839,1.313402772,95.08712769,2.980648994,4.467714787,247.3376923,245.5574493,8.008061409,75.15489197,Winter,0
12/29/2030,8.31982708,14.46090508,3.955357075,5.066263199,1.326977015,95.09088898,2.980418682,4.467649937,247.6669617,245.7963562,7.973977089,75.17501831,Winter,0
12/30/2030,8.288142204,14.43050861,3.921489716,5.056695938,1.340762138,95.09390259,2.980614662,4.468132496,248.0063171,246.0488739,7.940504074,75.19316864,Winter,0
12/31/2030,8.256279945,14.40022182,3.887712955,5.04693222,1.35469234,95.09615326,2.981251478,4.469181538,248.3527527,246.3128204,7.907567024,75.20933533,Winter,0
1/1/2031,8.224165916,14.36997986,3.853936672,5.036928177,1.368698955,95.09762573,2.98233819,4.470809937,248.7032928,246.5858612,7.875104904,75.2234726,Winter,0
1/2/2031,8.191753387,14.33973598,3.820081711,5.026644707,1.382710576,95.09831238,2.983880281,4.473023415,249.0548401,246.8655243,7.843091011,75.23551178,Winter,0
1/3/2031,8.159023285,14.30947304,3.786096573,5.016055107,1.39665401,95.09820557,2.985878229,4.475822926,249.4042358,247.149353,7.811511993,75.24536133,Winter,0
1/4/2031,8.125986099,14.27921391,3.751953602,5.005138397,1.410454154,95.0973053,2.988329172,4.479203224,249.7483368,247.4347839,7.780386925,75.25288391,Winter,0
1/5/2031,8.09267807,14.24900055,3.717640877,4.99388504,1.424035668,95.0956192,2.991226435,4.48315382,250.084137,247.719223,7.749755859,75.25797272,Winter,0
1/6/2031,8.059163094,14.21891975,3.683170319,4.982292175,1.437322617,95.09315491,2.994557381,4.487657547,250.4085693,248.0002289,7.719679832,75.26045227,Winter,0
1/7/2031,8.025525093,14.1890564,3.648575306,4.970366478,1.450239897,95.0899353,2.998308182,4.492693901,250.7187653,248.275177,7.690239906,75.26017761,Winter,0
1/8/2031,7.991880417,14.15955353,3.613907337,4.958121777,1.462713718,95.08597565,3.002459288,4.498235703,251.0119781,248.541748,7.661546707,75.25694275,Winter,0
1/9/2031,7.958358765,14.1305542,3.579240799,4.94558382,1.474671483,95.08130646,3.006988525,4.50425148,251.2856903,248.7975922,7.633713722,75.25057983,Winter,0
1/10/2031,7.925116539,14.1022377,3.544661045,4.932783127,1.486043453,95.07595825,3.011870623,4.510705948,251.5374603,249.0405273,7.606884956,75.24087524,Winter,0
1/11/2031,7.892326355,14.07478619,3.510273933,4.91975832,1.49676311,95.06996155,3.017077684,4.517560005,251.765213,249.2685852,7.581215858,75.22763062,Winter,0
1/12/2031,7.86017704,14.04841614,3.476204395,4.906556129,1.506767273,95.06336212,3.022578478,4.524770737,251.9670715,249.4798279,7.556867599,75.21064758,Winter,0
1/13/2031,7.828872681,14.02334976,3.442583084,4.893227577,1.515997171,95.05619049,3.028339624,4.532290936,252.1413879,249.6726532,7.534024239,75.18972778,Winter,0
1/14/2031,7.798624992,13.99982548,3.409559727,4.879834175,1.524398446,95.04851532,3.034326553,4.540072918,252.2868958,249.8455658,7.512874603,75.16467285,Winter,0
1/15/2031,7.769663811,13.9780798,3.377292633,4.866436005,1.531922221,95.0403595,3.040501833,4.548065186,252.4026031,249.9974518,7.493608475,75.13528442,Winter,0
1/16/2031,7.742218018,13.95836544,3.345944405,4.853103638,1.538525581,95.03179932,3.046828032,4.556215286,252.4877777,250.1272278,7.476430893,75.10139465,Winter,0
1/17/2031,7.716524124,13.94093704,3.315687656,4.8399086,1.544170976,95.02288055,3.05326581,4.564469814,252.5420685,250.2342224,7.461539268,75.06283569,Winter,0
1/18/2031,7.692819595,13.926054,3.286702633,4.826925755,1.548827767,95.01364899,3.059775591,4.57277441,252.5654755,250.3179321,7.449138641,75.01944733,Winter,0
1/19/2031,7.671344757,13.9139576,3.259168625,4.814232826,1.552471519,95.00418091,3.066317081,4.581073761,252.5582428,250.3781891,7.439429283,74.97110748,Winter,0
1/20/2031,7.652331352,13.90490437,3.233267784,4.801909447,1.555084944,94.99452209,3.072851181,4.589313984,252.5209656,250.4149933,7.432607651,74.91768646,Winter,0
1/21/2031,7.63601017,13.89912987,3.209177971,4.790032387,1.556658149,94.98473358,3.079337835,4.597441196,252.4546204,250.4286499,7.428863525,74.85908508,Winter,0
1/22/2031,7.622601509,13.89686871,3.187078953,4.778683662,1.557187796,94.97486877,3.085739136,4.6054039,252.3603821,250.4197083,7.428376198,74.79524231,Winter,0
1/23/2031,7.6123209,13.8983345,3.167143822,4.767940998,1.556677461,94.96500397,3.092017412,4.613150597,252.2397461,250.3889771,7.431324005,74.72608185,Winter,0
1/24/2031,7.605364799,13.9037323,3.149538517,4.757880211,1.555138588,94.95516968,3.098136425,4.620632648,252.0945282,250.3374481,7.43786335,74.65159607,Winter,0
1/25/2031,7.601922989,13.91325665,3.134423256,4.748575211,1.552589059,94.9454422,3.104062557,4.627804279,251.9266815,250.2663422,7.448141098,74.57174683,Winter,0
1/26/2031,7.602163315,13.9270668,3.121948719,4.740097046,1.549053669,94.93586731,3.109762669,4.634622097,251.7384949,250.1770935,7.462293625,74.48657227,Winter,0
1/27/2031,7.606244087,13.94531918,3.112252235,4.732513428,1.544564128,94.92649841,3.115206957,4.641046047,251.5323944,250.0713348,7.480428696,74.39610291,Winter,0
1/28/2031,7.614296913,13.96814156,3.105460644,4.725885391,1.539157391,94.91738129,3.120367527,4.64703989,251.3109589,249.9508057,7.502653122,74.30041504,Winter,0
1/29/2031,7.626440048,13.99563885,3.101686954,4.720270157,1.532877922,94.90856171,3.125219345,4.652569771,251.0769196,249.8173981,7.529046059,74.19955444,Winter,0
1/30/2031,7.642769814,14.02790356,3.101033211,4.715720177,1.525774121,94.90007782,3.12974,4.657608032,250.8331451,249.6731567,7.559666634,74.09367371,Winter,0
1/31/2031,7.663360596,14.06498814,3.103581905,4.712280273,1.517900944,94.89196777,3.133910656,4.662128448,250.5825653,249.5201416,7.594558716,73.98287964,Winter,0
2/1/2031,7.688263893,14.10693169,3.109401226,4.709989548,1.509316564,94.88426971,3.137713909,4.666111946,250.328064,249.3605499,7.633749008,73.86730957,Winter,0
2/2/2031,7.717510223,14.15375042,3.118542671,4.708878517,1.500083923,94.87700653,3.141137123,4.669542313,250.0726471,249.1965637,7.677235603,73.74714661,Winter,0
2/3/2031,7.751113892,14.20542717,3.131044388,4.708974838,1.490269423,94.87020874,3.144170284,4.67240715,249.8192444,249.0304108,7.725007057,73.62255859,Winter,0
2/4/2031,7.789057732,14.26193523,3.146924973,4.710291862,1.479942203,94.86388397,3.14680624,4.674699306,249.5706635,248.864212,7.777020454,73.4937439,Winter,0
2/5/2031,7.83130455,14.32320881,3.166186333,4.712844372,1.469173193,94.85806274,3.149041414,4.676417351,249.3297119,248.7001648,7.833230019,73.36090088,Winter,0
2/6/2031,7.877802849,14.38917446,3.188817501,4.716631889,1.458035588,94.85274506,3.15087533,4.67756176,249.098999,248.5402985,7.89356041,73.22425079,Winter,0
2/7/2031,7.928481102,14.45973396,3.214783669,4.721651077,1.44660306,94.84793091,3.152310848,4.67813921,248.8809814,248.3865662,7.957918167,73.08402252,Winter,0
2/8/2031,7.983240128,14.53476143,3.244040489,4.727890015,1.434949517,94.84363556,3.153352737,4.678159237,248.6779785,248.2409058,8.026198387,72.94044495,Winter,0
2/9/2031,8.041973114,14.61412048,3.276527405,4.735329628,1.423149109,94.83983612,3.154010296,4.677636623,248.4920502,248.1049347,8.098283768,72.79374695,Winter,0
2/10/2031,8.104546547,14.69766235,3.312172413,4.743943214,1.411273599,94.83653259,3.154294252,4.676589012,248.3249817,247.9802094,8.174034119,72.64414978,Winter,0
2/11/2031,8.170820236,14.78520393,3.350882053,4.75370121,1.399394512,94.83370972,3.154218912,4.675037861,248.1783752,247.868103,8.253307343,72.49191284,Winter,0
2/12/2031,8.240635872,14.87657166,3.392560005,4.764561653,1.387580156,94.83135223,3.153799534,4.673008442,248.0535431,247.7697906,8.335936546,72.33724976,Winter,0
2/13/2031,8.313824654,14.97156715,3.437092304,4.776484489,1.375896215,94.829422,3.153055429,4.670527458,247.9514313,247.686203,8.421760559,72.18038177,Winter,0
2/14/2031,8.390211105,15.06998539,3.484354496,4.789418221,1.364404917,94.82790375,3.152007103,4.667625427,247.8727417,247.6180267,8.51060009,72.02153015,Winter,0
2/15/2031,8.469605446,15.17162323,3.534222603,4.803311348,1.353164434,94.82675934,3.150676012,4.664335728,247.8178558,247.5657806,8.602274895,71.86090088,Winter,0
2/16/2031,8.551813126,15.27625275,3.586557865,4.818104267,1.342228889,94.82595825,3.149086952,4.660692215,247.7868195,247.5297089,8.696599007,71.69866943,Winter,0
2/17/2031,8.636638641,15.38366032,3.641211987,4.83373785,1.331646919,94.82545471,3.147264242,4.656732082,247.7793579,247.5098419,8.793381691,71.53504944,Winter,0
2/18/2031,8.723880768,15.49362659,3.698042393,4.850148678,1.321462274,94.8252182,3.145234346,4.652492523,247.7948914,247.5058594,8.892432213,71.37017822,Winter,0
2/19/2031,8.813339233,15.60592747,3.756895065,4.86727047,1.311713099,94.82520294,3.143023968,4.648012638,247.832489,247.517334,8.993569374,71.20423126,Winter,0
2/20/2031,8.904817581,15.72034836,3.817618847,4.885037422,1.302431822,94.82536316,3.14066124,4.643332005,247.8909302,247.5435028,9.096598625,71.037323,Winter,0
2/21/2031,8.998111725,15.8366785,3.880063057,4.903382301,1.293644667,94.82565308,3.138172865,4.63848877,247.9687653,247.5834503,9.201340675,70.86959076,Winter,0
2/22/2031,9.093034744,15.95471191,3.944072247,4.922236919,1.2853719,94.82601929,3.135587692,4.633522987,248.0641479,247.6359558,9.307621956,70.7011261,Winter,0
2/23/2031,9.189396858,16.07424927,4.009502411,4.941534996,1.277627349,94.82641602,3.132932425,4.628473282,248.1750183,247.6996155,9.415270805,70.53201294,Winter,0
2/24/2031,9.287027359,16.1951046,4.076209068,4.961211681,1.270418525,94.82680511,3.130234718,4.6233778,248.2991638,247.7728424,9.524126053,70.36231995,Winter,0
2/25/2031,9.385751724,16.31710243,4.144048691,4.981203079,1.263747215,94.82712555,3.127521276,4.618272781,248.434021,247.8539276,9.634036064,70.19210052,Winter,0
2/26/2031,9.485414505,16.44007683,4.21289444,5.001449585,1.257608533,94.82733917,3.124816895,4.613193989,248.5769196,247.940918,9.744860649,70.02137756,Winter,0
2/27/2031,9.585869789,16.56387901,4.28262043,5.021893024,1.251991987,94.82740021,3.122146606,4.608175755,248.7249908,248.031723,9.856472015,69.85016632,Winter,0
2/28/2031,9.686980247,16.68836975,4.353106499,5.042481422,1.246881604,94.82726288,3.119533062,4.603248596,248.8753052,248.124176,9.968750954,69.6784668,Winter,0
3/1/2031,9.788631439,16.81342697,4.424244881,5.063164711,1.242255211,94.82688141,3.116998434,4.598442078,249.024704,248.2160034,10.08159351,69.50628662,Spring,1
3/2/2031,9.890708923,16.93894958,4.495938301,5.083896637,1.238086939,94.82621765,3.114562511,4.593783379,249.1700745,248.3048706,10.1949091,69.33358002,Spring,1
3/3/2031,9.993125916,17.06483841,4.568104744,5.104639053,1.234344602,94.82524109,3.112243891,4.589296818,249.3082581,248.3883972,10.30862141,69.16030884,Spring,1
3/4/2031,10.09580612,17.19101715,4.64066124,5.125358105,1.23099339,94.82390594,3.110058546,4.58500433,249.4360199,248.4641571,10.42266369,68.98642731,Spring,1
3/5/2031,10.19868374,17.3174324,4.713545799,5.146024704,1.227993369,94.82219696,3.108021736,4.580924511,249.5502319,248.5297394,10.53699112,68.81188965,Spring,1
3/6/2031,10.30171204,17.44403648,4.786705017,5.166615963,1.225302339,94.82006836,3.106144905,4.57707262,249.6478119,248.5828247,10.65156269,68.63663483,Spring,1
3/7/2031,10.4048605,17.57079315,4.860096931,5.187114716,1.222874761,94.81752014,3.104439259,4.573462009,249.7257538,248.621048,10.76635933,68.46059418,Spring,1
3/8/2031,10.50810337,17.69769096,4.933691978,5.207510948,1.22066319,94.81451416,3.102912664,4.570101738,249.7812042,248.6422119,10.88136864,68.28369141,Spring,1
3/9/2031,10.6114397,17.8247242,5.007471085,5.227798462,1.218618751,94.81105042,3.101571083,4.566998959,249.8114777,248.6441803,10.99659348,68.10588837,Spring,1
3/10/2031,10.71487427,17.9519043,5.081429482,5.247979164,1.216691017,94.80711365,3.100418568,4.564156055,249.8139954,248.624939,11.11204529,67.92709351,Spring,1
3/11/2031,10.81842804,18.07924461,5.155564308,5.268059731,1.214829683,94.8026886,3.099456549,4.561573982,249.7865143,248.5826569,11.22774887,67.74726868,Spring,1
3/12/2031,10.92213154,18.20677948,5.229893684,5.288052559,1.212984562,94.79779053,3.098685026,4.559250355,249.7269287,248.515625,11.34373951,67.56633759,Spring,1
3/13/2031,11.02602386,18.33454514,5.304441452,5.307976723,1.211106062,94.79241943,3.098101377,4.557179451,249.6334076,248.4223785,11.46005726,67.38426971,Spring,1
3/14/2031,11.13015366,18.46258926,5.379235268,5.327854156,1.209145784,94.78656769,3.09770155,4.555352688,249.5044403,248.3015594,11.57674885,67.20101929,Spring,1
3/15/2031,11.23457909,18.59096146,5.454317093,5.347712517,1.207057595,94.78027344,3.097478867,4.553760052,249.3387451,248.1520844,11.69387436,67.01657104,Spring,1
3/16/2031,11.33936596,18.71971703,5.529735565,5.367585182,1.204797387,94.77352905,3.097425699,4.552387714,249.1353302,247.973053,11.81149006,66.8309021,Spring,1
3/17/2031,11.44457722,18.84892082,5.605543137,5.387505531,1.202324152,94.76637268,3.097532034,4.551219463,248.8935852,247.7638397,11.92966366,66.64402771,Spring,1
3/18/2031,11.5502882,18.97862434,5.681797981,5.407516003,1.199600339,94.75881958,3.097786665,4.550238609,248.6131897,247.5240173,12.04846001,66.45594788,Spring,1
3/19/2031,11.65657425,19.10889053,5.758563995,5.427658081,1.196591973,94.75090027,3.098176956,4.549424648,248.2940216,247.2533417,12.16794777,66.26669312,Spring,1
3/20/2031,11.7635107,19.23978233,5.835911751,5.447975636,1.193269014,94.74265289,3.098688841,4.548757076,247.9364166,246.9519043,12.28819561,66.07631683,Spring,1
3/21/2031,11.87117195,19.37135315,5.91390419,5.46851635,1.18960619,94.73410034,3.099307299,4.548213005,247.5410004,246.6199799,12.40926647,65.8848877,Spring,1
3/22/2031,11.97963238,19.50365639,5.9926157,5.489326954,1.185583115,94.72529602,3.100015879,4.547767162,247.1085968,246.2580414,12.53122807,65.69248199,Spring,1
3/23/2031,12.08896351,19.63673782,6.072115898,5.510457993,1.181184173,94.71627045,3.100797892,4.547395706,246.6404114,245.8667755,12.65414143,65.49919128,Spring,1
3/24/2031,12.19923496,19.77063942,6.152476311,5.531955719,1.176398277,94.7070694,3.101635456,4.547071934,246.1378784,245.4471283,12.77806091,65.30514526,Spring,1
3/25/2031,12.31050491,19.9053936,6.233766556,5.553870678,1.171220541,94.69773865,3.102510452,4.546769142,245.6027222,245.0002289,12.90303802,65.110466,Spring,1
3/26/2031,12.42283058,20.04102898,6.316052437,5.57625103,1.165650487,94.68832397,3.103404045,4.546461105,245.0368042,244.5273285,13.02911758,64.91529846,Spring,1
3/27/2031,12.53626633,20.1775589,6.399395943,5.599141121,1.159693718,94.67887115,3.1042974,4.54611969,244.4423065,244.0298767,13.15633678,64.71980286,Spring,1
3/28/2031,12.65084743,20.3149929,6.483860016,5.622585773,1.153360009,94.66943359,3.10517168,4.54571867,243.8215485,243.509491,13.28472614,64.52415466,Spring,1
3/29/2031,12.76661301,20.45332909,6.569496155,5.646627426,1.146664739,94.66004944,3.106007338,4.545230389,243.1770172,242.967865,13.41430473,64.32853699,Spring,1
3/30/2031,12.88358688,20.592556,6.656355858,5.671303749,1.139628053,94.65077972,3.106786489,4.54462862,242.5113068,242.4068146,13.54509068,64.13313293,Spring,1
3/31/2031,13.00178814,20.73264694,6.744484901,5.696651459,1.132274508,94.64167023,3.107489109,4.543887138,241.8271484,241.8282928,13.67708206,63.93815231,Spring,1
4/1/2031,13.12121868,20.8735733,6.833918571,5.72270298,1.124632955,94.63275909,3.10809803,4.542980671,241.1272736,241.2341614,13.81027889,63.7437973,Spring,1
4/2/2031,13.24188232,21.01529694,6.924689293,5.749485016,1.116736412,94.62409973,3.108594894,4.541884899,240.4145508,240.6264801,13.94466686,63.55027771,Spring,1
4/3/2031,13.36376381,21.15776253,7.016821861,5.777023315,1.10862112,94.61573792,3.108962774,4.540576458,239.6918335,240.0072174,14.08022213,63.35780716,Spring,1
4/4/2031,13.48684692,21.30091095,7.110336304,5.805336475,1.100326657,94.60771942,3.10918498,4.539032459,238.9618378,239.3783875,14.21691608,63.16658783,Spring,1
4/5/2031,13.61109924,21.44467354,7.205242157,5.834439754,1.091895103,94.60007477,3.109245539,4.537232399,238.2273407,238.7419586,14.35471153,62.97684097,Spring,1
4/6/2031,13.73648643,21.58898163,7.301544189,5.864343643,1.083370566,94.5928421,3.109129429,4.535155773,237.4910583,238.0997772,14.49355888,62.78874588,Spring,1
4/7/2031,13.86296082,21.7337513,7.399241447,5.895053864,1.074799061,94.58607483,3.108822584,4.532784939,236.7554779,237.4536896,14.63340664,62.6024971,Spring,1
4/8/2031,13.99047852,21.87889481,7.498326302,5.9265728,1.066227436,94.57978058,3.108311653,4.530101299,236.0230255,236.8054047,14.77419949,62.41828156,Spring,1
4/9/2031,14.11897087,22.02432632,7.598784447,5.95889473,1.057703257,94.57401276,3.107584,4.527090549,235.2960052,236.1565857,14.9158659,62.23625946,Spring,1
4/10/2031,14.24838352,22.16995239,7.700596809,5.992014408,1.049273729,94.56877899,3.106628656,4.523737431,234.5763702,235.5086365,15.05834484,62.05657959,Spring,1
4/11/2031,14.37864876,22.31567764,7.803739548,6.025917053,1.040985823,94.5641098,3.105434179,4.520029545,233.8660736,234.8628693,15.20155811,61.87936783,Spring,1
4/12/2031,14.50969219,22.46140862,7.908183098,6.060587406,1.032884955,94.56002808,3.103991985,4.515954971,233.1667023,234.2205048,15.34543705,61.70474625,Spring,1
4/13/2031,14.64144421,22.60705757,8.013894081,6.096004486,1.025014877,94.55654144,3.102292538,4.51150465,232.4796448,233.5825348,15.48990154,61.53279114,Spring,1
4/14/2031,14.77383041,22.75253487,8.120837212,6.132145405,1.01741755,94.55367279,3.100329161,4.506669998,231.8060455,232.9497528,15.63487339,61.3635788,Spring,1
4/15/2031,14.90677738,22.89775467,8.228978157,6.168982506,1.01013124,94.55141449,3.098094463,4.501443386,231.1467896,232.3227539,15.78028202,61.19713593,Spring,1
4/16/2031,15.04021358,23.04263496,8.338270187,6.206484795,1.003191829,94.5497818,3.095582962,4.495818615,230.5024719,231.7020264,15.92605305,61.03347778,Spring,1
4/17/2031,15.1740694,23.18710709,8.448677063,6.24461937,0.996630609,94.54877472,3.092789888,4.489791393,229.8734436,231.0877838,16.07211304,60.87258911,Spring,1
4/18/2031,15.30827808,23.33110619,8.560153008,6.283352852,0.990475595,94.54838562,3.089710951,4.483359337,229.2598267,230.4801025,16.21839714,60.71442795,Spring,1
4/19/2031,15.44277668,23.47457695,8.672660828,6.322646141,0.984749615,94.54860687,3.086343527,4.476519585,228.6613922,229.8789063,16.36484146,60.55891418,Spring,1
4/20/2031,15.57750988,23.61747551,8.786160469,6.362462044,0.979470789,94.54943848,3.082684994,4.46927166,228.0776978,229.2837982,16.5113945,60.40594864,Spring,1
4/21/2031,15.71242619,23.75976944,8.900612831,6.402762413,0.974652112,94.55086517,3.078734159,4.461615562,227.5080872,228.6944122,16.65800285,60.25539398,Spring,1
4/22/2031,15.84748173,23.90143776,9.015980721,6.443507195,0.97030127,94.55285645,3.074489832,4.453551769,226.9516907,228.1100769,16.80462837,60.10709381,Spring,1
4/23/2031,15.98264408,24.04247093,9.132231712,6.484656334,0.966420114,94.55541229,3.069952488,4.445084095,226.4073181,227.5300903,16.95123482,59.96085358,Spring,1
4/24/2031,16.11788177,24.18287849,9.249336243,6.526169777,0.963005185,94.5585022,3.065122843,4.436214447,225.873703,226.9535065,17.09780121,59.81645966,Spring,1
4/25/2031,16.25318527,24.3226757,9.367268562,6.56801033,0.960046768,94.56210327,3.060002327,4.426947117,225.3493805,226.3793945,17.24431038,59.67365646,Spring,1
4/26/2031,16.38854027,24.4618969,9.486011505,6.610138416,0.957529902,94.566185,3.054592848,4.417286873,224.8326874,225.8066711,17.3907547,59.53219223,Spring,1
4/27/2031,16.52395248,24.60059166,9.605542183,6.652519226,0.955433488,94.57072449,3.048897505,4.407239437,224.3218994,225.2341766,17.53713989,59.39176559,Spring,1
4/28/2031,16.65942764,24.73881721,9.725852013,6.69511795,0.95373106,94.57569885,3.042919636,4.396811008,223.8152008,224.6607819,17.68347931,59.25206757,Spring,1
4/29/2031,16.79499626,24.87665176,9.846934319,6.737900734,0.952390552,94.58106232,3.036662817,4.386009216,223.3106842,224.0852203,17.82979774,59.11276245,Spring,1
4/30/2031,16.93068314,25.01418495,9.968788147,6.780838013,0.951374948,94.58679199,3.030132294,4.37484169,222.806427,223.5063477,17.97612572,58.97350693,Spring,1
5/1/2031,17.06653214,25.15151024,10.0914135,6.823901653,0.950641811,94.59285736,3.023333073,4.363316536,222.3005371,222.9229889,18.12251091,58.83394241,Spring,1
5/2/2031,17.20259285,25.28874397,10.21482372,6.867064476,0.950144827,94.59922028,3.016270876,4.351443291,221.7910614,222.3340149,18.26899719,58.69369507,Spring,1
5/3/2031,17.33892441,25.42600822,10.33902836,6.910304546,0.949832737,94.60585022,3.008952141,4.339231968,221.2762146,221.7384338,18.41565132,58.55239105,Spring,1
5/4/2031,17.47559166,25.56343651,10.46404266,6.953600407,0.949650705,94.61270905,3.001384258,4.326693058,220.7542725,221.1352539,18.56253624,58.4096489,Spring,1
5/5/2031,17.61266899,25.70116425,10.58989334,6.996935368,0.949540734,94.61976624,2.993574142,4.313838005,220.223587,220.5236511,18.70972633,58.26507187,Spring,1
5/6/2031,17.75023651,25.83934021,10.71660328,7.040293217,0.949441731,94.62698364,2.985530853,4.300678253,219.682663,219.9029999,18.85730362,58.11829376,Spring,1
5/7/2031,17.88837814,25.97811508,10.84419632,7.083661556,0.949290514,94.63434601,2.977262735,4.287228107,219.1302948,219.2727661,19.0053463,57.96893311,Spring,1
5/8/2031,18.02718353,26.11764717,10.97270584,7.127029419,0.949021697,94.64180756,2.968779564,4.273499966,218.5653534,218.6326141,19.15394783,57.81661606,Spring,1
5/9/2031,18.16674232,26.25809097,11.10216141,7.170388222,0.948568881,94.64933777,2.960091352,4.259509087,217.9869385,217.9824066,19.30319977,57.66098785,Spring,1
5/10/2031,18.30714989,26.39960289,11.2325964,7.213731289,0.947865248,94.65692139,2.951209068,4.245269775,217.3944702,217.3222198,19.45318604,57.50170517,Spring,1
5/11/2031,18.44849586,26.54233551,11.36404228,7.257055283,0.946843684,94.66452026,2.942144394,4.230797768,216.7876129,216.6523285,19.60400772,57.33844757,Spring,1
5/12/2031,18.59087563,26.68644714,11.49653435,7.300356388,0.945437551,94.67210388,2.93290925,4.216111183,216.1662292,215.9733276,19.75574875,57.17090988,Spring,1
5/13/2031,18.734375,26.83207512,11.63009644,7.343632221,0.943581581,94.67966461,2.92351675,4.201226711,215.5305634,215.2858887,19.90849686,56.998806,Spring,1
5/14/2031,18.87907791,26.97935867,11.76475716,7.386881351,0.941211998,94.68716431,2.913979769,4.186163902,214.8811035,214.5910339,20.06233788,56.82188797,Spring,1
5/15/2031,19.02506828,27.12843513,11.90054226,7.430103302,0.938267589,94.69459534,2.904314041,4.170941353,214.2186127,213.8900452,20.2173481,56.6399231,Spring,1
5/16/2031,19.17241478,27.27941132,12.03747272,7.473296165,0.934689641,94.70193481,2.894532681,4.155579567,213.5442352,213.1844025,20.37360001,56.45271301,Spring,1
5/17/2031,19.32118416,27.43239784,12.17555904,7.516458988,0.930423141,94.70915985,2.884652853,4.140100956,212.8593445,212.475769,20.53115463,56.26008987,Spring,1
5/18/2031,19.47143173,27.58748436,12.31481266,7.559588909,0.925416589,94.71626282,2.874689817,4.124526024,212.1656036,211.7660828,20.69006729,56.06192017,Spring,1
5/19/2031,19.62320328,27.74474525,12.45523167,7.602684498,0.919623137,94.72323608,2.864660978,4.108879089,211.4649811,211.0575409,20.85038185,55.85810471,Spring,1
5/20/2031,19.77652931,27.90424156,12.59681416,7.645738602,0.913000405,94.73005676,2.854583979,4.093183041,210.7597504,210.3524475,21.01213074,55.64857864,Spring,1
5/21/2031,19.93143272,28.06601143,12.73954487,7.688745975,0.90551132,94.73673248,2.844476223,4.077463627,210.0522919,209.6533813,21.17533302,55.43331528,Spring,1
5/22/2031,20.08791733,28.23007202,12.88339901,7.731697083,0.897124112,94.74324036,2.834357023,4.061745167,209.3453522,208.9629364,21.33999634,55.21232224,Spring,1
5/23/2031,20.24597931,28.39642906,13.02834988,7.774580002,0.887812853,94.74958038,2.824244261,4.046053886,208.6418762,208.2840271,21.50611305,54.98563766,Spring,1
5/24/2031,20.40559196,28.56505966,13.17435169,7.817379951,0.877557576,94.75575256,2.814158916,4.030416965,207.9448547,207.6195374,21.67366028,54.75334549,Spring,1
5/25/2031,20.56672096,28.73591614,13.32135105,7.860079765,0.86634469,94.76174927,2.80411911,4.014861107,207.2575989,206.9725189,21.8426075,54.51555634,Spring,1
5/26/2031,20.72930908,28.90894508,13.46929073,7.902658463,0.85416621,94.7675705,2.794146061,3.999413967,206.5834351,206.3460846,22.01289558,54.27241135,Spring,1
5/27/2031,20.89329338,29.08405495,13.61809254,7.945090771,0.841021359,94.77322388,2.784259081,3.984103203,205.9257965,205.7433167,22.18446159,54.02410889,Spring,1
5/28/2031,21.05857849,29.26114273,13.76768208,7.987347603,0.826915145,94.77870178,2.774478436,3.96895647,205.288147,205.1673126,22.35722542,53.77082825,Spring,1
5/29/2031,21.22506905,29.44008064,13.91795635,8.029398918,0.81185931,94.78401184,2.76482439,3.954001904,204.6740112,204.6212006,22.53108215,53.51283264,Spring,1
5/30/2031,21.39264488,29.62071609,14.06881809,8.071207047,0.795871615,94.78915405,2.755316496,3.939267159,204.0868378,204.1080017,22.7059269,53.25038147,Spring,1
5/31/2031,21.5611763,29.80288887,14.22015095,8.112731934,0.778975964,94.79412842,2.745975018,3.924779892,203.5300751,203.6306305,22.88162994,52.98376465,Spring,1
6/1/2031,21.73051643,29.98640442,14.37183285,8.153930664,0.761202276,94.7989502,2.736818314,3.910566807,203.0070038,203.1918945,23.05805206,52.71329498,Summer,2
6/2/2031,21.90050316,30.17106628,14.523736,8.194757462,0.742586076,94.80361938,2.727865934,3.896653652,202.5208435,202.7944031,23.23503685,52.43931961,Summer,2
6/3/2031,22.07096481,30.35664749,14.67571163,8.235159874,0.723168671,94.80813599,2.719135046,3.883067131,202.0745544,202.4406281,23.41242027,52.16217804,Summer,2
6/4/2031,22.24171448,30.54291725,14.8276186,8.275085449,0.702995837,94.81251526,2.710643768,3.869830608,201.6710052,202.132782,23.59002304,51.88223648,Summer,2
6/5/2031,22.41255951,30.72962379,14.9793005,8.314476967,0.682118535,94.81674957,2.702407837,3.856968403,201.3127289,201.8729095,23.76766586,51.5998764,Summer,2
6/6/2031,22.58329582,30.91651344,15.13059711,8.353276253,0.6605919,94.82084656,2.694442987,3.844501495,201.0020142,201.6625977,23.94514465,51.31548309,Summer,2
6/7/2031,22.75370789,31.10330772,15.28134632,8.391422272,0.63847506,94.82482147,2.68676281,3.83245039,200.7408752,201.5033417,24.12225914,51.02944946,Summer,2
6/8/2031,22.92358017,31.28973579,15.43137455,8.428853035,0.61583066,94.82866669,2.679380655,3.82083416,200.5309753,201.3961792,24.29879951,50.74216843,Summer,2
6/9/2031,23.09268379,31.47551346,15.58051395,8.465503693,0.592723966,94.83238983,2.67230773,3.809669495,200.373642,201.3419342,24.47454834,50.45404053,Summer,2
6/10/2031,23.26079941,31.66035271,15.72858715,8.501312256,0.569223285,94.83599091,2.665553808,3.798970699,200.2697906,201.3409424,24.6492939,50.16545868,Summer,2
6/11/2031,23.42769623,31.84396935,15.87542248,8.536213875,0.545398593,94.83947754,2.659127712,3.788750172,200.2200012,201.3932648,24.82281685,49.8768158,Summer,2
6/12/2031,23.59314346,32.02607727,16.02085114,8.5701437,0.521321654,94.84284973,2.653035164,3.779018402,200.2244415,201.4985352,24.99489212,49.58849335,Summer,2
6/13/2031,23.75691795,32.2063942,16.16469574,8.603042603,0.497064829,94.84611511,2.647281885,3.769782543,200.2828217,201.6560669,25.165308,49.30086517,Summer,2
6/14/2031,23.91879272,32.38463974,16.30679321,8.634846687,0.472701222,94.84926605,2.641869783,3.761047363,200.3945313,201.8647308,25.33384895,49.01428986,Summer,2
6/15/2031,24.07855606,32.56054306,16.44698334,8.665500641,0.448304236,94.85230255,2.636800766,3.752815723,200.5584412,202.1230621,25.50030708,48.72911835,Summer,2
6/16/2031,24.23599243,32.73384476,16.58510208,8.694950104,0.42394647,94.85522461,2.632072926,3.745087147,200.7730713,202.429184,25.66447258,48.4457016,Summer,2
6/17/2031,24.39089966,32.90429688,16.72100067,8.723145485,0.399699986,94.85803986,2.627683878,3.737857342,201.036499,202.7808685,25.82615852,48.16433334,Summer,2
6/18/2031,24.5430851,33.07165146,16.85454178,8.750039101,0.375635087,94.86074066,2.623628378,3.731121063,201.3464355,203.1755981,25.98516846,47.88533401,Summer,2
6/19/2031,24.69236946,33.2356987,16.98558807,8.775590897,0.351820588,94.8633194,2.619899273,3.724868298,201.7001953,203.6103973,26.14132881,47.6089859,Summer,2
6/20/2031,24.83857536,33.39622116,17.11400986,8.799764633,0.328323424,94.86578369,2.616487503,3.719087601,202.0947876,204.0820465,26.29447174,47.33556366,Summer,2
6/21/2031,24.98155022,33.55303192,17.23970413,8.822534561,0.305207849,94.86812592,2.613382101,3.713763714,202.5267944,204.5870819,26.44444847,47.06531525,Summer,2
6/22/2031,25.12114906,33.70595551,17.36256027,8.843874931,0.282535076,94.87033844,2.610569954,3.708879471,202.9925079,205.1216583,26.59110832,46.79846954,Summer,2
6/23/2031,25.25724792,33.85484314,17.48249054,8.863773346,0.260364115,94.87242889,2.608036041,3.704414845,203.4880524,205.6818085,26.73433304,46.53525543,Summer,2
6/24/2031,25.38973045,33.9995575,17.59941483,8.882223129,0.238749877,94.87438202,2.605764151,3.700345993,204.0091553,206.2632904,26.87399673,46.27586365,Summer,2
6/25/2031,25.51849747,34.13998795,17.71326828,8.899225235,0.217744276,94.87620544,2.603735685,3.696648598,204.5514526,206.8616943,27.01000786,46.02048874,Summer,2
6/26/2031,25.64347649,34.27603912,17.82400131,8.914788246,0.197395936,94.87788391,2.601931334,3.693294525,205.1103821,207.4725494,27.14228249,45.76930618,Summer,2
6/27/2031,25.76459122,34.40763855,17.93156815,8.928929329,0.177748948,94.87941742,2.600329161,3.690254211,205.6811523,208.0911865,27.27075005,45.52246857,Summer,2
6/28/2031,25.88180351,34.53473282,18.03594589,8.941677094,0.158844411,94.8808136,2.598907709,3.687496185,206.2590942,208.7129822,27.39535332,45.28013611,Summer,2
6/29/2031,25.99507713,34.6572876,18.13712311,8.953065872,0.140719533,94.88205719,2.597642183,3.684987068,206.8393097,209.3332367,27.51605225,45.04244995,Summer,2
6/30/2031,26.10439682,34.77529144,18.23509216,8.963142395,0.12340726,94.88315582,2.596509218,3.682693005,207.417038,209.9472656,27.63281822,44.80953979,Summer,2
7/1/2031,26.20975685,34.88875198,18.32986832,8.971956253,0.106937356,94.88409424,2.595483541,3.680577755,207.9874573,210.5505219,27.74564362,44.5815506,Summer,2
7/2/2031,26.3111763,34.99768066,18.42147446,8.979572296,0.091335766,94.8848877,2.594539165,3.678604603,208.5458984,211.1385193,27.85452271,44.35860443,Summer,2
7/3/2031,26.40867233,35.10212326,18.50993729,8.986057281,0.07662493,94.88552094,2.593650579,3.676736355,209.0878601,211.7069702,27.95947075,44.14083862,Summer,2
7/4/2031,26.50229073,35.20212936,18.59531021,8.991493225,0.062823884,94.88600159,2.59279108,3.674936295,209.6089783,212.251709,28.06050682,43.92838287,Summer,2
7/5/2031,26.59207726,35.29776001,18.67763901,8.995962143,0.04994899,94.88633728,2.591935873,3.673166275,210.1051636,212.7688446,28.15766144,43.72138977,Summer,2
7/6/2031,26.67809105,35.38909912,18.7569809,8.999557495,0.038012717,94.88652039,2.591058016,3.671390057,210.572525,213.2547607,28.25098038,43.51999664,Summer,2
7/7/2031,26.76039696,35.47622299,18.83341217,9.002380371,0.02702542,94.8865509,2.590133905,3.669570923,211.0075073,213.7061157,28.34050751,43.32437134,Summer,2
7/8/2031,26.83907127,35.55922699,18.9070015,9.004533768,0.016995044,94.88644409,2.589138508,3.667673588,211.4069061,214.1199188,28.42630005,43.1346817,Summer,2
7/9/2031,26.91419029,35.6382103,18.97782898,9.006128311,0.007926972,94.88619232,2.588049173,3.665664196,211.7679443,214.4935303,28.50840759,42.95111084,Summer,2
7/10/2031,26.98583603,35.71327209,19.04597092,9.007278442,-0.000175083,94.88581085,2.586843491,3.663510799,212.0881195,214.824707,28.58689499,42.77387238,Summer,2
7/11/2031,27.05409431,35.78452301,19.11151505,9.008102417,-0.007309461,94.88529968,2.585501432,3.66118288,212.3654327,215.1115875,28.66182709,42.60318756,Summer,2
7/12/2031,27.11904335,35.85205078,19.1745491,9.008721352,-0.013475817,94.88467407,2.584004402,3.658652306,212.5983582,215.3528137,28.73326302,42.43928528,Summer,2
7/13/2031,27.1807785,35.91596603,19.2351532,9.00925827,-0.018674839,94.88392639,2.582334995,3.655893326,212.7857819,215.547348,28.80125999,42.282444,Summer,2
7/14/2031,27.23936272,35.97635651,19.29340363,9.009836197,-0.022908013,94.88308716,2.580478191,3.65288353,212.9270325,215.6947021,28.86587906,42.1329422,Summer,2
7/15/2031,27.29488182,36.03330994,19.34938431,9.010578156,-0.026178431,94.88214874,2.578421354,3.649602413,213.0220642,215.7948456,28.92716599,41.99106598,Summer,2
7/16/2031,27.34739876,36.08690262,19.40316772,9.011606216,-0.028488204,94.88113403,2.576153517,3.646034241,213.0711517,215.848175,28.98516655,41.85716248,Summer,2
7/17/2031,27.39697838,36.13720703,19.45481873,9.01304245,-0.029840767,94.88004303,2.573666811,3.642165184,213.0751495,215.8554993,29.03992462,41.73158264,Summer,2
7/18/2031,27.44366646,36.18428421,19.50439835,9.015001297,-0.03023898,94.87889099,2.570955276,3.637985229,213.0353851,215.8181915,29.09146309,41.61469269,Summer,2
7/19/2031,27.48750496,36.22816086,19.55195618,9.017597198,-0.029685704,94.87769318,2.568015814,3.633488178,212.9536285,215.7379761,29.13980293,41.50688171,Summer,2
7/20/2031,27.5285244,36.26887512,19.59754562,9.020938873,-0.028184082,94.87645721,2.564847946,3.6286726,212.8321075,215.6170654,29.18494987,41.40857315,Summer,2
7/21/2031,27.56674194,36.30643463,19.64118195,9.025125504,-0.025736231,94.87519836,2.561453581,3.623538971,212.6734924,215.4580231,29.22690392,41.3201828,Summer,2
7/22/2031,27.60215759,36.34083176,19.68289948,9.03025341,-0.022343755,94.87392426,2.557837486,3.618093491,212.4808044,215.2638245,29.26565361,41.24216461,Summer,2
7/23/2031,27.63476372,36.37205124,19.72269821,9.036409378,-0.018008424,94.87265015,2.554007292,3.612344265,212.2575531,215.0377808,29.30116272,41.17497253,Summer,2
7/24/2031,27.66453552,36.40004349,19.76058578,9.043670654,-0.012730754,94.8713913,2.549972773,3.606305599,212.0074768,214.7835388,29.3333931,41.11908722,Summer,2
7/25/2031,27.69143105,36.42475891,19.79653931,9.052107811,-0.006511318,94.87015533,2.545746326,3.599992752,211.7346497,214.5050507,29.36228752,41.07497025,Summer,2
7/26/2031,27.71539497,36.44610977,19.83053207,9.061779022,0.000650228,94.86895752,2.541342735,3.593426704,211.4434967,214.206543,29.38777924,41.04311371,Summer,2
7/27/2031,27.73636055,36.46401215,19.86252975,9.072731018,0.008754285,94.86780548,2.536779642,3.586630821,211.1385345,213.8923798,29.40979195,41.02399445,Summer,2
7/28/2031,27.75424767,36.47835159,19.8924675,9.085002899,0.017801652,94.86671448,2.532075644,3.579631805,210.8245544,213.5671387,29.42822266,41.01810074,Summer,2
7/29/2031,27.76895142,36.48899841,19.92028427,9.098619461,0.02779319,94.86568451,2.527252913,3.572460175,210.5064697,213.2355804,29.44297409,41.02590179,Summer,2
7/30/2031,27.78037262,36.49581146,19.94590759,9.11359024,0.038729809,94.86473846,2.522334099,3.565147877,210.189209,212.9024353,29.45392418,41.04785919,Summer,2
7/31/2031,27.78837967,36.49863815,19.9692421,9.129920959,0.050611917,94.86386871,2.517343998,3.557731628,209.8778687,212.5726013,29.46094704,41.08441925,Summer,2
8/1/2031,27.79284477,36.49730301,19.99018478,9.147597313,0.063439853,94.86309814,2.512309313,3.550247192,209.5773926,212.2508545,29.46390152,41.13599777,Summer,2
8/2/2031,27.7936306,36.49163055,20.00862885,9.166594505,0.07721293,94.86242676,2.507256746,3.542734623,209.2926941,211.9419861,29.46264839,41.20301056,Summer,2
8/3/2031,27.79057312,36.48143387,20.02445221,9.186878204,0.091929428,94.86185455,2.502215385,3.535235405,209.0286713,211.6506805,29.45703316,41.28582382,Summer,2
8/4/2031,27.78353119,36.46651077,20.03752899,9.208396912,0.107586838,94.86139679,2.497213125,3.527791023,208.7899475,211.3814545,29.44689941,41.38477325,Summer,2
8/5/2031,27.77233505,36.44667053,20.04772568,9.231090546,0.124180697,94.86104584,2.492280245,3.520444393,208.5809631,211.1386871,29.43208885,41.50015259,Summer,2
8/6/2031,27.75682259,36.42170715,20.05489731,9.254886627,0.141704991,94.86080933,2.487445831,3.513239861,208.4059601,210.9263916,29.41243744,41.63222504,Summer,2
8/7/2031,27.73682785,36.39141846,20.05889893,9.279699326,0.160151556,94.86069489,2.48273921,3.506219864,208.2687683,210.7485046,29.38778305,41.78119659,Summer,2
8/8/2031,27.71218681,36.35560608,20.0595932,9.305435181,0.179509684,94.86068726,2.478188992,3.499427795,208.1730042,210.6084747,29.35796928,41.94722748,Summer,2
8/9/2031,27.68273544,36.31407928,20.05682373,9.331987381,0.199766457,94.8608017,2.473824024,3.492906094,208.1218719,210.5095673,29.32284164,42.1304245,Summer,2
8/10/2031,27.64831924,36.26664734,20.05044556,9.359241486,0.220905498,94.86102295,2.469670773,3.486696243,208.1180878,210.4545593,29.28224754,42.33082581,Summer,2
8/11/2031,27.60879135,36.2131424,20.04032516,9.387074471,0.242907614,94.86135864,2.465755463,3.480837345,208.1640472,210.445816,29.23604202,42.54842377,Summer,2
8/12/2031,27.56401062,36.15339661,20.02630615,9.415355682,0.265750349,94.86180115,2.46210289,3.475368023,208.2616425,210.4853668,29.18410301,42.78313446,Summer,2
8/13/2031,27.51384544,36.08726501,20.00826645,9.443944931,0.289407432,94.86234283,2.458734989,3.470323086,208.4122162,210.5747223,29.12630653,43.03481674,Summer,2
8/14/2031,27.4581871,36.01462555,19.98607254,9.472698212,0.313848823,94.86297607,2.455673218,3.465736389,208.6167145,210.7149811,29.06254768,43.30324936,Summer,2
8/15/2031,27.3969326,35.93535995,19.95960999,9.501468658,0.339040875,94.86370087,2.452935696,3.461636543,208.8755493,210.9066925,28.99273682,43.58816147,Summer,2
8/16/2031,27.32999992,35.84938431,19.92877579,9.530099869,0.364945382,94.86450958,2.450538874,3.458051682,209.1885529,211.1499786,28.91679382,43.8891983,Summer,2
8/17/2031,27.25732613,35.75664139,19.89347076,9.558439255,0.39152047,94.86539459,2.448495865,3.455005169,209.55513,211.4444885,28.83467484,44.20593262,Summer,2
8/18/2031,27.17886353,35.65709686,19.85361099,9.586326599,0.418720067,94.86634827,2.446818113,3.452515602,209.9740906,211.7893829,28.7463398,44.53787994,Summer,2
8/19/2031,27.09459686,35.55073929,19.80913544,9.613604546,0.446493804,94.86736298,2.445513248,3.45059967,210.4438324,212.1833038,28.65177727,44.88448334,Summer,2
8/20/2031,27.00452423,35.43759155,19.75999069,9.640114784,0.474787414,94.86842346,2.444586992,3.449269295,210.9621582,212.6244965,28.55099487,45.24510193,Summer,2
8/21/2031,26.90867043,35.31769943,19.70614624,9.66570282,0.503542483,94.86953735,2.444041252,3.448531628,211.5264893,213.1107025,28.44403267,45.6190567,Summer,2
8/22/2031,26.80708885,35.19115829,19.64758301,9.690214157,0.532696843,94.87068176,2.443875074,3.448390007,212.1337891,213.639267,28.33094025,46.0055809,Summer,2
8/23/2031,26.69984818,35.05806732,19.58430862,9.713500977,0.562184632,94.87185669,2.444085121,3.448843956,212.7805481,214.2071686,28.21180153,46.403862,Summer,2
8/24/2031,26.58705139,34.91857147,19.51633835,9.735416412,0.591936409,94.87304688,2.444664001,3.449888229,213.4629517,214.8109131,28.08671951,46.81302261,Summer,2
8/25/2031,26.46882629,34.77285767,19.44372559,9.755823135,0.621879458,94.87425995,2.445602655,3.45151329,214.1767731,215.4468079,27.95583153,47.23213196,Summer,2
8/26/2031,26.34531784,34.62112808,19.36652374,9.774587631,0.651938617,94.87547302,2.44688797,3.453705311,214.9174805,216.1107178,27.81928825,47.66023254,Summer,2
8/27/2031,26.21671295,34.46362305,19.28481293,9.79158783,0.682035744,94.87669373,2.448504686,3.456447124,215.6803131,216.7983093,27.67726707,48.09629059,Summer,2
8/28/2031,26.08320236,34.30060196,19.19870377,9.806706429,0.712090611,94.8779068,2.450434685,3.459716797,216.4602814,217.5050812,27.52997589,48.53925705,Summer,2
8/29/2031,25.94501305,34.13235855,19.10830688,9.81983757,0.742021441,94.87911224,2.4526577,3.463490486,217.2522125,218.2262268,27.37763405,48.98804855,Summer,2
8/30/2031,25.80239105,33.95922852,19.01377106,9.830881119,0.771744847,94.88030243,2.455150843,3.467738152,218.0507965,218.9568787,27.22049332,49.44154358,Summer,2
8/31/2031,25.65559959,33.78154373,18.91524124,9.839752197,0.801176965,94.88146973,2.457889318,3.472429752,218.8506927,219.6920776,27.0588131,49.89861679,Summer,2
9/1/2031,25.50492477,33.59967422,18.81290817,9.846376419,0.830233514,94.88262939,2.460846901,3.477529049,219.6464844,220.4268341,26.89287758,50.35812378,Autumn,3
9/2/2031,25.35067368,33.41400909,18.70694351,9.85068512,0.858830333,94.88376617,2.463994741,3.483001232,220.4328461,221.1561127,26.72299194,50.81890869,Autumn,3
9/3/2031,25.19315529,33.22495651,18.59756088,9.852624893,0.886883914,94.88488007,2.467304468,3.488805294,221.2044983,221.874939,26.54946899,51.27982712,Autumn,3
9/4/2031,25.03270912,33.03292847,18.48498535,9.852157593,0.914312303,94.88597107,2.470744371,3.494902134,221.9563293,222.5785065,26.3726387,51.73972702,Autumn,3
9/5/2031,24.86966896,32.83835983,18.36943054,9.849247932,0.941035271,94.88704681,2.474284649,3.501249313,222.6833344,223.2621155,26.19283104,52.19750214,Autumn,3
9/6/2031,24.70438957,32.6416893,18.25115204,9.8438797,0.966974854,94.88809967,2.477893114,3.507803917,223.3808594,223.9211884,26.01040077,52.65203094,Autumn,3
9/7/2031,24.53722572,32.44335938,18.13038254,9.836043358,0.99205631,94.8891449,2.481538773,3.514523029,224.0444183,224.5515594,25.82569313,53.10225296,Autumn,3
9/8/2031,24.36852837,32.24381638,18.00738144,9.825742722,1.016208172,94.89017487,2.485189676,3.521363258,224.6699219,225.1491394,25.63905907,53.54711914,Autumn,3
9/9/2031,24.19865799,32.04349899,17.88241196,9.812992096,1.039362788,94.89118958,2.488816023,3.528281689,225.2536469,225.7102509,25.45085716,53.98564148,Autumn,3
9/10/2031,24.02796936,31.84285355,17.75572205,9.79781723,1.061457396,94.89221191,2.492387772,3.535237312,225.7921753,226.2315979,25.26143456,54.41686249,Autumn,3
9/11/2031,23.85680962,31.64229584,17.62758255,9.780252457,1.082434058,94.89322662,2.495876789,3.542189121,226.2825928,226.7102203,25.07113647,54.83991241,Autumn,3
9/12/2031,23.68551826,31.44224739,17.49824142,9.760342598,1.102239966,94.89424896,2.499256372,3.549098492,226.7224884,227.1435547,24.88030243,55.25393295,Autumn,3
9/13/2031,23.51442719,31.24310875,17.36795425,9.738139153,1.12082839,94.89528656,2.502501011,3.555929661,227.1098175,227.5294952,24.68925858,55.65818405,Autumn,3
9/14/2031,23.34384155,31.04525948,17.23696899,9.713705063,1.13815856,94.89633942,2.505588531,3.562648773,227.4431305,227.8663635,24.4983139,56.05195236,Autumn,3
9/15/2031,23.17406464,30.84905815,17.10552216,9.687107086,1.154196739,94.89741516,2.508498192,3.569224834,227.7214508,228.1529846,24.30776978,56.43462372,Autumn,3
9/16/2031,23.00537491,30.65483475,16.97383881,9.658420563,1.168915033,94.89852142,2.511212587,3.575631142,227.944397,228.3886871,24.11790657,56.80566788,Autumn,3
9/17/2031,22.83802414,30.46289444,16.8421402,9.627727509,1.182293415,94.89965057,2.513716221,3.581843853,228.1119537,228.5732117,23.92898369,57.16461182,Autumn,3
9/18/2031,22.67224503,30.27351189,16.71062088,9.595112801,1.194318295,94.9008255,2.515998125,3.587842464,228.2248688,228.7068176,23.74123764,57.5110817,Autumn,3
9/19/2031,22.50824928,30.08692551,16.57946396,9.560665131,1.20498395,94.9020462,2.518049002,3.593613148,228.2842102,228.7902527,23.55488014,57.84479141,Autumn,3
9/20/2031,22.34621239,29.90333557,16.44884109,9.524477005,1.214291573,94.90330505,2.519864082,3.599143028,228.2916565,228.8248138,23.37010193,58.1655426,Autumn,3
9/21/2031,22.1862812,29.72291565,16.31889343,9.486645699,1.222249627,94.90460968,2.521441698,3.604427814,228.2493591,228.8121033,23.18706322,58.47320938,Autumn,3
9/22/2031,22.0285778,29.54579353,16.18975449,9.447265625,1.228874326,94.90596771,2.522783279,3.609464169,228.1599884,228.7543335,23.0058918,58.76776886,Autumn,3
9/23/2031,21.87318993,29.37206078,16.06152344,9.406431198,1.234188557,94.90737915,2.523894787,3.614255905,228.0265656,228.6540375,22.8266983,59.04928589,Autumn,3
9/24/2031,21.72017479,29.20176315,15.93429089,9.364240646,1.238222241,94.90883636,2.524784803,3.618810654,227.8526306,228.5142059,22.64954948,59.31789398,Autumn,3
9/25/2031,21.56954956,29.0349102,15.80811024,9.320789337,1.241011977,94.91034698,2.525466204,3.623141766,227.6420898,228.3382111,22.47448921,59.57383347,Autumn,3
9/26/2031,21.42131042,28.87147331,15.68302441,9.276168823,1.242601275,94.91190338,2.525954962,3.62726593,227.3991089,228.1296997,22.30152893,59.81741333,Autumn,3
9/27/2031,21.27541161,28.71137238,15.55904484,9.23046875,1.243039131,94.91350555,2.526270628,3.631205559,227.1282959,227.8927002,22.13065338,60.04900742,Autumn,3
9/28/2031,21.13178253,28.55450058,15.4361639,9.183774948,1.242380261,94.91514587,2.526435852,3.634987354,226.8344421,227.631485,21.96181297,60.26908875,Autumn,3
9/29/2031,20.99031258,28.40070534,15.31434155,9.136171341,1.240685344,94.91681671,2.526476622,3.638641357,226.5225372,227.3505249,21.7949295,60.47817612,Autumn,3
9/30/2031,20.85087204,28.24979973,15.19352818,9.087732315,1.238019228,94.91851807,2.52642107,3.642202854,226.1977844,227.0545502,21.62989998,60.67687225,Autumn,3
10/1/2031,20.71328735,28.1015625,15.07364559,9.038534164,1.234450936,94.92022705,2.526301146,3.645709991,225.8655396,226.7483063,21.46659088,60.86581802,Autumn,3
10/2/2031,20.5773735,27.95573044,14.95458889,8.988641739,1.230053544,94.92195129,2.526150465,3.649205208,225.5310974,226.4367218,21.304842,61.04572296,Autumn,3
10/3/2031,20.44290924,27.81201935,14.836236,8.938116074,1.224903226,94.92366791,2.526004791,3.652731895,225.1998901,226.1247864,21.14447784,61.21733856,Autumn,3
10/4/2031,20.30965424,27.67011833,14.71845531,8.887013435,1.219078541,94.92536163,2.525902033,3.656337738,224.8773193,225.8174744,20.98528671,61.38145447,Autumn,3
10/5/2031,20.17734718,27.52967644,14.60108471,8.835382462,1.212659955,94.92703247,2.525880814,3.66007185,224.5686035,225.5196533,20.82705116,61.53889465,Autumn,3
10/6/2031,20.0457077,27.39033699,14.48395061,8.783262253,1.205729365,94.92865753,2.525981903,3.663985729,224.2788391,225.236145,20.66953087,61.69051361,Autumn,3
10/7/2031,19.91444016,27.25171852,14.36686993,8.730693817,1.198369026,94.93022919,2.526246071,3.668131351,224.0130615,224.9716339,20.51247025,61.83718109,Autumn,3
10/8/2031,19.78323555,27.11342621,14.24964237,8.677703857,1.190661311,94.93171692,2.526714563,3.672560692,223.7759552,224.7306671,20.35560226,61.97977066,Autumn,3
10/9/2031,19.65177917,26.97504997,14.13205814,8.624318123,1.182688117,94.93312073,2.527428627,3.677327633,223.5719452,224.5174713,20.19865227,62.11918259,Autumn,3
10/10/2031,19.51974106,26.83617592,14.01390171,8.57055378,1.174529672,94.93441772,2.528429985,3.682483673,223.4051666,224.3360901,20.04133797,62.25628281,Autumn,3
10/11/2031,19.38679886,26.69638824,13.89494991,8.516423225,1.166264653,94.93559265,2.5297575,3.688080788,223.2794037,224.1901855,19.88337708,62.39196396,Autumn,3
10/12/2031,19.25262451,26.55527306,13.7749815,8.461933136,1.157968879,94.93662262,2.531450987,3.694168568,223.197998,224.0831909,19.72447968,62.52707291,Autumn,3
10/13/2031,19.11689377,26.41241646,13.6537714,8.407089233,1.149715543,94.9375,2.533547401,3.700794697,223.1639404,224.018158,19.56436539,62.66244507,Autumn,3
10/14/2031,18.97929192,26.26741791,13.53109074,8.351886749,1.141574144,94.93820953,2.536082268,3.708005428,223.1797485,223.9976196,19.40276146,62.79888916,Autumn,3
10/15/2031,18.83951378,26.1198864,13.40672398,8.296322823,1.133610129,94.93872833,2.539088964,3.715842724,223.2474365,224.0238342,19.23939896,62.93717575,Autumn,3
10/16/2031,18.69726181,25.96945572,13.28046322,8.24038887,1.125884175,94.93904877,2.542597055,3.72434473,223.3685608,224.0986176,19.0740242,63.07802963,Autumn,3
10/17/2031,18.55226326,25.8157711,13.15210056,8.184074402,1.11845243,94.93915558,2.546634674,3.733547688,223.54422,224.2232513,18.90639114,63.22212601,Autumn,3
10/18/2031,18.40426064,25.65850639,13.02144527,8.127368927,1.111366153,94.93903351,2.551225424,3.743481159,223.7749481,224.3986664,18.73628235,63.3700943,Autumn,3
10/19/2031,18.25302315,25.49736595,12.88832569,8.070257187,1.104670048,94.93868256,2.556390524,3.754170895,224.0607452,224.6252289,18.56349564,63.52251434,Autumn,3
10/20/2031,18.09833527,25.33208084,12.75257397,8.012727737,1.098403931,94.93807983,2.56214571,3.765637875,224.4012299,224.9029388,18.38784599,63.67988586,Autumn,3
10/21/2031,17.94002151,25.16241264,12.61405087,7.95476675,1.092601538,94.93722534,2.568504333,3.777896881,224.7953949,225.2312317,18.20918274,63.84266281,Autumn,3
10/22/2031,17.7779274,24.98817253,12.47263432,7.896363735,1.087290645,94.93611908,2.575474501,3.790957928,225.241806,225.6092072,18.02737617,64.01121521,Autumn,3
10/23/2031,17.61192894,24.80919266,12.32821941,7.837507248,1.082492471,94.93475342,2.583060265,3.804824829,225.7385559,226.0354309,17.8423214,64.18586731,Autumn,3
10/24/2031,17.44194412,24.62536049,12.18073177,7.778190136,1.078222513,94.93312836,2.591261148,3.819494247,226.2832642,226.5080566,17.65395355,64.36686707,Autumn,3
10/25/2031,17.26791954,24.43659782,12.03011417,7.718407631,1.074490428,94.9312439,2.600072145,3.83495903,226.8731079,227.0248718,17.46223259,64.55437469,Autumn,3
10/26/2031,17.08983421,24.24287224,11.87633896,7.658158779,1.071299553,94.92910767,2.609483719,3.851203442,227.5050354,227.583252,17.26714516,64.74848938,Autumn,3
10/27/2031,16.90771103,24.04419136,11.71940231,7.597447395,1.068647742,94.92671967,2.619481325,3.868206501,228.1753693,228.1802368,17.06872559,64.94923401,Autumn,3
10/28/2031,16.72160339,23.84061623,11.55933189,7.536281586,1.066527605,94.92410278,2.630046368,3.885941982,228.8802948,228.8125458,16.86702538,65.15658569,Autumn,3
10/29/2031,16.53160667,23.63224411,11.39617729,7.474674225,1.064925671,94.92126465,2.641155481,3.90437603,229.6156921,229.4765472,16.66213799,65.37042236,Autumn,3
10/30/2031,16.33785057,23.41922188,11.23002052,7.412643433,1.063824892,94.91821289,2.652781248,3.92347002,230.3771515,230.1684113,16.45419121,65.59056091,Autumn,3
10/31/2031,16.14049721,23.20173454,11.06096554,7.350214481,1.06320262,94.9149704,2.664891243,3.943178654,231.1600494,230.8841248,16.24333572,65.8167572,Autumn,3
11/1/2031,15.93975163,22.9800148,10.8891468,7.287417412,1.063032985,94.91155243,2.67745018,3.963452816,231.9597473,231.6193848,16.02976799,66.04872894,Autumn,3
11/2/2031,15.73584652,22.75433159,10.71472549,7.224288464,1.063285947,94.90799713,2.690418959,3.984237194,232.7712708,232.3699036,15.81369686,66.28610229,Autumn,3
11/3/2031,15.52904987,22.52499771,10.53789043,7.160871506,1.063928723,94.90431213,2.70375371,4.00547123,233.5898132,233.1311188,15.59537792,66.5284729,Autumn,3
11/4/2031,15.31965733,22.2923584,10.35884571,7.097215652,1.06492579,94.90053558,2.717408419,4.027091503,234.4104156,233.8985748,15.37508869,66.77536011,Autumn,3
11/5/2031,15.10800076,22.05679893,10.17782784,7.033376694,1.066239715,94.896698,2.731334448,4.04902935,235.2282562,234.6677399,15.15312099,67.02628326,Autumn,3
11/6/2031,14.89442539,21.81872559,9.995094299,6.969415665,1.067831516,94.89282227,2.745480061,4.071214676,236.0384369,235.4341278,14.92980862,67.28067017,Autumn,3
11/7/2031,14.67931652,21.57858276,9.810917854,6.905400753,1.069661021,94.88894653,2.759791374,4.09357214,236.83638,236.1933136,14.70548916,67.53796387,Autumn,3
11/8/2031,14.4630661,21.33683968,9.625594139,6.841404438,1.071688056,94.88510132,2.774213552,4.116026402,237.6175842,236.9409943,14.48053169,67.79753876,Autumn,3
11/9/2031,14.24608898,21.09397316,9.439432144,6.777504921,1.073872566,94.8813324,2.788689137,4.138498306,238.3777161,237.6730347,14.25531578,68.05877686,Autumn,3
11/10/2031,14.02881908,20.8504982,9.252754211,6.713786602,1.076175332,94.87767029,2.803161621,4.160909176,239.1127777,238.3854828,14.03022957,68.3210144,Autumn,3
11/11/2031,13.8116951,20.60693169,9.065896988,6.650335789,1.07855773,94.87416077,2.817572594,4.183179379,239.8190765,239.074646,13.80567837,68.58360291,Autumn,3
11/12/2031,13.59517002,20.36379814,8.879203796,6.587244034,1.080983758,94.87082672,2.831864119,4.205229282,240.4931183,239.7369995,13.58207417,68.84587097,Autumn,3
11/13/2031,13.37969494,20.12163544,8.693025589,6.524604797,1.083419323,94.86771393,2.845978975,4.226979256,241.1318665,240.3694305,13.35982513,69.10716248,Autumn,3
11/14/2031,13.16572762,19.88097572,8.507718086,6.4625144,1.085833192,94.86486816,2.85986042,4.248352528,241.7326508,240.9690552,13.13934898,69.36680603,Autumn,3
11/15/2031,12.953722,19.64235306,8.323637009,6.401071548,1.088196754,94.86231232,2.873454094,4.269272804,242.2931671,241.5333862,12.92105961,69.62416077,Autumn,3
11/16/2031,12.74412727,19.40629768,8.141134262,6.340373993,1.090485573,94.86009979,2.886705875,4.28966713,242.8115234,242.0602112,12.7053566,69.87858582,Autumn,3
11/17/2031,12.53737545,19.17332077,7.960564613,6.280522346,1.092678547,94.85824585,2.899564981,4.309464931,243.2863007,242.5477753,12.4926424,70.12948608,Autumn,3
11/18/2031,12.33389854,18.94392014,7.782271385,6.221613884,1.094759107,94.85679626,2.911982298,4.328600407,243.7164459,242.9946899,12.28329945,70.37625885,Autumn,3
11/19/2031,12.13410568,18.71858597,7.606589317,6.16374588,1.096714735,94.85578156,2.92391324,4.347010612,244.1014099,243.3999329,12.07770252,70.61834717,Autumn,3
11/20/2031,11.93838882,18.49777603,7.43384552,6.107013702,1.098537207,94.85522461,2.935314655,4.364637852,244.4410858,243.7628784,11.87620544,70.85523987,Autumn,3
11/21/2031,11.74711895,18.28192711,7.264343262,6.05150795,1.100223422,94.85515594,2.946148872,4.381429672,244.7357178,244.0832825,11.67914009,71.08644104,Autumn,3
11/22/2031,11.56064034,18.07144356,7.098381042,5.99731636,1.101774812,94.85560608,2.956380367,4.397338867,244.9860535,244.3613892,11.48682213,71.31150055,Autumn,3
11/23/2031,11.37927151,17.86670113,6.936233521,5.944521904,1.103197336,94.85658264,2.965979338,4.412323952,245.1932526,244.5976715,11.2995348,71.53004456,Autumn,3
11/24/2031,11.20330524,17.66804695,6.778156281,5.893202782,1.104501367,94.85811615,2.974920034,4.426350117,245.3588104,244.7931366,11.11754513,71.74168396,Autumn,3
11/25/2031,11.03299809,17.4757843,6.624382973,5.843431473,1.105702281,94.8602066,2.983180285,4.439388275,245.4846344,244.9490356,10.94108677,71.94612122,Autumn,3
11/26/2031,10.86857891,17.29018021,6.475120544,5.795271873,1.10681963,94.86286926,2.990744114,4.451416016,245.5729675,245.0669556,10.77035713,72.14308929,Autumn,3
11/27/2031,10.71023846,17.11146736,6.330557823,5.748781204,1.107877016,94.86610413,2.99759984,4.462418079,245.626358,245.1488647,10.60553837,72.3323822,Autumn,3
11/28/2031,10.55813217,16.93983459,6.190850258,5.70401144,1.108901858,94.86992645,3.003740788,4.47238636,245.6476898,245.1969757,10.44676781,72.51383972,Autumn,3
11/29/2031,10.41238403,16.77542686,6.05613327,5.661002159,1.109924912,94.87432098,3.00916481,4.481318951,245.6399994,245.2137756,10.29415512,72.68731689,Autumn,3
11/30/2031,10.27307606,16.61834717,5.926508904,5.619787216,1.110980392,94.87928772,3.013875961,4.489221573,245.6066895,245.2020111,10.14778137,72.8527832,Autumn,3
12/1/2031,10.14026356,16.46866226,5.802055359,5.580390453,1.112105131,94.8848114,3.017882109,4.496105671,245.5511322,245.1645203,10.00768566,73.01017761,Winter,0
12/2/2031,10.01394749,16.32639503,5.682817459,5.542827606,1.113338113,94.89086914,3.021195889,4.501990318,245.477005,245.1044769,9.873884201,73.15956116,Winter,0
12/3/2031,9.894114494,16.19152069,5.568817139,5.507102966,1.114720106,94.89744568,3.023836136,4.506901264,245.388031,245.0250397,9.746355057,73.30097198,Winter,0
12/4/2031,9.780695915,16.0639801,5.460045815,5.473213196,1.116293192,94.90452576,3.025824547,4.510869503,245.2879639,244.9295502,9.625048637,73.43452454,Winter,0
12/5/2031,9.673605919,15.94367695,5.356468201,5.441144943,1.118100405,94.9120636,3.027188063,4.513932228,245.1805573,244.8213806,9.509881973,73.56036377,Winter,0
12/6/2031,9.572714806,15.83047581,5.258019447,5.410874367,1.12018466,94.92003632,3.027956963,4.516133308,245.0696411,244.7039185,9.400748253,73.67867279,Winter,0
12/7/2031,9.477869987,15.72420502,5.164614677,5.382370949,1.122588754,94.92840576,3.028166771,4.517521381,244.9588013,244.5805359,9.297506332,73.78965759,Winter,0
12/8/2031,9.388883591,15.62465763,5.07613945,5.355593204,1.125354052,94.93712616,3.027854681,4.518148899,244.8516693,244.4545898,9.199996948,73.89355469,Winter,0
12/9/2031,9.3055439,15.53160477,4.992460251,5.33049202,1.128521085,94.94615936,3.027062416,4.518073559,244.7516785,244.3293457,9.108029366,73.99064636,Winter,0
12/10/2031,9.227614403,15.44478512,4.913416862,5.307009697,1.132128,94.95545197,3.025834322,4.517357826,244.6620178,244.2079315,9.021401405,74.08119202,Winter,0
12/11/2031,9.154837608,15.36390781,4.838834763,5.285081863,1.136210442,94.96495819,3.02421689,4.516065121,244.5857544,244.0933228,8.939884186,74.16549683,Winter,0
12/12/2031,9.08693409,15.28866673,4.768518448,5.264635086,1.140801072,94.97462463,3.022258043,4.514264107,244.5257263,243.9883575,8.863233566,74.24389648,Winter,0
12/13/2031,9.023610115,15.21873856,4.702255249,5.245592117,1.145928502,94.98439789,3.020009041,4.512023926,244.4843445,243.8956909,8.791194916,74.31669617,Winter,0
12/14/2031,8.964561462,15.15378284,4.639824867,5.227869034,1.151618123,94.99421692,3.017520905,4.509416103,244.4638672,243.8176575,8.723498344,74.38423157,Winter,0
12/15/2031,8.909466743,15.09344482,4.580986977,5.211375237,1.157890081,95.00403595,3.014845848,4.506513596,244.4662476,243.7563934,8.659864426,74.44681549,Winter,0
12/16/2031,8.858003616,15.03736973,4.525500298,5.196019173,1.164760351,95.01377869,3.0120368,4.503388882,244.4929504,243.7138062,8.600014687,74.50479126,Winter,0
12/17/2031,8.809844971,14.9851923,4.473109245,5.181703568,1.172238946,95.02339935,3.009145975,4.500114918,244.5452271,243.6914978,8.543660164,74.55847168,Winter,0
12/18/2031,8.764658928,14.93655205,4.423561096,5.168328285,1.180331349,95.03282928,3.006226063,4.496763229,244.6239929,243.6907501,8.490519524,74.60816956,Winter,0
12/19/2031,8.722118378,14.89108086,4.376594543,5.155793667,1.189036727,95.04202271,3.00332737,4.493405342,244.7296448,243.7125397,8.440299988,74.65415955,Winter,0
12/20/2031,8.681900978,14.84843063,4.331954956,5.143997192,1.19834888,95.05091095,3.000500679,4.490108967,244.8623657,243.7575531,8.392729759,74.69674683,Winter,0
12/21/2031,8.643694878,14.8082552,4.289386749,5.132839203,1.208255291,95.05944061,2.997793198,4.486940861,245.0219421,243.8261566,8.347537041,74.73617554,Winter,0
12/22/2031,8.607193947,14.77022266,4.248639107,5.122218132,1.218737602,95.06755829,2.995251656,4.48396492,245.2077179,243.9184265,8.304465294,74.77270508,Winter,0
12/23/2031,8.572110176,14.73401642,4.209466934,5.112037182,1.229771256,95.07521057,2.992919207,4.481240749,245.4187927,244.0341187,8.263258934,74.80651855,Winter,0
12/24/2031,8.538170815,14.69933796,4.171640396,5.102199554,1.241325974,95.08234406,2.990837097,4.478823662,245.6539154,244.1726532,8.223690033,74.83782959,Winter,0
12/25/2031,8.505121231,14.66591263,4.134936333,5.09261322,1.253366113,95.08892059,2.989042759,4.476766586,245.9115295,244.3332214,8.185537338,74.86679077,Winter,0
12/26/2031,8.472723007,14.63348484,4.099144936,5.083190918,1.265849471,95.09489441,2.987571001,4.475116253,246.189743,244.5147095,8.148604393,74.89353943,Winter,0
12/27/2031,8.440768242,14.60182667,4.064072609,5.073850632,1.278729081,95.10022736,2.986452818,4.4739151,246.4864197,244.7157593,8.112713814,74.91817474,Winter,0
12/28/2031,8.409070015,14.57073593,4.029542923,5.064516068,1.291953206,95.10487366,2.985714674,4.473198891,246.7992249,244.9347992,8.077707291,74.94076538,Winter,0
12/29/2031,8.377459526,14.54004192,3.995392799,5.055116653,1.305464864,95.10881042,2.985380173,4.47300005,247.1255341,245.1699677,8.043453217,74.96138763,Winter,0
12/30/2031,8.345803261,14.50960159,3.961486816,5.045590401,1.319203258,95.11201477,2.985468149,4.473343849,247.4626312,245.419281,8.009836197,74.98003387,Winter,0
12/31/2031,8.3139925,14.47929478,3.927696228,5.035881042,1.333103538,95.11445618,2.985993862,4.47424984,247.8076019,245.6805878,7.976769447,74.9967041,Winter,0
1/1/2032,8.281949043,14.44904709,3.893928051,5.025940418,1.347097754,95.11612701,2.986967325,4.475732327,248.1573944,245.9515686,7.94419384,75.01135254,Winter,0
1/2/2032,8.249613762,14.41880226,3.860099792,5.015729427,1.361114979,95.11701202,2.988395214,4.477799892,248.5089569,246.2298279,7.912069321,75.02392578,Winter,0
1/3/2032,8.216960907,14.38854599,3.826150894,5.00521946,1.375082374,95.11710358,2.990279436,4.480453014,248.8592072,246.5128479,7.880382538,75.03432465,Winter,0
1/4/2032,8.184001923,14.358284,3.792047977,4.994385719,1.388925433,95.11640167,2.992617846,4.483688831,249.2049255,246.798111,7.849141121,75.04244995,Winter,0
1/5/2032,8.150754929,14.32805443,3.757776737,4.983217716,1.402568579,95.11491394,2.995404243,4.487498283,249.5430756,247.0830536,7.818379402,75.04815674,Winter,0
1/6/2032,8.117282867,14.29793072,3.723344326,4.971708298,1.415936351,95.11264038,2.998627901,4.491866112,249.8706207,247.3651276,7.788158417,75.05131531,Winter,0
1/7/2032,8.083665848,14.26800346,3.688776016,4.959864616,1.428953052,95.10961151,3.002275467,4.496771336,250.1846619,247.6418457,7.758552551,75.05174255,Winter,0
1/8/2032,8.050011635,14.23839664,3.654121876,4.947698593,1.441544652,95.10583496,3.006328106,4.502189159,250.4823761,247.9107208,7.729658127,75.049263,Winter,0
1/9/2032,8.01644516,14.20925522,3.619445324,4.935230732,1.453637958,95.10134125,3.010765314,4.508089542,250.7611847,248.1694641,7.701600075,75.04369354,Winter,0
1/10/2032,7.983119011,14.18074799,3.584833145,4.922492504,1.465162873,95.09615326,3.015561819,4.514438152,251.0186615,248.4158325,7.674508095,75.03484344,Winter,0
1/11/2032,7.950198174,14.15306282,3.550386906,4.909519672,1.476051688,95.09031677,3.020690441,4.521196365,251.252594,248.6477814,7.648530006,75.02250671,Winter,0
1/12/2032,7.917871475,14.12640381,3.516227245,4.896356583,1.486240387,95.0838623,3.026120663,4.528321743,251.4610748,248.8633728,7.623836517,75.00647736,Winter,0
1/13/2032,7.886335373,14.10099125,3.482480526,4.883054733,1.495669007,95.07683563,3.031820297,4.535768986,251.6424103,249.0609436,7.600600243,74.98655701,Winter,0
1/14/2032,7.85580349,14.07705593,3.44929409,4.869671822,1.504282355,95.0692749,3.037754059,4.54349041,251.7952423,249.2389832,7.579008102,74.96255493,Winter,0
1/15/2032,7.826498985,14.05484295,3.416821003,4.856268406,1.512029767,95.06124115,3.043885708,4.551434517,251.918457,249.396225,7.559254646,74.93426514,Winter,0
1/16/2032,7.798651695,14.0345974,3.38522625,4.842913628,1.518866897,95.05277252,3.050178051,4.559550285,252.011322,249.5316162,7.541534424,74.90151978,Winter,0
1/17/2032,7.772497177,14.01657295,3.354682446,4.829676628,1.52475512,95.04393768,3.056591511,4.567784309,252.0733643,249.6443329,7.526053429,74.86414337,Winter,0
1/18/2032,7.748272896,14.00102806,3.325362682,4.816633701,1.529661298,95.03478241,3.063086748,4.576080799,252.1044464,249.733902,7.513010025,74.82197571,Winter,0
1/19/2032,7.726219177,13.98821354,3.297449589,4.803861618,1.533560157,95.02536774,3.069624186,4.584387302,252.1048584,249.8000183,7.502610207,74.77488708,Winter,0
1/20/2032,7.706568718,13.97837734,3.271121979,4.791437149,1.536432743,95.01574707,3.076163769,4.592647076,252.0750122,249.8426971,7.495046616,74.72274017,Winter,0
1/21/2032,7.689551353,13.9717598,3.246562958,4.779442787,1.53826642,95.00598145,3.08266592,4.600808144,252.0158234,249.8620911,7.490513802,74.66545105,Winter,0
1/22/2032,7.675396919,13.96860123,3.223949909,4.767953873,1.539056897,94.99613953,3.089092493,4.608816624,251.9284363,249.8587341,7.489199638,74.60292053,Winter,0
1/23/2032,7.66431427,13.9691143,3.203458786,4.757052422,1.538805723,94.98626709,3.095404625,4.616621494,251.8142395,249.8333588,7.491271973,74.53509521,Winter,0
1/24/2032,7.656508446,13.97351265,3.185256958,4.746813297,1.537522674,94.97641754,3.101567268,4.624174118,251.6749573,249.7868958,7.496900558,74.46194458,Winter,0
1/25/2032,7.652172089,13.98198509,3.169503212,4.737312794,1.535223722,94.96665955,3.107544422,4.631427765,251.5126038,249.7205963,7.506229401,74.38343048,Winter,0
1/26/2032,7.65147686,13.99470806,3.156354427,4.728621483,1.531932116,94.95704651,3.1133039,4.638337612,251.3292694,249.6357269,7.519399643,74.29958344,Winter,0
1/27/2032,7.654582977,14.01183796,3.145951271,4.720808506,1.527677774,94.94761658,3.118814707,4.644863605,251.1273804,249.5339355,7.536531448,74.21043396,Winter,0
1/28/2032,7.661631584,14.03350735,3.138422966,4.713935852,1.522496462,94.93843079,3.12404871,4.650968075,250.9095612,249.4169159,7.557725906,74.11604309,Winter,0
1/29/2032,7.672744751,14.05982876,3.133885384,4.708063126,1.516430736,94.92953491,3.128979921,4.656617165,250.678421,249.2865448,7.583069801,74.01647186,Winter,0
1/30/2032,7.688017845,14.0908947,3.132443428,4.703241825,1.509528279,94.92095947,3.133585453,4.661780357,250.4367981,249.1448212,7.612628937,73.91183472,Winter,0
1/31/2032,7.707536697,14.12676811,3.13418293,4.699520588,1.501842022,94.91275787,3.137845039,4.666432381,250.1876373,248.9938202,7.646449089,73.80225372,Winter,0
2/1/2032,7.731358528,14.16749573,3.139177799,4.696938992,1.49342978,94.904953,3.141741514,4.670552254,249.9338531,248.8356628,7.684561729,73.68786621,Winter,0
2/2/2032,7.75951767,14.2130928,3.14748621,4.695530891,1.484353065,94.89757538,3.145260811,4.674121857,249.6783752,248.6725464,7.726977348,73.5688324,Winter,0
2/3/2032,7.792033195,14.26356125,3.159147739,4.69532299,1.474677682,94.89065552,3.148392439,4.677128792,249.4242249,248.5067291,7.773677826,73.44532776,Winter,0
2/4/2032,7.828889847,14.31886482,3.174181461,4.696334362,1.464471936,94.88421631,3.151128054,4.679564953,249.1741486,248.340332,7.824640274,73.31755066,Winter,0
2/5/2032,7.870066643,14.37895489,3.192597866,4.69857645,1.453806639,94.87826538,3.153463602,4.681426525,248.9310455,248.1755524,7.879804611,73.18569183,Winter,0
2/6/2032,7.915512085,14.44375706,3.214387417,4.702055931,1.44275403,94.87282562,3.155397892,4.682713985,248.697525,248.0144653,7.939110756,73.04997253,Winter,0
2/7/2032,7.96515274,14.51317883,3.239524364,4.706768036,1.431388497,94.8678894,3.156932592,4.683432579,248.47612,247.8590393,8.002471924,72.91061401,Winter,0
2/8/2032,8.018900871,14.58710003,3.267964363,4.712703705,1.419783354,94.86345673,3.158072233,4.683590412,248.269165,247.7111969,8.069783211,72.76785278,Winter,0
2/9/2032,8.076651573,14.66539001,3.299650669,4.719844818,1.408012629,94.85953522,3.158824921,4.683202267,248.0787811,247.5726318,8.140931129,72.62191772,Winter,0
2/10/2032,8.138278008,14.7478981,3.334512711,4.728168488,1.396149278,94.85611725,3.159201145,4.682283878,247.9068451,247.4449768,8.215778351,72.47302246,Winter,0
2/11/2032,8.203640938,14.83446217,3.372466087,4.737643242,1.384264588,94.8531723,3.15921402,4.680856705,247.7549896,247.3295898,8.294182777,72.32142639,Winter,0
2/12/2032,8.272584915,14.92488956,3.41340971,4.748230934,1.372427702,94.85069275,3.158879042,4.678944111,247.6246033,247.2277222,8.375989914,72.16734314,Winter,0
2/13/2032,8.344948769,15.01899433,3.457239151,4.759893417,1.360705256,94.84866333,3.158214331,4.6765728,247.5167389,247.1403809,8.46103096,72.01101685,Winter,0
2/14/2032,8.420552254,15.1165781,3.503833771,4.772579193,1.349160075,94.8470459,3.157239914,4.673773289,247.4321442,247.0682983,8.549135208,71.85263062,Winter,0
2/15/2032,8.499213219,15.21743298,3.553063393,4.78623724,1.337851882,94.84580994,3.155977488,4.670576572,247.3712769,247.0120544,8.640117645,71.69242859,Winter,0
2/16/2032,8.58073616,15.32133102,3.604793072,4.800811768,1.326835155,94.84492493,3.154450417,4.66701889,247.3343048,246.9719238,8.73379612,71.53058624,Winter,0
2/17/2032,8.664925575,15.42806721,3.658881664,4.816240788,1.31616044,94.84435272,3.152683735,4.663134575,247.3209839,246.9480133,8.829982758,71.36729431,Winter,0
2/18/2032,8.751583099,15.53741264,3.715182304,4.832463741,1.305872679,94.84405518,3.150703192,4.658961296,247.3308411,246.940094,8.92848587,71.20272827,Winter,0
2/19/2032,8.8405056,15.64915085,3.773542881,4.849413395,1.296011448,94.84398651,3.148535252,4.654538155,247.3630066,246.9477692,9.029114723,71.03703308,Winter,0
2/20/2032,8.931497574,15.76306438,3.83381319,4.867025375,1.286610484,94.84410858,3.146208048,4.649903774,247.4163971,246.9703522,9.131690025,70.8703537,Winter,0
2/21/2032,9.024354935,15.87893486,3.895840168,4.885231972,1.277697563,94.84436798,3.143748522,4.645097256,247.4895172,247.0069427,9.236020088,70.70281219,Winter,0
2/22/2032,9.118887901,15.99655819,3.95947361,4.903965473,1.269294739,94.84471893,3.141184807,4.640158653,247.5807037,247.0564117,9.341934204,70.53452301,Winter,0
2/23/2032,9.214909554,16.11574173,4.024562836,4.923159599,1.26141715,94.84511566,3.138544559,4.635126114,247.6879272,247.1174316,9.449255943,70.36557007,Winter,0
2/24/2032,9.31223774,16.23628426,4.090963364,4.942747116,1.254074097,94.84551239,3.135855198,4.630038261,247.80896,247.188446,9.557824135,70.1960144,Winter,0
2/25/2032,9.410704613,16.35801125,4.158533096,4.962665558,1.247268438,94.84585571,3.133142948,4.624932766,247.9414063,247.2677307,9.667485237,70.02592468,Winter,0
2/26/2032,9.510146141,16.48075867,4.227140427,4.982853889,1.240997314,94.84609985,3.130434275,4.619844437,248.08255,247.3534241,9.778095245,69.85531616,Winter,0
2/27/2032,9.610416412,16.6043663,4.296654701,5.00325346,1.235251665,94.84619904,3.127753019,4.614807606,248.229599,247.4434967,9.88951683,69.68423462,Winter,0
2/28/2032,9.71137619,16.72869682,4.366961479,5.023810387,1.23001647,94.84611511,3.125123262,4.609854698,248.3796387,247.5357208,10.00164127,69.51266479,Winter,0
2/29/2032,9.81289959,16.85362244,4.437947273,5.044473648,1.225271583,94.84579468,3.122566938,4.605015278,248.5295563,247.6279449,10.11435032,69.34060669,Winter,0
3/1/2032,9.914881706,16.97903824,4.509511948,5.065197945,1.220991373,94.84520721,3.120104551,4.600317478,248.676239,247.7177582,10.22755909,69.16802216,Spring,1
3/2/2032,10.01722336,17.10484314,4.581566811,5.085940838,1.217145801,94.84431458,3.117754936,4.595785618,248.8164978,247.8028412,10.34117603,68.99488831,Spring,1
3/3/2032,10.11984348,17.23095703,4.654031754,5.106668949,1.213700414,94.84307098,3.115534782,4.591442585,248.9471893,247.8807678,10.45514107,68.82118225,Spring,1
3/4/2032,10.22267628,17.35731697,4.726839066,5.127350807,1.210616469,94.84145355,3.113459826,4.587308407,249.0650635,247.9491425,10.56940174,68.64681244,Spring,1
3/5/2032,10.32567024,17.48387718,4.799934387,5.14796257,1.207852364,94.83943939,3.111541986,4.583398342,249.1670837,248.0055542,10.68391418,68.47174072,Spring,1
3/6/2032,10.42879009,17.61059761,4.873271942,5.168485641,1.205363154,94.83699799,3.109792709,4.579726219,249.2502289,248.047699,10.79865837,68.29589844,Spring,1
3/7/2032,10.53200817,17.73745918,4.946819305,5.188907623,1.203102231,94.83410645,3.108220577,4.576303005,249.3115692,248.0733643,10.91361237,68.11922455,Spring,1
3/8/2032,10.63532352,17.86445999,5.020553589,5.209222794,1.201020718,94.83075714,3.106832027,4.573134899,249.3483429,248.080307,11.02878284,67.94165039,Spring,1
3/9/2032,10.73873329,17.99160194,5.094465256,5.229429722,1.199068546,94.82694244,3.105632067,4.570227146,249.3580627,248.0665436,11.14417648,67.76311493,Spring,1
3/10/2032,10.84225559,18.11889839,5.168556213,5.249534607,1.197195411,94.82263947,3.104622602,4.567580223,249.3382568,248.0301819,11.25981426,67.58354187,Spring,1
3/11/2032,10.94591618,18.24638367,5.242835045,5.269548416,1.195350766,94.81786346,3.103803396,4.565192223,249.2868805,247.9694824,11.37573051,67.40289307,Spring,1
3/12/2032,11.049757,18.37408638,5.317324638,5.289487362,1.19348526,94.81259918,3.103173256,4.563058853,249.2020264,247.8829498,11.49196053,67.22111511,Spring,1
3/13/2032,11.1538229,18.50205612,5.392053604,5.309373856,1.191549778,94.80686951,3.102728367,4.561172009,249.0820313,247.7691193,11.60855389,67.03816223,Spring,1
3/14/2032,11.25816917,18.63034439,5.467059135,5.3292346,1.189497948,94.80068207,3.102461815,4.559521675,248.9256134,247.6268921,11.72556305,66.85401917,Spring,1
3/15/2032,11.36285877,18.75899696,5.542388916,5.349100113,1.187284589,94.79405212,3.102367163,4.558095455,248.7317047,247.4553223,11.84305191,66.6686554,Spring,1
3/16/2032,11.4679575,18.88807869,5.618093491,5.36900568,1.184868455,94.78699493,3.102434397,4.55687809,248.4996033,247.2537231,11.9610796,66.48207855,Spring,1
3/17/2032,11.57353783,19.01765442,5.694232941,5.388989449,1.182210565,94.77954102,3.102653265,4.555851936,248.2288513,247.0215607,12.07971573,66.29429626,Spring,1
3/18/2032,11.67967129,19.14777565,5.77086544,5.409094334,1.17927599,94.77171326,3.103010893,4.554998398,247.9193726,246.7586212,12.19902325,66.10533142,Spring,1
3/19/2032,11.78643894,19.27850533,5.848058701,5.429363728,1.176034331,94.76354218,3.103493452,4.554296494,247.5713654,246.464859,12.31907368,65.91523743,Spring,1
3/20/2032,11.89391136,19.40989876,5.925883293,5.449843884,1.172458649,94.75506592,3.104086876,4.553723335,247.1853027,246.1405029,12.43993473,65.72406006,Spring,1
3/21/2032,12.00216675,19.54201698,6.004408836,5.470582962,1.168527365,94.746315,3.104774237,4.553255558,246.7620544,245.7860107,12.56166649,65.53189087,Spring,1
3/22/2032,12.11127281,19.67489815,6.083705902,5.491628647,1.164223552,94.73734283,3.105539799,4.552867889,246.3026886,245.4019928,12.68433857,65.33881378,Spring,1
3/23/2032,12.22130299,19.80858994,6.163844109,5.513030529,1.15953517,94.72817993,3.106364965,4.55253458,245.808609,244.9893646,12.80800056,65.14494324,Spring,1
3/24/2032,12.33231735,19.9431324,6.244896889,5.534836769,1.154455543,94.7188797,3.107232571,4.552228928,245.2814331,244.5491486,12.93270683,64.95040894,Spring,1
3/25/2032,12.44437599,20.07854271,6.326926231,5.557096004,1.148983479,94.70948029,3.108123302,4.551924706,244.7229919,244.0826111,13.05850983,64.75535583,Spring,1
3/26/2032,12.5575285,20.21484756,6.409998894,5.579854488,1.143122435,94.7000351,3.109018564,4.551594257,244.1354218,243.5911713,13.18544006,64.55992126,Spring,1
3/27/2032,12.67181969,20.35205841,6.494178772,5.603156567,1.136881709,94.69058228,3.109899282,4.55121088,243.5210419,243.0763397,13.31353474,64.36428833,Spring,1
3/28/2032,12.78728676,20.49016762,6.579518318,5.627045155,1.130275249,94.68118286,3.110746861,4.550746918,242.8822021,242.5398712,13.44281483,64.16864777,Spring,1
3/29/2032,12.90395641,20.62917328,6.666068077,5.65155983,1.123321652,94.67188263,3.11154151,4.550176144,242.2215118,241.98349,13.57329655,63.97317123,Spring,1
3/30/2032,13.02184963,20.7690506,6.753874779,5.676736355,1.11604476,94.66272736,3.112264872,4.549471378,241.5417175,241.4091339,13.70498657,63.77806473,Spring,1
3/31/2032,13.14097309,20.90977287,6.842977524,5.702609062,1.108472347,94.65376282,3.112899065,4.54860878,240.84552,240.8187561,13.83788395,63.58353806,Spring,1
4/1/2032,13.26132774,21.05130005,6.933413506,5.729206085,1.100636244,94.64503479,3.113425493,4.547562599,240.1357422,240.2142639,13.97197437,63.3897934,Spring,1
4/2/2032,13.38290787,21.19358826,7.025203705,5.75655365,1.092572093,94.63659668,3.11382699,4.546308994,239.4152374,239.5977325,14.10724258,63.19703674,Spring,1
4/3/2032,13.50569248,21.33657074,7.118370056,5.784671307,1.084318638,94.62848663,3.114087105,4.544826031,238.6868134,238.9710846,14.24365425,63.00548935,Spring,1
4/4/2032,13.62965488,21.48018646,7.212927818,5.813575745,1.075917125,94.6207428,3.114189625,4.543092251,237.9532013,238.33638,14.38117599,62.81534576,Spring,1
4/5/2032,13.75476265,21.62436485,7.308879852,5.843278885,1.067411661,94.61341095,3.114119053,4.541087151,237.2171021,237.6954651,14.51976681,62.62681961,Spring,1
4/6/2032,13.88097095,21.76902771,7.406228065,5.873786926,1.058847427,94.60652161,3.113861322,4.53879118,236.4811249,237.0501862,14.65937138,62.44009399,Spring,1
4/7/2032,14.00823212,21.91408539,7.504969597,5.905103683,1.050271511,94.60010529,3.113402605,4.536187172,235.7476807,236.402298,14.79993153,62.25535965,Spring,1
4/8/2032,14.13648605,22.05945206,7.605086327,5.937225342,1.041731,94.59420013,3.112730265,4.533259392,235.0190582,235.753479,14.94138813,62.07277298,Spring,1
4/9/2032,14.2656765,22.20503807,7.706560135,5.970146656,1.033273458,94.58883667,3.111832619,4.529993534,234.2974243,235.1051636,15.08366871,61.89249039,Spring,1
4/10/2032,14.39573383,22.35074806,7.809373856,6.003855228,1.024945855,94.58402252,3.110699177,4.526375294,233.5846252,234.4587402,15.2267065,61.71465683,Spring,1
4/11/2032,14.52658844,22.49648666,7.913495064,6.0383358,1.016793966,94.57978821,3.109319687,4.522393703,232.8823853,233.8154297,15.37042522,61.53937912,Spring,1
4/12/2032,14.6581707,22.64216423,8.018893242,6.073568344,1.008862257,94.57615662,3.107685328,4.518038273,232.1921387,233.1762695,15.51475048,61.36674881,Spring,1
4/13/2032,14.79040527,22.78769302,8.12553215,6.109530449,1.001192927,94.57312775,3.105788708,4.513299942,231.5150757,232.5421295,15.65960217,61.19684219,Spring,1
4/14/2032,14.92321873,22.9329834,8.233374596,6.146195889,0.993825376,94.57071686,3.103622198,4.508171558,230.8521576,231.9136505,15.8049078,61.02970123,Spring,1
4/15/2032,15.05654049,23.07795906,8.342383385,6.183534622,0.986796081,94.56893158,3.101180553,4.502646923,230.2040863,231.2913208,15.95059681,60.86534882,Spring,1
4/16/2032,15.19029713,23.22253799,8.452514648,6.221514702,0.980137646,94.56776428,3.098458052,4.496720791,229.5712128,230.675415,16.09659004,60.7037735,Spring,1
4/17/2032,15.32442379,23.36665916,8.563728333,6.260101795,0.973878801,94.5672226,3.095451117,4.490390301,228.9537506,230.0661316,16.24282265,60.54493713,Spring,1
4/18/2032,15.45885563,23.51026917,8.675984383,6.299258709,0.968043566,94.56729126,3.092156172,4.483652115,228.3515472,229.4633026,16.38923645,60.38876724,Spring,1
4/19/2032,15.59353352,23.65331459,8.789237022,6.33894825,0.962651491,94.56797791,3.088570356,4.476506233,227.7642212,228.866745,16.53576469,60.23517609,Spring,1
4/20/2032,15.72840977,23.79576111,8.903454781,6.37913084,0.957716823,94.56925201,3.084692717,4.468952656,227.1911774,228.2759705,16.68236542,60.08403778,Spring,1
4/21/2032,15.86343288,23.93758774,9.018595695,6.419768333,0.95324862,94.57110596,3.080521822,4.460990906,226.6315308,227.6904297,16.82898903,59.93518829,Spring,1
4/22/2032,15.99857235,24.07877922,9.134631157,6.460820198,0.949250281,94.57352448,3.076057673,4.452623367,226.0842896,227.1094208,16.9756031,59.78845215,Spring,1
4/23/2032,16.13379288,24.21934128,9.251524925,6.502245903,0.945719421,94.57647705,3.071300983,4.443854332,225.548111,226.5321045,17.12218285,59.64361572,Spring,1
4/24/2032,16.26908112,24.35928917,9.369252205,6.544008255,0.942648113,94.57995605,3.066253185,4.434685707,225.0215912,225.9574738,17.26870346,59.5004425,Spring,1
4/25/2032,16.40442276,24.4986515,9.487793922,6.586068153,0.940022469,94.58391571,3.06091547,4.425123215,224.5031586,225.3845062,17.41516495,59.35866928,Spring,1
4/26/2032,16.53981972,24.63747215,9.60712719,6.628388882,0.937823236,94.58834839,3.055291414,4.4151721,223.9910736,224.8120422,17.56156349,59.21801376,Spring,1
4/27/2032,16.67527962,24.77580833,9.727244377,6.670936108,0.936025202,94.59321594,3.04938364,4.404838562,223.4835358,224.2389679,17.70791435,59.07815933,Spring,1
4/28/2032,16.81081963,24.91373253,9.848134995,6.713675976,0.934597433,94.59848022,3.04319644,4.394129276,222.9786682,223.6640778,17.8542366,58.93878555,Spring,1
4/29/2032,16.94647408,25.05133247,9.969795227,6.756577492,0.933504343,94.60412598,3.036733866,4.383051872,222.4745178,223.0861359,18.00055695,58.79955292,Spring,1
4/30/2032,17.08227921,25.18869781,10.09222794,6.799611568,0.932704806,94.61010742,3.030001163,4.37161541,221.9692078,222.5040131,18.14692307,58.66010284,Spring,1
5/1/2032,17.21828079,25.3259449,10.2154398,6.842752457,0.932153463,94.61640167,3.023004293,4.359827995,221.4608154,221.9165649,18.29337883,58.52006531,Spring,1
5/2/2032,17.35453987,25.46319008,10.33944416,6.885974884,0.931800127,94.62296295,3.015748978,4.347700596,220.9474945,221.3227081,18.43998528,58.37905884,Spring,1
5/3/2032,17.49111557,25.60056496,10.46425629,6.929258823,0.931590855,94.62976837,3.008242369,4.335241795,220.4274445,220.7214966,18.58680725,58.23670578,Spring,1
5/4/2032,17.62808418,25.73820305,10.58989525,6.972585678,0.931468546,94.63677979,3.000492096,4.322464943,219.8991089,220.1120758,18.73391342,58.09262848,Spring,1
5/5/2032,17.7655201,25.87625504,10.7163868,7.015939236,0.931372702,94.64396667,2.992506504,4.309381008,219.3608856,219.4937592,18.8813839,57.94643784,Spring,1
5/6/2032,17.90351105,26.01486588,10.84375572,7.059305191,0.931240559,94.65129089,2.984293461,4.296002388,218.8114624,218.8659515,19.0293026,57.79775238,Spring,1
5/7/2032,18.04214287,26.15419388,10.97203255,7.102674007,0.931007206,94.65872955,2.975863457,4.282342434,218.2497559,218.228302,19.17775917,57.6462059,Spring,1
5/8/2032,18.1815033,26.29439354,11.10124874,7.146036148,0.930606663,94.66625214,2.967225552,4.268415451,217.6747894,217.5806122,19.32683754,57.49144363,Spring,1
5/9/2032,18.32169151,26.43562317,11.23143768,7.189383507,0.929971993,94.6738205,2.958390474,4.254236698,217.0858917,216.9228973,19.47663307,57.33310699,Spring,1
5/10/2032,18.46279335,26.57803535,11.36262798,7.232712746,0.92903626,94.68141174,2.949370384,4.239821434,216.4826508,216.2553864,19.62723541,57.17087555,Spring,1
5/11/2032,18.60490608,26.72178841,11.49485397,7.27602005,0.927732408,94.68901062,2.940176725,4.225187302,215.8648834,215.5786133,19.77873611,57.00443268,Spring,1
5/12/2032,18.74811745,26.86702347,11.62814522,7.319302082,0.925994992,94.69657898,2.930822134,4.210350513,215.2327423,214.8931732,19.93122673,56.83349609,Spring,1
5/13/2032,18.89251137,27.01388359,11.76253128,7.362558365,0.923759699,94.70409393,2.921319962,4.195330143,214.5866699,214.2000885,20.08478737,56.65780258,Spring,1
5/14/2032,19.03817368,27.16249657,11.89803314,7.405786991,0.920964658,94.71154022,2.911685228,4.180145741,213.9273529,213.5005035,20.23949814,56.47711945,Spring,1
5/15/2032,19.18517303,27.31299019,12.03467464,7.448987007,0.917550385,94.71890259,2.901931286,4.164816856,213.2558289,212.7958527,20.39543152,56.29123688,Spring,1
5/16/2032,19.33358383,27.46546555,12.17247105,7.492157936,0.91346091,94.72615814,2.892074585,4.149364948,212.5734253,212.0877991,20.55265617,56.0999794,Spring,1
5/17/2032,19.48345566,27.62001801,12.31143093,7.535295963,0.908643961,94.73329926,2.882130623,4.133811951,211.8817139,211.3782043,20.71122551,55.90320587,Spring,1
5/18/2032,19.63484383,27.77672958,12.45155811,7.578400135,0.903051376,94.74030304,2.872117043,4.118180752,211.1826172,210.6691589,20.87118721,55.70080948,Spring,1
5/19/2032,19.78777695,27.93566513,12.59285259,7.62146616,0.896639705,94.74716187,2.862050295,4.102494717,210.478302,209.9629669,21.03257561,55.49272156,Spring,1
5/20/2032,19.94228554,28.09686089,12.73529911,7.664485931,0.889370322,94.75387573,2.8519485,4.086778641,209.7711639,209.2621155,21.19541168,55.2788887,Spring,1
5/21/2032,20.09837723,28.26034737,12.87887478,7.70745182,0.881210327,94.76042175,2.841830015,4.071057796,209.0638275,208.5693054,21.35970879,55.05932999,Spring,1
5/22/2032,20.25604439,28.4261322,13.0235548,7.750353336,0.872132123,94.76680756,2.831714153,4.055357456,208.3591919,207.8872223,21.52546692,54.83406067,Spring,1
5/23/2032,20.41527176,28.59419823,13.16929722,7.793174744,0.862114549,94.77301788,2.821620226,4.0397048,207.6602783,207.2188416,21.69265747,54.60316086,Spring,1
5/24/2032,20.57602692,28.76450348,13.31605434,7.835902214,0.851141989,94.77906036,2.811567068,4.024126053,206.9702759,206.5671692,21.86125946,54.36673355,Spring,1
5/25/2032,20.73825645,28.93699455,13.46376514,7.878512859,0.839205265,94.78492737,2.801575422,4.008648872,206.292511,205.9353027,22.03121567,54.12491226,Spring,1
5/26/2032,20.90189743,29.11159515,13.61236095,7.920984268,0.826301694,94.7906189,2.791665077,3.993301392,205.6304169,205.3263092,22.20247078,53.87787247,Spring,1
5/27/2032,21.06686592,29.28820038,13.76175785,7.963288307,0.812434971,94.79614258,2.781855822,3.97811079,204.987442,204.7433472,22.37494087,53.62581635,Spring,1
5/28/2032,21.23306656,29.46668625,13.91187191,8.005393982,0.79761523,94.80149841,2.772168159,3.963105679,204.3670807,204.1894684,22.5485363,53.36898041,Spring,1
5/29/2032,21.400383,29.64691162,14.06259632,8.047266006,0.781858385,94.80667877,2.762622118,3.948313713,203.7728729,203.6677551,22.72314644,53.10761642,Spring,1
5/30/2032,21.56868744,29.82872009,14.21382236,8.08886528,0.765187144,94.81169891,2.753237009,3.933761597,203.2081757,203.1811676,22.89864731,52.84201431,Spring,1
5/31/2032,21.73784065,30.01191711,14.36542988,8.130150795,0.747629821,94.81655884,2.744032383,3.919477463,202.6763763,202.7325134,23.07490158,52.57247925,Spring,1
6/1/2032,21.90768242,30.19631195,14.51728916,8.171074867,0.729220748,94.82126617,2.735027313,3.905487061,202.1806946,202.3244781,23.25176239,52.29934692,Summer,2
6/2/2032,22.07804108,30.38168716,14.66925907,8.211587906,0.709999502,94.82582092,2.726239204,3.891816616,201.7241821,201.9595795,23.42906189,52.02295685,Summer,2
6/3/2032,22.24873734,30.56780815,14.82119846,8.251638412,0.690010846,94.83023071,2.717686653,3.878490448,201.3096924,201.6400452,23.60663033,51.74367905,Summer,2
6/4/2032,22.41957855,30.75442886,14.97295475,8.291168213,0.669304669,94.83450317,2.709385395,3.865532398,200.9398804,201.3679962,23.78428078,51.46189499,Summer,2
6/5/2032,22.59036064,30.94129562,15.1243639,8.330121994,0.647935033,94.83863068,2.701351404,3.852964878,200.6170807,201.1451569,23.96181679,51.17797089,Summer,2
6/6/2032,22.7608757,31.1281395,15.27526379,8.368436813,0.625960052,94.84263611,2.693598747,3.840807915,200.3433685,200.9730072,24.1390419,50.89230728,Summer,2
6/7/2032,22.93090248,31.31468773,15.42548847,8.406051636,0.603441417,94.84651184,2.686141014,3.829081535,200.1205292,200.8527527,24.31574631,50.6053009,Summer,2
6/8/2032,23.10022163,31.50065231,15.57486439,8.442905426,0.580443978,94.8502655,2.678989649,3.817802429,199.9499207,200.7852325,24.49171448,50.31735229,Summer,2
6/9/2032,23.26860619,31.68575478,15.72321796,8.47892952,0.557035327,94.85389709,2.672155142,3.806985855,199.8326416,200.7709045,24.66673088,50.02884674,Summer,2
6/10/2032,23.43582726,31.86970329,15.87038326,8.514063835,0.533285022,94.85741425,2.665646553,3.796644688,199.7693024,200.8098907,24.84057808,49.74018478,Summer,2
6/11/2032,23.60165596,32.05221558,16.01617813,8.548242569,0.50926435,94.86081696,2.659470081,3.786789894,199.7602081,200.9019928,25.01303673,49.45174408,Summer,2
6/12/2032,23.76587105,32.23300552,16.16043472,8.581403732,0.485045552,94.86410522,2.653631449,3.777429581,199.8051453,201.0465393,25.18388939,49.16390991,Summer,2
6/13/2032,23.92823982,32.41179276,16.30298615,8.613487244,0.460701823,94.86728668,2.648133993,3.768568993,199.9036102,201.242569,25.35291862,48.87703705,Summer,2
6/14/2032,24.08855247,32.58830643,16.44366837,8.644434929,0.436306298,94.8703537,2.642979145,3.760211468,200.0545959,201.4886169,25.51991653,48.59148407,Summer,2
6/15/2032,24.24658966,32.76228714,16.58231735,8.674190521,0.411932081,94.87330627,2.638166428,3.752357006,200.2566833,201.7829895,25.6846714,48.3075943,Summer,2
6/16/2032,24.40214729,32.93346786,16.71878815,8.702703476,0.387651086,94.87614441,2.633693218,3.745003223,200.5081177,202.1235199,25.84699249,48.02568436,Summer,2
6/17/2032,24.55503273,33.10162354,16.85292816,8.729927063,0.363534063,94.87887573,2.629554749,3.738143921,200.8067017,202.5077362,26.00669289,47.74607086,Summer,2
6/18/2032,24.70505714,33.26651764,16.9846077,8.755817413,0.33965078,94.88148499,2.625745058,3.731770992,201.149765,202.9328003,26.16358185,47.46903229,Summer,2
6/19/2032,24.85204697,33.42794037,17.11370087,8.780338287,0.316068113,94.8839798,2.62225461,3.725873947,201.5344391,203.3955841,26.31749725,47.19485474,Summer,2
6/20/2032,24.99584579,33.58569336,17.2400856,8.803461075,0.29285121,94.88635254,2.619073629,3.720437527,201.9574127,203.8926086,26.46827507,46.92378616,Summer,2
6/21/2032,25.13630295,33.73960495,17.36366272,8.82516098,0.270062238,94.88859558,2.61618948,3.715445518,202.4150848,204.4201508,26.61577797,46.65606689,Summer,2
6/22/2032,25.27328491,33.88951492,17.48432922,8.845421791,0.247760415,94.89071655,2.613587618,3.710877895,202.9035339,204.9743042,26.75986862,46.391922,Summer,2
6/23/2032,25.40668106,34.03528595,17.60201263,8.864233971,0.226002023,94.89270782,2.611251831,3.706712246,203.4186707,205.5508728,26.90043449,46.13156128,Summer,2
6/24/2032,25.53638458,34.17679596,17.71663666,8.881596565,0.204839811,94.89456177,2.609164238,3.702924728,203.9561005,206.1454773,27.03736877,45.87516785,Summer,2
6/25/2032,25.66231537,34.31394958,17.82815552,8.897518158,0.18432267,94.89627075,2.607306004,3.699487209,204.5112762,206.7536316,27.17058945,45.62291718,Summer,2
6/26/2032,25.78440475,34.4466629,17.93651962,8.9120121,0.164496377,94.89785004,2.605655193,3.696371555,205.0795593,207.3707428,27.30001068,45.37498093,Summer,2
6/27/2032,25.90259743,34.57489014,18.04169464,8.925106049,0.145402685,94.89927673,2.604190826,3.693545818,205.6561432,207.9921875,27.42558289,45.1315155,Summer,2
6/28/2032,26.01685715,34.6985817,18.14367294,8.936830521,0.127079606,94.90055847,2.602888584,3.69097805,206.2362671,208.613266,27.54726219,44.89264679,Summer,2
6/29/2032,26.12716103,34.81772614,18.24244308,8.947229385,0.109561257,94.90169525,2.601725101,3.688633442,206.8150482,209.2292786,27.66501236,44.65853119,Summer,2
6/30/2032,26.23351479,34.93231964,18.33801651,8.956354141,0.09287823,94.90267181,2.600674868,3.686476231,207.3877411,209.8356628,27.77882576,44.4292984,Summer,2
7/1/2032,26.33591652,35.04237747,18.43040848,8.964263916,0.077057235,94.90350342,2.599712372,3.68447113,207.9496155,210.4279022,27.88869095,44.20507813,Summer,2
7/2/2032,26.43439102,35.14794159,18.51965714,8.971024513,0.062121719,94.9041748,2.598812342,3.682580471,208.4961243,211.0016174,27.99461937,43.98600006,Summer,2
7/3/2032,26.52897453,35.24904633,18.60579681,8.976715088,0.048091654,94.9046936,2.597948074,3.680766582,209.0228424,211.5526733,28.0966301,43.77220917,Summer,2
7/4/2032,26.61971664,35.34576416,18.68887711,8.981416702,0.034983791,94.90506744,2.597094059,3.678992748,209.5256195,212.0770569,28.19474983,43.56383514,Summer,2
7/5/2032,26.70666504,35.43817139,18.76896286,8.985221863,0.022811806,94.90528107,2.596224308,3.677221298,210.0005188,212.5710907,28.28902626,43.36102676,Summer,2
7/6/2032,26.78989029,35.52633667,18.84611511,8.988227844,0.011586506,94.90534973,2.595314026,3.67541647,210.4439087,213.0313721,28.37949562,43.16394806,Summer,2
7/7/2032,26.86946487,35.61036301,18.92040634,8.990538597,0.001316357,94.90528107,2.594338417,3.673542023,210.8525238,213.4548492,28.46621323,42.97275925,Summer,2
7/8/2032,26.945467,35.69034195,18.99191666,8.992261887,-0.007992635,94.90505981,2.593274832,3.671563625,211.2233887,213.8387451,28.5492363,42.78764343,Summer,2
7/9/2032,27.01797104,35.7663765,19.06072617,8.993513107,-0.016336523,94.90471649,2.592100382,3.669449329,211.5539856,214.1806946,28.62862587,42.6088028,Summer,2
7/10/2032,27.08707047,35.83856583,19.12691116,8.9944067,-0.023712963,94.90423584,2.590794086,3.667167664,211.8421631,214.4788055,28.70444107,42.43645096,Summer,2
7/11/2032,27.15283775,35.90701675,19.19056702,8.995065689,-0.030121209,94.90363312,2.589337587,3.664690018,212.0863037,214.7315521,28.77674484,42.27083206,Summer,2
7/12/2032,27.21536636,35.97182465,19.2517662,8.995611191,-0.035562009,94.90292358,2.587712526,3.661990643,212.2851715,214.9378204,28.84559441,42.11219788,Summer,2
7/13/2032,27.2747345,36.03308868,19.31060028,8.996166229,-0.040036332,94.90210724,2.585904121,3.659045219,212.4380035,215.0970001,28.91105461,41.96082687,Summer,2
7/14/2032,27.33101463,36.09089661,19.36714172,8.996856689,-0.043547321,94.90119171,2.583898067,3.655834198,212.5445709,215.2089386,28.97317123,41.8170166,Summer,2
7/15/2032,27.38427544,36.14532089,19.42146683,8.997802734,-0.046096757,94.90019226,2.581684113,3.652338982,212.6051025,215.27388,29.03199005,41.68109512,Summer,2
7/16/2032,27.43458366,36.19644547,19.47364807,8.999124527,-0.047688406,94.89911652,2.57925272,3.648545742,212.6202698,215.2926331,29.08755302,41.55340195,Summer,2
7/17/2032,27.48198891,36.24432373,19.52373886,9.00094223,-0.048324738,94.89797974,2.576597929,3.644443989,212.5912781,215.2663269,29.13989449,41.43430328,Summer,2
7/18/2032,27.52653694,36.28899765,19.57180023,9.003369331,-0.048009347,94.89678955,2.573715448,3.640027046,212.5198517,215.1966553,29.1890316,41.32418442,Summer,2
7/19/2032,27.5682621,36.33049774,19.61787415,9.006513596,-0.046744525,94.89556122,2.570604801,3.635290623,212.40802,215.0856781,29.23498154,41.22345734,Summer,2
7/20/2032,27.60717773,36.36884689,19.66199493,9.010480881,-0.044533018,94.89431,2.567266464,3.630236149,212.2583923,214.9358978,29.27773285,41.13254547,Summer,2
7/21/2032,27.64329147,36.40403748,19.7041893,9.015363693,-0.041376654,94.89303589,2.563705444,3.624867916,212.0739441,214.7501984,29.31728745,41.05188751,Summer,2
7/22/2032,27.67660522,36.43605423,19.7444725,9.021255493,-0.037276749,94.89176941,2.559927702,3.619194031,211.8579712,214.5317688,29.35360718,40.98195267,Summer,2
7/23/2032,27.70708656,36.46485519,19.78283691,9.028234482,-0.032234851,94.89050293,2.555943251,3.613226414,211.6142273,214.2842407,29.38665962,40.92318726,Summer,2
7/24/2032,27.73470306,36.49039459,19.81927872,9.036371231,-0.026250727,94.88925934,2.551763535,3.606980324,211.3467102,214.0114441,29.41639519,40.87608337,Summer,2
7/25/2032,27.75940895,36.51259995,19.85376358,9.045728683,-0.019324781,94.88805389,2.54740262,3.600475311,211.0597076,213.717514,29.44274521,40.84111786,Summer,2
7/26/2032,27.78112984,36.53137589,19.88626099,9.056357384,-0.011456437,94.8868866,2.542877674,3.593734741,210.7577362,213.4068451,29.4656353,40.81877899,Summer,2
7/27/2032,27.79979897,36.5466156,19.91672134,9.068296432,-0.002644898,94.88578033,2.538207054,3.586783886,210.4455872,213.0839386,29.484972,40.80953217,Summer,2
7/28/2032,27.81530571,36.55819702,19.94507599,9.081573486,0.007110469,94.88473511,2.533411741,3.579652309,210.1280518,212.7535095,29.50065422,40.81386566,Summer,2
7/29/2032,27.82755852,36.56598282,19.97125626,9.096206665,0.017810747,94.88376617,2.528514862,3.572372437,209.8101349,212.4203033,29.51256752,40.83223724,Summer,2
7/30/2032,27.83643341,36.56982422,19.99517059,9.112197876,0.029456453,94.88287354,2.523540497,3.564978123,209.4968262,212.0891876,29.5205822,40.86510468,Summer,2
7/31/2032,27.84179688,36.56954193,20.01671982,9.12953949,0.042047989,94.88208008,2.518514156,3.557507038,209.193161,211.7649841,29.52456856,40.9128952,Summer,2
8/1/2032,27.84351349,36.56497192,20.03580093,9.148209572,0.055584777,94.88137817,2.513463259,3.549997807,208.904068,211.4524536,29.52437973,40.97601318,Summer,2
8/2/2032,27.84143257,36.55592346,20.05229568,9.168175697,0.070065796,94.88078308,2.508416414,3.542491436,208.6344299,211.156311,29.51986885,41.05484009,Summer,2
8/3/2032,27.83540154,36.542202,20.06606674,9.189391136,0.08548829,94.8802948,2.503401518,3.535028934,208.3889771,210.8811493,29.51087952,41.14972305,Summer,2
8/4/2032,27.82526016,36.52360916,20.07699585,9.211797714,0.10184861,94.87992096,2.498448849,3.527654171,208.1721344,210.6313477,29.49725342,41.26096725,Summer,2
8/5/2032,27.81084061,36.49995041,20.08493805,9.23532486,0.119140916,94.87965393,2.493586779,3.520409584,207.9882355,210.411087,29.47882652,41.38885117,Summer,2
8/6/2032,27.79198265,36.4710083,20.08974838,9.25989151,0.137357816,94.87950897,2.488845587,3.513339996,207.8412781,210.2242584,29.45544243,41.53358078,Summer,2
8/7/2032,27.76851654,36.43659592,20.09128189,9.285406113,0.156489164,94.87947845,2.484253645,3.506486893,207.7348328,210.0744781,29.4269352,41.69533539,Summer,2
8/8/2032,27.74028397,36.39651108,20.0893898,9.311764717,0.176522627,94.87956238,2.479839802,3.499893665,207.6722412,209.9649963,29.39314461,41.87423325,Summer,2
8/9/2032,27.70712471,36.35057449,20.08393097,9.338855743,0.197442666,94.87976074,2.475630999,3.493601799,207.6564026,209.8987732,29.35393143,42.07033157,Summer,2
8/10/2032,27.66888809,36.29860687,20.07475662,9.366556168,0.219231024,94.88006592,2.471653938,3.487651825,207.689743,209.8782654,29.30914497,42.283638,Summer,2
8/11/2032,27.62543106,36.24043274,20.06172562,9.394737244,0.241865918,94.88047791,2.467933416,3.48208189,207.7742462,209.9055634,29.25865173,42.51407623,Summer,2
8/12/2032,27.57662392,36.17591095,20.04470062,9.423262596,0.265322119,94.8809967,2.464492798,3.476927757,207.911499,209.9823608,29.20232582,42.76153564,Summer,2
8/13/2032,27.52235222,36.10490799,20.02355957,9.451990128,0.289570391,94.88160706,2.461352348,3.472223282,208.1024628,210.1098175,29.14006805,43.02580261,Summer,2
8/14/2032,27.46250343,36.0273056,19.99817657,9.480770111,0.314578205,94.88230896,2.458532095,3.467998981,208.347702,210.28862,29.07177734,43.30662918,Summer,2
8/15/2032,27.39699745,35.94301605,19.96844482,9.509450912,0.340308368,94.88310242,2.456048727,3.46428299,208.6472015,210.519043,28.99737358,43.60366821,Summer,2
8/16/2032,27.3257618,35.85197067,19.93426132,9.537877083,0.366719961,94.88396454,2.453916073,3.461099625,209.000473,210.8008118,28.91680336,43.91652679,Summer,2
8/17/2032,27.24875069,35.75413132,19.89554977,9.56589222,0.393768072,94.88490295,2.452146292,3.458469391,209.4064636,211.133194,28.83002281,44.24472046,Summer,2
8/18/2032,27.16593552,35.6494751,19.85223389,9.593338013,0.421403229,94.8859024,2.45074749,3.456408978,209.863678,211.5150299,28.73701668,44.58770752,Summer,2
8/19/2032,27.07731247,35.53802109,19.80426025,9.620054245,0.449572176,94.88695526,2.449726343,3.454931259,210.3700867,211.9445953,28.63779068,44.94488907,Summer,2
8/20/2032,26.98290062,35.41980743,19.75159073,9.645887375,0.478217572,94.88805389,2.449085236,3.454044819,210.9232025,212.4197693,28.53236771,45.31558228,Summer,2
8/21/2032,26.88274384,35.29491806,19.69420624,9.670681953,0.507278144,94.88919067,2.448824644,3.453753948,211.5200806,212.9380188,28.42079926,45.69903564,Summer,2
8/22/2032,26.77690887,35.16345215,19.6321106,9.694288254,0.536688924,94.89035797,2.448940992,3.454059601,212.1573181,213.4963837,28.30316544,46.0944519,Summer,2
8/23/2032,26.6654911,35.02554703,19.56531143,9.71655941,0.566381276,94.89154816,2.449428558,3.454957008,212.8311768,214.0915222,28.1795578,46.50098419,Summer,2
8/24/2032,26.54860878,34.88136673,19.49385452,9.737356186,0.596283555,94.8927536,2.450278282,3.456437588,213.5375519,214.7197418,28.05010605,46.91769409,Summer,2
8/25/2032,26.42640877,34.73112106,19.41779327,9.756544113,0.626320958,94.89396667,2.451478243,3.458489418,214.2719879,215.3770447,27.91496086,47.34364319,Summer,2
8/26/2032,26.29905891,34.5750351,19.33720398,9.773996353,0.656415939,94.89518738,2.453013897,3.46109581,215.0297394,216.0591431,27.77429008,47.77780533,Summer,2
8/27/2032,26.16675568,34.41336441,19.25218201,9.789595604,0.686489046,94.89640045,2.454867125,3.464236259,215.8059235,216.7615662,27.62829781,48.21914673,Summer,2
8/28/2032,26.02971458,34.24639893,19.16284561,9.803232193,0.716458559,94.8976059,2.457019091,3.467886448,216.5953522,217.4795685,27.47719765,48.66658401,Summer,2
8/29/2032,25.88817215,34.07445908,19.06932831,9.814805984,0.746241748,94.89880371,2.459446907,3.472018242,217.3927612,218.208313,27.32122803,49.11900711,Summer,2
8/30/2032,25.74239731,33.89787674,18.97178268,9.824230194,0.775754511,94.89997864,2.462126732,3.476601601,218.1928253,218.9428558,27.16065979,49.57529449,Summer,2
8/31/2032,25.59266853,33.71702194,18.8703804,9.831420898,0.804912925,94.90113831,2.465031862,3.481602192,218.9901733,219.6781616,26.99575996,50.03430176,Summer,2
9/1/2032,25.43927956,33.53226852,18.76530457,9.836315155,0.833632588,94.90228271,2.46813488,3.48698473,219.7793884,220.4092712,26.82683372,50.49487305,Autumn,3
9/2/2032,25.28255081,33.34402084,18.65675735,9.838851929,0.861829638,94.90339661,2.471406937,3.492709637,220.555191,221.1311951,26.65419197,50.95586777,Autumn,3
9/3/2032,25.12280464,33.15269852,18.54496002,9.838988304,0.889421999,94.90449524,2.474817276,3.498737335,221.3124542,221.8390198,26.47815323,51.41613007,Autumn,3
9/4/2032,24.96038055,32.95872116,18.43012619,9.836691856,0.916328669,94.90557861,2.478335381,3.505025864,222.0461273,222.5280304,26.29905891,51.87454224,Autumn,3
9/5/2032,24.79563141,32.7625351,18.31250763,9.831939697,0.942471325,94.9066391,2.481929541,3.511532784,222.7514343,223.1936951,26.11725235,52.32998276,Autumn,3
9/6/2032,24.62890053,32.56457901,18.19233704,9.824720383,0.967774272,94.90768433,2.485569,3.518215179,223.4238892,223.831604,25.93307877,52.7813797,Autumn,3
9/7/2032,24.46055603,32.36529922,18.06987,9.815034866,0.99216491,94.90871429,2.489221334,3.525028706,224.0592957,224.4377289,25.74689674,53.22767639,Autumn,3
9/8/2032,24.29094315,32.16513443,17.94536591,9.802894592,1.015574932,94.90973663,2.492856741,3.531931877,224.6537628,225.0082855,25.55905151,53.6678772,Autumn,3
9/9/2032,24.12042618,31.96452904,17.81908417,9.788323402,1.037940025,94.91075134,2.496444941,3.538881779,225.2039032,225.5398712,25.36990166,54.10101318,Autumn,3
9/10/2032,23.94935226,31.76391029,17.69128036,9.771352768,1.059201479,94.91177368,2.499957323,3.545838356,225.7065887,226.0294495,25.1797924,54.52618027,Autumn,3
9/11/2032,23.77806282,31.56369591,17.56221771,9.752023697,1.079304576,94.91279602,2.50336647,3.552762032,226.159317,226.4743042,24.98905945,54.94253922,Autumn,3
9/12/2032,23.60689163,31.36429405,17.43214417,9.730388641,1.098201513,94.91382599,2.506647348,3.559616089,226.5599518,226.8722382,24.79803658,55.34930038,Autumn,3
9/13/2032,23.43614769,31.16609001,17.30131149,9.706504822,1.115849733,94.91487122,2.509776115,3.566365719,226.9068909,227.2215118,24.60704041,55.74575043,Autumn,3
9/14/2032,23.26614571,30.96944427,17.16996002,9.680441856,1.132213712,94.91593933,2.512731791,3.572980404,227.1990204,227.5207977,24.41637039,56.13125229,Autumn,3
9/15/2032,23.09715843,30.77469444,17.03831482,9.652270317,1.147264242,94.91703796,2.515496492,3.579431534,227.4358215,227.7692719,24.22631264,56.50524521,Autumn,3
9/16/2032,22.92945099,30.58215714,16.90660095,9.622070313,1.160979033,94.91816711,2.518054008,3.585694313,227.6171875,227.9665833,24.03712845,56.86725235,Autumn,3
9/17/2032,22.76325798,30.39211082,16.77501678,9.589927673,1.173343182,94.91932678,2.520392418,3.591748238,227.7436523,228.112854,23.84906769,57.21686935,Autumn,3
9/18/2032,22.59879875,30.20480537,16.64375305,9.555929184,1.184348822,94.92053223,2.522501469,3.597577095,227.8162384,228.2087555,23.66234589,57.55379105,Autumn,3
9/19/2032,22.43625641,30.02044868,16.51298141,9.520168304,1.193995357,94.92178345,2.524375916,3.603168011,227.8364868,228.2553711,23.47715569,57.87779617,Autumn,3
9/20/2032,22.27578735,29.83922386,16.38285446,9.482738495,1.202289701,94.92308044,2.526012659,3.608514309,227.8064117,228.254303,23.29366684,58.18873978,Autumn,3
9/21/2032,22.11751938,29.66126633,16.25349808,9.44373703,1.209245801,94.92442322,2.52741313,3.613612652,227.7285156,228.2075653,23.11202049,58.48657608,Autumn,3
9/22/2032,21.96154404,29.48668098,16.12503433,9.40325737,1.214885116,94.9258194,2.528581381,3.618465424,227.6058197,228.1176605,22.93232346,58.77134323,Autumn,3
9/23/2032,21.80792999,29.31552124,15.99754429,9.36139679,1.219235539,94.92726898,2.529525518,3.623078823,227.4416656,227.9873962,22.75465584,59.04315948,Autumn,3
9/24/2032,21.65670776,29.14780998,15.87110043,9.318252563,1.222332716,94.92876434,2.53025794,3.627464294,227.2398682,227.8200989,22.57907104,59.30224228,Autumn,3
9/25/2032,21.50787544,28.98352432,15.74573612,9.273915291,1.224217772,94.93031311,2.53079319,3.63163805,227.0045929,227.6193695,22.40558815,59.54887772,Autumn,3
9/26/2032,21.3613987,28.8225975,15.62147999,9.228476524,1.224938273,94.93190002,2.531150103,3.635621548,226.7403107,227.3891144,22.23419571,59.78342819,Autumn,3
9/27/2032,21.21720886,28.66493034,15.4983263,9.182024002,1.22454834,94.93353271,2.531350613,3.63944006,226.4517365,227.1335297,22.06485367,60.00634003,Autumn,3
9/28/2032,21.07521248,28.51038361,15.37624264,9.13463974,1.223106623,94.93519592,2.531419754,3.64312315,226.1438599,226.8570709,21.89748955,60.21812439,Autumn,3
9/29/2032,20.93527794,28.35877419,15.25518703,9.086402893,1.22067678,94.93688965,2.531385422,3.646704197,225.8218384,226.5644073,21.73200798,60.4193573,Autumn,3
9/30/2032,20.79724503,28.20989418,15.13507748,9.037387848,1.217327356,94.93859863,2.531278849,3.650221348,225.4909515,226.2602539,21.56827927,60.610672,Autumn,3
10/1/2032,20.66093445,28.06348419,15.01582432,8.987663269,1.213130236,94.94031525,2.53113246,3.653714657,225.1565552,225.9495544,21.40616035,60.79277039,Autumn,3
10/2/2032,20.52612877,27.91927338,14.8973074,8.937290192,1.208160877,94.94203186,2.530982256,3.657228947,224.8240662,225.6372375,21.24546432,60.9663887,Autumn,3
10/3/2032,20.39259529,27.77694893,14.77939701,8.886327744,1.202497363,94.94374084,2.530864954,3.660810471,224.4988098,225.3283081,21.08600044,61.13230515,Autumn,3
10/4/2032,20.26007652,27.63617516,14.66193867,8.834823608,1.196219563,94.94541931,2.530819416,3.664508343,224.1861267,225.0276642,20.92754936,61.29133606,Autumn,3
10/5/2032,20.12829781,27.49659729,14.54476643,8.782821655,1.189409256,94.947052,2.530886412,3.668372154,223.8911743,224.7401276,20.76987267,61.44432831,Autumn,3
10/6/2032,19.99696732,27.35783386,14.42768955,8.730362892,1.182148576,94.94863892,2.531105757,3.672455311,223.6189423,224.470459,20.6127224,61.59214783,Autumn,3
10/7/2032,19.86577415,27.21949577,14.31051731,8.677476883,1.174520135,94.95014954,2.531519413,3.676808834,223.3742676,224.223175,20.45583153,61.73567581,Autumn,3
10/8/2032,19.73441124,27.08118057,14.1930418,8.624187469,1.166605592,94.95157623,2.532168388,3.68148613,223.1615601,224.002655,20.29892921,61.87579727,Autumn,3
10/9/2032,19.60255051,26.94247246,14.0750494,8.570516586,1.158486009,94.95290375,2.533093929,3.686540127,222.9851074,223.8129425,20.14173317,62.0133934,Autumn,3
10/10/2032,19.4698658,26.80295181,13.95631886,8.516475677,1.150240302,94.95410919,2.534336329,3.692022324,222.8487701,223.6578522,19.9839592,62.14934921,Autumn,3
10/11/2032,19.33602905,26.66220856,13.8366251,8.462076187,1.141945362,94.95517731,2.535934687,3.697982788,222.7559814,223.5408478,19.8253231,62.28452301,Autumn,3
10/12/2032,19.20071602,26.51982307,13.71574497,8.407320023,1.13367486,94.95609283,2.537926912,3.704470158,222.7098236,223.4650269,19.6655407,62.41975784,Autumn,3
10/13/2032,19.06361198,26.37539673,13.5934515,8.352207184,1.125499129,94.95684814,2.540349245,3.711530685,222.7129669,223.4331512,19.5043354,62.55585861,Autumn,3
10/14/2032,18.92440605,26.2285347,13.46952724,8.296733856,1.117484808,94.95741272,2.543234587,3.719207287,222.7675018,223.4475098,19.34143639,62.69361496,Autumn,3
10/15/2032,18.78279686,26.07886314,13.34376049,8.240894318,1.109693885,94.95778656,2.546614647,3.727540016,222.8751373,223.5099945,19.17658424,62.83375931,Autumn,3
10/16/2032,18.63851166,25.92602348,13.21594143,8.18467617,1.1021837,94.95794678,2.550517559,3.736564159,223.0371094,223.6220703,19.00953865,62.9769783,Autumn,3
10/17/2032,18.49128342,25.76968193,13.08587742,8.128068924,1.095006466,94.95788574,2.554968119,3.746312618,223.2540283,223.7847137,18.84007072,63.12393188,Autumn,3
10/18/2032,18.34087372,25.60953712,12.95338726,8.071060181,1.088208914,94.9575882,2.559987783,3.756810665,223.5260925,223.9984894,18.66796684,63.27518463,Autumn,3
10/19/2032,18.18706894,25.4453125,12.81830883,8.013635635,1.081831932,94.95704651,2.565593958,3.768081665,223.8529816,224.263443,18.49305153,63.4312706,Autumn,3
10/20/2032,18.02967644,25.2767601,12.68049335,7.955784798,1.075910807,94.95626068,2.571801186,3.78014183,224.2338562,224.5791626,18.31515503,63.59265518,Autumn,3
10/21/2032,17.8685379,25.10367775,12.53980923,7.897492886,1.070474863,94.95521545,2.578617573,3.793001652,224.6673431,224.9448242,18.13414383,63.75974274,Autumn,3
10/22/2032,17.70352745,24.92589569,12.39615154,7.838750839,1.065546632,94.95391846,2.586049557,3.806666851,225.1517029,225.3591309,17.94991112,63.93284607,Autumn,3
10/23/2032,17.5345459,24.74328613,12.24943829,7.779549122,1.061143637,94.95235443,2.594096899,3.821136951,225.6846771,225.8203735,17.76237488,64.11223602,Autumn,3
10/24/2032,17.36153412,24.55575943,12.09960651,7.719882965,1.057276487,94.95053864,2.602756023,3.836403847,226.2635345,226.3263855,17.57149506,64.2980957,Autumn,3
10/25/2032,17.1844635,24.36327362,11.94662094,7.659751415,1.05395031,94.94846344,2.612018585,3.852455139,226.8852234,226.8746185,17.37724876,64.49055481,Autumn,3
10/26/2032,17.00334358,24.16583061,11.79047585,7.599155426,1.051164269,94.94613647,2.621871233,3.869271278,227.5463257,227.4622498,17.17965698,64.68965149,Autumn,3
10/27/2032,16.81822586,23.96347237,11.63118458,7.538101673,1.048912168,94.94358063,2.632296562,3.886826038,228.242981,228.0860596,16.9787693,64.89535522,Autumn,3
10/28/2032,16.62919044,23.75628853,11.46879387,7.476602554,1.047182202,94.94078827,2.643271923,3.905088902,228.9711609,228.7424927,16.77466774,65.10757446,Autumn,3
10/29/2032,16.43636131,23.54441071,11.30337906,7.414675713,1.045958042,94.93778992,2.654771328,3.924021721,229.726532,229.4277802,16.56747246,65.32616425,Autumn,3
10/30/2032,16.23988914,23.3280201,11.13503551,7.352344036,1.045218468,94.9345932,2.666763544,3.943581581,230.5045166,230.1378937,16.35732841,65.55088043,Autumn,3
10/31/2032,16.0399704,23.10733414,10.9638958,7.289635658,1.044938326,94.93122101,2.679214001,3.963718891,231.3004456,230.8686829,16.14441681,65.78144073,Autumn,3
11/1/2032,15.83683109,22.88261414,10.79010868,7.226585865,1.04508853,94.92769623,2.692084074,3.984381199,232.1094971,231.6157837,15.92895222,66.01750183,Autumn,3
11/2/2032,15.63073063,22.65416145,10.61385632,7.163236618,1.04563725,94.92404175,2.705331564,4.005508423,232.9267578,232.3747711,15.71116924,66.25865173,Autumn,3
11/3/2032,15.42195797,22.4223156,10.43534279,7.099635601,1.046549082,94.92028809,2.718910694,4.027038097,233.7472992,233.141098,15.49134541,66.5044632,Autumn,3
11/4/2032,15.21083355,22.1874485,10.25479603,7.035836697,1.047787547,94.91645813,2.732773542,4.048903465,234.5662689,233.9102478,15.26976681,66.75442505,Autumn,3
11/5/2032,14.99770641,21.94996262,10.07246685,6.971899986,1.049313426,94.91259003,2.746869326,4.071033955,235.3788147,234.6777649,15.04675961,67.00801086,Autumn,3
11/6/2032,14.78294277,21.71029282,9.888625145,6.90789175,1.05108726,94.90870667,2.761144161,4.093355656,236.1802368,235.4391327,14.82265949,67.26462555,Autumn,3
11/7/2032,14.56693935,21.4689045,9.703559875,6.843883991,1.053068757,94.90485382,2.775543928,4.115792751,236.9660187,236.190094,14.597826,67.52368164,Autumn,3
11/8/2032,14.35010624,21.22627449,9.517576218,6.779953003,1.055217743,94.90106964,2.790011644,4.138267994,237.7318268,236.9264069,14.3726368,67.78456116,Autumn,3
11/9/2032,14.13286781,20.98290253,9.33099556,6.716181278,1.057494402,94.89737701,2.804490566,4.160701275,238.473526,237.6441193,14.14748096,68.0466156,Autumn,3
11/10/2032,13.91566658,20.73930931,9.144153595,6.652655125,1.059860349,94.89382172,2.818922043,4.183014393,239.1873322,238.339447,13.92276001,68.30917358,Autumn,3
11/11/2032,13.69894791,20.49601746,8.957386017,6.589464664,1.062278867,94.89044189,2.833249092,4.205126762,239.869751,239.0088196,13.69887924,68.57159424,Autumn,3
11/12/2032,13.48316669,20.25356293,8.771045685,6.526703358,1.064715147,94.88726807,2.847413301,4.226959229,240.5176086,239.6490021,13.47625256,68.83319092,Autumn,3
11/13/2032,13.26877975,20.01247787,8.585486412,6.464467049,1.067137122,94.88435364,2.861358881,4.248434067,241.1280823,240.2570801,13.25529575,69.0933075,Autumn,3
11/14/2032,13.05624104,19.77329636,8.401064873,6.402852535,1.069515705,94.8817215,2.875029087,4.26947403,241.6988678,240.8304291,13.03642178,69.35129547,Autumn,3
11/15/2032,12.84600258,19.53655052,8.21813488,6.341959,1.071825266,94.87941742,2.888371229,4.290006638,242.2279205,241.3668365,12.82003403,69.60651398,Autumn,3
11/16/2032,12.63849831,19.30275536,8.037051201,6.281887054,1.074044108,94.87747192,2.901333094,4.309959888,242.7136993,241.8643799,12.606534,69.85835266,Autumn,3
11/17/2032,12.434165,19.07241631,7.858156204,6.222733498,1.076153994,94.87591553,2.913865328,4.329266548,243.1550903,242.3215485,12.39631557,70.10620117,Autumn,3
11/18/2032,12.23341465,18.84602165,7.681791306,6.164596558,1.078141809,94.87478638,2.925921917,4.347863674,243.5513763,242.7372589,12.18974781,70.34951019,Autumn,3
11/19/2032,12.03664207,18.62403679,7.508280754,6.107571602,1.079998136,94.87411499,2.937459469,4.365692139,243.9023438,243.1107941,11.98719311,70.5877533,Autumn,3
11/20/2032,11.84422684,18.40690804,7.33794117,6.05175066,1.081718445,94.87392426,2.948439121,4.382697582,244.2081909,243.4418793,11.78898907,70.82041931,Autumn,3
11/21/2032,11.65651989,18.19504547,7.171067238,5.9972229,1.083303094,94.87424469,2.958823919,4.398831367,244.4695129,243.7304993,11.59545422,71.04705811,Autumn,3
11/22/2032,11.47384548,17.98883629,7.0079422,5.94407177,1.08475709,94.87508392,2.968584061,4.414051056,244.6873627,243.9771881,11.4068861,71.26725769,Autumn,3
11/23/2032,11.29650307,17.78863144,6.848823547,5.8923769,1.086089373,94.8764801,2.977691174,4.428320408,244.8631744,244.1827545,11.22354984,71.48065186,Autumn,3
11/24/2032,11.12475872,17.59474373,6.69395256,5.8422122,1.087314487,94.8784256,2.986123085,4.441607475,244.9987335,244.3483887,11.04568768,71.68692017,Autumn,3
11/25/2032,10.95884895,17.40745163,6.543544769,5.793643951,1.08845067,94.8809433,2.993862629,4.45388937,245.0961914,244.475647,10.87350941,71.88577271,Autumn,3
11/26/2032,10.79897022,17.22699738,6.397790909,5.746730804,1.089520693,94.88404083,3.000895977,4.465149403,245.1580963,244.5663452,10.70719624,72.07701111,Autumn,3
11/27/2032,10.64529514,17.05357742,6.256857872,5.701526642,1.09055078,94.8877182,3.007215977,4.475376606,245.187149,244.6226959,10.54690266,72.26042938,Autumn,3
11/28/2032,10.49794674,16.88735199,6.120882988,5.658073902,1.091571212,94.89196777,3.01281929,4.484568119,245.1864319,244.6470795,10.39274311,72.43592072,Autumn,3
11/29/2032,10.35702419,16.72843361,5.989976883,5.616407394,1.092615128,94.89678955,3.017708063,4.49272728,245.1591797,244.6421661,10.24480247,72.60339355,Autumn,3
11/30/2032,10.22258568,16.57689667,5.86422348,5.576554298,1.093719006,94.9021759,3.02188921,4.499864101,245.1088562,244.6108551,10.10313797,72.76280212,Autumn,3
12/1/2032,10.09464455,16.4327755,5.743679047,5.538532734,1.094921231,94.90810394,3.025375128,4.505996704,245.039032,244.5561371,9.967761993,72.91418457,Winter,0
12/2/2032,9.973194122,16.29605484,5.628369331,5.5023489,1.096261978,94.91455078,3.028181553,4.511147976,244.9534302,244.4812469,9.838666916,73.05758667,Winter,0
12/3/2032,9.858180046,16.16668892,5.518293381,5.468000889,1.097783327,94.92150879,3.030330658,4.515347958,244.8557739,244.3894501,9.715812683,73.19308472,Winter,0
12/4/2032,9.749518394,16.04458809,5.413421631,5.435479164,1.099528074,94.92893219,3.031847715,4.518633842,244.7498322,244.2841492,9.59912014,73.32083893,Winter,0
12/5/2032,9.647092819,15.92962742,5.313696861,5.404761314,1.101539016,94.93680573,3.032762289,4.521046162,244.6394348,244.1686707,9.488491058,73.44100952,Winter,0
12/6/2032,9.550751686,15.82163906,5.219041824,5.375819683,1.103859186,94.94507599,3.033107996,4.522632599,244.528244,244.0464478,9.383789063,73.55380249,Winter,0
12/7/2032,9.460318565,15.72043419,5.12934494,5.348614693,1.106530309,94.95371246,3.032922506,4.523444653,244.4198608,243.9208527,9.284858704,73.65945435,Winter,0
12/8/2032,9.375589371,15.62578106,5.044482231,5.323099136,1.109593272,94.96266937,3.03224659,4.52354002,244.317749,243.7951355,9.191529274,73.75821686,Winter,0
12/9/2032,9.296330452,15.53742886,4.964295387,5.299218178,1.1130867,94.97190094,3.031123161,4.522978306,244.2252502,243.6724548,9.103585243,73.85037231,Winter,0
12/10/2032,9.222290039,15.45509243,4.888614655,5.276907921,1.117047191,94.98136139,3.029598475,4.521823406,244.1453705,243.5558777,9.020815849,73.93621826,Winter,0
12/11/2032,9.153195381,15.37847424,4.817252159,5.256098747,1.121507883,94.99099731,3.027720451,4.520143509,244.0810089,243.4482422,8.942970276,74.01605988,Winter,0
12/12/2032,9.088755608,15.30724907,4.749997139,5.236712456,1.126498699,95.00074768,3.02553916,4.518006325,244.0347595,243.3522644,8.869801521,74.09022522,Winter,0
12/13/2032,9.028666496,15.24108124,4.686629295,5.21866703,1.132045627,95.01055908,3.02310586,4.515483856,244.0088806,243.2703552,8.801046371,74.15904236,Winter,0
12/14/2032,8.972615242,15.17962265,4.626915932,5.20187521,1.138170242,95.02038574,3.020472765,4.512648106,244.0053406,243.2047272,8.736424446,74.22283173,Winter,0
12/15/2032,8.920274734,15.12251663,4.570614815,5.186243057,1.144889832,95.03015137,3.017692089,4.509572029,244.0258636,243.1573181,8.67565155,74.28193665,Winter,0
12/16/2032,8.871320724,15.06939697,4.517472267,5.171676636,1.1522156,95.03980255,3.014816999,4.506328106,244.0716705,243.1297913,8.618452072,74.33665466,Winter,0
12/17/2032,8.825423241,15.019907,4.467238426,5.158075333,1.160154343,95.04929352,3.011899471,4.502989292,244.1437378,243.1235504,8.564533234,74.38731384,Winter,0
12/18/2032,8.782250404,14.97367764,4.419652939,5.145340443,1.168707013,95.05854797,3.008990526,4.49962616,244.2426453,243.1396484,8.513611794,74.43421173,Winter,0
12/19/2032,8.741481781,14.93035507,4.374454498,5.133369446,1.177868247,95.06751251,3.006141186,4.496308327,244.3686066,243.1788025,8.465407372,74.47763062,Winter,0
12/20/2032,8.702800751,14.88959217,4.331391335,5.122060776,1.187627673,95.07614136,3.003399372,4.493102074,244.5214844,243.2414856,8.419643402,74.51782227,Winter,0
12/21/2032,8.665902138,14.85105515,4.29020977,5.111315727,1.197967887,95.08436584,3.000812292,4.49007225,244.7007904,243.3278503,8.376065254,74.55505371,Winter,0
12/22/2032,8.630491257,14.81441975,4.250665665,5.101033211,1.208866477,95.0921402,2.998423576,4.487279415,244.9056702,243.4377136,8.334415436,74.58952332,Winter,0
12/23/2032,8.596289635,14.77938938,4.212527275,5.091117859,1.220293999,95.09941101,2.996275425,4.484781265,245.1349182,243.5706329,8.294454575,74.6214447,Winter,0
12/24/2032,8.563040733,14.74567223,4.175561905,5.081477165,1.232216597,95.10613251,2.994405746,4.482629299,245.387085,243.7257843,8.255970001,74.65098572,Winter,0
12/25/2032,8.530501366,14.71301842,4.139560699,5.072022438,1.244593263,95.11225891,2.992850542,4.480873108,245.6603241,243.9021606,8.21875,74.67826843,Winter,0
12/26/2032,8.498454094,14.68118763,4.104325294,5.0626688,1.257378459,95.11775208,2.991641283,4.479556084,245.9525909,244.0984497,8.182614326,74.70342255,Winter,0
12/27/2032,8.46670723,14.64997101,4.069675446,5.053339481,1.270521641,95.12257385,2.990805626,4.47871542,246.2615814,244.3131409,8.14740181,74.72653198,Winter,0
12/28/2032,8.435088158,14.61919212,4.035446167,5.043962955,1.283967137,95.12669373,2.990368366,4.478384972,246.5847931,244.5444641,8.112968445,74.74764252,Winter,0
12/29/2032,8.403456688,14.58869934,4.001491547,5.034473896,1.297654748,95.13008118,2.990349054,4.478590488,246.9194641,244.790451,8.079202652,74.76677704,Winter,0
12/30/2032,8.371692657,14.55836964,3.967681885,5.024814606,1.311520815,95.13272095,2.990764141,4.479354858,247.2627106,245.0489655,8.046004295,74.78394318,Winter,0
12/31/2032,8.339711189,14.52811337,3.933916092,5.01493597,1.325497985,95.13458252,2.991624832,4.480692387,247.611618,245.317749,8.01331234,74.79910278,Winter,0
1/1/2033,8.307455063,14.4978714,3.900107861,5.004796028,1.339516163,95.13566589,2.992938995,4.48261261,247.9630432,245.5944214,7.981076241,74.81219482,Winter,0
1/2/2033,8.274881363,14.46762085,3.866192818,4.994363308,1.353503108,95.13595581,2.994708776,4.48511982,248.3138885,245.8765106,7.949278831,74.82315826,Winter,0
1/3/2033,8.241996765,14.43735409,3.832132816,4.983612061,1.367384195,95.13545227,2.996934414,4.488210678,248.661026,246.161438,7.917922974,74.83185577,Winter,0
1/4/2033,8.208817482,14.40711117,3.797904015,4.972527504,1.381084442,95.13415527,2.99960947,4.491877556,249.0013733,246.4466858,7.887039185,74.83818054,Winter,0
1/5/2033,8.175394058,14.37695313,3.763509274,4.961103916,1.394528031,95.13208008,3.002725363,4.496107101,249.3318329,246.7297363,7.856676102,74.84199524,Winter,0
1/6/2033,8.141807556,14.3469677,3.728970528,4.949342728,1.407639742,95.12923431,3.006268263,4.500880241,249.6495361,247.0080109,7.826907158,74.84312439,Winter,0
1/7/2033,8.108150482,14.31726742,3.694332123,4.937255859,1.420344353,95.12564087,3.010221481,4.506172657,249.9515533,247.279068,7.79782486,74.84138489,Winter,0
1/8/2033,8.074547768,14.28799438,3.65965414,4.924860954,1.432568908,95.12132263,3.014564514,4.511956215,250.2353363,247.5405426,7.769546509,74.83660889,Winter,0
1/9/2033,8.041146278,14.25931168,3.625019073,4.912186623,1.444242358,95.11631012,3.019273758,4.518196106,250.4983673,247.7902069,7.74219799,74.82859802,Winter,0
1/10/2033,8.008107185,14.23140335,3.590520382,4.899269104,1.455296516,95.11063385,3.024322271,4.524855614,250.7383728,248.0259705,7.715925217,74.8171463,Winter,0
1/11/2033,7.975614548,14.20446777,3.556278229,4.886149406,1.465666056,95.10433197,3.029680014,4.531893253,250.9533691,248.2458191,7.690896988,74.80206299,Winter,0
1/12/2033,7.943861008,14.17872143,3.522414207,4.872877121,1.475289941,95.09744263,3.035315514,4.539264679,251.1416626,248.4480591,7.667279243,74.78313446,Winter,0
1/13/2033,7.913056374,14.1543951,3.48907423,4.859508514,1.484112024,95.0900116,3.041193962,4.54692173,251.301712,248.631073,7.645258904,74.76016235,Winter,0
1/14/2033,7.883424759,14.13172913,3.456406116,4.846104145,1.492080331,95.08208466,3.047279835,4.554815292,251.4324188,248.7936096,7.625025749,74.73297119,Winter,0
1/15/2033,7.855191231,14.11096668,3.424577713,4.832729816,1.499148846,95.07372284,3.053535461,4.562893391,251.5329285,248.9345703,7.606778145,74.70135498,Winter,0
1/16/2033,7.828589439,14.09236336,3.393752098,4.819457054,1.505277514,95.06497955,3.059922218,4.571102619,251.6026917,249.0530243,7.590720177,74.66514587,Winter,0
1/17/2033,7.803861618,14.07617569,3.36411047,4.806358814,1.510432005,95.05589294,3.066401005,4.579388618,251.6415253,249.148407,7.577048302,74.62419891,Winter,0
1/18/2033,7.781246185,14.0626564,3.335827351,4.793511391,1.514584899,95.04653931,3.072931528,4.587697506,251.6495667,249.2203979,7.565966606,74.57834625,Winter,0
1/19/2033,7.760970116,14.05205154,3.30908823,4.780993462,1.517715335,95.03696442,3.079474211,4.595973969,251.6272125,249.2688904,7.557678223,74.52748108,Winter,0
1/20/2033,7.743274689,14.04460526,3.284070492,4.768883228,1.519809484,95.02722931,3.085989237,4.6041646,251.5752563,249.2940979,7.552368164,74.47148132,Winter,0
1/21/2033,7.728382111,14.04056263,3.260954857,4.757260799,1.520860791,95.01740265,3.092438459,4.612215996,251.494812,249.2963715,7.550233841,74.41026306,Winter,0
1/22/2033,7.716511726,14.04013729,3.239916325,4.746204376,1.520869493,95.00753021,3.098782778,4.620076656,251.3871765,249.2764282,7.5514431,74.34377289,Winter,0
1/23/2033,7.70786953,14.04354286,3.221124649,4.735793114,1.519843221,94.99767303,3.104986191,4.627696991,251.2539978,249.2351379,7.556166649,74.27194977,Winter,0
1/24/2033,7.702648163,14.05098248,3.204747677,4.726101875,1.517796159,94.98789215,3.111012459,4.635029316,251.097168,249.1736603,7.564559937,74.19477844,Winter,0
1/25/2033,7.70102787,14.06262589,3.190933704,4.71720171,1.514750242,94.97823334,3.116829395,4.642029762,250.9188995,249.0933228,7.576757431,74.11227417,Winter,0
1/26/2033,7.703169823,14.07864475,3.179831028,4.709162712,1.510733366,94.96875,3.122405291,4.648655415,250.7214203,248.9955902,7.592885971,74.02444458,Winter,0
1/27/2033,7.70922184,14.09916782,3.171571732,4.702049255,1.50578022,94.95950317,3.127710819,4.654868126,250.5072937,248.8822174,7.613059044,73.93135071,Winter,0
1/28/2033,7.719305038,14.12431526,3.166275501,4.695920944,1.499931216,94.95052338,3.13272047,4.660634041,250.2792358,248.7550049,7.637355804,73.83306885,Winter,0
1/29/2033,7.733530998,14.1541853,3.164050579,4.690832615,1.493233204,94.94187164,3.13740921,4.665921211,250.039978,248.6159363,7.665855408,73.72968292,Winter,0
1/30/2033,7.751983643,14.18885422,3.164988518,4.686831474,1.485737801,94.93357086,3.141757011,4.670703888,249.7924194,248.4670258,7.698610306,73.62132263,Winter,0
1/31/2033,7.774723053,14.2283659,3.16916275,4.683962345,1.477501273,94.92565918,3.145745516,4.674958229,249.5395203,248.3104553,7.735647202,73.50811768,Winter,0
2/1/2033,7.801795959,14.27274513,3.17663908,4.682257652,1.468584776,94.91817474,3.149360418,4.678666592,249.2841949,248.1483917,7.776988983,73.3902359,Winter,0
2/2/2033,7.833224297,14.32199669,3.187457085,4.681747913,1.459052563,94.91114044,3.15258956,4.681815147,249.0294189,247.983017,7.822618484,73.26783752,Winter,0
2/3/2033,7.868997574,14.37609386,3.201648235,4.682453156,1.44897294,94.90457916,3.155424833,4.68439436,248.7780914,247.8166046,7.872517586,73.14109802,Winter,0
2/4/2033,7.909098625,14.43499565,3.219221115,4.684387207,1.438415766,94.89850616,3.157860756,4.686399937,248.5329742,247.6511993,7.926639557,73.01025391,Winter,0
2/5/2033,7.953481674,14.49862576,3.240167618,4.687556267,1.427453399,94.89293671,3.15989542,4.687830448,248.296814,247.4889832,7.984916687,72.87548065,Winter,0
2/6/2033,8.002079964,14.56690311,3.264471054,4.691961288,1.416159034,94.88787079,3.161529303,4.688690186,248.0721588,247.3319397,8.047271729,72.73700714,Winter,0
2/7/2033,8.054812431,14.63971233,3.292089462,4.697592258,1.404606819,94.88331604,3.162767172,4.688987732,247.8613739,247.1820526,8.11360836,72.59507751,Winter,0
2/8/2033,8.111573219,14.71692276,3.322970867,4.704434395,1.392870545,94.87927246,3.163615942,4.688735008,247.6666565,247.0410156,8.183806419,72.4499054,Winter,0
2/9/2033,8.172243118,14.79839134,3.35704565,4.712464333,1.381023645,94.87572479,3.164084911,4.687947273,247.4899445,246.9104919,8.257743835,72.30172729,Winter,0
2/10/2033,8.236683846,14.88395691,3.394235134,4.721654892,1.369137645,94.87265778,3.164187431,4.686645031,247.3329468,246.7919159,8.335272789,72.15079498,Winter,0
2/11/2033,8.304750443,14.97343445,3.434441566,4.73196888,1.357282519,94.87007141,3.163937807,4.68485117,247.197052,246.6865845,8.416246414,71.99731445,Winter,0
2/12/2033,8.376276016,15.06664085,3.47756052,4.743366241,1.345525265,94.86792755,3.163353682,4.682591915,247.0834961,246.59552,8.50049305,71.84152222,Winter,0
2/13/2033,8.451085091,15.16337681,3.523474693,4.755801201,1.333930254,94.86621094,3.162454605,4.679896355,246.9930267,246.5195618,8.58784771,71.6836319,Winter,0
2/14/2033,8.528998375,15.26343155,3.572059155,4.769221306,1.32255733,94.86488342,3.161262035,4.676795959,246.9262238,246.4593048,8.678127289,71.52386475,Winter,0
2/15/2033,8.609824181,15.3665905,3.623177052,4.783571243,1.31146276,94.86391449,3.159799099,4.673325062,246.883255,246.4151306,8.771149635,71.3624115,Winter,0
2/16/2033,8.693366051,15.47263718,3.676690102,4.798792839,1.3006984,94.86326599,3.158089638,4.669518948,246.8640747,246.3871765,8.866724968,71.19946289,Winter,0
2/17/2033,8.779423714,15.58135033,3.732450485,4.814823151,1.290309787,94.86290741,3.156160116,4.665414333,246.8681793,246.3752899,8.96466732,71.0351944,Winter,0
2/18/2033,8.867801666,15.6925106,3.790309429,4.831597805,1.280338526,94.86278534,3.15403676,4.661049843,246.8948669,246.3791199,9.064783096,70.86976624,Winter,0
2/19/2033,8.958293915,15.80589962,3.850117207,4.849050522,1.270819664,94.86286163,3.151746511,4.656464577,246.9430847,246.398056,9.166891098,70.70332336,Winter,0
2/20/2033,9.050703049,15.9213028,3.911721706,4.867115021,1.261782527,94.86309052,3.149317503,4.651697159,247.0114288,246.4312286,9.270800591,70.53599548,Winter,0
2/21/2033,9.144835472,16.03850746,3.974966049,4.885723114,1.253250599,94.86341858,3.14677763,4.64678812,247.0982513,246.4776001,9.376332283,70.36788177,Winter,0
2/22/2033,9.240501404,16.15731812,4.039704323,4.904807091,1.24524045,94.86381531,3.144153833,4.641775608,247.2016907,246.5358887,9.483319283,70.19908142,Winter,0
2/23/2033,9.337519646,16.27753639,4.105790138,4.924303055,1.237763166,94.86421204,3.141474247,4.636698246,247.3194885,246.6045532,9.591589928,70.02967834,Winter,0
2/24/2033,9.435715675,16.39898491,4.173082352,4.944145203,1.230823278,94.86457062,3.138765097,4.631593704,247.449295,246.6819458,9.700990677,69.85971069,Winter,0
2/25/2033,9.534929276,16.521492,4.241443634,4.964271069,1.224419236,94.86484528,3.136053085,4.626497746,247.5885468,246.7662201,9.811374664,69.6892395,Winter,0
2/26/2033,9.635005951,16.64489937,4.310742378,4.984622955,1.218543291,94.86499023,3.13336277,4.621445179,247.7344055,246.8553925,9.922609329,69.51826477,Winter,0
2/27/2033,9.735804558,16.76905823,4.380860329,5.00514555,1.21318233,94.86495209,3.130717993,4.616467953,247.8839417,246.9472961,10.03456783,69.34681702,Winter,0
2/28/2033,9.837200165,16.89384842,4.451685905,5.025786877,1.208316922,94.86470032,3.128141403,4.611597538,248.0342102,247.0397186,10.14714146,69.17488098,Winter,0
3/1/2033,9.939077377,17.01914978,4.523113251,5.046499729,1.203923106,94.86418152,3.125653744,4.606861591,248.1820068,247.1303864,10.26022816,69.00243378,Spring,1
3/2/2033,10.04133511,17.14486694,4.595053673,5.067242146,1.199972153,94.86336517,3.123274326,4.602286816,248.3241577,247.2168884,10.37375259,68.82945251,Spring,1
3/3/2033,10.14389324,17.27091026,4.667424202,5.087977409,1.196430087,94.86221313,3.121020079,4.597894669,248.4575348,247.296814,10.48763657,68.65588379,Spring,1
3/4/2033,10.24667835,17.39721298,4.740151405,5.108672619,1.193259597,94.86069489,3.118907452,4.593706131,248.5789185,247.3677979,10.60182762,68.48168945,Spring,1
3/5/2033,10.34963703,17.52372932,4.813179016,5.129303932,1.190419436,94.85877991,3.116949081,4.589738846,248.6851807,247.4274139,10.71627998,68.30679321,Spring,1
3/6/2033,10.45272827,17.6504097,4.886460304,5.149850368,1.187866092,94.85644531,3.115157127,4.586006165,248.7733307,247.4733276,10.830966,68.13114929,Spring,1
3/7/2033,10.55592155,17.77723885,4.959956169,5.170298576,1.185552478,94.85366821,3.113539934,4.582519531,248.8403778,247.5033264,10.94586945,67.95469666,Spring,1
3/8/2033,10.65921497,17.90420341,5.03364563,5.190640926,1.183430672,94.85044098,3.11210537,4.579287052,248.8835449,247.5151367,11.06098557,67.77735138,Spring,1
3/9/2033,10.76259708,18.03130913,5.107513428,5.210874557,1.181450963,94.84673309,3.110857725,4.576313972,248.9002686,247.5067291,11.17632103,67.59906006,Spring,1
3/10/2033,10.86608887,18.15856552,5.181559563,5.231004238,1.179562688,94.84255981,3.109800339,4.5736022,248.8880463,247.4762115,11.29189777,67.41975403,Spring,1
3/11/2033,10.96971416,18.28599739,5.255789757,5.251039028,1.177715898,94.83789825,3.108933926,4.571150303,248.8447571,247.4217377,11.40773869,67.23937988,Spring,1
3/12/2033,11.0735054,18.41364479,5.33022213,5.27099514,1.175860167,94.83275604,3.108256578,4.568953514,248.7684326,247.3417969,11.52388668,67.05789185,Spring,1
3/13/2033,11.17750931,18.54154396,5.404889107,5.290892601,1.1739465,94.82714844,3.107765675,4.567005634,248.6573486,247.2349091,11.64038467,66.87523651,Spring,1
3/14/2033,11.2817812,18.6697464,5.479822159,5.310756683,1.171928048,94.82107544,3.107455254,4.56529808,248.5101318,247.099884,11.75728607,66.69139099,Spring,1
3/15/2033,11.38637733,18.7983036,5.555068016,5.330617905,1.169759035,94.81455231,3.10731864,4.563816547,248.3256836,246.93573,11.87465,66.5063324,Spring,1
3/16/2033,11.49136734,18.9272728,5.630672455,5.35051012,1.16739738,94.8075943,3.107346296,4.562548161,248.1031799,246.7416687,11.99253464,66.32006073,Spring,1
3/17/2033,11.59682083,19.05671692,5.706694603,5.370470047,1.164803267,94.80023956,3.107528448,4.561476231,247.8421173,246.5171967,12.11101151,66.13256836,Spring,1
3/18/2033,11.70280933,19.18669701,5.783200264,5.390541077,1.161941171,94.79249573,3.107852459,4.560581684,247.5422974,246.2619476,12.23014641,65.94389343,Spring,1
3/19/2033,11.80941105,19.31726837,5.860247612,5.410764694,1.158778906,94.78440857,3.108305454,4.55984354,247.2039032,245.9758759,12.3500042,65.7540741,Spring,1
3/20/2033,11.91670132,19.44849205,5.937908173,5.43118763,1.155288935,94.77600861,3.108872414,4.559240818,246.8272858,245.6591492,12.47065639,65.56317139,Spring,1
3/21/2033,12.02475166,19.58042526,6.016251564,5.451857567,1.151448369,94.76732635,3.10953784,4.558748722,246.4132385,245.3121185,12.59216595,65.37124634,Spring,1
3/22/2033,12.13363934,19.71310997,6.095347404,5.472822189,1.147238851,94.75839996,3.110285521,4.558342934,245.9627991,244.9354401,12.71459579,65.17838287,Spring,1
3/23/2033,12.243433,19.84659767,6.175270081,5.494131088,1.142647505,94.74928284,3.111097574,4.557998657,245.4772491,244.5298615,12.83800411,64.98469543,Spring,1
3/24/2033,12.35419464,19.98092079,6.256088257,5.515830994,1.137665987,94.74001312,3.111956358,4.557688713,244.9581604,244.0964355,12.96244621,64.79031372,Spring,1
3/25/2033,12.46598721,20.11611366,6.337865829,5.537972927,1.132291913,94.7306366,3.112842798,4.557386875,244.4073639,243.6363373,13.08797073,64.59538269,Spring,1
3/26/2033,12.57886124,20.25219536,6.42067337,5.560602188,1.126527429,94.72119141,3.113738775,4.557065487,243.826889,243.1509705,13.21461678,64.40002441,Spring,1
3/27/2033,12.69286442,20.38917732,6.504570007,5.583764076,1.12038064,94.71173859,3.114624977,4.556697845,243.2189484,242.641861,13.34241676,64.20442963,Spring,1
3/28/2033,12.80803585,20.52706337,6.589612961,5.607502937,1.113863826,94.70232391,3.11548233,4.556256771,242.5859985,242.1106262,13.47139931,64.0087738,Spring,1
3/29/2033,12.92440224,20.66584587,6.675857544,5.631856918,1.106995106,94.69299316,3.116292,4.555714607,241.930542,241.5590668,13.60157871,63.81322861,Spring,1
3/30/2033,13.04198837,20.80550766,6.763346672,5.65686512,1.099796653,94.68379974,3.117035151,4.555046558,241.255249,240.9890137,13.73296738,63.61801529,Spring,1
3/31/2033,13.16080379,20.94602394,6.852122307,5.682559967,1.09229517,94.6747818,3.117693424,4.554225445,240.562912,240.4024658,13.86556435,63.42332458,Spring,1
4/1/2033,13.28085136,21.08735275,6.942220688,5.708973885,1.08452177,94.66599274,3.118247986,4.553227425,239.8562622,239.8013,13.99935722,63.22936249,Spring,1
4/2/2033,13.40212631,21.22945404,7.033669472,5.736131668,1.076511145,94.65747833,3.118682861,4.552028179,239.1381683,239.1875763,14.13433075,63.03633881,Spring,1
4/3/2033,13.52461243,21.37227058,7.126490593,5.764054775,1.068301201,94.64927673,3.118979454,4.550604343,238.4114685,238.5632935,14.27046299,62.84447098,Spring,1
4/4/2033,13.648283,21.51573372,7.220701218,5.792761326,1.059932709,94.64144135,3.11912322,4.548935413,237.6788788,237.9304352,14.40771103,62.65396118,Spring,1
4/5/2033,13.77310753,21.65977859,7.316304207,5.822264671,1.05144906,94.63400269,3.119097233,4.546999454,236.943161,237.2908783,14.54603863,62.4650116,Spring,1
4/6/2033,13.89904594,21.80433083,7.413304329,5.852571487,1.042895198,94.6269989,3.118887663,4.54477787,236.2069244,236.6465149,14.68539524,62.27781677,Spring,1
4/7/2033,14.02604866,21.94929504,7.511696815,5.883685112,1.034317732,94.62046051,3.118480206,4.542252541,235.4726257,235.9991455,14.82572079,62.09256363,Spring,1
4/8/2033,14.15405846,22.09459305,7.611470222,5.915606499,1.025763988,94.61442566,3.117862463,4.539407253,234.7425995,235.3503723,14.96695995,61.90942383,Spring,1
4/9/2033,14.28302097,22.24013329,7.712610245,5.948328972,1.017281294,94.60892487,3.117022276,4.536227226,234.0190277,234.701828,15.10904217,61.72855759,Spring,1
4/10/2033,14.4128685,22.3858223,7.815089226,5.981841087,1.008916736,94.60397339,3.115948439,4.532698631,233.3038635,234.0548096,15.25189686,61.55009842,Spring,1
4/11/2033,14.54353142,22.53156281,7.918887138,6.016130447,1.000716686,94.59959412,3.114631414,4.528808594,232.5988312,233.410614,15.39545345,61.3741684,Spring,1
4/12/2033,14.6749382,22.67726326,8.023966789,6.051177502,0.992726028,94.59580994,3.113061666,4.524547577,231.905426,232.77034,15.53963184,61.20087433,Spring,1
4/13/2033,14.80701542,22.82283783,8.130299568,6.086959362,0.98498708,94.59262848,3.111231327,4.519905567,231.2249908,232.1348572,15.68436146,61.03028107,Spring,1
4/14/2033,14.9396925,22.96819687,8.237845421,6.12345171,0.977540612,94.59005737,3.109132767,4.514875412,230.5584717,231.5048981,15.82956219,60.86244965,Spring,1
4/15/2033,15.0728941,23.11325645,8.346567154,6.160624981,0.970423579,94.58811188,3.106760502,4.509450436,229.9066162,230.8809967,15.97515965,60.69739914,Spring,1
4/16/2033,15.20654964,23.25794029,8.456420898,6.198448181,0.963669479,94.58679199,3.10410881,4.503624916,229.2699585,230.2634888,16.12108231,60.53512955,Spring,1
4/17/2033,15.34058857,23.40218353,8.567367554,6.236886501,0.957308352,94.58609772,3.101173401,4.497395515,228.6486206,229.6525421,16.26726151,60.37561417,Spring,1
4/18/2033,15.47494984,23.54592514,8.679367065,6.275904655,0.951365173,94.58601379,3.097950459,4.49075985,228.0426178,229.048111,16.41363525,60.21878433,Spring,1
4/19/2033,15.6095705,23.68911552,8.792376518,6.315464497,0.945860803,94.58654785,3.094437599,4.483716011,227.4516449,228.4500122,16.56014061,60.06455994,Spring,1
4/20/2033,15.74440098,23.83171463,8.906356812,6.355527401,0.9408108,94.587677,3.090632915,4.476264,226.8750916,227.8578491,16.70672607,59.91281891,Spring,1
4/21/2033,15.87939358,23.97369766,9.021269798,6.396055222,0.936225474,94.58938599,3.086535215,4.468403816,226.3121948,227.2710724,16.85334969,59.76341629,Spring,1
4/22/2033,16.01450539,24.11504936,9.1370821,6.43700695,0.932109654,94.59166718,3.082144499,4.460137844,225.7619781,226.6890106,16.99996758,59.61616898,Spring,1
4/23/2033,16.14970779,24.25576782,9.253763199,6.47834301,0.928462327,94.59449005,3.077460766,4.451468945,225.2231445,226.1108246,17.14655685,59.47088242,Spring,1
4/24/2033,16.28498077,24.39586449,9.371286392,6.520024776,0.925277174,94.59783173,3.072485447,4.442399502,224.6943512,225.5356293,17.29309654,59.32731628,Spring,1
4/25/2033,16.42031097,24.53536987,9.489626884,6.562014103,0.922541738,94.60167694,3.067220211,4.432934761,224.174057,224.9623413,17.43957138,59.185215,Spring,1
4/26/2033,16.55569267,24.67432213,9.608764648,6.604273319,0.920238137,94.60599518,3.061667681,4.423080444,223.660553,224.3898621,17.58598709,59.04430771,Spring,1
4/27/2033,16.69113541,24.81277275,9.728685379,6.646766663,0.918342352,94.61075592,3.055830479,4.412842274,223.1520386,223.8170776,17.73234749,58.90428543,Spring,1
4/28/2033,16.82665253,24.95079231,9.849381447,6.689461231,0.916825235,94.61592865,3.04971242,4.402225971,222.6466827,223.2427673,17.87867165,58.76482391,Spring,1
4/29/2033,16.96227646,25.08846283,9.970849037,6.732325077,0.915652096,94.62148285,3.043318272,4.39124012,222.1425323,222.6656952,18.02499199,58.62558746,Spring,1
4/30/2033,17.09803772,25.22587967,10.09309006,6.775328636,0.914783359,94.62738037,3.036652803,4.379892349,221.6377106,222.0847168,18.17134094,58.48622513,Spring,1
5/1/2033,17.2339859,25.36314583,10.21610641,6.818444729,0.914174497,94.63359833,3.02972126,4.368191719,221.1302643,221.4986877,18.31777191,58.34636688,Spring,1
5/2/2033,17.37017441,25.50037956,10.33991146,6.861649513,0.913776457,94.64009857,3.02252984,4.356148243,220.6183319,220.9065094,18.46433449,58.2056427,Spring,1
5/3/2033,17.50666428,25.63770676,10.46451759,6.904920101,0.913536489,94.64684296,3.015085697,4.343771935,220.1001434,220.307251,18.61109161,58.06366348,Spring,1
5/4/2033,17.64352798,25.77526665,10.58994865,6.948236942,0.913397908,94.65380859,3.007395744,4.331073284,219.5740051,219.6999664,18.75812149,57.92005539,Spring,1
5/5/2033,17.78083992,25.91320038,10.71622372,6.991585255,0.913301349,94.66094971,2.999468088,4.31806469,219.0383911,219.0839233,18.90549469,57.77442169,Spring,1
5/6/2033,17.91868401,26.05165863,10.84337234,7.03494978,0.913184285,94.66824341,2.991310835,4.304758549,218.4918976,218.4585266,19.05329323,57.62639999,Spring,1
5/7/2033,18.05714798,26.19079018,10.97141933,7.078318596,0.912982285,94.67565918,2.982934237,4.291167736,217.9333496,217.8233643,19.20160484,57.4756012,Spring,1
5/8/2033,18.19631767,26.33076096,11.10039806,7.121683121,0.912629902,94.68315887,2.974347115,4.27730608,217.3617859,217.1781921,19.35051918,57.32167435,Spring,1
5/9/2033,18.33629036,26.47171783,11.23034096,7.165035248,0.912060082,94.6907196,2.965560675,4.263188839,216.776413,216.5229797,19.50012779,57.16426468,Spring,1
5/10/2033,18.47715187,26.61382103,11.36127567,7.208368778,0.911205888,94.69831085,2.956585646,4.248831272,216.1767578,215.8578796,19.65052032,57.00303268,Spring,1
5/11/2033,18.61900711,26.75722504,11.49324226,7.251681805,0.910000265,94.70590973,2.947433949,4.234250069,215.5626373,215.1833344,19.80178833,56.83767319,Spring,1
5/12/2033,18.76193428,26.90207672,11.62626457,7.294970512,0.90837729,94.71348572,2.938118458,4.219462395,214.9340668,214.5,19.95402336,56.66789246,Spring,1
5/13/2033,18.90602493,27.04851532,11.76037312,7.338232994,0.906272352,94.72101593,2.928652048,4.20448637,214.2914124,213.8087311,20.10730934,56.49341202,Spring,1
5/14/2033,19.05136108,27.19667816,11.8955946,7.381468296,0.903622985,94.72848511,2.919049025,4.189341068,213.6353302,213.1106415,20.26172256,56.31399155,Spring,1
5/15/2033,19.19802094,27.34669113,12.03194904,7.424676418,0.900368869,94.73587036,2.909323215,4.174046516,212.9667358,212.4071045,20.41734695,56.12942505,Spring,1
5/16/2033,19.34607315,27.49866104,12.16945553,7.4678545,0.896453202,94.74315643,2.899491072,4.158623219,212.2868958,211.699707,20.57424355,55.9395256,Spring,1
5/17/2033,19.49557495,27.65268707,12.3081255,7.511001587,0.891822815,94.75032043,2.889567375,4.143093586,211.5973663,210.9903412,20.73247337,55.74414063,Spring,1
5/18/2033,19.64658165,27.80885315,12.44796085,7.554114342,0.886428356,94.75736237,2.879569292,4.127479553,210.8999329,210.2809448,20.89208031,55.5431633,Spring,1
5/19/2033,19.79912567,27.96722794,12.58896542,7.597189903,0.880225301,94.76425934,2.869514227,4.111804962,210.1966858,209.573822,21.05310822,55.33649826,Spring,1
5/20/2033,19.95323753,28.12785339,12.73112202,7.640222073,0.873173714,94.77101135,2.859419584,4.096094131,209.4900208,208.8713989,21.21558189,55.12410355,Spring,1
5/21/2033,20.1089325,28.29076767,12.87441921,7.683202267,0.865239143,94.77760315,2.849303484,4.080371857,208.7824707,208.1762848,21.37951469,54.90597534,Spring,1
5/22/2033,20.26620674,28.45597839,13.01882648,7.726120949,0.85639286,94.7840271,2.839185476,4.064663887,208.0768738,207.491272,21.54490662,54.68213272,Spring,1
5/23/2033,20.42504883,28.62347221,13.16430759,7.768964767,0.846611857,94.7902832,2.82908392,4.048996449,207.3762665,206.8191986,21.7117424,54.45262527,Spring,1
5/24/2033,20.58542442,28.79322624,13.31081486,7.811716557,0.835878968,94.79636383,2.819018602,4.033396721,206.6837158,206.1630707,21.87999535,54.21757126,Spring,1
5/25/2033,20.74729156,28.96517944,13.45829296,7.854358673,0.824183762,94.80227661,2.80900979,4.017891884,206.0025635,205.5259399,22.04961967,53.9770813,Spring,1
5/26/2033,20.91058731,29.13925934,13.60667515,7.896867275,0.811521828,94.80801392,2.799077034,4.002509117,205.3362274,204.9109344,22.22055626,53.73133087,Spring,1
5/27/2033,21.07523346,29.31537247,13.75588322,7.939216137,0.797895312,94.81357574,2.789240837,3.987277508,204.6881409,204.321167,22.39273262,53.4805069,Spring,1
5/28/2033,21.24113464,29.49340057,13.90582561,7.981373787,0.7833125,94.81896973,2.779520988,3.972223282,204.0618134,203.7597504,22.5660553,53.22484589,Spring,1
5/29/2033,21.40818405,29.67320824,14.05640697,8.0233078,0.767788112,94.82419586,2.769937754,3.95737505,203.4607391,203.2297058,22.7404213,52.96458435,Spring,1
5/30/2033,21.5762558,29.85463524,14.20751858,8.064980507,0.751342952,94.82925415,2.760510445,3.942760468,202.8883362,202.7340698,22.91571426,52.70001221,Spring,1
5/31/2033,21.74521065,30.0375061,14.35904217,8.106348038,0.73400414,94.83415985,2.751259089,3.928406715,202.3480225,202.2756805,23.09179115,52.43143082,Spring,1
6/1/2033,21.9148941,30.22162056,14.51085186,8.147367477,0.715804577,94.83889771,2.742202044,3.914340496,201.8430023,201.857254,23.26851463,52.15917206,Summer,2
6/2/2033,22.08514023,30.40677071,14.66280842,8.187988281,0.696782291,94.8434906,2.733358383,3.900587559,201.3764191,201.4813232,23.44572067,51.88356018,Summer,2
6/3/2033,22.25576973,30.59272575,14.81476879,8.228158951,0.676981091,94.84793854,2.724745274,3.887173176,200.9511871,201.1502686,23.62323952,51.60497284,Summer,2
6/4/2033,22.42659378,30.77924919,14.96658421,8.267824173,0.656449437,94.85224152,2.716379642,3.874120712,200.569931,200.8661652,23.80088615,51.32377243,Summer,2
6/5/2033,22.5974102,30.9660778,15.11809444,8.306927681,0.635240257,94.85640717,2.708277464,3.861453533,200.235199,200.6308594,23.97846985,51.04034805,Summer,2
6/6/2033,22.76801109,31.15295029,15.26913548,8.345407486,0.613411009,94.86044312,2.700453043,3.849192142,199.9490356,200.4459229,24.15579033,50.75508499,Summer,2
6/7/2033,22.93818092,31.33959961,15.41954899,8.383203506,0.591022253,94.86434937,2.692920685,3.837356567,199.7133331,200.3126068,24.33264732,50.46837997,Summer,2
6/8/2033,23.10769844,31.52573586,15.56915188,8.420253754,0.568138421,94.86813354,2.685691595,3.825963974,199.5295715,200.2318268,24.50881767,50.18062592,Summer,2
6/9/2033,23.27633476,31.71108246,15.71777821,8.45649147,0.544826031,94.87179565,2.678777218,3.815030575,199.39888,200.2041779,24.68409348,49.89221954,Summer,2
6/10/2033,23.44387054,31.8953476,15.86525631,8.491853714,0.521154523,94.87534332,2.672186136,3.804569244,199.3220062,200.2298584,24.85825348,49.60356522,Summer,2
6/11/2033,23.61006737,32.07824326,16.01140976,8.526277542,0.497194678,94.87877655,2.66592598,3.794592381,199.2993469,200.3087311,25.03108025,49.31503296,Summer,2
6/12/2033,23.77470779,32.25949097,16.15606689,8.559699059,0.473018497,94.88209534,2.660002708,3.785107613,199.3308258,200.4402466,25.20235443,49.02700806,Summer,2
6/13/2033,23.93756104,32.43880463,16.29906082,8.592058182,0.448699206,94.88529968,2.654419661,3.776122093,199.4159698,200.6234741,25.3718586,48.73986435,Summer,2
6/14/2033,24.09840584,32.61591339,16.44022369,8.623293877,0.424309701,94.88838959,2.64917922,3.767638683,199.5539398,200.8572083,25.53938484,48.45394897,Summer,2
6/15/2033,24.25703239,32.79055023,16.57939529,8.653352737,0.399923384,94.89137268,2.64428091,3.759658337,199.7434235,201.1396942,25.70471954,48.16960907,Summer,2
6/16/2033,24.41322899,32.96245956,16.71642303,8.682181358,0.375612378,94.89424133,2.639723301,3.752179623,199.9827271,201.4689026,25.86767006,47.88718033,Summer,2
6/17/2033,24.56679916,33.13138962,16.85116196,8.709730148,0.35144794,94.89700317,2.635501623,3.745197773,200.2697296,201.8424377,26.02803993,47.60696411,Summer,2
6/18/2033,24.71755409,33.29711533,16.98347092,8.735958099,0.327499837,94.89964294,2.631610394,3.738704205,200.6019287,202.2575836,26.18564987,47.32925415,Summer,2
6/19/2033,24.86532021,33.45942688,17.11322021,8.760824203,0.30383566,94.90216064,2.628041267,3.732688904,200.9765015,202.7112427,26.34032249,47.05433273,Summer,2
6/20/2033,25.00992966,33.61811829,17.2402916,8.78429985,0.280521423,94.9045639,2.624784231,3.727138996,201.3902283,203.2000275,26.49189758,46.7824707,Summer,2
6/21/2033,25.15123558,33.77300644,17.36457825,8.80635643,0.257619888,94.90684509,2.621826887,3.722037315,201.8395691,203.7203217,26.64023399,46.51389313,Summer,2
6/22/2033,25.28910065,33.92392731,17.48598099,8.826978683,0.235190779,94.90899658,2.619155884,3.717365742,202.320694,204.268219,26.78518677,46.24883652,Summer,2
6/23/2033,25.42340088,34.07074356,17.60441971,8.846153259,0.213291451,94.91101837,2.616755247,3.713101864,202.8295593,204.8395538,26.92664719,45.98750687,Summer,2
6/24/2033,25.55403709,34.21332932,17.7198143,8.86387825,0.191975489,94.91290283,2.614607334,3.70922184,203.3618469,205.4300842,27.06449699,45.73010254,Summer,2
6/25/2033,25.68091965,34.35158157,17.83211136,8.880158424,0.171292603,94.91465759,2.612693548,3.705699444,203.9130096,206.0352783,27.19865227,45.47680664,Summer,2
6/26/2033,25.80397224,34.4854126,17.94126892,8.895008087,0.151289567,94.9162674,2.610992908,3.702506542,204.4784546,206.650589,27.32903099,45.22777557,Summer,2
6/27/2033,25.92314339,34.61476517,18.04724121,8.908448219,0.132009,94.91773224,2.609484196,3.699611664,205.0534515,207.2713928,27.45557022,44.98316956,Summer,2
6/28/2033,26.03838921,34.73959351,18.1500206,8.920512199,0.113489851,94.91905212,2.608143568,3.696982384,205.6331329,207.8929749,27.578228,44.74314117,Summer,2
6/29/2033,26.149683,34.85987091,18.24959183,8.931238174,0.095767364,94.92021942,2.60694766,3.694585323,206.2126923,208.5107117,27.69696045,44.50783157,Summer,2
6/30/2033,26.25702477,34.9756012,18.34596634,8.940675735,0.078872815,94.92124176,2.605871439,3.69238472,206.7873535,209.1199341,27.81175995,44.27736282,Summer,2
7/1/2033,26.36041069,35.08679199,18.43915176,8.948883057,0.06283395,94.92210388,2.60488987,3.690345287,207.352356,209.7161255,27.92260742,44.05187988,Summer,2
7/2/2033,26.45986557,35.19347763,18.52918243,8.955924988,0.047675196,94.92282104,2.60397625,3.688429356,207.9031067,210.2948761,28.02952194,43.83150482,Summer,2
7/3/2033,26.55541801,35.29569244,18.61609268,8.961874962,0.033417135,94.92337799,2.603105307,3.686599731,208.4351959,210.8519745,28.13250732,43.61637878,Summer,2
7/4/2033,26.6471138,35.39350128,18.69993591,8.966815948,0.020077279,94.92378235,2.602251291,3.684819221,208.9443359,211.3833771,28.2315979,43.40663147,Summer,2
7/5/2033,26.73500633,35.48697281,18.78076172,8.970836639,0.007670209,94.92404175,2.601387739,3.683050632,209.4265594,211.8853302,28.32682991,43.2024231,Summer,2
7/6/2033,26.81915665,35.57619476,18.85864258,8.974032402,-0.003792692,94.92414856,2.600490093,3.681257725,209.8781738,212.3543701,28.41824722,43.00389099,Summer,2
7/7/2033,26.89963722,35.66124725,18.93363953,8.976507187,-0.014302329,94.92411041,2.599533081,3.679403305,210.2957458,212.7873077,28.50589943,42.81121063,Summer,2
7/8/2033,26.97652245,35.74222565,19.00583649,8.978366852,-0.023851953,94.92392731,2.598493576,3.677454472,210.6762848,213.1813049,28.58983994,42.6245575,Summer,2
7/9/2033,27.04989624,35.81924057,19.07531357,8.979724884,-0.032437392,94.9236145,2.597348928,3.675376892,211.0171661,213.5339508,28.67013168,42.44413376,Summer,2
7/10/2033,27.1198349,35.89238358,19.14215088,8.980695724,-0.040055834,94.92316437,2.596077681,3.673140049,211.3161469,213.8431854,28.74683571,42.2701416,Summer,2
7/11/2033,27.18642998,35.96175766,19.20642853,8.981402397,-0.046706144,94.92259216,2.594660282,3.670713902,211.5714264,214.1073761,28.82001114,42.10281754,Summer,2
7/12/2033,27.24976349,36.02746964,19.26823425,8.981965065,-0.052388605,94.92190552,2.593078852,3.668072701,211.7817078,214.3253632,28.88972282,41.94240952,Summer,2
7/13/2033,27.30990982,36.08960724,19.32765198,8.982507706,-0.057104532,94.92111206,2.591317654,3.665190697,211.9460907,214.4963531,28.95601845,41.7891922,Summer,2
7/14/2033,27.36695671,36.14826965,19.38476181,8.98315239,-0.060856041,94.92022705,2.589362144,3.662047386,212.064209,214.6200714,29.01896667,41.64346313,Summer,2
7/15/2033,27.42096519,36.20353699,19.43963242,8.984022141,-0.063645765,94.91924286,2.587201118,3.658624649,212.1361847,214.6967316,29.07860756,41.50553894,Summer,2
7/16/2033,27.47200584,36.25547791,19.49234009,8.985239029,-0.065476447,94.91819,2.584824562,3.654907227,212.1626282,214.7268982,29.13498306,41.37575531,Summer,2
7/17/2033,27.52013588,36.30416107,19.54294968,8.98692131,-0.066351295,94.91706848,2.582226038,3.650883675,212.1445313,214.7117462,29.18812752,41.25447083,Summer,2
7/18/2033,27.56539154,36.34963226,19.59151459,8.989186287,-0.066273674,94.91589355,2.579400778,3.646545887,212.0835114,214.6527252,29.23806381,41.14207077,Summer,2
7/19/2033,27.6078186,36.39192581,19.6380806,8.992141724,-0.065245822,94.91467285,2.576347113,3.641889572,211.9815826,214.5518646,29.28480911,41.03895569,Summer,2
7/20/2033,27.64743614,36.43106079,19.68268967,8.995893478,-0.06327083,94.91342163,2.573065519,3.63691473,211.8411407,214.4115295,29.32836151,40.94554901,Summer,2
7/21/2033,27.68425369,36.46704102,19.72536469,9.000538826,-0.060350467,94.91215515,2.569559574,3.631624222,211.6650848,214.2345123,29.36871338,40.86228943,Summer,2
7/22/2033,27.71827126,36.49985504,19.76612473,9.006170273,-0.056486506,94.91088104,2.565835476,3.626025677,211.4566803,214.0239563,29.40584946,40.78962708,Summer,2
7/23/2033,27.74946022,36.52946472,19.80496597,9.012869835,-0.051679865,94.90961456,2.561901569,3.620129585,211.2194977,213.7833405,29.43972206,40.72802353,Summer,2
7/24/2033,27.7777977,36.55582809,19.84189224,9.020710945,-0.045931224,94.90836334,2.557769299,3.613951683,210.9575348,213.5164795,29.47029305,40.67796326,Summer,2
7/25/2033,27.80323792,36.5788765,19.8768692,9.029758453,-0.039240763,94.90715027,2.553452253,3.607509136,210.6749878,213.2274475,29.49749756,40.63991547,Summer,2
7/26/2033,27.8257103,36.59851456,19.90987015,9.040065765,-0.031608075,94.90596771,2.548966646,3.600824833,210.3763275,212.9205627,29.52125931,40.61436844,Summer,2
7/27/2033,27.84514999,36.61465073,19.94084549,9.051673889,-0.023032362,94.90484619,2.544330359,3.593924046,210.0662689,212.6002655,29.54149246,40.60180664,Summer,2
7/28/2033,27.86145782,36.62715912,19.96973419,9.06461525,-0.013513224,94.90378571,2.53956461,3.586835384,209.7496185,212.2712555,29.55809975,40.60269928,Summer,2
7/29/2033,27.87453651,36.63591003,19.99646378,9.078907967,-0.003049174,94.90279388,2.534690619,3.579589367,209.4313354,211.9383087,29.57096291,40.61752319,Summer,2
7/30/2033,27.88426399,36.64074707,20.02095413,9.094558716,0.008360133,94.90188599,2.529733181,3.572220325,209.116394,211.6062164,29.57996559,40.64672852,Summer,2
7/31/2033,27.890522,36.64151382,20.04310608,9.111564636,0.020715211,94.90106964,2.524717331,3.564764977,208.8098602,211.2798157,29.58497238,40.69074249,Summer,2
8/1/2033,27.89316177,36.63803482,20.06281281,9.129905701,0.034015715,94.90034485,2.519670486,3.557261467,208.5166779,210.9639282,29.58584213,40.74999237,Summer,2
8/2/2033,27.89204407,36.63012695,20.07996368,9.149551392,0.048260905,94.89971924,2.514619589,3.549749851,208.2417145,210.6632538,29.58242798,40.82485962,Summer,2
8/3/2033,27.8870182,36.61758804,20.09442902,9.170459747,0.063448206,94.89920807,2.509593964,3.542273045,207.9897614,210.3824463,29.57457352,40.91569519,Summer,2
8/4/2033,27.87791824,36.60023499,20.10608292,9.192573547,0.079574637,94.89880371,2.504622936,3.534872055,207.7653656,210.1259155,29.56212044,41.02282715,Summer,2
8/5/2033,27.86458588,36.57785797,20.11478424,9.215829849,0.096634544,94.89851379,2.499735594,3.527591228,207.5728455,209.8978882,29.54490852,41.14652634,Summer,2
8/6/2033,27.84684944,36.55025482,20.12038803,9.24014473,0.114621118,94.89833069,2.4949615,3.520473003,207.4162903,209.7023468,29.52277756,41.28702545,Summer,2
8/7/2033,27.82455063,36.51722717,20.12275696,9.26543045,0.133524925,94.89826965,2.490329504,3.513561726,207.299408,209.5429688,29.49556351,41.44451523,Summer,2
8/8/2033,27.7975235,36.47858429,20.12173462,9.291588783,0.153334171,94.89833069,2.485868454,3.506899834,207.2255554,209.4231262,29.46310997,41.61911774,Summer,2
8/9/2033,27.76561165,36.43412399,20.11717987,9.318507195,0.174034283,94.89849854,2.481606007,3.500528812,207.1977997,209.3458405,29.42527008,41.81091309,Summer,2
8/10/2033,27.72865868,36.38367844,20.10894775,9.346067429,0.195607513,94.89877319,2.477568626,3.494490147,207.2186127,209.3136902,29.38188744,42.01992035,Summer,2
8/11/2033,27.68651962,36.32707214,20.09689331,9.374140739,0.218032956,94.89916229,2.473781586,3.488821507,207.2901611,209.3288574,29.33283234,42.24608612,Summer,2
8/12/2033,27.63906288,36.26415253,20.08088303,9.402593613,0.241286382,94.89965057,2.470268965,3.483560085,207.4141083,209.393158,29.27797699,42.48930359,Summer,2
8/13/2033,27.58616447,36.19477844,20.06077957,9.431283951,0.265339673,94.90024567,2.467051506,3.478740215,207.5915985,209.5078583,29.21721077,42.74939346,Summer,2
8/14/2033,27.5277195,36.11883926,20.03646851,9.460064888,0.290160745,94.90092468,2.464149475,3.474393368,207.8232269,209.6737976,29.15043449,43.02610779,Summer,2
8/15/2033,27.46363449,36.03622818,20.00783157,9.48878479,0.315714002,94.90169525,2.461580515,3.470548153,208.1092072,209.8913116,29.07756615,43.31912994,Summer,2
8/16/2033,27.39383698,35.94687653,19.97477341,9.517289162,0.341959357,94.90254211,2.459358931,3.467229366,208.4491119,210.1602936,28.99854088,43.62807083,Summer,2
8/17/2033,27.31827164,35.85073471,19.93719864,9.5454216,0.368852764,94.90345764,2.457497597,3.464458942,208.8420563,210.4801331,28.91331863,43.95248032,Summer,2
8/18/2033,27.23690987,35.74778366,19.8950386,9.57302475,0.396345943,94.90444183,2.456005335,3.462254524,209.2866211,210.8497162,28.8218689,44.29183197,Summer,2
8/19/2033,27.14974213,35.63802338,19.84823227,9.599938393,0.42438674,94.90548706,2.454889536,3.46062994,209.7809601,211.2675476,28.72419357,44.64552307,Summer,2
8/20/2033,27.05677223,35.52149582,19.79674149,9.62600708,0.452918589,94.90657043,2.454153061,3.45959568,210.3226624,211.7315369,28.62031746,45.01290131,Summer,2
8/21/2033,26.95804596,35.39826965,19.74053955,9.651075363,0.481881231,94.90769958,2.453797579,3.45915556,210.9088745,212.2392883,28.51028061,45.39323425,Summer,2
8/22/2033,26.85362053,35.26843262,19.67961884,9.674991608,0.511210918,94.90885925,2.453820229,3.459311962,211.536377,212.7879028,28.39415359,45.78574371,Summer,2
8/23/2033,26.74359131,35.13211823,19.6139946,9.697610855,0.540839434,94.91004944,2.454216003,3.460062027,212.2014618,213.3742065,28.27202797,46.1895752,Summer,2
8/24/2033,26.62806129,34.98949432,19.54369736,9.718789101,0.570696175,94.91124725,2.454976082,3.461398125,212.9000854,213.9945068,28.1440239,46.60383606,Summer,2
8/25/2033,26.50717735,34.84074783,19.46878052,9.738391876,0.600706756,94.91246033,2.456089497,3.463308334,213.6279602,214.644928,28.01029015,47.027565,Summer,2
8/26/2033,26.38109779,34.68609619,19.38931274,9.756288528,0.630794823,94.91368103,2.457542896,3.465777874,214.3803406,215.3212433,27.87098312,47.4597702,Summer,2
8/27/2033,26.25001144,34.5257988,19.3053894,9.772361755,0.660880983,94.9148941,2.459318399,3.468786716,215.1523743,216.019043,27.72629929,47.89942169,Summer,2
8/28/2033,26.11413383,34.36013031,19.21712112,9.786499023,0.690884173,94.91610718,2.461397886,3.472311974,215.9389801,216.7335815,27.57645416,48.3454361,Summer,2
8/29/2033,25.97369194,34.18939972,19.12463379,9.798598289,0.720721781,94.91730499,2.463758707,3.476326466,216.7349091,217.4600983,27.42167854,48.79671478,Summer,2
8/30/2033,25.82895279,34.01394653,19.02807999,9.808567047,0.750310063,94.91848755,2.466377735,3.480800152,217.5348053,218.193634,27.26223564,49.25214386,Summer,2
8/31/2033,25.6801796,33.8341217,18.92762375,9.81632328,0.779565036,94.91964722,2.469229221,3.48570013,218.3333435,218.9292297,27.09838867,49.7105751,Summer,2
9/1/2033,25.52768135,33.6503067,18.823452,9.821796417,0.808402121,94.92079163,2.472285509,3.490990639,219.1250916,219.6618958,26.9304409,50.17086792,Autumn,3
9/2/2033,25.37175751,33.46289825,18.71575546,9.824926376,0.836737633,94.92192078,2.475517988,3.49663353,219.9047394,220.3865509,26.75870132,50.63186264,Autumn,3
9/3/2033,25.21273422,33.27230072,18.60474396,9.825667381,0.86448878,94.92301941,2.478896618,3.502589226,220.667099,221.0983582,26.58347893,51.09241486,Autumn,3
9/4/2033,25.05094719,33.07894897,18.49065018,9.823981285,0.891574383,94.92410278,2.482390881,3.508816719,221.4071198,221.7924957,26.40511894,51.5513916,Autumn,3
9/5/2033,24.88674355,32.88327408,18.373703,9.8198452,0.917915285,94.9251709,2.485969067,3.515272617,222.1199646,222.4644165,26.22395706,52.0076828,Autumn,3
9/6/2033,24.72047615,32.68572235,18.25414658,9.813241959,0.943434954,94.92621613,2.489599943,3.521914959,222.8010254,223.1096497,26.04034424,52.46018982,Autumn,3
9/7/2033,24.55249977,32.48672485,18.13223267,9.804172516,0.968060255,94.92725372,2.493252039,3.528699875,223.4460907,223.7241058,25.8546257,52.9078598,Autumn,3
9/8/2033,24.38317108,32.28673935,18.00821304,9.792646408,0.99172163,94.92827606,2.496894598,3.535584927,224.0511322,224.3038788,25.66716766,53.34967422,Autumn,3
9/9/2033,24.21284866,32.08620453,17.88235092,9.778678894,1.014353752,94.9292984,2.500497103,3.542526722,224.6126404,224.84552,25.47830772,53.78466034,Autumn,3
9/10/2033,24.04188156,31.88555145,17.75490189,9.762304306,1.03589642,94.93031311,2.50403142,3.549485683,225.1274567,225.3458405,25.28840828,54.21190262,Autumn,3
9/11/2033,23.87061501,31.68519783,17.62613297,9.743560791,1.056293845,94.93133545,2.5074687,3.556420803,225.5928955,225.802124,25.0977993,54.63053894,Autumn,3
9/12/2033,23.69938278,31.48555374,17.49628448,9.722496033,1.075496435,94.93236542,2.510783911,3.563295841,226.0067139,226.2119751,24.90681839,55.0397644,Autumn,3
9/13/2033,23.52850342,31.28701401,17.36561966,9.699170113,1.093460441,94.93340302,2.513952494,3.570075035,226.3672028,226.5735626,24.71578598,55.43885803,Autumn,3
9/14/2033,23.35828972,31.08994675,17.234375,9.67364502,1.110148549,94.93447113,2.516953468,3.57672596,226.6730957,226.8854218,24.52500725,55.82715607,Autumn,3
9/15/2033,23.18902206,30.89469528,17.1027832,9.645993233,1.125529885,94.93556213,2.519767523,3.583220482,226.9237518,227.146637,24.3347702,56.20407486,Autumn,3
9/16/2033,23.0209713,30.70157623,16.97106552,9.616292953,1.13958025,94.93667603,2.522378206,3.589532375,227.1189728,227.3567505,24.14534569,56.5691185,Autumn,3
9/17/2033,22.85437965,30.51088142,16.83943176,9.584627151,1.152283072,94.93782806,2.524772167,3.595640182,227.2590942,227.5157471,23.95698357,56.92186356,Autumn,3
9/18/2033,22.68947029,30.32286835,16.70807266,9.551084518,1.163628578,94.93902588,2.526939392,3.60152626,227.3450317,227.6241455,23.76990509,57.26198578,Autumn,3
9/19/2033,22.52643204,30.13775635,16.57715988,9.515755653,1.173614621,94.94026184,2.528872967,3.607178211,227.3781891,227.6829529,23.58431816,57.5892334,Autumn,3
9/20/2033,22.36543083,29.95573425,16.44685745,9.478734016,1.18224597,94.94154358,2.530569077,3.612586021,227.3604584,227.693634,23.40038872,57.9034462,Autumn,3
9/21/2033,22.20660019,29.77695084,16.3173027,9.440116882,1.189535022,94.94287872,2.532028437,3.617746353,227.2942657,227.6581268,23.21826935,58.20456314,Autumn,3
9/22/2033,22.05004501,29.60151482,16.18860626,9.399995804,1.195501089,94.94426727,2.533253908,3.622659683,227.1824799,227.5787354,23.03807449,58.49259186,Autumn,3
9/23/2033,21.89583969,29.42949486,16.06086349,9.358472824,1.200170755,94.9457016,2.534253597,3.627331734,227.0283508,227.4582825,22.85989761,58.76763153,Autumn,3
9/24/2033,21.74401665,29.26092148,15.93415165,9.31564045,1.203577518,94.9471817,2.535037518,3.631772995,226.8355865,227.2999268,22.6837883,59.02987289,Autumn,3
9/25/2033,21.59458733,29.09578133,15.8085165,9.271593094,1.205761313,94.94871521,2.535620213,3.635997772,226.6082916,227.107193,22.50977707,59.27959061,Autumn,3
9/26/2033,21.44752502,28.93402481,15.6839838,9.226421356,1.206768155,94.95029449,2.536019802,3.640027046,226.3507996,226.8839111,22.33786583,59.51712036,Autumn,3
9/27/2033,21.30277252,28.77555466,15.56055546,9.180213928,1.206650615,94.95191956,2.536257029,3.643883705,226.0678253,226.6342621,22.16801643,59.74289703,Autumn,3
9/28/2033,21.16023827,28.62024498,15.43821049,9.133054733,1.205466032,94.95357513,2.536356688,3.64759779,225.764328,226.3625946,22.00016403,59.95740891,Autumn,3
9/29/2033,21.019804,28.4679184,15.31690121,9.08502388,1.203276992,94.95526123,2.536345482,3.651201248,225.4453278,226.0735474,21.8342247,60.16122055,Autumn,3
9/30/2033,20.88131332,28.31837845,15.19656277,9.036197662,1.200150728,94.95696259,2.536253929,3.654730797,225.1161499,225.7718048,21.67007256,60.35495758,Autumn,3
10/1/2033,20.74458885,28.17137718,15.07710361,8.986642838,1.196158648,94.95868683,2.536114216,3.658226013,224.782135,225.4622955,21.50756454,60.53929138,Autumn,3
10/2/2033,20.60942841,28.02664375,14.95841885,8.93642807,1.191375136,94.96040344,2.53596139,3.661730766,224.4486694,225.1499176,21.34653282,60.71495819,Autumn,3
10/3/2033,20.47559929,27.88387871,14.84036922,8.885606766,1.185877562,94.96211243,2.535832405,3.665291309,224.1210938,224.8396759,21.18677902,60.88272095,Autumn,3
10/4/2033,20.34285355,27.74275017,14.72281361,8.834234238,1.179745913,94.96379852,2.535765409,3.668954849,223.8047791,224.536499,21.02809715,61.04339981,Autumn,3
10/5/2033,20.21091843,27.60290718,14.60558414,8.782354355,1.173060894,94.96544647,2.535800457,3.672772408,223.5049286,224.2452393,20.8702507,61.19781876,Autumn,3
10/6/2033,20.0795002,27.46397781,14.48850155,8.730005264,1.165905118,94.96704865,2.53597784,3.676795483,223.2265625,223.9706573,20.71299362,61.34685135,Autumn,3
10/7/2033,19.94830322,27.32556915,14.37137318,8.677223206,1.158360958,94.96857452,2.536338806,3.681076527,222.9745483,223.7173462,20.55606079,61.49137115,Autumn,3
10/8/2033,19.81701279,27.18729019,14.25399494,8.624032974,1.15051043,94.97002411,2.536925077,3.685667992,222.7534485,223.4897461,20.39918709,61.63225555,Autumn,3
10/9/2033,19.68530655,27.04871559,14.13615131,8.570455551,1.142434478,94.97138214,2.537777662,3.690623283,222.5675812,223.2919769,20.24209213,61.770401,Autumn,3
10/10/2033,19.55285835,26.90943718,14.01762486,8.516506195,1.13421309,94.9726181,2.538937092,3.695993423,222.4208374,223.1278839,20.08448982,61.90668869,Autumn,3
10/11/2033,19.41934204,26.76903915,13.89819431,8.46219635,1.125923514,94.97371674,2.540442944,3.701829433,222.316864,223.0010529,19.92609406,62.04197311,Autumn,3
10/12/2033,19.28442764,26.62710381,13.7776289,8.407528877,1.117639899,94.97467804,2.542333126,3.708180904,222.2587891,222.9146729,19.76662445,62.17711258,Autumn,3
10/13/2033,19.14780045,26.48322296,13.65571308,8.352505684,1.109434128,94.9754715,2.544644833,3.71509409,222.2493591,222.8715515,19.60580063,62.31292725,Autumn,3
10/14/2033,19.00914764,26.33700752,13.53221798,8.297122955,1.101373434,94.97608948,2.547411203,3.722612858,222.2909088,222.8741913,19.44334984,62.45020294,Autumn,3
10/15/2033,18.86816597,26.1880722,13.40692997,8.241374969,1.093521118,94.97650909,2.550665379,3.730778217,222.3851471,222.924469,19.27901077,62.58967972,Autumn,3
10/16/2033,18.72457695,26.03605461,13.27964115,8.185253143,1.085935831,94.97672272,2.554434776,3.739626408,222.533432,223.0240326,19.11253357,62.73207092,Autumn,3
10/17/2033,18.57810783,25.88062096,13.15015507,8.128744125,1.078670621,94.97671509,2.558746099,3.749190807,222.7365875,223.173996,18.94369125,62.87802887,Autumn,3
10/18/2033,18.42851448,25.72145271,13.01829052,8.071837425,1.071774125,94.97648621,2.563621998,3.75949955,222.994873,223.374939,18.7722683,63.02815628,Autumn,3
10/19/2033,18.27557564,25.55827332,12.88387203,8.014518738,1.065288424,94.97600555,2.569079876,3.770575523,223.3081207,223.627121,18.59807014,63.18298721,Autumn,3
10/20/2033,18.11909676,25.39082146,12.74675274,7.956775188,1.059250355,94.97528076,2.575135708,3.782436848,223.6755829,223.9302216,18.42093277,63.34300995,Autumn,3
10/21/2033,17.95890808,25.21889114,12.60679722,7.898594379,1.053690672,94.9743042,2.581799269,3.795096397,224.0960846,224.283493,18.24071121,63.50863647,Autumn,3
10/22/2033,17.7948761,25.04229546,12.46389294,7.839965343,1.048633695,94.97306824,2.589077234,3.808559895,224.5679169,224.6857758,18.05729294,63.6802063,Autumn,3
10/23/2033,17.626894,24.86090469,12.31795025,7.780879021,1.044098258,94.97156525,2.596970797,3.82282877,225.0889587,225.1354523,17.8705883,63.85800934,Autumn,3
10/24/2033,17.45489502,24.67461395,12.1689024,7.721329689,1.040096283,94.96981049,2.60547781,3.837897778,225.6566315,225.6305237,17.68054581,64.04223633,Autumn,3
10/25/2033,17.2788372,24.48336792,12.01670742,7.661314487,1.036634922,94.96780396,2.614590406,3.853754044,226.2679291,226.168457,17.48714066,64.23304749,Autumn,3
10/26/2033,17.09873009,24.28716087,11.86135006,7.60083437,1.033714175,94.96553802,2.624296904,3.870381355,226.9194946,226.7465515,17.29038239,64.43047333,Autumn,3
10/27/2033,16.91460419,24.08602715,11.70284081,7.539893627,1.031329393,94.96303558,2.634580851,3.88775444,227.607666,227.3615875,17.09031296,64.63453674,Autumn,3
10/28/2033,16.72653961,23.8800354,11.54122257,7.478504658,1.029470325,94.96030426,2.645421267,3.905843735,228.3283386,228.0102234,16.88700485,64.84513855,Autumn,3
10/29/2033,16.53464508,23.66931725,11.37655354,7.416683674,1.028121471,94.95735931,2.656792402,3.924612999,229.0773163,228.6886597,16.6805687,65.06214905,Autumn,3
10/30/2033,16.33906555,23.45403671,11.20893192,7.354450226,1.027263045,94.95420837,2.668664455,3.944020271,229.8501129,229.3929596,16.47114754,65.28535461,Autumn,3
10/31/2033,16.13998985,23.23440361,11.0384779,7.291832447,1.026870489,94.95087433,2.681003809,3.964018345,230.6419983,230.1190033,16.25890923,65.51448822,Autumn,3
11/1/2033,15.93763447,23.01066399,10.86533642,7.22886467,1.026916027,94.9473877,2.693772793,3.984554291,231.4482117,230.862442,16.04406166,65.74920654,Autumn,3
11/2/2033,15.73224545,22.78311348,10.68968201,7.165586472,1.027368307,94.94376373,2.706930161,4.005571365,232.2638855,231.618866,15.82683468,65.98913574,Autumn,3
11/3/2033,15.52411175,22.55208206,10.51171589,7.102043152,1.028192878,94.94003296,2.720430851,4.027006626,233.0840759,232.3837738,15.6074934,66.23382568,Autumn,3
11/4/2033,15.31354427,22.31793404,10.33165359,7.038288116,1.029353142,94.93621826,2.734227419,4.04879427,233.9038696,233.1526337,15.38632488,66.48279572,Autumn,3
11/5/2033,15.10088253,22.08106232,10.14974499,6.974380016,1.030810952,94.93235779,2.748269796,4.070865154,234.7185059,233.9209747,15.16364384,66.73551941,Autumn,3
11/6/2033,14.88649273,21.84189796,9.966254234,6.910383224,1.032526493,94.92847443,2.762505293,4.093145847,235.5231323,234.6843262,14.93978214,66.99143219,Autumn,3
11/7/2033,14.67076206,21.60089684,9.781466484,6.846368313,1.034459829,94.92461395,2.776878834,4.115561485,236.3132477,235.4382629,14.71509838,67.24993896,Autumn,3
11/8/2033,14.45409584,21.35852814,9.595684052,6.782410622,1.036570787,94.92080688,2.791334629,4.138034344,237.0844421,236.1786194,14.48996353,67.51043701,Autumn,3
11/9/2033,14.23691845,21.1152935,9.409223557,6.71859169,1.038819075,94.91708374,2.805816174,4.160485744,237.8325195,236.9013519,14.26476002,67.77224731,Autumn,3
11/10/2033,14.01966572,20.87170792,9.222413063,6.654994965,1.041166306,94.9134903,2.820265055,4.182836533,238.5536346,237.6026154,14.0398941,68.03474426,Autumn,3
11/11/2033,13.80278397,20.62829018,9.035593987,6.591712475,1.043575048,94.9100647,2.834623575,4.205006599,239.2442322,238.2787933,13.81576347,68.29725647,Autumn,3
11/12/2033,13.58672714,20.38557816,8.849114418,6.52883482,1.046009898,94.90683746,2.848834038,4.226915836,239.9009857,238.9265747,13.59278679,68.55912781,Autumn,3
11/13/2033,13.3719492,20.14409828,8.663326263,6.466458321,1.048438311,94.90385437,2.86283946,4.248487949,240.5210571,239.542923,13.37137222,68.81967163,Autumn,3
11/14/2033,13.15890694,19.90439034,8.478587151,6.404678822,1.050830245,94.90114594,2.876583576,4.269643784,241.1019897,240.1251984,13.15193748,69.0782547,Autumn,3
11/15/2033,12.9480505,19.66698837,8.295251846,6.343596458,1.053159356,94.89875793,2.890012741,4.290309906,241.6416168,240.6710205,12.9348917,69.33422852,Autumn,3
11/16/2033,12.73982143,19.43240738,8.113672256,6.28330946,1.055402637,94.89672089,2.903074265,4.310414314,242.1383362,241.1784363,12.72063351,69.58695984,Autumn,3
11/17/2033,12.53465557,19.20115662,7.93419838,6.223917007,1.057541251,94.89506531,2.915718317,4.329889297,242.5908966,241.6458282,12.50955868,69.83586121,Autumn,3
11/18/2033,12.33297253,18.97373009,7.75716877,6.165516853,1.059560657,94.89382935,2.927898169,4.348669052,242.9985199,242.0719604,12.30204296,70.08036041,Autumn,3
11/19/2033,12.13516903,18.75060272,7.582917213,6.108205318,1.061450362,94.89303589,2.939569235,4.366694927,243.3608093,242.4561005,12.09845257,70.31991577,Autumn,3
11/20/2033,11.94162941,18.53222084,7.411755562,6.052074909,1.063204885,94.89272308,2.950691938,4.383910656,243.6778717,242.7977905,11.89913177,70.55401611,Autumn,3
11/21/2033,11.75271416,18.31900406,7.243988037,5.997215271,1.06482327,94.89291382,2.961228609,4.400266647,243.9502716,243.0970154,11.70440102,70.7822113,Autumn,3
11/22/2033,11.56875229,18.11134529,7.079899788,5.943712234,1.066309094,94.89362335,2.971147776,4.415719032,244.1788483,243.354126,11.51456356,71.00405884,Autumn,3
11/23/2033,11.39004993,17.90960884,6.919755936,5.891646385,1.067670703,94.89487457,2.980420113,4.43022871,244.3650208,243.5698547,11.32989597,71.21917725,Autumn,3
11/24/2033,11.21688366,17.71411324,6.763804436,5.841092587,1.068921089,94.89668274,2.98902297,4.443763733,244.5104523,243.7453461,11.15064335,71.42726135,Autumn,3
11/25/2033,11.04949379,17.52514839,6.612259865,5.792119026,1.070077538,94.89905548,2.996936798,4.456298828,244.6172333,243.8820038,10.97702599,71.62799072,Autumn,3
11/26/2033,10.88809204,17.34296417,6.465327263,5.744787693,1.071161747,94.90200806,3.00414753,4.467815399,244.6877441,243.9817047,10.80923367,71.82115173,Autumn,3
11/27/2033,10.73285198,17.16777039,6.323173523,5.699151039,1.072199106,94.90554047,3.010646343,4.478301525,244.724762,244.0464172,10.64742088,72.00653839,Autumn,3
11/28/2033,10.58391285,16.99973488,6.185946465,5.655257225,1.073218942,94.90965271,3.016428709,4.487751484,244.7311707,244.0785217,10.4917202,72.18401337,Autumn,3
11/29/2033,10.44137573,16.83898163,6.053766251,5.61314106,1.074253798,94.91432953,3.021496058,4.496168137,244.7102356,244.0806732,10.34221745,72.35350037,Autumn,3
11/30/2033,10.30531311,16.68559265,5.926717758,5.572833061,1.075339198,94.91957092,3.025853157,4.503559589,244.6653748,244.0556946,10.19897938,72.5149231,Autumn,3
12/1/2033,10.17574596,16.53961754,5.804867744,5.534352303,1.076513052,94.92536926,3.029511213,4.509941578,244.6000671,244.006546,10.0620327,72.66831207,Winter,0
12/2/2033,10.05267906,16.40105057,5.688247681,5.497708321,1.077815175,94.93169403,3.032485962,4.51533556,244.5180359,243.9364014,9.931369781,72.81369781,Winter,0
12/3/2033,9.936060905,16.26985168,5.576864243,5.462902069,1.079287529,94.93852234,3.034797192,4.519770622,244.4230499,243.8485107,9.806962013,72.95115662,Winter,0
12/4/2033,9.825821877,16.1459465,5.470695496,5.429925919,1.080972433,94.9458313,3.03646946,4.523280621,244.3188477,243.7462769,9.688736916,73.08084106,Winter,0
12/5/2033,9.721849442,16.02921295,5.369693756,5.398759842,1.082912803,94.95359039,3.037531376,4.52590704,244.2092133,243.6330109,9.576601028,73.20288849,Winter,0
12/6/2033,9.624002457,15.9194994,5.273778915,5.36937809,1.085151672,94.9617691,3.038016081,4.527695179,244.0978699,243.5121765,9.470433235,73.31750488,Winter,0
12/7/2033,9.532112122,15.81661892,5.182854652,5.341742039,1.087731004,94.97032166,3.037960291,4.52869606,243.9884644,243.3871002,9.370078087,73.42492676,Winter,0
12/8/2033,9.445976257,15.72034931,5.096796036,5.31580925,1.090692401,94.97920227,3.037402868,4.528964996,243.8844604,243.2610931,9.275363922,73.52537537,Winter,0
12/9/2033,9.365372658,15.63044739,5.015454292,5.291525364,1.094074726,94.9883728,3.036386728,4.528561592,243.7892303,243.1373901,9.186095238,73.61915588,Winter,0
12/10/2033,9.290052414,15.54663563,4.938666344,5.268828392,1.097915292,94.99777985,3.034958124,4.52754879,243.7059479,243.0189972,9.102049828,73.7065506,Winter,0
12/11/2033,9.219748497,15.46861553,4.866241455,5.2476511,1.102247834,95.00737,3.033163786,4.525993347,243.6374512,242.9088898,9.022997856,73.78786469,Winter,0
12/12/2033,9.15417099,15.39607334,4.797980309,5.227916718,1.107103586,95.01709747,3.031053543,4.523963928,243.5864258,242.8097382,8.948685646,73.86341858,Winter,0
12/13/2033,9.093025208,15.32867527,4.733660698,5.209544182,1.112509131,95.02690125,3.028678417,4.521531105,243.5552673,242.7241058,8.878853798,73.93354797,Winter,0
12/14/2033,9.035992622,15.26607418,4.673056602,5.192447186,1.118487716,95.03672791,3.026090145,4.51876688,243.5460052,242.6542206,8.813222885,73.99855804,Winter,0
12/15/2033,8.982755661,15.20791149,4.615924835,5.176534176,1.125057101,95.04651642,3.023341417,4.515744209,243.5603485,242.6020813,8.751516342,74.05880737,Winter,0
12/16/2033,8.932987213,15.15383053,4.562018394,5.161710739,1.132230639,95.05620575,3.020485163,4.512536049,243.5997314,242.5694427,8.693452835,74.11458588,Winter,0
12/17/2033,8.8863554,15.10346699,4.511081696,5.147877216,1.140015841,95.06573486,3.017573357,4.509213924,243.6651611,242.5577545,8.638737679,74.16624451,Winter,0
12/18/2033,8.842534065,15.05645561,4.462857246,5.134935379,1.148415089,95.07505798,3.014657259,4.505850315,243.7573242,242.568161,8.587091446,74.21405029,Winter,0
12/19/2033,8.801193237,15.01243877,4.417086601,5.122782707,1.157425165,95.08409882,3.011788607,4.502514362,243.8765259,242.601532,8.538232803,74.25830078,Winter,0
12/20/2033,8.762021065,14.97106838,4.373516083,5.111317635,1.167036295,95.09281921,3.00901556,4.499274254,244.0227356,242.6583099,8.491888046,74.29928589,Winter,0
12/21/2033,8.724701881,14.93200684,4.331886292,5.100440502,1.177233219,95.10115051,3.006385565,4.496194839,244.1954651,242.7387543,8.447785378,74.3372345,Winter,0
12/22/2033,8.688947678,14.89492416,4.291955948,5.090051651,1.187994599,95.10903931,3.003943205,4.493336678,244.3940582,242.8427887,8.405675888,74.37237549,Winter,0
12/23/2033,8.65446949,14.85951805,4.25348568,5.080054283,1.199293256,95.11643982,3.001731157,4.49075985,244.6173401,242.9700012,8.365316391,74.40492249,Winter,0
12/24/2033,8.621003151,14.82549858,4.216246605,5.070353031,1.211095333,95.12330627,2.999788523,4.488516808,244.8639221,243.1196594,8.326481819,74.43503571,Winter,0
12/25/2033,8.588307381,14.79260445,4.180023193,5.06085968,1.223362565,95.12958527,2.998151541,4.486657619,245.1320953,243.2908478,8.288963318,74.46286774,Winter,0
12/26/2033,8.556158066,14.7605896,4.144617081,5.0514884,1.236050248,95.13523865,2.996852875,4.485226631,245.4198151,243.4823151,8.252571106,74.48854828,Winter,0
12/27/2033,8.524352074,14.7292366,4.109835625,5.042160034,1.249109149,95.14022827,2.995921612,4.484263897,245.7248688,243.6925507,8.217142105,74.51216125,Winter,0
12/28/2033,8.492714882,14.69836235,4.075515747,5.032801628,1.262484312,95.14453125,2.995382309,4.483802319,246.0447693,243.9199066,8.182526588,74.5337677,Winter,0
12/29/2033,8.461098671,14.66781235,4.041503906,5.023345947,1.276117206,95.14810181,2.995257139,4.483872414,246.3768311,244.1623993,8.148604393,74.55339813,Winter,0
12/30/2033,8.42937851,14.63745213,4.007667542,5.013734341,1.289944768,95.15092468,2.995562315,4.48449564,246.7182007,244.4179993,8.115272522,74.57106018,Winter,0
12/31/2033,8.397457123,14.60718155,3.973901749,5.003914833,1.303900719,95.15298462,2.996310711,4.485688686,247.0659943,244.684433,8.082456589,74.58673096,Winter,0
1/1/2034,8.365272522,14.57694149,3.940110683,4.993844032,1.317915559,95.15426636,2.99751091,4.487462521,247.4170532,244.9593811,8.050110817,74.6003418,Winter,0
1/2/2034,8.332780838,14.54669285,3.906228065,4.983487129,1.331917048,95.15475464,2.999166965,4.489822865,247.7683411,245.2403259,8.018202782,74.61184692,Winter,0
1/3/2034,8.299972534,14.51642895,3.872205734,4.972816944,1.345831633,95.15444946,3.001279116,4.492768288,248.1167145,245.5247803,7.98673439,74.62111664,Winter,0
1/4/2034,8.266864777,14.48617458,3.838018417,4.961816788,1.359584093,95.15335083,3.003842354,4.496292114,248.4590454,245.8101959,7.955730438,74.62805176,Winter,0
1/5/2034,8.233496666,14.45598984,3.803664684,4.9504776,1.373099089,95.15146637,3.006849051,4.5003829,248.7922668,246.0940247,7.925230026,74.63250732,Winter,0
1/6/2034,8.199941635,14.42594814,3.769161701,4.938800812,1.386300921,95.14881897,3.01028657,4.505022049,249.1134338,246.3737335,7.895303726,74.63431549,Winter,0
1/7/2034,8.166291237,14.3961668,3.73454237,4.926793575,1.399114132,95.14540863,3.014139414,4.510187149,249.419632,246.6468201,7.866044044,74.63331604,Winter,0
1/8/2034,8.132663727,14.3667717,3.699866295,4.914473534,1.411465526,95.1412735,3.018387079,4.515850544,249.7081757,246.9109192,7.83754921,74.62931824,Winter,0
1/9/2034,8.099196434,14.337924,3.665211201,4.901866436,1.423283219,95.13642883,3.023006916,4.521979809,249.9766083,247.1637421,7.809956551,74.62213135,Winter,0
1/10/2034,8.066051483,14.30980396,3.630670071,4.889005184,1.43449831,95.13091278,3.027973175,4.52853775,250.22258,247.4031372,7.783401489,74.61155701,Winter,0
1/11/2034,8.033403397,14.28260612,3.596351624,4.87593174,1.445044994,95.12475586,3.033256531,4.535485268,250.4440155,247.6271515,7.758044243,74.59741211,Winter,0
1/12/2034,8.001444817,14.25654221,3.562378883,4.862692833,1.454860806,95.11801147,3.03882575,4.542777538,250.6391144,247.8339386,7.73405838,74.57945251,Winter,0
1/13/2034,7.970385551,14.23183918,3.528892994,4.849342823,1.463888288,95.11071014,3.04464674,4.550367832,250.806366,248.0219116,7.711619377,74.55751801,Winter,0
1/14/2034,7.940438271,14.20873356,3.496045113,4.835941315,1.472074628,95.1029129,3.050684452,4.558207512,250.9445038,248.189682,7.690922737,74.53138733,Winter,0
1/15/2034,7.911831856,14.18747044,3.463990211,4.822553635,1.479372263,95.09465027,3.056901217,4.566244125,251.0526123,248.3360901,7.672160149,74.50090027,Winter,0
1/16/2034,7.884801865,14.16830444,3.432898045,4.809248924,1.485739231,95.08599091,3.063258886,4.574425697,251.1301117,248.4602509,7.655531883,74.46585083,Winter,0
1/17/2034,7.859584808,14.15149021,3.402945042,4.796099663,1.491140008,95.07698822,3.069718122,4.582697392,251.176651,248.5614624,7.641248703,74.42610168,Winter,0
1/18/2034,7.836417198,14.1372776,3.374305725,4.783182144,1.495545506,95.06769562,3.076239347,4.591005802,251.1923676,248.6393127,7.629498482,74.38149261,Winter,0
1/19/2034,7.815533638,14.12592316,3.347161293,4.770573616,1.498933196,95.05817413,3.082782984,4.599295616,251.1775665,248.6936798,7.620494843,74.33189392,Winter,0
1/20/2034,7.797170639,14.11766434,3.321696281,4.758354664,1.50128746,95.04847717,3.089308739,4.607512474,251.1329193,248.7246857,7.614424706,74.27719116,Winter,0
1/21/2034,7.781558037,14.11275101,3.298088551,4.746602058,1.502599835,95.03866577,3.095777988,4.615603924,251.0594482,248.7326355,7.611475945,74.21728516,Winter,0
1/22/2034,7.768912315,14.11139679,3.276515007,4.735397816,1.502868533,95.02879333,3.102151632,4.62351656,250.9584808,248.7181702,7.611834526,74.15211487,Winter,0
1/23/2034,7.759443283,14.11382866,3.257145882,4.72481823,1.502099872,95.01892853,3.108393669,4.631201744,250.8315125,248.6821136,7.615662575,74.08161926,Winter,0
1/24/2034,7.753350258,14.12024117,3.240149975,4.714939594,1.500306487,95.00912476,3.114467621,4.63861084,250.6804352,248.6255798,7.623124123,74.00579834,Winter,0
1/25/2034,7.750811577,14.13081932,3.225680828,4.705834866,1.497507811,94.9994278,3.120340109,4.645697594,250.507309,248.5497894,7.63435936,73.92461395,Winter,0
1/26/2034,7.752001762,14.14573002,3.213886261,4.697574615,1.493730664,94.98989868,3.125978947,4.652420998,250.3143921,248.4562683,7.649495125,73.83811188,Winter,0
1/27/2034,7.757062912,14.1651125,3.204904079,4.690223694,1.48900795,94.98059082,3.131355047,4.658740044,250.1042023,248.3466339,7.668647766,73.74633026,Winter,0
1/28/2034,7.766127586,14.18909359,3.198859215,4.683843613,1.483378768,94.97154236,3.136440516,4.664620876,249.8793488,248.2226868,7.691905975,73.64933777,Winter,0
1/29/2034,7.779309273,14.21777916,3.195856094,4.678490639,1.476888537,94.96279907,3.14121151,4.670030594,249.6426239,248.0864105,7.719348907,73.54722595,Winter,0
1/30/2034,7.796696663,14.25124168,3.195994854,4.674214363,1.469587207,94.95440674,3.145646334,4.67494154,249.3968811,247.9397736,7.751036644,73.44009399,Winter,0
1/31/2034,7.818362236,14.28954029,3.199354172,4.671057701,1.461530447,94.94639587,3.149726391,4.679329872,249.1450348,247.7849121,7.787002563,73.32808685,Winter,0
2/1/2034,7.844347954,14.33270073,3.206001759,4.669059277,1.452777863,94.93880463,3.153435707,4.683176517,248.8900452,247.6240082,7.827264786,73.21136475,Winter,0
2/2/2034,7.874685287,14.38073444,3.21598053,4.668248177,1.443393707,94.93165588,3.156762362,4.68646574,248.6348419,247.459259,7.871826172,73.09005737,Winter,0
2/3/2034,7.909373283,14.43362617,3.229326725,4.668648243,1.433444262,94.92497253,3.159696817,4.689188004,248.38237,247.2928925,7.920660973,72.96440125,Winter,0
2/4/2034,7.948396683,14.49132824,3.246052265,4.670274734,1.42299974,94.91877747,3.162232637,4.691337109,248.1354675,247.1270294,7.973731995,72.83455658,Winter,0
2/5/2034,7.991716385,14.55378628,3.266157627,4.673134804,1.412131667,94.91307831,3.164367676,4.692911148,247.8968201,246.9638367,8.030977249,72.70074463,Winter,0
2/6/2034,8.03926754,14.6209116,3.289625168,4.677230835,1.400913477,94.90788269,3.166101694,4.693912983,247.6690521,246.8053284,8.09232235,72.56317902,Winter,0
2/7/2034,8.090973854,14.69260025,3.316419125,4.682556152,1.389418721,94.90320587,3.16743803,4.694350243,247.4546051,246.6534424,8.157674789,72.42209625,Winter,0
2/8/2034,8.146739006,14.76872158,3.346490383,4.689097881,1.377721667,94.89903259,3.168383121,4.694233418,247.2556763,246.5100555,8.226918221,72.27770996,Winter,0
2/9/2034,8.206443787,14.84914303,3.379775047,4.696833611,1.365895629,94.89536285,3.168945789,4.693577766,247.0742798,246.3767548,8.299933434,72.13026428,Winter,0
2/10/2034,8.269956589,14.93369865,3.416193008,4.705736637,1.354012609,94.8921814,3.16913867,4.692401886,246.9122314,246.2550812,8.376578331,71.97999573,Winter,0
2/11/2034,8.337130547,15.0222168,3.455657005,4.715773582,1.342143416,94.88947296,3.168975353,4.690728664,246.7709503,246.1463318,8.456703186,71.82713318,Winter,0
2/12/2034,8.407806396,15.11450958,3.498057842,4.726904869,1.330355644,94.88722229,3.168473482,4.688583374,246.6517029,246.05159,8.540148735,71.67189026,Winter,0
2/13/2034,8.481812477,15.2103796,3.543284893,4.739084244,1.318714142,94.88539886,3.167651176,4.685993671,246.5553894,245.9718018,8.626743317,71.51451111,Winter,0
2/14/2034,8.558965683,15.30962658,3.591212749,4.752263069,1.307280302,94.88397217,3.166529894,4.682992458,246.4826355,245.9075928,8.716308594,71.35519409,Winter,0
2/15/2034,8.639083862,15.41202927,3.641709805,4.766386986,1.296111345,94.88291931,3.165132046,4.679610729,246.4337006,245.859375,8.808665276,71.19413757,Winter,0
2/16/2034,8.721962929,15.51737404,3.694636822,4.781395912,1.285259604,94.88219452,3.163482189,4.675884724,246.4086151,245.8273621,8.903617859,71.03155518,Winter,0
2/17/2034,8.807412148,15.62544155,3.749849796,4.797230244,1.274773121,94.88176727,3.16160512,4.671851158,246.4069519,245.8114624,9.000987053,70.86759949,Winter,0
2/18/2034,8.895228386,15.73601246,3.807199001,4.813824654,1.264693975,94.8815918,3.15952754,4.66754818,246.4281006,245.8114471,9.100578308,70.70245361,Winter,0
2/19/2034,8.985211372,15.84886456,3.86653471,4.831114292,1.255059004,94.88162231,3.15727663,4.663014412,246.4710388,245.8266602,9.202203751,70.53624725,Winter,0
2/20/2034,9.077157974,15.96378136,3.92770195,4.849031925,1.245898962,94.88182068,3.154879808,4.658288956,246.5345001,245.856369,9.305679321,70.36912537,Winter,0
2/21/2034,9.17087841,16.08055687,3.990550995,4.867510319,1.237238884,94.88212585,3.152364731,4.653411388,246.6168671,245.8995361,9.410822868,70.20120239,Winter,0
2/22/2034,9.266179085,16.19898224,4.054932594,4.886481762,1.229097009,94.88250732,3.149759054,4.648421288,246.7163391,245.9550018,9.517460823,70.03256226,Winter,0
2/23/2034,9.362874985,16.31886864,4.120693207,4.905880451,1.221485972,94.88291168,3.14709115,4.643356323,246.83078,246.0212097,9.625426292,69.86330414,Winter,0
2/24/2034,9.460793495,16.44002533,4.187696457,4.925642014,1.214411616,94.88328552,3.144387007,4.638255119,246.9578094,246.0966034,9.734558105,69.69347382,Winter,0
2/25/2034,9.559766769,16.56228065,4.255801201,4.945702553,1.20787406,94.8835907,3.141673326,4.633153439,247.0949554,246.179306,9.844712257,69.52311707,Winter,0
2/26/2034,9.65964222,16.6854763,4.324876785,4.966003418,1.201867223,94.88376617,3.138975382,4.628087044,247.2394257,246.2674713,9.955744743,69.35227966,Winter,0
2/27/2034,9.760272026,16.8094635,4.394802094,4.986488342,1.196378946,94.88378143,3.136317015,4.623087883,247.3883362,246.3588867,10.06753159,69.18095398,Winter,0
2/28/2034,9.861528397,16.93410683,4.465460777,5.007104874,1.191391706,94.88358307,3.133721352,4.618187904,247.538681,246.4514008,10.17996216,69.00914001,Winter,0
3/1/2034,9.963294029,17.05928802,4.536747932,5.027803421,1.186882615,94.88313293,3.13120985,4.613416672,247.6874084,246.5427094,10.2929287,68.83682251,Spring,1
3/2/2034,10.06546688,17.18490982,4.608568192,5.048542023,1.182823896,94.88240051,3.128801346,4.608798981,247.8312683,246.6304626,10.40634918,68.66397095,Spring,1
3/3/2034,10.16795731,17.31087875,4.680835724,5.069282532,1.179183006,94.8813324,3.126514435,4.60435915,247.9671326,246.7122803,10.52015114,68.49055481,Spring,1
3/4/2034,10.27069092,17.43712425,4.753480911,5.089989662,1.175923228,94.8799057,3.124365091,4.60011816,248.0918121,246.7857361,10.63426971,68.31652069,Spring,1
3/5/2034,10.37360954,17.5635891,4.826439857,5.110639572,1.173004627,94.87809753,3.122367144,4.596093655,248.2021637,246.8483887,10.74866104,68.14180756,Spring,1
3/6/2034,10.47667027,17.69023323,4.899662018,5.131209373,1.17038393,94.87586975,3.120532513,4.592301369,248.2950897,246.8979797,10.86328983,67.96635437,Spring,1
3/7/2034,10.57984066,17.81702614,4.973105431,5.151682854,1.168014646,94.87320709,3.118870735,4.58875227,248.3677063,246.9321289,10.97813988,67.79011536,Spring,1
3/8/2034,10.68311119,17.94395638,5.046749115,5.17205143,1.165849566,94.87008667,3.117389917,4.585456371,248.417099,246.9487,11.09320354,67.61299133,Spring,1
3/9/2034,10.78646946,18.07102585,5.12057209,5.192312241,1.163838983,94.86650085,3.116095066,4.582417965,248.4406281,246.9455566,11.20848274,67.43494415,Spring,1
3/10/2034,10.88993168,18.19824219,5.194573402,5.21246767,1.161932707,94.86244202,3.114990234,4.579640388,248.4358826,246.9207153,11.32399559,67.25590515,Spring,1
3/11/2034,10.99351978,18.32562828,5.268755913,5.232525349,1.160080075,94.85790253,3.114076138,4.577123165,248.4005585,246.872406,11.43976879,67.07579803,Spring,1
3/12/2034,11.09726715,18.45321846,5.343137741,5.252499104,1.158231258,94.85288239,3.113351583,4.574863434,248.3326416,246.7989502,11.55583286,66.89459229,Spring,1
3/13/2034,11.20121288,18.58105087,5.417742729,5.272408485,1.156336784,94.84738922,3.112814665,4.572854519,248.2304077,246.6989441,11.67224121,66.71222687,Spring,1
3/14/2034,11.30541229,18.7091713,5.492605209,5.292279243,1.154348612,94.84143066,3.11245966,4.57108736,248.0923462,246.5710449,11.7890358,66.52868652,Spring,1
3/15/2034,11.40992165,18.83763504,5.56776619,5.312137604,1.15222156,94.83502197,3.112280369,4.569550991,247.9172974,246.4142456,11.9062767,66.34393311,Spring,1
3/16/2034,11.51480579,18.96649361,5.643278122,5.332018852,1.14991188,94.82817078,3.112267971,4.568231106,247.7043762,246.2277222,12.02402878,66.15795898,Spring,1
3/17/2034,11.62013721,19.09581566,5.719190598,5.351958275,1.147379398,94.82090759,3.112412691,4.567111969,247.4529724,246.0108795,12.14235115,65.97077942,Spring,1
3/18/2034,11.72598457,19.22565651,5.795567513,5.37199688,1.144587278,94.81326294,3.112702131,4.566174984,247.1628571,245.7633667,12.26131535,65.78240204,Spring,1
3/19/2034,11.83242607,19.35607338,5.872473717,5.392178535,1.141502857,94.8052597,3.113124132,4.565399647,246.8340454,245.4849854,12.38098431,65.59286499,Spring,1
3/20/2034,11.93953705,19.48712921,5.949973106,5.412547112,1.138097286,94.79693604,3.11366415,4.564764977,246.4669342,245.1758881,12.50143147,65.40222168,Spring,1
3/21/2034,12.04739094,19.61888123,6.028139114,5.433150768,1.134346247,94.78831482,3.11430645,4.564247131,246.0621643,244.8363953,12.62272072,65.21053314,Spring,1
3/22/2034,12.15606213,19.75137329,6.107043266,5.454036713,1.130230427,94.77944946,3.115035295,4.563822746,245.620697,244.4670563,12.74491405,65.01789856,Spring,1
3/23/2034,12.265625,19.884655,6.186751366,5.475255013,1.125735402,94.77037811,3.115832806,4.563465118,245.1437836,244.0686188,12.86807442,64.82440948,Spring,1
3/24/2034,12.37613773,20.0187664,6.267337799,5.496853352,1.120851874,94.76113892,3.116681337,4.563149452,244.6329193,243.6420288,12.99225235,64.63018799,Spring,1
3/25/2034,12.48766804,20.15373993,6.348870277,5.51887989,1.115576029,94.75178528,3.117562771,4.562848091,244.0898743,243.1884918,13.11750126,64.43537903,Spring,1
3/26/2034,12.6002655,20.28959656,6.431415558,5.541383266,1.109908581,94.74235535,3.118458271,4.562533855,243.5166168,242.7093201,13.24386311,64.2401123,Spring,1
3/27/2034,12.71398354,20.42635536,6.515034676,5.564407825,1.103856325,94.73290253,3.119348764,4.562180519,242.915329,242.2059784,13.37137222,64.04456329,Spring,1
3/28/2034,12.82885838,20.56401253,6.599785805,5.58799839,1.097430587,94.7234726,3.120215178,4.561759949,242.2883911,241.68013,13.50005722,63.84889984,Spring,1
3/29/2034,12.94492626,20.70257378,6.685723305,5.612195015,1.090647936,94.71411896,3.121038198,4.561245441,241.6383057,241.1334534,13.62993813,63.65331268,Spring,1
3/30/2034,13.06220436,20.84202003,6.772896767,5.637036324,1.083529472,94.70487976,3.121800184,4.560611248,240.9677277,240.5678711,13.76102257,63.45800018,Spring,1
3/31/2034,13.1807127,20.98232269,6.861347198,5.662556648,1.076101065,94.69581604,3.122480869,4.559831142,240.2793732,239.98526,13.89331627,63.26315308,Spring,1
4/1/2034,13.30045128,21.12345314,6.951113701,5.688788414,1.068392515,94.68696594,3.123063803,4.558879375,239.5760498,239.3875427,14.02681446,63.0689888,Spring,1
4/2/2034,13.4214201,21.26536751,7.042222977,5.71575737,1.060437679,94.67837524,3.123529673,4.557733059,238.8605652,238.7767792,14.16149521,62.87571335,Spring,1
4/3/2034,13.54360485,21.40801048,7.134700775,5.743487835,1.052273989,94.67009735,3.123862505,4.556367874,238.1357269,238.154953,14.29734135,62.68354034,Spring,1
4/4/2034,13.66698265,21.55131721,7.228560448,5.771997452,1.043941021,94.66216278,3.124046087,4.554761887,237.4043884,237.5240326,14.43431187,62.49266815,Spring,1
4/5/2034,13.79152393,21.69522476,7.323814392,5.801300049,1.035482049,94.65461731,3.12406373,4.552894115,236.6692047,236.8859863,14.57237434,62.30331039,Spring,1
4/6/2034,13.91718578,21.83965492,7.420467377,5.83140564,1.026941419,94.64749908,3.123901367,4.550745964,235.9328308,236.2426758,14.71147823,62.11566544,Spring,1
4/7/2034,14.04392719,21.98452759,7.518511772,5.862318039,1.018365502,94.64084625,3.123544693,4.548297882,235.1978302,235.5958862,14.85156727,61.92990875,Spring,1
4/8/2034,14.17169189,22.1297493,7.617941856,5.894037247,1.009801388,94.6346817,3.122980833,4.545534134,234.4665222,234.9473114,14.99258518,61.74622726,Spring,1
4/9/2034,14.30042362,22.27523613,7.71873951,5.926559925,1.001296401,94.62904358,3.122197151,4.542438984,233.7411499,234.2985535,15.1344614,61.56477356,Spring,1
4/10/2034,14.43005562,22.42089844,7.820887566,5.959876537,0.992897928,94.62395477,3.121182919,4.538998604,233.0237274,233.6510468,15.27712917,61.38569641,Spring,1
4/11/2034,14.56052113,22.56663513,7.924357414,5.993972778,0.984652519,94.61943054,3.119927168,4.535200119,232.3159943,233.0060577,15.42051792,61.20912933,Spring,1
4/12/2034,14.69174671,22.71235275,8.029121399,6.028832436,0.976605415,94.61549377,3.118421555,4.531032562,231.6195679,232.3646851,15.56454945,61.03516388,Spring,1
4/13/2034,14.82366467,22.85796928,8.135144234,6.064433098,0.968799829,94.61215973,3.116657019,4.526486874,230.935791,231.7279358,15.70914555,60.86389542,Spring,1
4/14/2034,14.95619869,23.00338936,8.242391586,6.100749969,0.961276531,94.60944366,3.114626169,4.52155447,230.2657013,231.0965424,15.85423756,60.69536591,Spring,1
4/15/2034,15.08927441,23.14853096,8.350822449,6.137756348,0.954073787,94.60733795,3.112322807,4.516228676,229.6101379,230.4710999,15.99974155,60.52961731,Spring,1
4/16/2034,15.22282314,23.29331398,8.46039772,6.175419807,0.947226048,94.60586548,3.109741449,4.510503292,228.969635,229.8519592,16.14559174,60.36666107,Spring,1
4/17/2034,15.35677242,23.43767357,8.571075439,6.213707447,0.94076407,94.60501099,3.106877327,4.504375935,228.3444672,229.2393646,16.29171371,60.20645905,Spring,1
4/18/2034,15.49106121,23.58154678,8.682814598,6.252584457,0.934714317,94.60477448,3.103726387,4.497841835,227.7346344,228.6333313,16.43804359,60.04896164,Spring,1
4/19/2034,15.62562084,23.72487831,8.795574188,6.292012215,0.929098606,94.60515594,3.100286484,4.490900517,227.1399536,228.0336456,16.58452034,59.89410019,Spring,1
4/20/2034,15.76040554,23.8676281,8.909314156,6.331953526,0.923933685,94.60613251,3.096554756,4.483550072,226.5598602,227.4400635,16.73109245,59.74174881,Spring,1
4/21/2034,15.89535809,24.00976753,9.023996353,6.372367859,0.919231653,94.60770416,3.092530489,4.475791931,225.9936523,226.852005,16.87770844,59.5917778,Spring,1
4/22/2034,16.03044319,24.15127754,9.139588356,6.413217545,0.914998233,94.60984039,3.088213205,4.467627048,225.4403534,226.2688293,17.02433205,59.44401169,Spring,1
4/23/2034,16.16562653,24.2921524,9.256057739,6.454461098,0.91123414,94.61253357,3.083602667,4.459058285,224.898819,225.6897736,17.17093086,59.29825211,Spring,1
4/24/2034,16.30088615,24.43240547,9.373371124,6.496060371,0.907934427,94.61574554,3.078700066,4.450088978,224.3676453,225.1139221,17.3174839,59.1542778,Spring,1
4/25/2034,16.43619919,24.57205391,9.491508484,6.537976265,0.905088186,94.61946869,3.073506832,4.440722942,223.8453827,224.5402527,17.46397591,59.01184082,Spring,1
4/26/2034,16.57156944,24.71113968,9.61044693,6.580171585,0.90267849,94.62367249,3.068026066,4.430965424,223.3303528,223.9676971,17.61040306,58.87066269,Spring,1
4/27/2034,16.70699501,24.84970856,9.730175972,6.622609138,0.900683343,94.62832642,3.062259436,4.420822144,222.8207397,223.3950806,17.75677681,58.73044586,Spring,1
4/28/2034,16.84249306,24.98783112,9.850678444,6.665256977,0.899074554,94.63339233,3.056211472,4.410299301,222.3147736,222.8212433,17.9031086,58.59087753,Spring,1
4/29/2034,16.97808647,25.12557983,9.971953392,6.708081245,0.897818983,94.63885498,3.04988575,4.399405479,221.8105164,222.2449799,18.04942703,58.45161819,Spring,1
4/30/2034,17.11380959,25.26305199,10.09399986,6.751052856,0.896878183,94.64467621,3.043287754,4.388147354,221.3060455,221.6651001,18.19576454,58.31231689,Spring,1
5/1/2034,17.24970627,25.40034485,10.21681976,6.794142723,0.896208644,94.65081787,3.036422014,4.376534462,220.799408,221.0804291,18.34216881,58.17261887,Spring,1
5/2/2034,17.38582993,25.53757477,10.3404274,6.837327957,0.895762801,94.65724182,3.029295206,4.364575386,220.2887878,220.4898987,18.48869324,58.03214645,Spring,1
5/3/2034,17.52223778,25.67486763,10.46483421,6.880583763,0.895488381,94.6639328,3.02191329,4.35228157,219.7723236,219.8925171,18.63539886,57.89051437,Spring,1
5/4/2034,17.6590004,25.81235695,10.59005642,6.923891068,0.895330012,94.67084503,3.014283895,4.339662552,219.2483063,219.2872925,18.78235245,57.74734879,Spring,1
5/5/2034,17.79619408,25.95018196,10.71611786,6.967232704,0.895228684,94.677948,3.006415129,4.326730251,218.7152252,218.6734924,18.92963219,57.6022644,Spring,1
5/6/2034,17.93389702,26.08849335,10.84304428,7.010593891,0.895122647,94.68521118,2.998314619,4.313497066,218.1715546,218.0504761,19.07731438,57.45487213,Spring,1
5/7/2034,18.07219505,26.2274437,10.9708643,7.053963184,0.894948065,94.69259644,2.989991903,4.299976349,217.6161041,217.4177856,19.22549248,57.30480194,Spring,1
5/8/2034,18.21117973,26.3671875,11.09960747,7.09732914,0.894639492,94.70008087,2.98145628,4.286180496,217.0478668,216.7751312,19.3742466,57.15168762,Spring,1
5/9/2034,18.35094261,26.50788498,11.22930622,7.140685081,0.89413029,94.70762634,2.972718716,4.272126198,216.4660187,216.122406,19.5236721,56.99518204,Spring,1
5/10/2034,18.49157524,26.64968681,11.35999107,7.184024334,0.893353522,94.71520996,2.963789701,4.257826805,215.8699799,215.4597626,19.67386055,56.83493423,Spring,1
5/11/2034,18.63317299,26.79275131,11.49169636,7.227342129,0.892241955,94.72280884,2.954681396,4.243299961,215.2594757,214.7875366,19.82490158,56.67063904,Spring,1
5/12/2034,18.77582169,26.93722534,11.62445068,7.270637035,0.890729368,94.73039246,2.945405483,4.228562355,214.6345062,214.106308,19.97688675,56.50198364,Spring,1
5/13/2034,18.91961479,27.08325577,11.75828457,7.31390667,0.888750911,94.73793793,2.935975313,4.21363163,213.9953156,213.4169464,20.12990189,56.32870102,Spring,1
5/14/2034,19.06463242,27.23097801,11.89322662,7.357149124,0.886243463,94.74542236,2.926405191,4.198526859,213.3424988,212.7204437,20.2840271,56.1505394,Spring,1
5/15/2034,19.21095657,27.38051605,12.02929592,7.400363445,0.883145869,94.75283051,2.916708708,4.183267593,212.6769409,212.0181274,20.43934059,55.96728134,Spring,1
5/16/2034,19.35865402,27.53198814,12.1665144,7.443549156,0.879400909,94.76013947,2.906901598,4.167874336,211.9997864,211.3115387,20.59591103,55.7787323,Spring,1
5/17/2034,19.50778961,27.68548965,12.30489063,7.486703873,0.874953985,94.76734161,2.896999359,4.152369499,211.3125,210.6024628,20.75380135,55.58473206,Spring,1
5/18/2034,19.65841484,27.84111595,12.44443417,7.529826641,0.86975491,94.77441406,2.887018442,4.13677454,210.6168671,209.8928833,20.91306305,55.38515854,Spring,1
5/19/2034,19.81056976,27.99893188,12.5851469,7.572911263,0.863757908,94.78134918,2.876975775,4.121112823,209.914856,209.184967,21.07373238,55.17991638,Spring,1
5/20/2034,19.96428871,28.15899277,12.7270174,7.615954876,0.856921852,94.78813171,2.866889238,4.105408669,209.2088165,208.4811401,21.23584366,54.96896362,Spring,1
5/21/2034,20.11958694,28.32133293,12.87003231,7.658949375,0.849211037,94.79476166,2.856776714,4.089686871,208.5012512,207.7839355,21.39941216,54.75226593,Spring,1
5/22/2034,20.27646828,28.48596764,13.01416492,7.70188427,0.840594947,94.80123138,2.846657515,4.073972702,207.7948914,207.0961304,21.56443787,54.52984238,Spring,1
5/23/2034,20.43492126,28.65289307,13.15938091,7.744747639,0.831049502,94.80753326,2.836549997,4.058292866,207.0927124,206.4205475,21.73091698,54.30175018,Spring,1
5/24/2034,20.59491539,28.82208633,13.30563641,7.7875247,0.820555866,94.81365967,2.82647419,4.042673588,206.3978729,205.7601624,21.89881516,54.06806946,Spring,1
5/25/2034,20.75641441,28.99349403,13.45287991,7.830195904,0.80910182,94.8196106,2.816448927,4.027142525,205.713562,205.117981,22.06810379,53.8289299,Spring,1
5/26/2034,20.91936111,29.16704941,13.60104275,7.872740746,0.796681702,94.82539368,2.80649519,4.011726856,205.0431824,204.4971619,22.23871803,53.58447266,Spring,1
5/27/2034,21.08367348,29.34266853,13.75005054,7.915132046,0.78329581,94.83100128,2.796633244,3.996454239,204.3902283,203.9008026,22.41059113,53.33489609,Spring,1
5/28/2034,21.2492733,29.52023125,13.89981747,7.957340717,0.768950939,94.83643341,2.786882401,3.981352806,203.7581329,203.3319855,22.58363724,53.08042145,Spring,1
5/29/2034,21.41604614,29.69960594,14.05025196,7.999334812,0.753660083,94.84170532,2.777263165,3.966450691,203.1503906,202.7938232,22.75775528,52.82128525,Spring,1
5/30/2034,21.58387566,29.88064194,14.20123959,8.041075706,0.73744297,94.84680176,2.767794847,3.951775074,202.5705261,202.2893066,22.93282509,52.55776596,Spring,1
5/31/2034,21.75262451,30.06317139,14.35267353,8.082523346,0.720324576,94.85174561,2.758497715,3.937353611,202.0218506,201.8213501,23.10872269,52.29015732,Spring,1
6/1/2034,21.92214203,30.24699402,14.50442219,8.123634338,0.702336907,94.85652924,2.749390602,3.923213005,201.5077209,201.3926849,23.2852993,52.01877975,Summer,2
6/2/2034,22.09226227,30.43190575,14.65635586,8.164359093,0.683516443,94.86115265,2.740491867,3.909379482,201.0312653,201.0058899,23.46239853,51.74397659,Summer,2
6/3/2034,22.26281357,30.6176815,14.80832958,8.204647064,0.663905501,94.86563873,2.731819391,3.895878315,200.5954132,200.6634064,23.63985634,51.4661026,Summer,2
6/4/2034,22.43360519,30.80408669,14.9601965,8.244444847,0.643551707,94.86997986,2.723390341,3.882733345,200.2029572,200.3673553,23.81748962,51.18552017,Summer,2
6/5/2034,22.6044445,30.9908638,15.11179638,8.283694267,0.622506797,94.87417603,2.71522069,3.869967937,199.856369,200.1197205,23.99510765,50.90261459,Summer,2
6/6/2034,22.77511978,31.17775154,15.26297283,8.322336197,0.600826859,94.87824249,2.707325697,3.857603073,199.5578766,199.9220734,24.17251396,50.61776733,Summer,2
6/7/2034,22.9454174,31.36448097,15.41355419,8.360309601,0.578572154,94.88218689,2.699718952,3.845659256,199.3093872,199.7757416,24.34950447,50.33138657,Summer,2
6/8/2034,23.11511803,31.55077362,15.56337833,8.397550583,0.555805922,94.88600159,2.692413092,3.834154606,199.1125183,199.6817627,24.52586746,50.04386139,Summer,2
6/9/2034,23.28399849,31.73634148,15.71226597,8.433997154,0.532594323,94.88969421,2.685419083,3.823104858,198.9684753,199.6407928,24.70138741,49.75558472,Summer,2
6/10/2034,23.45182991,31.92090416,15.86004734,8.469585419,0.509006023,94.89326477,2.678746462,3.812524319,198.8781128,199.6531677,24.87584686,49.46694946,Summer,2
6/11/2034,23.61838341,32.10416794,16.00654602,8.504249573,0.485111445,94.89672852,2.672403097,3.802425385,198.8418579,199.7187653,25.04902649,49.17835236,Summer,2
6/12/2034,23.78343582,32.28585815,16.15159607,8.537927628,0.460982591,94.90007019,2.666394949,3.792816639,198.859848,199.8371887,25.22070885,48.89016724,Summer,2
6/13/2034,23.94675446,32.46568298,16.29501724,8.570557594,0.436692089,94.90330505,2.660726547,3.783705711,198.9316406,200.0075989,25.39067841,48.60277176,Summer,2
6/14/2034,24.10812378,32.64336777,16.43665314,8.602079391,0.412313402,94.90642548,2.655400515,3.775096416,199.0565033,200.2288361,25.55871582,48.31651306,Summer,2
6/15/2034,24.26732254,32.81864548,16.57633972,8.632437706,0.387919515,94.90943909,2.650416851,3.766990662,199.2332611,200.4993134,25.724617,48.03174973,Summer,2
6/16/2034,24.42414665,32.99125671,16.71392059,8.661579132,0.36358285,94.91233826,2.645774364,3.759387016,199.4602814,200.8170319,25.88818359,47.74880981,Summer,2
6/17/2034,24.57839203,33.16095352,16.84924316,8.689451218,0.339375198,94.91512299,2.641469002,3.752281666,199.7355652,201.1797485,26.04921532,47.46800995,Summer,2
6/18/2034,24.72986794,33.3275032,16.9821701,8.716013908,0.315366447,94.91778564,2.637495995,3.745666981,200.0567322,201.5847473,26.20752907,47.18964767,Summer,2
6/19/2034,24.87839508,33.49068832,17.11257172,8.741224289,0.291625291,94.92034149,2.633846998,3.739533901,200.4210052,202.0291138,26.36295319,46.91400909,Summer,2
6/20/2034,25.02380943,33.65030289,17.24032593,8.765048981,0.268217474,94.92277527,2.630513191,3.733868599,200.8252563,202.5094452,26.51531982,46.64135742,Summer,2
6/21/2034,25.16595268,33.80615616,17.36531448,8.787464142,0.245206907,94.92508698,2.627482176,3.728656769,201.2660675,203.0222321,26.66447639,46.37193298,Summer,2
6/22/2034,25.30468941,33.95808411,17.48744583,8.808444977,0.222654328,94.92726898,2.624741077,3.723879337,201.739624,203.5635834,26.81028748,46.10597992,Summer,2
6/23/2034,25.43989372,34.10594177,17.60663223,8.827981949,0.200617388,94.92932129,2.622274399,3.7195158,202.2419434,204.1294556,26.9526329,45.84370041,Summer,2
6/24/2034,25.571455,34.24959183,17.72279739,8.846069336,0.179150701,94.9312439,2.620065212,3.715542316,202.7687836,204.7156067,27.09139442,45.58529663,Summer,2
6/25/2034,25.69928169,34.38893509,17.83587265,8.862709045,0.158305034,94.93302917,2.618094444,3.711933136,203.3156586,205.3175659,27.22647858,45.33095551,Summer,2
6/26/2034,25.8232975,34.52388,17.94581985,8.877915382,0.138127998,94.93467712,2.616342545,3.708660603,203.8779755,205.9307709,27.35780907,45.08084106,Summer,2
6/27/2034,25.94344521,34.65435791,18.05259323,8.891705513,0.11866302,94.93617249,2.614788055,3.705693722,204.4510193,206.5506592,27.48531342,44.83511734,Summer,2
6/28/2034,26.05967331,34.78031921,18.15616989,8.904109955,0.09995009,94.93753052,2.613407373,3.703001022,205.0299835,207.1724854,27.60894203,44.59393311,Summer,2
6/29/2034,26.17195892,34.90173721,18.25654221,8.915164948,0.08202529,94.93873596,2.612177849,3.700549126,205.6100159,207.7916107,27.72866249,44.3574295,Summer,2
6/30/2034,26.28028679,35.01860428,18.35371399,8.924921036,0.064920999,94.93979645,2.611073971,3.698303223,206.1863403,208.4033813,27.84444618,44.12573624,Summer,2
7/1/2034,26.38466263,35.13092804,18.44769287,8.933429718,0.048665922,94.94070435,2.610070944,3.696226597,206.7542114,209.0032349,27.95628548,43.89899445,Summer,2
7/2/2034,26.48509598,35.23873138,18.53851318,8.940755844,0.033284895,94.94145203,2.609143019,3.694283485,207.30896,209.5867615,28.06417847,43.67733002,Summer,2
7/3/2034,26.58162308,35.34206009,18.62620163,8.946971893,0.018799931,94.94204712,2.608264208,3.692435741,207.8461151,210.1496582,28.16814423,43.46088028,Summer,2
7/4/2034,26.67427444,35.44096375,18.71080399,8.952156067,0.005228994,94.94249725,2.607408047,3.690646648,208.3613739,210.687851,28.26820755,43.24977875,Summer,2
7/5/2034,26.76311302,35.53551483,18.79237747,8.95639801,-0.007412474,94.94278717,2.606549263,3.688878536,208.8506927,211.1975098,28.36439896,43.04416656,Summer,2
7/6/2034,26.84819412,35.62578964,18.87098694,8.959791183,-0.019112291,94.94293213,2.605662584,3.687094688,209.310257,211.6750946,28.45676422,42.84420013,Summer,2
7/7/2034,26.9295845,35.71187592,18.94670105,8.962436676,-0.029860901,94.94293213,2.6047225,3.685259342,209.7366638,212.1173096,28.54535484,42.6500473,Summer,2
7/8/2034,27.00736046,35.7938652,19.01958847,8.964439392,-0.0396511,94.94278717,2.603705883,3.683337212,210.1267395,212.5213165,28.63021278,42.46186829,Summer,2
7/9/2034,27.081604,35.8718605,19.08974075,8.965911865,-0.048477914,94.94249725,2.602589369,3.681294918,210.4777374,212.8845062,28.71141243,42.27986526,Summer,2
7/10/2034,27.15239525,35.945961,19.15722656,8.966970444,-0.056338307,94.94208527,2.601351738,3.679100513,210.787384,213.2047577,28.78900909,42.10424042,Summer,2
7/11/2034,27.21981621,36.01626968,19.22213745,8.967731476,-0.063230619,94.94154358,2.599972725,3.676724434,211.0537262,213.4803314,28.8630619,41.93522644,Summer,2
7/12/2034,27.28396034,36.08288193,19.28455353,8.968318939,-0.069154859,94.94088745,2.59843421,3.674139023,211.2753448,213.7099609,28.9336319,41.77307129,Summer,2
7/13/2034,27.34489441,36.14591217,19.34456253,8.968852997,-0.074112214,94.94012451,2.596719027,3.671319485,211.4512787,213.8927307,29.0007782,41.61803055,Summer,2
7/14/2034,27.40270996,36.20543671,19.40223694,8.969461441,-0.078104645,94.93925476,2.594813347,3.668243885,211.5809631,214.0282898,29.06455612,41.47039795,Summer,2
7/15/2034,27.45747185,36.26154327,19.45766068,8.970262527,-0.081134655,94.93829346,2.592704535,3.664892197,211.664444,214.1166534,29.12502289,41.33049011,Summer,2
7/16/2034,27.50924873,36.31430817,19.51090622,8.971382141,-0.083204545,94.93725586,2.590382576,3.661249638,211.702179,214.158371,29.18220711,41.1986351,Summer,2
7/17/2034,27.55809975,36.36380386,19.56203461,8.972938538,-0.084318191,94.9361496,2.587840319,3.657303333,211.6950989,214.1544189,29.23616028,41.07519531,Summer,2
7/18/2034,27.60407257,36.41007233,19.61110306,8.975046158,-0.084478341,94.93498993,2.585071802,3.653045177,211.6446381,214.1062012,29.28689575,40.96053314,Summer,2
7/19/2034,27.64720345,36.45315552,19.65816879,8.977818489,-0.083687864,94.93377686,2.582075357,3.648468494,211.5527344,214.0155945,29.33443642,40.85506058,Summer,2
7/20/2034,27.68752289,36.49308014,19.70326233,8.981361389,-0.081949502,94.93253326,2.578850508,3.643572807,211.4216614,213.8848877,29.3787899,40.75918579,Summer,2
7/21/2034,27.72504044,36.52984619,19.746418,8.985774994,-0.079265192,94.93127441,2.575400352,3.638360977,211.2542267,213.7167511,29.41994476,40.67334747,Summer,2
7/22/2034,27.75975609,36.56345749,19.78765869,8.99115181,-0.075637005,94.93000031,2.57172966,3.632838249,211.0535889,213.514267,29.45788383,40.59799576,Summer,2
7/23/2034,27.79165459,36.59387589,19.82698059,8.997577667,-0.071066186,94.9287262,2.567847729,3.627015591,210.8232269,213.280838,29.49258041,40.53358459,Summer,2
7/24/2034,27.82071114,36.62105179,19.8643837,9.005126953,-0.065553032,94.92747498,2.563763618,3.620906353,210.5670624,213.0201416,29.52398109,40.48059082,Summer,2
7/25/2034,27.84688187,36.64493561,19.89984894,9.013866425,-0.059098113,94.92624664,2.559491634,3.614528179,210.2892456,212.7362518,29.55203056,40.43949509,Summer,2
7/26/2034,27.87010193,36.66543579,19.93334961,9.023854256,-0.051700968,94.92505646,2.55504632,3.607902527,209.9942017,212.4334259,29.57666206,40.41077423,Summer,2
7/27/2034,27.89031029,36.68245697,19.96483612,9.035134315,-0.043361027,94.92391968,2.550446033,3.601052761,209.686554,212.1160431,29.59778786,40.39492798,Summer,2
7/28/2034,27.90740776,36.6958847,19.99425125,9.047739983,-0.034077831,94.92284393,2.545710325,3.594007969,209.3710632,211.7887878,29.61531067,40.39241028,Summer,2
7/29/2034,27.9213047,36.70558929,20.02153015,9.061693192,-0.023850067,94.92183685,2.54086113,3.586798191,209.0527344,211.4563599,29.62912178,40.40370941,Summer,2
7/30/2034,27.93187904,36.71141815,20.0465889,9.077005386,-0.01267716,94.92090607,2.535922289,3.579456329,208.7364807,211.1235962,29.63910294,40.42927551,Summer,2
7/31/2034,27.93901634,36.7132225,20.06933212,9.093673706,-0.000558482,94.9200592,2.530918598,3.5720191,208.4273682,210.7953339,29.64512062,40.46955109,Summer,2
8/1/2034,27.94257545,36.71081924,20.08966446,9.111682892,0.012505852,94.91931152,2.525876999,3.564524174,208.1303864,210.4763641,29.6470356,40.52495575,Summer,2
8/2/2034,27.94241333,36.70403671,20.10746384,9.131006241,0.026514756,94.91866302,2.520824432,3.557010651,207.8504333,210.1714478,29.64470673,40.5958786,Summer,2
8/3/2034,27.93837547,36.69267654,20.12261581,9.151603699,0.041467026,94.91812134,2.515789986,3.549521446,207.5922699,209.8852692,29.6379776,40.68269348,Summer,2
8/4/2034,27.9303112,36.67654419,20.13498306,9.173422813,0.057359062,94.91768646,2.510802269,3.542097569,207.3605957,209.6222382,29.626688,40.78572083,Summer,2
8/5/2034,27.91805077,36.65543747,20.14443588,9.196399689,0.074186176,94.91737366,2.505891323,3.534782887,207.1597137,209.3867035,29.61068153,40.90525436,Summer,2
8/6/2034,27.90143204,36.62916183,20.1508255,9.220457077,0.091941901,94.91716766,2.501085997,3.527619839,206.9938049,209.1826782,29.58979607,41.04153442,Summer,2
8/7/2034,27.88029289,36.59751129,20.1540184,9.245510101,0.11061731,94.91707611,2.496416092,3.520652771,206.8666534,209.0139313,29.56387138,41.19476318,Summer,2
8/8/2034,27.85445976,36.56029129,20.15385818,9.271459579,0.130201489,94.917099,2.491909504,3.513924599,206.7817841,208.8839111,29.53274155,41.36507416,Summer,2
8/9/2034,27.82378387,36.51729965,20.1502037,9.2981987,0.150680348,94.91724396,2.487594843,3.507476807,206.742218,208.7957306,29.49625778,41.55257416,Summer,2
8/10/2034,27.7881031,36.46837234,20.14290237,9.325611115,0.172037095,94.91749573,2.483498812,3.501351357,206.7507019,208.7520752,29.45427513,41.75727844,Summer,2
8/11/2034,27.7472744,36.41331863,20.13181686,9.353567123,0.194251642,94.91785431,2.479646921,3.495586395,206.8093872,208.755249,29.40665054,41.97916412,Summer,2
8/12/2034,27.70115852,36.35198975,20.11680603,9.381938934,0.217300639,94.9183197,2.47606349,3.49022007,206.920105,208.8071136,29.35325813,42.21813202,Summer,2
8/13/2034,27.64963341,36.28424072,20.09774017,9.410583496,0.241156831,94.91888428,2.472770452,3.485286713,207.0841217,208.9091187,29.29397964,42.47402191,Summer,2
8/14/2034,27.59258461,36.20995331,20.07448959,9.439354897,0.265789181,94.91954041,2.469788074,3.480818748,207.3021698,209.0621643,29.22871208,42.74660492,Summer,2
8/15/2034,27.52991486,36.12901306,20.04694748,9.468104362,0.291162848,94.92028809,2.467134237,3.476845741,207.574585,209.2667999,29.15737724,43.03557968,Summer,2
8/16/2034,27.46155357,36.04135513,20.01499939,9.496678352,0.317239165,94.92111969,2.464824677,3.473392963,207.9010468,209.5229645,29.07989502,43.3405838,Summer,2
8/17/2034,27.38743401,35.94691467,19.9785614,9.52491951,0.343974888,94.92201996,2.462872028,3.47048378,208.2808533,209.8301544,28.99622345,43.66117859,Summer,2
8/18/2034,27.30752373,35.84566879,19.93755722,9.552668571,0.37132296,94.92298889,2.461286545,3.468136787,208.712677,210.187439,28.90633202,43.99684143,Summer,2
8/19/2034,27.22180367,35.73760986,19.89191818,9.579769135,0.399231911,94.92401886,2.460076332,3.466366291,209.1947784,210.5933685,28.810215,44.34701157,Summer,2
8/20/2034,27.13028336,35.6227684,19.84160233,9.606063843,0.427646518,94.9250946,2.459244967,3.465183258,209.724884,211.046051,28.70788002,44.71103287,Summer,2
8/21/2034,27.03299141,35.50120544,19.78657532,9.631396294,0.456507415,94.92621613,2.458794355,3.464594364,210.3002625,211.5430908,28.59938049,45.08820343,Summer,2
8/22/2034,26.92998505,35.37301254,19.72683334,9.65561676,0.48575151,94.92736816,2.458722591,3.464601994,210.9177704,212.0818024,28.48476601,45.47774124,Summer,2
8/23/2034,26.82134819,35.23830795,19.66238403,9.678572655,0.515311897,94.92854309,2.459025621,3.465204239,211.573822,212.6589966,28.36413193,45.87882233,Summer,2
8/24/2034,26.70718002,35.09724045,19.59325027,9.700123787,0.545118272,94.92974854,2.459695578,3.466394424,212.2644653,213.2711639,28.23758698,46.29055786,Summer,2
8/25/2034,26.58761787,34.95000458,19.51948166,9.720131874,0.575097561,94.93095398,2.460722208,3.468163013,212.9854431,213.914444,28.10526657,46.71202087,Summer,2
8/26/2034,26.46282005,34.79680634,19.44114304,9.73846817,0.605173588,94.93217468,2.462091684,3.47049427,213.7321625,214.5846863,27.96733856,47.14220428,Summer,2
8/27/2034,26.33296585,34.63789368,19.35832214,9.755007744,0.635267735,94.93338776,2.463788509,3.473370075,214.4997559,215.2775269,27.82398033,47.58008575,Summer,2
8/28/2034,26.19826698,34.47354126,19.27112961,9.769639015,0.665299356,94.93460083,2.465793848,3.476768494,215.2832031,215.988327,27.6754055,48.02461243,Summer,2
8/29/2034,26.05894279,34.30404663,19.17968369,9.782256126,0.695186198,94.93579865,2.468086481,3.4806633,216.077301,216.7123108,27.52183533,48.47468567,Summer,2
8/30/2034,25.91525269,34.12974167,19.08413315,9.792764664,0.724844635,94.93698883,2.470643759,3.485024929,216.876709,217.4445648,27.36353302,48.92918396,Summer,2
8/31/2034,25.76746178,33.95097351,18.98463821,9.801082611,0.754190922,94.93815613,2.473439455,3.489821434,217.6760712,218.18013,27.20076561,49.38697052,Summer,2
9/1/2034,25.61586571,33.76811981,18.88137436,9.807131767,0.783140421,94.93930817,2.476447344,3.495017529,218.4700317,218.9139557,27.03381157,49.84690475,Autumn,3
9/2/2034,25.46076775,33.58156967,18.77453995,9.810853958,0.81160903,94.94043732,2.479638338,3.500576496,219.2531891,219.6411133,26.86298752,50.307827,Autumn,3
9/3/2034,25.30248833,33.39173126,18.66434097,9.812194824,0.839513958,94.94154358,2.482983589,3.506458282,220.0203705,220.3565674,26.68860817,50.76859665,Autumn,3
9/4/2034,25.14135933,33.19902802,18.55099487,9.81111908,0.866773486,94.94263458,2.486451626,3.512621403,220.766449,221.0555725,26.51100159,51.22808075,Autumn,3
9/5/2034,24.9777298,33.00389481,18.43473816,9.807596207,0.893307805,94.9437027,2.490011454,3.519024372,221.4865112,221.7334747,26.33050346,51.6851387,Autumn,3
9/6/2034,24.81194496,32.80676651,18.31581116,9.801610947,0.919039786,94.94475555,2.493632317,3.525624275,222.1759338,222.3857727,26.14747429,52.13869476,Autumn,3
9/7/2034,24.6443615,32.60809326,18.19445801,9.793157578,0.94389534,94.94579315,2.497282267,3.53237772,222.8303833,223.0082855,25.96224976,52.58766937,Autumn,3
9/8/2034,24.47533798,32.40831375,18.07094574,9.782243729,0.967804134,94.94682312,2.500929832,3.539241314,223.4457855,223.5970917,25.77519417,53.03104401,Autumn,3
9/9/2034,24.30523109,32.20787048,17.94551849,9.768884659,0.99069947,94.94783783,2.504545212,3.546173096,224.0184631,224.1485748,25.58665085,53.46782684,Autumn,3
9/10/2034,24.13438988,32.00720596,17.8184433,9.753108025,1.012519836,94.94886017,2.508099079,3.553131104,224.5452423,224.6595001,25.39697647,53.8970871,Autumn,3
9/11/2034,23.96316719,31.80673981,17.68997574,9.734952927,1.03320837,94.94987488,2.511563301,3.560076237,225.0232544,225.1269989,25.20651436,54.3179512,Autumn,3
9/12/2034,23.79189873,31.606884,17.56037521,9.714464188,1.05271399,94.95090485,2.514911413,3.566969395,225.4501495,225.5486755,25.01559639,54.729599,Autumn,3
9/13/2034,23.62090111,31.40803146,17.42989349,9.691696167,1.070991516,94.95194244,2.51811862,3.573775291,225.8240967,225.9224854,24.82455063,55.13129044,Autumn,3
9/14/2034,23.45049286,31.21056366,17.2987709,9.666714668,1.088001728,94.95300293,2.521163702,3.580461502,226.1437531,226.2468872,24.63367844,55.52234268,Autumn,3
9/15/2034,23.2809639,31.01482773,17.16724396,9.639587402,1.103712082,94.95407867,2.524025917,3.586997509,226.4082336,226.5208282,24.44327927,55.90215683,Autumn,3
9/16/2034,23.11258507,30.82114601,17.03553772,9.61039257,1.118097186,94.95519257,2.526688814,3.593357086,226.6172791,226.7437134,24.25362968,56.27021027,Autumn,3
9/17/2034,22.94560432,30.62981987,16.90386581,9.579210281,1.131138086,94.95633698,2.529138088,3.599517822,226.7711487,226.9154816,24.06497574,56.62607193,Autumn,3
9/18/2034,22.78025627,30.44111443,16.77241898,9.546128273,1.142823458,94.95751953,2.531362772,3.605461121,226.8705139,227.0364532,23.87755966,56.96937943,Autumn,3
9/19/2034,22.61673355,30.25526047,16.64138412,9.511236191,1.153149247,94.95874786,2.533355236,3.611172676,226.9167023,227.1075439,23.69157982,57.29986191,Autumn,3
9/20/2034,22.45520782,30.07245064,16.51091385,9.474629402,1.162118316,94.96002197,2.535110712,3.616641998,226.911499,227.1300812,23.50722313,57.6173439,Autumn,3
9/21/2034,22.29582405,29.89284325,16.38115692,9.436401367,1.169741392,94.96134186,2.5366292,3.621864319,226.8571625,227.1059265,23.32464027,57.92173386,Autumn,3
9/22/2034,22.13869286,29.71656418,16.25223541,9.396648407,1.176035881,94.96270752,2.537912607,3.626839161,226.7564697,227.0372467,23.14395332,58.21302414,Autumn,3
9/23/2034,21.98389435,29.54368401,16.12424469,9.355466843,1.181026936,94.96413422,2.538967609,3.631570816,226.6125793,226.9267731,22.96526337,58.49129868,Autumn,3
9/24/2034,21.8314724,29.37425041,15.99727345,9.312952995,1.184745908,94.96560669,2.539804459,3.636068344,226.4291229,226.7775879,22.78863716,58.7567215,Autumn,3
9/25/2034,21.68144798,29.20825386,15.87136555,9.269199371,1.187231302,94.96712494,2.540436029,3.64034605,226.2100372,226.5931091,22.6140995,59.00953674,Autumn,3
9/26/2034,21.53380013,29.04566002,15.74655437,9.224300385,1.188527822,94.96869659,2.54087925,3.644421577,225.9597015,226.3770752,22.44166565,59.25007629,Autumn,3
9/27/2034,21.38847733,28.88637924,15.62285137,9.178344727,1.188686132,94.9703064,2.5411551,3.648319244,225.6826477,226.1336212,22.27130508,59.47874832,Autumn,3
9/28/2034,21.24539757,28.73029137,15.50023937,9.131416321,1.187762618,94.97195435,2.541286707,3.652065754,225.3837891,225.8670349,22.10296059,59.69602966,Autumn,3
9/29/2034,21.10445023,28.57723808,15.37867832,9.08359623,1.185818434,94.97363281,2.541300297,3.655693531,225.0682068,225.5818634,21.93655396,59.90246201,Autumn,3
9/30/2034,20.96548843,28.42702293,15.25810528,9.0349617,1.182919979,94.97533417,2.541226149,3.659237862,224.7410583,225.2828674,21.77196693,60.09865189,Autumn,3
10/1/2034,20.82834053,28.27940941,15.13843632,8.985582352,1.179137468,94.97705078,2.541095018,3.662737846,224.4077454,224.974823,21.60906219,60.28527069,Autumn,3
10/2/2034,20.69281197,28.13413811,15.01956654,8.935527802,1.174544692,94.97877502,2.54094243,3.666235924,224.0736389,224.6627045,21.44767952,60.46303558,Autumn,3
10/3/2034,20.55867195,27.99090958,14.90137386,8.884852409,1.169218302,94.98048401,2.540803671,3.66977787,223.7440948,224.3514557,21.28762627,60.63270187,Autumn,3
10/4/2034,20.42568016,27.84940529,14.78370953,8.833612442,1.163237572,94.98217773,2.540717602,3.673411369,223.424469,224.046051,21.12869644,60.79507065,Autumn,3
10/5/2034,20.29356766,27.7092762,14.66641521,8.781856537,1.156683207,94.98384094,2.540723324,3.677186012,223.1200104,223.7513733,20.97066307,60.95097351,Autumn,3
10/6/2034,20.16204834,27.57015228,14.54931355,8.729620934,1.149637461,94.98545074,2.54086113,3.681152821,222.8358307,223.4721832,20.81328011,61.10126877,Autumn,3
10/7/2034,20.03082657,27.43165207,14.43221378,8.676943779,1.142182589,94.98699951,2.541172504,3.685364246,222.576767,223.21315,20.65629387,61.24683762,Autumn,3
10/8/2034,19.89958954,27.29337883,14.31491566,8.623853683,1.134401083,94.98847198,2.541698694,3.689873219,222.3475342,222.978714,20.4994297,61.3885498,Autumn,3
10/9/2034,19.76801682,27.15491486,14.19720936,8.570371628,1.126374006,94.98984528,2.542480707,3.694732189,222.1524658,222.7730865,20.34241676,61.52729416,Autumn,3
10/10/2034,19.63578415,27.01585197,14.07887554,8.516513824,1.118181467,94.99111176,2.543559551,3.69999361,221.9955902,222.6002655,20.18496895,61.66396332,Autumn,3
10/11/2034,19.50256538,26.87577248,13.95969105,8.462293625,1.109901905,94.99225616,2.544975281,3.705708981,221.8806,222.4637909,20.02679825,61.7994194,Autumn,3
10/12/2034,19.36803246,26.73426056,13.83943272,8.407714844,1.101610065,94.99324799,2.546765804,3.711926937,221.810791,222.3670197,19.86762619,61.93452072,Autumn,3
10/13/2034,19.23186302,26.59090424,13.71787548,8.352781296,1.093378305,94.99408722,2.54896903,3.718695164,221.7889862,222.3128357,19.70716476,62.07008743,Autumn,3
10/14/2034,19.09374619,26.44530678,13.59479237,8.297489166,1.085275292,94.99475098,2.551618576,3.72605896,221.8175659,222.3038177,19.54514503,62.20692444,Autumn,3
10/15/2034,18.95337486,26.29708481,13.46997547,8.241833687,1.07736516,94.995224,2.55474782,3.73405838,221.8984985,222.342041,19.38130379,62.34577942,Autumn,3
10/16/2034,18.81046104,26.14587402,13.34320545,8.185806274,1.069707751,94.99549103,2.558385849,3.742733002,222.0331879,222.4291687,19.21538353,62.4873848,Autumn,3
10/17/2034,18.66473579,25.99132347,13.21428585,8.129394531,1.062357903,94.9955368,2.562559843,3.752115726,222.2225647,222.5664368,19.04715347,62.63239288,Autumn,3
10/18/2034,18.51594543,25.83311653,13.08303165,8.072588921,1.055365086,94.99536133,2.567292452,3.762235641,222.4670868,222.7546082,18.87639236,62.78142166,Autumn,3
10/19/2034,18.36386299,25.67096519,12.94926739,8.015374184,1.04877305,94.99494934,2.572603226,3.773118496,222.7666473,222.993988,18.70290565,62.93503571,Autumn,3
10/20/2034,18.20828438,25.50460434,12.81283665,7.957737446,1.042619944,94.99428558,2.578508615,3.784781933,223.1206207,223.2844238,18.52651787,63.09371567,Autumn,3
10/21/2034,18.04903793,25.33381081,12.6736021,7.89966774,1.036938071,94.99337006,2.58501935,3.797241211,223.5280304,223.6252441,18.34707832,63.25790024,Autumn,3
10/22/2034,17.8859787,25.15839767,12.5314436,7.841151714,1.031753421,94.99219513,2.592143297,3.810503483,223.9872131,224.0154114,18.16446686,63.42796326,Autumn,3
10/23/2034,17.71899223,24.97821426,12.38626766,7.782180309,1.027086139,94.9907608,2.59988308,3.824571133,224.4961548,224.4534302,17.97859192,63.6041832,Autumn,3
10/24/2034,17.54800034,24.79315567,12.23799992,7.722747326,1.022950053,94.98907471,2.608237267,3.839440823,225.0524597,224.9373322,17.78938675,63.78679276,Autumn,3
10/25/2034,17.37295914,24.60315323,12.08659458,7.662848473,1.019353271,94.98712921,2.617199183,3.855102062,225.6531372,225.464798,17.59682465,63.97594452,Autumn,3
10/26/2034,17.19386101,24.40818596,11.93202877,7.602483749,1.016297579,94.98492432,2.626759052,3.871538162,226.2949829,226.0331421,17.40090179,64.17171478,Autumn,3
10/27/2034,17.01073647,24.20827675,11.7743063,7.541657925,1.01377964,94.98248291,2.636900425,3.888727188,226.9743652,226.639267,17.20165253,64.37412262,Autumn,3
10/28/2034,16.82364655,24.00349045,11.61345768,7.480380058,1.011790276,94.97980499,2.647603512,3.90664053,227.6873169,227.2798462,16.99914742,64.58309937,Autumn,3
10/29/2034,16.63269424,23.79393959,11.44954491,7.418664455,1.010315537,94.97691345,2.658844709,3.925243378,228.4296265,227.9511871,16.79348183,64.79852295,Autumn,3
10/30/2034,16.43802261,23.57978058,11.28265095,7.356532097,1.00933671,94.97380829,2.670594454,3.944495678,229.1968994,228.6493988,16.58479309,65.02021027,Autumn,3
10/31/2034,16.23980141,23.36121178,11.11289215,7.294007778,1.008830309,94.97052002,2.682820559,3.9643507,229.9844513,229.3703918,16.37323952,65.24787903,Autumn,3
11/1/2034,16.03824425,23.13847542,10.94040775,7.231124401,1.008769035,94.96707153,2.69548583,3.984757423,230.7875366,230.1098785,16.15902138,65.48124695,Autumn,3
11/2/2034,15.8335886,22.91184807,10.76536369,7.167919159,1.00912261,94.96347809,2.708550215,4.00565958,231.6012878,230.8634949,15.9423666,65.71990967,Autumn,3
11/3/2034,15.62611485,22.68165588,10.58795357,7.104437351,1.009857535,94.9597702,2.721969366,4.026996613,232.4208221,231.6266937,15.72352695,65.9634552,Autumn,3
11/4/2034,15.41612339,22.44824982,10.40839481,7.040730476,1.010937333,94.95597076,2.735696793,4.048702717,233.2411804,232.3950043,15.50278759,66.21140289,Autumn,3
11/5/2034,15.20395184,22.21202087,10.22692394,6.976854324,1.012324333,94.95211792,2.749682426,4.070709705,234.0575256,233.1638947,15.28045559,66.46324158,Autumn,3
11/6/2034,14.98995876,21.97338867,10.04380417,6.912873268,1.013979435,94.94824219,2.763874531,4.092945099,234.8651123,233.9288788,15.0568552,66.71840668,Autumn,3
11/7/2034,14.7745266,21.73279953,9.859312057,6.848856449,1.015862107,94.94437408,2.778218746,4.115334034,235.659256,234.6856079,14.8323431,66.97633362,Autumn,3
11/8/2034,14.55805492,21.49072647,9.673748016,6.784876823,1.017932296,94.94054413,2.79265976,4.137800217,236.4355774,235.4297485,14.6072855,67.2363739,Autumn,3
11/9/2034,14.34096336,21.2476635,9.487426758,6.721014977,1.020149946,94.9367981,2.807140112,4.160264492,237.1898346,236.1572418,14.38206387,67.4979248,Autumn,3
11/10/2034,14.12368774,21.00411606,9.300671577,6.657354832,1.022476077,94.93317413,2.821602345,4.182647705,237.918045,236.8642273,14.15707397,67.76031494,Autumn,3
11/11/2034,13.90667248,20.76060677,9.113823891,6.593985081,1.024872661,94.92970276,2.835988998,4.204870224,238.6165619,237.5469818,13.93272114,68.02288818,Autumn,3
11/12/2034,13.69036674,20.51766777,8.92722702,6.530997276,1.027304411,94.92642212,2.850241899,4.226852417,239.2820892,238.2021484,13.70941544,68.28497314,Autumn,3
11/13/2034,13.47522545,20.27582741,8.741231918,6.468486309,1.029737234,94.92337036,2.864303589,4.248515606,239.9115906,238.8266449,13.48757362,68.5459137,Autumn,3
11/14/2034,13.26170635,20.03562927,8.556196213,6.4065485,1.03214097,94.92059326,2.878118277,4.269782543,240.5024719,239.4176636,13.26760387,68.80505371,Autumn,3
11/15/2034,13.05026245,19.79759979,8.372476578,6.345282555,1.034488082,94.91812134,2.891631365,4.290577888,241.0526276,239.9727936,13.04992294,69.06173706,Autumn,3
11/16/2034,12.84133625,19.5622673,8.190426826,6.284787178,1.036754727,94.91599274,2.904789448,4.310829163,241.5602112,240.4899597,12.83493042,69.31533813,Autumn,3
11/17/2034,12.63536453,19.33013725,8.010394096,6.225162506,1.038920999,94.91423798,2.917542696,4.330467701,242.02388,240.9674835,12.62302303,69.56524658,Autumn,3
11/18/2034,12.43277168,19.10170937,7.832722664,6.16650486,1.040971398,94.9128952,2.92984271,4.349427223,242.4427948,241.404068,12.41458511,69.81089783,Autumn,3
11/19/2034,12.23396206,18.87746429,7.657745361,6.108912468,1.042894244,94.9119873,2.941644669,4.367647171,242.8164368,241.7987518,12.20997906,70.05173492,Autumn,3
11/20/2034,12.03932285,18.65785408,7.485780716,6.052477837,1.044682741,94.91155243,2.952908039,4.385070324,243.1447754,242.151062,12.00955963,70.2872467,Autumn,3
11/21/2034,11.84921741,18.44330788,7.317137718,5.997292519,1.04633522,94.91161346,2.963594437,4.40164566,243.4282684,242.4608765,11.81365299,70.51695251,Autumn,3
11/22/2034,11.66398716,18.23422623,7.152104378,5.943443298,1.04785347,94.9121933,2.973670959,4.417327404,243.6676941,242.7284698,11.62256432,70.74041748,Autumn,3
11/23/2034,11.48394489,18.03097534,6.990951538,5.891010761,1.049245119,94.91330719,2.983107567,4.432076454,243.8643188,242.9544525,11.4365797,70.95726013,Autumn,3
11/24/2034,11.30937099,17.83389091,6.833929062,5.840072155,1.050521731,94.91497803,2.991879702,4.445857525,244.0197296,243.1398773,11.25595284,71.16713715,Autumn,3
11/25/2034,11.14051533,17.6432724,6.681263924,5.790697098,1.051699877,94.91720581,2.999967098,4.458644867,244.1359863,243.2861023,11.08090591,71.36972809,Autumn,3
11/26/2034,10.97759914,17.45937157,6.53316021,5.742949963,1.05279994,94.92001343,3.007355213,4.4704175,244.2153168,243.3948517,10.91164112,71.56480408,Autumn,3
11/27/2034,10.82080269,17.28240967,6.389799118,5.696885109,1.053846359,94.92340088,3.014032125,4.481161594,244.2604218,243.4680939,10.74832153,71.75214386,Autumn,3
11/28/2034,10.67027664,17.11257362,6.251328468,5.652551651,1.054867625,94.92736816,3.019993782,4.490870953,244.274231,243.5081329,10.59108162,71.93161011,Autumn,3
11/29/2034,10.52613258,16.94998741,6.117876053,5.609988213,1.055895448,94.93190765,3.025239468,4.499545097,244.2597961,243.5175171,10.44002533,72.10310364,Autumn,3
11/30/2034,10.38844585,16.79475403,5.989536285,5.569226265,1.056964874,94.93701172,3.029772997,4.507191658,244.2205811,243.499054,10.29521561,72.26654053,Autumn,3
12/1/2034,10.2572546,16.64692116,5.866382599,5.530286789,1.05811286,94.9426651,3.03360486,4.513824463,244.1600647,243.4556427,10.15669632,72.42193604,Winter,0
12/2/2034,10.13256645,16.50650597,5.748455048,5.493183136,1.059379101,94.94886017,3.036748648,4.519462585,244.0818634,243.3904266,10.0244627,72.56932068,Winter,0
12/3/2034,10.01434231,16.37347221,5.635764122,5.457918644,1.060804963,94.95556641,3.039223671,4.524134159,243.9897461,243.3066711,9.898496628,72.70875549,Winter,0
12/4/2034,9.902516365,16.24775124,5.528294563,5.42448616,1.062432528,94.96276093,3.041053057,4.527872562,243.8874969,243.2076874,9.778735161,72.84036255,Winter,0
12/5/2034,9.796988487,16.12923813,5.426005363,5.392868996,1.064305067,94.97041321,3.042264938,4.530715942,243.7788849,243.0968781,9.665086746,72.96430206,Winter,0
12/6/2034,9.697626114,16.01778793,5.328827858,5.363044262,1.066465259,94.97848511,3.042890549,4.532709122,243.6676025,242.9776154,9.557440758,73.08075714,Winter,0
12/7/2034,9.604264259,15.91321659,5.236667633,5.334976196,1.068955779,94.98694611,3.042966366,4.533901691,243.5573883,242.853302,9.455646515,73.18994141,Winter,0
12/8/2034,9.516708374,15.81531715,5.149404526,5.308621883,1.071817875,94.99575043,3.04253006,4.534348011,243.4517212,242.7272034,9.359539986,73.29211426,Winter,0
12/9/2034,9.434745789,15.72384739,5.0668993,5.283930779,1.075091362,95.00485229,3.041625023,4.534106731,243.3539886,242.6026154,9.268931389,73.38754272,Winter,0
12/10/2034,9.358129501,15.63854122,4.988988876,5.260844231,1.07881391,95.01420593,3.040294647,4.533240318,243.2674255,242.4826508,9.183599472,73.47650146,Winter,0
12/11/2034,9.286597252,15.55910301,4.915492058,5.239294052,1.083020568,95.02375793,3.038587093,4.531814098,243.1949768,242.3701935,9.103323936,73.55931091,Winter,0
12/12/2034,9.219866753,15.48521996,4.846208572,5.219205856,1.087742686,95.0334549,3.036551237,4.529896736,243.1393585,242.2680664,9.027851105,73.63626862,Winter,0
12/13/2034,9.157641411,15.41656685,4.780927658,5.200500488,1.093008637,95.04324341,3.034237385,4.52755785,243.1030426,242.1788177,8.956921577,73.7077179,Winter,0
12/14/2034,9.099611282,15.35280132,4.719416618,5.183093071,1.098842144,95.05307007,3.03169775,4.524869919,243.0881042,242.1048126,8.890266418,73.77398682,Winter,0
12/15/2034,9.045454979,15.29356289,4.661438942,5.166893005,1.10526228,95.06287384,3.02898407,4.521904945,243.096405,242.0480652,8.827606201,73.83538818,Winter,0
12/16/2034,8.994847298,15.23849583,4.606749535,5.151805878,1.112283826,95.07259369,3.02614975,4.518735886,243.1294403,242.0104065,8.768657684,73.89225769,Winter,0
12/17/2034,8.947463989,15.18723774,4.555093765,5.137734413,1.119915605,95.08216858,3.023247004,4.515435696,243.1882782,241.9933624,8.713133812,73.94491577,Winter,0
12/18/2034,8.90296936,15.13942051,4.506216049,5.124578953,1.128161669,95.0915451,3.020327568,4.512075901,243.2737122,241.9981689,8.660747528,73.99365234,Winter,0
12/19/2034,8.861041069,15.09468937,4.459856987,5.112238884,1.137019634,95.10066986,3.017441988,4.508726597,243.3861389,242.0257111,8.611216545,74.03878021,Winter,0
12/20/2034,8.821354866,15.05268764,4.415758133,5.100611687,1.146481752,95.10946655,3.014640331,4.505456448,243.5256042,242.0765991,8.564269066,74.08055115,Winter,0
12/21/2034,8.783602715,15.01307869,4.373666763,5.089597225,1.156533837,95.11790466,3.01197052,4.50233078,243.6917877,242.1511383,8.519629478,74.11923218,Winter,0
12/22/2034,8.747483253,14.97553444,4.333334923,5.079095364,1.167156577,95.1259079,3.009477139,4.49941206,243.8839874,242.2492828,8.47704792,74.15505981,Winter,0
12/23/2034,8.712709427,14.93973541,4.294520378,5.06900835,1.178323627,95.13343811,3.007203817,4.496759415,244.1012268,242.3707581,8.43626976,74.18824005,Winter,0
12/24/2034,8.679017067,14.90539646,4.256997108,5.059241772,1.190003395,95.14044189,3.005190372,4.494428158,244.3421326,242.5148926,8.397073746,74.21894836,Winter,0
12/25/2034,8.646147728,14.87224483,4.220539093,5.049704552,1.202158213,95.14686584,3.003473759,4.492468834,244.6050568,242.6808014,8.359244347,74.24734497,Winter,0
12/26/2034,8.613883018,14.84002972,4.18494606,5.04031086,1.214745283,95.15267944,3.002087355,4.490926743,244.8881226,242.8673248,8.322588921,74.27354431,Winter,0
12/27/2034,8.582009315,14.8085289,4.15002346,5.030979156,1.227716208,95.15784454,3.001061916,4.489843369,245.1890564,243.0730286,8.286933899,74.29766846,Winter,0
12/28/2034,8.550344467,14.7775526,4.115602493,5.021634579,1.241017699,95.162323,3.000422478,4.489253998,245.5054779,243.2962952,8.252126694,74.31977081,Winter,0
12/29/2034,8.518735886,14.74693394,4.081528664,5.012208939,1.254591942,95.16607666,3.000191927,4.489188671,245.8347778,243.5351868,8.218040466,74.33989716,Winter,0
12/30/2034,8.48705101,14.71653652,4.047660828,5.002641678,1.268377066,95.16909027,3.000388145,4.48967123,246.1741028,243.7877045,8.184570313,74.35804749,Winter,0
12/31/2034,8.455188751,14.68625069,4.013884544,4.99287796,1.282307267,95.17134094,3.001024961,4.490720749,246.5205383,244.051651,8.151630402,74.3742218,Winter,0
1/1/2035,8.423074722,14.65600872,3.980107307,4.982873917,1.296314001,95.17281342,3.002111673,4.492348671,246.8710938,244.3246765,8.119169235,74.38835907,Winter,0
1/2/2035,8.390660286,14.62576485,3.946252823,4.972590923,1.310325742,95.17350006,3.003653526,4.494562149,247.2226257,244.6043549,8.087157249,74.40039063,Winter,0
1/3/2035,8.357932091,14.59550095,3.912269115,4.962000847,1.324268937,95.17339325,3.005651712,4.49736166,247.5720215,244.8881836,8.055576324,74.41023254,Winter,0
1/4/2035,8.324894905,14.56524277,3.878126144,4.951084614,1.338069081,95.17249298,3.008102894,4.500741959,247.916153,245.1736145,8.024453163,74.41777039,Winter,0
1/5/2035,8.29158783,14.53502941,3.843811989,4.93983078,1.351650596,95.17080688,3.010999918,4.504693031,248.2519226,245.4580536,7.99382019,74.42285156,Winter,0
1/6/2035,8.258071899,14.50494766,3.809341431,4.928237915,1.364937663,95.16835022,3.014330864,4.509196758,248.576355,245.7390289,7.963744164,74.42533875,Winter,0
1/7/2035,8.224433899,14.47508526,3.774746418,4.916312218,1.377854943,95.16513062,3.018081665,4.514233112,248.8865662,246.0140076,7.934306145,74.42506409,Winter,0
1/8/2035,8.190789223,14.44558239,3.74007988,4.904067993,1.390328646,95.16117096,3.022232533,4.519774437,249.1797943,246.2805786,7.905611038,74.42182922,Winter,0
1/9/2035,8.15726757,14.41658306,3.705411911,4.891530037,1.402286291,95.15650177,3.026762009,4.525790691,249.453476,246.5364227,7.877778053,74.41545868,Winter,0
1/10/2035,8.124025345,14.38826561,3.670832157,4.878728867,1.4136585,95.15114594,3.031644106,4.532245159,249.7052765,246.7793579,7.850951195,74.40574646,Winter,0
1/11/2035,8.091235161,14.36081505,3.636444569,4.865704536,1.424378157,95.14514923,3.036850929,4.539099216,249.9330139,247.0073853,7.825279236,74.39251709,Winter,0
1/12/2035,8.059085846,14.334445,3.602375031,4.852501869,1.434382081,95.1385498,3.042351723,4.546309471,250.1348572,247.2186584,7.800932884,74.37553406,Winter,0
1/13/2035,8.027781487,14.30937862,3.568753719,4.839173794,1.443612099,95.1313858,3.048113108,4.553830147,250.3091736,247.4114532,7.778090477,74.35460663,Winter,0
1/14/2035,7.997533798,14.28585434,3.535732269,4.825779915,1.452013254,95.123703,3.054100275,4.561611652,250.4546967,247.5843964,7.756938934,74.32954407,Winter,0
1/15/2035,7.968572617,14.26410866,3.503463745,4.812382221,1.459537268,95.11555481,3.060275555,4.56960392,250.5703888,247.7362671,7.737674713,74.30015564,Winter,0
1/16/2035,7.941126823,14.24439335,3.472115517,4.799049854,1.466140509,95.10699463,3.066601753,4.577754021,250.6555634,247.8660583,7.720495224,74.2662735,Winter,0
1/17/2035,7.915433884,14.2269659,3.441858768,4.78585434,1.471786022,95.09806824,3.073039293,4.586008549,250.7098694,247.973053,7.705605507,74.22771454,Winter,0
1/18/2035,7.891730309,14.21208191,3.412873745,4.772871971,1.476442575,95.0888443,3.079549074,4.594313145,250.7332611,248.0567627,7.69320488,74.18432617,Winter,0
1/19/2035,7.870252609,14.19998646,3.385341167,4.760179043,1.480086446,95.07936859,3.086090565,4.602612495,250.7260284,248.1170044,7.683493614,74.13598633,Winter,0
1/20/2035,7.851240158,14.19093323,3.359438896,4.747855186,1.482700109,95.06970978,3.092624426,4.610853195,250.688797,248.1538239,7.676673889,74.08256531,Winter,0
1/21/2035,7.834918976,14.18515873,3.335349083,4.73597908,1.484273314,95.05992126,3.099111319,4.618980408,250.622406,248.1674805,7.672926903,74.02397156,Winter,0
1/22/2035,7.821510315,14.18289757,3.313250065,4.724630356,1.484802723,95.05006409,3.105512619,4.626943111,250.5281677,248.1585388,7.672442436,73.96012115,Winter,0
1/23/2035,7.811229706,14.18436241,3.293314457,4.713887215,1.484292388,95.04019165,3.111790895,4.634689331,250.4075623,248.1278076,7.675390244,73.89096069,Winter,0
1/24/2035,7.804273605,14.18976021,3.275709629,4.703825951,1.482753634,95.03036499,3.117910385,4.64217186,250.2623138,248.0762482,7.681927681,73.81646729,Winter,0
1/25/2035,7.800831795,14.19928265,3.260595798,4.69452095,1.480204105,95.02063751,3.123836279,4.649343014,250.0944672,248.0051727,7.692205429,73.73662567,Winter,0
1/26/2035,7.801073074,14.21309566,3.248119831,4.686043262,1.476668715,95.01106262,3.12953639,4.656160831,249.9062958,247.9159393,7.706357002,73.65145111,Winter,0
1/27/2035,7.805152893,14.23134804,3.238423347,4.678459644,1.472179055,95.00169373,3.13498044,4.662584782,249.7001801,247.8101654,7.724492073,73.56098938,Winter,0
1/28/2035,7.813206673,14.25417042,3.231631756,4.671831131,1.466772437,94.9925766,3.14014101,4.668578625,249.4787445,247.6896362,7.746718407,73.46528625,Winter,0
1/29/2035,7.825348854,14.28166771,3.227859497,4.66621685,1.460492969,94.98374939,3.14499259,4.674108505,249.2447205,247.5562134,7.77311039,73.36444092,Winter,0
1/30/2035,7.841678619,14.31393147,3.227204323,4.66166687,1.453389287,94.9752655,3.149513483,4.679146767,249.0009613,247.4119873,7.803730965,73.25856018,Winter,0
1/31/2035,7.862269402,14.351017,3.229752541,4.65822649,1.445515871,94.96715546,3.153684139,4.683667183,248.750351,247.2589722,7.838624954,73.14776611,Winter,0
2/1/2035,7.887172699,14.39296055,3.235572338,4.655935287,1.436931372,94.9594574,3.157487154,4.687650681,248.4958801,247.0993805,7.877813339,73.03219604,Winter,0
2/2/2035,7.916419029,14.43977642,3.244713783,4.654824734,1.427699089,94.95219421,3.160910368,4.691081047,248.240448,246.9353943,7.921301842,72.91202545,Winter,0
2/3/2035,7.95002079,14.49145508,3.2572155,4.654920578,1.41788435,94.94539642,3.163943768,4.693945885,247.98703,246.7692108,7.969071388,72.78743744,Winter,0
2/4/2035,7.987966537,14.5479641,3.273097515,4.656238556,1.40755713,94.93907928,3.166579723,4.696238041,247.7384644,246.6030426,8.021084785,72.65861511,Winter,0
2/5/2035,8.030213356,14.60923672,3.292358875,4.658790588,1.39678812,94.93325043,3.168815136,4.697956562,247.4975128,246.4389954,8.077296257,72.52577209,Winter,0
2/6/2035,8.076711655,14.67520523,3.314988613,4.662577629,1.385650516,94.92793274,3.170648813,4.699100971,247.2667847,246.279129,8.137623787,72.38912964,Winter,0
2/7/2035,8.127389908,14.74576283,3.340954781,4.667597294,1.374217987,94.92312622,3.172084332,4.699677944,247.0487976,246.1253967,8.201984406,72.24890137,Winter,0
2/8/2035,8.182148933,14.82078934,3.370211601,4.673835754,1.362564683,94.91882324,3.173126459,4.699698448,246.8457794,245.9797058,8.270264626,72.10531616,Winter,0
2/9/2035,8.24088192,14.90014935,3.402699947,4.681275368,1.350763917,94.91503143,3.173783779,4.699175835,246.6598358,245.8437653,8.342348099,71.95862579,Winter,0
2/10/2035,8.303456306,14.98369026,3.438343525,4.689889431,1.338888526,94.91172791,3.174067736,4.698128223,246.4927673,245.7190399,8.418100357,71.80903625,Winter,0
2/11/2035,8.369729042,15.0712328,3.477053165,4.69964695,1.327009439,94.90890503,3.173992157,4.696577549,246.3461761,245.6069336,8.49737072,71.65679932,Winter,0
2/12/2035,8.439545631,15.16260052,3.518731117,4.710508347,1.315194964,94.90653992,3.173573017,4.694547176,246.2213287,245.5086212,8.579999924,71.5021286,Winter,0
2/13/2035,8.512733459,15.25759506,3.563263416,4.722430229,1.303511143,94.90460968,3.172828913,4.692066193,246.1192169,245.4250031,8.665825844,71.34526062,Winter,0
2/14/2035,8.589120865,15.35601616,3.610525608,4.73536396,1.292019963,94.90309143,3.171780586,4.689164162,246.0405579,245.3568573,8.754664421,71.186409,Winter,0
2/15/2035,8.668514252,15.45765209,3.660395145,4.749257088,1.280779481,94.90194702,3.170449495,4.685874462,245.9856415,245.3046112,8.846340179,71.02577209,Winter,0
2/16/2035,8.750721931,15.56228065,3.712728977,4.764050484,1.269843817,94.90114594,3.168860435,4.682230949,245.9546051,245.2685394,8.940663338,70.86355591,Winter,0
2/17/2035,8.835547447,15.66968822,3.767383099,4.779684067,1.259261847,94.90065002,3.167037725,4.678270817,245.9471588,245.2486572,9.037446022,70.69992065,Winter,0
2/18/2035,8.922789574,15.77965546,3.824213505,4.796094894,1.249077201,94.90041351,3.16500783,4.674031258,245.962677,245.2446899,9.136498451,70.5350647,Winter,0
2/19/2035,9.012249947,15.89195633,3.883067608,4.813216686,1.239328027,94.90039825,3.162797451,4.669551849,246.0002747,245.2561646,9.237632751,70.36911011,Winter,0
2/20/2035,9.10372448,16.00637817,3.943791389,4.830983162,1.230046749,94.90055084,3.160434484,4.664871216,246.0587463,245.2823334,9.340662003,70.20220947,Winter,0
2/21/2035,9.197020531,16.12270737,4.006234169,4.849328041,1.221259832,94.90084076,3.157946348,4.660027981,246.1365509,245.3222656,9.445406914,70.0344696,Winter,0
2/22/2035,9.29194355,16.24073982,4.070243835,4.868183136,1.212986827,94.90120697,3.155360937,4.655061722,246.2319336,245.3747711,9.551686287,69.86601257,Winter,0
2/23/2035,9.388306618,16.36027718,4.135673523,4.887481213,1.205242276,94.90161133,3.152705908,4.650012493,246.3428345,245.438446,9.65933609,69.69689941,Winter,0
2/24/2035,9.485936165,16.48113441,4.20238018,4.907157898,1.198033452,94.9019928,3.150008202,4.644916534,246.4669495,245.511673,9.768191338,69.52719879,Winter,0
2/25/2035,9.58466053,16.60313034,4.270219803,4.927149296,1.191362143,94.90232086,3.14729476,4.639811516,246.6018066,245.5927582,9.878100395,69.35697937,Winter,0
2/26/2035,9.684323311,16.72610664,4.339067459,4.947395802,1.18522346,94.90253448,3.144590378,4.6347332,246.7447205,245.679718,9.988926888,69.18625641,Winter,0
2/27/2035,9.784778595,16.84990692,4.408791542,4.967839241,1.179607034,94.90259552,3.141919851,4.629714489,246.8927917,245.7705536,10.10053635,69.01504517,Winter,0
2/28/2035,9.885889053,16.97439766,4.479277611,4.988427162,1.174496412,94.90245056,3.139306545,4.624787331,247.0430908,245.8629913,10.21281719,68.84335327,Winter,0
3/1/2035,9.987540245,17.09945679,4.550415993,5.009110451,1.169870257,94.90206909,3.136771679,4.619980812,247.1925049,245.954834,10.32565975,68.6711731,Spring,1
3/2/2035,10.08961773,17.22497749,4.62211132,5.029842377,1.165701866,94.90140533,3.134335995,4.615322113,247.3378906,246.0437012,10.43897247,68.49845886,Spring,1
3/3/2035,10.19203472,17.35086632,4.694275856,5.050585747,1.161959529,94.90042877,3.132017374,4.610836029,247.4760437,246.1271973,10.55268764,68.32518005,Spring,1
3/4/2035,10.29471493,17.47704697,4.766832352,5.071304321,1.158608317,94.89909363,3.129832029,4.606543064,247.6038055,246.2029877,10.66672802,68.15130615,Spring,1
3/5/2035,10.39759254,17.60346222,4.839716911,5.091970444,1.155608416,94.89738464,3.127794981,4.602463245,247.7180328,246.2685699,10.78105736,67.97677612,Spring,1
3/6/2035,10.5006218,17.73006439,4.912876129,5.112561703,1.152917147,94.89526367,3.125918627,4.598611832,247.8155975,246.3216553,10.89562798,67.80151367,Spring,1
3/7/2035,10.6037674,17.85682297,4.986268044,5.133060455,1.150489688,94.89270782,3.124212742,4.595000744,247.8935394,246.3598785,11.01042271,67.62547302,Spring,1
3/8/2035,10.70701218,17.98371887,5.059864044,5.153456688,1.148278236,94.88970947,3.122686148,4.591640949,247.9490051,246.3810272,11.12543201,67.44857788,Spring,1
3/9/2035,10.81034851,18.11075211,5.133644104,5.173744202,1.146233559,94.88624573,3.121344566,4.588537693,247.9792633,246.3830109,11.24065781,67.27076721,Spring,1
3/10/2035,10.91378307,18.23793221,5.207600594,5.193924904,1.144306064,94.88230133,3.120192051,4.585695267,247.981781,246.3637695,11.35610867,67.09197998,Spring,1
3/11/2035,11.01733685,18.36527252,5.28173542,5.214005947,1.142444849,94.87788391,3.119230032,4.583113194,247.9543152,246.3214874,11.47181511,66.91214752,Spring,1
3/12/2035,11.12104034,18.49280739,5.356064796,5.233998775,1.140599608,94.87298584,3.118458509,4.580789566,247.8947144,246.2544556,11.58780384,66.73121643,Spring,1
3/13/2035,11.22493267,18.62057495,5.430613518,5.253922462,1.138720989,94.86760712,3.117875099,4.578718662,247.8011932,246.1611786,11.70412064,66.54914856,Spring,1
3/14/2035,11.32906246,18.74861717,5.50540638,5.273799896,1.136760712,94.861763,3.117474794,4.576891899,247.6722565,246.04039,11.82081509,66.36590576,Spring,1
3/15/2035,11.43348885,18.87698936,5.580488205,5.293658257,1.134672642,94.85546112,3.117252588,4.575299263,247.5065308,245.8909149,11.93793869,66.18144989,Spring,1
3/16/2035,11.53827477,19.00574684,5.655906677,5.313530922,1.132412314,94.84871674,3.117199183,4.573926449,247.3031158,245.7118835,12.0555563,65.99578857,Spring,1
3/17/2035,11.64348602,19.13494682,5.731714249,5.333452225,1.129939198,94.84156036,3.117305517,4.572758198,247.0614014,245.502655,12.17372799,65.80891418,Spring,1
3/18/2035,11.74919701,19.26465225,5.80796814,5.353461742,1.127215385,94.83400726,3.117560148,4.571777344,246.7809753,245.2628479,12.29252434,65.62082672,Spring,1
3/19/2035,11.85548306,19.39491844,5.884736061,5.373603821,1.124206781,94.82608795,3.117950439,4.57096386,246.4618073,244.9921875,12.41201401,65.43157196,Spring,1
3/20/2035,11.96241951,19.52581024,5.962082863,5.393921375,1.120883822,94.81784058,3.118462324,4.570295811,246.1042328,244.6907349,12.53225994,65.24119568,Spring,1
3/21/2035,12.07008171,19.65738487,6.040075302,5.41446209,1.117221236,94.80929565,3.119080782,4.56975174,245.7088013,244.3587952,12.65333271,65.04977417,Spring,1
3/22/2035,12.17854118,19.7896862,6.118786812,5.435272694,1.113198042,94.8004837,3.119789362,4.569306374,245.2763824,243.9968719,12.7752943,64.85736084,Spring,1
3/23/2035,12.28787422,19.92276573,6.198287964,5.456403732,1.1087991,94.79145813,3.120571375,4.568934917,244.8082123,243.6056061,12.89820576,64.66407776,Spring,1
3/24/2035,12.39814186,20.05666733,6.278648376,5.477901459,1.104013443,94.78225708,3.121408939,4.568611145,244.3056793,243.1859589,13.02212524,64.47003174,Spring,1
3/25/2035,12.50941372,20.1914196,6.359936714,5.499816895,1.098835468,94.77292633,3.122283936,4.568308353,243.7705078,242.7390594,13.14710236,64.27534485,Spring,1
3/26/2035,12.62174034,20.32705879,6.442223549,5.52219677,1.093265533,94.76351166,3.123177528,4.56799984,243.2046051,242.2661438,13.27318096,64.08018494,Spring,1
3/27/2035,12.73517513,20.46358681,6.525567055,5.545086861,1.087308645,94.75405884,3.124070883,4.567658901,242.6100922,241.7687073,13.40040302,63.88468552,Spring,1
3/28/2035,12.84975719,20.60102081,6.610031128,5.56853199,1.080975056,94.74462128,3.124945402,4.567257881,241.9893494,241.2483215,13.52879047,63.68903351,Spring,1
3/29/2035,12.96552181,20.7393589,6.695667267,5.592573166,1.074279785,94.73524475,3.125780821,4.5667696,241.3448181,240.7066956,13.65836906,63.49341583,Spring,1
3/30/2035,13.08249569,20.87858391,6.782527924,5.617249966,1.06724298,94.72597504,3.126559973,4.566167355,240.6791077,240.1456604,13.78915501,63.29801559,Spring,1
3/31/2035,13.2006979,21.01867485,6.870656013,5.642598152,1.059889436,94.71685791,3.127262592,4.565425873,239.9949341,239.5670929,13.92114639,63.10303116,Spring,1
4/1/2035,13.32012749,21.15960312,6.960089684,5.66864872,1.052247882,94.70795441,3.127871513,4.564519405,239.2950592,238.9729919,14.05434418,62.90867615,Spring,1
4/2/2035,13.44079113,21.30132484,7.050860405,5.695430756,1.044351459,94.69929504,3.128368378,4.56342411,238.5823669,238.3653107,14.18873119,62.71515656,Spring,1
4/3/2035,13.56267262,21.44379044,7.142994881,5.722969055,1.036236167,94.69093323,3.128736258,4.562115192,237.8596191,237.7460632,14.32428646,62.52268982,Spring,1
4/4/2035,13.68575573,21.58693886,7.236507416,5.751282215,1.027941465,94.6829071,3.128958464,4.560571194,237.1296234,237.117218,14.46098232,62.33146667,Spring,1
4/5/2035,13.81000805,21.73070526,7.331413269,5.780385971,1.019509912,94.67526245,3.129018784,4.558771133,236.3951569,236.4807739,14.59877586,62.14171982,Spring,1
4/6/2035,13.93539524,21.87501144,7.427715302,5.810289383,1.010985494,94.66803741,3.128902912,4.556694984,235.658844,235.8386078,14.73762417,61.95362473,Spring,1
4/7/2035,14.06186962,22.01977921,7.52541256,5.841000557,1.002413988,94.66126251,3.128596067,4.554323673,234.9232635,235.1925201,14.87747288,61.76737595,Spring,1
4/8/2035,14.18938541,22.16492271,7.624497414,5.872518539,0.993842423,94.65497589,3.128085136,4.551640511,234.1908569,234.5442352,15.01826382,61.58316422,Spring,1
4/9/2035,14.31788158,22.31035233,7.724956512,5.904840469,0.985318184,94.64920044,3.127357483,4.548629761,233.4637909,233.895401,15.15993214,61.40114212,Spring,1
4/10/2035,14.44729233,22.4559803,7.826768875,5.937960625,0.976888657,94.64396667,3.12640214,4.545276642,232.7441559,233.2474365,15.30240917,61.22146225,Spring,1
4/11/2035,14.57755566,22.60170555,7.92991066,5.971862793,0.968600869,94.63930511,3.125207663,4.541568756,232.0338745,232.6016998,15.44562435,61.04425049,Spring,1
4/12/2035,14.708601,22.74743652,8.03435421,6.006533623,0.960499883,94.63522339,3.123765469,4.537494659,231.3344879,231.9593353,15.58950329,60.86962509,Spring,1
4/13/2035,14.84035206,22.89308739,8.140065193,6.04195118,0.952629924,94.63173676,3.122066021,4.533043861,230.6474304,231.3213654,15.73396587,60.69766998,Spring,1
4/14/2035,14.97273922,23.03856468,8.247010231,6.078091621,0.945032477,94.62886047,3.120102406,4.528209209,229.9738464,230.6885529,15.87893963,60.52845764,Spring,1
4/15/2035,15.10568714,23.18378258,8.355149269,6.114928246,0.937746227,94.62660217,3.117867947,4.522982121,229.3145752,230.0615692,16.02434731,60.36201477,Spring,1
4/16/2035,15.23912334,23.32866287,8.464441299,6.152430534,0.930806637,94.62496948,3.115356445,4.517357349,228.6702576,229.4408569,16.17011642,60.19835663,Spring,1
4/17/2035,15.37297916,23.47313499,8.574848175,6.190565109,0.924245656,94.6239624,3.112563372,4.511330128,228.0412598,228.8266144,16.31617928,60.03746796,Spring,1
4/18/2035,15.50718594,23.617136,8.68632412,6.229298592,0.918090582,94.6235733,3.109484434,4.504898548,227.4276123,228.2189331,16.46246147,59.87931061,Spring,1
4/19/2035,15.64168644,23.76060486,8.79883194,6.268591881,0.912364542,94.62380219,3.10611701,4.498058319,226.8291779,227.6177063,16.60890579,59.72379303,Spring,1
4/20/2035,15.77641773,23.90350533,8.912333488,6.308408737,0.907085776,94.62463379,3.102458239,4.490810394,226.2454987,227.0226288,16.75545883,59.5708313,Spring,1
4/21/2035,15.91133404,24.04579735,9.026783943,6.348709106,0.902267098,94.62605286,3.098507643,4.483154297,225.6758881,226.4332428,16.90206909,59.42027664,Spring,1
4/22/2035,16.04638863,24.18746758,9.142151833,6.389452934,0.897916317,94.62805176,3.094263315,4.475090981,225.1194763,225.8489075,17.04869461,59.27197266,Spring,1
4/23/2035,16.18154907,24.32850075,9.258402824,6.430602074,0.894035101,94.6306076,3.089725971,4.466623306,224.5751038,225.2689056,17.19530106,59.12573242,Spring,1
4/24/2035,16.31679344,24.4689064,9.375508308,6.472115517,0.890620112,94.63368988,3.084896564,4.457753658,224.0415039,224.692337,17.34186554,58.9813385,Spring,1
4/25/2035,16.45209122,24.60870361,9.493440628,6.51395607,0.887661815,94.63729095,3.07977581,4.448486328,223.5171661,224.1182251,17.48837471,58.83853912,Spring,1
4/26/2035,16.58745003,24.74792671,9.612182617,6.55608511,0.88514483,94.64138031,3.074366331,4.438826084,223.000473,223.5455017,17.63481903,58.69707108,Spring,1
4/27/2035,16.72286034,24.88662148,9.731713295,6.598465919,0.883048475,94.6459198,3.06867075,4.428778648,222.4897003,222.9730072,17.78120613,58.55664444,Spring,1
4/28/2035,16.8583374,25.02484512,9.852023125,6.64106369,0.881346047,94.65088654,3.062693119,4.41835022,221.9829865,222.3995972,17.92754555,58.41694641,Spring,1
4/29/2035,16.99390411,25.16267967,9.973105431,6.683846951,0.880005419,94.65625763,3.0564363,4.407548428,221.4784698,221.8240509,18.07386208,58.2776413,Spring,1
4/30/2035,17.12959099,25.30021286,10.09495831,6.726783752,0.878989935,94.6619873,3.049905777,4.396380424,220.9742279,221.2451782,18.22019196,58.13838577,Spring,1
5/1/2035,17.26543999,25.43754005,10.21758556,6.769846916,0.878256857,94.66804504,3.043106556,4.38485527,220.4683228,220.6618195,18.36657524,57.99882126,Spring,1
5/2/2035,17.4015007,25.57477188,10.34099483,6.813010216,0.877759695,94.67440796,3.036044359,4.372982025,219.958847,220.0728455,18.51306343,57.85857391,Spring,1
5/3/2035,17.53783226,25.71203804,10.46519947,6.856250286,0.877447605,94.6810379,3.028725624,4.360770702,219.4440308,219.4772491,18.65971565,57.71727371,Spring,1
5/4/2035,17.67449951,25.84946442,10.59021378,6.8995471,0.877265751,94.68789673,3.021157742,4.348231792,218.9220581,218.8740845,18.80660057,57.57452774,Spring,1
5/5/2035,17.81157875,25.98719215,10.71606636,6.942881107,0.877155662,94.69495392,3.013347626,4.33537674,218.3913727,218.2624969,18.95379066,57.42995071,Spring,1
5/6/2035,17.94914627,26.12537003,10.84277439,6.986239433,0.877056718,94.70217896,3.005304098,4.322217464,217.8504791,217.6418304,19.10136795,57.28317261,Spring,1
5/7/2035,18.087286,26.2641449,10.97036743,7.029607296,0.876905441,94.70953369,2.997036219,4.308767319,217.2980804,217.0115967,19.24941063,57.13380814,Spring,1
5/8/2035,18.22609329,26.40367699,11.09887695,7.072975159,0.876636624,94.71699524,2.988553047,4.295039177,216.733139,216.3714294,19.39801407,56.9814949,Spring,1
5/9/2035,18.36565208,26.54411888,11.22833252,7.116333961,0.876183867,94.72453308,2.979864836,4.281047821,216.1547394,215.7212372,19.5472641,56.8258667,Spring,1
5/10/2035,18.50605774,26.6856308,11.35876751,7.159677982,0.875480235,94.73210907,2.970982552,4.26680851,215.5622864,215.0610504,19.69725037,56.66658401,Spring,1
5/11/2035,18.64740562,26.82836533,11.49021626,7.203001499,0.874458611,94.73970795,2.961917877,4.252336979,214.9553986,214.3911743,19.84807396,56.50333023,Spring,1
5/12/2035,18.78978539,26.97247505,11.62270546,7.246302605,0.873052418,94.74729919,2.952682734,4.237650394,214.3340454,213.7121277,19.99981308,56.33579254,Spring,1
5/13/2035,18.93328285,27.11810303,11.75626755,7.289578438,0.871196568,94.75485229,2.943289995,4.222765923,213.6983643,213.0247192,20.1525631,56.16368866,Spring,1
5/14/2035,19.07798767,27.26538849,11.89092827,7.332827091,0.868827045,94.76235962,2.933753252,4.207703114,213.0488892,212.3298645,20.30640221,55.98677063,Spring,1
5/15/2035,19.22397614,27.41446114,12.02671337,7.376049042,0.865882516,94.76978302,2.924087286,4.192480564,212.3864288,211.6288757,20.46141243,55.80480576,Spring,1
5/16/2035,19.37132263,27.56544113,12.16364384,7.419241905,0.862304628,94.7771225,2.914306164,4.177118778,211.7120361,210.9232025,20.61766434,55.61759186,Spring,1
5/17/2035,19.52009392,27.71842575,12.30173016,7.462405205,0.858038068,94.78434753,2.904426575,4.16163969,211.0271301,210.2145844,20.77521896,55.42496872,Spring,1
5/18/2035,19.67034149,27.87351227,12.44098377,7.505535126,0.853031576,94.79145813,2.894463301,4.146064758,210.3334045,209.5049133,20.93413353,55.22679901,Spring,1
5/19/2035,19.82211113,28.03077507,12.58140278,7.548630238,0.847238123,94.79842377,2.884434462,4.130417824,209.6327972,208.7963715,21.09444809,55.02298737,Spring,1
5/20/2035,19.97543907,28.19027138,12.72298527,7.591684818,0.840615332,94.80525208,2.874357462,4.114721775,208.927536,208.0912781,21.25619507,54.81345749,Spring,1
5/21/2035,20.13034058,28.35203934,12.86571598,7.634691715,0.833126187,94.81192017,2.864249706,4.099002361,208.2200775,207.3921814,21.41939926,54.59819412,Spring,1
5/22/2035,20.28682709,28.51610184,13.00957394,7.677643299,0.824739099,94.81842804,2.854130507,4.083283901,207.5131683,206.701767,21.58406067,54.3772049,Spring,1
5/23/2035,20.44488716,28.68245697,13.15452099,7.720526218,0.815427899,94.82476807,2.844017982,4.067592621,206.8096619,206.0228577,21.75017548,54.15052414,Spring,1
5/24/2035,20.60449982,28.85108757,13.3005228,7.763326168,0.805172503,94.83094025,2.8339324,4.051956177,206.1126404,205.3583679,21.91772652,53.91822433,Spring,1
5/25/2035,20.76562881,29.02194595,13.44752216,7.806025982,0.793959558,94.83693695,2.823892593,4.036400318,205.4253998,204.7113495,22.08666992,53.68043518,Spring,1
5/26/2035,20.92822075,29.1949749,13.59546375,7.848604202,0.781781137,94.84275818,2.813919544,4.020953178,204.7512207,204.0848999,22.25696182,53.43729019,Spring,1
5/27/2035,21.09219933,29.37008476,13.74426556,7.89103651,0.768636286,94.84841156,2.804032326,4.005642414,204.0935822,203.482132,22.42852592,53.18898392,Spring,1
5/28/2035,21.25748825,29.54717255,13.89385319,7.933293819,0.754530132,94.85388947,2.79425168,3.990495682,203.4559326,202.9061432,22.60128784,52.93570709,Spring,1
5/29/2035,21.4239769,29.72610664,14.04412746,7.975345135,0.739474297,94.85919952,2.784597874,3.975541115,202.8417969,202.3600311,22.77514648,52.67771149,Spring,1
5/30/2035,21.59155464,29.906744,14.1949892,8.017152786,0.723486543,94.86434174,2.775089979,3.96080637,202.2546234,201.8468323,22.94999123,52.41526031,Spring,1
5/31/2035,21.76008797,30.08891487,14.34632206,8.058677673,0.70659095,94.86932373,2.765748501,3.946318626,201.697876,201.3694458,23.12569237,52.14864349,Spring,1
6/1/2035,21.92942429,30.27243614,14.49800396,8.099877357,0.688817263,94.87414551,2.756591797,3.932105541,201.1747894,200.9307098,23.30211639,51.87818146,Summer,2
6/2/2035,22.09941101,30.45709229,14.64990711,8.140703201,0.670201123,94.87880707,2.747639418,3.918192863,200.6886292,200.5332336,23.47910118,51.60420227,Summer,2
6/3/2035,22.26987267,30.64267731,14.80188274,8.181105614,0.650783539,94.8833313,2.738908529,3.904605865,200.2423706,200.1794586,23.65648651,51.32705688,Summer,2
6/4/2035,22.44062424,30.82894707,14.95378971,8.221031189,0.630610764,94.88770294,2.730417252,3.891369343,199.8387909,199.8716125,23.83408928,51.04711914,Summer,2
6/5/2035,22.61146927,31.01565552,15.10547161,8.260422707,0.609733403,94.89193726,2.722181559,3.878507137,199.4805145,199.6117096,24.01173019,50.76475906,Summer,2
6/6/2035,22.78220367,31.20254135,15.25677013,8.299222946,0.588206947,94.89604187,2.714216471,3.86604023,199.1698303,199.4014282,24.18921089,50.48036194,Summer,2
6/7/2035,22.95261574,31.38933563,15.40751743,8.337368011,0.566090047,94.90000916,2.706536293,3.853989124,198.9086761,199.2421722,24.36632156,50.19432831,Summer,2
6/8/2035,23.12248802,31.5757637,15.55754566,8.374798775,0.543445647,94.90385437,2.699154139,3.842372894,198.698761,199.135025,24.54286385,49.90704727,Summer,2
6/9/2035,23.29159355,31.76154137,15.70668507,8.411450386,0.520338833,94.90757751,2.692081213,3.831208706,198.5414276,199.0807495,24.71861458,49.61891937,Summer,2
6/10/2035,23.45971107,31.94638062,15.85475826,8.447257996,0.496838272,94.91117859,2.685327291,3.820509911,198.4375916,199.0797729,24.89335823,49.33033752,Summer,2
6/11/2035,23.62660408,32.12999725,16.00159454,8.482159615,0.47301361,94.91467285,2.678901196,3.810289383,198.3877869,199.1320953,25.06688118,49.04169846,Summer,2
6/12/2035,23.79205322,32.31210709,16.14702225,8.516090393,0.448936492,94.91804504,2.672808647,3.800557613,198.3922272,199.2373657,25.23895645,48.75337601,Summer,2
6/13/2035,23.95582581,32.49242401,16.29086685,8.548988342,0.424679667,94.9213028,2.667055368,3.791321278,198.4506378,199.3948669,25.40937424,48.46574402,Summer,2
6/14/2035,24.11770248,32.67066574,16.43296432,8.580793381,0.400316298,94.92445374,2.661643267,3.782586575,198.5623169,199.6035461,25.57791519,48.17917633,Summer,2
6/15/2035,24.27746582,32.84657288,16.57315445,8.611446381,0.375919163,94.92749023,2.656574011,3.774354935,198.7262268,199.8618774,25.74437332,47.89400482,Summer,2
6/16/2035,24.43490219,33.01987839,16.71127319,8.640896797,0.351561487,94.93041992,2.651846409,3.766625881,198.9408569,200.1680145,25.90853882,47.61058044,Summer,2
6/17/2035,24.58980942,33.19032669,16.8471756,8.669091225,0.327314913,94.93323517,2.6474576,3.759396553,199.2042847,200.5196991,26.07022095,47.32921219,Summer,2
6/18/2035,24.74199486,33.35768127,16.98071289,8.695985794,0.303250015,94.93592834,2.643401861,3.752659798,199.5142212,200.9143982,26.22923279,47.05021667,Summer,2
6/19/2035,24.89127731,33.52172852,17.11175919,8.721536636,0.279435575,94.93851471,2.639672756,3.746407032,199.8680267,201.3492279,26.38539505,46.77386475,Summer,2
6/20/2035,25.03748512,33.68225098,17.24018097,8.74571228,0.255938411,94.94097137,2.636260986,3.740626335,200.2625732,201.8208771,26.53853798,46.5004425,Summer,2
6/21/2035,25.18045998,33.83906174,17.36587524,8.768480301,0.232822776,94.9433136,2.633155584,3.735302448,200.6945801,202.3259125,26.6885128,46.23019409,Summer,2
6/22/2035,25.32006073,33.99198532,17.48873138,8.789820671,0.210149959,94.94553375,2.630343437,3.730418682,201.1603241,202.8605042,26.83517456,45.96334839,Summer,2
6/23/2035,25.45615768,34.14086914,17.60866165,8.809720039,0.187979117,94.94761658,2.627809525,3.725953579,201.655838,203.4206238,26.97839546,45.70013428,Summer,2
6/24/2035,25.58863831,34.28558731,17.72558594,8.828169823,0.166364819,94.9495697,2.625537634,3.721885204,202.1769409,204.002121,27.11806297,45.44074631,Summer,2
6/25/2035,25.71740723,34.42601395,17.83943939,8.845170975,0.145359263,94.95139313,2.623509169,3.718187809,202.7192688,204.6005554,27.2540741,45.1853714,Summer,2
6/26/2035,25.84238243,34.56206512,17.95017242,8.860733986,0.125010863,94.95307159,2.621704817,3.714833736,203.2781677,205.21138,27.38634682,44.93418884,Summer,2
6/27/2035,25.96350098,34.69366455,18.05773926,8.874876022,0.105363891,94.95461273,2.620102644,3.711793423,203.848938,205.8300323,27.51481628,44.68734741,Summer,2
6/28/2035,26.08071136,34.82076263,18.16212082,8.887623787,0.086459398,94.95600128,2.618680954,3.709035397,204.4268951,206.4517975,27.63941956,44.44501495,Summer,2
6/29/2035,26.19398499,34.94331741,18.26329422,8.899011612,0.06833452,94.9572525,2.617415667,3.706526279,205.0071259,207.0720673,27.76011848,44.2073288,Summer,2
6/30/2035,26.30330276,35.06132126,18.36126328,8.909088135,0.051022198,94.95834351,2.616282701,3.704232216,205.5848236,207.6860962,27.87688446,43.97441864,Summer,2
7/1/2035,26.4086647,35.1747818,18.45603943,8.917901993,0.034552231,94.95928955,2.615257025,3.702116966,206.1552582,208.2893524,27.98970985,43.74642944,Summer,2
7/2/2035,26.51008224,35.28370667,18.54764175,8.925518036,0.018950762,94.96007538,2.614312649,3.700143337,206.7136993,208.8773499,28.09858894,43.52348328,Summer,2
7/3/2035,26.60758209,35.38815308,18.6361084,8.932004929,0.004239982,94.96071625,2.613424063,3.698275566,207.2556458,209.4457855,28.20353508,43.30571747,Summer,2
7/4/2035,26.70120049,35.48815536,18.72148132,8.937438965,-0.009561178,94.9611969,2.612564564,3.696475029,207.7767944,209.9905396,28.30457115,43.09326935,Summer,2
7/5/2035,26.79098892,35.58378983,18.80381012,8.941907883,-0.022436129,94.96152496,2.611709356,3.694705486,208.2729645,210.5076752,28.40172768,42.88626862,Summer,2
7/6/2035,26.87699699,35.67512894,18.88315201,8.945503235,-0.034372345,94.96170807,2.610831738,3.692928791,208.7403107,210.9935913,28.49504471,42.68487549,Summer,2
7/7/2035,26.95930481,35.76224899,18.95958328,8.948326111,-0.045359645,94.96173859,2.60990715,3.691109657,209.1753082,211.4449463,28.58457184,42.48925018,Summer,2
7/8/2035,27.03797722,35.84525299,19.03317261,8.950479507,-0.055389959,94.96163177,2.608911991,3.689212322,209.5747223,211.8587341,28.67036057,42.29956055,Summer,2
7/9/2035,27.11309624,35.92424011,19.10400009,8.952074051,-0.064458035,94.96138,2.607822418,3.68720293,209.93573,212.2323608,28.75247192,42.11598969,Summer,2
7/10/2035,27.18474388,35.99930191,19.17214203,8.953224182,-0.072560146,94.96099854,2.606616974,3.685050011,210.2559052,212.5635376,28.83096123,41.93875504,Summer,2
7/11/2035,27.25300026,36.07054901,19.23768616,8.954048157,-0.079694584,94.96048737,2.605274916,3.682722092,210.5332336,212.8504181,28.90589142,41.76807022,Summer,2
7/12/2035,27.31795502,36.1380806,19.30072021,8.954667091,-0.085860826,94.95986176,2.603777885,3.680191517,210.7661591,213.0916138,28.97732544,41.60416412,Summer,2
7/13/2035,27.37968636,36.20199203,19.36132431,8.95520401,-0.091059901,94.9591217,2.602108479,3.677432537,210.9535675,213.2861786,29.04532623,41.44732285,Summer,2
7/14/2035,27.43827057,36.26238632,19.41957474,8.955781937,-0.095293134,94.95827484,2.600251675,3.674422741,211.0948334,213.4335327,29.1099453,41.29782104,Summer,2
7/15/2035,27.49378967,36.31933975,19.47555542,8.956523895,-0.098563492,94.95734406,2.598194838,3.671141624,211.1898499,213.5336761,29.17123222,41.15594482,Summer,2
7/16/2035,27.54630852,36.37293243,19.52933884,8.957551956,-0.100873269,94.95632172,2.595926762,3.667573452,211.2389374,213.5869904,29.22923279,41.02204514,Summer,2
7/17/2035,27.59588432,36.42324066,19.58098984,8.95898819,-0.102225773,94.95523071,2.593440294,3.663703918,211.2429657,213.5943298,29.28398895,40.89646149,Summer,2
7/18/2035,27.64257431,36.47031403,19.63056946,8.960947037,-0.102623984,94.95407867,2.59072876,3.659523964,211.2031708,213.5570221,29.33552933,40.77957153,Summer,2
7/19/2035,27.68641281,36.51419067,19.6781311,8.963542938,-0.102070764,94.95288086,2.587789297,3.655026913,211.1214142,213.4768066,29.38386536,40.67176437,Summer,2
7/20/2035,27.72743225,36.55490112,19.72371674,8.966884613,-0.100569203,94.9516449,2.584621191,3.650211334,210.9999237,213.355896,29.42901611,40.57344818,Summer,2
7/21/2035,27.7656498,36.59246445,19.76735306,8.971071243,-0.098121241,94.95038605,2.581227064,3.645077705,210.8412781,213.1968384,29.47097015,40.48506165,Summer,2
7/22/2035,27.80106544,36.62686157,19.80907059,8.97619915,-0.094728701,94.94911194,2.57761097,3.639632225,210.6486053,213.002655,29.50971794,40.40704346,Summer,2
7/23/2035,27.83367348,36.65808105,19.84886932,8.982355118,-0.090393543,94.94784546,2.573780775,3.633883476,210.425354,212.7766113,29.54522896,40.33985138,Summer,2
7/24/2035,27.86344337,36.6860733,19.8867569,8.989617348,-0.085115872,94.94657898,2.569746256,3.627844334,210.1752625,212.5223694,29.57745552,40.28396606,Summer,2
7/25/2035,27.8903389,36.71078873,19.92271042,8.998054504,-0.078896269,94.94535065,2.56551981,3.621531963,209.9024353,212.2438812,29.60634995,40.23984909,Summer,2
7/26/2035,27.91430473,36.73213959,19.95670319,9.007724762,-0.071734838,94.9441452,2.561116219,3.614965439,209.6112823,211.9453583,29.63184547,40.20799255,Summer,2
7/27/2035,27.93527222,36.75004196,19.98870087,9.018676758,-0.063630722,94.94299316,2.556553125,3.608169556,209.3063354,211.6312103,29.65385628,40.18887329,Summer,2
7/28/2035,27.95315361,36.76438141,20.01863861,9.030948639,-0.054583412,94.94190216,2.551849127,3.601171017,208.9923401,211.3059692,29.67228699,40.18297958,Summer,2
7/29/2035,27.96786118,36.77503204,20.0464592,9.044565201,-0.044591874,94.94087219,2.547026157,3.593999386,208.6742554,210.974411,29.68704033,40.19078064,Summer,2
7/30/2035,27.97928047,36.78184128,20.0720787,9.05953598,-0.033655196,94.93992615,2.542107582,3.586687088,208.3570251,210.6412659,29.6979866,40.21273804,Summer,2
7/31/2035,27.98728943,36.78466415,20.09541321,9.075867653,-0.021773089,94.93906403,2.537117481,3.579270363,208.0456543,210.3114014,29.70501328,40.2492981,Summer,2
8/1/2035,27.99175644,36.78333282,20.1163559,9.093543053,-0.00894527,94.93828583,2.532082796,3.571785927,207.7451782,209.9896851,29.70796776,40.30087662,Summer,2
8/2/2035,27.99253654,36.77766037,20.13479996,9.112541199,0.004827806,94.93761444,2.52703023,3.564273357,207.4605103,209.6808167,29.70671082,40.3678894,Summer,2
8/3/2035,27.98948479,36.76745987,20.15062332,9.132823944,0.019544479,94.93704224,2.521988869,3.556774139,207.1964569,209.3895264,29.7010994,40.45070267,Summer,2
8/4/2035,27.98244095,36.75254059,20.1637001,9.154342651,0.035201773,94.93658447,2.516986609,3.549329758,206.9577332,209.120285,29.69096375,40.5496521,Summer,2
8/5/2035,27.97124481,36.73270035,20.17389679,9.177036285,0.051795688,94.93623352,2.512053728,3.541983128,206.7487793,208.8774872,29.67615318,40.66503143,Summer,2
8/6/2035,27.95573044,36.70773315,20.18106842,9.200832367,0.069319934,94.93600464,2.507219315,3.534778595,206.5737457,208.6652222,29.65650177,40.79710388,Summer,2
8/7/2035,27.9357357,36.67744827,20.18507004,9.225645065,0.087766491,94.93588257,2.502512455,3.527758598,206.436554,208.4873352,29.63184929,40.94607544,Summer,2
8/8/2035,27.91109467,36.64163589,20.18576431,9.25138092,0.107124679,94.93588257,2.497962475,3.52096653,206.3408051,208.3473358,29.60203552,41.11210632,Summer,2
8/9/2035,27.8816433,36.60010529,20.18299484,9.277933121,0.127381444,94.93598938,2.493597269,3.514444828,206.2896576,208.2483978,29.56690598,41.29530334,Summer,2
8/10/2035,27.8472271,36.55267715,20.17662048,9.305187225,0.14852044,94.93621826,2.489444256,3.508235455,206.2858734,208.1933594,29.52631378,41.49570465,Summer,2
8/11/2035,27.8076992,36.49917221,20.16649628,9.333021164,0.170522481,94.93655396,2.485528946,3.502376556,206.3318634,208.1846466,29.48010826,41.71330261,Summer,2
8/12/2035,27.76291847,36.43942261,20.15247726,9.361301422,0.19336535,94.93698883,2.481876373,3.496907234,206.4294281,208.2241974,29.42816925,41.94801331,Summer,2
8/13/2035,27.71275711,36.37329483,20.13443756,9.389890671,0.217022493,94.93753052,2.478508711,3.491862297,206.5800018,208.3135529,29.37037277,42.1996994,Summer,2
8/14/2035,27.65709686,36.30065155,20.11224365,9.418644905,0.241463751,94.93817139,2.475446701,3.4872756,206.7845306,208.4537811,29.30661201,42.46813202,Summer,2
8/15/2035,27.59584236,36.22138596,20.08578491,9.447414398,0.266655743,94.93889618,2.472709179,3.483175755,207.043335,208.6455231,29.23679924,42.75304413,Summer,2
8/16/2035,27.52890968,36.13541031,20.0549469,9.476046562,0.292560309,94.9397049,2.470312357,3.479590893,207.3563385,208.8888092,29.16085815,43.05407715,Summer,2
8/17/2035,27.45623398,36.0426712,20.01964188,9.504384995,0.319135398,94.9405899,2.468269348,3.476543903,207.7229309,209.1833191,29.07873726,43.37081146,Summer,2
8/18/2035,27.37777328,35.94312668,19.9797821,9.532272339,0.346335053,94.94153595,2.466591597,3.474054813,208.1418915,209.5281982,28.99040413,43.70276642,Summer,2
8/19/2035,27.29350662,35.8367691,19.93530655,9.559551239,0.374108791,94.94255066,2.465286732,3.472138882,208.611618,209.9221344,28.89583969,44.04936218,Summer,2
8/20/2035,27.20343399,35.72361755,19.8861618,9.586061478,0.402402312,94.94361877,2.464360237,3.470808029,209.1299591,210.363327,28.79506111,44.40998459,Summer,2
8/21/2035,27.10758209,35.60372925,19.83231735,9.61164856,0.43115741,94.94472504,2.463814735,3.470070362,209.6943054,210.8495331,28.68809891,44.78393555,Summer,2
8/22/2035,27.0059967,35.4771843,19.77375412,9.636159897,0.46031186,94.94586945,2.463648558,3.469928741,210.3015747,211.3780975,28.57500648,45.17046356,Summer,2
8/23/2035,26.89875603,35.34409332,19.71047974,9.659446716,0.489799529,94.94704437,2.463858604,3.47038269,210.948349,211.9459839,28.45586586,45.56874084,Summer,2
8/24/2035,26.78596115,35.2046051,19.64250946,9.681362152,0.519551277,94.94824219,2.464437485,3.471427441,211.6307373,212.5497437,28.33078575,45.97790146,Summer,2
8/25/2035,26.66773415,35.0588913,19.5698967,9.701768875,0.549494445,94.94944763,2.465376139,3.473052025,212.3445587,213.1856384,28.19989586,46.39701462,Summer,2
8/26/2035,26.54422951,34.9071579,19.49269485,9.720535278,0.579553545,94.95066833,2.466661453,3.475244045,213.0852814,213.8495483,28.06335449,46.82511139,Summer,2
8/27/2035,26.4156208,34.74964905,19.41098404,9.737533569,0.609650731,94.95188141,2.46827817,3.477986336,213.848114,214.5371552,27.92133331,47.26116943,Summer,2
8/28/2035,26.28211403,34.58662796,19.32487488,9.752652168,0.639705598,94.95309448,2.470208168,3.481256008,214.628067,215.2438965,27.77404022,47.70413971,Summer,2
8/29/2035,26.1439209,34.41839218,19.234478,9.76578331,0.669636309,94.95429993,2.472430944,3.485029697,215.4199982,215.9650574,27.62170029,48.15293121,Summer,2
8/30/2035,26.0012989,34.24525833,19.13994217,9.776826859,0.699359715,94.95549011,2.474924326,3.489277363,216.2186127,216.6957092,27.46455574,48.60642242,Summer,2
8/31/2035,25.85450745,34.06757355,19.04141617,9.785698891,0.728791952,94.95666504,2.477662802,3.493968487,217.0184784,217.4309082,27.30287552,49.06349945,Summer,2
9/1/2035,25.70383453,33.88570404,18.93907928,9.792322159,0.757848561,94.95781708,2.480620384,3.499067783,217.81427,218.1656647,27.13694382,49.52300262,Autumn,3
9/2/2035,25.54957962,33.70003891,18.83311462,9.796630859,0.7864452,94.95895386,2.483768225,3.504539967,218.600647,218.894928,26.96705627,49.98378754,Autumn,3
9/3/2035,25.39206505,33.51098633,18.72373199,9.798571587,0.814498842,94.96006775,2.487077951,3.510344028,219.3722839,219.6137695,26.79353523,50.44470596,Autumn,3
9/4/2035,25.23161697,33.31895828,18.61115646,9.798103333,0.84192723,94.96115875,2.490518093,3.516440868,220.124115,220.317337,26.61670113,50.90460587,Autumn,3
9/5/2035,25.06858063,33.12438583,18.49560165,9.795193672,0.868650198,94.9622345,2.494058132,3.522788048,220.8511353,221.000946,26.43689728,51.36238098,Autumn,3
9/6/2035,24.90329933,32.92771912,18.37732315,9.789825439,0.894589901,94.96329498,2.497666597,3.529342651,221.548645,221.6600342,26.25446701,51.8169136,Autumn,3
9/7/2035,24.73613358,32.72938919,18.25655365,9.781989098,0.919671297,94.96433258,2.501312256,3.536061764,222.212204,222.2903748,26.06975746,52.26713562,Autumn,3
9/8/2035,24.56743813,32.52984238,18.13355255,9.771688461,0.94382298,94.96536255,2.50496316,3.542901993,222.837738,222.88797,25.8831234,52.7120018,Autumn,3
9/9/2035,24.39756775,32.32952881,18.00858307,9.758938789,0.966977835,94.96638489,2.508589268,3.549820423,223.4214325,223.4490814,25.69492149,53.15052032,Autumn,3
9/10/2035,24.22687721,32.12887955,17.88189316,9.74376297,0.989072442,94.9673996,2.512161255,3.556776524,223.9599609,223.9704285,25.50550079,53.58174896,Autumn,3
9/11/2035,24.05571938,31.92832375,17.75375366,9.726198196,1.010048866,94.96841431,2.515650272,3.563727856,224.4504089,224.4490356,25.31520271,54.00479126,Autumn,3
9/12/2035,23.88442802,31.7282753,17.62441254,9.706288338,1.029854774,94.96944427,2.519029856,3.570637703,224.890274,224.88237,25.12436867,54.41881561,Autumn,3
9/13/2035,23.71333313,31.52913857,17.49412537,9.684085846,1.048443317,94.97047424,2.522274494,3.577468872,225.2776031,225.2683258,24.93332291,54.8230629,Autumn,3
9/14/2035,23.54275131,31.33128929,17.36314011,9.659650803,1.065773606,94.9715271,2.525362253,3.584187984,225.6109314,225.6051941,24.74238014,55.21683121,Autumn,3
9/15/2035,23.3729744,31.13508606,17.23169327,9.633052826,1.081811547,94.97260284,2.528271914,3.590764046,225.889267,225.8918152,24.55183411,55.59950638,Autumn,3
9/16/2035,23.20428467,30.94086266,17.10001373,9.604366302,1.09653008,94.97370911,2.530986071,3.597169876,226.1121826,226.1275024,24.36197281,55.97055054,Autumn,3
9/17/2035,23.0369339,30.74892235,16.96831131,9.573673248,1.109908342,94.97484589,2.533489704,3.603382587,226.2797394,226.3120422,24.17304802,56.32949066,Autumn,3
9/18/2035,22.87115669,30.55953979,16.83679199,9.54105854,1.121933341,94.97602081,2.535771608,3.609381199,226.3926697,226.4456482,23.98530197,56.67596054,Autumn,3
9/19/2035,22.70715904,30.37295151,16.70563507,9.50661087,1.132598996,94.97723389,2.537822485,3.615151882,226.4520111,226.5290833,23.79894638,57.00967026,Autumn,3
9/20/2035,22.54512024,30.18936348,16.57501221,9.470423698,1.141906619,94.97849274,2.539637327,3.62068224,226.4594421,226.5636292,23.61416817,57.33042145,Autumn,3
9/21/2035,22.38519096,30.00894356,16.44506454,9.432591438,1.149864554,94.97980499,2.541215181,3.625966549,226.41716,226.5509338,23.43112946,57.63808823,Autumn,3
9/22/2035,22.22748756,29.83182335,16.3159256,9.393211365,1.156489491,94.98116302,2.542556763,3.631002903,226.327774,226.4931641,23.24995804,57.93264771,Autumn,3
9/23/2035,22.07209969,29.65808868,16.18769455,9.352376938,1.161803484,94.98256683,2.54366827,3.635795116,226.1943512,226.392868,23.07076073,58.21416473,Autumn,3
9/24/2035,21.91908073,29.48779297,16.06046295,9.31018734,1.165837169,94.98403168,2.544558287,3.640349865,226.0204315,226.2530365,22.89361382,58.48277664,Autumn,3
9/25/2035,21.76845741,29.32093811,15.93428135,9.266736031,1.168627024,94.9855423,2.545239687,3.644680977,225.8098755,226.0770264,22.71855354,58.73871231,Autumn,3
9/26/2035,21.62021828,29.15750122,15.80919552,9.222114563,1.170216322,94.98709869,2.545728445,3.648805141,225.5668945,225.8685303,22.54559517,58.98229218,Autumn,3
9/27/2035,21.47432137,28.99740028,15.68521786,9.17641449,1.170653939,94.98870087,2.546044111,3.65274477,225.2960968,225.6315308,22.37471962,59.21389008,Autumn,3
9/28/2035,21.33069038,28.84052849,15.56233501,9.129720688,1.169995308,94.99033356,2.546209335,3.656526566,225.0022278,225.3703308,22.2058773,59.43396759,Autumn,3
9/29/2035,21.18922234,28.68673325,15.44051266,9.082117081,1.16830039,94.99201202,2.546249866,3.660180569,224.6903229,225.0893555,22.03899384,59.64305878,Autumn,3
9/30/2035,21.04977798,28.53582954,15.31969929,9.033679008,1.165634036,94.99370575,2.546194553,3.663742065,224.3655853,224.7933502,21.87396431,59.8417511,Autumn,3
10/1/2035,20.91219711,28.38759041,15.1998167,8.984479904,1.162065864,94.99542236,2.546074867,3.667249203,224.0333252,224.4871368,21.71065521,60.03069687,Autumn,3
10/2/2035,20.77628136,28.24175835,15.08076,8.934587479,1.157668591,94.99713898,2.545923948,3.670743942,223.6988831,224.1755524,21.54890823,60.21060181,Autumn,3
10/3/2035,20.641819,28.09804726,14.96240711,8.884061813,1.152518034,94.99885559,2.545778275,3.67427063,223.3677063,223.8636169,21.38854027,60.38221741,Autumn,3
10/4/2035,20.50856209,27.95614624,14.84462643,8.832959175,1.146693468,95.00055695,2.545675516,3.677876472,223.045105,223.5562897,21.22935104,60.54633331,Autumn,3
10/5/2035,20.37625504,27.81570625,14.72725391,8.781328201,1.140274882,95.00222778,2.545654297,3.681610584,222.7363892,223.2584686,21.0711174,60.7037735,Autumn,3
10/6/2035,20.24461746,27.6763649,14.61012173,8.729208946,1.133344293,95.00385284,2.545755386,3.685524464,222.4466553,222.9749756,20.9135952,60.85539246,Autumn,3
10/7/2035,20.11334801,27.53774834,14.49304104,8.676639557,1.125983953,95.00541687,2.546019554,3.689670086,222.1808777,222.7104645,20.75653648,61.00205994,Autumn,3
10/8/2035,19.98214531,27.39945412,14.37581348,8.623649597,1.118276358,95.00691223,2.546488047,3.694099426,221.9437408,222.4694977,20.5996685,61.14464951,Autumn,3
10/9/2035,19.85068512,27.26107788,14.25822926,8.570263863,1.110303164,95.00830841,2.54720211,3.698866367,221.7397614,222.2562866,20.4427166,61.28406143,Autumn,3
10/10/2035,19.71864891,27.12220573,14.14007282,8.516499519,1.10214448,95.00960541,2.548203468,3.704022884,221.5729828,222.0748901,20.28540421,61.42116547,Autumn,3
10/11/2035,19.58570862,26.98241615,14.02112103,8.462368965,1.09387958,95.01078033,2.549530983,3.709619522,221.4471893,221.9290161,20.12744141,61.5568428,Autumn,3
10/12/2035,19.45153236,26.84130096,13.90115452,8.407878876,1.085583925,95.0118103,2.551224232,3.715707302,221.3658142,221.8220215,19.9685421,61.69195175,Autumn,3
10/13/2035,19.31580353,26.69844627,13.77994251,8.353034973,1.07733047,95.01269531,2.553320885,3.722333908,221.3317566,221.756958,19.80843163,61.82732391,Autumn,3
10/14/2035,19.17820168,26.55344582,13.65726185,8.297832489,1.069189072,95.01339722,2.555855751,3.72954464,221.3475342,221.7364349,19.64682579,61.96377182,Autumn,3
10/15/2035,19.03841972,26.40591431,13.53289509,8.242268562,1.061224937,95.01391602,2.558862448,3.737381935,221.4152527,221.7626801,19.48346329,62.10205841,Autumn,3
10/16/2035,18.89617157,26.25548363,13.40663433,8.18633461,1.053499103,95.01423645,2.562370539,3.745883942,221.536377,221.8374481,19.31808853,62.24290848,Autumn,3
10/17/2035,18.75117111,26.10180092,13.27827168,8.130020142,1.046067595,95.01434326,2.566408157,3.755086899,221.7120056,221.9620819,19.15045547,62.38700485,Autumn,3
10/18/2035,18.60317039,25.94453621,13.14761829,8.073314667,1.038980961,95.01422882,2.570999146,3.765019894,221.9427338,222.1374817,18.98034859,62.53497696,Autumn,3
10/19/2035,18.451931,25.78339577,13.0144968,8.016202927,1.032284856,95.01387024,2.576164007,3.775709629,222.2285614,222.3640442,18.80755997,62.68739319,Autumn,3
10/20/2035,18.29724503,25.61810875,12.87874508,7.958673954,1.026018977,95.01326752,2.581919193,3.787176609,222.5690155,222.6417694,18.63191032,62.84476852,Autumn,3
10/21/2035,18.13892937,25.44844246,12.74022198,7.900712967,1.020216584,95.01242065,2.588277817,3.799435616,222.9631805,222.9700623,18.45324707,63.00754166,Autumn,3
10/22/2035,17.97683525,25.27420044,12.59880543,7.842309475,1.014905453,95.01131439,2.595247984,3.812496662,223.4096069,223.3480377,18.2714386,63.17610168,Autumn,3
10/23/2035,17.8108387,25.09522057,12.45439243,7.783452988,1.010107398,95.0099411,2.602833748,3.826363564,223.9063416,223.7742462,18.08638763,63.35075378,Autumn,3
10/24/2035,17.64085388,24.9113884,12.30690289,7.724135876,1.005837679,95.00831604,2.611034632,3.841033459,224.4510498,224.2468872,17.89801979,63.53174973,Autumn,3
10/25/2035,17.46682739,24.72262573,12.15628529,7.664353848,1.002105474,95.00643158,2.619845629,3.856498241,225.0409241,224.7637024,17.70629692,63.71925354,Autumn,3
10/26/2035,17.28874207,24.52890015,12.00250912,7.604104996,0.99891448,95.00429535,2.629257202,3.872742653,225.672821,225.3220825,17.5112114,63.91337204,Autumn,3
10/27/2035,17.10661888,24.33022308,11.84557343,7.543394089,0.996262789,95.00191498,2.639254808,3.889745712,226.3431549,225.9190674,17.31278992,64.11412048,Autumn,3
10/28/2035,16.92051125,24.12664604,11.68550301,7.482227802,0.994142473,94.9992981,2.649819851,3.907481194,227.0480957,226.5513458,17.11108971,64.32146454,Autumn,3
10/29/2035,16.73051643,23.91827393,11.52235031,7.420619965,0.992540658,94.99645233,2.660928965,3.925915241,227.7834778,227.2153778,16.90620422,64.53529358,Autumn,3
10/30/2035,16.53675842,23.70524979,11.35619164,7.358589649,0.991439879,94.99340057,2.672554493,3.945008755,228.5449371,227.9072571,16.69825363,64.75543976,Autumn,3
10/31/2035,16.33940697,23.48776245,11.18713665,7.296160221,0.990817666,94.99015808,2.684664726,3.964717865,229.3278656,228.6229553,16.48740196,64.98164368,Autumn,3
11/1/2035,16.13866043,23.26604271,11.01531792,7.233363152,0.990647912,94.98674774,2.697223902,3.984992027,230.127533,229.3582153,16.27383041,65.21360779,Autumn,3
11/2/2035,15.93475628,23.0403595,10.84089661,7.170235157,0.990901053,94.98318481,2.710192442,4.005775928,230.9390564,230.1087189,16.05776215,65.45098877,Autumn,3
11/3/2035,15.72795773,22.81102562,10.66406155,7.106817245,0.99154371,94.97950745,2.723527193,4.027009964,231.7576141,230.8699493,15.83944416,65.69335938,Autumn,3
11/4/2035,15.51856518,22.57839012,10.48501682,7.043161392,0.992540777,94.9757309,2.73718214,4.048629761,232.5782166,231.6374207,15.61915112,65.94024658,Autumn,3
11/5/2035,15.30690861,22.34282684,10.30399895,6.979322433,0.993854761,94.97188568,2.751107931,4.070568085,233.3960419,232.4065704,15.39718533,66.19116211,Autumn,3
11/6/2035,15.09333515,22.10475349,10.12126541,6.915361404,0.995446444,94.96800995,2.765253544,4.09275341,234.2062225,233.1729431,15.17387104,66.44555664,Autumn,3
11/7/2035,14.87822437,21.86461067,9.937088966,6.851346493,0.997276008,94.96413422,2.779564857,4.115110874,235.0041809,233.9321442,14.94955349,66.70284271,Autumn,3
11/8/2035,14.66197491,21.62286568,9.751767159,6.787350178,0.999303102,94.96029663,2.793987036,4.137565136,235.7853699,234.6798248,14.72459698,66.9624176,Autumn,3
11/9/2035,14.44499779,21.38000107,9.565603256,6.723451614,1.001487613,94.95652771,2.808462858,4.160037518,236.5455017,235.4118652,14.49937725,67.2236557,Autumn,3
11/10/2035,14.22772789,21.13652611,9.378925323,6.659732819,1.00379014,94.9528656,2.822935343,4.182448387,237.2805939,236.1242981,14.2742939,67.48589325,Autumn,3
11/11/2035,14.0106039,20.89295959,9.1920681,6.596282005,1.006172538,94.94934845,2.837346077,4.20471859,237.9868622,236.8134613,14.04974365,67.74848175,Autumn,3
11/12/2035,13.79407787,20.64982796,9.005374908,6.533189774,1.008598804,94.9460144,2.851637363,4.226768494,238.6609039,237.4758301,13.8261385,68.01075745,Autumn,3
11/13/2035,13.57860374,20.40766335,8.819197655,6.470550537,1.011034369,94.94290924,2.865752459,4.248518467,239.2996674,238.1082611,13.60389137,68.27204895,Autumn,3
11/14/2035,13.36463642,20.16700363,8.633889198,6.408460617,1.013448119,94.94005585,2.879634142,4.269891739,239.9004517,238.7078857,13.38341427,68.5316925,Autumn,3
11/15/2035,13.15263271,19.92838287,8.449808121,6.347017288,1.015811563,94.93750763,2.893227577,4.290812016,240.4609528,239.2722015,13.16512394,68.78904724,Autumn,3
11/16/2035,12.94303417,19.69232368,8.267305374,6.286320686,1.0181005,94.93528748,2.906479359,4.311205864,240.9793243,239.799057,12.94942284,69.04347229,Autumn,3
11/17/2035,12.73628426,19.45934868,8.086735725,6.226468086,1.020293593,94.93343353,2.919338465,4.331004143,241.4540863,240.2866364,12.73670578,69.29437256,Autumn,3
11/18/2035,12.5328083,19.22994995,7.908442497,6.167559624,1.022374034,94.93198395,2.931755781,4.350139141,241.8842316,240.7335205,12.52736473,69.5411377,Autumn,3
11/19/2035,12.33301449,19.00461388,7.732761383,6.10969162,1.024329662,94.93096924,2.943686724,4.368549347,242.2692108,241.1387634,12.32176876,69.78322601,Autumn,3
11/20/2035,12.13729858,18.78380585,7.560016632,6.052959442,1.026152134,94.93041992,2.955088377,4.386176586,242.6088715,241.5016785,12.12026882,70.02011871,Autumn,3
11/21/2035,11.94602776,18.56795502,7.390514374,5.99745369,1.027838588,94.93035126,2.965922117,4.402968407,242.9035034,241.822113,11.92320347,70.25131226,Autumn,3
11/22/2035,11.75954914,18.35747147,7.224552155,5.9432621,1.029389739,94.93079376,2.976154089,4.418877602,243.1538696,242.1002197,11.73088551,70.47637939,Autumn,3
11/23/2035,11.57818031,18.15273094,7.062404633,5.890468597,1.030812144,94.93177795,2.985752821,4.433863163,243.3610382,242.3365021,11.54359913,70.69491577,Autumn,3
11/24/2035,11.40221405,17.95407677,6.904328346,5.839148521,1.032116294,94.93330383,2.994693518,4.447888851,243.5265961,242.5319672,11.36161041,70.90656281,Autumn,3
11/25/2035,11.23190784,17.76181221,6.750553131,5.789377213,1.033317327,94.93539429,3.002953768,4.46092701,243.6524353,242.6878357,11.18515015,71.11099243,Autumn,3
11/26/2035,11.06748772,17.57620811,6.601291656,5.741217613,1.034434676,94.93805695,3.010517597,4.47295475,243.7407684,242.8057861,11.01442146,71.30796814,Autumn,3
11/27/2035,10.90914726,17.39749718,6.456728935,5.694726944,1.035492063,94.94129944,3.017373323,4.483957291,243.7941437,242.8876953,10.8496027,71.49726868,Autumn,3
11/28/2035,10.75704098,17.22586441,6.31702137,5.64995718,1.036516786,94.94512177,3.023514271,4.493925571,243.815506,242.9358063,10.69083214,71.67871094,Autumn,3
11/29/2035,10.61129284,17.06145477,6.18230629,5.606947899,1.03753984,94.9495163,3.028938293,4.502858639,243.8078308,242.9526062,10.53822136,71.85220337,Autumn,3
11/30/2035,10.47198486,16.90437698,6.052680969,5.565732956,1.038595319,94.9544754,3.033649206,4.510760784,243.7744751,242.9408112,10.3918457,72.01765442,Autumn,3
12/1/2035,10.33917046,16.75469208,5.928225517,5.526336193,1.039720058,94.95999908,3.037655592,4.517644882,243.7189484,242.9033508,10.25174999,72.17506409,Winter,0
12/2/2035,10.2128582,16.61242294,5.808988571,5.488773346,1.040952921,94.96605682,3.04096961,4.52352953,243.6448059,242.8433075,10.11795044,72.32443237,Winter,0
12/3/2035,10.0930233,16.4775486,5.694988251,5.453048706,1.042334914,94.97264099,3.043609858,4.528439999,243.5558167,242.7638702,9.990419388,72.46585083,Winter,0
12/4/2035,9.979604721,16.35000801,5.586215973,5.419158936,1.043908238,94.97971344,3.04559803,4.532408237,243.4557648,242.668396,9.869114876,72.59941101,Winter,0
12/5/2035,9.872514725,16.22970581,5.482639313,5.38709116,1.045715332,94.98725128,3.046961546,4.535470963,243.3483582,242.5601959,9.753947258,72.72524261,Winter,0
12/6/2035,9.771623611,16.11650467,5.384190559,5.356820107,1.047799706,94.995224,3.047730684,4.53767252,243.2374268,242.442749,9.644812584,72.84355927,Winter,0
12/7/2035,9.676778793,16.01023293,5.290785789,5.328317165,1.050203562,95.00359344,3.047940016,4.539060116,243.1265869,242.3193665,9.541572571,72.95454407,Winter,0
12/8/2035,9.587792397,15.91068649,5.202310562,5.301539421,1.052968979,95.01231384,3.047628164,4.539687634,243.0194702,242.1934204,9.444061279,73.05844116,Winter,0
12/9/2035,9.504453659,15.81763268,5.118631363,5.276437759,1.056136012,95.02134705,3.046836138,4.53961277,242.9194641,242.068161,9.352093697,73.15551758,Winter,0
12/10/2035,9.426523209,15.73081398,5.039588928,5.252955437,1.059743047,95.03063965,3.045607805,4.538896561,242.8298035,241.9467621,9.265467644,73.24607086,Winter,0
12/11/2035,9.353746414,15.64993572,4.965005875,5.231027603,1.063825488,95.0401535,3.043990374,4.537604332,242.7535706,241.8321533,9.183948517,73.3303833,Winter,0
12/12/2035,9.285842896,15.57469559,4.89468956,5.210581303,1.06841588,95.04981995,3.042031527,4.535803318,242.693512,241.7271881,9.107298851,73.40878296,Winter,0
12/13/2035,9.222518921,15.50476646,4.828426361,5.191538334,1.073543668,95.0595932,3.039782286,4.533563137,242.6521301,241.6345062,9.035259247,73.48158264,Winter,0
12/14/2035,9.163470268,15.43981075,4.765995979,5.173814774,1.07923317,95.06941223,3.037294388,4.530955315,242.6316681,241.556488,8.967561722,73.54911041,Winter,0
12/15/2035,9.108375549,15.37947369,4.707159042,5.157320976,1.085505128,95.07922363,3.034619331,4.528052807,242.6340332,241.495224,8.90392971,73.61169434,Winter,0
12/16/2035,9.056913376,15.32339859,4.65167141,5.141964912,1.092375159,95.08896637,3.031810284,4.524928093,242.6607361,241.4526367,8.844079018,73.66967773,Winter,0
12/17/2035,9.008755684,15.27122307,4.599280357,5.127649307,1.099853873,95.09858704,3.028919458,4.521653652,242.7130432,241.4303284,8.787724495,73.72335052,Winter,0
12/18/2035,8.963565826,15.22258091,4.549732208,5.114274025,1.107946277,95.1080246,3.025999546,4.518302441,242.7917786,241.4295654,8.734582901,73.77304077,Winter,0
12/19/2035,8.921027184,15.17710972,4.502765656,5.101739407,1.116651893,95.11721039,3.023100853,4.514944077,242.8974304,241.4513702,8.684364319,73.81903839,Winter,0
12/20/2035,8.880809784,15.1344595,4.458126068,5.089943886,1.125963926,95.12609863,3.020274162,4.511647701,243.0301819,241.4963837,8.636795998,73.86162567,Winter,0
12/21/2035,8.842603683,15.09428406,4.415558815,5.078784943,1.135870218,95.1346283,3.017566681,4.508480072,243.1897278,241.5649872,8.591603279,73.90106201,Winter,0
12/22/2035,8.806102753,15.05625153,4.374810219,5.068164349,1.14635241,95.14274597,3.0150249,4.505503654,243.3755035,241.6572418,8.548529625,73.93758392,Winter,0
12/23/2035,8.771018982,15.02004528,4.335638046,5.057983398,1.157386303,95.15039825,3.012692451,4.502779484,243.5865936,241.772934,8.507325172,73.97140503,Winter,0
12/24/2035,8.73707962,14.98536587,4.297811508,5.048145294,1.168940902,95.15753937,3.010610342,4.500362396,243.8217163,241.9114838,8.467754364,74.00270081,Winter,0
12/25/2035,8.704030037,14.9519434,4.261107445,5.03855896,1.18098104,95.16411591,3.008816481,4.498305798,244.0793152,242.072052,8.429603577,74.03166962,Winter,0
12/26/2035,8.671632767,14.9195137,4.225317955,5.029137135,1.193464398,95.17008972,3.007344723,4.496655464,244.3575287,242.25354,8.392669678,74.05841827,Winter,0
12/27/2035,8.639678001,14.88785553,4.190243721,5.019797325,1.206344128,95.17541504,3.006226301,4.495454311,244.6542358,242.4545898,8.356778145,74.08305359,Winter,0
12/28/2035,8.607978821,14.85676479,4.155714035,5.010461807,1.219568253,95.18006134,3.005488157,4.494738102,244.9670105,242.6735992,8.321773529,74.10565186,Winter,0
12/29/2035,8.576368332,14.82606792,4.121563911,5.00106287,1.23307991,95.18400574,3.005153656,4.494539261,245.2933197,242.9087982,8.287516594,74.12626648,Winter,0
