Date,T2M,T2M_MAX,T2M_MIN,QV2M,PRECTOTCORR,PS,WS2M,WS10M,WD10M,WD2M,TS,RH2M,season,season_id
1/1/2026,14.54567146,16.48935699,12.84523582,7.110125542,0.830429792,102.1661301,5.578308582,6.641374588,255.3162689,255.6019135,16.08223343,70.44898987,Winter,0
1/2/2026,14.49917984,16.44462967,12.79818344,7.089725494,0.830691397,102.1668854,5.573595524,6.637328625,255.463623,255.7418365,16.02182961,70.4864502,Winter,0
1/3/2026,14.45361519,16.40074921,12.75199127,7.06940937,0.830812216,102.1668701,5.568964958,6.633358955,255.6005096,255.8691864,15.96257591,70.52180481,Winter,0
1/4/2026,14.40892982,16.35767365,12.70660114,7.049188137,0.830774963,102.1660843,5.564433098,6.629486084,255.7252808,255.9821167,15.90445137,70.55512238,Winter,0
1/5/2026,14.36508274,16.31536484,12.66197205,7.029084206,0.830562234,102.1645432,5.560015202,6.625724792,255.8360443,256.0787964,15.8474369,70.58648682,Winter,0
1/6/2026,14.32204628,16.27379799,12.61807251,7.009123802,0.830156565,102.162262,5.555721283,6.622086048,255.9310455,256.1572876,15.79152584,70.61601257,Winter,0
1/7/2026,14.27980137,16.23295784,12.57487679,6.989346504,0.829540253,102.1592636,5.551557064,6.618577957,256.0083618,256.2157898,15.73670769,70.64379883,Winter,0
1/8/2026,14.23834229,16.1928463,12.5323782,6.96979475,0.828696012,102.1555557,5.54752779,6.615203381,256.0661621,256.2524414,15.68298054,70.66997528,Winter,0
1/9/2026,14.19766808,16.15346718,12.49057198,6.950520039,0.827607632,102.1511765,5.543631554,6.611961365,256.1026001,256.2654114,15.63034821,70.69468689,Winter,0
1/10/2026,14.15779305,16.11484146,12.44946957,6.931574821,0.826259375,102.1461563,5.539865971,6.608849049,256.1159363,256.2530518,15.57881737,70.71806335,Winter,0
1/11/2026,14.11873913,16.07699585,12.40908337,6.913020611,0.8246364,102.1405334,5.536224842,6.605858803,256.1045227,256.2138367,15.52840137,70.74027252,Winter,0
1/12/2026,14.08053398,16.03997231,12.3694458,6.894920349,0.822725356,102.1343384,5.532698154,6.602980137,256.0667419,256.1462402,15.47911453,70.76146698,Winter,0
1/13/2026,14.04321957,16.0038147,12.33059025,6.877338409,0.820514619,102.1276093,5.529274464,6.600199223,256.0011902,256.0490723,15.43097687,70.78179932,Winter,0
1/14/2026,14.00683975,15.96857834,12.29255962,6.860344887,0.817993879,102.1204071,5.525939941,6.597500324,255.9066315,255.9212189,15.38401031,70.80143738,Winter,0
1/15/2026,13.97144699,15.93432522,12.25540352,6.844004631,0.815155029,102.1127625,5.522677422,6.594864845,255.7818909,255.7617798,15.33824348,70.82053375,Winter,0
1/16/2026,13.93710423,15.90112877,12.21917915,6.828386307,0.811991751,102.1047363,5.519469261,6.592273235,255.6261597,255.5700989,15.29370403,70.83924866,Winter,0
1/17/2026,13.90387535,15.86905861,12.18395042,6.813557625,0.808499992,102.0963745,5.516294956,6.589701653,255.4387054,255.3457336,15.25042439,70.85773468,Winter,0
1/18/2026,13.87182808,15.83819675,12.14978409,6.799583435,0.804678142,102.0877228,5.513134003,6.587128162,255.2190399,255.0884857,15.20843887,70.87614441,Winter,0
1/19/2026,13.84103584,15.80862617,12.11674976,6.786524773,0.800526917,102.0788498,5.509963512,6.584526062,254.96698,254.7983551,15.16778278,70.89460754,Winter,0
1/20/2026,13.81157494,15.78042889,12.08492279,6.774440765,0.796049476,102.0698013,5.50676012,6.58187151,254.6824799,254.4756775,15.12849045,70.91326141,Winter,0
1/21/2026,13.78352356,15.75369644,12.05438232,6.763385773,0.79125154,102.0606232,5.503500462,6.579136372,254.3657837,254.1208801,15.09060097,70.93223572,Winter,0
1/22/2026,13.75695992,15.72851372,12.0252037,6.753412247,0.786141276,102.051384,5.500160217,6.576294899,254.017334,253.7348022,15.05415154,70.9516449,Winter,0
1/23/2026,13.73195934,15.7049675,11.99746513,6.744561195,0.780729473,102.0421295,5.496715069,6.573319912,253.6379089,253.3184662,15.01917934,70.97158051,Winter,0
1/24/2026,13.70860291,15.68314648,11.97124863,6.73687315,0.775029182,102.0329132,5.493141651,6.570185184,253.2283783,252.8730316,14.98572254,70.99215698,Winter,0
1/25/2026,13.6869669,15.6631279,11.94662666,6.730381489,0.769055843,102.0237808,5.489416122,6.566864014,252.789917,252.3999786,14.95381355,71.01343536,Winter,0
1/26/2026,13.66711998,15.64499664,11.92367935,6.725113869,0.762827396,102.0147781,5.485514641,6.563331604,252.3239288,251.9009552,14.92348862,71.03549957,Winter,0
1/27/2026,13.64913559,15.62882423,11.9024744,6.721088886,0.75636369,102.0059586,5.481416702,6.55956459,251.831955,251.3777618,14.89478207,71.05841064,Winter,0
1/28/2026,13.63307571,15.61468315,11.8830843,6.71832037,0.74968642,101.9973602,5.477100372,6.555539131,251.3157196,250.8324127,14.86772156,71.08220673,Winter,0
1/29/2026,13.61900234,15.60263634,11.86557198,6.716814041,0.742819071,101.9890289,5.472545624,6.551232338,250.7771606,250.2669983,14.84233761,71.10693359,Winter,0
1/30/2026,13.60696983,15.59274101,11.84999657,6.716570854,0.735786915,101.9809952,5.467734337,6.54662466,250.2182922,249.6837769,14.81865311,71.13261414,Winter,0
1/31/2026,13.59702682,15.58504963,11.83641624,6.717585564,0.728616118,101.9732895,5.462649822,6.541698456,249.6412659,249.0851135,14.79669476,71.15927124,Winter,0
2/1/2026,13.58921623,15.57960415,11.82487679,6.719844818,0.721334338,101.96595,5.457276821,6.536435604,249.0482788,248.4733124,14.77647781,71.18690491,Winter,0
2/2/2026,13.58357239,15.576437,11.81542015,6.723326206,0.713969469,101.958992,5.451600075,6.530820847,248.4417267,247.8508759,14.75801945,71.21551514,Winter,0
2/3/2026,13.58012199,15.57557774,11.80808926,6.728008747,0.706550539,101.9524384,5.445610046,6.524841309,247.8238373,247.2202148,14.74133682,71.2450943,Winter,0
2/4/2026,13.57888699,15.57704163,11.80290604,6.733861923,0.699106097,101.9463043,5.439294815,6.518487453,247.1970367,246.583725,14.72643471,71.27562714,Winter,0
2/5/2026,13.57987976,15.58083534,11.79989815,6.740850449,0.691664934,101.9406052,5.432647228,6.511748791,246.5636292,245.9437561,14.71332169,71.30708313,Winter,0
2/6/2026,13.58310509,15.58695984,11.79907703,6.748934746,0.684255302,101.9353485,5.425661564,6.504618645,245.9258575,245.3025665,14.70199966,71.33944702,Winter,0
2/7/2026,13.58855629,15.59540749,11.80045509,6.758072853,0.676904976,101.9305344,5.418333054,6.497093678,245.2859497,244.6623383,14.6924696,71.37267303,Winter,0
2/8/2026,13.59622765,15.60615349,11.80403137,6.768218994,0.669640481,101.9261551,5.410659313,6.489170074,244.6459808,244.0251007,14.68472385,71.40673065,Winter,0
2/9/2026,13.60609818,15.61917686,11.80979824,6.779325962,0.662486911,101.9222183,5.40264082,6.480848312,244.0079041,243.3927002,14.67875862,71.44158173,Winter,0
2/10/2026,13.61814308,15.63444138,11.81774712,6.791339874,0.655467808,101.9187012,5.394278049,6.472128868,243.3735199,242.7667694,14.6745615,71.47718811,Winter,0
2/11/2026,13.63232803,15.65189838,11.82785606,6.804213524,0.648605347,101.9155884,5.385576725,6.46301651,242.7444916,242.1488037,14.67212009,71.51351166,Winter,0
2/12/2026,13.64861488,15.67150116,11.84009933,6.817892075,0.641919136,101.9128647,5.376539707,6.453516006,242.1222534,241.5400543,14.67141819,71.55050659,Winter,0
2/13/2026,13.66695786,15.69319057,11.85444546,6.832325935,0.635426283,101.9105072,5.367175102,6.443634987,241.5079346,240.941452,14.67243767,71.58813477,Winter,0
2/14/2026,13.68730545,15.71689987,11.87085915,6.847462654,0.629141808,101.9084854,5.35749197,6.433382988,240.9025574,240.3537598,14.67515564,71.62636566,Winter,0
2/15/2026,13.70960045,15.74256134,11.88929558,6.86325264,0.62307781,101.9067764,5.347499847,6.4227705,240.3068542,239.7773895,14.67955208,71.66516113,Winter,0
2/16/2026,13.73378181,15.77009487,11.90970707,6.879647732,0.617243588,101.9053345,5.337211609,6.411809921,239.7212982,239.2125702,14.68560123,71.70449829,Winter,0
2/17/2026,13.7597847,15.79942322,11.93204498,6.896605015,0.61164546,101.9041367,5.326639175,6.400515556,239.1460571,238.6591187,14.69327927,71.74433899,Winter,0
2/18/2026,13.78753853,15.83046341,11.95625114,6.914081573,0.606286526,101.9031372,5.315797806,6.388902664,238.5810547,238.1166534,14.70255661,71.78466797,Winter,0
2/19/2026,13.81697273,15.86312675,11.98226929,6.932037354,0.601167142,101.9023056,5.304702759,6.376987457,238.0259247,237.5845032,14.71340752,71.82546234,Winter,0
2/20/2026,13.84801483,15.89732742,12.01003742,6.950438499,0.59628427,101.9015808,5.293371201,6.364789009,237.4800415,237.0616608,14.72580147,71.86671448,Winter,0
2/21/2026,13.88058662,15.93297005,12.03949547,6.969255447,0.591631949,101.9009399,5.28181982,6.352324009,236.9425049,236.5469208,14.73971272,71.90840149,Winter,0
2/22/2026,13.91461754,15.9699688,12.07057667,6.988461018,0.58720082,101.9003296,5.270069122,6.339613438,236.4121857,236.0386658,14.75510979,71.95053101,Winter,0
2/23/2026,13.95002365,16.00823212,12.10321712,7.008035183,0.582979143,101.899704,5.258136272,6.326677799,235.887619,235.5352631,14.77196884,71.9930954,Winter,0
2/24/2026,13.9867363,16.04766846,12.13735104,7.027959824,0.578952014,101.8990173,5.246042728,6.313538074,235.3671417,235.0346832,14.79025936,72.03610229,Winter,0
2/25/2026,14.02467728,16.08819389,12.17291451,7.048224926,0.575101912,101.8982315,5.233808041,6.300215244,234.8489685,234.5346985,14.8099575,72.07954407,Winter,0
2/26/2026,14.06377506,16.1297226,12.20984077,7.068823814,0.571408927,101.8973083,5.22145319,6.286732674,234.3309479,234.0329285,14.83103371,72.12345123,Winter,0
2/27/2026,14.10395908,16.17216873,12.24806786,7.089756012,0.567850888,101.8961945,5.209000587,6.273113251,233.8108521,233.5268707,14.85346794,72.16782379,Winter,0
2/28/2026,14.14516258,16.21546173,12.28753567,7.111022472,0.564403594,101.8948517,5.196470261,6.259378433,233.2863007,233.0138245,14.87723351,72.212677,Winter,0
3/1/2026,14.18732071,16.25952148,12.32818222,7.132632256,0.561041117,101.8932495,5.183885574,6.24555254,232.7547455,232.4909821,14.90231133,72.25802612,Spring,1
3/2/2026,14.23037148,16.30428123,12.36995316,7.154596806,0.557736337,101.8913498,5.171266556,6.231658936,232.213562,231.9555664,14.92868233,72.30387878,Spring,1
3/3/2026,14.27426147,16.34967804,12.41279221,7.176933289,0.554460824,101.8891144,5.158635616,6.217720032,231.66008,231.4046021,14.95632744,72.35025787,Spring,1
3/4/2026,14.31893444,16.39565659,12.45664978,7.199661732,0.551185429,101.8865128,5.14601469,6.20375967,231.091568,230.8352966,14.98522949,72.39717865,Spring,1
3/5/2026,14.36434746,16.44215965,12.50147629,7.222803116,0.54788065,101.883522,5.133424759,6.189801216,230.505249,230.2447357,15.01537514,72.44464874,Spring,1
3/6/2026,14.4104538,16.48914528,12.54723072,7.246384621,0.544516921,101.8801193,5.120886803,6.175866127,229.8985138,229.6301575,15.04675198,72.49267578,Spring,1
3/7/2026,14.45721626,16.5365715,12.59386826,7.270433426,0.541065037,101.8762894,5.108422756,6.161978722,229.2686462,228.9888153,15.07934856,72.5412674,Spring,1
3/8/2026,14.50460148,16.58440399,12.64135551,7.294981956,0.537496388,101.8720016,5.09605217,6.148159981,228.6131592,228.3182068,15.11315632,72.59042358,Spring,1
3/9/2026,14.55258369,16.63262177,12.68965626,7.320056915,0.533783436,101.8672562,5.083796024,6.134432316,227.9295807,227.6158905,15.1481657,72.64014435,Spring,1
3/10/2026,14.60113716,16.68120003,12.73874283,7.345692635,0.529899955,101.8620453,5.07167244,6.120816708,227.215683,226.8796539,15.18437481,72.6904068,Spring,1
3/11/2026,14.65024757,16.73012924,12.78858757,7.371920109,0.525821507,101.8563538,5.059701443,6.107334614,226.4694061,226.1075897,15.22177315,72.74121094,Spring,1
3/12/2026,14.69989967,16.77939034,12.83917427,7.398771763,0.521525919,101.8501968,5.04790163,6.094005108,225.6888428,225.2979126,15.26036072,72.79252625,Spring,1
3/13/2026,14.75008392,16.82899094,12.89047718,7.426275253,0.516992867,101.8435745,5.036289692,6.080849171,224.8724365,224.4491882,15.30013371,72.84432983,Spring,1
3/14/2026,14.80079651,16.87892914,12.9424839,7.454460621,0.512205005,101.8364944,5.024882793,6.067883968,224.0188293,223.5602722,15.34109116,72.89656067,Spring,1
3/15/2026,14.85203743,16.92921638,12.9951849,7.483354568,0.507147789,101.8289642,5.013697624,6.055128574,223.1268921,222.6303253,15.38323021,72.94920349,Spring,1
3/16/2026,14.9038105,16.97986221,13.04856682,7.512980938,0.501809895,101.8210144,5.002748013,6.042599678,222.1959534,221.658844,15.42655182,73.00218201,Spring,1
3/17/2026,14.95612335,17.0308876,13.1026268,7.54336071,0.496183038,101.8126526,4.992049694,6.030313015,221.2254944,220.6456909,15.47105408,73.05543518,Spring,1
3/18/2026,15.0089817,17.08230591,13.15736008,7.574512482,0.490262538,101.8039093,4.98161602,6.018284798,220.2154388,219.5910797,15.51673508,73.10890961,Spring,1
3/19/2026,15.06240082,17.13414764,13.21276569,7.606446743,0.484047294,101.7948151,4.971457481,6.006528378,219.1659698,218.4955139,15.56359673,73.16251373,Spring,1
3/20/2026,15.11639595,17.1864357,13.26884174,7.639175892,0.477539837,101.7854004,4.961586952,5.995057106,218.0776978,217.3600159,15.61163521,73.21616364,Spring,1
3/21/2026,15.17098236,17.23920059,13.32559204,7.67270422,0.470746547,101.7756958,4.952013969,5.983881474,216.9515228,216.1858215,15.66084957,73.26976776,Spring,1
3/22/2026,15.22617531,17.29246902,13.38301945,7.707034111,0.463677168,101.7657394,4.942747593,5.973013401,215.7886963,214.9746246,15.711236,73.32323456,Spring,1
3/23/2026,15.28199768,17.34627533,13.44112778,7.742159843,0.456345081,101.7555771,4.933794022,5.962461472,214.5908051,213.7283783,15.76279354,73.37644958,Spring,1
3/24/2026,15.33846664,17.40065002,13.49992371,7.778073788,0.448767722,101.7452393,4.925161362,5.952231884,213.3597717,212.4494019,15.81551266,73.42930603,Spring,1
3/25/2026,15.39560127,17.45562553,13.5594101,7.814764023,0.440965563,101.7347794,4.916852951,5.942332268,212.0978394,211.1403046,15.86939049,73.48170471,Spring,1
3/26/2026,15.45342064,17.51123047,13.61959553,7.852211952,0.432962239,101.7242432,4.908872604,5.932766914,210.8075104,209.8041077,15.92441654,73.5335083,Spring,1
3/27/2026,15.51194572,17.56749535,13.68048668,7.890394211,0.424784631,101.7136612,4.901222229,5.923537731,209.4915924,208.4439392,15.98058414,73.58460999,Spring,1
3/28/2026,15.57119083,17.62445068,13.74208546,7.929287434,0.416462511,101.7031021,4.893901825,5.914646626,208.1531677,207.0632782,16.03788376,73.63488007,Spring,1
3/29/2026,15.63117599,17.68212128,13.80440044,7.968860149,0.408028036,101.6925888,4.886909962,5.90609169,206.7954559,205.665741,16.09630013,73.68421936,Spring,1
3/30/2026,15.6919136,17.74053001,13.86743641,8.009079933,0.399515659,101.6821823,4.880244732,5.897871971,205.4219666,204.2552032,16.15582275,73.73249817,Spring,1
3/31/2026,15.75341988,17.79970169,13.93119526,8.049909592,0.390961409,101.6719284,4.87389946,5.889980793,204.0363617,202.8356171,16.21643448,73.77960968,Spring,1
4/1/2026,15.8157053,17.85965538,13.99568462,8.091309547,0.382403314,101.6618652,4.867869377,5.882413864,202.6423645,201.4110718,16.27811813,73.82543945,Spring,1
4/2/2026,15.87877941,17.92040634,14.06090355,8.133238792,0.373880088,101.6520462,4.862146854,5.875160217,201.2438965,199.9857025,16.34085846,73.86988068,Spring,1
4/3/2026,15.94265366,17.98196602,14.12685776,8.175655365,0.365431607,101.6425095,4.856719494,5.868210793,199.8448486,198.5637207,16.40463638,73.91283417,Spring,1
4/4/2026,16.00732994,18.04434586,14.19354534,8.218514442,0.357097238,101.6332932,4.851577282,5.861551762,198.4492188,197.1493225,16.46943092,73.954216,Spring,1
4/5/2026,16.07281685,18.10755539,14.26097012,8.261772156,0.348917127,101.6244354,4.846706867,5.855169773,197.0609131,195.7466125,16.5352211,73.99393463,Spring,1
4/6/2026,16.13911438,18.17159271,14.32912922,8.305383682,0.340930164,101.6159821,4.84209156,5.849046707,195.6838074,194.3596344,16.60198784,74.03192139,Spring,1
4/7/2026,16.20622253,18.23645782,14.39802361,8.34930706,0.333174467,101.6079559,4.837715626,5.843163967,194.3217468,192.9923248,16.66970825,74.06812286,Spring,1
4/8/2026,16.2741394,18.30215454,14.46765327,8.393501282,0.325686663,101.6003952,4.833559513,5.837500095,192.9783478,191.648407,16.73835754,74.10247803,Spring,1
4/9/2026,16.3428669,18.36867332,14.53801632,8.437925339,0.318501353,101.5933228,4.829603672,5.832033157,191.6571655,190.3314362,16.80791855,74.13494873,Spring,1
4/10/2026,16.41239738,18.43600464,14.60911179,8.482542038,0.311651021,101.5867615,4.825824261,5.826737404,190.3614502,189.044693,16.87837029,74.16551208,Spring,1
4/11/2026,16.48272514,18.50414467,14.68093777,8.527320862,0.305165172,101.5807495,4.822198868,5.821585655,189.0942993,187.791275,16.94968796,74.19416046,Spring,1
4/12/2026,16.55384636,18.57307434,14.75349331,8.572231293,0.299070537,101.5752792,4.818701744,5.816549778,187.8585052,186.5738831,17.0218544,74.22088623,Spring,1
4/13/2026,16.62575722,18.64278412,14.82678032,8.617249489,0.293390125,101.5703888,4.815306664,5.811599731,186.6566162,185.394928,17.09485054,74.24570465,Spring,1
4/14/2026,16.69844627,18.71325684,14.90079689,8.662355423,0.288143367,101.5660706,4.811985493,5.806704521,185.4908447,184.2564392,17.16865921,74.26864624,Spring,1
4/15/2026,16.77190971,18.78447723,14.97554684,8.70753479,0.28334564,101.5623474,4.808709621,5.801829338,184.3629913,183.1601715,17.24326706,74.28974915,Spring,1
4/16/2026,16.84614372,18.85643196,15.05103111,8.752779007,0.279008001,101.5592117,4.805448532,5.796940804,183.2745972,182.1073151,17.31866074,74.30908203,Spring,1
4/17/2026,16.92113876,18.92910385,15.12725449,8.798089981,0.275137097,101.5566711,4.802170753,5.792003155,182.2268066,181.0988312,17.3948288,74.32669067,Spring,1
4/18/2026,16.99689484,19.00247955,15.20422268,8.843468666,0.271734864,101.554718,4.798846722,5.786980629,181.2203369,180.1351929,17.47176361,74.34267426,Spring,1
4/19/2026,17.07340622,19.0765419,15.28194427,8.88892746,0.26879853,101.5533447,4.795442104,5.781836033,180.2555542,179.2164001,17.54946136,74.35710907,Spring,1
4/20/2026,17.15067482,19.15128136,15.36042786,8.934485435,0.266320467,101.552536,4.791926861,5.776532173,179.3323975,178.3421326,17.62791824,74.37010193,Spring,1
4/21/2026,17.22870064,19.22668839,15.43968487,8.980167389,0.264288336,101.5522995,4.788266182,5.771031857,178.4504395,177.5116272,17.70713615,74.38175201,Spring,1
4/22/2026,17.30748558,19.30275345,15.51973152,9.026004791,0.262685001,101.552597,4.78442955,5.76529789,177.6088257,176.7236786,17.78712273,74.3921814,Spring,1
4/23/2026,17.38703918,19.37947083,15.60058117,9.072035789,0.261488378,101.5534134,4.78038311,5.759292126,176.8063354,175.9766998,17.86788177,74.40151978,Spring,1
4/24/2026,17.46736717,19.45684052,15.68225384,9.11830616,0.260671943,101.5547409,4.776095867,5.752979755,176.0414429,175.2687683,17.94942856,74.40988922,Spring,1
4/25/2026,17.54848099,19.53486252,15.76477051,9.164867401,0.260204911,101.5565414,4.771538734,5.746324062,175.3121338,174.5975494,18.03177643,74.4174118,Spring,1
4/26/2026,17.63039589,19.61354065,15.84815693,9.211774826,0.260052204,101.5587921,4.76667881,5.739292145,174.6161804,173.9603882,18.11494255,74.42422485,Spring,1
4/27/2026,17.71312904,19.69289017,15.93243885,9.259090424,0.260174841,101.56147,4.761489868,5.731848717,173.9510193,173.3543549,18.19895363,74.43045807,Spring,1
4/28/2026,17.79670143,19.77291489,16.01764297,9.306882858,0.260530204,101.5645447,4.755944729,5.723965168,173.3137512,172.7762299,18.28383255,74.43623352,Spring,1
4/29/2026,17.88113594,19.85363579,16.10379791,9.355221748,0.261072516,101.5679779,4.750016689,5.715610504,172.7012787,172.2225494,18.36960793,74.44168854,Spring,1
4/30/2026,17.96645737,19.93507767,16.19093704,9.404182434,0.261753291,101.5717468,4.743683338,5.706759453,172.1102753,171.689621,18.45631409,74.44692993,Spring,1
5/1/2026,18.05269814,20.01726151,16.27909851,9.453841209,0.262521595,101.5758133,4.736922264,5.697385311,171.5372772,171.1736145,18.54398346,74.45206451,Spring,1
5/2/2026,18.13988876,20.10022354,16.36831665,9.504277229,0.26332432,101.5801468,4.729715347,5.687468529,170.9785919,170.6705933,18.63265228,74.4571991,Spring,1
5/3/2026,18.22806358,20.18399048,16.45862198,9.555571556,0.264106929,101.5847092,4.722046375,5.676988602,170.4304962,170.1765289,18.72236443,74.4624176,Spring,1
5/4/2026,18.31725502,20.26860046,16.55005646,9.607803345,0.264814496,101.5894775,4.713900566,5.665931702,169.8891907,169.6873169,18.81315804,74.4677887,Spring,1
5/5/2026,18.40750504,20.35409927,16.64266205,9.661055565,0.265390992,101.5944061,4.705267906,5.654284477,169.3508453,169.1988831,18.90507889,74.47338104,Spring,1
5/6/2026,18.49885178,20.44052505,16.73646545,9.715403557,0.265780717,101.599472,4.696140289,5.642038822,168.811676,168.7072754,18.99816704,74.47923279,Spring,1
5/7/2026,18.5913372,20.5279274,16.83151627,9.770925522,0.265928537,101.6046371,4.686511993,5.629189968,168.2679138,168.2085266,19.09247017,74.48536682,Spring,1
5/8/2026,18.68500137,20.61635971,16.927845,9.827692032,0.265780687,101.6098709,4.676383972,5.615737438,167.7160034,167.6988831,19.18803024,74.4917984,Spring,1
5/9/2026,18.77988625,20.70586586,17.02548599,9.885774612,0.265284926,101.6151428,4.665756226,5.60168314,167.15242,167.1747284,19.28489685,74.49850464,Spring,1
5/10/2026,18.87602806,20.79650497,17.12447357,9.945234299,0.264391243,101.62043,4.654634953,5.587035179,166.5738831,166.6327057,19.38310814,74.50546265,Spring,1
5/11/2026,18.9734726,20.88832092,17.22483826,10.00613022,0.263052225,101.6256943,4.643029213,5.571804523,165.9774323,166.0697021,19.48270798,74.51260376,Spring,1
5/12/2026,19.07225418,20.98137665,17.32661057,10.06851196,0.261223853,101.6309204,4.630950928,5.556006432,165.360199,165.4828644,19.58373642,74.51985168,Spring,1
5/13/2026,19.17240906,21.07571793,17.42981339,10.13242435,0.258865595,101.6360779,4.618416786,5.539660454,164.7197418,164.869751,19.68622971,74.52711487,Spring,1
5/14/2026,19.27397346,21.17139816,17.5344677,10.19790268,0.255941123,101.6411438,4.605444908,5.522789001,164.0539398,164.228241,19.79022408,74.53427124,Spring,1
5/15/2026,19.3769722,21.26846695,17.64058685,10.26497269,0.252418309,101.6461029,4.592058659,5.505420208,163.3609772,163.5565643,19.89574814,74.54117584,Spring,1
5/16/2026,19.48143387,21.36697006,17.74818802,10.33365154,0.248269945,101.6509247,4.578284264,5.487585068,162.6394653,162.8533936,20.00283241,74.54766846,Spring,1
5/17/2026,19.58738136,21.46694946,17.85727692,10.40394783,0.243474036,101.6556091,4.56414938,5.46931839,161.888382,162.1178131,20.11149597,74.55355835,Spring,1
5/18/2026,19.69483185,21.56844711,17.96784973,10.47585869,0.238013774,101.6601334,4.549687386,5.450657845,161.107193,161.3493805,20.22175598,74.55865479,Spring,1
5/19/2026,19.80379295,21.67149734,18.07990265,10.54936981,0.231878057,101.6644821,4.53493166,5.431644917,160.2957153,160.5480804,20.33362198,74.56273651,Spring,1
5/20/2026,19.91427231,21.77612686,18.19342422,10.62445831,0.225061178,101.6686478,4.519919395,5.412324429,159.4542542,159.7143555,20.44710541,74.56555939,Spring,1
5/21/2026,20.02626991,21.88236237,18.3083992,10.70108891,0.217563584,101.6726227,4.504692078,5.392743111,158.5835724,158.8490753,20.56219864,74.56687927,Spring,1
5/22/2026,20.13977432,21.9902153,18.42479706,10.77921677,0.209391311,101.6763992,4.48928833,5.372950554,157.6848145,157.9536438,20.67889595,74.56642914,Spring,1
5/23/2026,20.25477409,22.09969711,18.54258728,10.85878754,0.200556636,101.6799698,4.473753929,5.352998257,156.7596283,157.0298157,20.79718399,74.56393433,Spring,1
5/24/2026,20.37124634,22.21081161,18.66172791,10.9397316,0.191076711,101.6833344,4.458132744,5.332938671,155.8100281,156.0798492,20.91703987,74.55912018,Spring,1
5/25/2026,20.48915863,22.32355118,18.78217697,11.02197647,0.180975541,101.6864929,4.442471027,5.312827587,154.8384857,155.1063538,21.03843689,74.55169678,Spring,1
5/26/2026,20.60847282,22.43789864,18.90387154,11.10543346,0.170281664,101.6894379,4.426814556,5.292718887,153.8478088,154.1123657,21.16133308,74.54137421,Spring,1
5/27/2026,20.72914505,22.55383492,19.02675819,11.19001007,0.15902923,101.6921692,4.411211491,5.272669792,152.8412323,153.1012421,21.28568649,74.52785492,Spring,1
5/28/2026,20.8511219,22.67132378,19.15076065,11.27560043,0.147257179,101.6947021,4.395708084,5.252735138,151.8223267,152.0767517,21.41144562,74.51086426,Spring,1
5/29/2026,20.97433853,22.79032516,19.27580643,11.36209393,0.135009214,101.6970291,4.380352974,5.232971191,150.7948761,151.0428925,21.53855133,74.49010468,Spring,1
5/30/2026,21.09872627,22.91078949,19.40181351,11.44937325,0.122333109,101.6991501,4.36519146,5.213432312,149.7630615,150.003952,21.66693497,74.46530151,Spring,1
5/31/2026,21.22420692,23.03265381,19.52868652,11.53731155,0.109280601,101.701088,4.350269318,5.194171906,148.7312317,148.9644318,21.79652023,74.436203,Spring,1
6/1/2026,21.35069466,23.15584946,19.65633583,11.62578297,0.095906608,101.7028351,4.33562994,5.175242424,147.7039642,147.9289856,21.92722702,74.40254974,Summer,2
6/2/2026,21.47809982,23.28030014,19.78465652,11.71465111,0.082269356,101.7043991,4.321315765,5.156693459,146.6859283,146.9024506,22.05896759,74.36410522,Summer,2
6/3/2026,21.60632133,23.40591812,19.91354179,11.80377865,0.068428688,101.7057953,4.307368279,5.138571739,145.6819611,145.8897095,22.19164658,74.32066345,Summer,2
6/4/2026,21.73525429,23.53260803,20.04288101,11.89302635,0.054446783,101.707016,4.293823242,5.120923042,144.6969757,144.8957214,22.32516098,74.27201843,Summer,2
6/5/2026,21.86478424,23.66026688,20.17255783,11.98225594,0.040386904,101.7080841,4.280717373,5.103786945,143.7358093,143.9253998,22.45940399,74.21801758,Summer,2
6/6/2026,21.99479675,23.78878021,20.3024559,12.0713253,0.026313066,101.708992,4.268082619,5.087202072,142.8033142,142.9835968,22.59426498,74.1585083,Summer,2
6/7/2026,22.12516975,23.91803741,20.43244934,12.16009617,0.012289155,101.7097626,4.255947113,5.071201801,141.9043121,142.075119,22.72962761,74.09338379,Summer,2
6/8/2026,22.25577736,24.04790497,20.56241226,12.24843025,-0.001621151,101.7103882,4.244336128,5.055815697,141.0434265,141.2045898,22.86536789,74.02255249,Summer,2
6/9/2026,22.38648796,24.1782608,20.6922226,12.3361969,-0.015355589,101.7108841,4.233271599,5.041069031,140.2251434,140.3763885,23.00136566,73.94598389,Summer,2
6/10/2026,22.51717377,24.30896378,20.82175255,12.42326736,-0.028853022,101.7112579,4.222770691,5.026980877,139.4536591,139.5947113,23.13748932,73.86364746,Summer,2
6/11/2026,22.64769936,24.43987656,20.95087433,12.50951576,-0.042054731,101.7115021,4.212847233,5.013568401,138.733017,138.8634338,23.27361298,73.7755661,Summer,2
6/12/2026,22.7779274,24.57085419,21.07946396,12.59482574,-0.054905079,101.7116394,4.203509808,5.000840664,138.0668335,138.1860809,23.40960312,73.68180084,Summer,2
6/13/2026,22.9077282,24.70175934,21.20739746,12.67908859,-0.06735114,101.7116699,4.194764137,4.988803864,137.4584961,137.5659332,23.54533005,73.58244324,Summer,2
6/14/2026,23.03695679,24.83243179,21.33454895,12.76220322,-0.079343654,101.7115936,4.186609268,4.977457523,136.9109344,137.0057678,23.68066025,73.47762299,Summer,2
6/15/2026,23.1654911,24.96273041,21.46079826,12.84407616,-0.090837449,101.7114105,4.179042339,4.966797352,136.4266968,136.5079346,23.81546211,73.36750793,Summer,2
6/16/2026,23.29319191,25.09251022,21.58603668,12.9246273,-0.101792298,101.7111359,4.172054768,4.956812382,136.0078735,136.0743713,23.94960594,73.25229645,Summer,2
6/17/2026,23.4199295,25.22161484,21.71014404,13.00378036,-0.112172082,101.7107544,4.165633202,4.947488308,135.6561584,135.7065735,24.08296585,73.13223267,Summer,2
6/18/2026,23.54558182,25.34990311,21.83301926,13.08147621,-0.121945955,101.710289,4.159761906,4.93880415,135.3726349,135.4054718,24.21540833,73.00759888,Summer,2
6/19/2026,23.67002678,25.47723007,21.95455933,13.15766525,-0.131088778,101.7097244,4.154419899,4.930736065,135.1580353,135.1715851,24.34682083,72.87869263,Summer,2
6/20/2026,23.79314613,25.6034584,22.07466888,13.23230362,-0.13958019,101.7090683,4.149581432,4.923254013,135.0124359,135.0048218,24.47707748,72.74585724,Summer,2
6/21/2026,23.91482925,25.72845078,22.19325829,13.30536842,-0.147405982,101.7083206,4.145218849,4.916324615,134.9355774,134.9046631,24.60606384,72.60947418,Summer,2
6/22/2026,24.03497124,25.85206985,22.31024742,13.37683868,-0.154557586,101.7074814,4.141300201,4.909910202,134.9264984,134.8700867,24.73367119,72.46993256,Summer,2
6/23/2026,24.15347672,25.97420502,22.42556,13.4467144,-0.161031649,101.7065506,4.13779068,4.903971195,134.9838715,134.8994751,24.85979462,72.32765198,Summer,2
6/24/2026,24.27024841,26.09472275,22.53912544,13.51499557,-0.166830659,101.7055206,4.134653091,4.898460865,135.1058044,134.9908752,24.98433685,72.18309784,Summer,2
6/25/2026,24.38520622,26.21351624,22.65089226,13.58170319,-0.17196241,101.7043991,4.131846905,4.893334389,135.2899323,135.1417694,25.10720253,72.03672791,Summer,2
6/26/2026,24.49827003,26.33047867,22.76080132,13.64686394,-0.176440537,101.703186,4.129329681,4.888541222,135.533432,135.3491516,25.228302,71.88902283,Summer,2
6/27/2026,24.609375,26.44551468,22.86880875,13.71051407,-0.180282742,101.7018738,4.127058983,4.884030819,135.8330078,135.609726,25.34756088,71.74048615,Summer,2
6/28/2026,24.71845627,26.55853653,22.97488022,13.77269936,-0.183512375,101.70047,4.124988556,4.879749775,136.1850128,135.9196777,25.46490288,71.59162903,Summer,2
6/29/2026,24.82546425,26.66945267,23.07899094,13.83347511,-0.186156526,101.6989594,4.123073578,4.875645638,136.5853424,136.2749481,25.58025742,71.44295502,Summer,2
6/30/2026,24.93035507,26.77820206,23.18111229,13.89290237,-0.188246965,101.6973572,4.121266365,4.871665001,137.0295868,136.6710815,25.693573,71.29499817,Summer,2
7/1/2026,25.03308868,26.88471603,23.28123474,13.9510498,-0.18981798,101.6956558,4.119523048,4.867753983,137.5130615,137.1034088,25.8047905,71.14826965,Summer,2
7/2/2026,25.13363647,26.98893738,23.37935257,14.00799179,-0.190907955,101.6938553,4.117797375,4.863859177,138.0307465,137.5669708,25.91386414,71.00327301,Summer,2
7/3/2026,25.23197746,27.09082031,23.47546005,14.06380653,-0.191557497,101.6919632,4.116044521,4.859930515,138.5774231,138.0566559,26.02075577,70.86051941,Summer,2
7/4/2026,25.3280983,27.19032669,23.56957054,14.11857414,-0.191809043,101.6899719,4.11422205,4.855917931,139.1477509,138.567215,26.12543297,70.72050476,Summer,2
7/5/2026,25.42198944,27.28742599,23.66168785,14.17238045,-0.191706643,101.6878815,4.112289429,4.851774216,139.7362061,139.0933075,26.22786713,70.58370209,Summer,2
7/6/2026,25.5136528,27.38209534,23.75183105,14.22531128,-0.191295102,101.6857071,4.110207081,4.847455502,140.3372192,139.6295624,26.32803726,70.45056152,Summer,2
7/7/2026,25.60309029,27.47431183,23.84002304,14.27744865,-0.190619856,101.6834488,4.107940197,4.842920303,140.9451752,140.170578,26.42593002,70.3215332,Summer,2
7/8/2026,25.69031143,27.56407547,23.92628098,14.3288784,-0.189725384,101.6811066,4.105455399,4.838131905,141.5545349,140.7111053,26.52153397,70.19700623,Summer,2
7/9/2026,25.7753334,27.65137863,24.01063919,14.37967873,-0.188655838,101.6786804,4.102723122,4.833056927,142.1597748,141.2459564,26.61484528,70.07738495,Summer,2
7/10/2026,25.85817337,27.73622894,24.09312439,14.42992783,-0.187453568,101.6761856,4.099720001,4.82766819,142.7555237,141.7700806,26.70585823,69.96299744,Summer,2
7/11/2026,25.9388504,27.81863022,24.173769,14.47969437,-0.186158597,101.6736298,4.096423149,4.821940899,143.3366699,142.2786713,26.79457855,69.85417175,Summer,2
7/12/2026,26.0173912,27.89859772,24.25260162,14.52904701,-0.184808582,101.6710052,4.092816353,4.815858364,143.8981628,142.7671814,26.88101196,69.75119019,Summer,2
7/13/2026,26.09382248,27.9761467,24.32965279,14.57804298,-0.18343769,101.6683426,4.088887215,4.809407711,144.4354095,143.2313232,26.96516609,69.65428925,Summer,2
7/14/2026,26.16816711,28.05129623,24.40495682,14.62672997,-0.182076767,101.6656342,4.084630013,4.802582264,144.9440155,143.6672058,27.04705048,69.56367493,Summer,2
7/15/2026,26.24045372,28.12406921,24.47854042,14.67515182,-0.180752009,101.6628952,4.080040932,4.795380592,145.4199371,144.0712585,27.12667465,69.47949982,Summer,2
7/16/2026,26.31071091,28.19448853,24.55042839,14.72333908,-0.179485172,101.6601334,4.075123787,4.787808895,145.8595581,144.4403992,27.20405579,69.40190125,Summer,2
7/17/2026,26.37895966,28.26257706,24.62065125,14.77131081,-0.178292811,101.6573639,4.069885731,4.779877186,146.2597046,144.7718353,27.27920532,69.33094788,Summer,2
7/18/2026,26.44522476,28.3283577,24.68922043,14.81907654,-0.177186474,101.6545944,4.064341545,4.771604538,146.6176453,145.063385,27.35213089,69.2666626,Summer,2
7/19/2026,26.5095253,28.39185333,24.75615692,14.86663628,-0.176171899,101.6518402,4.058508396,4.763012886,146.9310608,145.3132629,27.42284775,69.2090683,Summer,2
7/20/2026,26.57187843,28.45308685,24.82146835,14.91397095,-0.17524913,101.6491165,4.052409649,4.754131794,147.1981964,145.5201874,27.49136734,69.15809631,Summer,2
7/21/2026,26.63230133,28.5120697,24.88516045,14.96105766,-0.174411893,101.6464233,4.046073437,4.744996548,147.4178467,145.6833954,27.5576973,69.11367798,Summer,2
7/22/2026,26.6907959,28.56882477,24.94723511,15.00785637,-0.173647985,101.6437836,4.039532661,4.735646725,147.5891724,145.8026428,27.62183952,69.07566833,Summer,2
7/23/2026,26.74736977,28.62335968,25.0076828,15.05431557,-0.172939435,101.6412125,4.03282547,4.726130009,147.7120514,145.8781738,27.68380165,69.04390717,Summer,2
7/24/2026,26.80201912,28.67568588,25.06649208,15.10037231,-0.172261924,101.6387177,4.025991917,4.71649456,147.7867279,145.9107361,27.74357986,69.01820374,Summer,2
7/25/2026,26.85473633,28.72580338,25.12364006,15.14595222,-0.171585202,101.6363144,4.019078255,4.706796169,147.8140717,145.9016418,27.80117607,68.9983139,Summer,2
7/26/2026,26.90550995,28.77371597,25.17910004,15.19096565,-0.17087324,101.6340103,4.012132645,4.697093487,147.7953949,145.8525696,27.85657883,68.98397827,Summer,2
7/27/2026,26.95431709,28.81940842,25.23284531,15.23531723,-0.1700847,101.6318207,4.005207062,4.687450409,147.7325592,145.7657623,27.90978241,68.97490692,Summer,2
7/28/2026,27.00113297,28.86287689,25.28482437,15.27889824,-0.169172943,101.6297607,3.998356104,4.677930832,147.6278839,145.6438446,27.96076584,68.97077179,Summer,2
7/29/2026,27.04592514,28.90410233,25.33499718,15.32159233,-0.168086484,101.6278381,3.991636038,4.668602467,147.4841156,145.4898529,28.00951004,68.97124481,Summer,2
7/30/2026,27.08865738,28.9430542,25.3833065,15.36327362,-0.166769266,101.6260681,3.985105753,4.659536839,147.3044434,145.3072205,28.05599976,68.97595978,Summer,2
7/31/2026,27.129282,28.97970963,25.42969322,15.4038105,-0.16516149,101.6244583,3.978824615,4.650804043,147.092453,145.0997467,28.10019875,68.98455048,Summer,2
8/1/2026,27.16775322,29.01403427,25.47409439,15.44305992,-0.16320011,101.6230164,3.97285223,4.642476559,146.8520813,144.8715363,28.14208221,68.99662018,Summer,2
8/2/2026,27.20401001,29.04598618,25.51643372,15.48088074,-0.160819143,101.6217499,3.967249393,4.634625912,146.587616,144.6268768,28.18161392,69.01178741,Summer,2
8/3/2026,27.23799706,29.07552338,25.55663681,15.51712036,-0.157950044,101.6206665,3.962075472,4.627323151,146.3034973,144.3703766,28.21875191,69.02964783,Summer,2
8/4/2026,27.26964569,29.10258865,25.59462357,15.55163193,-0.154523283,101.6197815,3.957389355,4.620639324,146.0045776,144.1067352,28.25345421,69.04980469,Summer,2
8/5/2026,27.29888916,29.12714005,25.63031197,15.58426285,-0.150468364,101.6190948,3.953248978,4.614640713,145.6957092,143.8408508,28.28568077,69.07187653,Summer,2
8/6/2026,27.32565498,29.14910889,25.66361427,15.61485672,-0.145714566,101.6186066,3.9497087,4.609395504,145.3820343,143.577652,28.315382,69.09545898,Summer,2
8/7/2026,27.34986877,29.16844177,25.69443703,15.64326668,-0.14019157,101.6183319,3.946821451,4.604963779,145.0686798,143.3221283,28.34250641,69.12019348,Summer,2
8/8/2026,27.37145805,29.18507385,25.72269821,15.66934204,-0.133830607,101.6182632,3.944636583,4.601405144,144.7608185,143.0791626,28.36700821,69.14570618,Summer,2
8/9/2026,27.39034081,29.19894409,25.74830055,15.69294357,-0.126564816,101.6184006,3.943199635,4.598773956,144.4636993,142.853714,28.38882828,69.17165375,Summer,2
8/10/2026,27.40644264,29.20998001,25.77116013,15.71393013,-0.11833033,101.6187515,3.942553282,4.597119331,144.1823883,142.6505127,28.40791702,69.19771576,Summer,2
8/11/2026,27.41968346,29.21812439,25.79118347,15.73217201,-0.109066598,101.6193161,3.942734003,4.596486092,143.9218903,142.4741821,28.42422295,69.22358704,Summer,2
8/12/2026,27.42999077,29.22331238,25.80829048,15.74754906,-0.098717116,101.6200867,3.943774462,4.596911907,143.6870422,142.3291016,28.43769073,69.24899292,Summer,2
8/13/2026,27.43729401,29.22547531,25.82239532,15.75994492,-0.087230407,101.6210709,3.945702076,4.598428249,143.4825287,142.2193909,28.44827461,69.2736969,Summer,2
8/14/2026,27.44152451,29.22455978,25.83342361,15.76926041,-0.074560799,101.6222534,3.948538065,4.601061344,143.3127441,142.1489105,28.45592117,69.29746246,Summer,2
8/15/2026,27.44261551,29.22050476,25.84129715,15.77540779,-0.06066804,101.6236343,3.952298641,4.604829788,143.1817627,142.1212311,28.46058464,69.32011414,Summer,2
8/16/2026,27.4405117,29.21326447,25.8459549,15.77830505,-0.045519158,101.625206,3.956992388,4.609744549,143.0933838,142.1395111,28.46222305,69.3414917,Summer,2
8/17/2026,27.43515587,29.20278549,25.84733009,15.77789307,-0.029087944,101.6269684,3.962624073,4.615808964,143.0510712,142.2065125,28.46079826,69.36148071,Summer,2
8/18/2026,27.42650223,29.18902969,25.84537697,15.77411842,-0.011355973,101.6289139,3.969190598,4.623020172,143.0578003,142.3246307,28.45627213,69.37998962,Summer,2
8/19/2026,27.41451454,29.17196655,25.84005165,15.76695251,0.007687171,101.6310272,3.976682663,4.631367683,143.1162872,142.4957886,28.44861603,69.39697266,Summer,2
8/20/2026,27.3991642,29.15156937,25.83131599,15.75637245,0.028043656,101.6333084,3.985084772,4.640832901,143.228653,142.7214966,28.43780899,69.41241455,Summer,2
8/21/2026,27.38042641,29.12781525,25.8191452,15.74237823,0.049706895,101.6357498,3.99437499,4.651388645,143.396698,143.0027618,28.42382622,69.42631531,Summer,2
8/22/2026,27.35829163,29.10070419,25.80352592,15.7249794,0.07266172,101.6383362,4.004525185,4.663002491,143.6216278,143.3401642,28.40666008,69.43875122,Summer,2
8/23/2026,27.33275986,29.07023239,25.78445244,15.70420837,0.096884005,101.6410675,4.015501976,4.675635338,143.9043121,143.7337799,28.38630486,69.44978333,Summer,2
8/24/2026,27.30384064,29.03641129,25.76193237,15.68010902,0.122340694,101.6439285,4.027265549,4.689237595,144.2451172,144.1833191,28.36276245,69.45951843,Summer,2
8/25/2026,27.27154922,28.99926376,25.73597908,15.65274048,0.148989871,101.6469193,4.039769173,4.703757763,144.6438293,144.6878815,28.3360424,69.46811676,Summer,2
8/26/2026,27.23592186,28.95881653,25.70662689,15.62217903,0.17678076,101.6500168,4.052964687,4.719135284,145.0999146,145.2462311,28.30615807,69.4757309,Summer,2
8/27/2026,27.1969986,28.91512299,25.67390823,15.58851814,0.2056541,101.6532211,4.066794395,4.735304832,145.6122437,145.8566589,28.27314186,69.48255157,Summer,2
8/28/2026,27.15483093,28.86822891,25.63788033,15.55185699,0.235542357,101.656517,4.081200123,4.752195358,146.1794128,146.5170746,28.23701859,69.48879242,Summer,2
8/29/2026,27.10948372,28.81820297,25.59859848,15.51231766,0.266369849,101.6599045,4.09611845,4.769733429,146.7994537,147.2249908,28.19783592,69.49467468,Summer,2
8/30/2026,27.06103134,28.76512146,25.55614281,15.47002602,0.298053473,101.6633759,4.111480713,4.787838459,147.4700928,147.9775543,28.15564156,69.50045013,Summer,2
8/31/2026,27.00955963,28.7090683,25.5105896,15.42512321,0.330502808,101.6669159,4.1272192,4.806428909,148.1886597,148.771637,28.11048889,69.50637054,Summer,2
9/1/2026,26.95516396,28.65014267,25.4620285,15.37775993,0.363621324,101.6705246,4.143259525,4.825418949,148.9521484,149.6037903,28.06244659,69.51269531,Autumn,3
9/2/2026,26.8979454,28.58844757,25.41056633,15.3280983,0.397306025,101.6741867,4.159529686,4.844722748,149.7572632,150.4703369,28.01158142,69.51970673,Autumn,3
9/3/2026,26.83802223,28.52410507,25.3563118,15.27630043,0.431448787,101.6779022,4.175953865,4.864250183,150.6004791,151.3673859,27.95797539,69.52766418,Autumn,3
9/4/2026,26.77551079,28.45723343,25.29937935,15.22253799,0.46593681,101.6816711,4.192456245,4.883914471,151.4779663,152.2908783,27.90171432,69.53683472,Autumn,3
9/5/2026,26.71054459,28.38796616,25.23989105,15.16699219,0.500653744,101.6854782,4.20896244,4.903625011,152.3858337,153.2366638,27.84288788,69.54748535,Autumn,3
9/6/2026,26.64325142,28.3164444,25.17798042,15.10983658,0.535479605,101.6893234,4.225398064,4.923295975,153.319931,154.2004852,27.78158951,69.55986023,Autumn,3
9/7/2026,26.57377815,28.2428093,25.11377907,15.05125618,0.570292413,101.6931992,4.241689205,4.942840099,154.2761078,155.1781006,27.71792603,69.57420349,Autumn,3
9/8/2026,26.50226784,28.16721344,25.04742622,14.99143028,0.604968548,101.6971054,4.257766247,4.962174892,155.2501373,156.1652527,27.65200424,69.59073639,Autumn,3
9/9/2026,26.42886734,28.08980942,24.97906113,14.93053436,0.639384151,101.7010345,4.27355957,4.981218338,156.2377777,157.1577148,27.58393097,69.60966492,Autumn,3
9/10/2026,26.35372543,28.01075363,24.90882492,14.8687439,0.673415124,101.7049942,4.289004803,4.999895573,157.2348938,158.1514893,27.51381683,69.63117981,Autumn,3
9/11/2026,26.27699471,27.93020248,24.83686066,14.80623055,0.706938624,101.7089767,4.304041862,5.018134594,158.2373352,159.1426392,27.44178009,69.65542603,Autumn,3
9/12/2026,26.19882202,27.84831619,24.76330948,14.74315453,0.739833653,101.7129745,4.318613052,5.035867691,159.2412109,160.1274109,27.36793518,69.68253326,Autumn,3
9/13/2026,26.11935997,27.76525116,24.68831253,14.67967033,0.771982074,101.7169952,4.332666397,5.053033829,160.2426758,161.1023102,27.29240036,69.71260834,Autumn,3
9/14/2026,26.03875732,27.6811676,24.61200142,14.61592674,0.803269386,101.7210312,4.34615612,5.069578648,161.238205,162.0641174,27.21529007,69.74571228,Autumn,3
9/15/2026,25.95715332,27.59620667,24.53451157,14.55205917,0.833585143,101.7250824,4.359041691,5.085454464,162.2244415,163.009903,27.13672447,69.78189087,Autumn,3
9/16/2026,25.87468147,27.51052475,24.45596695,14.4881897,0.862824202,101.7291489,4.3712883,5.10062027,163.1983643,163.937088,27.05680847,69.82113647,Autumn,3
9/17/2026,25.79147911,27.42425919,24.37648582,14.42442703,0.89088738,101.7332306,4.382868767,5.115041733,164.1572418,164.8434296,26.97566032,69.86341858,Autumn,3
9/18/2026,25.7076683,27.3375473,24.29618073,14.36087036,0.917681694,101.7373199,4.393761635,5.128694057,165.0986786,165.727066,26.89338493,69.90866089,Autumn,3
9/19/2026,25.62336159,27.25050735,24.21515465,14.2976017,0.943121433,101.7414246,4.403951645,5.141561031,166.0206604,166.5865631,26.8100853,69.95675659,Autumn,3
9/20/2026,25.53866577,27.16326141,24.13350105,14.23468781,0.967128098,101.7455444,4.413434029,5.153632641,166.9215546,167.4208527,26.7258606,70.00758362,Autumn,3
9/21/2026,25.45367622,27.07591629,24.05130386,14.17218399,0.989632189,101.7496643,4.422207832,5.164908886,167.8000793,168.2293396,26.64080048,70.06092834,Autumn,3
9/22/2026,25.36847878,26.98856735,23.96863174,14.11012077,1.010572076,101.7537918,4.430279732,5.175397396,168.6554413,169.0117798,26.55499649,70.11660767,Autumn,3
9/23/2026,25.283144,26.90129852,23.88554764,14.04851913,1.029895186,101.7579269,4.437665939,5.185115337,169.4871674,169.7684631,26.46852684,70.17436981,Autumn,3
9/24/2026,25.19773293,26.81417465,23.80209732,13.9873867,1.047558188,101.7620621,4.44438839,5.194085598,170.2952881,170.5,26.38145828,70.2339325,Autumn,3
9/25/2026,25.11229324,26.72725677,23.71832085,13.9267025,1.063527703,101.7661896,4.450474739,5.202343464,171.0801544,171.207489,26.2938633,70.29498291,Autumn,3
9/26/2026,25.02685547,26.64059067,23.63423538,13.86644554,1.077778816,101.7703171,4.455962658,5.209927559,171.8425903,171.8924103,26.20579529,70.35720062,Autumn,3
9/27/2026,24.94144249,26.5541954,23.54985237,13.80656624,1.090297461,101.7744293,4.4608922,5.216887474,172.583847,172.5566101,26.11730194,70.42021179,Autumn,3
9/28/2026,24.85605812,26.46809769,23.465168,13.74701118,1.10107851,101.7785187,4.465313911,5.223277092,173.3054047,173.2023163,26.0284214,70.48365021,Autumn,3
9/29/2026,24.77069473,26.38228989,23.3801651,13.68770218,1.110126734,101.7825928,4.469280243,5.229160309,174.0092621,173.832077,25.9391861,70.54711151,Autumn,3
9/30/2026,24.68533134,26.29675674,23.29481316,13.6285553,1.117456079,101.7866364,4.472851753,5.234603405,174.6976776,174.4487762,25.849617,70.61016846,Autumn,3
10/1/2026,24.59993172,26.21147537,23.20907211,13.56947327,1.12308979,101.7906418,4.476093292,5.239682674,175.3732147,175.0555267,25.75972748,70.67241669,Autumn,3
10/2/2026,24.51445007,26.12639618,23.12288857,13.51034355,1.127060294,101.7946014,4.479073524,5.244474888,176.0386963,175.6557465,25.66952133,70.73339844,Autumn,3
10/3/2026,24.42882156,26.04146194,23.03619385,13.45105171,1.129408002,101.7985001,4.481864929,5.249065876,176.6972198,176.2530212,25.57899475,70.79268646,Autumn,3
10/4/2026,24.34297562,25.95660782,22.94891548,13.39146423,1.130181909,101.8023453,4.4845438,5.253540039,177.3521271,176.85112,25.48813248,70.84983826,Autumn,3
10/5/2026,24.25683022,25.87174988,22.86096573,13.33145142,1.129438639,101.8061142,4.487187862,5.257989883,178.0068207,177.4538727,25.39691734,70.90440369,Autumn,3
10/6/2026,24.17028618,25.78678894,22.77224922,13.2708683,1.12724185,101.8098068,4.489879608,5.262505531,178.6649323,178.0653076,25.30531883,70.95597076,Autumn,3
10/7/2026,24.08324242,25.70162582,22.68266106,13.20957565,1.12366128,101.8134003,4.492697716,5.267182827,179.3301697,178.6893616,25.2132988,71.00410461,Autumn,3
10/8/2026,23.99558449,25.61613846,22.59209442,13.14742279,1.118773699,101.8168945,4.495727539,5.272115231,180.0061798,179.3300629,25.12082291,71.04840088,Autumn,3
10/9/2026,23.90719223,25.5302124,22.50043106,13.08426476,1.112660289,101.8202744,4.499050617,5.277396679,180.6968079,179.9913483,25.02783394,71.08847809,Autumn,3
10/10/2026,23.81794357,25.44371414,22.40755272,13.01995468,1.105407119,101.8235397,4.502747536,5.283120632,181.4056244,180.677002,24.93428612,71.12397766,Autumn,3
10/11/2026,23.727705,25.35650253,22.31333542,12.9543457,1.097104073,101.8266602,4.50689888,5.28937912,182.1363525,181.3908234,24.84011841,71.15454865,Autumn,3
10/12/2026,23.636343,25.26844025,22.21765327,12.8873024,1.087844729,101.8296432,4.511583328,5.296261311,182.8924255,182.1362915,24.74526787,71.17988586,Autumn,3
10/13/2026,23.54372215,25.17938614,22.1203804,12.81868935,1.077724218,101.8324738,4.516875267,5.303852558,183.6771545,182.9167328,24.64967346,71.19970703,Autumn,3
10/14/2026,23.44970512,25.08918762,22.02139473,12.74837875,1.066840172,101.8351364,4.522846699,5.312235832,184.4937439,183.7352142,24.55326843,71.21376801,Autumn,3
10/15/2026,23.3541584,24.99770355,21.92056847,12.67625427,1.055290818,101.8376389,4.529565811,5.321486473,185.3450012,184.5944977,24.45598221,71.22186279,Autumn,3
10/16/2026,23.25694847,24.90478134,21.81778908,12.60220909,1.043174982,101.8399582,4.537094593,5.331678391,186.2336273,185.4970093,24.35775375,71.22383118,Autumn,3
10/17/2026,23.15794373,24.81029129,21.7129364,12.52614594,1.030590534,101.8420944,4.545493126,5.342876434,187.161911,186.4448853,24.25850677,71.21954346,Autumn,3
10/18/2026,23.05702209,24.71408463,21.60591125,12.4479847,1.017634869,101.8440399,4.554811478,5.355140686,188.1318512,187.4398651,24.15817642,71.20890045,Autumn,3
10/19/2026,22.95406532,24.61603546,21.49660492,12.36765289,1.004402876,101.8457947,4.565097809,5.368522644,189.1450958,188.4832458,24.05670547,71.19187927,Autumn,3
10/20/2026,22.84896851,24.51601791,21.38493729,12.28509903,0.990987659,101.8473511,4.57639122,5.383068085,190.2028961,189.5759888,23.95402718,71.16846466,Autumn,3
10/21/2026,22.74162483,24.41391754,21.27082062,12.20028305,0.97747916,101.8487091,4.588724136,5.398813248,191.3061829,190.7185364,23.85008621,71.13871765,Autumn,3
10/22/2026,22.63195038,24.30962563,21.15419006,12.11318398,0.963963509,101.8498764,4.602123737,5.415787697,192.455368,191.9110107,23.7448349,71.1027298,Autumn,3
10/23/2026,22.51986504,24.20305252,21.0349884,12.02379799,0.950522721,101.8508453,4.616607189,5.434010983,193.6505585,193.1530304,23.63822174,71.0606308,Autumn,3
10/24/2026,22.40530396,24.0941124,20.91317368,11.93213654,0.937234998,101.8516312,4.632186413,5.453495502,194.8914185,194.4437714,23.53020477,71.01261139,Autumn,3
10/25/2026,22.28821754,23.98273849,20.78871918,11.83822918,0.924172819,101.8522263,4.648863792,5.474242687,196.1771393,195.7819824,23.42075539,70.95888519,Autumn,3
10/26/2026,22.16856956,23.86888123,20.66160774,11.74212456,0.911403537,101.8526459,4.666635513,5.496247768,197.5065765,197.1660156,23.30984497,70.89971161,Autumn,3
10/27/2026,22.04633904,23.75249672,20.53184319,11.64388847,0.898989141,101.8528976,4.685488701,5.519494534,198.8781433,198.5937958,23.19745636,70.83539581,Autumn,3
10/28/2026,21.92151833,23.6335659,20.39944267,11.5436039,0.886985779,101.8529968,4.705404282,5.543959618,200.289856,200.0628357,23.08358192,70.76628113,Autumn,3
10/29/2026,21.79412079,23.51208496,20.26444244,11.44137001,0.875443518,101.852951,4.726353645,5.569611073,201.7393341,201.5703125,22.96821785,70.69274139,Autumn,3
10/30/2026,21.66417313,23.38806534,20.12689209,11.33730602,0.864406347,101.8527832,4.748303413,5.596406937,203.2238922,203.1129913,22.85137367,70.61517334,Autumn,3
10/31/2026,21.53172302,23.26153564,19.98685646,11.23154068,0.853911638,101.8525085,4.771210194,5.624299526,204.7404785,204.6873627,22.73306656,70.53401947,Autumn,3
11/1/2026,21.39682961,23.13254547,19.84442139,11.1242218,0.843991458,101.85215,4.795025826,5.65323019,206.2857361,206.2896118,22.61332321,70.44972229,Autumn,3
11/2/2026,21.25957489,23.00115585,19.69968796,11.01551247,0.834670842,101.8517151,4.81969595,5.683136463,207.8560333,207.9156647,22.49218369,70.36277771,Autumn,3
11/3/2026,21.12004852,22.86745453,19.55277252,10.90558624,0.825969338,101.8512421,4.845157146,5.713945389,209.4474792,209.561264,22.36968994,70.27368164,Autumn,3
11/4/2026,20.97836876,22.73153687,19.40380478,10.79462814,0.817900181,101.8507462,4.87134409,5.74558115,211.0559692,211.2218781,22.2458992,70.18294525,Autumn,3
11/5/2026,20.83465767,22.59352112,19.2529335,10.68283272,0.810471117,101.8502579,4.898183823,5.777959347,212.6772614,212.8929138,22.12088013,70.09108734,Autumn,3
11/6/2026,20.68906212,22.45353889,19.10031509,10.57040691,0.803684473,101.8498077,4.925600529,5.81099081,214.3068848,214.5696106,21.99469948,69.99864197,Autumn,3
11/7/2026,20.5417366,22.31173706,18.94612503,10.45756149,0.79753691,101.8494186,4.953511715,5.844582558,215.9403534,216.2471619,21.86744499,69.90613556,Autumn,3
11/8/2026,20.39285088,22.16827965,18.79054832,10.34451675,0.792020857,101.8491135,4.981833935,5.878637314,217.5731049,217.9207458,21.73920631,69.8141098,Autumn,3
11/9/2026,20.24258995,22.02334213,18.63378525,10.231493,0.787123919,101.848938,5.01047945,5.913054943,219.2005157,219.5855865,21.61008072,69.72307587,Autumn,3
11/10/2026,20.09114456,21.87711143,18.47603607,10.11871529,0.782829404,101.8489075,5.039359093,5.947731972,220.8180237,221.2368774,21.48017693,69.63356781,Autumn,3
11/11/2026,19.93872452,21.72978973,18.31752586,10.0064106,0.779116988,101.8490601,5.068380833,5.982563019,222.421051,222.8700104,21.34960175,69.54607391,Autumn,3
11/12/2026,19.78553581,21.58158493,18.15847015,9.894804955,0.775963068,101.8494186,5.097452641,6.017442703,224.0052643,224.4804535,21.21847725,69.46109009,Autumn,3
11/13/2026,19.63180542,21.43271255,17.99909973,9.78412056,0.773341179,101.8500214,5.126481533,6.052263737,225.5662689,226.0638885,21.08692551,69.3790741,Autumn,3
11/14/2026,19.47775269,21.2834034,17.8396492,9.674576759,0.771222115,101.8508911,5.155375004,6.086921215,227.1000061,227.6161652,20.95507431,69.30047607,Autumn,3
11/15/2026,19.32361412,21.13388443,17.68035507,9.566387177,0.769574881,101.852066,5.184041977,6.121308804,228.6025085,229.1333923,20.82305145,69.22570801,Autumn,3
11/16/2026,19.16962051,20.98438644,17.52145767,9.459759712,0.768366814,101.8535614,5.212391376,6.155325413,230.0700836,230.6119843,20.69099617,69.15516663,Autumn,3
11/17/2026,19.01601028,20.83515549,17.3631897,9.354892731,0.767564237,101.8554077,5.240336418,6.188868046,231.4993286,232.0485382,20.55904198,69.08919525,Autumn,3
11/18/2026,18.86301422,20.68642044,17.20579529,9.251973152,0.767132461,101.8576355,5.267790318,6.221840858,232.887085,233.4401245,20.42732239,69.02812958,Autumn,3
11/19/2026,18.71086884,20.53842545,17.04950333,9.151180267,0.767036736,101.8602524,5.294671535,6.254149437,234.2304993,234.7840576,20.29597855,68.97223663,Autumn,3
11/20/2026,18.55980301,20.39139938,16.89454651,9.052678108,0.767242312,101.8632889,5.320901871,6.285704613,235.5270996,236.0780334,20.16514587,68.92178345,Autumn,3
11/21/2026,18.41004562,20.24557686,16.74114609,8.956619263,0.767714858,101.8667603,5.34640646,6.316421986,236.774704,237.3201141,20.03495789,68.87696075,Autumn,3
11/22/2026,18.26181412,20.10118103,16.5895195,8.863143921,0.768420875,101.8706818,5.371116638,6.346221924,237.9715424,238.5087585,19.9055481,68.83795166,Autumn,3
11/23/2026,18.11532021,19.95842743,16.43987465,8.772370338,0.769327939,101.875061,5.394966602,6.375030518,239.1161194,239.6428223,19.7770462,68.80488586,Autumn,3
11/24/2026,17.97076988,19.81752777,16.2924118,8.684407234,0.770404816,101.8799057,5.417897701,6.40278244,240.207428,240.7214966,19.64957809,68.77783203,Autumn,3
11/25/2026,17.82835388,19.67868233,16.14731407,8.599347115,0.771622121,101.885231,5.439857006,6.429415703,241.2447205,241.7443085,19.52326202,68.75686646,Autumn,3
11/26/2026,17.68825722,19.54207611,16.00476074,8.517263412,0.772952557,101.8910294,5.460796833,6.4548769,242.2276917,242.7113495,19.39821243,68.74197388,Autumn,3
11/27/2026,17.55064774,19.40789032,15.86491013,8.438211441,0.774370313,101.8973083,5.48067522,6.479119778,243.1564178,243.622879,19.27454758,68.73313141,Autumn,3
11/28/2026,17.41568565,19.27628708,15.7279129,8.362234116,0.775852084,101.9040527,5.499457836,6.502105236,244.0312195,244.4796143,19.15236092,68.73026276,Autumn,3
11/29/2026,17.2835083,19.14741325,15.59390354,8.289354324,0.777376652,101.9112549,5.517116547,6.523799896,244.8528442,245.282608,19.03175354,68.73326874,Autumn,3
11/30/2026,17.15424919,19.02140236,15.46299839,8.219577789,0.7789253,101.9189072,5.533628464,6.544180393,245.6223297,246.0331268,18.91281509,68.74199677,Autumn,3
12/1/2026,17.02801895,18.89837646,15.3353014,8.152894974,0.780481935,101.9269943,5.548978329,6.563230038,246.3410492,246.7328339,18.79562378,68.75627136,Winter,0
12/2/2026,16.90491486,18.77843094,15.2108984,8.089282036,0.782031953,101.9354935,5.563157558,6.580937862,247.0105743,247.3836517,18.68025208,68.77589417,Winter,0
12/3/2026,16.78501701,18.66166115,15.08986092,8.028697014,0.783563793,101.9443817,5.576162815,6.597302914,247.6328278,247.9876099,18.56676674,68.8006134,Winter,0
12/4/2026,16.66839218,18.54812813,14.9722414,7.971084595,0.785068154,101.9536362,5.58799839,6.612327099,248.2098846,248.5471649,18.45522118,68.83016968,Winter,0
12/5/2026,16.55508804,18.43788719,14.8580761,7.916377068,0.786537766,101.9632111,5.598672867,6.626024723,248.7440643,249.0647736,18.34566498,68.86427307,Winter,0
12/6/2026,16.44513512,18.33097458,14.74739075,7.864490509,0.787967205,101.9730911,5.608202457,6.638411045,249.2378082,249.5430298,18.23813438,68.90262604,Winter,0
12/7/2026,16.33855247,18.22740746,14.64018631,7.815333366,0.789352834,101.9832306,5.616607666,6.649513245,249.6937714,249.9847717,18.13265991,68.94489288,Winter,0
12/8/2026,16.23533821,18.12718964,14.5364542,7.768800259,0.790693164,101.9935837,5.623915195,6.659359455,250.114563,250.3927917,18.02926254,68.99073792,Winter,0
12/9/2026,16.13548088,18.03030586,14.43616962,7.724779129,0.791987658,102.0041199,5.630155563,6.667985916,250.5030518,250.7699585,17.92795372,69.03979492,Winter,0
12/10/2026,16.03894806,17.93672752,14.33929157,7.683146477,0.793237865,102.0147934,5.635364532,6.675433159,250.861969,251.1191711,17.82874107,69.09172058,Winter,0
12/11/2026,15.94569778,17.84641266,14.2457695,7.643774509,0.794445157,102.0255432,5.639582634,6.681747437,251.1941833,251.4432526,17.73162079,69.14614105,Winter,0
12/12/2026,15.85567284,17.75930405,14.15553379,7.606529236,0.795612752,102.0363388,5.64285183,6.686977386,251.5024109,251.7449951,17.63658524,69.20267487,Winter,0
12/13/2026,15.7688055,17.67533112,14.06850815,7.571272373,0.796744108,102.0471191,5.64522028,6.691177368,251.7893982,252.0270844,17.54361343,69.2609787,Winter,0
12/14/2026,15.68501663,17.59441376,13.98460293,7.537861824,0.797842979,102.0578308,5.646736622,6.694402695,252.057785,252.2921295,17.4526844,69.32066345,Winter,0
12/15/2026,15.60421562,17.5164566,13.90372086,7.506155968,0.798913538,102.068428,5.647452831,6.696713448,252.3100281,252.5425262,17.36376762,69.38139343,Winter,0
12/16/2026,15.52630424,17.44136047,13.82575512,7.476010323,0.799959183,102.0788574,5.647423744,6.698169708,252.5485229,252.7805481,17.27682877,69.44280243,Winter,0
12/17/2026,15.45117378,17.36901474,13.75058842,7.447285175,0.800983548,102.0890656,5.64670372,6.698835373,252.7754364,253.0082245,17.19182968,69.50456238,Winter,0
12/18/2026,15.37871552,17.29930115,13.67810249,7.419840336,0.801989555,102.0989914,5.645349979,6.69877243,252.9927826,253.2274323,17.1087265,69.56636047,Winter,0
12/19/2026,15.30880547,17.23210144,13.60816956,7.393538475,0.80297935,102.1085968,5.643417835,6.698046684,253.2022858,253.4397278,17.02746964,69.62786865,Winter,0
12/20/2026,15.24132347,17.16728401,13.54066181,7.368249416,0.803953946,102.1178284,5.640964985,6.696722031,253.4055634,253.6465454,16.94801521,69.68881226,Winter,0
12/21/2026,15.17614365,17.10472107,13.47544765,7.343848228,0.8049137,102.1266403,5.638048649,6.694862366,253.6038818,253.848938,16.87030602,69.74893188,Winter,0
12/22/2026,15.11313629,17.04428101,13.41238976,7.320216179,0.80585742,102.1349716,5.634723186,6.692529202,253.7983398,254.04776,16.79429054,69.80796814,Winter,0
12/23/2026,15.05217838,16.98583031,13.35136127,7.297240734,0.806782901,102.1427917,5.631043434,6.68978548,253.9897156,254.2436218,16.71991539,69.8657074,Winter,0
12/24/2026,14.99314308,16.92924118,13.29222488,7.274820805,0.80768615,102.1500549,5.627062321,6.686689854,254.1785736,254.4367981,16.64712715,69.92195129,Winter,0
12/25/2026,14.9359026,16.87438583,13.23485565,7.252861023,0.808561921,102.156723,5.622830868,6.683300018,254.3651581,254.6273193,16.57587242,69.97652435,Winter,0
12/26/2026,14.88033867,16.82113647,13.17912483,7.231278419,0.809403598,102.1627579,5.618397236,6.67966938,254.5495453,254.815033,16.50609589,70.02928162,Winter,0
12/27/2026,14.82633209,16.76937485,13.12491417,7.210000992,0.810202718,102.168129,5.613808155,6.675849915,254.7314453,254.9994049,16.43774605,70.08009338,Winter,0
12/28/2026,14.7737751,16.71899033,13.0721035,7.188960552,0.810949624,102.1728134,5.609106064,6.671891212,254.9104309,255.1797638,16.37077713,70.1288681,Winter,0
12/29/2026,14.72256088,16.66987228,13.02058601,7.168107986,0.811633348,102.1767731,5.604332447,6.66783762,255.0857544,255.3552399,16.30514145,70.17553711,Winter,0
12/30/2026,14.67259312,16.62192345,12.97026253,7.147400856,0.812241137,102.1800003,5.599522591,6.663730621,255.2565308,255.5246429,16.24079704,70.22003937,Winter,0
12/31/2026,14.6237812,16.57505035,12.92103767,7.126806736,0.812759578,102.1824799,5.594711304,6.659606457,255.4216461,255.6866913,16.17770386,70.26236725,Winter,0
1/1/2027,14.57604408,16.5291729,12.87282467,7.106304169,0.813173592,102.1841888,5.589927197,6.655499458,255.5797577,255.8399048,16.11582184,70.30251312,Winter,0
1/2/2027,14.52931118,16.48422241,12.82554913,7.085885048,0.813467741,102.1851349,5.585197449,6.651438236,255.7294312,255.9827118,16.05512619,70.34049988,Winter,0
1/3/2027,14.48352051,16.44013596,12.77914619,7.065546036,0.813625276,102.1853104,5.580544472,6.647447586,255.8691254,256.1133423,15.9955883,70.37637329,Winter,0
1/4/2027,14.43861866,16.39686203,12.73355865,7.045300484,0.81362927,102.1847153,5.575986385,6.643548965,255.9970551,256.2300415,15.93718147,70.41018677,Winter,0
1/5/2027,14.39456558,16.3543644,12.6887455,7.025164604,0.813462079,102.1833649,5.571538448,6.639758587,256.1115112,256.3309937,15.8798914,70.44203949,Winter,0
1/6/2027,14.3513279,16.31261253,12.64466381,7.0051651,0.81310612,102.1812744,5.567212582,6.636088371,256.2106018,256.4142151,15.82370472,70.47200775,Winter,0
1/7/2027,14.30888557,16.27159309,12.60129547,6.985338211,0.812544107,102.1784439,5.563015938,6.632546902,256.2925415,256.4779053,15.76861382,70.50022125,Winter,0
1/8/2027,14.26723099,16.23129845,12.55862236,6.965725422,0.811758578,102.1749115,5.558952332,6.629138947,256.3553772,256.5201721,15.71461487,70.5267868,Winter,0
1/9/2027,14.22635937,16.19173431,12.51664352,6.946375847,0.810732663,102.1707001,5.555023193,6.625864506,256.3973389,256.5392151,15.66170788,70.55184937,Winter,0
1/10/2027,14.18628407,16.15291977,12.47536182,6.927343845,0.809450746,102.1658401,5.551225662,6.622720242,256.416626,256.5333557,15.60990143,70.57554626,Winter,0
1/11/2027,14.14702225,16.11487389,12.43479538,6.908685684,0.807897806,102.1603622,5.547554493,6.619700432,256.4115295,256.5010071,15.55920506,70.59803772,Winter,0
1/12/2027,14.10860157,16.07764053,12.39496803,6.890465736,0.806060016,102.1543045,5.544000149,6.616794586,256.3804932,256.4406128,15.50963402,70.61946106,Winter,0
1/13/2027,14.07106018,16.04126167,12.35591316,6.872748375,0.803925157,102.1477051,5.540552139,6.613990784,256.3220215,256.3509521,15.46120644,70.63999939,Winter,0
1/14/2027,14.03444099,16.0057888,12.31767178,6.855602264,0.801482797,102.1406174,5.537196636,6.611272812,256.2348022,256.2308655,15.4139452,70.65979004,Winter,0
1/15/2027,13.99879837,15.97128296,12.28029251,6.839091301,0.798724174,102.1330795,5.533917427,6.608623505,256.1177063,256.0793762,15.36787605,70.67901611,Winter,0
1/16/2027,13.96418667,15.93781757,12.24382973,6.82328701,0.795642376,102.125145,5.530697823,6.606022835,255.9697876,255.895813,15.32302666,70.69780731,Winter,0
1/17/2027,13.93067169,15.90545845,12.20834541,6.808254242,0.79223305,102.1168594,5.527517319,6.603448868,255.790329,255.679657,15.27942944,70.71633911,Winter,0
1/18/2027,13.89832115,15.87428665,12.17390823,6.79406023,0.788493693,102.1082764,5.524354458,6.600877762,255.5787506,255.4306335,15.23711777,70.73474884,Winter,0
1/19/2027,13.86720848,15.84438515,12.14058208,6.780766964,0.784424543,102.0994568,5.521188736,6.598285198,255.3347778,255.1487122,15.19612503,70.75318909,Winter,0
1/20/2027,13.83740807,15.81583595,12.10844803,6.768433571,0.780028343,102.0904388,5.517995358,6.595645905,255.0584106,254.8341064,15.15648842,70.77178955,Winter,0
1/21/2027,13.8089962,15.78873253,12.07757759,6.757116795,0.77530992,102.0812988,5.514752388,6.592933655,254.7496796,254.4872894,15.11824417,70.79066467,Winter,0
1/22/2027,13.78205299,15.76315212,12.04805183,6.746867657,0.770276785,102.0720673,5.511434078,6.590121269,254.4091339,254.108963,15.08143139,70.80995941,Winter,0
1/23/2027,13.75665569,15.73918915,12.01994514,6.737731934,0.764939129,102.0628128,5.50801754,6.587181568,254.0373535,253.7000732,15.04608631,70.82975769,Winter,0
1/24/2027,13.73288345,15.71692848,11.99334145,6.729750633,0.75930959,102.0535736,5.504478455,6.584089279,253.6352692,253.2617798,15.01224709,70.85015869,Winter,0
1/25/2027,13.7108078,15.69645119,11.96831512,6.722957611,0.753403127,102.0444183,5.50079298,6.580817699,253.2039337,252.7955017,14.97994995,70.87125397,Winter,0
1/26/2027,13.69050789,15.67783928,11.94494057,6.717381477,0.747236609,102.0353775,5.496938229,6.577340603,252.7446747,252.3028107,14.94922543,70.89311981,Winter,0
1/27/2027,13.67205238,15.66117191,11.92329407,6.713044643,0.740829647,102.0265121,5.492890835,6.573634624,252.2590485,251.7854919,14.9201107,70.91581726,Winter,0
1/28/2027,13.65550423,15.64651585,11.90344334,6.709960938,0.734203517,102.0178528,5.488631248,6.569675446,251.7486877,251.2454681,14.89263535,70.93938446,Winter,0
1/29/2027,13.64093018,15.63393974,11.88545513,6.708138943,0.727381527,102.0094528,5.484138012,6.565440655,251.2155609,250.684845,14.86682892,70.96387482,Winter,0
1/30/2027,13.62838173,15.62350273,11.86939144,6.70758152,0.720388055,102.0013428,5.479392529,6.560911179,250.6615448,250.1058807,14.84271717,70.98931885,Winter,0
1/31/2027,13.61791325,15.61525536,11.85530567,6.708281517,0.713249445,101.9935532,5.474377632,6.556065083,250.0888367,249.5108337,14.82032585,71.01573181,Winter,0
2/1/2027,13.60956573,15.60924625,11.84325218,6.710230827,0.705992877,101.9861145,5.469078064,6.550888062,249.499649,248.9021149,14.79967213,71.04311371,Winter,0
2/2/2027,13.60337639,15.6055069,11.83327198,6.71340847,0.698646188,101.9790573,5.463478565,6.545362473,248.8962555,248.2821198,14.78077316,71.0714798,Winter,0
2/3/2027,13.59937572,15.6040678,11.82540703,6.717793465,0.691237926,101.9724045,5.457567215,6.539475918,248.2809906,247.6532898,14.76364517,71.10082245,Winter,0
2/4/2027,13.59758568,15.604949,11.81968307,6.723357201,0.683797181,101.9661636,5.451334476,6.533216,247.6562195,247.0179901,14.74829674,71.13111877,Winter,0
2/5/2027,13.59801865,15.60816002,11.81613064,6.730065346,0.676352561,101.9603577,5.444770813,6.526574612,247.024231,246.3786926,14.7347374,71.16234589,Winter,0
2/6/2027,13.60068607,15.61370468,11.81476212,6.737878799,0.668932438,101.9549866,5.437870026,6.519542694,246.3873291,245.7376099,14.72296715,71.1944809,Winter,0
2/7/2027,13.60558319,15.62157059,11.815588,6.746758461,0.661564708,101.9500656,5.430627346,6.512116909,245.7477417,245.0969391,14.71298885,71.22750092,Winter,0
2/8/2027,13.61270046,15.63174629,11.81861496,6.7566576,0.654276311,101.9455795,5.42304039,6.504292965,245.1076202,244.458786,14.7047987,71.26135254,Winter,0
2/9/2027,13.62202263,15.64420414,11.82383537,6.76752758,0.64709264,101.9415283,5.415107727,6.496070385,244.4688873,243.8250122,14.6983881,71.29601288,Winter,0
2/10/2027,13.63352585,15.6589098,11.8312397,6.779320717,0.640037954,101.9379044,5.406831264,6.487450123,243.8334503,243.1973114,14.69375038,71.33142853,Winter,0
2/11/2027,13.64718056,15.67582321,11.84081268,6.791984081,0.633134365,101.9346924,5.398213863,6.478435993,243.2029266,242.57724,14.69087219,71.3675766,Winter,0
2/12/2027,13.66294575,15.6948967,11.8525238,6.805467129,0.626402378,101.9318771,5.389260292,6.469031811,242.5788422,241.9660797,14.68973637,71.40440369,Winter,0
2/13/2027,13.68077946,15.71606827,11.86634827,6.819715977,0.619859636,101.9294281,5.379976749,6.459245205,241.9624634,241.3648529,14.69032764,71.44187927,Winter,0
2/14/2027,13.70063019,15.73927879,11.88224792,6.834681511,0.613521814,101.92733,5.370372295,6.449084759,241.3547668,240.7743683,14.69262314,71.47996521,Winter,0
2/15/2027,13.72244549,15.7644577,11.90018272,6.850312233,0.607401788,101.9255447,5.360456467,6.438560963,240.7566223,240.1951752,14.69660282,71.51862335,Winter,0
2/16/2027,13.7461586,15.79153156,11.92010498,6.86656189,0.601509392,101.9240417,5.350240707,6.427686214,240.1684723,239.6274567,14.70223999,71.55783081,Winter,0
2/17/2027,13.77171421,15.82041931,11.94196606,6.883382797,0.595851779,101.9227829,5.339738369,6.416473866,239.5906525,239.071167,14.70951271,71.59754944,Winter,0
2/18/2027,13.79903698,15.85104084,11.96571159,6.90073204,0.590432942,101.9217377,5.328962803,6.404939651,239.0231018,238.5260468,14.71839237,71.63775635,Winter,0
2/19/2027,13.82805824,15.8833065,11.99128342,6.918571472,0.585253894,101.9208679,5.317929745,6.393098354,238.4655609,237.9913788,14.72885323,71.67843628,Winter,0
2/20/2027,13.85870552,15.91713047,12.01861954,6.936864853,0.580312192,101.9201202,5.306655407,6.380969048,237.91745,237.4663239,14.74086475,71.71956635,Winter,0
2/21/2027,13.89090347,15.95242119,12.04766178,6.955579758,0.575603008,101.9194641,5.295157433,6.36856842,237.3779297,236.949646,14.7543993,71.76115417,Winter,0
2/22/2027,13.92457581,15.98908997,12.07834435,6.974690437,0.57111764,101.9188461,5.283454895,6.355917454,236.8459167,236.4399567,14.76942825,71.80316925,Winter,0
2/23/2027,13.95964622,16.0270462,12.11059952,6.994174957,0.56684494,101.9182281,5.271565437,6.343035698,236.3200531,235.9355164,14.785923,71.84562683,Winter,0
2/24/2027,13.99603844,16.06619644,12.14436722,7.01401329,0.562770605,101.9175644,5.259510517,6.329945564,235.7987366,235.434433,14.80385971,71.88851929,Winter,0
2/25/2027,14.03367901,16.10645676,12.17957783,7.034193993,0.558878124,101.9168091,5.247309208,6.316666126,235.2801666,234.9345093,14.82320595,71.93185425,Winter,0
2/26/2027,14.07249451,16.14774323,12.21616936,7.054709435,0.555147886,101.9159241,5.234982491,6.303222179,234.7622986,234.4334412,14.84394169,71.97564697,Winter,0
2/27/2027,14.11241436,16.1899662,12.25407791,7.075557709,0.551558316,101.914856,5.222552299,6.289633751,234.2429657,233.9286957,14.86603832,72.01989746,Winter,0
2/28/2027,14.153368,16.23305511,12.29324055,7.096740723,0.548085511,101.9135818,5.210039139,6.27592659,233.7197571,233.4176331,14.88947296,72.06463623,Winter,0
3/1/2027,14.19529343,16.27693176,12.33359909,7.118263245,0.544704378,101.9120483,5.197465897,6.262120724,233.1901703,232.8975067,14.91422558,72.10985565,Spring,1
3/2/2027,14.23812675,16.32152176,12.37509441,7.140137672,0.541387856,101.9102173,5.184853554,6.248241901,232.6516724,232.3654785,14.94027328,72.15557861,Spring,1
3/3/2027,14.28181076,16.36676598,12.4176712,7.162379742,0.538107753,101.9080734,5.172223568,6.234312534,232.1015015,231.8186951,14.96760178,72.201828,Spring,1
3/4/2027,14.32629395,16.41260338,12.46127701,7.185008049,0.534835041,101.9055634,5.159597874,6.220355511,231.5370026,231.2542572,14.99619198,72.24861145,Spring,1
3/5/2027,14.37152481,16.45897865,12.505867,7.208044052,0.531540334,101.9026794,5.146998405,6.206393719,230.9554138,230.669281,15.02602768,72.29594421,Spring,1
3/6/2027,14.41746044,16.50584793,12.55139351,7.2315135,0.528194129,101.8993835,5.134446144,6.192451477,230.3540192,230.0609589,15.05709743,72.34382629,Spring,1
3/7/2027,14.46406174,16.55316734,12.59781075,7.255442142,0.524767101,101.8956528,5.121961117,6.178549767,229.7301636,229.4265442,15.08939075,72.39227295,Spring,1
3/8/2027,14.51129532,16.60090256,12.6450901,7.279862404,0.521230161,101.8914871,5.109565258,6.164711475,229.0812988,228.7634583,15.12289619,72.44129181,Spring,1
3/9/2027,14.55913067,16.64902687,12.69318962,7.304803848,0.517555773,101.8868561,5.097278595,6.150959492,228.4049988,228.0693054,15.15760612,72.49087524,Spring,1
3/10/2027,14.60754395,16.69751549,12.7420826,7.330296516,0.513717294,101.8817596,5.085119724,6.137313366,227.6988525,227.3417664,15.19351578,72.541008,Spring,1
3/11/2027,14.65651608,16.74635315,12.79174137,7.356372356,0.509689927,101.8761902,5.07310915,6.123795986,226.9608612,226.5788422,15.23061752,72.5916748,Spring,1
3/12/2027,14.70603371,16.79553413,12.84214306,7.383064747,0.505450487,101.8701477,5.061264992,6.110426903,226.1890411,225.7787018,15.26890755,72.64286804,Spring,1
3/13/2027,14.7560854,16.84505081,12.89326763,7.410403252,0.500978529,101.8636398,5.049604416,6.097225189,225.3817291,224.9398651,15.3083849,72.69454193,Spring,1
3/14/2027,14.80666542,16.89490509,12.94510174,7.438416004,0.496255845,101.8566742,5.038144588,6.084210873,224.5375366,224.0610809,15.3490448,72.74668121,Spring,1
3/15/2027,14.85777473,16.94510269,12.99762917,7.467129707,0.491267204,101.8492584,5.026902199,6.071401596,223.6552734,223.141449,15.39088917,72.79921722,Spring,1
3/16/2027,14.90941429,16.99565887,13.05084229,7.496571064,0.486000329,101.8414078,5.015892506,6.058814049,222.7341309,222.1803741,15.43391514,72.85211945,Spring,1
3/17/2027,14.96159172,17.04658699,13.10473251,7.526761055,0.480446279,101.8331451,5.005130768,6.046466351,221.7735748,221.1776276,15.47812271,72.90531158,Spring,1
3/18/2027,15.01431179,17.09790421,13.15929794,7.557717323,0.474599421,101.8244934,4.994628906,6.034371376,220.7733917,220.1333313,15.52350903,72.95874023,Spring,1
3/19/2027,15.06759071,17.14963913,13.21453476,7.589455605,0.468457818,101.8154907,4.984400749,6.022546291,219.7337494,219.0479431,15.57007599,73.01232147,Spring,1
3/20/2027,15.12144089,17.20181274,13.27044296,7.621985435,0.46202305,101.8061523,4.974457741,6.011002064,218.6551056,217.9223328,15.61781883,73.06596375,Spring,1
3/21/2027,15.17587471,17.25445557,13.32702541,7.655314445,0.455300421,101.7965164,4.964809418,5.999752045,217.5382996,216.7576752,15.66674042,73.11959839,Spring,1
3/22/2027,15.23091698,17.30759621,13.38428307,7.689443588,0.448298842,101.7866211,4.955465317,5.988805771,216.3845062,215.555542,15.71683407,73.17310333,Spring,1
3/23/2027,15.28657913,17.36126328,13.44222069,7.724370956,0.441031039,101.7765045,4.946433067,5.978173733,215.1952209,214.3178253,15.76809978,73.22638702,Spring,1
3/24/2027,15.34288597,17.41549301,13.50084305,7.760088444,0.433513194,101.7662048,4.937719345,5.967863083,213.97229,213.0467987,15.82052898,73.27934265,Spring,1
3/25/2027,15.39985085,17.47031593,13.56015778,7.796585083,0.425765097,101.7557755,4.929329395,5.957880974,212.7178497,211.7449951,15.8741169,73.3318634,Spring,1
3/26/2027,15.45749855,17.52576065,13.62016869,7.833846092,0.417809665,101.7452469,4.921267033,5.94823122,211.4343719,210.4152832,15.9288578,73.38381958,Spring,1
3/27/2027,15.51584625,17.58185768,13.68088245,7.87184763,0.409672976,101.7346802,4.913533688,5.938918114,210.1245575,209.0608063,15.98474121,73.435112,Spring,1
3/28/2027,15.57490921,17.63863754,13.74230385,7.910565853,0.401384115,101.7241058,4.906130791,5.929942608,208.7914429,207.6849213,16.04175758,73.48561096,Spring,1
3/29/2027,15.63470745,17.69612503,13.80443954,7.949971199,0.392974585,101.7135773,4.899057388,5.921303272,207.4382477,206.291275,16.09989738,73.5351944,Spring,1
3/30/2027,15.69525528,17.75434875,13.86729431,7.990032196,0.384478241,101.7031403,4.892310619,5.913000584,206.0683746,204.883606,16.15914345,73.58374786,Spring,1
3/31/2027,15.75656891,17.8133297,13.93087292,8.030714035,0.375930995,101.6928406,4.885886669,5.905028343,204.6854553,203.4658966,16.21948433,73.63116455,Spring,1
4/1/2027,15.81865883,17.87308502,13.99517822,8.071974754,0.367370278,101.6827316,4.879778862,5.897380352,203.2931976,202.0421906,16.28090286,73.67732239,Spring,1
4/2/2027,15.88153458,17.93363571,14.060215,8.113775253,0.358834594,101.6728439,4.873979092,5.890049458,201.8954926,200.6166229,16.34337997,73.72211456,Spring,1
4/3/2027,15.9452076,17.9949913,14.1259861,8.156074524,0.350363702,101.6632309,4.868479252,5.883024693,200.4962158,199.1934204,16.4068985,73.76545715,Spring,1
4/4/2027,16.00968361,18.05716705,14.19248962,8.198827744,0.341997117,101.6539307,4.863267422,5.87629509,199.09935,197.7767334,16.47144318,73.80723572,Spring,1
4/5/2027,16.07496643,18.12016678,14.25973034,8.241989136,0.333774745,101.6449814,4.85833025,5.869844913,197.708847,196.3707275,16.5369873,73.84737396,Spring,1
4/6/2027,16.14105988,18.18399811,14.32770538,8.285516739,0.325735807,101.6364212,4.853652477,5.863658905,196.3285828,194.9794464,16.60351181,73.88580322,Spring,1
4/7/2027,16.20796585,18.24865723,14.39641666,8.329364777,0.317918926,101.6282883,4.849218369,5.857717514,194.9623871,193.6068573,16.6709938,73.92245483,Spring,1
4/8/2027,16.27568245,18.31414604,14.46586323,8.373496056,0.310360789,101.6206055,4.845009327,5.85200119,193.6140137,192.2567291,16.73941422,73.95727539,Spring,1
4/9/2027,16.34420586,18.38045883,14.53604221,8.417865753,0.303096712,101.6134109,4.841005325,5.846487522,192.2869263,190.9326935,16.80875015,73.99021912,Spring,1
4/10/2027,16.41353607,18.44758987,14.60695457,8.46243763,0.296159625,101.60672,4.837183952,5.841151237,190.9845734,189.6381378,16.87897873,74.02126312,Spring,1
4/11/2027,16.48366547,18.51552773,14.6785965,8.50717926,0.289580107,101.600563,4.83352232,5.835966587,189.7099762,188.3761139,16.95008278,74.05039215,Spring,1
4/12/2027,16.55459023,18.58425903,14.75097084,8.552059174,0.283385426,101.5949631,4.829996109,5.830904484,188.4661407,187.1494598,17.02203941,74.07759094,Spring,1
4/13/2027,16.62630272,18.65377617,14.82407475,8.597052574,0.277599454,101.5899277,4.826577663,5.825936317,187.2555542,185.9606934,17.09482956,74.10289001,Spring,1
4/14/2027,16.69879913,18.72405815,14.89790916,8.642137527,0.272242665,101.5854645,4.82324028,5.821029663,186.0805359,184.8119354,17.16843796,74.126297,Spring,1
4/15/2027,16.77206993,18.79509354,14.97247505,8.687299728,0.267331451,101.5815887,4.819956303,5.816153049,184.9430695,183.7049561,17.24284744,74.14785767,Spring,1
4/16/2027,16.8461113,18.86686707,15.04777527,8.732528687,0.262878001,101.5783081,4.81669426,5.811270714,183.844696,182.6411591,17.31804276,74.16762543,Spring,1
4/17/2027,16.9209156,18.93936157,15.12381363,8.777822495,0.258890122,101.5756149,4.81342411,5.806348801,182.7866669,181.6215057,17.39402008,74.18566132,Spring,1
4/18/2027,16.99648094,19.0125618,15.20059586,8.823184013,0.255370736,101.5735168,4.810114384,5.801350594,181.7698212,180.6466217,17.47076416,74.20204163,Spring,1
4/19/2027,17.0728054,19.08645439,15.27812767,8.868621826,0.252318442,101.5719986,4.806733131,5.796240807,180.7946014,179.7166443,17.54827118,74.21685028,Spring,1
4/20/2027,17.14988327,19.161026,15.35641861,8.914152145,0.249726772,101.5710526,4.803248405,5.790979862,179.8610535,178.8313293,17.62653732,74.23019409,Spring,1
4/21/2027,17.22772026,19.23626709,15.43548298,8.959799767,0.24758473,101.5706711,4.799626827,5.785532475,178.9688568,177.9899597,17.7055645,74.24217224,Spring,1
4/22/2027,17.30631638,19.31216812,15.51532936,9.005595207,0.24587591,101.5708389,4.795836926,5.77986002,178.1172485,177.1915131,17.78535843,74.25289917,Spring,1
4/23/2027,17.38567734,19.38872147,15.59597588,9.051574707,0.244579896,101.5715256,4.791846275,5.773926258,177.30513,176.4344635,17.86592484,74.26249695,Spring,1
4/24/2027,17.46580887,19.46593094,15.6774416,9.097780228,0.243671149,101.572731,4.787621975,5.767693043,176.5309906,175.7169495,17.94727325,74.27108765,Spring,1
4/25/2027,17.54672623,19.543787,15.75974655,9.144262314,0.24311994,101.5744095,4.783134937,5.761126995,175.7929993,175.0367889,18.02941895,74.27880859,Spring,1
4/26/2027,17.62843895,19.62230301,15.84291363,9.191078186,0.242892191,101.5765533,4.778353691,5.754191875,175.0889282,174.3913879,18.11237717,74.28579712,Spring,1
4/27/2027,17.71096802,19.70148087,15.92696762,9.238286972,0.242949739,101.5791321,4.773249626,5.746855259,174.4163361,173.7778778,18.19617462,74.29216003,Spring,1
4/28/2027,17.79432678,19.78133392,16.01193619,9.285953522,0.243251115,101.5821075,4.76779604,5.739084244,173.7723541,173.1931,18.2808342,74.2980423,Spring,1
4/29/2027,17.87854385,19.86188316,16.09785271,9.334148407,0.243751228,101.5854492,4.761965752,5.730849743,173.154007,172.6336212,18.3663826,74.30355835,Spring,1
4/30/2027,17.96364212,19.94314194,16.18474579,9.382946014,0.244402081,101.5891418,4.755736351,5.722125053,172.5579529,172.095871,18.45285416,74.30884552,Spring,1
5/1/2027,18.04965019,20.02513885,16.27264786,9.432422638,0.245153323,101.5931396,4.749083996,5.712883472,171.9807739,171.576004,18.54027748,74.31399536,Spring,1
5/2/2027,18.13659859,20.10790062,16.36159515,9.482657433,0.245952517,101.5974045,4.741990089,5.703104496,171.4188843,171.0701141,18.62869263,74.31912231,Spring,1
5/3/2027,18.22452164,20.19146156,16.45162582,9.533729553,0.246745378,101.6019135,4.734438419,5.692766666,170.8684845,170.5741577,18.71814156,74.3243103,Spring,1
5/4/2027,18.31345749,20.27585983,16.54277611,9.585720062,0.247476965,101.606636,4.726412773,5.681855679,170.3258514,170.0841217,18.80866051,74.32964325,Spring,1
5/5/2027,18.40343857,20.36113167,16.63508224,9.638710022,0.24809137,101.6115265,4.717902184,5.670356274,169.7871246,169.5958862,18.90029526,74.33517456,Spring,1
5/6/2027,18.49450874,20.44732094,16.7285862,9.692775726,0.248532951,101.6165619,4.708898544,5.658261299,169.2485046,169.1054382,18.99308777,74.34095764,Spring,1
5/7/2027,18.58670616,20.53447533,16.82332039,9.747997284,0.24874641,101.6217041,4.699396133,5.645563602,168.7062378,168.6088409,19.08708191,74.34702301,Spring,1
5/8/2027,18.68007088,20.62264633,16.91932487,9.80444622,0.248677447,101.6269226,4.689393044,5.632261753,168.1566772,168.1022644,19.18232536,74.3533783,Spring,1
5/9/2027,18.77464485,20.71187973,17.01663589,9.862194061,0.248273507,101.6321869,4.678889751,5.618357182,167.5963287,167.5820465,19.27886009,74.36001587,Spring,1
5/10/2027,18.87047005,20.80222893,17.11528397,9.921302795,0.24748379,101.6374741,4.667891026,5.603857517,167.0218506,167.0447998,19.37673187,74.36691284,Spring,1
5/11/2027,18.96758461,20.89374542,17.21530151,9.981834412,0.246260405,101.642746,4.656405449,5.58877039,166.43013,166.4873047,19.47597885,74.37401581,Spring,1
5/12/2027,19.06602859,20.98648453,17.31671906,10.04384041,0.244558305,101.6479874,4.644444466,5.573113441,165.8183594,165.9067078,19.57664871,74.38124847,Spring,1
5/13/2027,19.16583824,21.08050156,17.41956139,10.10736656,0.242336035,101.6531601,4.632022381,5.556901455,165.1839142,165.3003693,19.67877197,74.38851929,Spring,1
5/14/2027,19.26704597,21.17584229,17.52384949,10.17245102,0.239556298,101.6582489,4.619157791,5.540159225,164.5246277,164.6661377,19.78238678,74.39571381,Spring,1
5/15/2027,19.36968422,21.27256012,17.62960434,10.23912048,0.236185849,101.6632385,4.605873108,5.522912025,163.8385925,164.0021362,19.88752747,74.4026947,Spring,1
5/16/2027,19.47377777,21.37069893,17.73683357,10.30739689,0.232196108,101.6680984,4.592193127,5.505190372,163.1243439,163.3069458,19.99421883,74.40930176,Spring,1
5/17/2027,19.57935333,21.4703064,17.84554863,10.37728882,0.227563858,101.672821,4.578145027,5.487027645,162.380722,162.5795288,20.10248566,74.41536713,Spring,1
5/18/2027,19.68642616,21.57142258,17.95574951,10.44879532,0.222271085,101.6773834,4.563761711,5.46846199,161.6070709,161.8193359,20.21234322,74.42068481,Spring,1
5/19/2027,19.79500771,21.6740818,18.06743622,10.52190876,0.216304913,101.681778,4.54907608,5.449533463,160.8031769,161.0262146,20.32381058,74.42503357,Spring,1
5/20/2027,19.9051075,21.77831268,18.18059158,10.5966053,0.209658489,101.685997,4.534124374,5.430285931,159.9691467,160.2005157,20.43688583,74.42819214,Spring,1
5/21/2027,20.01672554,21.88414383,18.29520416,10.67285442,0.202330649,101.6900177,4.518947124,5.410765171,159.1056976,159.3430328,20.55157852,74.42991638,Spring,1
5/22/2027,20.1298542,21.99159241,18.41124916,10.75061417,0.194326222,101.69384,4.503583908,5.391020298,158.2138214,158.4549866,20.6678772,74.42993164,Spring,1
5/23/2027,20.24448204,22.10066605,18.52869415,10.82983017,0.185655668,101.697464,4.488078117,5.37110281,157.2950439,157.5380859,20.78576851,74.42797852,Spring,1
5/24/2027,20.36058998,22.21137428,18.6475029,10.91043758,0.176335216,101.700882,4.472474098,5.351065636,156.3513489,156.5944061,20.90523529,74.42377472,Spring,1
5/25/2027,20.4781456,22.32370758,18.76762772,10.99236488,0.166386768,101.7040863,4.456817627,5.330961704,155.385025,155.6264954,21.02624893,74.41702271,Spring,1
5/26/2027,20.59711456,22.4376564,18.88901901,11.07552719,0.155838042,101.7070847,4.44115591,5.310847282,154.3988647,154.6373291,21.1487751,74.40745544,Spring,1
5/27/2027,20.7174511,22.55319595,19.01161194,11.15983391,0.144721791,101.7098694,4.425535202,5.290777683,153.3959351,153.6301727,21.27276993,74.39476776,Spring,1
5/28/2027,20.83910751,22.67029953,19.13534355,11.24518013,0.133075774,101.7124557,4.410002708,5.270809174,152.3797455,152.6086731,21.39818192,74.37866974,Spring,1
5/29/2027,20.96201897,22.78892899,19.26013565,11.33145809,0.120942399,101.7148285,4.394606113,5.250997543,151.3540649,151.576767,21.52495575,74.35887146,Spring,1
5/30/2027,21.08612061,22.90903091,19.38591003,11.4185524,0.10836865,101.7170105,4.37939167,5.231397152,150.3229523,150.538681,21.65302658,74.33511353,Spring,1
5/31/2027,21.21133614,23.03055191,19.51257706,11.50633812,0.095405258,101.7189865,4.364404678,5.212062836,149.2907257,149.4988708,21.78232002,74.30710602,Spring,1
6/1/2027,21.33758163,23.15342331,19.64004135,11.59468842,0.082106404,101.7207794,4.349690914,5.193045616,148.2618561,148.4619598,21.91275406,74.27461243,Summer,2
6/2/2027,21.46476555,23.27756691,19.76820374,11.68347073,0.068529248,101.7223892,4.335291862,5.174396992,147.2410889,147.4327393,22.04424667,74.23738861,Summer,2
6/3/2027,21.59279442,23.4029026,19.8969593,11.77254581,0.054733712,101.7238312,4.321249008,5.156164169,146.233139,146.4160919,22.17669868,74.19521332,Summer,2
6/4/2027,21.72155762,23.52933311,20.02619553,11.86177731,0.040781274,101.72509,4.307600021,5.138393402,145.2429352,145.4169159,22.31001282,74.14788818,Summer,2
6/5/2027,21.85094833,23.65675735,20.15579987,11.95102501,0.0267349,101.7261963,4.294381142,5.121125221,144.2753601,144.4402313,22.44408417,74.09523773,Summer,2
6/6/2027,21.98085213,23.78507233,20.28565216,12.04014683,0.012658603,101.7271423,4.281625748,5.104399681,143.3352509,143.49086,22.57880211,74.03712463,Summer,2
6/7/2027,22.11114693,23.91415405,20.41563225,12.12900543,-0.001383854,101.727951,4.26936245,5.08825016,142.4274292,142.5736237,22.71405029,73.97340393,Summer,2
6/8/2027,22.24170685,24.04388046,20.54561615,12.21746254,-0.015328542,101.7286072,4.257618904,5.07270813,141.5565796,141.6931915,22.84970856,73.90400696,Summer,2
6/9/2027,22.37240601,24.17412567,20.67547607,12.30538177,-0.029112574,101.7291412,4.246416092,5.057798862,140.7272491,140.8540039,22.98565292,73.82888031,Summer,2
6/10/2027,22.50311089,24.30475426,20.80508804,12.39263725,-0.042674769,101.729538,4.23577261,5.043545246,139.9436798,140.0602875,23.12175751,73.74798584,Summer,2
6/11/2027,22.63368797,24.43562698,20.93432426,12.47910309,-0.055956036,101.7298203,4.225704193,5.029962063,139.2099457,139.3160553,23.25789452,73.66133881,Summer,2
6/12/2027,22.76400375,24.56660461,21.06306076,12.56465912,-0.068899192,101.7299881,4.216218948,5.017062664,138.5298462,138.624939,23.39392853,73.56898499,Summer,2
6/13/2027,22.89392281,24.69754028,21.19116592,12.64919281,-0.081451066,101.7300415,4.207324982,5.004852772,137.9067535,137.9902191,23.52973557,73.47101593,Summer,2
6/14/2027,23.0233078,24.82828522,21.31852341,12.73260307,-0.093561351,101.7299881,4.19902277,4.993334293,137.3437195,137.4148102,23.66517639,73.36753845,Summer,2
6/15/2027,23.15202713,24.95869446,21.44501114,12.81479454,-0.105183877,101.7298355,4.191309452,4.982503414,136.8434448,136.9011841,23.80012321,73.25873566,Summer,2
6/16/2027,23.27994728,25.0886116,21.57051086,12.89568329,-0.116276965,101.7295761,4.184177876,4.972351074,136.4080963,136.4514008,23.93444443,73.14477539,Summer,2
6/17/2027,23.40693855,25.21790314,21.69491196,12.97519302,-0.126803532,101.7292252,4.177617073,4.962862968,136.0394897,136.0670624,24.06801033,73.02590179,Summer,2
6/18/2027,23.53287315,25.34640503,21.8181057,13.0532589,-0.13673155,101.7287827,4.171609402,4.954020977,135.7388306,135.7492218,24.20069504,72.9023819,Summer,2
6/19/2027,23.65763092,25.47398758,21.93998909,13.1298275,-0.146034285,101.728241,4.166137695,4.945801735,135.5069733,135.4984741,24.33237457,72.77451324,Summer,2
6/20/2027,23.7810936,25.60050583,22.06046295,13.20485687,-0.154690117,101.7276077,4.161175251,4.938176155,135.3441315,135.3149719,24.46293259,72.64263153,Summer,2
6/21/2027,23.90314865,25.72581863,22.17944145,13.2783165,-0.162683472,101.7268829,4.156696796,4.931111813,135.2501373,135.1982574,24.59224701,72.50709534,Summer,2
6/22/2027,24.02368546,25.84979248,22.29683685,13.3501873,-0.17000398,101.7260666,4.152670383,4.924572468,135.2242432,135.1473999,24.72020912,72.36830139,Summer,2
6/23/2027,24.14260674,25.97230911,22.41257668,13.42046165,-0.176647484,101.7251587,4.149062157,4.918518066,135.2651672,135.1609955,24.84671402,72.22666931,Summer,2
6/24/2027,24.25982094,26.09324265,22.52658653,13.48913956,-0.182614699,101.7241516,4.1458354,4.912904739,135.3711243,135.2370911,24.97165871,72.0826416,Summer,2
6/25/2027,24.37524033,26.21247864,22.6388073,13.55624008,-0.187912196,101.7230606,4.142950058,4.907687187,135.5399628,135.3733826,25.09495163,71.93667603,Summer,2
6/26/2027,24.48878479,26.32990646,22.74918365,13.62178421,-0.192552224,101.7218628,4.140364647,4.902815342,135.7689056,135.566925,25.21650314,71.78926086,Summer,2
6/27/2027,24.60038567,26.44543457,22.85767174,13.68580818,-0.196551472,101.7205811,4.138036728,4.898239136,136.0548096,135.8145142,25.33622742,71.6408844,Summer,2
6/28/2027,24.7099762,26.55896378,22.96423149,13.74835396,-0.199931875,101.7191925,4.135920048,4.89390564,136.3940582,136.1125336,25.45405388,71.4920578,Summer,2
6/29/2027,24.8175087,26.67041779,23.0688343,13.80947685,-0.202719599,101.7177124,4.133970261,4.889763355,136.7827148,136.4568634,25.56991196,71.34329224,Summer,2
6/30/2027,24.92293167,26.77971649,23.17145538,13.86923409,-0.204945236,101.7161331,4.132141113,4.885756493,137.2164154,136.8432312,25.68374252,71.19510651,Summer,2
7/1/2027,25.02620506,26.88679504,23.27207756,13.92769432,-0.206642777,101.7144547,4.130385399,4.8818326,137.6905212,137.2669525,25.79548836,71.04801941,Summer,2
7/2/2027,25.12730217,26.99159241,23.37069702,13.98493004,-0.207849354,101.7126846,4.128660202,4.877938747,138.2001648,137.723175,25.90510368,70.90254211,Summer,2
7/3/2027,25.22619438,27.09406281,23.46730614,14.04101944,-0.208604872,101.7108078,4.126917839,4.874023438,138.7400818,138.2068176,26.01254463,70.75918579,Summer,2
7/4/2027,25.32287407,27.19416809,23.56191444,14.09604263,-0.208951861,101.708847,4.125117302,4.870036125,139.3050079,138.712677,26.11777687,70.61843872,Summer,2
7/5/2027,25.41732216,27.29187012,23.65452957,14.15008163,-0.208933815,101.7067795,4.123215199,4.86593008,139.8894348,139.2353516,26.2207737,70.48078918,Summer,2
7/6/2027,25.50954247,27.387146,23.74516487,14.20322227,-0.208595321,101.704628,4.121173859,4.861658573,140.487854,139.769577,26.32151222,70.34668732,Summer,2
7/7/2027,25.59953499,27.47998047,23.83383942,14.25555229,-0.207981795,101.7023849,4.118956566,4.857181549,141.0946045,140.3099213,26.41997528,70.21659088,Summer,2
7/8/2027,25.68730927,27.57035446,23.92057991,14.30714989,-0.207137883,101.7000656,4.116528511,4.852459431,141.7041168,140.851059,26.51615524,70.09090424,Summer,2
7/9/2027,25.77288055,27.6582756,24.00541306,14.35809898,-0.206108138,101.6976624,4.113861084,4.847459316,142.3108978,141.3878021,26.61003685,69.97001648,Summer,2
7/10/2027,25.85626411,27.74373627,24.08836365,14.40847969,-0.204935119,101.6951828,4.110927582,4.842151165,142.9095154,141.9150848,26.70162582,69.85429382,Summer,2
7/11/2027,25.93747902,27.82674789,24.16946411,14.45836067,-0.203659773,101.6926422,4.10770607,4.836510658,143.4947662,142.4279938,26.79091835,69.7440567,Summer,2
7/12/2027,26.01655197,27.90732574,24.24874496,14.5078125,-0.202320054,101.690033,4.104177475,4.830518246,144.0616608,142.9218903,26.87792397,69.6395874,Summer,2
7/13/2027,26.09350777,27.98547745,24.32624054,14.55689049,-0.200951368,101.6873779,4.100330353,4.824160576,144.6053772,143.3925323,26.96264648,69.54114532,Summer,2
7/14/2027,26.16837311,28.06122589,24.40197754,14.60565186,-0.199585482,101.6846771,4.096155167,4.817428589,145.121521,143.8358307,27.04509354,69.44894409,Summer,2
7/15/2027,26.24117088,28.13459015,24.47598839,14.65413666,-0.19824934,101.6819458,4.091649532,4.810320377,145.605957,144.2481689,27.1252861,69.36314392,Summer,2
7/16/2027,26.31193161,28.20559692,24.54829979,14.70237923,-0.196966171,101.6791916,4.086813927,4.80284071,146.0550079,144.626297,27.203228,69.28388977,Summer,2
7/17/2027,26.38068008,28.27426529,24.61893463,14.75040436,-0.195753947,101.6764221,4.081654549,4.794997692,146.4652863,144.9674072,27.27893066,69.21126556,Summer,2
7/18/2027,26.44743919,28.34061813,24.6879158,14.79822159,-0.194625467,101.6736526,4.07618618,4.786808491,146.8339844,145.269104,27.35241127,69.14532471,Summer,2
7/19/2027,26.51222992,28.40468216,24.75526047,14.84583092,-0.193587765,101.6708984,4.070422649,4.778293133,147.1587372,145.5295258,27.42368126,69.08605957,Summer,2
7/20/2027,26.57507133,28.46648026,24.82097626,14.89322662,-0.192642331,101.6681595,4.064388275,4.769482136,147.4375916,145.7472992,27.49274826,69.03343964,Summer,2
7/21/2027,26.63597488,28.52602386,24.88507462,14.94037819,-0.191784367,101.6654587,4.05810833,4.760406494,147.6692047,145.9214478,27.55962372,68.98738861,Summer,2
7/22/2027,26.6949501,28.58333588,24.94755173,14.98725319,-0.191003755,101.6628036,4.051615715,4.751107216,147.8526459,146.0516968,27.62431335,68.94778442,Summer,2
7/23/2027,26.75200462,28.63842392,25.0084095,15.03380203,-0.190283492,101.6602173,4.044945717,4.74162674,147.9876404,146.1381073,27.68681908,68.91448212,Summer,2
7/24/2027,26.80713654,28.69130325,25.06762886,15.0799675,-0.189600736,101.6576996,4.03813982,4.732016087,148.074295,146.1813202,27.74714661,68.88728333,Summer,2
7/25/2027,26.8603363,28.74197388,25.12519264,15.12567329,-0.188926935,101.6552734,4.031241894,4.722328186,148.1133575,146.1824799,27.80528641,68.8659668,Summer,2
7/26/2027,26.9115963,28.79043579,25.18107986,15.1708374,-0.188227549,101.6529388,4.024299622,4.712621212,148.1060333,146.143219,27.86124039,68.85027313,Summer,2
7/27/2027,26.96089935,28.83668518,25.2352562,15.21536446,-0.187462404,101.6507263,4.017363548,4.702956676,148.0540466,146.0655975,27.91499138,68.83991241,Summer,2
7/28/2027,27.00821495,28.88071442,25.28767967,15.25914764,-0.186586097,101.6486282,4.010488987,4.693399906,147.9595642,145.9521637,27.96653366,68.83457184,Summer,2
7/29/2027,27.05351639,28.9224968,25.33831024,15.30207634,-0.185548276,101.6466751,4.003730774,4.684017658,147.8253021,145.8059082,28.01584053,68.83392334,Summer,2
7/30/2027,27.09676933,28.96202087,25.38709068,15.34402275,-0.184294149,101.6448669,3.99714756,4.674880028,147.6542816,145.6301117,28.06289482,68.83761597,Summer,2
7/31/2027,27.13792419,28.99925613,25.43396568,15.38485718,-0.182764903,101.6432114,3.990798473,4.666056633,147.4500275,145.4284973,28.10766983,68.84526825,Summer,2
8/1/2027,27.1769371,29.03416443,25.47887039,15.42444229,-0.18089807,101.6417236,3.984743118,4.657621384,147.2163696,145.2050629,28.15013504,68.85650635,Summer,2
8/2/2027,27.21375275,29.06671524,25.52173042,15.46263313,-0.178628176,101.6404114,3.97904253,4.649644375,146.9575043,144.9640961,28.19025803,68.87094116,Summer,2
8/3/2027,27.2483139,29.09685898,25.5624752,15.49928284,-0.175887719,101.6392899,3.973755598,4.642198563,146.6778564,144.7101135,28.22799683,68.88816833,Summer,2
8/4/2027,27.28055382,29.12454987,25.60102463,15.53424072,-0.172606945,101.6383514,3.968942165,4.635353088,146.3821716,144.4478149,28.2633152,68.90779114,Summer,2
8/5/2027,27.31040382,29.1497345,25.63729477,15.56735611,-0.168715775,101.637619,3.964660168,4.62917757,146.0753326,144.1820221,28.29616547,68.92941284,Summer,2
8/6/2027,27.33779716,29.17235565,25.67120171,15.5984726,-0.164143205,101.6370773,3.96096468,4.623737335,145.7623749,143.9176636,28.32649994,68.95265961,Summer,2
8/7/2027,27.36265755,29.19235229,25.70265388,15.62744331,-0.158819079,101.6367493,3.957909346,4.619096756,145.4484558,143.6597443,28.35427666,68.9771347,Summer,2
8/8/2027,27.38491058,29.20966721,25.73156166,15.65411758,-0.152673885,101.6366272,3.955544472,4.615314484,145.1387482,143.4131927,28.37943649,69.00248718,Summer,2
8/9/2027,27.40447617,29.22423172,25.7578392,15.67835045,-0.145640507,101.6367111,3.95391655,4.612446785,144.8384399,143.1829224,28.40193176,69.02835083,Summer,2
8/10/2027,27.421278,29.23598099,25.78139305,15.70000076,-0.137654021,101.6370163,3.953068972,4.610543728,144.5527039,142.9737244,28.42170906,69.05441284,Summer,2
8/11/2027,27.4352417,29.24485779,25.80213547,15.71894264,-0.128652975,101.6375275,3.953039646,4.609651089,144.2865295,142.7902527,28.43871498,69.08036804,Summer,2
8/12/2027,27.44629097,29.25078964,25.81997871,15.73504639,-0.118579999,101.6382446,3.953862667,4.609808445,144.0448456,142.6369476,28.45289803,69.10591125,Summer,2
8/13/2027,27.45435333,29.25371552,25.83483887,15.74819756,-0.107382186,101.6391754,3.955566168,4.611049652,143.8323364,142.5180054,28.4642067,69.1308136,Summer,2
8/14/2027,27.45935631,29.25357437,25.84664536,15.75829315,-0.095012136,101.6403046,3.958173275,4.613402367,143.6534424,142.4374084,28.4725914,69.15483093,Summer,2
8/15/2027,27.46123695,29.25030899,25.85531235,15.76523972,-0.081428684,101.6416321,3.961701393,4.616884708,143.5124054,142.3987122,28.47800636,69.17778015,Summer,2
8/16/2027,27.45993805,29.24386978,25.86077881,15.76895523,-0.066596538,101.6431656,3.966161251,4.621512413,143.4130402,142.4052429,28.4804039,69.19948578,Summer,2
8/17/2027,27.45539856,29.23420334,25.86297989,15.76937675,-0.050487883,101.6448746,3.971558571,4.627289295,143.3589172,142.4598236,28.47974777,69.21983337,Summer,2
8/18/2027,27.44757462,29.22127151,25.86186409,15.76644707,-0.03308231,101.6467743,3.97789216,4.634215355,143.3531342,142.5649567,28.47599983,69.23871613,Summer,2
8/19/2027,27.43642616,29.20503998,25.85738754,15.76012993,-0.014367562,101.6488495,3.985153913,4.642280102,143.3984528,142.722702,28.46912956,69.25608826,Summer,2
8/20/2027,27.42191887,29.1854744,25.84950638,15.75040436,0.005660775,101.6510925,3.993330002,4.651467323,143.4971619,142.9346466,28.45911217,69.27191162,Summer,2
8/21/2027,27.40402794,29.16256714,25.83819389,15.73726273,0.026998367,101.6534958,4.002400875,4.661753654,143.651123,143.2019501,28.44592667,69.28619385,Summer,2
8/22/2027,27.38274384,29.1362915,25.82343864,15.72071457,0.049632341,101.656044,4.012339115,4.673107147,143.8617706,143.5252686,28.4295578,69.29898834,Summer,2
8/23/2027,27.35806084,29.10665512,25.80522919,15.70078278,0.073540479,101.6587448,4.023113251,4.685488701,144.1299744,143.9048767,28.40999794,69.31036377,Summer,2
8/24/2027,27.32998466,29.07366943,25.78356743,15.6775074,0.098692112,101.6615677,4.034683228,4.69885397,144.4562073,144.3404846,28.3872509,69.32041931,Summer,2
8/25/2027,27.29853439,29.0373497,25.75847244,15.65095139,0.125047535,101.6645279,4.047007561,4.713149548,144.8404999,144.8314056,28.3613224,69.32928467,Summer,2
8/26/2027,27.26373863,28.99772644,25.72996521,15.62118149,0.152558208,101.6675949,4.060034752,4.728319168,145.2823181,145.3764496,28.33222961,69.33712006,Summer,2
8/27/2027,27.22563362,28.95484161,25.69808578,15.58828545,0.181167066,101.6707764,4.073710918,4.744296551,145.7807159,145.9740295,28.29999161,69.34412384,Summer,2
8/28/2027,27.18427086,28.908741,25.66287994,15.55236435,0.210808277,101.6740494,4.087979317,4.761013985,146.3343353,146.6221466,28.26464462,69.35048676,Summer,2
8/29/2027,27.13971138,28.85949326,25.62440681,15.51353073,0.241408482,101.6774139,4.10277462,4.77839756,146.9413757,147.3184357,28.22622299,69.35643768,Summer,2
8/30/2027,27.09202957,28.80716705,25.58273697,15.47191429,0.272886217,101.6808701,4.118032455,4.796368122,147.5995789,148.0601349,28.1847744,69.36221313,Summer,2
8/31/2027,27.04130363,28.75184631,25.53794861,15.42765236,0.305153131,101.6843872,4.133683205,4.814845085,148.306427,148.8441467,28.14035606,69.36807251,Summer,2
9/1/2027,26.98762894,28.69363022,25.49013138,15.38088989,0.338113666,101.6879807,4.149655342,4.833743572,149.0589905,149.6671295,28.09302902,69.37428284,Autumn,3
9/2/2027,26.93110657,28.63261795,25.43938446,15.33178711,0.371666759,101.6916351,4.165874481,4.852976799,149.8540344,150.5254364,28.04286194,69.38108826,Autumn,3
9/3/2027,26.87184715,28.56892395,25.38581657,15.28050613,0.405705363,101.6953354,4.182267666,4.872456551,150.6880646,151.4152374,27.98993683,69.38878632,Autumn,3
9/4/2027,26.80997276,28.5026741,25.32954216,15.22722054,0.440117925,101.6990891,4.198757648,4.892095089,151.5573578,152.3325043,27.93432999,69.39762878,Autumn,3
9/5/2027,26.74560547,28.43399429,25.27068329,15.17210197,0.474788755,101.7028885,4.215270519,4.911802292,152.4580078,153.2731171,27.87613487,69.40788269,Autumn,3
9/6/2027,26.6788826,28.36301804,25.20936394,15.11533165,0.509598672,101.7067261,4.231730461,4.931491375,153.38591,154.2328186,27.81544685,69.4197998,Autumn,3
9/7/2027,26.60994148,28.28990173,25.14572144,15.05709267,0.544426322,101.7105942,4.248064041,4.951075077,154.3369598,155.2073822,27.75236511,69.4336319,Autumn,3
9/8/2027,26.53892517,28.2147789,25.07989311,14.9975605,0.579148293,101.7144928,4.264201164,4.970469952,155.3069458,156.1925354,27.68699646,69.44960022,Autumn,3
9/9/2027,26.46598244,28.13781357,25.0120182,14.93691444,0.613640666,101.7184219,4.280071735,4.989593029,156.2915649,157.184082,27.61944962,69.46791077,Autumn,3
9/10/2027,26.39126205,28.05915451,24.94223785,14.87533188,0.647779346,101.722374,4.295610428,5.008369446,157.2866974,158.1779022,27.54983521,69.4887619,Autumn,3
9/11/2027,26.3149128,27.97896194,24.8706913,14.81298447,0.681441128,101.7263489,4.310754776,5.026724339,158.288208,159.1700592,27.47826767,69.51231384,Autumn,3
9/12/2027,26.23708916,27.89739609,24.7975235,14.75003242,0.71450454,101.7303391,4.325446606,5.044589996,159.2920532,160.1567535,27.40486526,69.53869629,Autumn,3
9/13/2027,26.1579361,27.81461334,24.7228756,14.68663788,0.746850431,101.7343521,4.339634418,5.061903,160.2944946,161.1344147,27.32974243,69.56801605,Autumn,3
9/14/2027,26.0776062,27.7307663,24.64687729,14.62294769,0.778363526,101.7383881,4.353268623,5.078608513,161.2918091,162.0997925,27.25301361,69.60036469,Autumn,3
9/15/2027,25.9962368,27.64601517,24.56967163,14.55909729,0.808932304,101.7424316,4.366309166,5.094655514,162.2806854,163.0498505,27.17480087,69.63577271,Autumn,3
9/16/2027,25.91397095,27.56049728,24.49138069,14.49521637,0.838450134,101.7464981,4.378718376,5.110002041,163.2579498,163.9819183,27.09521294,69.67425537,Autumn,3
9/17/2027,25.83094025,27.47436523,24.41212082,14.43141747,0.866816223,101.7505722,4.390467644,5.124611855,164.2208252,164.8936615,27.01436234,69.71577454,Autumn,3
9/18/2027,25.74727058,27.38775253,24.33201218,14.36780167,0.893936038,101.7546616,4.401534081,5.138459206,165.1668396,165.7831268,26.93235779,69.76028442,Autumn,3
9/19/2027,25.6630764,27.30078506,24.25115776,14.3044548,0.919722021,101.7587662,4.41190052,5.151523113,166.0938416,166.6487885,26.8493042,69.80769348,Autumn,3
9/20/2027,25.57846832,27.21358109,24.16965294,14.24144745,0.944093943,101.7628784,4.421560287,5.163794518,167.0001526,167.4894409,26.76530075,69.85784149,Autumn,3
9/21/2027,25.49354553,27.12625122,24.08758354,14.17883682,0.966979861,101.7669983,4.430510521,5.17526865,167.8843536,168.3043976,26.68044472,69.9105835,Autumn,3
9/22/2027,25.40839195,27.03889465,24.00502396,14.11665916,0.98831588,101.7711258,4.438756943,5.18595314,168.7455597,169.093338,26.59481812,69.96569824,Autumn,3
9/23/2027,25.32308578,26.95159531,23.92203903,14.05494308,1.008047581,101.7752609,4.446312904,5.195861816,169.5832214,169.8564148,26.50850677,70.02296448,Autumn,3
9/24/2027,25.23768997,26.86442947,23.83867836,13.9936924,1.026129365,101.7793961,4.453198433,5.205016613,170.3971863,170.594162,26.42158127,70.08209991,Autumn,3
9/25/2027,25.1522522,26.77745819,23.75497627,13.93289948,1.042524695,101.7835236,4.459441185,5.213448524,171.1878204,171.3075562,26.33411407,70.14280701,Autumn,3
9/26/2027,25.06681061,26.69072342,23.67096901,13.87253952,1.057207227,101.7876511,4.465075016,5.221196651,171.95578,171.9979553,26.2461586,70.20476532,Autumn,3
9/27/2027,24.98139,26.60425949,23.58665848,13.81257057,1.070159793,101.7917709,4.470139503,5.228307724,172.702179,172.66716,26.15776634,70.2676239,Autumn,3
9/28/2027,24.89599991,26.51808548,23.5020504,13.75293922,1.08137536,101.7958679,4.474683285,5.234834671,173.4285126,173.3172302,26.06898117,70.33098602,Autumn,3
9/29/2027,24.81063271,26.43220901,23.41712952,13.69357681,1.090855718,101.799942,4.478758335,5.240837574,174.1365967,173.9507294,25.9798317,70.39447784,Autumn,3
9/30/2027,24.72527122,26.34660721,23.33186913,13.63439941,1.098612905,101.8039932,4.482422829,5.246384144,174.8286438,174.5704041,25.89034462,70.45767975,Autumn,3
10/1/2027,24.63988495,26.26126862,23.24623108,13.57530975,1.104667902,101.8080063,4.485740662,5.251547337,175.5071259,175.1793365,25.8005352,70.52017212,Autumn,3
10/2/2027,24.5544281,26.17613983,23.16016388,13.51620293,1.10905087,101.8119812,4.488779068,5.256403446,176.1748505,175.7808685,25.71040726,70.58151245,Autumn,3
10/3/2027,24.46884346,26.09117889,23.07360458,13.45696259,1.111799836,101.8159027,4.491611004,5.261036396,176.8348236,176.37854,25.61996078,70.64126587,Autumn,3
10/4/2027,24.38305855,26.00631332,22.98647881,13.39746284,1.112962127,101.8197556,4.494310379,5.26553154,177.4902954,176.976059,25.52918625,70.69898987,Autumn,3
10/5/2027,24.29699707,25.92146301,22.89870453,13.33756828,1.112592459,101.8235474,4.496955872,5.269979477,178.1447296,177.577301,25.43806076,70.75424194,Autumn,3
10/6/2027,24.21055984,25.83653641,22.8101902,13.27714157,1.110752583,101.8272552,4.499628067,5.274469852,178.801651,178.1861725,25.34656143,70.80659485,Autumn,3
10/7/2027,24.12365341,25.75143433,22.72083092,13.21603966,1.107511282,101.8308792,4.502407074,5.279098034,179.4647522,178.8067017,25.25465012,70.85562134,Autumn,3
10/8/2027,24.03615952,25.66603851,22.63051796,13.15411568,1.102942824,101.8343964,4.505375862,5.283957481,180.1377258,179.4428558,25.16229248,70.90092468,Autumn,3
10/9/2027,23.94796181,25.58023453,22.5391407,13.09122276,1.097128034,101.8378067,4.508618355,5.289143085,180.8243408,180.0986176,25.06943512,70.9420929,Autumn,3
10/10/2027,23.85894012,25.49389267,22.44657898,13.02721405,1.090151548,101.8411026,4.512213707,5.294747829,181.5282898,180.7778473,24.97603226,70.97875977,Autumn,3
10/11/2027,23.76896286,25.4068718,22.35270691,12.96194267,1.082102537,101.8442612,4.516243935,5.30086422,182.2531891,181.4842834,24.88202667,71.01059723,Autumn,3
10/12/2027,23.67789268,25.31903458,22.25740433,12.8952713,1.073073149,101.8472748,4.520788193,5.307581902,183.0026093,182.2215271,24.78735352,71.03726959,Autumn,3
10/13/2027,23.5855999,25.23024368,22.16054153,12.82706261,1.06315887,101.8501434,4.525921345,5.314988613,183.7798767,182.9929352,24.69195175,71.05849457,Autumn,3
10/14/2027,23.49194527,25.14034271,22.06199455,12.7571888,1.052456617,101.8528519,4.531716824,5.323165894,184.5882111,183.8016052,24.59575272,71.07402039,Autumn,3
10/15/2027,23.39679527,25.04919434,21.9616394,12.6855278,1.041064382,101.8553925,4.53824234,5.332193375,185.4305573,184.6504517,24.49869537,71.08362579,Autumn,3
10/16/2027,23.30001068,24.95664978,21.85935783,12.61197281,1.029080749,101.8577576,4.545563698,5.342143059,186.3096008,185.5419464,24.40070724,71.08713531,Autumn,3
10/17/2027,23.20146751,24.86256027,21.7550354,12.53642273,1.016604424,101.8599396,4.553739548,5.353084087,187.2277679,186.4783325,24.30171967,71.08441925,Autumn,3
10/18/2027,23.10103607,24.76679611,21.64855957,12.45879173,1.003732443,101.8619385,4.562823296,5.365076065,188.1871185,187.4613647,24.20166779,71.07537079,Autumn,3
10/19/2027,22.99860191,24.66921997,21.53983498,12.37900925,0.99056071,101.863739,4.572863579,5.378174305,189.1894073,188.4925537,24.10048676,71.05994415,Autumn,3
10/20/2027,22.89404678,24.56970596,21.42876434,12.29701424,0.977182925,101.8653488,4.583901405,5.39242506,190.2359772,189.572876,23.99811745,71.03812408,Autumn,3
10/21/2027,22.78727341,24.46813583,21.31526566,12.21276665,0.963689446,101.8667603,4.595972061,5.407867432,191.3278198,190.7029724,23.89449692,71.00995636,Autumn,3
10/22/2027,22.67819023,24.36440277,21.19927025,12.12624073,0.950167656,101.8679733,4.609103203,5.424532413,192.4655151,191.8829803,23.78957748,70.97551727,Autumn,3
10/23/2027,22.56671333,24.25840759,21.08071709,12.03742504,0.936700821,101.868988,4.623313904,5.442441463,193.6492157,193.1126862,23.68330765,70.93493652,Autumn,3
10/24/2027,22.45277786,24.15006638,20.95956039,11.94632912,0.923367739,101.8698196,4.638618469,5.461610317,194.8787079,194.3913116,23.57564735,70.88837433,Autumn,3
10/25/2027,22.3363266,24.03930664,20.83576584,11.85297966,0.910242498,101.8704605,4.655021667,5.482042313,196.1533203,195.717804,23.46655846,70.83605194,Autumn,3
10/26/2027,22.2173214,23.92607307,20.70931816,11.75741959,0.897394001,101.8709259,4.672520638,5.503734112,197.4719696,197.0905762,23.35601616,70.7782135,Autumn,3
10/27/2027,22.09573555,23.81032181,20.58021545,11.65970898,0.88488543,101.8712158,4.691105366,5.526671886,198.8331604,198.5076294,23.24399948,70.71514893,Autumn,3
10/28/2027,21.97156334,23.69202995,20.44847107,11.55992794,0.872774422,101.8713531,4.710757256,5.550835609,200.2350159,199.9665985,23.13049507,70.64720917,Autumn,3
10/29/2027,21.84480858,23.57118607,20.31411743,11.45817184,0.861112356,101.8713455,4.731451511,5.576193333,201.6753235,201.4647522,23.01550293,70.57473755,Autumn,3
10/30/2027,21.71549416,23.44779968,20.17719841,11.35455322,0.849945188,101.8712082,4.753154755,5.602707863,203.1513824,202.9989319,22.89902878,70.49813843,Autumn,3
10/31/2027,21.58366394,23.32189369,20.03777695,11.24919987,0.839311779,101.8709564,4.775826454,5.630330563,204.6602478,204.5657349,22.78108215,70.41783142,Autumn,3
11/1/2027,21.44937706,23.19351387,19.89593506,11.14225578,0.829245329,101.8706131,4.799420357,5.659008026,206.1986847,206.1614075,22.66169739,70.33427429,Autumn,3
11/2/2027,21.31270218,23.06271744,19.7517662,11.03387833,0.81977278,101.8701935,4.823881626,5.688676357,207.7630615,207.7819061,22.54090118,70.24795532,Autumn,3
11/3/2027,21.17373466,22.9295845,19.60538483,10.92423916,0.810915053,101.8697281,4.849151134,5.719267845,209.3496246,209.4230347,22.41874123,70.15934753,Autumn,3
11/4/2027,21.03258133,22.79421234,19.45691681,10.81352043,0.80268693,101.8692398,4.875164032,5.750703812,210.9542389,211.0803375,22.29526901,70.06896973,Autumn,3
11/5/2027,20.88936615,22.65670776,19.30650711,10.70191574,0.795097351,101.8687439,4.901847363,5.782904625,212.5727386,212.7491913,22.1705513,69.9773407,Autumn,3
11/6/2027,20.74422646,22.51720238,19.15430832,10.58962727,0.788150072,101.8682861,4.92912674,5.815781116,214.2006836,214.4249268,22.04465294,69.88499451,Autumn,3
11/7/2027,20.59731865,22.37584305,19.000494,10.47686672,0.781843364,101.8678741,4.956922531,5.84924221,215.8336182,216.1027069,21.91765976,69.79244995,Autumn,3
11/8/2027,20.44880676,22.23278236,18.84524727,10.36385155,0.776170492,101.8675461,4.98514986,5.883190632,217.4670105,217.7777252,21.78965759,69.70025635,Autumn,3
11/9/2027,20.29887009,22.08819771,18.68876076,10.25080109,0.771120191,101.8673325,5.013722897,5.917527199,219.0961609,219.4451904,21.66074371,69.60892487,Autumn,3
11/10/2027,20.14770508,21.94227219,18.53124046,10.13794041,0.766676724,101.8672638,5.042552471,5.952148438,220.7165527,221.1003113,21.53102493,69.51898193,Autumn,3
11/11/2027,19.99550629,21.79520416,18.3728981,10.02549648,0.76282078,101.8673706,5.071547031,5.986951351,222.3236542,222.7384186,21.40060806,69.43093872,Autumn,3
11/12/2027,19.84249115,21.64719772,18.21395874,9.913694382,0.759529829,101.8676758,5.100615501,6.021828651,223.9129486,224.3549652,21.26960754,69.34528351,Autumn,3
11/13/2027,19.68887329,21.49847412,18.05464363,9.802759171,0.756777465,101.8682098,5.129663467,6.05667448,225.4801788,225.9455566,21.13815117,69.26248169,Autumn,3
11/14/2027,19.53487968,21.34925079,17.89519119,9.692911148,0.754535496,101.8690186,5.158599854,6.091382504,227.0210876,227.5059967,21.00636292,69.18299866,Autumn,3
11/15/2027,19.38074112,21.19976044,17.73583603,9.584362984,0.752773285,101.8701096,5.187331676,6.12584734,228.5317535,229.0323334,20.87437057,69.10723114,Autumn,3
11/16/2027,19.2266922,21.05023956,17.57681656,9.477325439,0.751458585,101.871521,5.215768814,6.159965992,230.0083923,230.520874,20.74231148,69.03559875,Autumn,3
11/17/2027,19.07296181,20.90091896,17.41836929,9.372000694,0.750557899,101.8732834,5.243823051,6.193636894,231.4475403,231.9682465,20.61031723,68.96845245,Autumn,3
11/18/2027,18.91979027,20.75203705,17.26073456,9.268577576,0.750036657,101.8754044,5.271407604,6.226760864,232.845932,233.3713379,20.47852707,68.90612793,Autumn,3
11/19/2027,18.76741028,20.60383606,17.10414505,9.167236328,0.749860168,101.8779297,5.298439026,6.259243965,234.2006836,234.727417,20.34707642,68.84892273,Autumn,3
11/20/2027,18.61605453,20.45654678,16.94883156,9.068146706,0.749993682,101.8808594,5.324839592,6.290996075,235.5092316,236.0341034,20.21610451,68.79708862,Autumn,3
11/21/2027,18.4659481,20.31040001,16.79502106,8.971465111,0.750402808,101.8842163,5.350532055,6.321929455,236.7692566,237.2893219,20.08574295,68.75083923,Autumn,3
11/22/2027,18.31731606,20.16562653,16.64293289,8.87733078,0.751053333,101.8880234,5.375446796,6.351966381,237.9789429,238.4914398,19.95612526,68.7103653,Autumn,3
11/23/2027,18.17036819,20.02244186,16.49277306,8.785870552,0.751913071,101.8922882,5.399518013,6.381029129,239.1367035,239.6392365,19.82738495,68.67579651,Autumn,3
11/24/2027,18.02531242,19.88105965,16.34474564,8.697195053,0.75295037,101.8970184,5.422684193,6.409051418,240.2413635,240.7317657,19.699646,68.64724731,Autumn,3
11/25/2027,17.8823452,19.74168396,16.19903946,8.611402512,0.75413537,101.9022217,5.444891453,6.43596983,241.2922363,241.7685852,19.57303047,68.62475586,Autumn,3
11/26/2027,17.74165344,19.60449982,16.05583572,8.528568268,0.755439937,101.9079056,5.466089725,6.46172905,242.2888184,242.7495575,19.44765472,68.6083374,Autumn,3
11/27/2027,17.60340691,19.46969414,15.91529465,8.448754311,0.756838143,101.9140625,5.486237526,6.486279964,243.2310638,243.6749115,19.32363319,68.59799194,Autumn,3
11/28/2027,17.46776772,19.33743095,15.77757168,8.372005463,0.758305907,101.9206848,5.505297661,6.509583473,244.119278,244.5453033,19.20106888,68.59364319,Autumn,3
11/29/2027,17.33488274,19.20785904,15.64280319,8.29834938,0.759821713,101.9277802,5.523239136,6.531602859,244.9541168,245.3615875,19.08005905,68.59518433,Autumn,3
11/30/2027,17.20488167,19.08112335,15.51111126,8.227797508,0.76136601,101.9353256,5.540039063,6.552314758,245.7365265,246.1250458,18.96069336,68.60250092,Autumn,3
12/1/2027,17.07788467,18.95733833,15.38260365,8.16034317,0.762921989,101.943306,5.555680752,6.571697712,246.4677887,246.837326,18.84305763,68.61540985,Winter,0
12/2/2027,16.95399094,18.83661652,15.25737,8.095966339,0.764474809,101.9516983,5.57015276,6.589741707,247.1494598,247.5001526,18.72722626,68.63371277,Winter,0
12/3/2027,16.83328438,18.71904564,15.13548565,8.034628868,0.766012251,101.960495,5.583451748,6.606441498,247.7833405,248.1156311,18.61326218,68.65718079,Winter,0
12/4/2027,16.71583557,18.60469627,15.01700783,7.976279259,0.767524421,101.9696579,5.595578671,6.6218009,248.3714752,248.6860657,18.50122833,68.68554688,Winter,0
12/5/2027,16.60169792,18.49362946,14.90197754,7.920852661,0.769003153,101.9791565,5.60654211,6.635828018,248.916153,249.2138977,18.3911705,68.71855164,Winter,0
12/6/2027,16.49090385,18.38588333,14.79042053,7.868268967,0.770442963,101.9889603,5.616356373,6.648540974,249.4197845,249.701767,18.28313065,68.75587463,Winter,0
12/7/2027,16.38348007,18.28147888,14.68234634,7.818439484,0.771839797,101.9990387,5.625040054,6.659961224,249.8849335,250.152359,18.17713928,68.79719543,Winter,0
12/8/2027,16.27942467,18.18042183,14.5777483,7.771259785,0.773191512,102.009346,5.632619858,6.670118332,250.3142548,250.5685272,18.0732193,68.84217072,Winter,0
12/9/2027,16.17873001,18.08270836,14.47660542,7.726622581,0.774497449,102.0198441,5.63912344,6.679045677,250.7105865,250.9531708,17.97138977,68.89045715,Winter,0
12/10/2027,16.0813694,17.98830795,14.3788805,7.684404373,0.775758505,102.0304794,5.64458704,6.686784267,251.0766144,251.3090668,17.8716526,68.9417038,Winter,0
12/11/2027,15.98730278,17.89718246,14.28452396,7.644479752,0.776976347,102.0412216,5.649048805,6.693377018,251.4152374,251.6391602,17.7740097,68.99552917,Winter,0
12/12/2027,15.89647675,17.80927658,14.19347382,7.606715202,0.778153539,102.0520096,5.652551174,6.69887352,251.7292175,251.9462585,17.67845535,69.05157471,Winter,0
12/13/2027,15.8088274,17.72452545,14.10565376,7.570973873,0.779293597,102.0627899,5.6551404,6.703325748,252.0212708,252.2330017,17.58496857,69.10946655,Winter,0
12/14/2027,15.7242775,17.64285278,14.02097702,7.537116051,0.780400395,102.0735245,5.656864643,6.706789017,252.2940369,252.5020752,17.49353218,69.16884613,Winter,0
12/15/2027,15.64274025,17.56416512,13.93934917,7.504997253,0.78147763,102.0841599,5.657775879,6.709322929,252.5500946,252.7559204,17.40411377,69.22934723,Winter,0
12/16/2027,15.56411552,17.48836517,13.86066532,7.474474907,0.782529056,102.094635,5.657928467,6.710987091,252.7918091,252.9968109,17.31668472,69.2906189,Winter,0
12/17/2027,15.48830223,17.41534233,13.78480911,7.445407867,0.783558369,102.1049042,5.657375813,6.711843967,253.0214386,253.2269135,17.23120499,69.35232544,Winter,0
12/18/2027,15.41518497,17.34498215,13.71166515,7.417655945,0.784568727,102.1149063,5.65617466,6.711956978,253.2409515,253.4480743,17.14763069,69.41413879,Winter,0
12/19/2027,15.34464836,17.27716446,13.64110565,7.391080856,0.785562396,102.1245956,5.654382229,6.711391926,253.452301,253.661972,17.06591797,69.47573853,Winter,0
12/20/2027,15.27657127,17.21176529,13.57300377,7.365550518,0.786540866,102.1339264,5.65205431,6.7102108,253.6570129,253.8700409,16.98601723,69.5368576,Winter,0
12/21/2027,15.21082687,17.14864922,13.50722694,7.340938568,0.787504315,102.1428452,5.6492486,6.708478928,253.8564453,254.0734406,16.90787506,69.59720612,Winter,0
12/22/2027,15.14729023,17.08769226,13.44364548,7.317124367,0.788452268,102.1513062,5.646019936,6.70625782,254.0518036,254.2731171,16.83144379,69.65653229,Winter,0
12/23/2027,15.08583164,17.02875519,13.38212013,7.293994904,0.789382696,102.159256,5.64242363,6.703611374,254.2438812,254.4696503,16.75666428,69.71461487,Winter,0
12/24/2027,15.02632713,16.97171402,13.32252312,7.271445274,0.790291905,102.1666641,5.638513565,6.70059824,254.4333344,254.6635132,16.68348312,69.77125549,Winter,0
12/25/2027,14.96864891,16.91643715,13.26472378,7.249379158,0.791175008,102.1734848,5.634339333,6.697276115,254.6204834,254.8547058,16.61185074,69.8262558,Winter,0
12/26/2027,14.91267681,16.86279678,13.20859528,7.22770977,0.792026043,102.1796799,5.629952431,6.693700314,254.8054199,255.0431366,16.54170799,69.87947845,Winter,0
12/27/2027,14.85829163,16.81067657,13.15401363,7.206361771,0.792836487,102.1852188,5.625398159,6.689924717,254.9879608,255.2283936,16.4730072,69.93078613,Winter,0
12/28/2027,14.80538177,16.75995636,13.10086441,7.185267448,0.793597639,102.1900711,5.620720387,6.685996532,255.1677399,255.4098511,16.40569687,69.98008728,Winter,0
12/29/2027,14.7538414,16.71053123,13.04903507,7.164372444,0.794298112,102.1942215,5.615961075,6.681962967,255.3440857,255.5866394,16.33973312,70.02728271,Winter,0
12/30/2027,14.70357037,16.66230011,12.99842167,7.143632412,0.794926107,102.1976318,5.611156464,6.677865028,255.5160675,255.7576752,16.27506828,70.07232666,Winter,0
12/31/2027,14.65447807,16.6151638,12.94892979,7.123011589,0.795468271,102.2002945,5.606342316,6.673742294,255.682724,255.9216919,16.21166611,70.11520386,Winter,0
1/1/2028,14.60647869,16.56904602,12.90047073,7.102488518,0.795909941,102.2022018,5.601549149,6.669627666,255.8427124,256.07724,16.14948654,70.15589142,Winter,0
1/2/2028,14.55950165,16.52386856,12.85296822,7.082048416,0.796235502,102.2033386,5.596803665,6.665552616,255.9946442,256.2228088,16.08849716,70.19441223,Winter,0
1/3/2028,14.51348019,16.47957039,12.80635262,7.061689377,0.79642874,102.2037048,5.592129707,6.661541939,256.1369934,256.3566589,16.02866936,70.23081207,Winter,0
1/4/2028,14.4683609,16.4360981,12.76056767,7.041419029,0.796472728,102.2033005,5.587545872,6.657618999,256.2680359,256.4770508,15.96998215,70.26513672,Winter,0
1/5/2028,14.42409706,16.39340973,12.71556282,7.021252632,0.796350062,102.2021408,5.583069801,6.653800011,256.3860168,256.5820923,15.91241455,70.29747009,Winter,0
1/6/2028,14.3806572,16.35147476,12.67130184,7.001216888,0.796043158,102.2002335,5.578712463,6.650098801,256.4891357,256.6699524,15.85595322,70.32790375,Winter,0
1/7/2028,14.33802032,16.31027222,12.62775612,6.981343269,0.795534134,102.1975861,5.574482441,6.646524429,256.5755005,256.738678,15.80058956,70.35653687,Winter,0
1/8/2028,14.29616928,16.26979637,12.58490944,6.961672783,0.794805884,102.1942291,5.57038641,6.643082142,256.6433411,256.7864685,15.74631691,70.38349915,Winter,0
1/9/2028,14.25510216,16.23004913,12.54275703,6.942253113,0.79384172,102.1901855,5.566423416,6.639774799,256.6906738,256.8114929,15.69313622,70.40892792,Winter,0
1/10/2028,14.21482468,16.19104385,12.50130081,6.923134804,0.792625368,102.1854782,5.56259346,6.636598587,256.7157898,256.8120117,15.64105415,70.43295288,Winter,0
1/11/2028,14.17535686,16.15280342,12.46055412,6.904378891,0.79114145,102.1801529,5.55889082,6.633548737,256.7169495,256.786377,15.59008026,70.45573425,Winter,0
1/12/2028,14.13672352,16.11536407,12.42053986,6.886042595,0.78937602,102.1742325,5.555307865,6.630615234,256.6925354,256.7331543,15.54022408,70.47740936,Winter,0
1/13/2028,14.09895706,16.07876587,12.38128662,6.86819315,0.787316501,102.1677704,5.551834583,6.62778759,256.6410522,256.6509094,15.49151039,70.49815369,Winter,0
1/14/2028,14.06210327,16.0430603,12.34283829,6.850897789,0.784951985,102.1607971,5.548457623,6.625049591,256.5611267,256.5385437,15.44395542,70.51811981,Winter,0
1/15/2028,14.02621078,16.00830841,12.30523872,6.83422184,0.782273114,102.1533661,5.545161247,6.622385502,256.4515991,256.394989,15.39758492,70.53746796,Winter,0
1/16/2028,13.99133682,15.97457504,12.26854038,6.818234444,0.779272616,102.1455307,5.541928291,6.619774342,256.3114319,256.2195129,15.35242844,70.55635071,Winter,0
1/17/2028,13.95754242,15.94193268,12.23280716,6.803002357,0.775945365,102.1373291,5.538739681,6.617196083,256.1399231,256.0115051,15.3085146,70.57493591,Winter,0
1/18/2028,13.92489433,15.91045666,12.19809914,6.788592815,0.77228868,102.1288147,5.535574913,6.614626408,255.9364319,255.7707062,15.26587677,70.59336853,Winter,0
1/19/2028,13.89346504,15.880229,12.16448975,6.775069237,0.768301904,102.1200485,5.532412052,6.61204195,255.7005768,255.4970245,15.2245512,70.61178589,Winter,0
1/20/2028,13.86333084,15.85133553,12.13204956,6.762490273,0.763987005,102.1110764,5.529227734,6.609416485,255.4322815,255.1905365,15.18457317,70.63032532,Winter,0
1/21/2028,13.83456326,15.82386017,12.10085678,6.750914574,0.759348452,102.1019592,5.525999546,6.606725216,255.1316223,254.8517303,15.14597702,70.64912415,Winter,0
1/22/2028,13.80724525,15.79789162,12.0709877,6.740393639,0.75439322,102.0927429,5.522702217,6.60394001,254.7990112,254.4812012,15.10880375,70.66830444,Winter,0
1/23/2028,13.78145409,15.7735157,12.04251862,6.730976105,0.749130607,102.0834885,5.519312859,6.601035118,254.4349365,254.0798645,15.07308865,70.68796539,Winter,0
1/24/2028,13.757267,15.75082207,12.01553154,6.722702026,0.743572712,102.0742493,5.515806675,6.597982883,254.0403137,253.6487885,15.03886795,70.70820618,Winter,0
1/25/2028,13.73476124,15.72988987,11.99010372,6.715609074,0.737733901,102.0650635,5.512159824,6.594758987,253.6161957,253.1893463,15.00618076,70.72912598,Winter,0
1/26/2028,13.71401119,15.71080685,11.96630955,6.70972681,0.731630683,102.0559921,5.508348942,6.591335297,253.1637878,252.7030792,14.97506142,70.75079346,Winter,0
1/27/2028,13.69508648,15.69364452,11.94422436,6.705078125,0.725281894,102.047081,5.50435257,6.587688446,252.6845856,252.1917419,14.94554138,70.77326965,Winter,0
1/28/2028,13.67805672,15.67848015,11.92391777,6.701680183,0.718708515,102.0383682,5.500147343,6.583795071,252.1802673,251.6572113,14.91765404,70.7966156,Winter,0
1/29/2028,13.66298294,15.66537857,11.9054594,6.699542046,0.711933255,102.029892,5.495714188,6.579631329,251.6526184,251.1015625,14.89142799,70.82087708,Winter,0
1/30/2028,13.64992332,15.65440178,11.88890743,6.69866848,0.704980314,102.0217056,5.491033554,6.575176716,251.1036377,250.5269775,14.86688995,70.84607697,Winter,0
1/31/2028,13.63892937,15.64560223,11.87432289,6.699055672,0.69787544,102.0138321,5.486087799,6.570411205,250.5354004,249.93573,14.84406567,70.87224579,Winter,0
2/1/2028,13.63004875,15.63902855,11.86175728,6.700693607,0.690645695,102.0063095,5.48086071,6.565319061,249.9501343,249.3302002,14.82297611,70.89939117,Winter,0
2/2/2028,13.62331772,15.63471794,11.85125446,6.703566074,0.683318853,101.9991531,5.475337029,6.55988121,249.3500671,248.7127838,14.8036375,70.92751312,Winter,0
2/3/2028,13.61876488,15.63270187,11.84285736,6.707652092,0.675923407,101.9923935,5.46950531,6.554086208,248.7375336,248.0859222,14.78606415,70.95661163,Winter,0
2/4/2028,13.61642265,15.63300323,11.83659744,6.712924004,0.668488026,101.9860535,5.463353634,6.547920704,248.1149292,247.4520416,14.7702713,70.98666382,Winter,0
2/5/2028,13.61629868,15.63563061,11.8324976,6.719349861,0.661041617,101.9801331,5.456873417,6.541375637,247.4845276,246.8135223,14.75626373,71.01766205,Winter,0
2/6/2028,13.6184063,15.64059258,11.83058167,6.726891518,0.653612733,101.9746552,5.450057983,6.534442425,246.8486633,246.172699,14.74404526,71.04957581,Winter,0
2/7/2028,13.62274647,15.64787865,11.83086109,6.735507488,0.646229506,101.9696198,5.442900658,6.527115345,246.209549,245.531723,14.73362064,71.0823822,Winter,0
2/8/2028,13.62931061,15.65747833,11.83333778,6.745156288,0.638918817,101.9650269,5.435399532,6.51939106,245.5693512,244.892746,14.72498226,71.1160202,Winter,0
2/9/2028,13.63808346,15.66937065,11.83801079,6.755787849,0.631706536,101.9608688,5.427553654,6.511268139,244.9300842,244.2577057,14.71812916,71.15048218,Winter,0
2/10/2028,13.64904499,15.68351746,11.84486961,6.767355919,0.624617398,101.9571381,5.419362545,6.502747059,244.2936401,243.6283264,14.71304893,71.18571472,Winter,0
2/11/2028,13.66216469,15.69988441,11.85390282,6.779806137,0.617674172,101.9538269,5.410830021,6.493830681,243.6617737,243.0062256,14.70973206,71.22168732,Winter,0
2/12/2028,13.67740726,15.71842003,11.86508083,6.793087959,0.610897422,101.9509125,5.401959896,6.484523296,243.0359344,242.3927155,14.70816231,71.25834656,Winter,0
2/13/2028,13.69472885,15.73907375,11.87838078,6.807149887,0.604305804,101.9483719,5.392757893,6.474831581,242.417511,241.7889099,14.70832253,71.29566956,Winter,0
2/14/2028,13.71408081,15.76178169,11.8937664,6.821943283,0.59791553,101.9461899,5.383233547,6.464763641,241.8075867,241.1957245,14.71019554,71.33360291,Winter,0
2/15/2028,13.73540878,15.78647614,11.91119576,6.83741188,0.591739893,101.9443283,5.373394489,6.454329967,241.2069702,240.6136475,14.71375656,71.37212372,Winter,0
2/16/2028,13.75865555,15.81308365,11.93062782,6.853511333,0.585789919,101.9427567,5.36325264,6.443542004,240.6163177,240.043045,14.7189827,71.41119385,Winter,0
2/17/2028,13.78375626,15.84152603,11.95200729,6.870192528,0.580073059,101.9414444,5.352820396,6.432412624,240.0358887,239.4839172,14.7258482,71.45078278,Winter,0
2/18/2028,13.81064224,15.87172031,11.97528744,6.887413979,0.574594319,101.9403534,5.342111588,6.420957088,239.4658051,238.9360504,14.73432827,71.49087524,Winter,0
2/19/2028,13.83924675,15.90358353,12.00040627,6.905134201,0.569355369,101.9394379,5.331141472,6.409191608,238.905777,238.3988495,14.74439621,71.53143311,Winter,0
2/20/2028,13.86949539,15.93702507,12.02730846,6.923317432,0.564354897,101.9386673,5.319925785,6.39713192,238.3553772,237.8714752,14.75602245,71.57245636,Winter,0
2/21/2028,13.90131092,15.97195911,12.05593109,6.941929817,0.559588134,101.9379883,5.30848217,6.38479805,237.8138123,237.3528595,14.76917839,71.61392212,Winter,0
2/22/2028,13.93462086,16.00828934,12.08620644,6.960943699,0.55504775,101.9373627,5.296828747,6.372207642,237.2800293,236.841568,14.78383732,71.65583801,Winter,0
2/23/2028,13.96934891,16.04593277,12.11807442,6.980336189,0.550723016,101.9367523,5.284984112,6.359382153,236.7527771,236.3360138,14.79996872,71.69818115,Winter,0
2/24/2028,14.00541687,16.08479309,12.15147114,7.000087261,0.546600699,101.9361038,5.272969246,6.346341133,236.230484,235.834259,14.81754589,71.7409668,Winter,0
2/25/2028,14.04275322,16.12478447,12.18632698,7.020183563,0.542664409,101.935379,5.260802269,6.333107471,235.711441,235.334259,14.83654404,71.78419495,Winter,0
2/26/2028,14.08128166,16.16582298,12.22257996,7.040615559,0.538895488,101.9345245,5.248504639,6.319702148,235.193573,234.8337097,14.85693359,71.82787323,Winter,0
2/27/2028,14.12093163,16.20782089,12.26016426,7.06138134,0.535272837,101.9335098,5.236098766,6.306147575,234.6748047,234.3301086,14.87869263,71.87200928,Winter,0
2/28/2028,14.16163349,16.2507,12.29901981,7.082479954,0.531773269,101.9322891,5.223604202,6.292467594,234.1528015,233.8208771,14.90179443,71.91661072,Winter,0
2/29/2028,14.20332146,16.294384,12.33908463,7.103916168,0.528371692,101.9308243,5.211044312,6.278685093,233.625061,233.3032684,14.92621899,71.9617157,Winter,0
3/1/2028,14.24593544,16.33880234,12.38030052,7.125702381,0.52504164,101.9290695,5.198439121,6.264822006,233.0890198,232.7745209,14.95194626,72.00730896,Spring,1
3/2/2028,14.28941154,16.38389015,12.42261124,7.14785099,0.521755099,101.9270096,5.18581152,6.250902653,232.542038,232.2317047,14.97895527,72.05342865,Spring,1
3/3/2028,14.33369827,16.4295826,12.46596718,7.170380592,0.518483341,101.9245911,5.173182964,6.236950874,231.9813538,231.671936,15.00723076,72.10007477,Spring,1
3/4/2028,14.37874699,16.47583008,12.51031494,7.193311691,0.51519686,101.9218063,5.160574913,6.222987652,231.4043121,231.0923309,15.03675652,72.1472702,Spring,1
3/5/2028,14.42451096,16.52257919,12.5556097,7.216670036,0.511866331,101.9186096,5.14800787,6.209038734,230.8081207,230.4901123,15.06752014,72.19501495,Spring,1
3/6/2028,14.47094917,16.56978989,12.60181046,7.24048233,0.508462191,101.9149933,5.135505199,6.195124149,230.1901398,229.8624878,15.09950829,72.24332428,Spring,1
3/7/2028,14.51802635,16.61742401,12.64887714,7.26477623,0.504955351,101.9109344,5.123085022,6.181268692,229.54776,229.2068024,15.13271046,72.29219818,Spring,1
3/8/2028,14.56571388,16.66545296,12.69677544,7.28958416,0.501317978,101.9064255,5.110769272,6.16749239,228.8785095,228.5206451,15.16711998,72.34164429,Spring,1
3/9/2028,14.61398506,16.71385193,12.74547195,7.314936638,0.497522831,101.9014435,5.098577023,6.153818607,228.1800537,227.8016357,15.20273018,72.39163208,Spring,1
3/10/2028,14.66281891,16.76260567,12.7949419,7.340863228,0.493544936,101.8959961,5.086527348,6.140266895,227.4502106,227.0477448,15.23953533,72.44216919,Spring,1
3/11/2028,14.71220207,16.81170082,12.84515953,7.367398739,0.489360571,101.8900681,5.074639797,6.126859188,226.6870422,226.2570648,15.27752781,72.49324036,Spring,1
3/12/2028,14.76211929,16.86113167,12.89610481,7.394572258,0.484948575,101.8836823,5.062931061,6.113613129,225.8887177,225.4280243,15.31670856,72.54479218,Spring,1
3/13/2028,14.81256866,16.91090202,12.94776154,7.422413826,0.480289996,101.8768234,5.051420212,6.100550652,225.0538788,224.5593262,15.35707378,72.59681702,Spring,1
3/14/2028,14.86354637,16.96101379,13.0001173,7.450951576,0.475369245,101.8695145,5.040122032,6.087687969,224.1812286,223.6499634,15.39862251,72.64926147,Spring,1
3/15/2028,14.91505432,17.01147842,13.05315971,7.480208397,0.470172942,101.8617783,5.029052734,6.075044155,223.2698364,222.699295,15.44135284,72.70207214,Spring,1
3/16/2028,14.96709442,17.06231117,13.1068821,7.510209084,0.464691341,101.8536148,5.018227577,6.062633991,222.3191681,221.706955,15.48526573,72.75520325,Spring,1
3/17/2028,15.01967812,17.11352921,13.16127968,7.540972233,0.458917916,101.8450623,5.007659435,6.050475597,221.3289032,220.6730347,15.53035641,72.80857849,Spring,1
3/18/2028,15.07281685,17.16515732,13.21634769,7.57251358,0.452850014,101.8361359,4.99736166,6.038580894,220.2990723,219.5978699,15.57662773,72.86212921,Spring,1
3/19/2028,15.12652206,17.21722031,13.2720871,7.60484457,0.446488231,101.8268814,4.987346172,6.026966095,219.2301331,218.482193,15.62407875,72.91576385,Spring,1
3/20/2028,15.18080807,17.26974106,13.3285017,7.637972832,0.43983683,101.8173141,4.977623463,6.015640736,218.1227722,217.3271637,15.6727047,72.96940613,Spring,1
3/21/2028,15.23569679,17.32275391,13.3855896,7.671902657,0.432903856,101.8074799,4.968202591,6.004617214,216.9781036,216.1342163,15.72250652,73.02294922,Spring,1
3/22/2028,15.29120255,17.37628937,13.44335747,7.706630707,0.425701231,101.7974167,4.959091187,5.993906498,215.7975159,214.9052277,15.77347851,73.07630157,Spring,1
3/23/2028,15.34734535,17.43037415,13.50180721,7.742152214,0.418244332,101.7871628,4.950297832,5.983514786,214.5828094,213.6423035,15.82561684,73.12935638,Spring,1
3/24/2028,15.40414524,17.48504639,13.56094837,7.778455734,0.410551727,101.7767563,4.94182682,5.973449707,213.3360291,212.3479309,15.87891674,73.18199158,Spring,1
3/25/2028,15.46162033,17.54033279,13.62078476,7.815527439,0.402645737,101.7662506,4.933681965,5.963716507,212.0595551,211.0249176,15.93337059,73.23410797,Spring,1
3/26/2028,15.51978874,17.59626389,13.68132114,7.853344917,0.394551754,101.7556915,4.925866604,5.954319477,210.756073,209.6763153,15.9889679,73.28557587,Spring,1
3/27/2028,15.57867241,17.65287018,13.74256611,7.891886711,0.386298031,101.7451096,4.918380737,5.945259571,209.4284821,208.3054504,16.04570198,73.33627319,Spring,1
3/28/2028,15.63828659,17.71017838,13.80452251,7.931123734,0.37791568,101.7345657,4.911225319,5.936536789,208.0799866,206.9158936,16.1035614,73.38610077,Spring,1
3/29/2028,15.69864464,17.76821709,13.86719704,7.97102499,0.369437695,101.7241058,4.904397488,5.9281497,206.713974,205.5113525,16.16253281,73.43492889,Spring,1
3/30/2028,15.75976563,17.82700348,13.93059444,8.011553764,0.360899687,101.713768,4.897892952,5.920094967,205.3339539,204.0957794,16.22260094,73.4826355,Spring,1
3/31/2028,15.82165909,17.88656425,13.99471855,8.05267334,0.352338791,101.7036057,4.891706467,5.912366867,203.9436798,202.6731873,16.28375053,73.52911377,Spring,1
4/1/2028,15.88433838,17.94691467,14.05957222,8.094343185,0.343793303,101.6936569,4.885830879,5.904957771,202.5469513,201.2477264,16.34596634,73.57426453,Spring,1
4/2/2028,15.94781113,18.00806808,14.12515831,8.136522293,0.335302353,101.6839752,4.88025713,5.897857189,201.1477203,199.8235321,16.40922737,73.61797333,Spring,1
4/3/2028,16.01208687,18.07003784,14.19147873,8.179164886,0.326905936,101.6745911,4.874973774,5.891055584,199.7498627,198.4048157,16.47351646,73.66015625,Spring,1
4/4/2028,16.07716751,18.13283157,14.25853539,8.222229004,0.318643838,101.6655502,4.869969368,5.884536743,198.3574066,196.9957428,16.53881264,73.70071411,Spring,1
4/5/2028,16.14305878,18.19645309,14.32632637,8.265668869,0.310555398,101.6568909,4.865228653,5.878286362,196.9742279,195.6003876,16.605093,73.73957825,Spring,1
4/6/2028,16.20976067,18.26090622,14.39485359,8.30944252,0.302679449,101.6486435,4.860735416,5.872285843,195.6041718,194.2227783,16.67234039,73.77667999,Spring,1
4/7/2028,16.27727318,18.32618904,14.4641161,8.353506088,0.295053244,101.6408463,4.856471539,5.86651516,194.2509918,192.8666992,16.7405262,73.81195831,Spring,1
4/8/2028,16.34559631,18.39229584,14.53411293,8.397819519,0.287712425,101.6335297,4.852418423,5.860952854,192.9182739,191.5358276,16.80963707,73.84537506,Spring,1
4/9/2028,16.41472626,18.4592247,14.60484219,8.442344666,0.280690789,101.626709,4.848553658,5.855574608,191.609436,190.2335815,16.87964439,73.87689972,Spring,1
4/10/2028,16.48465729,18.52695847,14.67630196,8.487045288,0.274019152,101.6204224,4.844854355,5.850354671,190.3276062,188.9631653,16.95053101,73.90650177,Spring,1
4/11/2028,16.55538368,18.59549522,14.7484951,8.531894684,0.267725796,101.6146774,4.841296196,5.845264435,189.0758057,187.7274323,17.02227592,73.93418884,Spring,1
4/12/2028,16.62689972,18.66481781,14.8214159,8.576861382,0.261835575,101.6094971,4.837853909,5.840275764,187.8567047,186.5289612,17.09486008,73.95995331,Spring,1
4/13/2028,16.69919968,18.73490906,14.89506721,8.621925354,0.256369859,101.6048889,4.834499359,5.835357189,186.6725922,185.3700104,17.16826439,73.98383331,Spring,1
4/14/2028,16.77227783,18.80575943,14.96945,8.667068481,0.251345932,101.6008682,4.831204414,5.830475807,185.5255585,184.2524414,17.2424736,74.00585175,Spring,1
4/15/2028,16.84612656,18.87734985,15.04456615,8.712282181,0.246777162,101.5974426,4.82793951,5.825598717,184.4172974,183.1777344,17.31747627,74.02606201,Spring,1
4/16/2028,16.92074203,18.94966316,15.1204195,8.75756073,0.242672399,101.5946045,4.824674129,5.820689678,183.3490906,182.1469879,17.39325714,74.04452515,Spring,1
4/17/2028,16.99611664,19.02268982,15.19701576,8.802903175,0.239035845,101.5923538,4.821377277,5.815713882,182.3218994,181.1608887,17.46981049,74.06130981,Spring,1
4/18/2028,17.07225037,19.09640884,15.27435875,8.848320007,0.235867202,101.5906906,4.818017006,5.81063509,181.3362427,180.219696,17.54712677,74.07650757,Spring,1
4/19/2028,17.14914131,19.17081261,15.35245991,8.893825531,0.233161181,101.5896072,4.814561367,5.805416107,180.3923035,179.3232574,17.62520409,74.09020233,Spring,1
4/20/2028,17.22678947,19.24588776,15.43132877,8.939441681,0.230908066,101.5890808,4.810976982,5.800018311,179.4898071,178.4709778,17.70404243,74.10250854,Spring,1
4/21/2028,17.30519295,19.32162285,15.51097775,8.985197067,0.229092732,101.5891113,4.80723238,5.79440546,178.6281433,177.661911,17.78364182,74.11354065,Spring,1
4/22/2028,17.38436127,19.39801407,15.59142399,9.031126022,0.227695733,101.5896759,4.803294659,5.788540363,177.8062897,176.8946686,17.86401367,74.12341309,Spring,1
4/23/2028,17.46430016,19.47505951,15.67268276,9.077270508,0.226692721,101.5907516,4.79913187,5.782385349,177.0228271,176.1674957,17.94516563,74.1322403,Spring,1
4/24/2028,17.54502106,19.55275345,15.75477505,9.123679161,0.226055264,101.5923157,4.794713974,5.775906563,176.2759705,175.4782104,18.02711105,74.14016724,Spring,1
4/25/2028,17.62653351,19.63110352,15.83772469,9.170406342,0.225749999,101.5943451,4.790008545,5.769066334,175.5636597,174.8243866,18.10986519,74.14732361,Spring,1
4/26/2028,17.70885468,19.71011734,15.92155361,9.217510223,0.22574006,101.596817,4.784987926,5.761832714,174.8834534,174.203186,18.19345093,74.15383148,Spring,1
4/27/2028,17.79200554,19.78979874,16.00629044,9.265055656,0.225984529,101.5996933,4.779623985,5.754173279,174.2325897,173.6115417,18.27789116,74.15982056,Spring,1
4/28/2028,17.87600517,19.87017059,16.09196854,9.313112259,0.226439297,101.602951,4.773890495,5.746058464,173.6081085,173.0460663,18.36321449,74.16542053,Spring,1
4/29/2028,17.96088028,19.95125198,16.17861176,9.361751556,0.227057174,101.6065521,4.767762184,5.737457752,173.0068207,172.5032349,18.44945145,74.17075348,Spring,1
4/30/2028,18.04665756,20.03306007,16.26625824,9.411052704,0.227788195,101.6104736,4.761218071,5.728348255,172.4252625,171.9792328,18.53663445,74.17592621,Spring,1
5/1/2028,18.13336945,20.1156292,16.35494232,9.461090088,0.228580281,101.6146851,4.754236221,5.718705177,171.8598785,171.4702301,18.62479973,74.18105316,Spring,1
5/2/2028,18.22104454,20.19898605,16.44469833,9.511945724,0.229379877,101.619133,4.746800423,5.708509445,171.3069611,170.9721985,18.71398544,74.18621826,Spring,1
5/3/2028,18.3097229,20.28317261,16.53556633,9.563697815,0.230132088,101.6238022,4.738893986,5.697742939,170.7627411,170.4810638,18.80423164,74.19150543,Spring,1
5/4/2028,18.39944077,20.36822128,16.62757874,9.616431236,0.230781019,101.6286545,4.730505943,5.686391354,170.2234039,169.9927521,18.89558411,74.19697571,Spring,1
5/5/2028,18.49023438,20.45417786,16.72077942,9.670221329,0.231270939,101.6336594,4.721626759,5.674446106,169.6850891,169.5032349,18.98808289,74.20269775,Spring,1
5/6/2028,18.58214569,20.5410881,16.81520271,9.72514534,0.231546566,101.6387787,4.712248802,5.661899567,169.144104,169.0085144,19.08177376,74.20868683,Spring,1
5/7/2028,18.67521477,20.6289978,16.91088867,9.781281471,0.231553242,101.6439819,4.70237112,5.648748398,168.5966949,168.504776,19.17670059,74.21497345,Spring,1
5/8/2028,18.76948357,20.71796036,17.00786781,9.838697433,0.231237933,101.6492386,4.69199276,5.63499403,168.0393524,167.988327,19.27290726,74.22154236,Spring,1
5/9/2028,18.86499214,20.80802536,17.10617828,9.897460938,0.230549246,101.6545181,4.681117058,5.620642185,167.4687195,167.4556427,19.37044144,74.2283783,Spring,1
5/10/2028,18.96178055,20.89924622,17.20585251,9.957632065,0.229438588,101.6597977,4.669752121,5.60570097,166.8815918,166.9035034,19.46934128,74.23543549,Spring,1
5/11/2028,19.05988884,20.99167633,17.30691719,10.01926517,0.227860227,101.6650467,4.65790844,5.590184212,166.2750854,166.3289185,19.56964874,74.24264526,Spring,1
5/12/2028,19.15935326,21.0853672,17.40940094,10.082407,0.225771695,101.6702423,4.645600796,5.574110031,165.6465149,165.729248,19.67140579,74.24991608,Spring,1
5/13/2028,19.26020813,21.18037224,17.51332664,10.14709854,0.223134592,101.675354,4.632844925,5.557497978,164.9936523,165.1021729,19.77464676,74.25714111,Spring,1
5/14/2028,19.36248589,21.27673912,17.61871338,10.21336937,0.21991463,101.6803665,4.619662762,5.540373802,164.3144531,164.4457703,19.87940216,74.26419067,Spring,1
5/15/2028,19.46621513,21.37452126,17.72557449,10.28124332,0.216082126,101.6852646,4.606079102,5.522768497,163.6073608,163.7584839,19.98570251,74.27090454,Spring,1
5/16/2028,19.57141876,21.47375679,17.83391571,10.3507309,0.211612463,101.6900253,4.592120171,5.504713058,162.8711853,163.0391846,20.09357452,74.27713013,Spring,1
5/17/2028,19.67811394,21.57449341,17.94374466,10.42183495,0.206486121,101.6946259,4.57781744,5.486243725,162.105072,162.2872009,20.20303345,74.28264618,Spring,1
5/18/2028,19.78631783,21.67676163,18.05506134,10.49454784,0.200689182,101.6990662,4.563204288,5.467401505,161.3087311,161.5023193,20.31409645,74.28726196,Spring,1
5/19/2028,19.89603806,21.78059769,18.16785049,10.56885147,0.194213197,101.7033234,4.548316002,5.44822979,160.4822083,160.6847229,20.42677116,74.29074097,Spring,1
5/20/2028,20.00727844,21.88602829,18.28210068,10.64471626,0.187055543,101.7073975,4.533190727,5.428772449,159.6260071,159.835083,20.54105759,74.29284668,Spring,1
5/21/2028,20.12003136,21.9930687,18.39779091,10.72210121,0.179219514,101.7112732,4.517869949,5.409079552,158.7411346,158.9545441,20.65695572,74.2933197,Spring,1
5/22/2028,20.23428535,22.10173798,18.51488876,10.80095863,0.170714125,101.7149429,4.50239563,5.389200211,157.8289185,158.044632,20.77445221,74.29187775,Spring,1
5/23/2028,20.35002327,22.21203613,18.63336182,10.88122559,0.161554292,101.7184143,4.486812592,5.369187832,156.8912506,157.1074371,20.89352608,74.28826141,Spring,1
5/24/2028,20.46722031,22.32396317,18.75316238,10.96282959,0.151760563,101.7216721,4.471164703,5.349095345,155.9303436,156.1453552,21.01415634,74.28218079,Spring,1
5/25/2028,20.58583832,22.43750954,18.87424088,11.04569244,0.141359046,101.7247238,4.455499649,5.328979015,154.9488373,155.1611938,21.13630676,74.27334595,Spring,1
5/26/2028,20.70583916,22.55265427,18.99653816,11.12972069,0.130381241,101.727562,4.439864159,5.308892727,153.9498138,154.1582031,21.2599411,74.26145935,Spring,1
5/27/2028,20.82716942,22.66937256,19.1199913,11.214818,0.118863888,101.7301941,4.424304962,5.288894176,152.9365997,153.1399384,21.38500404,74.24623871,Spring,1
5/28/2028,20.94977379,22.78762436,19.24452782,11.30087471,0.106848143,101.7326202,4.408870697,5.269037724,151.9129181,152.1102448,21.51144409,74.2273941,Spring,1
5/29/2028,21.07358551,22.90736389,19.37006378,11.38777542,0.094379887,101.734848,4.393606186,5.249379158,150.8827667,151.073288,21.6391964,74.20465088,Spring,1
5/30/2028,21.1985302,23.02853394,19.49651527,11.47540092,0.081508867,101.7368774,4.378558159,5.229972839,149.8503876,150.0334778,21.76819229,74.17773438,Spring,1
5/31/2028,21.32452583,23.15107536,19.62378883,11.56362343,0.068288699,101.7387161,4.363772392,5.21087265,148.8202515,148.9953918,21.89834785,74.14638519,Spring,1
6/1/2028,21.45148468,23.27490807,19.75178528,11.65230846,0.054775678,101.7403717,4.349289894,5.192126751,147.7969971,147.9637909,22.02958298,74.11036682,Summer,2
6/2/2028,21.57931137,23.39995384,19.88040543,11.74132347,0.041028988,101.7418518,4.335154533,5.173785686,146.7854156,146.9435425,22.1618042,74.06944275,Summer,2
6/3/2028,21.70789909,23.52612114,20.00953102,11.83052826,0.027109805,101.7431564,4.321403503,5.155894756,145.7902985,145.9395447,22.29491425,74.02342224,Summer,2
6/4/2028,21.83714676,23.65330887,20.13905525,11.9197855,0.013081061,101.7443008,4.308073997,5.138497829,144.8165894,144.9567871,22.4288063,73.97212219,Summer,2
6/5/2028,21.9669323,23.78141022,20.26885605,12.00895309,-0.000993861,101.7452927,4.295199871,5.121633053,143.8691864,144.0001373,22.56337357,73.91538239,Summer,2
6/6/2028,22.09713936,23.91030884,20.39881516,12.09788895,-0.015050821,101.7461243,4.282811165,5.105336189,142.9528503,143.0744171,22.69850159,73.85307312,Summer,2
6/7/2028,22.22764587,24.03988647,20.5288105,12.18645859,-0.02902589,101.7468262,4.270934582,5.089639664,142.0723419,142.1843262,22.8340683,73.78511047,Summer,2
6/8/2028,22.35832405,24.17001534,20.65871429,12.2745266,-0.042855848,101.7473831,4.259594917,5.074570656,141.2322083,141.3344116,22.96995163,73.71141052,Summer,2
6/9/2028,22.48903847,24.3005619,20.78839874,12.36195946,-0.056479178,101.747818,4.248809814,5.060150623,140.4367981,140.5289764,23.10602951,73.63195801,Summer,2
6/10/2028,22.61966133,24.43138695,20.91774178,12.44863319,-0.069835961,101.7481308,4.238596916,5.04639864,139.6902466,139.7720184,23.24216843,73.5467453,Summer,2
6/11/2028,22.75005531,24.56235123,21.04661369,12.53442764,-0.082869008,101.7483215,4.228965282,5.033327579,138.9963989,139.0673065,23.37824249,73.45581055,Summer,2
6/12/2028,22.88008499,24.69330978,21.17488861,12.61922646,-0.095523492,101.7484055,4.219923973,5.020945072,138.3587646,138.4181976,23.51411819,73.35923767,Summer,2
6/13/2028,23.00961685,24.82411575,21.30244446,12.70292854,-0.107748546,101.7483749,4.211473465,5.009253979,137.7804413,137.8276978,23.64966202,73.25712585,Summer,2
6/14/2028,23.13851547,24.95462418,21.42916298,12.78543282,-0.119497135,101.7482452,4.203613281,4.998251438,137.2642517,137.2984314,23.78474426,73.14964294,Summer,2
6/15/2028,23.26664925,25.08467865,21.5549202,12.86665535,-0.130726293,101.7480164,4.196337223,4.987930775,136.8125153,136.8325348,23.91923523,73.03694916,Summer,2
6/16/2028,23.39388275,25.21413803,21.67960548,12.94651413,-0.141397759,101.7476883,4.189634323,4.97827816,136.4270782,136.4316864,24.0530014,72.91928101,Summer,2
6/17/2028,23.52009392,25.34285355,21.80311203,13.02494621,-0.151478112,101.7472687,4.183490753,4.969276905,136.109314,136.0971375,24.1859169,72.79689789,Summer,2
6/18/2028,23.64515686,25.47068024,21.92533112,13.10189438,-0.160939172,101.7467499,4.177886963,4.960904121,135.860199,135.8296204,24.31786156,72.67008972,Summer,2
6/19/2028,23.76895332,25.59747696,22.04616737,13.17731285,-0.169758514,101.7461395,4.172799587,4.953133106,135.6801453,135.6293182,24.4487114,72.53916931,Summer,2
6/20/2028,23.89137077,25.72310257,22.16552925,13.2511673,-0.177918702,101.7454376,4.168202877,4.945931435,135.5689697,135.4959869,24.57834625,72.4045105,Summer,2
6/21/2028,24.01229668,25.84742355,22.2833271,13.32343674,-0.18540813,101.7446442,4.164066315,4.939265251,135.526123,135.4287567,24.70665741,72.26649475,Summer,2
6/22/2028,24.13162994,25.97031784,22.39948463,13.39410782,-0.192220956,101.7437592,4.160357475,4.933093071,135.5504913,135.4264069,24.83353424,72.12553406,Summer,2
6/23/2028,24.24928093,26.09165573,22.51393509,13.46318626,-0.198356748,101.7427826,4.157038689,4.927374363,135.6403961,135.4870758,24.95887756,71.98206329,Summer,2
6/24/2028,24.36515427,26.2113266,22.62660599,13.5306778,-0.203820899,101.7417068,4.154071808,4.92206192,135.7937775,135.6085663,25.08259392,71.83653259,Summer,2
6/25/2028,24.47917557,26.329216,22.73744965,13.59660912,-0.208623827,101.7405396,4.151414871,4.917108536,136.0079651,135.7880859,25.20458794,71.68943787,Summer,2
6/26/2028,24.59126663,26.44522858,22.84641457,13.66100883,-0.212781444,101.7392731,4.149026871,4.912462711,136.2799377,136.0225067,25.3247757,71.54125214,Summer,2
6/27/2028,24.70136833,26.55926895,22.95346069,13.72392082,-0.216314346,101.737915,4.14686203,4.908074379,136.6062012,136.3082733,25.44308472,71.3924942,Summer,2
6/28/2028,24.80941963,26.67124557,23.05855179,13.78539276,-0.21924749,101.7364578,4.14487505,4.903888226,136.9829102,136.6414337,25.55944061,71.2436676,Summer,2
6/29/2028,24.91537285,26.78108978,23.16166878,13.84548569,-0.221610546,101.7349091,4.143019676,4.899852276,137.405777,137.0177002,25.67378235,71.09528351,Summer,2
6/30/2028,25.01918793,26.8887291,23.26279449,13.90426445,-0.223436654,101.7332535,4.141250134,4.895913124,137.870224,137.4325256,25.78605652,70.94787598,Summer,2
7/1/2028,25.12083054,26.99410248,23.36191368,13.96179962,-0.224762291,101.7315063,4.139521599,4.892017365,138.37146,137.8811035,25.8962059,70.80194092,Summer,2
7/2/2028,25.22027779,27.09716034,23.45902634,14.0181675,-0.225626871,101.7296524,4.137787342,4.888111591,138.9042969,138.3583679,26.00419235,70.65801239,Summer,2
7/3/2028,25.3175087,27.19786072,23.55413628,14.07344818,-0.226071909,101.7277145,4.136004925,4.884147167,139.4634857,138.8591461,26.10998154,70.51656342,Summer,2
7/4/2028,25.41251755,27.29616547,23.64724541,14.1277256,-0.226140931,101.7256699,4.134132385,4.880074978,140.0435791,139.3781433,26.21353912,70.37809753,Summer,2
7/5/2028,25.5052948,27.3920517,23.73837471,14.18108368,-0.225878417,101.7235413,4.132129669,4.87584877,140.6389923,139.9099731,26.31484604,70.24307251,Summer,2
7/6/2028,25.59584427,27.48549271,23.82753754,14.23360825,-0.225329354,101.7213211,4.129959106,4.871426582,141.2441864,140.449295,26.41387939,70.11193085,Summer,2
7/7/2028,25.68417168,27.57648468,23.91476059,14.28538132,-0.224538788,101.719017,4.127587318,4.866768837,141.8535309,140.9907379,26.51062965,69.98510742,Summer,2
7/8/2028,25.77029037,27.66501999,24.00006676,14.33648491,-0.223551512,101.7166367,4.12498188,4.861841679,142.4614868,141.5290527,26.60508537,69.8629837,Summer,2
7/9/2028,25.85421944,27.75109482,24.08348274,14.38699913,-0.222410321,101.7141724,4.122117996,4.856612682,143.0626678,142.0591583,26.69724655,69.74594116,Summer,2
7/10/2028,25.93597603,27.8347168,24.16504478,14.43700027,-0.221156865,101.711647,4.11896944,4.851057529,143.6517487,142.5760956,26.787117,69.63430023,Summer,2
7/11/2028,26.01558304,27.91590118,24.24477959,14.48655319,-0.219829857,101.7090607,4.115519524,4.845154285,144.2236786,143.0751953,26.87469101,69.52836609,Summer,2
7/12/2028,26.09306526,27.99465561,24.32271576,14.53571892,-0.218465462,101.7064133,4.111753464,4.838889122,144.7736359,143.5520477,26.95998383,69.4283905,Summer,2
7/13/2028,26.16844749,28.07100677,24.39888954,14.58455467,-0.217095956,101.7037277,4.107660294,4.832251072,145.2970734,144.0025177,27.04299927,69.33460999,Summer,2
7/14/2028,26.24176025,28.14496613,24.47333145,14.63310432,-0.215750098,101.7009964,4.103237152,4.825237751,145.7897949,144.4229279,27.1237545,69.24720001,Summer,2
7/15/2028,26.31302834,28.21655655,24.54606438,14.68140602,-0.214451805,101.6982498,4.098483086,4.817849636,146.2479858,144.8098907,27.20225525,69.16630554,Summer,2
7/16/2028,26.38227844,28.28580856,24.61711693,14.72948456,-0.213220447,101.6954803,4.09340477,4.810096264,146.6682587,145.1604919,27.27851868,69.0920105,Summer,2
7/17/2028,26.44953346,28.35273743,24.68651009,14.77735138,-0.212070048,101.6927109,4.088011742,4.801991463,147.0475922,145.472229,27.35255432,69.0243988,Summer,2
7/18/2028,26.51481438,28.41737366,24.75426102,14.82501602,-0.211009383,101.689949,4.082320213,4.793556213,147.3835297,145.7431183,27.42437363,68.96346283,Summer,2
7/19/2028,26.57814026,28.47973633,24.82038498,14.87246513,-0.210041076,101.6872101,4.076351166,4.784815788,147.6740112,145.9716492,27.49399185,68.90918732,Summer,2
7/20/2028,26.63952637,28.5398407,24.88488579,14.91968155,-0.209161982,101.684494,4.070129395,4.775803089,147.9175262,146.1567688,27.56141663,68.8615036,Summer,2
7/21/2028,26.69898605,28.59770966,24.94776917,14.96662903,-0.208363324,101.6818314,4.063686848,4.766555309,148.1130829,146.2980042,27.62665176,68.82030487,Summer,2
7/22/2028,26.75651932,28.65335464,25.0090332,15.01326561,-0.207629889,101.6792221,4.057058334,4.757116318,148.2601776,146.39534,27.68970299,68.78544617,Summer,2
7/23/2028,26.81213188,28.70678329,25.06866264,15.05953217,-0.206940249,101.6766891,4.050282001,4.747533321,148.358902,146.4492645,27.7505722,68.75673676,Summer,2
7/24/2028,26.86581612,28.75800323,25.12664223,15.10536003,-0.206267208,101.6742325,4.043402672,4.737859249,148.4097443,146.4608002,27.80926132,68.73397064,Summer,2
7/25/2028,26.91756439,28.80702209,25.18295288,15.1506691,-0.205577701,101.6718826,4.036466599,4.728151321,148.4138794,146.4314728,27.8657608,68.71688843,Summer,2
7/26/2028,26.96735573,28.85382462,25.23756027,15.195364,-0.204833046,101.669632,4.029523849,4.718470097,148.372879,146.3632202,27.92006493,68.70523071,Summer,2
7/27/2028,27.01517296,28.89840698,25.29042435,15.23934364,-0.203989089,101.667511,4.022629261,4.708879948,148.2887878,146.2584991,27.97216034,68.69866943,Summer,2
7/28/2028,27.06098175,28.94075775,25.34150887,15.28249741,-0.202996641,101.6655197,4.015836716,4.699447632,148.1642151,146.1201324,28.02202797,68.69688416,Summer,2
7/29/2028,27.10474777,28.98084641,25.39075661,15.32470131,-0.201801866,101.6636658,4.009203911,4.690241814,148.0020599,145.9513855,28.06964874,68.69952393,Summer,2
7/30/2028,27.14643097,29.01865768,25.43811226,15.36582565,-0.200347215,101.661972,4.002790928,4.681333542,147.8057709,145.7558594,28.11499596,68.70622253,Summer,2
7/31/2028,27.18598557,29.05414963,25.48351669,15.40573692,-0.198570818,101.6604462,3.996656418,4.672794819,147.579071,145.5374908,28.15804291,68.71659851,Summer,2
8/1/2028,27.22335625,29.08729553,25.52689552,15.44429016,-0.196407944,101.6590958,3.990861416,4.664696217,147.3260651,145.3005066,28.19875336,68.73026276,Summer,2
8/2/2028,27.25848579,29.11804199,25.56817627,15.48134041,-0.193791553,101.6579208,3.985465288,4.657111168,147.0512238,145.0493164,28.23709106,68.7468338,Summer,2
8/3/2028,27.29131126,29.14635086,25.60728264,15.51673508,-0.190652356,101.6569366,3.980528116,4.650108814,146.759079,144.7886353,28.27301979,68.76589203,Summer,2
8/4/2028,27.3217659,29.17216873,25.64413071,15.55032539,-0.186920509,101.6561508,3.976108074,4.643759727,146.4545593,144.5232697,28.30648994,68.78705597,Summer,2
8/5/2028,27.34978104,29.19543457,25.67863464,15.58195496,-0.18252489,101.6555634,3.972260714,4.638129234,146.1426697,144.2580872,28.33745956,68.80992889,Summer,2
8/6/2028,27.37528038,29.21609497,25.71071053,15.61147499,-0.177395225,101.6551743,3.969040632,4.633283615,145.828476,143.9981079,28.36587906,68.83412933,Summer,2
8/7/2028,27.39819336,29.23408508,25.74026299,15.63873863,-0.171461642,101.6550064,3.966498375,4.629281044,145.5172577,143.7482605,28.39169884,68.85929871,Summer,2
8/8/2028,27.41843796,29.24934387,25.76720619,15.66359329,-0.164656565,101.6550369,3.964682102,4.626180172,145.2141113,143.5134583,28.41486549,68.8850708,Summer,2
8/9/2028,27.43593979,29.26180649,25.79144669,15.68590355,-0.156914249,101.6552887,3.963635921,4.624031067,144.9242554,143.2985382,28.43532753,68.91111755,Summer,2
8/10/2028,27.45062065,29.27140427,25.81290054,15.70553589,-0.148172423,101.6557465,3.963398695,4.622882366,144.6527252,143.1082001,28.45302963,68.93711853,Summer,2
8/11/2028,27.46240616,29.27807617,25.83147812,15.7223587,-0.138372496,101.6564102,3.964005232,4.622773647,144.4044495,142.9469452,28.46792412,68.96279144,Summer,2
8/12/2028,27.47122002,29.28176117,25.84709167,15.73625946,-0.127460659,101.6572876,3.965486765,4.62374115,144.1842346,142.8190613,28.47995567,68.98787689,Summer,2
8/13/2028,27.47699547,29.28239441,25.85966682,15.74712753,-0.115387835,101.658371,3.967865944,4.625813007,143.996521,142.7285156,28.48907661,69.01213074,Summer,2
8/14/2028,27.47966194,29.27991486,25.86912727,15.75486946,-0.102111198,101.6596527,3.971162558,4.629012585,143.8456726,142.6790314,28.49523735,69.03535461,Summer,2
8/15/2028,27.47916412,29.2742691,25.87540054,15.75939941,-0.087594099,101.6611328,3.975388765,4.63335228,143.7355347,142.6739502,28.49839211,69.05738831,Summer,2
8/16/2028,27.47543716,29.26541519,25.87842369,15.76064873,-0.071806721,101.662796,3.980551481,4.638842583,143.6697998,142.7162781,28.49850464,69.07809448,Summer,2
8/17/2028,27.46843719,29.25330353,25.8781414,15.75856209,-0.054726962,101.66465,3.986651659,4.64548111,143.6516418,142.8085632,28.49553299,69.09735107,Summer,2
8/18/2028,27.45812225,29.23789978,25.8745079,15.75309372,-0.036340196,101.6666794,3.993682146,4.653262138,143.6839294,142.9529724,28.48944473,69.11509705,Summer,2
8/19/2028,27.44445801,29.21916962,25.86748123,15.74422264,-0.016640173,101.6688843,4.001631737,4.662170887,143.7691345,143.1512451,28.48021507,69.13130951,Summer,2
8/20/2028,27.42741203,29.19709778,25.85703087,15.7319355,0.004370939,101.6712418,4.010480881,4.672185421,143.9091339,143.4046173,28.46782303,69.14598083,Summer,2
8/21/2028,27.40698051,29.17166519,25.84313774,15.71623611,0.026682515,101.6737595,4.020205021,4.683275223,144.1054688,143.713913,28.45225143,69.15914154,Summer,2
8/22/2028,27.38314819,29.14287567,25.82579041,15.69714737,0.050274674,101.6764221,4.030773163,4.695403576,144.3592377,144.0794525,28.43349075,69.17086029,Summer,2
8/23/2028,27.35591888,29.1107254,25.80499077,15.67470551,0.075118825,101.6792221,4.04214859,4.708527565,144.6709595,144.5011292,28.41153908,69.18122864,Summer,2
8/24/2028,27.32530975,29.07523727,25.78075218,15.64896202,0.101177469,101.6821442,4.054288387,4.722596169,145.0407562,144.9782867,28.38640594,69.19038391,Summer,2
8/25/2028,27.2913475,29.03643417,25.75309563,15.61998749,0.128404468,101.6851883,4.067144871,4.737552643,145.4682617,145.5099182,28.3581028,69.19846344,Summer,2
8/26/2028,27.25406456,28.99435806,25.72205353,15.58786392,0.15674451,101.6883392,4.080664158,4.753334045,145.9526367,146.0945435,28.32664871,69.20565033,Summer,2
8/27/2028,27.21351242,28.94905853,25.68767548,15.5526886,0.186134249,101.6915894,4.094789505,4.769874096,146.4925842,146.7302704,28.2920742,69.21215057,Summer,2
8/28/2028,27.1697464,28.90058899,25.65001106,15.51457405,0.216501981,101.694931,4.109459877,4.787097931,147.0864716,147.4147491,28.25441742,69.21818542,Summer,2
8/29/2028,27.12283516,28.84902191,25.60913467,15.47363853,0.247768342,101.6983643,4.124608994,4.804929256,147.7321167,148.1453705,28.21372032,69.22398376,Summer,2
8/30/2028,27.07286263,28.79444504,25.56511497,15.43002319,0.279846698,101.7018661,4.14016819,4.823287487,148.427063,148.9191284,28.17004204,69.22980499,Summer,2
8/31/2028,27.01991463,28.73694611,25.51804733,15.38387299,0.312643141,101.7054443,4.156066418,4.842088699,149.1684875,149.7326965,28.12343407,69.23589325,Summer,2
9/1/2028,26.96409416,28.67661667,25.4680233,15.33533859,0.346057892,101.7090836,4.172231197,4.861246109,149.9532471,150.5825195,28.07397079,69.24253082,Autumn,3
9/2/2028,26.90550995,28.61358643,25.4151516,15.28458786,0.379985362,101.7127762,4.188587666,4.880673409,150.7778778,151.4648132,28.02172661,69.24997711,Autumn,3
9/3/2028,26.84427643,28.54796219,25.35954094,15.23178673,0.414315224,101.7165146,4.205060005,4.900279999,151.6387024,152.3755798,27.96678162,69.25850677,Autumn,3
9/4/2028,26.78051949,28.47987366,25.30131531,15.17711067,0.448932499,101.7202988,4.221574306,4.919979095,152.5318604,153.3107452,27.90922546,69.26838684,Autumn,3
9/5/2028,26.71437263,28.40946198,25.24060059,15.12073708,0.483719021,101.7241287,4.238054276,4.939680099,153.4533691,154.2660828,27.8491497,69.27986145,Autumn,3
9/6/2028,26.64597511,28.33686829,25.17752647,15.06284714,0.518553555,101.7279892,4.254426479,4.959298611,154.3990173,155.2373352,27.78665924,69.29319,Autumn,3
9/7/2028,26.57546425,28.26222992,25.11223221,15.00362206,0.553313613,101.7318802,4.270619392,4.978747845,155.3646545,156.2202454,27.72185135,69.30860901,Autumn,3
9/8/2028,26.50298882,28.18571091,25.04485512,14.9432373,0.587875128,101.7358017,4.28656292,4.997947216,156.3460388,157.2105713,27.65483856,69.32631683,Autumn,3
9/9/2028,26.42869949,28.10746384,24.97553635,14.88187218,0.622113824,101.7397461,4.302189827,5.016816616,157.338913,158.2041779,27.58573151,69.34651184,Autumn,3
9/10/2028,26.35274315,28.02763748,24.90441895,14.81970024,0.6559062,101.7437134,4.317439079,5.035283566,158.3392029,159.1971283,27.51464081,69.36937714,Autumn,3
9/11/2028,26.27527428,27.9464035,24.83164597,14.75688553,0.689130366,101.7477036,4.332249641,5.053277493,159.3428497,160.1855164,27.44168472,69.39503479,Autumn,3
9/12/2028,26.19643974,27.86390686,24.75735283,14.69358635,0.721666753,101.7517166,4.346568108,5.070734501,160.3459778,161.1657867,27.36698151,69.4236145,Autumn,3
9/13/2028,26.11638832,27.78031158,24.68168259,14.6299572,0.753398776,101.7557449,4.360344887,5.087596416,161.3448944,162.1345367,27.2906456,69.45520782,Autumn,3
9/14/2028,26.03526878,27.69577026,24.60476685,14.5661335,0.784213662,101.7597885,4.37353754,5.103812218,162.3361816,163.0886841,27.21279144,69.48983765,Autumn,3
9/15/2028,25.95321274,27.61043167,24.52673149,14.50225067,0.814003885,101.7638474,4.386107445,5.119337559,163.3166351,164.0254822,27.13353729,69.52755737,Autumn,3
9/16/2028,25.87035942,27.52444077,24.44770432,14.43842125,0.842667103,101.7679214,4.398023605,5.134135246,164.2833405,164.9425049,27.05298996,69.56832886,Autumn,3
9/17/2028,25.78683853,27.43793488,24.36779785,14.37475014,0.870107114,101.7720032,4.409262657,5.148174286,165.2337799,165.8377075,26.97126579,69.61209869,Autumn,3
9/18/2028,25.70276451,27.3510437,24.28712082,14.31132889,0.896234274,101.7761078,4.419805527,5.161435604,166.1657257,166.7094269,26.88846588,69.65878296,Autumn,3
9/19/2028,25.6182518,27.26388931,24.20577049,14.24822998,0.920966744,101.7802124,4.429641724,5.173905849,167.0773468,167.5563965,26.80469131,69.70826721,Autumn,3
9/20/2028,25.53339767,27.17658234,24.12383461,14.18551636,0.944230497,101.7843323,4.438769341,5.185578823,167.9671936,168.3778229,26.72003937,69.76037598,Autumn,3
9/21/2028,25.44829559,27.08922195,24.04139137,14.12322807,0.965959489,101.7884598,4.447190762,5.196460247,168.834198,169.1732941,26.63459587,69.81492615,Autumn,3
9/22/2028,25.36302185,27.00190353,23.95850754,14.06139374,0.986096919,101.7925949,4.454917908,5.206560612,169.6777802,169.9428101,26.54844856,69.87167358,Autumn,3
9/23/2028,25.2776413,26.91469955,23.8752346,14.0000267,1.004594922,101.79673,4.461969376,5.215901375,170.4976654,170.6868134,26.46167183,69.93036652,Autumn,3
9/24/2028,25.19220924,26.82767105,23.79161835,13.93912315,1.021414638,101.8008575,4.468369484,5.22451067,171.2940674,171.4061737,26.37433434,69.99071503,Autumn,3
9/25/2028,25.10676765,26.74087524,23.70768356,13.87865639,1.036527395,101.8049927,4.474151611,5.232426167,172.0676117,172.1021576,26.28649521,70.05239105,Autumn,3
9/26/2028,25.02133942,26.65434265,23.62344933,13.81859589,1.049913526,101.8091049,4.479354858,5.239691257,172.8192902,172.7764587,26.19820786,70.1150589,Autumn,3
9/27/2028,24.9359417,26.56809235,23.53891563,13.75888634,1.061563492,101.8132095,4.484023571,5.246358871,173.5504761,173.4311066,26.10951614,70.17832947,Autumn,3
9/28/2028,24.85057068,26.4821434,23.45407677,13.6994648,1.071476936,101.8172913,4.488210678,5.252486706,174.2629242,174.068512,26.02045631,70.24182892,Autumn,3
9/29/2028,24.76521111,26.39647675,23.36890411,13.64024734,1.079663277,101.8213501,4.49197197,5.258141041,174.9587708,174.6913605,25.93105125,70.30514526,Autumn,3
9/30/2028,24.67983437,26.3110733,23.28336525,13.58114624,1.086141467,101.8253784,4.495370388,5.263392925,175.6403809,175.3026886,25.84132195,70.36785126,Autumn,3
10/1/2028,24.59440041,26.22589874,23.19740868,13.52205467,1.090939045,101.829361,4.498472214,5.268318653,176.3105011,175.9057465,25.75127411,70.42951965,Autumn,3
10/2/2028,24.50885391,26.14089966,23.11097908,13.4628582,1.094092488,101.8332901,4.501348495,5.272999287,176.9721375,176.5040436,25.66090775,70.48971558,Autumn,3
10/3/2028,24.42312622,26.05601501,23.02400208,13.40343666,1.095646739,101.8371658,4.504074097,5.277521133,177.628418,177.1012421,25.57021713,70.54798126,Autumn,3
10/4/2028,24.33714104,25.97116852,22.93639946,13.34365273,1.095654488,101.8409729,4.506725311,5.281971455,178.2827759,177.7011871,25.47918129,70.60389709,Autumn,3
10/5/2028,24.25080681,25.88627243,22.84807777,13.28337288,1.094175935,101.8447037,4.509383202,5.286443233,178.938736,178.3077545,25.38777733,70.65702057,Autumn,3
10/6/2028,24.16402817,25.80122375,22.75893974,13.22245216,1.091278076,101.8483505,4.512127876,5.291027546,179.5999451,178.9249878,25.29597473,70.70691681,Autumn,3
10/7/2028,24.07669258,25.71591568,22.66887665,13.16074944,1.087034345,101.8518982,4.515041828,5.295820236,180.2701111,179.5568848,25.20373154,70.75318146,Autumn,3
10/8/2028,23.98868179,25.63022614,22.57777596,13.09811211,1.081523299,101.8553391,4.518208027,5.300915241,180.9529572,180.2073822,25.11100388,70.79541779,Autumn,3
10/9/2028,23.89987946,25.54402924,22.48552132,13.03439522,1.074828863,101.8586578,4.521707535,5.306407452,181.6522217,180.8803864,25.01774216,70.83325195,Autumn,3
10/10/2028,23.81015205,25.45718765,22.39198875,12.9694519,1.06703949,101.8618469,4.525621891,5.31238699,182.3715363,181.5796814,24.92389297,70.86632538,Autumn,3
10/11/2028,23.71936798,25.36957169,22.29705429,12.90314484,1.058246493,101.8649063,4.530030251,5.318945885,183.114502,182.3088684,24.82939148,70.89431,Autumn,3
10/12/2028,23.62739372,25.28103256,22.20059204,12.83533287,1.048544407,101.8678131,4.535009384,5.326172352,183.8845215,183.0714417,24.73417854,70.91692352,Autumn,3
10/13/2028,23.53409195,25.19142151,22.10247803,12.76588631,1.03802979,101.8705597,4.540632248,5.334149837,184.6847992,183.8705292,24.63818741,70.9338913,Autumn,3
10/14/2028,23.43932724,25.10059738,22.00258827,12.69468307,1.02680099,101.8731461,4.546968937,5.342957497,185.5183868,184.7090759,24.54135132,70.94499969,Autumn,3
10/15/2028,23.34296608,25.00841522,21.9007988,12.62161064,1.014955997,101.8755493,4.554085732,5.352669716,186.3880157,185.5897064,24.4435997,70.95005035,Autumn,3
10/16/2028,23.24487305,24.91472626,21.79699707,12.54656982,1.002593517,101.8777847,4.562042713,5.363357067,187.2962036,186.5146637,24.34486961,70.94889832,Autumn,3
10/17/2028,23.14492607,24.81939697,21.69107056,12.46946526,0.98981142,101.8798218,4.570894718,5.375080585,188.2450867,187.4859009,24.24509048,70.94143677,Autumn,3
10/18/2028,23.04300117,24.72228241,21.58291817,12.39022636,0.976705849,101.8816757,4.580691338,5.387898445,189.2364655,188.5049286,24.14419937,70.9276123,Autumn,3
10/19/2028,22.93898773,24.62326431,21.47244263,12.30879021,0.963370919,101.8833313,4.591476917,5.401856899,190.2718658,189.5729218,24.04212952,70.90739441,Autumn,3
10/20/2028,22.83277702,24.52222061,21.35955811,12.2251091,0.949898064,101.8847885,4.603286266,5.416998386,191.3523254,190.690506,23.93882751,70.88080597,Autumn,3
10/21/2028,22.7242794,24.41903687,21.24419022,12.13915253,0.93637526,101.886055,4.616149902,5.433354855,192.4785156,191.8580475,23.83423615,70.84792328,Autumn,3
10/22/2028,22.61340714,24.31361389,21.12628174,12.05091,0.922887146,101.8871231,4.63008976,5.450951576,193.6507416,193.0753632,23.72830963,70.80886078,Autumn,3
10/23/2028,22.50009346,24.20586777,21.00577927,11.96038246,0.909513533,101.8879929,4.645120144,5.469804287,194.8688202,194.3418579,23.62099838,70.76377869,Autumn,3
10/24/2028,22.38427544,24.09571838,20.88264847,11.86759281,0.896329701,101.8886795,4.661248207,5.489920616,196.1322479,195.6565247,23.51227188,70.71286774,Autumn,3
10/25/2028,22.2659111,23.98310852,20.75686455,11.7725811,0.883405745,101.8891907,4.678473949,5.511297703,197.4400024,197.0178986,23.40209389,70.65638733,Autumn,3
10/26/2028,22.14497185,23.86798859,20.6284256,11.67540169,0.870806634,101.8895264,4.696788788,5.533926487,198.7907257,198.4240875,23.29044724,70.59460449,Autumn,3
10/27/2028,22.02144623,23.75033569,20.49734116,11.57612896,0.85859108,101.8897018,4.716176033,5.557785988,200.1826324,199.8728027,23.17731476,70.52784729,Autumn,3
10/28/2028,21.89533424,23.63013077,20.36363411,11.47485638,0.846812606,101.8897247,4.736611843,5.582848549,201.6135254,201.3614502,23.06269455,70.45646667,Autumn,3
10/29/2028,21.76665688,23.50737762,20.22735023,11.37169266,0.835517526,101.8896179,4.758066654,5.60907793,203.0809326,202.8869476,22.94659042,70.38085938,Autumn,3
10/30/2028,21.63545227,23.38209915,20.08854675,11.26675987,0.824747324,101.8893967,4.780500412,5.63642931,204.5818939,204.4459381,22.82901001,70.30144501,Autumn,3
10/31/2028,21.50177193,23.25432968,19.94730377,11.16019821,0.814536452,101.8890686,4.803868294,5.664847851,206.113266,206.0347595,22.70998192,70.21865845,Autumn,3
11/1/2028,21.36568642,23.12413025,19.80370712,11.05216408,0.804913223,101.8886719,4.828118324,5.694275379,207.6714935,207.6494446,22.58953476,70.13298035,Autumn,3
11/2/2028,21.22728157,22.99157333,19.65786743,10.94282341,0.795900106,101.8882141,4.853191853,5.7246418,209.2528839,209.2858124,22.46771049,70.04489899,Autumn,3
11/3/2028,21.08666611,22.85675049,19.50990677,10.83235741,0.787513494,101.8877258,4.879024982,5.755874157,210.853363,210.9394836,22.34456253,69.95491028,Autumn,3
11/4/2028,20.94395256,22.71976852,19.35996628,10.7209549,0.779763818,101.8872375,4.905547619,5.787892342,212.4687805,212.6059113,22.22014999,69.86354828,Autumn,3
11/5/2028,20.79928207,22.58075142,19.20820045,10.60881805,0.772655904,101.8867645,4.932685852,5.820608139,214.0948181,214.2803345,22.09453773,69.77133179,Autumn,3
11/6/2028,20.65279961,22.43984032,19.05477333,10.49615574,0.766189456,101.8863373,4.96036005,5.853931904,215.7269287,215.9580688,21.96781158,69.67878723,Autumn,3
11/7/2028,20.504673,22.29718781,18.89986801,10.38318443,0.760359049,101.8859863,4.988487244,5.887767792,217.360611,217.6342316,21.84005356,69.5864563,Autumn,3
11/8/2028,20.35507584,22.15296936,18.74367142,10.27012062,0.755154312,101.8857422,5.016982555,5.922017097,218.9912567,219.3040466,21.71135712,69.49485779,Autumn,3
11/9/2028,20.20420074,22.00736046,18.58638763,10.15719223,0.75056082,101.8856354,5.04575634,5.956576347,220.6143036,220.9627075,21.58182907,69.40452576,Autumn,3
11/10/2028,20.05224037,21.86056137,18.4282341,10.04462242,0.746560097,101.8856888,5.074717999,5.991343975,222.2251282,222.6054993,21.45157433,69.31596375,Autumn,3
11/11/2028,19.89940834,21.71276855,18.26942062,9.932639122,0.743130207,101.8859406,5.103776932,6.026212692,223.8192902,224.2278442,21.32070923,69.22966003,Autumn,3
11/12/2028,19.74592018,21.56420135,18.1101799,9.821466446,0.7402457,101.8864212,5.132838726,6.061076164,225.3924255,225.8253021,21.18935776,69.14610291,Autumn,3
11/13/2028,19.59200096,21.41508293,17.95073891,9.711324692,0.737878978,101.8871536,5.161811352,6.095828533,226.9402924,227.3936615,21.05763817,69.06574249,Autumn,3
11/14/2028,19.43787575,21.26564026,17.79133606,9.602432251,0.735999882,101.888176,5.190603256,6.130364418,228.4588928,228.928894,20.92568588,68.98901367,Autumn,3
11/15/2028,19.28377914,21.11610413,17.63221169,9.494998932,0.734576344,101.8895035,5.21912241,6.164578915,229.9443817,230.4272156,20.7936306,68.91631317,Autumn,3
11/16/2028,19.12994766,20.96670914,17.47359848,9.389226913,0.733575404,101.8911743,5.247280598,6.198370934,231.3932037,231.8851929,20.66160583,68.84801483,Autumn,3
11/17/2028,18.97661591,20.81769562,17.31573868,9.285310745,0.732962489,101.8932037,5.274990082,6.231640816,232.8020782,233.2996216,20.52975464,68.78445435,Autumn,3
11/18/2028,18.82401657,20.66930389,17.15886497,9.183433533,0.732703149,101.8956223,5.302167892,6.264293194,234.1679993,234.6676941,20.3982048,68.72594452,Autumn,3
11/19/2028,18.67238235,20.52176285,17.00321198,9.08376503,0.732762337,101.8984528,5.328733444,6.296236038,235.4883118,235.9869232,20.26710129,68.67273712,Autumn,3
11/20/2028,18.52194214,20.37530899,16.84900665,8.986467361,0.733105719,101.9017029,5.354609489,6.327382088,236.7606506,237.255188,20.13657379,68.62507629,Autumn,3
11/21/2028,18.37292099,20.2301712,16.69646454,8.891683578,0.733699083,101.9053955,5.379725456,6.357649803,237.983078,238.4707031,20.00675583,68.58314514,Autumn,3
11/22/2028,18.22553253,20.08657074,16.54580688,8.799545288,0.734509587,101.9095459,5.404013157,6.386963844,239.1539307,239.6321716,19.87778473,68.54709625,Autumn,3
11/23/2028,18.07998466,19.94471741,16.39722824,8.710165024,0.735505223,101.9141541,5.427410603,6.415251732,240.2719879,240.7386017,19.74978447,68.51702881,Autumn,3
11/24/2028,17.93647957,19.80482101,16.25092316,8.623641968,0.73665601,101.9192429,5.44986248,6.442451954,241.3363495,241.7893677,19.62287712,68.4930191,Autumn,3
11/25/2028,17.79520035,19.6670742,16.10707855,8.540061951,0.737933278,101.9248047,5.471317291,6.468504906,242.3465118,242.7843018,19.49718094,68.47509003,Autumn,3
11/26/2028,17.65632629,19.53165627,15.9658556,8.459487915,0.739310384,101.9308395,5.491731167,6.493362904,243.3023376,243.723526,19.37281036,68.46322632,Autumn,3
11/27/2028,17.52002144,19.39874268,15.82741547,8.381969452,0.740762889,101.937355,5.51106596,6.516981125,244.2040405,244.6075592,19.24987221,68.4573822,Autumn,3
11/28/2028,17.38643456,19.26848412,15.69189644,8.307538986,0.742268562,101.9443283,5.529289722,6.539325237,245.0521088,245.4372559,19.12846375,68.45746613,Autumn,3
11/29/2028,17.25570297,19.14102554,15.55942535,8.236211777,0.743807435,101.9517593,5.546377182,6.5603652,245.8475342,246.2138062,19.00868034,68.46334839,Autumn,3
11/30/2028,17.12794304,19.01649475,15.43011284,8.167984009,0.745362043,101.9596329,5.562309742,6.58008194,246.5914459,246.9387054,18.89060593,68.4748764,Autumn,3
12/1/2028,17.00326538,18.89499664,15.30405331,8.102840424,0.746916711,101.9679337,5.577075005,6.598461628,247.2853241,247.6137238,18.77431679,68.49185181,Winter,0
12/2/2028,16.88175583,18.7766304,15.18132401,8.040746689,0.748458982,101.9766235,5.590667248,6.615497589,247.9309998,248.2408295,18.65988159,68.51405334,Winter,0
12/3/2028,16.76348686,18.66147041,15.06198883,7.981656075,0.749978364,101.9857025,5.603086948,6.631190777,248.5303497,248.8223114,18.54735756,68.54122162,Winter,0
12/4/2028,16.64851761,18.54957962,14.94609356,7.925505638,0.751466274,101.9951172,5.614340305,6.645550251,249.0856781,249.3605499,18.43680191,68.57309723,Winter,0
12/5/2028,16.53688622,18.44099808,14.8336668,7.872220039,0.752916038,102.0048523,5.624439716,6.658589363,249.5993347,249.8581543,18.32825279,68.60936737,Winter,0
12/6/2028,16.42861748,18.33575821,14.72472191,7.82171011,0.7543239,102.0148621,5.633404732,6.670330524,250.0738525,250.3178101,18.22174835,68.64971924,Winter,0
12/7/2028,16.32372093,18.23386574,14.61925602,7.773879051,0.755687058,102.025116,5.641257286,6.680799961,250.5119019,250.7423096,18.11730957,68.69381714,Winter,0
12/8/2028,16.22218704,18.13531685,14.51725292,7.728616714,0.757004499,102.0355682,5.648026943,6.690031528,250.9161835,251.134552,18.01495552,68.74131012,Winter,0
12/9/2028,16.12399673,18.04008865,14.41867733,7.685805321,0.758276582,102.0461731,5.653747082,6.698063374,251.2895508,251.4973755,17.91469574,68.79184723,Winter,0
12/10/2028,16.02911186,17.94815063,14.32348442,7.645318985,0.759504974,102.0568924,5.658455372,6.704937935,251.6347504,251.8336639,17.81653023,68.84506989,Winter,0
12/11/2028,15.93748093,17.85944748,14.23161507,7.607028008,0.76069206,102.0676727,5.662192822,6.71070385,251.9546356,252.1462402,17.72045326,68.90058899,Winter,0
12/12/2028,15.8490448,17.77391434,14.14299393,7.570794106,0.761841118,102.0784683,5.665006161,6.71541214,252.2519073,252.437851,17.62645149,68.95805359,Winter,0
12/13/2028,15.76372719,17.69148064,14.05754089,7.536478043,0.762955725,102.0892181,5.66694212,6.719117165,252.5292664,252.7110748,17.53450394,69.01709747,Winter,0
12/14/2028,15.68144417,17.61205292,13.9751606,7.503938198,0.764039934,102.099884,5.66805172,6.721878052,252.7892914,252.9685059,17.4445858,69.0773468,Winter,0
12/15/2028,15.60210037,17.53554153,13.89575005,7.47303009,0.765097558,102.1103973,5.668388844,6.723753929,253.0343475,253.2124329,17.35666275,69.13845825,Winter,0
12/16/2028,15.52559471,17.46183586,13.81919765,7.443612099,0.766132116,102.1207199,5.668006897,6.724806309,253.2667999,253.4450531,17.27069855,69.2000885,Winter,0
12/17/2028,15.45181465,17.39082336,13.74538708,7.41554451,0.767147005,102.1307983,5.6669631,6.72510004,253.488678,253.6682892,17.18665314,69.26190186,Winter,0
12/18/2028,15.3806448,17.32238007,13.67419434,7.388687611,0.768144608,102.1405716,5.665312767,6.724698067,253.701889,253.8838501,17.10447884,69.32358551,Winter,0
12/19/2028,15.31196499,17.25638771,13.60549068,7.36290884,0.769126713,102.1500015,5.663113594,6.723665237,253.9081268,254.0932465,17.02412987,69.38485718,Winter,0
12/20/2028,15.24564838,17.19271278,13.53914642,7.338078499,0.770094037,102.1590271,5.660421848,6.722064495,254.1087646,254.2977295,16.94555283,69.44541931,Winter,0
12/21/2028,15.18157196,17.1312294,13.47502708,7.31407547,0.771046102,102.1676025,5.657293797,6.71996069,254.3050385,254.4982758,16.86869812,69.50502014,Winter,0
12/22/2028,15.11960602,17.07180023,13.41300011,7.290785789,0.77198112,102.1756897,5.653784275,6.717414379,254.497879,254.6955261,16.79351044,69.56343842,Winter,0
12/23/2028,15.05962372,17.01429558,13.35293484,7.268100262,0.772895932,102.1832352,5.649947643,6.714487076,254.6879425,254.8900146,16.71993637,69.62045288,Winter,0
12/24/2028,15.00150013,16.95858955,13.29469872,7.245921135,0.773786306,102.1902008,5.645834923,6.711236954,254.8756409,255.0818787,16.6479187,69.67588806,Winter,0
12/25/2028,14.94511223,16.90455246,13.23816299,7.224160671,0.774645925,102.1965561,5.641496658,6.70772028,255.0611267,255.2710571,16.57741165,69.72956085,Winter,0
12/26/2028,14.89034176,16.85206223,13.18320656,7.202738762,0.775467455,102.2022629,5.63697958,6.703989506,255.244339,255.4571686,16.50835419,69.78136444,Winter,0
12/27/2028,14.83707428,16.80100441,13.12970924,7.181587219,0.776241779,102.2072906,5.632328987,6.700094223,255.4248505,255.6396484,16.44070053,69.8311615,Winter,0
12/28/2028,14.78520107,16.75126266,13.07755852,7.160647392,0.776958585,102.2116165,5.627586842,6.696083546,255.6020966,255.8177032,16.37440491,69.87889099,Winter,0
12/29/2028,14.73462105,16.70274353,13.02665138,7.139871597,0.777605951,102.2152176,5.622790337,6.691998005,255.7752991,255.9902496,16.30942154,69.92448425,Winter,0
12/30/2028,14.68524265,16.65534019,12.97688675,7.119222641,0.778170705,102.2180634,5.617975712,6.687877655,255.9433746,256.1561584,16.24570465,69.96790314,Winter,0
12/31/2028,14.63697815,16.60897446,12.92817783,7.098676682,0.778638959,102.2201614,5.613174438,6.683757782,256.1051636,256.3139954,16.18322182,70.00913239,Winter,0
1/1/2029,14.58975124,16.56357193,12.88044357,7.078217506,0.778995037,102.221489,5.60841465,6.679670811,256.2592773,256.4622192,16.12193871,70.04820251,Winter,0
1/2/2029,14.54349518,16.51905823,12.8336134,7.057837963,0.779223025,102.2220535,5.603720188,6.675642014,256.4041748,256.5991821,16.06182289,70.08512115,Winter,0
1/3/2029,14.49815655,16.47538376,12.78762436,7.03754425,0.779305756,102.2218399,5.599112511,6.671695232,256.5381775,256.7230835,16.00285339,70.11995697,Winter,0
1/4/2029,14.45368385,16.43250275,12.74242783,7.01734972,0.779226542,102.220871,5.59460783,6.667848587,256.6596069,256.8321228,15.94500732,70.15278625,Winter,0
1/5/2029,14.41004181,16.39038086,12.69798279,6.997278214,0.778967202,102.2191467,5.590220451,6.664117336,256.7666016,256.9244385,15.88827038,70.18367767,Winter,0
1/6/2029,14.36720371,16.34899712,12.65426064,6.977360725,0.778510451,102.2166824,5.585958004,6.660510063,256.8573608,256.9981384,15.83263206,70.2127533,Winter,0
1/7/2029,14.32515526,16.30833817,12.61124229,6.957634926,0.777838647,102.213501,5.581827641,6.657035351,256.9299622,257.0513306,15.77808762,70.24012756,Winter,0
1/8/2029,14.28389168,16.26840973,12.56891441,6.938147545,0.776934981,102.2096252,5.577831745,6.653694153,256.982605,257.0822144,15.72463417,70.26592255,Winter,0
1/9/2029,14.24341774,16.22921753,12.52728367,6.918949604,0.775783181,102.2050858,5.57396841,6.650485516,257.0134583,257.0890198,15.6722765,70.2902832,Winter,0
1/10/2029,14.20374584,16.19078064,12.48635864,6.900096893,0.774367511,102.1999054,5.570235252,6.647404194,257.020752,257.0700989,15.62102318,70.31336212,Winter,0
1/11/2029,14.16489983,16.15313911,12.44615746,6.881649971,0.772673547,102.1941376,5.566623211,6.644443512,257.0028687,257.0238647,15.57088661,70.33529663,Winter,0
1/12/2029,14.12691307,16.11632538,12.40671062,6.86367321,0.770688653,102.1878052,5.563123703,6.641590118,256.9582825,256.9490051,15.52188587,70.35626221,Winter,0
1/13/2029,14.08982849,16.08039284,12.36805534,6.846233368,0.768401384,102.180954,5.559723854,6.638831615,256.8855896,256.8442688,15.47403812,70.37640381,Winter,0
1/14/2029,14.05368996,16.0453968,12.3302393,6.829394817,0.765801907,102.1736298,5.556408882,6.63615036,256.7835388,256.7085571,15.42737007,70.39588928,Winter,0
1/15/2029,14.01855469,16.01140213,12.29331207,6.813229084,0.762882292,102.1658936,5.553161621,6.633528233,256.6511536,256.5411377,15.38190651,70.41487885,Winter,0
1/16/2029,13.98448277,15.97847939,12.25732994,6.797801971,0.759637177,102.1577759,5.549963951,6.630943298,256.4875183,256.3413086,15.33767986,70.43352509,Winter,0
1/17/2029,13.9515419,15.94670486,12.22236061,6.783181667,0.756062984,102.1493378,5.546795368,6.6283741,256.2920837,256.1087646,15.2947197,70.45198059,Winter,0
1/18/2029,13.91980171,15.91615868,12.18846893,6.769430161,0.752158701,102.140625,5.543634415,6.625795364,256.0643311,255.843277,15.2530632,70.47038269,Winter,0
1/19/2029,13.88933563,15.88692093,12.1557312,6.756609917,0.74792546,102.1316986,5.540457726,6.623182297,255.8041534,255.5449829,15.21274471,70.48888397,Winter,0
1/20/2029,13.86021996,15.85908318,12.12421894,6.744777679,0.743367255,102.1226196,5.537241936,6.620510101,255.5115814,255.2142029,15.17380047,70.50761414,Winter,0
1/21/2029,13.83253288,15.83273029,12.09401131,6.733988762,0.738490403,102.1134186,5.533964634,6.617751122,255.1868591,254.8515167,15.13626671,70.52667999,Winter,0
1/22/2029,13.80635166,15.80794621,12.06518555,6.724290848,0.733303607,102.1041718,5.530600548,6.614878178,254.8306122,254.4577789,15.10018349,70.54621124,Winter,0
1/23/2029,13.7817564,15.78482533,12.03782082,6.715727806,0.727818429,102.0949249,5.527125835,6.611865997,254.4435425,254.0340271,15.06558609,70.56629944,Winter,0
1/24/2029,13.75882339,15.7634449,12.01199532,6.70833683,0.722048342,102.0857162,5.523516178,6.608686924,254.0266724,253.5815277,15.03251171,70.58704376,Winter,0
1/25/2029,13.73762703,15.74389362,11.98778629,6.702148438,0.716009498,102.0766144,5.519748688,6.605315208,253.5812225,253.1018219,15.00099659,70.60851288,Winter,0
1/26/2029,13.71823883,15.72624397,11.96526718,6.697189331,0.709720254,102.0676575,5.515800476,6.601727009,253.108551,252.5966034,14.9710741,70.63078308,Winter,0
1/27/2029,13.70072937,15.71057224,11.94450951,6.693478107,0.703201056,102.0588913,5.511649132,6.597897053,252.6103668,252.0676575,14.94277573,70.65390778,Winter,0
1/28/2029,13.68516064,15.69695091,11.92558193,6.69102478,0.696473837,102.050354,5.507275581,6.593802929,252.0883789,251.5171051,14.91613102,70.67793274,Winter,0
1/29/2029,13.67159271,15.68543434,11.90854836,6.689834595,0.689562976,102.0420914,5.502658367,6.58942318,251.5445251,250.9470215,14.89116955,70.70290375,Winter,0
1/30/2029,13.660079,15.67608833,11.89346695,6.689907074,0.682493627,102.0341339,5.497780323,6.584737778,250.980896,250.3597107,14.8679142,70.7288208,Winter,0
1/31/2029,13.65066719,15.6689539,11.88039207,6.691234589,0.675292552,102.0265198,5.49262476,6.579728127,250.3996582,249.7575378,14.84638977,70.75572205,Winter,0
2/1/2029,13.64339447,15.66407394,11.86936951,6.693799973,0.667987347,102.0192719,5.487176895,6.574378967,249.8030701,249.1428528,14.82661057,70.78359985,Winter,0
2/2/2029,13.63829613,15.66148376,11.86044216,6.697585106,0.660606265,102.012413,5.481422901,6.568674088,249.1934662,248.518158,14.80859756,70.81245422,Winter,0
2/3/2029,13.63539886,15.66120243,11.85364532,6.702562809,0.653178155,102.0059662,5.475352287,6.56260252,248.5731506,247.885788,14.79235744,70.84227753,Winter,0
2/4/2029,13.63471985,15.66324806,11.84900475,6.708703995,0.645731866,101.999939,5.46895504,6.556152344,247.9444733,247.24823,14.7779026,70.87304688,Winter,0
2/5/2029,13.63626862,15.66762543,11.84654045,6.715970039,0.638296008,101.9943542,5.46222353,6.549316883,247.3097687,246.6077423,14.76523781,70.90472412,Winter,0
2/6/2029,13.64005089,15.67433357,11.84626961,6.724322319,0.630898714,101.9892044,5.455152035,6.542088985,246.6712494,245.9666138,14.75436211,70.93730927,Winter,0
2/7/2029,13.64605999,15.68335533,11.84819603,6.733716011,0.623567283,101.9844971,5.447737694,6.534464359,246.0311279,245.3269501,14.74528027,70.9707489,Winter,0
2/8/2029,13.65428352,15.6946764,11.85232067,6.744107246,0.61632818,101.9802322,5.439978123,6.52644062,245.3914642,244.6907349,14.73798084,71.00500488,Winter,0
2/9/2029,13.66469955,15.7082634,11.8586359,6.75544548,0.609205961,101.9763947,5.431872845,6.518019676,244.7541504,244.0597839,14.73245811,71.04005432,Winter,0
2/10/2029,13.67728233,15.72407818,11.86712551,6.767680168,0.60222435,101.9729843,5.423425674,6.50920105,244.1209564,243.43573,14.72870159,71.07584381,Winter,0
2/11/2029,13.69199753,15.74207878,11.87776947,6.780758858,0.595404148,101.9699707,5.414638996,6.49999094,243.4934998,242.8199768,14.72669601,71.11233521,Winter,0
2/12/2029,13.70880318,15.76220798,11.89054298,6.794631481,0.588764608,101.9673386,5.405519485,6.490394592,242.8731232,242.2136841,14.72642612,71.14949036,Winter,0
2/13/2029,13.7276516,15.78440857,11.90541077,6.809245586,0.582322538,101.9650726,5.396074772,6.480420589,242.2609863,241.6177368,14.72787285,71.18727875,Winter,0
2/14/2029,13.74849129,15.80861282,11.92233276,6.824549675,0.576092184,101.9631271,5.386312962,6.470077038,241.657959,241.0328369,14.7310133,71.22564697,Winter,0
2/15/2029,13.77126503,15.83474731,11.94126701,6.840495586,0.570084929,101.9614868,5.376245499,6.459375858,241.0647888,240.4593506,14.73582458,71.2645874,Winter,0
2/16/2029,13.79590797,15.86273956,11.96216679,6.857036591,0.564309299,101.9601135,5.365885258,6.448330879,240.4817657,239.8973694,14.74228382,71.30404663,Winter,0
2/17/2029,13.82235432,15.89250374,11.98497581,6.874126434,0.558770716,101.9589691,5.355243683,6.436955929,239.9091034,239.3467255,14.7503624,71.3440094,Winter,0
2/18/2029,13.85053635,15.92395878,12.00964165,6.891726017,0.553471804,101.9580154,5.34433794,6.425265312,239.3466339,238.8069458,14.76003647,71.38446045,Winter,0
2/19/2029,13.88037968,15.95701408,12.0361042,6.909796715,0.548412025,101.9572144,5.333181858,6.413277626,238.793869,238.2772064,14.77127647,71.42536926,Winter,0
2/20/2029,13.91180992,15.99158382,12.06429958,6.928304672,0.543587446,101.9565201,5.321794033,6.40101099,238.2501831,237.7565308,14.7840519,71.46672821,Winter,0
2/21/2029,13.94475365,16.02757454,12.09417057,6.947220325,0.538991272,101.9558868,5.310191154,6.388482571,237.7145844,237.2435455,14.79833794,71.50852966,Winter,0
2/22/2029,13.97913551,16.06489563,12.12564659,6.966520309,0.534613788,101.9552765,5.298392773,6.375713825,237.1858215,236.7367249,14.81410408,71.55076599,Winter,0
2/23/2029,14.01487541,16.10346222,12.15866756,6.986183167,0.530442238,101.9546356,5.286417961,6.362724781,236.6624451,236.2342072,14.83132362,71.59344482,Winter,0
2/24/2029,14.05190182,16.14317894,12.19316483,7.006194115,0.526461184,101.9539337,5.274287224,6.349536896,236.1427307,235.7339478,14.84996796,71.63655853,Winter,0
2/25/2029,14.09013939,16.18396187,12.22907448,7.026542664,0.522652388,101.9531174,5.262020588,6.336172581,235.6248016,235.2337494,14.87001133,71.68012238,Winter,0
2/26/2029,14.12951469,16.22572708,12.26633263,7.047224998,0.518995166,101.9521484,5.249639511,6.322654247,235.1064758,234.7311707,14.89143181,71.72414398,Winter,0
2/27/2029,14.16996098,16.26839447,12.30487633,7.068240166,0.515467167,101.9509811,5.237165451,6.309002876,234.5854797,234.2236176,14.91419888,71.76863098,Winter,0
2/28/2029,14.21140862,16.31188202,12.34464264,7.089591026,0.512043655,101.9495773,5.224618912,6.29524374,234.059433,233.708374,14.93829441,71.81360626,Winter,0
3/1/2029,14.25379467,16.35612488,12.38557625,7.111288548,0.508698165,101.9479065,5.212023735,6.281398773,233.5256958,233.182663,14.96369743,71.85907745,Spring,1
3/2/2029,14.29706097,16.40105247,12.42761803,7.133345127,0.50540334,101.9459229,5.199399471,6.267491817,232.9817047,232.6436157,14.99038887,71.90505981,Spring,1
3/3/2029,14.34115219,16.44659805,12.47071838,7.155776978,0.502130568,101.9435959,5.186769009,6.253544807,232.4247284,232.0883636,15.01834869,71.95157623,Spring,1
3/4/2029,14.38601494,16.49271202,12.51482201,7.178606987,0.498850584,101.9409027,5.174153805,6.239583492,231.8520355,231.5139923,15.04756355,71.99863434,Spring,1
3/5/2029,14.43160343,16.53934097,12.55988503,7.201856136,0.495534003,101.9378128,5.161574841,6.225627899,231.2608643,230.9176788,15.07801819,72.04624176,Spring,1
3/6/2029,14.47787666,16.58643723,12.60586357,7.225551605,0.492150873,101.9343033,5.14905405,6.2117033,230.6485596,230.2966614,15.10970116,72.09440613,Spring,1
3/7/2029,14.52479744,16.63397026,12.65271568,7.249723434,0.488672405,101.9303589,5.136610985,6.197830677,230.0125427,229.6482391,15.14260101,72.1431427,Spring,1
3/8/2029,14.57233524,16.68190384,12.70040894,7.274398804,0.485070199,101.9259644,5.124268055,6.18403244,229.350235,228.9699249,15.17671013,72.19243622,Spring,1
3/9/2029,14.62046146,16.73020935,12.74890709,7.299611568,0.481317073,101.9210968,5.112042427,6.170331001,228.6592712,228.2593536,15.21201992,72.24229431,Spring,1
3/10/2029,14.66915703,16.77887726,12.79818726,7.325392723,0.477387011,101.9157639,5.099955559,6.156746387,227.9374695,227.5143433,15.24852562,72.29269409,Spring,1
3/11/2029,14.71840286,16.82788849,12.84822083,7.351773262,0.473256379,101.9099655,5.088026047,6.143300533,227.182785,226.7330017,15.28622246,72.34363556,Spring,1
3/12/2029,14.76818848,16.87723541,12.89898682,7.37878418,0.468903124,101.9036865,5.07627058,6.130012989,226.3934479,225.9136963,15.32510662,72.39507294,Spring,1
3/13/2029,14.81850529,16.92691994,12.95046616,7.406456947,0.464307874,101.8969498,5.06470871,6.116902828,225.5678406,225.0550079,15.36517715,72.44698334,Spring,1
3/14/2029,14.86934948,16.97694588,13.00264835,7.43481636,0.45945397,101.8897552,5.053355694,6.103988171,224.7047424,224.155899,15.40642929,72.49932861,Spring,1
3/15/2029,14.92072487,17.02732086,13.0555191,7.463891029,0.454327554,101.8821182,5.042227745,6.091288567,223.8031158,223.2155914,15.44886398,72.55205536,Spring,1
3/16/2029,14.9726305,17.07806015,13.10907173,7.493703842,0.448918045,101.8740616,5.031340599,6.078818321,222.8623047,222.2337036,15.49248123,72.60511017,Spring,1
3/17/2029,15.02507782,17.12918091,13.16330051,7.52427578,0.443218052,101.8656006,5.02070713,6.066595554,221.8819427,221.210144,15.53727818,72.65843201,Spring,1
3/18/2029,15.07807541,17.18070412,13.21820259,7.555621147,0.437223881,101.8567657,5.010340214,6.054633141,220.861969,220.1452179,15.58325386,72.71194458,Spring,1
3/19/2029,15.13163757,17.23265457,13.27377319,7.58775425,0.430935234,101.8475952,5.000253677,6.042947769,219.8027802,219.0395966,15.63041019,72.76556396,Spring,1
3/20/2029,15.18577862,17.28505707,13.330019,7.62068224,0.424355596,101.8380966,4.990456104,6.0315485,218.7049103,217.8942871,15.67874336,72.81921387,Spring,1
3/21/2029,15.24051476,17.33794785,13.3869381,7.65441227,0.417492121,101.828331,4.980959415,6.020449162,217.569458,216.7106781,15.7282505,72.8727951,Spring,1
3/22/2029,15.29586411,17.39134598,13.44453526,7.688941002,0.410355568,101.8183212,4.97176981,6.009658813,216.3977051,215.4904938,15.77892971,72.92620087,Spring,1
3/23/2029,15.35184669,17.44529343,13.50281525,7.724264145,0.402960569,101.8081055,4.962896347,5.999186993,215.19133,214.2358398,15.83077812,72.9793396,Spring,1
3/24/2029,15.40847969,17.49981499,13.56178284,7.760373592,0.395324945,101.7977371,4.954344273,5.989039421,213.9523621,212.9490814,15.88378716,73.03208923,Spring,1
3/25/2029,15.46578407,17.55494308,13.62144661,7.797254562,0.387470096,101.7872543,4.946117401,5.979223728,212.683075,211.6329498,15.93795395,73.08435059,Spring,1
3/26/2029,15.52377796,17.61071014,13.68180656,7.834888458,0.379420519,101.7767029,4.938219547,5.969741821,211.3860779,210.2904358,15.99326515,73.13598633,Spring,1
3/27/2029,15.58248138,17.66714478,13.74287319,7.873251438,0.371203959,101.7661209,4.930651665,5.960597515,210.0642242,208.9248199,16.04971695,73.18688965,Spring,1
3/28/2029,15.64191055,17.7242775,13.80465221,7.912317276,0.362850696,101.7555618,4.923413277,5.951790333,208.7206573,207.539566,16.1072979,73.23695374,Spring,1
3/29/2029,15.70208168,17.7821312,13.86714554,7.952054977,0.354393393,101.745079,4.916503906,5.943319798,207.3586884,206.1384277,16.16599083,73.28603363,Spring,1
3/30/2029,15.76301098,17.84072876,13.9303627,7.992431641,0.345867068,101.7347031,4.909919262,5.935182095,205.9818268,204.7252502,16.22578812,73.33403015,Spring,1
3/31/2029,15.82471085,17.90009499,13.9943037,8.033407211,0.337308198,101.7244949,4.903654099,5.927373409,204.5937653,203.3040161,16.28666878,73.38082886,Spring,1
4/1/2029,15.88719273,17.96024513,14.05897427,8.074943542,0.32875526,101.7144928,4.897701263,5.919884682,203.1982727,201.878891,16.34861755,73.42631531,Spring,1
4/2/2029,15.95046806,18.02119637,14.1243782,8.116998672,0.320247024,101.7047348,4.892053127,5.912708759,201.7992859,200.4539795,16.41162109,73.47039795,Spring,1
4/3/2029,16.01454163,18.08296204,14.19051552,8.15953064,0.311823249,101.6952744,4.886698723,5.905833244,200.4007416,199.033493,16.4756546,73.51296997,Spring,1
4/4/2029,16.07942009,18.14554787,14.25738716,8.202492714,0.303523749,101.686142,4.881625652,5.899245262,199.0065613,197.6216278,16.54069901,73.55393982,Spring,1
4/5/2029,16.14510918,18.20896339,14.32499504,8.245842934,0.295388281,101.6773834,4.876820087,5.892929554,197.6207123,196.2224731,16.60673714,73.5932312,Spring,1
4/6/2029,16.21160698,18.27320862,14.39333916,8.289536476,0.287455708,101.6690292,4.872266769,5.886868,196.2470093,194.8400574,16.6737442,73.63078308,Spring,1
4/7/2029,16.27891731,18.33828354,14.4624176,8.333530426,0.279763639,101.6611176,4.867947578,5.88104248,194.889267,193.4782562,16.74169922,73.66652679,Spring,1
4/8/2029,16.34704018,18.40418434,14.53223038,8.377786636,0.272348166,101.6536789,4.863842964,5.875430107,193.5511017,192.1407471,16.8105793,73.70040894,Spring,1
4/9/2029,16.41596794,18.47090912,14.60277557,8.422262192,0.265243679,101.6467361,4.859933853,5.870007992,192.2359467,190.8310394,16.88036346,73.73240662,Spring,1
4/10/2029,16.48569679,18.53844261,14.67405224,8.46692276,0.25848189,101.6403122,4.856194973,5.864750385,190.9471283,189.5523682,16.95103264,73.76249695,Spring,1
4/11/2029,16.55622482,18.60678101,14.74606133,8.511735916,0.252091467,101.6344299,4.852604389,5.859631062,189.6875458,188.307724,17.02256584,73.79065704,Spring,1
4/12/2029,16.6275444,18.67590523,14.81879997,8.556676865,0.24609825,101.6291046,4.849134922,5.854619503,188.460022,187.0997009,17.09494019,73.81690216,Spring,1
4/13/2029,16.69964981,18.74580765,14.89227009,8.601716995,0.240524605,101.6243591,4.845760822,5.849686623,187.266983,185.9306793,17.16814232,73.84124756,Spring,1
4/14/2029,16.77253342,18.81646919,14.96646976,8.646842957,0.235388845,101.6201859,4.842453957,5.844799042,186.1105194,184.8026123,17.24215126,73.86373138,Spring,1
4/15/2029,16.8461895,18.8878746,15.04140282,8.69203949,0.23070538,101.6166077,4.839184761,5.839923859,184.9924164,183.7170715,17.31695747,73.88438416,Spring,1
4/16/2029,16.92061234,18.96001053,15.11707115,8.737300873,0.226483852,101.6136246,4.835922718,5.835026264,183.9140778,182.6752625,17.39254379,73.90328217,Spring,1
4/17/2029,16.99580002,19.0328598,15.19348049,8.782627106,0.22273013,101.6112289,4.832636356,5.830070972,182.8765717,181.6779633,17.4689045,73.92047882,Spring,1
4/18/2029,17.07174492,19.10640717,15.27063656,8.828024864,0.219444811,101.6094208,4.829295158,5.825021267,181.8805084,180.7255249,17.54603004,73.93606567,Spring,1
4/19/2029,17.14844513,19.18064117,15.34854698,8.873506546,0.216624022,101.6081848,4.825866222,5.819840431,180.9261169,179.8179169,17.62391853,73.95012665,Spring,1
4/20/2029,17.22590256,19.25555038,15.42722225,8.919092178,0.21425879,101.6075287,4.822317123,5.814491272,180.0133362,178.9546814,17.70256615,73.96277618,Spring,1
4/21/2029,17.30411911,19.33111954,15.50667572,8.964810371,0.212335601,101.6074219,4.818615437,5.808936119,179.1415405,178.1349487,17.78197479,73.97410583,Spring,1
4/22/2029,17.38309479,19.40734863,15.58692074,9.010692596,0.210836157,101.6078491,4.814728737,5.803136826,178.3098602,177.3573914,17.86215401,73.98425293,Spring,1
4/23/2029,17.46284103,19.48423004,15.66797543,9.056778908,0.209737256,101.6088028,4.810625553,5.797058582,177.5169373,176.6204071,17.94310951,73.99333191,Spring,1
4/24/2029,17.54336357,19.56176186,15.7498579,9.103116989,0.209011257,101.6102448,4.806273937,5.790663242,176.7610931,175.9218597,18.02485275,74.0014801,Spring,1
4/25/2029,17.62467766,19.63994789,15.8325901,9.149759293,0.20862627,101.6121597,4.801643848,5.78391695,176.04039,175.2594299,18.10740471,74.00881958,Spring,1
4/26/2029,17.70679474,19.71879196,15.91619778,9.196762085,0.208546191,101.6145248,4.796704292,5.776784897,175.3523712,174.6303558,18.19078064,74.01547241,Spring,1
4/27/2029,17.78973579,19.79830551,16.00070572,9.244190216,0.208731085,101.6173019,4.791429043,5.769234657,174.694458,174.0316162,18.27500534,74.02157593,Spring,1
4/28/2029,17.8735218,19.87850571,16.08614349,9.292113304,0.209137604,101.6204681,4.785789967,5.761235714,174.0636749,173.4598999,18.36010361,74.02726746,Spring,1
4/29/2029,17.95817566,19.9594059,16.17254448,9.340600014,0.20971927,101.6239929,4.779762745,5.752759457,173.4568939,172.9117584,18.44610977,74.03265381,Spring,1
4/30/2029,18.04372406,20.04103088,16.25993729,9.389728546,0.210426793,101.6278381,4.77332449,5.743779659,172.8707581,172.3834229,18.53305435,74.03785706,Spring,1
5/1/2029,18.13019943,20.12340736,16.34835815,9.439573288,0.211208671,101.6319733,4.766453743,5.73427248,172.301651,171.871048,18.62096786,74.04298401,Spring,1
5/2/2029,18.21763229,20.20656395,16.43784332,9.490217209,0.212011501,101.6363678,4.759132862,5.724215508,171.7459869,171.3706512,18.70989609,74.04812622,Spring,1
5/3/2029,18.30605698,20.29053879,16.52842712,9.541737556,0.212780714,101.6409836,4.751345634,5.713593006,171.1999359,170.8781738,18.79987335,74.05337524,Spring,1
5/4/2029,18.39550972,20.37536621,16.62015152,9.594218254,0.213460609,101.6457977,4.743079185,5.702389717,170.6597443,170.3895111,18.89094543,74.05879974,Spring,1
5/5/2029,18.48603058,20.4610939,16.71305275,9.647735596,0.213995636,101.6507645,4.734323025,5.690592766,170.1215363,169.9006805,18.98315239,74.06445313,Spring,1
5/6/2029,18.5776577,20.54776001,16.80716705,9.70236969,0.214330032,101.6558533,4.725070477,5.678196907,169.5815582,169.4076385,19.0765419,74.07037354,Spring,1
5/7/2029,18.67043495,20.63541603,16.90253067,9.758195877,0.214408889,101.6610413,4.715317726,5.665196896,169.0361023,168.9065247,19.17115402,74.07659149,Spring,1
5/8/2029,18.76439857,20.72410965,16.99918365,9.815286636,0.214178935,101.6662827,4.705064297,5.651594162,168.4815674,168.3935852,19.26703835,74.08309174,Spring,1
5/9/2029,18.85959435,20.81389618,17.09716034,9.873706818,0.213588312,101.6715622,4.694312096,5.637390137,167.9145508,167.8652649,19.36423492,74.08985901,Spring,1
5/10/2029,18.9560585,20.9048214,17.19648743,9.933520317,0.212587565,101.6768494,4.683069229,5.622595787,167.3318481,167.3182831,19.46278954,74.09687042,Spring,1
5/11/2029,19.05383492,20.99694443,17.29720306,9.994783401,0.211130157,101.682106,4.67134428,5.607221603,166.730423,166.7495728,19.56274223,74.10404205,Spring,1
5/12/2029,19.15295601,21.09031677,17.39933014,10.05754471,0.209172979,101.6873169,4.6591506,5.591284275,166.1076202,166.1564178,19.66413498,74.11131287,Spring,1
5/13/2029,19.25345993,21.18498611,17.50289536,10.12184525,0.206676468,101.6924515,4.646504402,5.574804306,165.4610138,165.5363617,19.7670002,74.11856079,Spring,1
5/14/2029,19.3553791,21.28101158,17.60791397,10.18771935,0.20360519,101.6974945,4.633426666,5.557806492,164.7885742,164.8874512,19.87137604,74.12566376,Spring,1
5/15/2029,19.45874214,21.37843323,17.71440315,10.2551899,0.199928254,101.7024231,4.619941711,5.540317535,164.0885773,164.2080078,19.97728729,74.13248444,Spring,1
5/16/2029,19.56357384,21.47730255,17.82237625,10.32427406,0.195619896,101.7072144,4.60607338,5.522371292,163.359726,163.4967957,20.08476257,74.13883972,Spring,1
5/17/2029,19.66989708,21.57765961,17.93183517,10.39497375,0.190659359,101.7118607,4.591853619,5.504002571,162.601181,162.7530365,20.19382477,74.14455414,Spring,1
5/18/2029,19.77772141,21.67954254,18.04277802,10.46728706,0.185031071,101.7163391,4.577314377,5.485249996,161.8124084,161.9763794,20.30448341,74.14942169,Spring,1
5/19/2029,19.88706398,21.78298187,18.15520096,10.54119492,0.178725183,101.7206421,4.562491894,5.466155529,160.9934082,161.1669159,20.41675568,74.15320587,Spring,1
5/20/2029,19.9979229,21.88801193,18.26908684,10.61667156,0.171737909,101.724762,4.547422409,5.4467659,160.1445465,160.3251801,20.53063965,74.1556778,Spring,1
5/21/2029,20.11029816,21.99464798,18.38441849,10.69368172,0.164070994,101.7286911,4.532146454,5.427126408,159.2667389,159.4522247,20.64613533,74.15657806,Spring,1
5/22/2029,20.22417831,22.10290909,18.5011673,10.77217674,0.155731753,101.7324142,4.516706467,5.407289028,158.3611908,158.5495148,20.76323318,74.15563965,Spring,1
5/23/2029,20.33954811,22.21280098,18.61930084,10.85209656,0.146733657,101.7359314,4.501146317,5.38730526,157.4296875,157.618927,20.88191605,74.15260315,Spring,1
5/24/2029,20.45638275,22.32432175,18.73877335,10.9333744,0.137096211,101.7392426,4.485509872,5.367228031,156.4743652,156.6628113,21.00215912,74.14716339,Spring,1
5/25/2029,20.57464981,22.43746567,18.85953903,11.01593018,0.126843929,101.7423477,4.469845295,5.347111702,155.4977417,155.6838837,21.1239357,74.13903809,Spring,1
5/26/2029,20.69430923,22.55221176,18.98153877,11.09967613,0.116007082,101.7452393,4.454197884,5.327012539,154.5027771,154.6852875,21.24720001,74.12794495,Spring,1
5/27/2029,20.81531334,22.66854095,19.10470963,11.18451691,0.104620807,101.7479248,4.438615322,5.306987286,153.4927826,153.6704712,21.371912,74.11358643,Spring,1
5/28/2029,20.9376049,22.78641129,19.22898102,11.27034283,0.0927255,101.7503967,4.423144817,5.287090302,152.471344,152.6432648,21.49801254,74.09567261,Spring,1
5/29/2029,21.06112289,22.90578461,19.35427475,11.35704422,0.080365852,101.7526779,4.407833099,5.267377377,151.4424438,151.6077118,21.62544441,74.07392883,Spring,1
5/30/2029,21.18579102,23.0266037,19.4805069,11.44449997,0.067590795,101.7547531,4.392727375,5.247902393,150.4101868,150.5681915,21.75413513,74.04808044,Spring,1
5/31/2029,21.31153107,23.14880753,19.60758591,11.53258514,0.054452617,101.7566452,4.37787199,5.228720665,149.3790741,149.5292358,21.88401031,74.01786804,Spring,1
6/1/2029,21.43825912,23.27232552,19.7354126,11.62116814,0.041007318,101.7583466,4.36330986,5.209881306,148.3536682,148.495575,22.01498413,73.98303223,Summer,2
6/2/2029,21.56587601,23.39707756,19.86388397,11.71011353,0.027313387,101.7598648,4.3490839,5.191435337,147.3386841,147.4720154,22.14696884,73.94335938,Summer,2
6/3/2029,21.69428635,23.52297211,19.99289322,11.79928398,0.013431504,101.7612152,4.335233212,5.173427105,146.3390198,146.4635162,22.27986526,73.89863586,Summer,2
6/4/2029,21.82337761,23.64991379,20.12232971,11.88854027,-0.000575863,101.7623978,4.321794987,5.155903339,145.3594971,145.4749756,22.4135704,73.84866333,Summer,2
6/5/2029,21.95303917,23.7777977,20.25207138,11.97774315,-0.0146452,101.7634201,4.308804035,5.138901234,144.4050751,144.511322,22.54798126,73.79329681,Summer,2
6/6/2029,22.08315468,23.90650749,20.38200378,12.06675053,-0.028712619,101.7642975,4.296291351,5.122459888,143.4805145,143.5774231,22.68297768,73.73239136,Summer,2
6/7/2029,22.21359825,24.03592682,20.51200104,12.15542507,-0.042714026,101.7650299,4.284284592,5.106610298,142.5906219,142.678009,22.81844711,73.66584778,Summer,2
6/8/2029,22.3442421,24.1659317,20.64193726,12.24363136,-0.056586158,101.765625,4.272809029,5.091382027,141.7399597,141.8176422,22.95426178,73.59358978,Summer,2
6/9/2029,22.47496033,24.29638481,20.77169037,12.33123589,-0.070266835,101.7660904,4.261883736,5.076798439,140.9329681,141.0007019,23.09030151,73.51557922,Summer,2
6/10/2029,22.60561943,24.42715454,20.90113068,12.41810989,-0.083695799,101.7664261,4.251526356,5.062878132,140.1738434,140.2312622,23.22644043,73.43180847,Summer,2
6/11/2029,22.73608208,24.55809784,21.03013229,12.50413513,-0.096814908,101.766655,4.241748333,5.04963541,139.4664764,139.5131378,23.3625412,73.34229279,Summer,2
6/12/2029,22.86621666,24.68907166,21.15856743,12.58919334,-0.109568991,101.7667618,4.23255825,5.037080765,138.8144531,138.8498383,23.49847984,73.24712372,Summer,2
6/13/2029,22.99588585,24.81993103,21.28631592,12.67317772,-0.121906027,101.7667618,4.223960876,5.025216579,138.2210693,138.2444458,23.63411903,73.14637756,Summer,2
6/14/2029,23.12495422,24.95052338,21.41325378,12.75599098,-0.133777931,101.766655,4.21595335,5.014042854,137.6891022,137.6996002,23.76932907,73.04022217,Summer,2
6/15/2029,23.25329208,25.08070755,21.53926086,12.83753967,-0.145140693,101.766449,4.208531857,5.00355196,137.2210693,137.2176971,23.90398026,72.92881012,Summer,2
6/16/2029,23.3807621,25.21033096,21.66422462,12.9177475,-0.155954823,101.7661514,4.201687336,4.99373436,136.8188782,136.8004761,24.03793716,72.81236267,Summer,2
6/17/2029,23.5072422,25.33924484,21.78803635,12.99654198,-0.166185945,101.7657471,4.195405006,4.984571934,136.4841156,136.4492645,24.17107964,72.69113159,Summer,2
6/18/2029,23.6326046,25.46730804,21.9105854,13.07386589,-0.175804153,101.7652588,4.189668655,4.976044178,136.2177582,136.1649475,24.30327797,72.56539917,Summer,2
6/19/2029,23.75672722,25.5943718,22.03177834,13.14966965,-0.184785798,101.7646713,4.184454441,4.96812582,136.0204163,135.9478607,24.434412,72.43547821,Summer,2
6/20/2029,23.87949944,25.72030258,22.15151405,13.22391891,-0.193111926,101.7639923,4.179738045,4.960785389,135.8920746,135.797821,24.56436157,72.30171967,Summer,2
6/21/2029,24.0008049,25.84496307,22.26971245,13.29658508,-0.200770006,101.7632217,4.175489426,4.953988075,135.8322449,135.7141571,24.69301414,72.164505,Summer,2
6/22/2029,24.12054825,25.96822739,22.38628769,13.36765862,-0.207752079,101.7623596,4.171676636,4.947696209,135.8399506,135.6957245,24.82025909,72.02423859,Summer,2
6/23/2029,24.23862839,26.08996582,22.50117111,13.43713188,-0.214056894,101.7613983,4.168264389,4.941868782,135.9136353,135.74086,24.94599533,71.88134766,Summer,2
6/24/2029,24.35495377,26.21006393,22.61429214,13.50501823,-0.219688162,101.7603531,4.165212631,4.936458588,136.0513763,135.8473816,25.07012558,71.73629761,Summer,2
6/25/2029,24.46944618,26.3284111,22.72559929,13.57133675,-0.224655256,101.7592087,4.162483215,4.931420326,136.2506256,136.0126801,25.19255829,71.58953857,Summer,2
6/26/2029,24.58202553,26.44490051,22.83503532,13.63611603,-0.228972405,101.7579651,4.160031796,4.926702976,136.5084534,136.2337036,25.31320763,71.44158173,Summer,2
6/27/2029,24.69263077,26.55944061,22.94256401,13.69939613,-0.232659042,101.7566299,4.15781498,4.922255039,136.8215179,136.5069733,25.43199158,71.29292297,Summer,2
6/28/2029,24.80119896,26.67193985,23.04814911,13.76122284,-0.235739604,101.7552032,4.155787468,4.918023109,137.1859741,136.8286743,25.54884338,71.14405823,Summer,2
6/29/2029,24.90768242,26.78232574,23.15176201,13.82165527,-0.238242298,101.7536697,4.153903961,4.913955212,137.597702,137.1945953,25.66369438,70.99552155,Summer,2
6/30/2029,25.01203537,26.890522,23.25338554,13.88075638,-0.240199387,101.7520447,4.152117252,4.90999651,138.0522308,137.6002045,25.77648926,70.8478241,Summer,2
7/1/2029,25.11422348,26.99646378,23.35300636,13.93859482,-0.241646543,101.7503128,4.150382519,4.906094551,138.5447235,138.0408173,25.88717461,70.70147705,Summer,2
7/2/2029,25.21422005,27.1001091,23.45062256,13.99524689,-0.242622405,101.7484894,4.148653984,4.90219593,139.0701599,138.5113983,25.99570847,70.55699158,Summer,2
7/3/2029,25.3120079,27.20139694,23.54623032,14.05079079,-0.243168518,101.7465744,4.146887779,4.898251057,139.6232605,139.0067902,26.10204697,70.41487885,Summer,2
7/4/2029,25.40757179,27.30030441,23.63983917,14.10531235,-0.243327379,101.7445602,4.145041466,4.894209862,140.1986542,139.5217438,26.20616531,70.27561951,Summer,2
7/5/2029,25.50090599,27.39679718,23.73146248,14.15889168,-0.243143544,101.7424469,4.143074989,4.890026569,140.7907715,140.0508728,26.3080368,70.13969421,Summer,2
7/6/2029,25.59201241,27.49085236,23.82111549,14.21161652,-0.242661655,101.7402496,4.140949726,4.88565731,141.394043,140.5888062,26.40763855,70.00753784,Summer,2
7/7/2029,25.68089485,27.5824585,23.90882111,14.26356888,-0.241927475,101.7379684,4.138630867,4.881062508,142.0028687,141.1302185,26.50495911,69.8795929,Summer,2
7/8/2029,25.76756668,27.67160797,23.99460411,14.31483459,-0.240985289,101.7356033,4.136086941,4.876204967,142.6116943,141.6698151,26.59999084,69.75626373,Summer,2
7/9/2029,25.85203934,27.75829697,24.07849121,14.36548996,-0.239878625,101.7331619,4.133289814,4.871054649,143.2150726,142.2024231,26.69272614,69.63792419,Summer,2
7/10/2029,25.93433571,27.84253693,24.16051292,14.41561317,-0.238649338,101.7306519,4.130214691,4.865582466,143.8076477,142.7230988,26.78316689,69.52490234,Summer,2
7/11/2029,26.01447868,27.92432404,24.24069786,14.46526909,-0.237337291,101.7280807,4.126841545,4.859768391,144.3843231,143.2270966,26.871315,69.41751099,Summer,2
7/12/2029,26.09248924,28.00368881,24.31908417,14.51452637,-0.235979065,101.7254486,4.123155594,4.85359478,144.9402008,143.7098999,26.95717812,69.31602478,Summer,2
7/13/2029,26.16839409,28.08063507,24.39569473,14.56344032,-0.234607965,101.7227707,4.11914444,4.847050667,145.4706726,144.1673431,27.04076385,69.22067261,Summer,2
7/14/2029,26.24221992,28.15518951,24.4705677,14.61205864,-0.233253777,101.720047,4.114804268,4.840130806,145.9714661,144.5955811,27.12208176,69.13166046,Summer,2
7/15/2029,26.31399918,28.22737122,24.54372406,14.66041946,-0.231941566,101.717308,4.110132694,4.832835674,146.4386292,144.9912109,27.20114517,69.04911804,Summer,2
7/16/2029,26.38375282,28.29720688,24.61519432,14.70855141,-0.23069194,101.7145386,4.105134487,4.825172901,146.8686829,145.35112,27.27796555,68.97317505,Summer,2
7/17/2029,26.45150185,28.36471558,24.68500137,14.75646973,-0.229520336,101.7117691,4.099819183,4.817154408,147.2585144,145.6727905,27.35255814,68.90388489,Summer,2
7/18/2029,26.51727676,28.4299202,24.75316048,14.80418587,-0.228436664,101.7090073,4.094200134,4.808799267,147.605484,145.954071,27.42493057,68.84127808,Summer,2
7/19/2029,26.58108711,28.49285126,24.8196907,14.85169029,-0.22744523,101.7062607,4.088297844,4.800132275,147.9075012,146.1932983,27.49509811,68.78534698,Summer,2
7/20/2029,26.64295769,28.55351639,24.88459587,14.89896774,-0.226544544,101.703537,4.082137108,4.791183949,148.1628876,146.3893585,27.5630703,68.73602295,Summer,2
7/21/2029,26.70289803,28.61194229,24.94788361,14.94598579,-0.225727051,101.7008591,4.075746536,4.781991005,148.3704834,146.5415802,27.62885094,68.69321442,Summer,2
7/22/2029,26.76091385,28.66814423,25.009552,14.99270439,-0.224979073,101.6982346,4.069161415,4.772595882,148.5296936,146.649826,27.69244766,68.65678406,Summer,2
7/23/2029,26.81700516,28.72212601,25.06959343,15.03907013,-0.22428073,101.6956787,4.062417984,4.76304388,148.6404572,146.7145386,27.75386429,68.62656403,Summer,2
7/24/2029,26.87117386,28.77389908,25.12798882,15.08501625,-0.223606437,101.6932068,4.055559635,4.753387451,148.7032166,146.736557,27.81309891,68.60233307,Summer,2
7/25/2029,26.9234066,28.82346725,25.18471718,15.13046265,-0.222924501,101.6908264,4.048633575,4.743682384,148.7189026,146.7172852,27.87014771,68.5838623,Summer,2
7/26/2029,26.97369003,28.87082291,25.23975182,15.17531967,-0.222197577,101.6885529,4.041687965,4.733989239,148.6889954,146.6585541,27.92499924,68.57086945,Summer,2
7/27/2029,27.02200317,28.91596222,25.2930584,15.21948814,-0.221382752,101.6863937,4.034775734,4.724370003,148.6154785,146.5627136,27.97764969,68.56305695,Summer,2
7/28/2029,27.06831551,28.95887375,25.34459114,15.26285934,-0.220432431,101.6843719,4.027952194,4.714891911,148.5007477,146.4324493,28.02807808,68.560112,Summer,2
7/29/2029,27.11259651,28.99953079,25.39430428,15.30531311,-0.219293505,101.6824799,4.021274567,4.705622673,148.3476868,146.2709808,28.07626152,68.56167603,Summer,2
7/30/2029,27.15480804,29.03791428,25.44214058,15.34672165,-0.217909366,101.680748,4.014801025,4.696633816,148.1595764,146.0818024,28.12217903,68.56739807,Summer,2
7/31/2029,27.19489861,29.07398987,25.48803902,15.38694763,-0.216219321,101.679184,4.008590698,4.687995434,147.9401245,145.8687439,28.165802,68.57688904,Summer,2
8/1/2029,27.2328186,29.10772324,25.53192902,15.42585564,-0.214159295,101.6777802,4.002705574,4.679780483,147.6933136,145.6359863,28.20710182,68.58977509,Summer,2
8/2/2029,27.26851463,29.13907623,25.57374191,15.46329498,-0.211662635,101.6765594,3.997203827,4.672060013,147.4234619,145.3879395,28.24603653,68.60565186,Summer,2
8/3/2029,27.30192375,29.16799545,25.61340141,15.4991169,-0.208660841,101.6755295,3.992146492,4.664906025,147.1352386,145.1291809,28.28256989,68.62412262,Summer,2
8/4/2029,27.33297729,29.19444656,25.65082169,15.5331707,-0.205083802,101.6746902,3.987591982,4.658386707,146.8333435,144.8645325,28.31665993,68.64479828,Summer,2
8/5/2029,27.36160851,29.21835327,25.68592072,15.56530571,-0.200860813,101.674057,3.983596087,4.652570724,146.5228119,144.5988617,28.34825897,68.6672821,Summer,2
8/6/2029,27.387743,29.2396698,25.71860886,15.59536934,-0.195921183,101.6736221,3.980213881,4.647522449,146.208725,144.3370972,28.37732315,68.69119263,Summer,2
8/7/2029,27.4113102,29.25833511,25.74880219,15.62320709,-0.190194979,101.6733932,3.977498055,4.643303871,145.8962708,144.0842438,28.40379524,68.71614838,Summer,2
8/8/2029,27.43222809,29.27428055,25.77640343,15.64867973,-0.183613986,101.673378,3.975495815,4.639972687,145.5906067,143.8452148,28.42762947,68.74180603,Summer,2
8/9/2029,27.45042229,29.28744888,25.80133057,15.6716404,-0.176112011,101.6735687,3.974253416,4.637580872,145.296936,143.6248932,28.44877434,68.76780701,Summer,2
8/10/2029,27.4658165,29.29776764,25.82349014,15.69195175,-0.167625725,101.6739731,3.973810196,4.636178017,145.0203705,143.4279785,28.46717072,68.79385376,Summer,2
8/11/2029,27.47833061,29.3051796,25.84279251,15.70948982,-0.158095524,101.6745911,3.974202871,4.635805607,144.7658386,143.2590637,28.48277092,68.81963348,Summer,2
8/12/2029,27.48789406,29.30961609,25.85915756,15.72413063,-0.147466406,101.675415,3.975463152,4.636501312,144.5381622,143.1224365,28.49552345,68.84487915,Summer,2
8/13/2029,27.49443626,29.31101608,25.87249947,15.73576736,-0.135688141,101.676445,3.977615833,4.638295174,144.3419342,143.0222015,28.50537682,68.86936951,Summer,2
8/14/2029,27.49788857,29.30931854,25.88274384,15.74429703,-0.122716226,101.677681,3.980682135,4.641210556,144.1814575,142.9621124,28.51228142,68.89286804,Summer,2
8/15/2029,27.4981842,29.30447388,25.88981819,15.7496376,-0.108512238,101.6791077,3.984674692,4.645264149,144.060791,142.9456482,28.51619339,68.91522217,Summer,2
8/16/2029,27.49527168,29.29642868,25.89365959,15.75171471,-0.093044795,101.6807327,3.989603043,4.650466442,143.9836273,142.9758453,28.51706886,68.93625641,Summer,2
8/17/2029,27.48909569,29.28513336,25.89420891,15.75046539,-0.076289892,101.6825409,3.995469332,4.65681839,143.9533081,143.0554199,28.5148716,68.95588684,Summer,2
8/18/2029,27.47961235,29.27055359,25.89141846,15.7458477,-0.058230732,101.6845245,4.002267838,4.664315224,143.9727478,143.1866302,28.50956726,68.97402191,Summer,2
8/19/2029,27.46678543,29.25265884,25.88524246,15.73782921,-0.038859189,101.6866837,4.009988785,4.672944069,144.0445099,143.3712921,28.50112534,68.99061584,Summer,2
8/20/2029,27.45059013,29.23142624,25.8756485,15.72639275,-0.018175058,101.689003,4.018615723,4.682684422,144.170639,143.6108093,28.48952484,69.00566864,Summer,2
8/21/2029,27.43100357,29.20683289,25.86261749,15.71154594,0.003812913,101.6914825,4.028123856,4.693508148,144.3527832,143.9060822,28.4747467,69.01920319,Summer,2
8/22/2029,27.40802193,29.17887878,25.84613609,15.69330215,0.027087135,101.6941071,4.038484573,4.705381393,144.5921478,144.2575531,28.4567852,69.03127289,Summer,2
8/23/2029,27.38164139,29.14756775,25.82619858,15.67169189,0.051621437,101.6968765,4.049661636,4.718260765,144.8893433,144.6652069,28.43563271,69.0419693,Summer,2
8/24/2029,27.35187531,29.11291122,25.8028183,15.64677048,0.077380523,101.6997681,4.06161499,4.732098579,145.2446442,145.1285706,28.41129112,69.05140686,Summer,2
8/25/2029,27.31874847,29.07493591,25.77601242,15.61859703,0.104320295,101.7027817,4.074296951,4.746838093,145.6577759,145.6467438,28.38377953,69.05974579,Summer,2
8/26/2029,27.28229141,29.03367233,25.74581146,15.58725166,0.132387623,101.7059097,4.087655544,4.762420177,146.1279907,146.218277,28.35311127,69.06713867,Summer,2
8/27/2029,27.2425499,28.98917389,25.71226311,15.55282974,0.161521345,101.709137,4.101635456,4.778776646,146.6542358,146.8414154,28.31931305,69.0737915,Summer,2
8/28/2029,27.19958305,28.94149399,25.67541695,15.51543808,0.191651776,101.7124557,4.116175175,4.795836926,147.2348022,147.5139465,28.28242302,69.07992554,Summer,2
8/29/2029,27.15345192,28.89069366,25.63533592,15.47519493,0.22270149,101.7158661,4.131210327,4.813523293,147.8677063,148.2333221,28.24248314,69.08575439,Summer,2
8/30/2029,27.1042347,28.83686066,25.59209442,15.43223763,0.254585177,101.7193527,4.146674156,4.831757545,148.5506287,148.9965668,28.199543,69.0915451,Summer,2
8/31/2029,27.05202293,28.78007889,25.54578018,15.38670731,0.28721118,101.722908,4.162494183,4.850455761,149.2807007,149.8005066,28.15366173,69.09754181,Summer,2
9/1/2029,26.996912,28.72045135,25.49648666,15.33875275,0.320481062,101.726532,4.178599358,4.869533062,150.0549316,150.6416016,28.10490608,69.10401917,Autumn,3
9/2/2029,26.93900681,28.65808487,25.44431496,15.28854179,0.354290605,101.7302094,4.194914818,4.888900757,150.8699036,151.5161438,28.05334854,69.11123657,Autumn,3
9/3/2029,26.87842369,28.59309769,25.3893795,15.23623466,0.388530374,101.7339401,4.2113657,4.908470631,151.7220612,152.4201965,27.99907303,69.11946869,Autumn,3
9/4/2029,26.81528664,28.52561188,25.33179474,15.18201065,0.423086822,101.7377167,4.227876663,4.928154945,152.6075134,153.3496399,27.94215775,69.12898254,Autumn,3
9/5/2029,26.74972534,28.45576859,25.27169037,15.12604523,0.457842231,101.7415314,4.244371891,4.947864056,153.5222931,154.3003387,27.88270378,69.14004517,Autumn,3
9/6/2029,26.68187523,28.38370514,25.20919418,15.06851959,0.492676347,101.7453842,4.260777473,4.967511177,154.462326,155.2680054,27.82080841,69.15288544,Autumn,3
9/7/2029,26.61187935,28.3095665,25.1444416,15.00960922,0.527466536,101.7492752,4.277022362,4.987010479,155.4233551,156.2484131,27.756567,69.16775513,Autumn,3
9/8/2029,26.53988075,28.23350143,25.07757187,14.94949722,0.562089324,101.7531891,4.293034554,5.006279945,156.4011993,157.2372589,27.69009781,69.18487549,Autumn,3
9/9/2029,26.46603012,28.15567017,25.00872612,14.88836288,0.596420348,101.7571259,4.308746815,5.025238991,157.3916016,158.2304382,27.62150383,69.20443726,Autumn,3
9/10/2029,26.39047813,28.07622528,24.9380455,14.82637596,0.630335808,101.7610931,4.324095726,5.043813229,158.3904266,159.2239227,27.5508976,69.22661591,Autumn,3
9/11/2029,26.31337166,27.995327,24.86567116,14.76370621,0.663713336,101.7650757,4.339020729,5.061931133,159.3936005,160.2138062,27.47839737,69.25157166,Autumn,3
9/12/2029,26.23486519,27.91313171,24.79174614,14.70051384,0.696432829,101.7690811,4.353467941,5.079528332,160.3972015,161.1964264,27.40411949,69.27940369,Autumn,3
9/13/2029,26.15510559,27.82979584,24.71640778,14.63695335,0.728376567,101.7731018,4.367383957,5.096544266,161.397522,162.1683502,27.32818031,69.31023407,Autumn,3
9/14/2029,26.07423782,27.74547958,24.63978958,14.5731678,0.759431124,101.7771378,4.380725861,5.112926483,162.3910065,163.1264191,27.25069427,69.34410858,Autumn,3
9/15/2029,25.99240494,27.66032791,24.56202316,14.50928688,0.789487362,101.7811966,4.393455029,5.128627777,163.3744354,164.0677948,27.17177963,69.38105011,Autumn,3
9/16/2029,25.90973854,27.57448578,24.4832325,14.44543266,0.81844151,101.7852631,4.405537605,5.143610001,164.3448639,164.989975,27.09154701,69.42106628,Autumn,3
9/17/2029,25.82637215,27.48809814,24.40353584,14.38171387,0.846196055,101.7893524,4.416947842,5.157841206,165.2995758,165.8907776,27.01010513,69.46408844,Autumn,3
9/18/2029,25.74242592,27.40128708,24.32304192,14.31822205,0.872659326,101.7934494,4.42766571,5.171299458,166.2363434,166.7685089,26.92756653,69.51005554,Autumn,3
9/19/2029,25.65801239,27.31418991,24.24185181,14.25503731,0.897747695,101.797554,4.437679291,5.18396759,167.153183,167.6217804,26.84402466,69.55885315,Autumn,3
9/20/2029,25.57323456,27.22690964,24.16005325,14.1922226,0.921385169,101.8016739,4.446984291,5.195840359,168.0485992,168.4496613,26.75958252,69.61032104,Autumn,3
9/21/2029,25.48818779,27.13955688,24.07773018,14.12982559,0.943503559,101.8057938,4.455581665,5.20691824,168.9213867,169.2516327,26.67432976,69.66428375,Autumn,3
9/22/2029,25.40295029,27.05221939,23.99495125,14.06787491,0.964043796,101.8099289,4.463480949,5.217212677,169.7708435,170.0276031,26.5883522,69.72050476,Autumn,3
9/23/2029,25.31758881,26.96497726,23.91177177,14.00639153,0.982955575,101.814064,4.470698833,5.22674036,170.5966644,170.7778931,26.50172806,69.77873993,Autumn,3
9/24/2029,25.2321682,26.87790298,23.82823563,13.94537163,1.000198007,101.8181915,4.477258682,5.2355299,171.3988953,171.5033112,26.41452217,69.83869934,Autumn,3
9/25/2029,25.14672661,26.79104233,23.74438095,13.88479805,1.015739679,101.8223267,4.483192444,5.243614197,172.1781006,172.2050171,26.32680321,69.90007782,Autumn,3
9/26/2029,25.06129265,26.70444107,23.66021919,13.82464218,1.029558897,101.8264465,4.488535881,5.251038074,172.9351044,172.8845673,26.23862457,69.96253204,Autumn,3
9/27/2029,24.9758873,26.6181221,23.5757618,13.76484871,1.041643143,101.8305511,4.493333817,5.257849693,173.6712799,173.5439301,26.15003014,70.02568817,Autumn,3
9/28/2029,24.89050865,26.53209305,23.49100113,13.70536232,1.051990151,101.8346405,4.497636795,5.264107227,174.3882141,174.1853943,26.06105804,70.08917236,Autumn,3
9/29/2029,24.80514717,26.44635773,23.4059124,13.64610291,1.060606956,101.838707,4.501498222,5.269873142,175.0879822,174.811615,25.97173882,70.15257263,Autumn,3
9/30/2029,24.71977997,26.36089325,23.32047081,13.58698273,1.06750989,101.8427429,4.504981041,5.27521801,175.7729187,175.4255219,25.88208771,70.21546936,Autumn,3
10/1/2029,24.63436508,26.27566528,23.23462486,13.52789879,1.072724462,101.8467331,4.508151054,5.280218124,176.4456482,176.0303192,25.79211998,70.2774353,Autumn,3
10/2/2029,24.54885101,26.19062805,23.14831924,13.46874046,1.076285005,101.8506775,4.511076927,5.284952164,177.1091003,176.6294556,25.70183372,70.33803558,Autumn,3
10/3/2029,24.46317673,26.10572433,23.0614872,13.40938759,1.078234434,101.8545685,4.513833046,5.289505482,177.7664185,177.2265778,25.61122513,70.3968277,Autumn,3
10/4/2029,24.37726402,26.02087402,22.97404861,13.34970665,1.078623414,101.8583984,4.516495705,5.293964863,178.420929,177.82547,25.52027702,70.45336914,Autumn,3
10/5/2029,24.29102707,25.93600082,22.88591576,13.28956413,1.077510595,101.8621445,4.519144058,5.298422813,179.0761566,178.4300232,25.42897034,70.50723267,Autumn,3
10/6/2029,24.20436859,25.85099792,22.79699135,13.22881699,1.074960947,101.8658142,4.521859169,5.302969933,179.7357025,179.04422,25.33726883,70.55797577,Autumn,3
10/7/2029,24.11718178,25.76576614,22.70717049,13.16732407,1.071046352,101.8693848,4.524723053,5.307702541,180.4032898,179.6720734,25.24514008,70.60519409,Autumn,3
10/8/2029,24.02935219,25.68018341,22.61633873,13.10493279,1.065844417,101.8728561,4.52781868,5.312712669,181.0825958,180.3175507,25.1525383,70.64846802,Autumn,3
10/9/2029,23.94075775,25.59412384,22.52438354,13.04150009,1.059437871,101.8762054,4.531227112,5.318096638,181.7774048,180.9845428,25.05941772,70.68743896,Autumn,3
10/10/2029,23.85127449,25.50745773,22.43118477,12.97687721,1.051913738,101.8794327,4.535029888,5.323945522,182.4913788,181.6769257,24.96571732,70.72173309,Autumn,3
10/11/2029,23.76076889,25.42005157,22.3366127,12.91092491,1.043362856,101.8825226,4.539308071,5.33035183,183.2281036,182.3983154,24.87138748,70.75102234,Autumn,3
10/12/2029,23.66910553,25.33175278,22.24054337,12.84350014,1.033879042,101.8854675,4.544137001,5.337403297,183.9910278,183.1522369,24.77635574,70.77500153,Autumn,3
10/13/2029,23.57614708,25.24242783,22.14285469,12.77447319,1.023558497,101.8882523,4.549592495,5.34518528,184.7834778,183.941925,24.68056488,70.79340363,Autumn,3
10/14/2029,23.48176003,25.15192032,22.04341888,12.70372009,1.012498856,101.8908768,4.555744171,5.353777885,185.6084442,184.77034,24.58394623,70.80599976,Autumn,3
10/15/2029,23.38581085,25.06008911,21.94211578,12.6311264,1.000798583,101.8933334,4.562660217,5.363257885,186.4688263,185.6402283,24.48643112,70.81257629,Autumn,3
10/16/2029,23.28816414,24.96678925,21.83882713,12.55658531,0.988556504,101.895607,4.570401192,5.373694897,187.367157,186.5539246,24.3879509,70.81298828,Autumn,3
10/17/2029,23.18869019,24.87188339,21.73344231,12.48000526,0.975870192,101.8976974,4.579025269,5.385154247,188.3056946,187.5134125,24.2884407,70.80711365,Autumn,3
10/18/2029,23.08727074,24.77522659,21.62585449,12.40130615,0.962836444,101.8995972,4.588582039,5.397693157,189.2863159,188.5203857,24.18783188,70.79488373,Autumn,3
10/19/2029,22.98378944,24.67669678,21.51596642,12.32042503,0.949550271,101.9012985,4.599116325,5.411362648,190.3105621,189.5760193,24.0860672,70.77626038,Autumn,3
10/20/2029,22.8781395,24.57617188,21.40369415,12.2373085,0.936103582,101.9028091,4.610666275,5.426204205,191.3796997,190.6811676,23.983078,70.75125885,Autumn,3
10/21/2029,22.77022171,24.47352982,21.28895378,12.15192223,0.922585249,101.9041214,4.623264313,5.44225502,192.4944,191.8362427,23.8788147,70.71994019,Autumn,3
10/22/2029,22.65995026,24.36867905,21.17168617,12.0642519,0.909080744,101.9052353,4.63693285,5.459539413,193.6551208,193.0411377,23.77322388,70.68241119,Autumn,3
10/23/2029,22.54725266,24.26152039,21.05183411,11.97429371,0.895671248,101.9061584,4.651689529,5.478077412,194.8617706,194.2954407,23.66626358,70.63881683,Autumn,3
10/24/2029,22.43206406,24.15197563,20.92936325,11.88206673,0.882433116,101.9068985,4.667543411,5.497877598,196.1139526,195.598175,23.55789185,70.58934021,Autumn,3
10/25/2029,22.31434059,24.03998566,20.80424309,11.78760529,0.869437993,101.9074478,4.684494972,5.518940449,197.4107208,196.947998,23.44808006,70.53422546,Autumn,3
10/26/2029,22.19404793,23.92549896,20.6764679,11.69096184,0.856751859,101.9078217,4.702538967,5.541257381,198.7508545,198.3431854,23.33680153,70.47373962,Autumn,3
10/27/2029,22.0711689,23.80848122,20.5460434,11.59220505,0.844435096,101.9080353,4.72165966,5.56481123,200.1326599,199.7815247,23.22404289,70.4081955,Autumn,3
10/28/2029,21.9457016,23.68891144,20.41298676,11.49142265,0.832542777,101.9080963,4.741836548,5.589576721,201.5540314,201.2604675,23.10979462,70.3379364,Autumn,3
10/29/2029,21.8176651,23.56679535,20.27734375,11.38872051,0.821122885,101.90802,4.763039589,5.615518093,203.0125427,202.7770386,22.99406052,70.26335144,Autumn,3
10/30/2029,21.68708611,23.44214439,20.13916397,11.28421783,0.810217917,101.9078293,4.785233021,5.642593384,204.5054169,204.3279877,22.87684631,70.18484497,Autumn,3
10/31/2029,21.55401993,23.31499481,19.99852371,11.17805004,0.799864233,101.9075317,4.808372021,5.670750618,206.0295105,205.9097137,22.75817871,70.1028595,Autumn,3
11/1/2029,21.4185276,23.18539619,19.85550308,11.07036781,0.790091813,101.9071426,4.832406521,5.699932098,207.5813751,207.5183258,22.6380825,70.01786041,Autumn,3
11/2/2029,21.28069305,23.05342484,19.71021461,10.96133804,0.780924439,101.9067001,4.857279778,5.730070591,209.1573334,209.1496887,22.51659775,69.93032837,Autumn,3
11/3/2029,21.14061928,22.91915512,19.56277275,10.85113525,0.772379994,101.9062195,4.882929802,5.76109457,210.7534485,210.7994385,22.39377594,69.84077454,Autumn,3
11/4/2029,20.99841881,22.7827034,19.41331482,10.73994923,0.764470279,101.9057236,4.909286499,5.79292345,212.3655243,212.463089,22.26967049,69.74970245,Autumn,3
11/5/2029,20.85422325,22.6441803,19.26198959,10.62797642,0.75720185,101.9052429,4.936277866,5.825473309,213.9892883,214.1359863,22.14435387,69.65764618,Autumn,3
11/6/2029,20.70817947,22.50372887,19.10896111,10.51542568,0.750575423,101.9048004,4.96382618,5.858653545,215.6203308,215.8133392,22.01789856,69.56513977,Autumn,3
11/7/2029,20.56044769,22.36149979,18.95440674,10.40251064,0.744586647,101.9044342,4.991847992,5.892370701,217.2540436,217.4903717,21.89038849,69.47270203,Autumn,3
11/8/2029,20.41119957,22.21765518,18.79851532,10.28944969,0.739226758,101.9041595,5.020258904,5.92652607,218.88591,219.1622162,21.76191711,69.38087463,Autumn,3
11/9/2029,20.26062584,22.07237434,18.64148712,10.17646599,0.73448211,101.9040146,5.04897213,5.961018085,220.511261,220.8241119,21.63258743,69.29017639,Autumn,3
11/10/2029,20.10891724,21.92585373,18.48352814,10.06378555,0.730335116,101.9040222,5.077895164,5.995743275,222.1255798,222.471283,21.50250435,69.2011261,Autumn,3
11/11/2029,19.95628357,21.77828979,18.32485962,9.951634407,0.726764679,101.9042282,5.106938362,6.030596733,223.7243195,224.0991516,21.3717823,69.11421204,Autumn,3
11/12/2029,19.80293846,21.62989807,18.16570282,9.840238571,0.7237463,101.9046478,5.136008263,6.065471172,225.3030853,225.7032623,21.24053955,69.02992249,Autumn,3
11/13/2029,19.64910507,21.480896,18.00629044,9.729818344,0.721252918,101.9053116,5.16501236,6.100261688,226.8576813,227.2792816,21.10890007,68.94872284,Autumn,3
11/14/2029,19.49501038,21.33150864,17.84685516,9.620594025,0.719254792,101.9062576,5.193857193,6.134860992,228.3839417,228.8231659,20.97699356,68.87104797,Autumn,3
11/15/2029,19.34088516,21.1819725,17.68763924,9.512775421,0.717720568,101.9075089,5.222453117,6.169165611,229.8780365,230.3310547,20.84495163,68.79730225,Autumn,3
11/16/2029,19.18696594,21.03252411,17.52887535,9.406570435,0.716616929,101.9090881,5.250710011,6.203073025,231.3363953,231.7994232,20.71290588,68.72786713,Autumn,3
11/17/2029,19.03348541,20.88339233,17.37080574,9.302171707,0.715910316,101.9110336,5.278539658,6.23648262,232.7555237,233.2250214,20.58099747,68.66309357,Autumn,3
11/18/2029,18.88068199,20.73482132,17.2136631,9.199768066,0.71556586,101.913353,5.305858135,6.2692976,234.1324768,234.6049194,20.44935989,68.60329437,Autumn,3
11/19/2029,18.72878456,20.58704758,17.05768394,9.099533081,0.715548694,101.916069,5.332583904,6.301425934,235.464386,235.936554,20.3181324,68.5487442,Autumn,3
11/20/2029,18.57802582,20.44029999,16.90309334,9.001628876,0.715824246,101.9192123,5.35863924,6.332779408,236.7489471,237.2177277,20.18744659,68.49967957,Autumn,3
11/21/2029,18.42862892,20.29481316,16.75011826,8.90620327,0.716358304,101.9227982,5.383951187,6.363274574,237.9839935,238.4465942,20.05744171,68.45629883,Autumn,3
11/22/2029,18.28081322,20.15080643,16.59896851,8.813391685,0.717117548,101.9268341,5.408452511,6.392833233,239.1678772,239.6216888,19.92824554,68.41876221,Autumn,3
11/23/2029,18.13478661,20.00849915,16.44984818,8.723310471,0.718069851,101.9313278,5.432077885,6.421383858,240.2992401,240.7419586,19.79999161,68.38719177,Autumn,3
11/24/2029,17.99075317,19.86809349,16.30295944,8.636066437,0.719184518,101.9362946,5.454771519,6.448861599,241.3770752,241.8066711,19.67279816,68.36166382,Autumn,3
11/25/2029,17.84889984,19.72978973,16.15848351,8.551744461,0.720432758,101.9417343,5.476480007,6.475206375,242.4008484,242.8155212,19.54678917,68.34220886,Autumn,3
11/26/2029,17.70940971,19.5937767,16.01659012,8.470413208,0.721787274,101.9476547,5.497158051,6.500367641,243.3702087,243.7686462,19.42207718,68.32883453,Autumn,3
11/27/2029,17.57244682,19.46022034,15.87744141,8.392127991,0.723223031,101.9540482,5.516766071,6.524299145,244.2854156,244.6664124,19.2987709,68.32149506,Autumn,3
11/28/2029,17.43816757,19.32928467,15.74117947,8.316922188,0.724717498,101.960907,5.53526926,6.546965122,245.1468201,245.509613,19.17697144,68.32010651,Autumn,3
11/29/2029,17.30670929,19.20111465,15.60793495,8.244817734,0.726249754,101.9682312,5.552643776,6.568333149,245.955307,246.2993317,19.05677414,68.32455444,Autumn,3
11/30/2029,17.17819595,19.07583618,15.4778223,8.17581749,0.727801859,101.9759903,5.568865776,6.588382721,246.7119751,247.0369873,18.93826485,68.33469391,Autumn,3
12/1/2029,17.05273819,18.95357513,15.35094261,8.109905243,0.729357898,101.9841843,5.583923817,6.607097149,247.4181976,247.7243042,18.82152176,68.35032654,Winter,0
12/2/2029,16.93042946,18.83441544,15.22737503,8.047053337,0.73090446,101.9927826,5.597809792,6.62446928,248.0757294,248.3631897,18.70661545,68.37123871,Winter,0
12/3/2029,16.81134605,18.71844864,15.10718632,7.987216949,0.732430458,102.0017624,5.610521793,6.640497684,248.6865082,248.9558563,18.59361076,68.39719391,Winter,0
12/4/2029,16.6955471,18.60573387,14.99042892,7.93033886,0.733926654,102.0111008,5.622065544,6.655189514,249.2526093,249.5046539,18.4825592,68.42791748,Winter,0
12/5/2029,16.58307648,18.49632454,14.87713242,7.876343727,0.73538661,102.0207596,5.632452488,6.66855669,249.7764587,250.012146,18.37350464,68.46311188,Winter,0
12/6/2029,16.4739666,18.39024734,14.76731777,7.825148582,0.73680532,102.0307007,5.64169836,6.680620193,250.2604828,250.4810333,18.26648712,68.50247955,Winter,0
12/7/2029,16.36822701,18.28751755,14.66098309,7.776658058,0.738179743,102.0409012,5.64982748,6.691404819,250.7074127,250.9140778,18.16152763,68.54566956,Winter,0
12/8/2029,16.26585388,18.18813324,14.55811596,7.730764389,0.739508569,102.0513077,5.656864643,6.700942516,251.1198883,251.3141022,18.05865288,68.59234619,Winter,0
12/9/2029,16.16683006,18.09207916,14.45868683,7.687351227,0.740791976,102.061882,5.662843704,6.709270477,251.5007019,251.684021,17.95786858,68.64216614,Winter,0
12/10/2029,16.07112312,17.99932098,14.36265373,7.646296501,0.742031097,102.0725708,5.667800903,6.716430664,251.8527069,252.0266876,17.85918045,68.69474792,Winter,0
12/11/2029,15.97868347,17.90981483,14.2699585,7.607468605,0.743228137,102.0833435,5.671777248,6.722468376,252.1786346,252.3448944,17.76258087,68.74972534,Winter,0
12/12/2029,15.8894558,17.82349777,14.18053436,7.570733547,0.744386375,102.0941391,5.674817085,6.727435589,252.481308,252.6414948,17.66806412,68.80674744,Winter,0
12/13/2029,15.80336571,17.74029541,14.09429836,7.535951614,0.745509326,102.1049042,5.676967621,6.731386662,252.7633972,252.9191132,17.57560539,68.86542511,Winter,0
12/14/2029,15.72033215,17.66012573,14.01115799,7.502981186,0.746600866,102.115593,5.678278923,6.734377861,253.0275269,253.1802521,17.48518181,68.92539978,Winter,0
12/15/2029,15.64026451,17.58289528,13.93101597,7.471678734,0.747664571,102.126152,5.678804398,6.736468792,253.2761383,253.4273529,17.39676285,68.98632813,Winter,0
12/16/2029,15.56305885,17.50849724,13.85375977,7.441901207,0.748704612,102.136528,5.678596973,6.737720966,253.5115051,253.6626282,17.31031227,69.04785919,Winter,0
12/17/2029,15.48860741,17.43682098,13.77927494,7.413508415,0.749724269,102.1466751,5.677712917,6.738198757,253.7358551,253.8880005,17.22579193,69.10965729,Winter,0
12/18/2029,15.41679668,17.36775017,13.70743847,7.386362076,0.750725925,102.1565323,5.67620945,6.737964153,253.9510498,254.1053314,17.14315414,69.17140961,Winter,0
12/19/2029,15.34750557,17.30115509,13.63812447,7.360325813,0.751711726,102.1660461,5.674141884,6.737083435,254.1588898,254.3161621,17.06235504,69.23280334,Winter,0
12/20/2029,15.28061104,17.23691368,13.57120132,7.335270405,0.752682745,102.1751785,5.671567917,6.735618591,254.3608246,254.521759,16.98333931,69.29357147,Winter,0
12/21/2029,15.2159853,17.17489433,13.50653839,7.311071396,0.753638864,102.1838684,5.668543816,6.733634949,254.558075,254.7231903,16.90605927,69.35343933,Winter,0
12/22/2029,15.15350437,17.11496353,13.44400215,7.287614346,0.754578173,102.1920776,5.665124416,6.731193542,254.751709,254.9212341,16.83045959,69.41217041,Winter,0
12/23/2029,15.09303761,17.05698967,13.38345909,7.26478672,0.75549835,102.1997681,5.661365032,6.728355885,254.9424133,255.116394,16.75648689,69.46955109,Winter,0
12/24/2029,15.03446293,17.00084686,13.32477665,7.242489815,0.7563954,102.2068863,5.657316685,6.725181103,255.1307068,255.3089142,16.68408585,69.52539825,Winter,0
12/25/2029,14.97765255,16.9464035,13.26782799,7.220632553,0.757263362,102.2133942,5.653030396,6.721725941,255.3167267,255.4987793,16.61320496,69.57952881,Winter,0
12/26/2029,14.92248821,16.89353943,13.21248817,7.199133396,0.758095324,102.2192688,5.648553371,6.718043804,255.5005188,255.6856995,16.54378891,69.63180542,Winter,0
12/27/2029,14.86885452,16.84213257,13.15863609,7.177919388,0.758882284,102.2244644,5.643932343,6.714185715,255.6817627,255.8691559,16.47579002,69.68211365,Winter,0
12/28/2029,14.81664276,16.7920723,13.10615921,7.1569314,0.759614527,102.2289734,5.639208794,6.710199356,255.8598938,256.0484009,16.40915871,69.7303772,Winter,0
12/29/2029,14.76574898,16.74325562,13.05495071,7.136118412,0.760280371,102.2327499,5.634422779,6.706128597,256.0341797,256.2224426,16.34385109,69.77650452,Winter,0
12/30/2029,14.71607876,16.69558334,13.00491047,7.115441322,0.760867238,102.2357941,5.629609108,6.702013493,256.2036438,256.3901367,16.2798214,69.82046509,Winter,0
12/31/2029,14.6675415,16.64896774,12.95594406,7.094872475,0.761361003,102.2380753,5.624802113,6.697891235,256.3671265,256.5501099,16.21703529,69.86224365,Winter,0
1/1/2030,14.62006378,16.6033287,12.90797424,7.074391365,0.761746526,102.2396011,5.620029449,6.69379282,256.5232849,256.7008972,16.15545273,69.90184784,Winter,0
1/2/2030,14.57357121,16.55859756,12.86092186,7.053991318,0.762008071,102.2403488,5.615316868,6.689746857,256.6706238,256.8408508,16.0950489,69.93930054,Winter,0
1/3/2030,14.5280056,16.51472092,12.81472969,7.033675194,0.76212883,102.2403336,5.610685825,6.685777664,256.8075562,256.9681702,16.0357933,69.97465515,Winter,0
1/4/2030,14.48332024,16.47164154,12.76933956,7.013454437,0.762091637,102.2395477,5.606153488,6.681904316,256.9322815,257.0811157,15.97767067,70.00797272,Winter,0
1/5/2030,14.4394722,16.42933273,12.72471046,6.993350029,0.761878967,102.2380142,5.601736069,6.678143024,257.0430603,257.1777649,15.9206562,70.03933716,Winter,0
1/6/2030,14.39643669,16.38776779,12.68081093,6.973389626,0.761473298,102.235733,5.597441673,6.674504757,257.1380615,257.2562866,15.86474419,70.06886292,Winter,0
1/7/2030,14.35419178,16.34692764,12.6376152,6.953612328,0.760856926,102.2327271,5.593277931,6.670996189,257.2153625,257.3147888,15.80992603,70.09664917,Winter,0
1/8/2030,14.3127327,16.3068161,12.59511662,6.934060574,0.760012746,102.2290268,5.58924818,6.667621613,257.2731934,257.3514404,15.75619888,70.12282562,Winter,0
1/9/2030,14.27205849,16.26743698,12.55331039,6.914785862,0.758924365,102.2246475,5.585352421,6.664380074,257.3096008,257.3644104,15.7035675,70.14753723,Winter,0
1/10/2030,14.23218346,16.22880936,12.51220798,6.895840645,0.757576108,102.2196274,5.581587315,6.661267757,257.322998,257.3520508,15.65203667,70.1709137,Winter,0
1/11/2030,14.19312954,16.19096375,12.47182274,6.877286434,0.755953133,102.2139969,5.577945232,6.658277512,257.311554,257.3128357,15.60162067,70.19312286,Winter,0
1/12/2030,14.15492439,16.15394211,12.43218422,6.859186172,0.754042089,102.2078018,5.574419022,6.655398369,257.2737427,257.2452087,15.55233288,70.21430969,Winter,0
1/13/2030,14.11760902,16.11778259,12.39332867,6.841605186,0.751831293,102.2010803,5.570995808,6.652617931,257.2082214,257.1480408,15.50419521,70.23464966,Winter,0
1/14/2030,14.08123016,16.08254814,12.35529804,6.82461071,0.749310553,102.1938705,5.567660332,6.649918556,257.1136169,257.0202026,15.45722961,70.25428772,Winter,0
1/15/2030,14.0458374,16.04829597,12.31814194,6.808270454,0.746471763,102.1862335,5.564398766,6.647283554,256.9888916,256.8607483,15.41146183,70.27338409,Winter,0
1/16/2030,14.01149368,16.01509666,12.28191757,6.79265213,0.743308485,102.1781998,5.561190128,6.644691467,256.8331604,256.6690979,15.36692238,70.292099,Winter,0
1/17/2030,13.97826576,15.98302841,12.24668884,6.777823448,0.739816666,102.169838,5.5580163,6.642120838,256.6457214,256.4447327,15.32364368,70.31058502,Winter,0
1/18/2030,13.94621754,15.95216656,12.21252251,6.763849258,0.735994875,102.1611938,5.554855347,6.639546394,256.4260559,256.1875,15.28165722,70.32899475,Winter,0
1/19/2030,13.91542625,15.92259407,12.17948818,6.750790596,0.73184365,102.1523209,5.55168438,6.636945248,256.1739807,255.8973694,15.24100113,70.34745789,Winter,0
1/20/2030,13.88596535,15.89439869,12.14766312,6.738706589,0.727366209,102.1432648,5.548481464,6.634289742,255.8894958,255.5746765,15.20170975,70.36611176,Winter,0
1/21/2030,13.85791492,15.86766624,12.1171217,6.727651596,0.722568154,102.1340942,5.545221806,6.63155508,255.5727997,255.2198792,15.16382027,70.38508606,Winter,0
1/22/2030,13.83135033,15.84248352,12.08794212,6.71767807,0.71745801,102.124855,5.541881084,6.628713131,255.22435,254.8338013,15.12737083,70.40449524,Winter,0
1/23/2030,13.80635071,15.81893826,12.06020355,6.708827019,0.712046206,102.1156006,5.538436413,6.625738621,254.8449097,254.4174652,15.09239864,70.42443848,Winter,0
1/24/2030,13.78299522,15.79711533,12.03398705,6.701138973,0.706345916,102.1063766,5.534862518,6.622603416,254.435379,253.9720459,15.05894089,70.44500732,Winter,0
1/25/2030,13.76135826,15.7770977,12.00936508,6.694647312,0.700372517,102.0972443,5.531136513,6.619282722,253.9969635,253.4989777,15.02703285,70.46628571,Winter,0
1/26/2030,13.74151134,15.75896645,11.98641777,6.689379692,0.694144011,102.0882492,5.527235508,6.615750313,253.5309448,252.9999695,14.99670792,70.48834991,Winter,0
1/27/2030,13.723526,15.74279308,11.96521282,6.68535471,0.687680364,102.0794296,5.523137093,6.611983299,253.0389862,252.4767456,14.96800041,70.51126099,Winter,0
1/28/2030,13.70746613,15.72865295,11.94582272,6.682586193,0.681003094,102.0708313,5.518821239,6.607957363,252.5227509,251.9313812,14.94094086,70.53505707,Winter,0
1/29/2030,13.69339371,15.71660614,11.92831039,6.681079865,0.674135685,102.0625,5.514266491,6.603651047,251.9841614,251.3659821,14.91555595,70.55978394,Winter,0
1/30/2030,13.68136215,15.70670986,11.91273499,6.680836678,0.667103589,102.0544586,5.509455204,6.599043369,251.4253082,250.7827911,14.89187145,70.58546448,Winter,0
1/31/2030,13.67141819,15.69902039,11.89915466,6.681852341,0.659932852,102.0467606,5.504371166,6.594116688,250.8482666,250.184082,14.8699131,70.61212158,Winter,0
2/1/2030,13.66360664,15.693573,11.8876152,6.684110641,0.652651072,102.0394135,5.498997211,6.588853359,250.2552948,249.5723267,14.84969616,70.63975525,Winter,0
2/2/2030,13.6579628,15.6904068,11.87815952,6.68759203,0.645286202,102.0324554,5.493320942,6.583239555,249.6487274,248.9498749,14.83123875,70.66836548,Winter,0
2/3/2030,13.65451431,15.68954849,11.87082767,6.69227457,0.637867153,102.0259018,5.487330914,6.577260017,249.030838,248.3192139,14.81455612,70.69794464,Winter,0
2/4/2030,13.65327835,15.69100952,11.86564445,6.698127747,0.630422771,102.0197754,5.481015682,6.570905685,248.404068,247.682724,14.79965401,70.72847748,Winter,0
2/5/2030,13.65427017,15.69480515,11.86263657,6.705116272,0.622981668,102.0140762,5.474368572,6.5641675,247.7706299,247.0427704,14.78654003,70.75993347,Winter,0
2/6/2030,13.6574955,15.70092964,11.86181545,6.713200569,0.615572035,102.0088196,5.467382431,6.557036877,247.1328735,246.4015656,14.77521801,70.79229736,Winter,0
2/7/2030,13.6629467,15.70937538,11.86319351,6.722338676,0.60822165,102.0039978,5.460053921,6.549512386,246.4929657,245.7613525,14.76568794,70.82552338,Winter,0
2/8/2030,13.67061806,15.72012424,11.86676979,6.732484818,0.600957096,101.9996262,5.452380657,6.541588306,245.8529816,245.1240997,14.7579422,70.85958099,Winter,0
2/9/2030,13.68048859,15.73314667,11.87253666,6.743591785,0.593803585,101.9956818,5.444361687,6.533267021,245.21492,244.4916992,14.75197792,70.89443207,Winter,0
2/10/2030,13.69253349,15.74841118,11.88048553,6.755605698,0.586784542,101.9921646,5.435999393,6.5245471,244.5805359,243.8657837,14.7477808,70.93003845,Winter,0
2/11/2030,13.70671844,15.76586914,11.89059448,6.768479347,0.57992208,101.9890518,5.427297592,6.515435219,243.9515228,243.247818,14.74533939,70.966362,Winter,0
2/12/2030,13.72300529,15.78547096,11.90283775,6.782157898,0.57323581,101.9863281,5.418260574,6.505934238,243.3292542,242.6390381,14.74463654,71.00335693,Winter,0
2/13/2030,13.74134827,15.80716133,11.91718388,6.796592236,0.566742957,101.9839706,5.408896446,6.496053696,242.7149506,242.0404358,14.74565506,71.04098511,Winter,0
2/14/2030,13.76169586,15.83086967,11.93359756,6.811728477,0.560458601,101.9819565,5.399212837,6.48580122,242.1095886,241.4527435,14.74837494,71.079216,Winter,0
2/15/2030,13.78399086,15.85653019,11.952034,6.827518463,0.554394484,101.9802399,5.389221191,6.475189209,241.513855,240.8763885,14.75277138,71.1180191,Winter,0
2/16/2030,13.80817223,15.88406467,11.97244549,6.843913555,0.548560262,101.9788055,5.378932476,6.464228153,240.9283295,240.3115692,14.75882053,71.15734863,Winter,0
2/17/2030,13.83417511,15.91339397,11.9947834,6.860870838,0.542962134,101.9776077,5.368359566,6.452934265,240.3530579,239.7581177,14.76649761,71.19718933,Winter,0
2/18/2030,13.86192799,15.94443321,12.01898956,6.878347397,0.537603199,101.9766083,5.357518673,6.441320896,239.7880707,239.2156677,14.77577496,71.23751831,Winter,0
2/19/2030,13.89136314,15.97709656,12.04500771,6.896303177,0.532483876,101.975769,5.346423626,6.429406166,239.2329254,238.6835022,14.78662491,71.27831268,Winter,0
2/20/2030,13.92240524,16.01129532,12.07277584,6.914704323,0.527601004,101.9750519,5.335092068,6.417207241,238.6870422,238.160675,14.79902077,71.31956482,Winter,0
2/21/2030,13.95497894,16.04693985,12.10223389,6.933521271,0.522948563,101.9744034,5.323541164,6.404742718,238.1495361,237.6459198,14.81293106,71.36125183,Winter,0
2/22/2030,13.98900795,16.0839386,12.13331509,6.952727318,0.518517554,101.973793,5.311789989,6.392032146,237.6192017,237.1376648,14.82832909,71.40338135,Winter,0
2/23/2030,14.02441502,16.12220001,12.16595554,6.972301006,0.514295876,101.9731674,5.29985714,6.379096031,237.094635,236.6342773,14.84518814,71.44594574,Winter,0
2/24/2030,14.06112862,16.16163826,12.20008945,6.992225647,0.510268748,101.9724884,5.287763596,6.365956306,236.5741882,236.1336823,14.86347866,71.48895264,Winter,0
2/25/2030,14.0990696,16.2021637,12.23565292,7.012490273,0.506418645,101.9717026,5.275528908,6.352633953,236.0559692,235.6336975,14.8831749,71.53240204,Winter,0
2/26/2030,14.13816643,16.24369049,12.27257919,7.033089638,0.502725661,101.9707718,5.263174534,6.339151382,235.5379791,235.1319275,14.90425301,71.5763092,Winter,0
2/27/2030,14.17835045,16.28613853,12.31080627,7.054021835,0.499167532,101.9696579,5.250721455,6.325531483,235.017868,234.6258698,14.92668629,71.62067413,Winter,0
2/28/2030,14.2195549,16.32943153,12.35027409,7.075288296,0.495720327,101.9683228,5.238191605,6.311797142,234.4933014,234.1128082,14.9504528,71.66552734,Winter,0
3/1/2030,14.26171207,16.37348938,12.39092064,7.096898079,0.49235788,101.9667206,5.225606441,6.297971249,233.9617462,233.5899658,14.97553062,71.71087646,Spring,1
3/2/2030,14.30476379,16.41825104,12.43269157,7.118862629,0.489053041,101.9648132,5.212987423,6.284077644,233.4205933,233.0545349,15.00190067,71.75672913,Spring,1
3/3/2030,14.34865284,16.46364784,12.47553062,7.141200066,0.485777467,101.9625778,5.200356483,6.270138264,232.8670959,232.5036011,15.02954483,71.80311584,Spring,1
3/4/2030,14.39332581,16.5096283,12.5193882,7.163927555,0.482502133,101.9599838,5.187735558,6.256178379,232.2985687,231.9342957,15.05844784,71.85002899,Spring,1
3/5/2030,14.43873787,16.55612946,12.56421471,7.187068939,0.479197383,101.9569931,5.175145626,6.242219448,231.7122803,231.3437347,15.08859444,71.89749908,Spring,1
3/6/2030,14.48484421,16.60311508,12.60996914,7.210650444,0.475833625,101.9535904,5.162608147,6.228284836,231.1055298,230.729126,15.11997032,71.94552612,Spring,1
3/7/2030,14.53160667,16.65054131,12.65660667,7.234699249,0.472381681,101.9497528,5.150143623,6.214396954,230.475647,230.0878143,15.15256786,71.99411774,Spring,1
3/8/2030,14.57899094,16.6983757,12.70409393,7.25924778,0.468813002,101.9454727,5.137773514,6.20057869,229.8201599,229.4172058,15.18637466,72.04327393,Spring,1
3/9/2030,14.62697411,16.74659157,12.75239468,7.284322739,0.465100169,101.9407272,5.125516891,6.186850548,229.1365814,228.7148743,15.22138405,72.09299469,Spring,1
3/10/2030,14.67552757,16.79516983,12.80148125,7.309958458,0.461216688,101.9355087,5.113393307,6.173235416,228.422699,227.978653,15.2575922,72.14326477,Spring,1
3/11/2030,14.72463799,16.84409714,12.85132599,7.336185932,0.457138211,101.9298248,5.101422787,6.159752846,227.6764069,227.2065887,15.29499149,72.19406128,Spring,1
3/12/2030,14.77429008,16.89336014,12.90191269,7.363037586,0.452842563,101.9236679,5.089622021,6.146423817,226.8958893,226.3969116,15.33358002,72.24537659,Spring,1
3/13/2030,14.82447433,16.94295883,12.9532156,7.390541077,0.448309571,101.9170456,5.078011036,6.133267403,226.0794678,225.5481873,15.373353,72.29718018,Spring,1
3/14/2030,14.87518692,16.99289894,13.00522232,7.418726444,0.443521738,101.9099579,5.066603661,6.120302677,225.2258301,224.6592865,15.41431046,72.34941101,Spring,1
3/15/2030,14.92642784,17.04318619,13.05792332,7.447620392,0.438464493,101.9024353,5.055418015,6.107546806,224.3339233,223.7293243,15.45644951,72.40205383,Spring,1
3/16/2030,14.97820091,17.09383392,13.11130524,7.477247238,0.433126539,101.8944778,5.044469357,6.095018387,223.4029541,222.7578125,15.49976921,72.45503235,Spring,1
3/17/2030,15.03051281,17.1448555,13.16536522,7.507626534,0.427499682,101.886116,5.033770561,6.082731724,222.4324951,221.7446594,15.54427338,72.50828552,Spring,1
3/18/2030,15.08337212,17.19627762,13.2200985,7.538778305,0.421579272,101.8773804,5.023336411,6.070703983,221.4224396,220.6900482,15.58995438,72.56176758,Spring,1
3/19/2030,15.13679123,17.24811935,13.27550411,7.570712566,0.415364087,101.8682861,5.013178825,6.058946609,220.3729706,219.5945129,15.63681507,72.61536407,Spring,1
3/20/2030,15.19078636,17.30040741,13.33158016,7.603441715,0.408856571,101.8588638,5.003307819,6.047475815,219.2846985,218.4589996,15.68485451,72.66901398,Spring,1
3/21/2030,15.24537277,17.35317039,13.38833046,7.63697052,0.402063191,101.8491669,4.993735313,6.036300182,218.1585236,217.2848358,15.73406792,72.7226181,Spring,1
3/22/2030,15.30056572,17.40643883,13.44575787,7.671299934,0.394993812,101.8392105,4.98446846,6.02543211,216.9957123,216.0736237,15.78445435,72.7760849,Spring,1
3/23/2030,15.35638905,17.46024704,13.5038662,7.706425667,0.387661874,101.8290482,4.975514889,6.014879704,215.7978058,214.8273773,15.83601093,72.82929993,Spring,1
3/24/2030,15.41285706,17.51462173,13.56266212,7.742339611,0.380084425,101.8187103,4.966882229,6.00465107,214.5667725,213.5484009,15.88873196,72.88215637,Spring,1
3/25/2030,15.46999264,17.56959534,13.62214851,7.779029369,0.372282207,101.8082504,4.958573341,5.994750977,213.3048553,212.2393036,15.94260883,72.93455505,Spring,1
3/26/2030,15.52781296,17.62520027,13.6823349,7.816477776,0.364278883,101.7977066,4.950593472,5.985185146,212.0145264,210.9031067,15.99763489,72.98635101,Spring,1
3/27/2030,15.58633614,17.68146515,13.7432251,7.854660034,0.356101453,101.7871323,4.942943096,5.97595644,210.6986084,209.5429382,16.05380249,73.03746033,Spring,1
3/28/2030,15.6455822,17.73841858,13.80482388,7.89355278,0.347779244,101.7765656,4.935622215,5.967064857,209.3601685,208.1622772,16.11110306,73.08773041,Spring,1
3/29/2030,15.70556641,17.79608917,13.86713886,7.933125973,0.33934474,101.7660599,4.928631306,5.958510876,208.0024872,206.76474,16.16951752,73.1370697,Spring,1
3/30/2030,15.76630497,17.85449982,13.93017483,7.973345757,0.330832303,101.7556534,4.921965599,5.950290203,206.6289825,205.3542023,16.22904015,73.18534851,Spring,1
3/31/2030,15.82781029,17.9136734,13.99393368,8.014175415,0.322278112,101.7453995,4.915620327,5.942399502,205.2433624,203.9346161,16.28965187,73.23246002,Spring,1
4/1/2030,15.89009666,17.97362518,14.05842304,8.055575371,0.313720018,101.7353363,4.909590721,5.934832096,203.8493805,202.5100555,16.35133743,73.27828979,Spring,1
4/2/2030,15.95317078,18.03437424,14.12364292,8.097504616,0.305196822,101.7255173,4.903867245,5.927578926,202.4509125,201.0846863,16.41407585,73.32273102,Spring,1
4/3/2030,16.01704407,18.09593582,14.18959618,8.139921188,0.296748221,101.7159729,4.898440361,5.920629025,201.0518646,199.6627197,16.47785568,73.36568451,Spring,1
4/4/2030,16.08172226,18.15831757,14.25628376,8.182780266,0.288413972,101.7067566,4.893298626,5.91397047,199.6562347,198.2483215,16.54264832,73.40706635,Spring,1
4/5/2030,16.14720726,18.22152328,14.32370853,8.226037979,0.28023386,101.6979065,4.888427734,5.907588005,198.2679138,196.8456116,16.6084404,73.44678497,Spring,1
4/6/2030,16.21350479,18.28556061,14.39186764,8.269649506,0.272246897,101.6894455,4.883812904,5.901465416,196.8908386,195.4586487,16.67520714,73.48477173,Spring,1
4/7/2030,16.28061295,18.35042953,14.46076202,8.313572884,0.264491171,101.6814194,4.879436493,5.895582199,195.5287476,194.0913239,16.74292755,73.52097321,Spring,1
4/8/2030,16.34852982,18.41612625,14.53039169,8.357767105,0.257003397,101.6738586,4.875280857,5.889918804,194.185379,192.747406,16.81157684,73.55532837,Spring,1
4/9/2030,16.41725731,18.48264313,14.60075474,8.402191162,0.249817997,101.6667862,4.871324062,5.884451389,192.8641663,191.4304352,16.88113785,73.58779907,Spring,1
4/10/2030,16.4867878,18.54997635,14.6718502,8.446807861,0.24296774,101.6602325,4.867545128,5.879156113,191.5684509,190.143692,16.95158768,73.61836243,Spring,1
4/11/2030,16.55711555,18.61811447,14.74367619,8.491586685,0.23648189,101.654213,4.863919735,5.874003887,190.3013,188.890274,17.02290726,73.6470108,Spring,1
4/12/2030,16.62823677,18.68704224,14.81623173,8.536497116,0.230387256,101.6487503,4.860422611,5.868968964,189.0655212,187.6728821,17.0950737,73.67373657,Spring,1
4/13/2030,16.70014763,18.75675201,14.88951874,8.581515312,0.224706769,101.6438522,4.857027531,5.86401844,187.8636475,186.493927,17.16806984,73.69855499,Spring,1
4/14/2030,16.77283669,18.82722473,14.96353531,8.626621246,0.2194601,101.6395416,4.85370636,5.859122753,186.6978455,185.3554688,17.24187851,73.72149658,Spring,1
4/15/2030,16.84630013,18.89844513,15.03828526,8.671800613,0.214662343,101.6358185,4.850430012,5.85424757,185.5700226,184.2591705,17.31648636,73.74260712,Spring,1
4/16/2030,16.92053413,18.97040176,15.11376953,8.71704483,0.210324734,101.6326828,4.847169399,5.849359512,184.4816284,183.2062988,17.39188004,73.76193237,Spring,1
4/17/2030,16.99552917,19.04307365,15.1899929,8.762355804,0.206453741,101.6301346,4.843892097,5.844421864,183.4338226,182.1978149,17.46804619,73.77954102,Spring,1
4/18/2030,17.07128334,19.11644745,15.2669611,8.807734489,0.203051507,101.6281815,4.840567589,5.839398861,182.4273682,181.2341766,17.54498291,73.7955246,Spring,1
4/19/2030,17.14779663,19.1905098,15.34468269,8.853193283,0.200115249,101.6268082,4.837163448,5.834254742,181.4625702,180.3153992,17.62268066,73.80995941,Spring,1
4/20/2030,17.22506523,19.26525116,15.42316628,8.898751259,0.197637185,101.6260071,4.833647728,5.828950882,180.5393982,179.4411469,17.70113754,73.82295227,Spring,1
4/21/2030,17.30309105,19.34065628,15.50242329,8.944433212,0.195605144,101.6257629,4.829987526,5.823450565,179.6574402,178.6106262,17.78035545,73.83460236,Spring,1
4/22/2030,17.38187599,19.41672325,15.58246994,8.990270615,0.194001645,101.6260605,4.82614994,5.817716122,178.8158264,177.8226776,17.86034203,73.84503174,Spring,1
4/23/2030,17.4614296,19.49344254,15.66331959,9.036301613,0.192805097,101.6268845,4.8221035,5.811710835,178.0133667,177.0756989,17.94110107,73.85437012,Spring,1
4/24/2030,17.54175758,19.57080841,15.74499226,9.082571983,0.191988662,101.6282043,4.817817211,5.805397987,177.2484436,176.3677673,18.02264786,73.86273956,Spring,1
4/25/2030,17.6228714,19.64883232,15.82750893,9.129133224,0.191521719,101.6300049,4.813259125,5.798742771,176.519165,175.6965485,18.10499382,73.87026215,Spring,1
4/26/2030,17.70478821,19.72751045,15.91089535,9.176040649,0.191368833,101.6322632,4.808399677,5.791710377,175.8232117,175.0593872,18.18816185,73.8770752,Spring,1
4/27/2030,17.78752136,19.80685806,15.99517727,9.223356247,0.191491485,101.6349411,4.803211212,5.784267902,175.15802,174.4533539,18.27217293,73.88330841,Spring,1
4/28/2030,17.87109375,19.88688278,16.08037949,9.271148682,0.191846922,101.6380081,4.797665596,5.7763834,174.520752,173.8752289,18.35704994,73.88908386,Spring,1
4/29/2030,17.95552826,19.96760559,16.16653442,9.319487572,0.192389324,101.641449,4.791737556,5.768029213,173.9082794,173.3215485,18.44282532,73.89453888,Spring,1
4/30/2030,18.04084969,20.04904938,16.25367737,9.368448257,0.193070024,101.6452103,4.785404205,5.759177685,173.3173065,172.78862,18.52953339,73.89978027,Spring,1
5/1/2030,18.12709045,20.13123322,16.34183884,9.418107033,0.193838224,101.6492767,4.778643131,5.74980402,172.744278,172.2726288,18.61720085,73.90491486,Spring,1
5/2/2030,18.21427917,20.21419144,16.43105316,9.468543053,0.194640949,101.6536102,4.771436691,5.739886761,172.1856232,171.769577,18.70587158,73.91004944,Spring,1
5/3/2030,18.30245209,20.29795837,16.5213604,9.519837379,0.195423752,101.6581802,4.763767242,5.72940731,171.6375275,171.2755127,18.79558182,73.91526794,Spring,1
5/4/2030,18.39164352,20.38256836,16.61279678,9.572071075,0.196131214,101.662941,4.755621433,5.718349934,171.0961914,170.7863007,18.88637733,73.92063904,Spring,1
5/5/2030,18.48189545,20.46806717,16.70539856,9.625321388,0.196707651,101.6678772,4.746988773,5.706703186,170.5578613,170.2978821,18.97829628,73.92623138,Spring,1
5/6/2030,18.57324219,20.55449295,16.79920578,9.67966938,0.197097376,101.6729355,4.73786068,5.694457531,170.0186768,169.8062744,19.07138634,73.93208313,Spring,1
5/7/2030,18.66572762,20.64189911,16.89425468,9.735191345,0.19724533,101.6781006,4.728233337,5.681608677,169.4749146,169.3075256,19.16568947,73.93822479,Spring,1
5/8/2030,18.75939178,20.73032951,16.99058342,9.791957855,0.197097406,101.6833344,4.718104362,5.66815567,168.9230042,168.7978821,19.26124954,73.94465637,Spring,1
5/9/2030,18.85427666,20.81983566,17.0882225,9.850040436,0.196601644,101.6886139,4.707476616,5.654101849,168.3594208,168.2737427,19.35811615,73.95135498,Spring,1
5/10/2030,18.95041847,20.91047287,17.18721199,9.909500122,0.195707887,101.6938934,4.696356297,5.639453888,167.7809143,167.7317047,19.45632553,73.95831299,Spring,1
5/11/2030,19.04786301,21.00229263,17.28757858,9.970396042,0.194368958,101.6991577,4.684749603,5.624223709,167.184433,167.1687012,19.55592728,73.9654541,Spring,1
5/12/2030,19.14664459,21.09534645,17.38935089,10.03277779,0.192540586,101.7043839,4.672671795,5.608424664,166.567215,166.5818634,19.65695381,73.97270203,Spring,1
5/13/2030,19.24679947,21.18968582,17.4925518,10.09669018,0.190182313,101.7095413,4.660137177,5.592079163,165.9267731,165.9687653,19.75944901,73.97996521,Spring,1
5/14/2030,19.34836197,21.28536797,17.59720612,10.1621685,0.187257752,101.7146072,4.647165775,5.57520771,165.2609406,165.32724,19.86344147,73.98712158,Spring,1
5/15/2030,19.45136261,21.38243484,17.70332718,10.22923851,0.183734968,101.7195663,4.633780003,5.55783844,164.5679932,164.6555634,19.96896744,73.99402618,Spring,1
5/16/2030,19.55582428,21.48093796,17.81092834,10.29791737,0.179586664,101.7243958,4.620005131,5.540003777,163.8464661,163.9523926,20.0760498,74.0005188,Spring,1
5/17/2030,19.66177177,21.58092117,17.92001343,10.36821365,0.174790755,101.7290802,4.605870247,5.521736622,163.0953827,163.2168274,20.18471336,74.00641632,Spring,1
5/18/2030,19.76922226,21.68241882,18.03058624,10.44012451,0.169330493,101.7336044,4.591407776,5.503076077,162.314209,162.4483643,20.29497337,74.01150513,Spring,1
5/19/2030,19.87818336,21.78546906,18.14264107,10.51363564,0.163194686,101.7379532,4.576652527,5.484063148,161.5027466,161.6470642,20.40684128,74.01558685,Spring,1
5/20/2030,19.98866463,21.89009857,18.25616455,10.58872414,0.156377897,101.7421188,4.561640739,5.464743137,160.6612701,160.8133392,20.5203228,74.01840973,Spring,1
5/21/2030,20.10066032,21.99633026,18.37113571,10.66535473,0.148880303,101.7460938,4.546412945,5.445161343,159.7905731,159.9480743,20.63541794,74.01972961,Spring,1
5/22/2030,20.21416664,22.1041851,18.48753357,10.74348354,0.140708044,101.7498703,4.531009674,5.425369263,158.8918304,159.0526428,20.75211525,74.01927948,Spring,1
5/23/2030,20.32916641,22.21366882,18.60532379,10.82305336,0.131873265,101.7534409,4.515475273,5.405416489,157.966629,158.1288147,20.87040329,74.01678467,Spring,1
5/24/2030,20.44563675,22.32477951,18.72446632,10.90399742,0.122393437,101.7568054,4.499853611,5.38535738,157.0170288,157.1788483,20.99025726,74.01197052,Spring,1
5/25/2030,20.56354904,22.43752098,18.84491348,10.98624229,0.112292267,101.7599564,4.484191895,5.365245819,156.0455017,156.2053528,21.11165428,74.00455475,Spring,1
5/26/2030,20.68286514,22.55186844,18.96660995,11.06969929,0.101598382,101.7629013,4.468535423,5.345137596,155.0548248,155.2113647,21.23455048,73.99422455,Spring,1
5/27/2030,20.80353737,22.66780472,19.08949661,11.15427589,0.090345956,101.7656403,4.452932358,5.325088024,154.0482635,154.2002258,21.35890579,73.98071289,Spring,1
5/28/2030,20.92551231,22.78529358,19.21350098,11.23986626,0.078573897,101.7681656,4.437429428,5.305153847,153.0293274,153.1757507,21.48466492,73.9637146,Spring,1
5/29/2030,21.04872894,22.90429497,19.33854485,11.32635975,0.066325858,101.7704926,4.422074318,5.285389423,152.0018921,152.1419067,21.61177063,73.94295502,Spring,1
5/30/2030,21.17311859,23.02475739,19.46455002,11.41363907,0.053649835,101.7726212,4.406912804,5.265851021,150.9700775,151.102951,21.74015236,73.91815948,Spring,1
5/31/2030,21.29859734,23.14662361,19.59142303,11.50157928,0.04059732,101.774559,4.391990185,5.246590137,149.9382477,150.0634308,21.86973763,73.88905334,Spring,1
6/1/2030,21.42508698,23.26981926,19.71907425,11.59004879,0.027223412,101.7763062,4.377350807,5.227661133,148.9109802,149.0279846,22.00044632,73.85540009,Summer,2
6/2/2030,21.55249023,23.39427185,19.84739494,11.67891693,0.013585992,101.7778702,4.363037109,5.209112167,147.8929443,148.0014496,22.13218689,73.81695557,Summer,2
6/3/2030,21.68071175,23.51988983,19.97628021,11.76804447,-0.000254591,101.7792587,4.349088669,5.190989971,146.8889771,146.9886932,22.26486588,73.77351379,Summer,2
6/4/2030,21.8096447,23.64657784,20.10561943,11.85729313,-0.014236495,101.7804871,4.335543633,5.173341274,145.9039764,145.9946899,22.39838028,73.72486877,Summer,2
6/5/2030,21.93917465,23.77423668,20.23529816,11.94652176,-0.028296288,101.7815475,4.322438717,5.156205654,144.9428101,145.0243835,22.53262329,73.67086792,Summer,2
6/6/2030,22.06918716,23.90275192,20.36519241,12.03559113,-0.042370293,101.7824631,4.309803486,5.139620781,144.0103455,144.0826111,22.66748428,73.61135864,Summer,2
6/7/2030,22.19956017,24.03200722,20.49518585,12.12436199,-0.056394204,101.783226,4.297667503,5.12362051,143.1113281,143.174118,22.802845,73.54623413,Summer,2
6/8/2030,22.33016777,24.16187668,20.62514877,12.21269608,-0.070304424,101.7838516,4.286056995,5.108234406,142.2504578,142.3035889,22.93858719,73.47540283,Summer,2
6/9/2030,22.46087837,24.2922287,20.75496101,12.30046463,-0.084038779,101.7843552,4.274992466,5.09348774,141.4321442,141.4753876,23.07458305,73.39883423,Summer,2
6/10/2030,22.59156418,24.42293358,20.88449097,12.38753319,-0.097536296,101.7847214,4.264492035,5.079399586,140.660675,140.6937103,23.21070862,73.3164978,Summer,2
6/11/2030,22.72208977,24.55384445,21.01361465,12.47378159,-0.110738091,101.7849731,4.2545681,5.065986633,139.9400177,139.9624329,23.34683037,73.22841644,Summer,2
6/12/2030,22.85231972,24.6848259,21.14220428,12.55909157,-0.123588443,101.7851105,4.245231152,5.053259373,139.2738495,139.28508,23.48282242,73.13465118,Summer,2
6/13/2030,22.9821167,24.81572723,21.27013397,12.64335442,-0.13603434,101.7851334,4.236485004,5.041222095,138.6655121,138.6649323,23.61854935,73.03529358,Summer,2
6/14/2030,23.11134911,24.94639969,21.39728546,12.72646904,-0.148026928,101.7850571,4.228330135,5.029876232,138.1179504,138.1047668,23.75387955,72.93047333,Summer,2
6/15/2030,23.23988152,25.07670212,21.52353668,12.80834198,-0.159520805,101.7848816,4.220763206,5.019215584,137.633728,137.6069336,23.88868141,72.82035828,Summer,2
6/16/2030,23.36758041,25.20647812,21.64877319,12.88889313,-0.170475662,101.7845993,4.213775635,5.009231091,137.2149048,137.1733856,24.02282333,72.70514679,Summer,2
6/17/2030,23.49431992,25.33558273,21.77288246,12.96804619,-0.180855364,101.7842255,4.207354069,4.99990654,136.8631592,136.8055725,24.15618324,72.58508301,Summer,2
6/18/2030,23.61997223,25.463871,21.89575768,13.04574203,-0.190629229,101.7837524,4.20148325,4.991222858,136.5796661,136.5044556,24.28862762,72.46044922,Summer,2
6/19/2030,23.74441719,25.59119797,22.01729774,13.12193108,-0.19977206,101.7831879,4.196140289,4.983154297,136.365036,136.2705688,24.42003822,72.33154297,Summer,2
6/20/2030,23.86753845,25.7174263,22.1374073,13.19656944,-0.208263561,101.7825394,4.191302299,4.975672722,136.2194519,136.1038055,24.55029488,72.19871521,Summer,2
6/21/2030,23.98921967,25.84241867,22.2559967,13.26963425,-0.216089338,101.7817917,4.186939716,4.968742847,136.1425934,136.0036621,24.67928314,72.06232452,Summer,2
6/22/2030,24.10936356,25.96604156,22.37298584,13.34110641,-0.223240867,101.7809448,4.183021069,4.962329388,136.1335144,135.9690857,24.80688858,71.9227829,Summer,2
6/23/2030,24.22786713,26.08817291,22.48829842,13.41097832,-0.229714915,101.780014,4.179512024,4.956389427,136.1909027,135.9984741,24.93301392,71.78050232,Summer,2
6/24/2030,24.34463882,26.20869064,22.60186386,13.4792614,-0.235514015,101.7789917,4.176373959,4.950879574,136.3128204,136.0898895,25.05755424,71.63594818,Summer,2
6/25/2030,24.45959663,26.32748413,22.71363068,13.54596901,-0.240645766,101.7778702,4.173567772,4.945752621,136.4969482,136.2407684,25.18041992,71.48957825,Summer,2
6/26/2030,24.57266235,26.44445038,22.82353973,13.61112976,-0.245123804,101.7766571,4.171051025,4.94095993,136.7404327,136.4481506,25.3015213,71.34187317,Summer,2
6/27/2030,24.68376541,26.55948639,22.93154716,13.6747818,-0.248966023,101.7753448,4.16877985,4.936449051,137.0400085,136.708725,25.42078018,71.19333649,Summer,2
6/28/2030,24.79284859,26.67250443,23.03761864,13.73696518,-0.252195656,101.7739334,4.1667099,4.932168484,137.3920135,137.0186768,25.53812027,71.04447937,Summer,2
6/29/2030,24.89985657,26.78342438,23.14172935,13.79774094,-0.254839867,101.7724304,4.164793968,4.928064346,137.7923431,137.3739471,25.65347672,70.89581299,Summer,2
6/30/2030,25.00474739,26.89217377,23.24385071,13.8571682,-0.256930232,101.7708282,4.162987709,4.92408371,138.236618,137.7700958,25.76679039,70.74784851,Summer,2
7/1/2030,25.1074791,26.99868393,23.34397316,13.91531563,-0.258501261,101.7691269,4.161244392,4.920172215,138.7200623,138.2024231,25.87800789,70.60112,Summer,2
7/2/2030,25.20802498,27.10290909,23.44209099,13.97225761,-0.259591222,101.7673264,4.159518242,4.916277885,139.2377625,138.6659698,25.98708344,70.45612335,Summer,2
7/3/2030,25.30636787,27.20479202,23.53820038,14.02807045,-0.260240853,101.7654266,4.157765388,4.912349224,139.7844543,139.1556702,26.09397507,70.31336975,Summer,2
7/4/2030,25.40248871,27.3042984,23.63230896,14.08283997,-0.260492325,101.7634354,4.155942917,4.908336163,140.3547516,139.6661987,26.19865036,70.1733551,Summer,2
7/5/2030,25.49637985,27.40139389,23.72442627,14.13664627,-0.260389924,101.7613525,4.154009819,4.904192924,140.943222,140.192276,26.30108643,70.03655243,Summer,2
7/6/2030,25.58804131,27.49606323,23.81456947,14.1895771,-0.259978384,101.7591782,4.151927948,4.899873734,141.54422,140.7285461,26.40125656,69.90341187,Summer,2
7/7/2030,25.67747879,27.58827972,23.90276146,14.24171448,-0.259303123,101.7569122,4.149661064,4.895339012,142.1521759,141.269577,26.49914932,69.77438354,Summer,2
7/8/2030,25.76470184,27.67804337,23.98901939,14.29314423,-0.258408666,101.75457,4.147175789,4.890550137,142.7615509,141.8101044,26.59475327,69.64985657,Summer,2
7/9/2030,25.84972382,27.76534653,24.07337761,14.34394455,-0.257339209,101.7521515,4.144444466,4.885475636,143.3667755,142.3449554,26.68806458,69.53022766,Summer,2
7/10/2030,25.93256378,27.85019684,24.15586281,14.39419365,-0.256136835,101.7496567,4.141440392,4.880086422,143.9625397,142.8690796,26.77907753,69.41584778,Summer,2
7/11/2030,26.01324272,27.93259811,24.23650742,14.44396019,-0.254841894,101.7470932,4.138144016,4.874360085,144.5436707,143.3776703,26.86779785,69.30702209,Summer,2
7/12/2030,26.09178162,28.01256561,24.31534004,14.49331284,-0.253491789,101.7444763,4.13453722,4.868277073,145.1051941,143.8661804,26.95423126,69.20404053,Summer,2
7/13/2030,26.16821098,28.09011841,24.3923912,14.54230881,-0.252121061,101.741806,4.130608559,4.86182642,145.6424255,144.3303375,27.03838348,69.10713959,Summer,2
7/14/2030,26.24255562,28.16526794,24.46769524,14.59099579,-0.250760108,101.7390976,4.12635088,4.855000496,146.1510162,144.7662048,27.12026978,69.01652527,Summer,2
7/15/2030,26.31484222,28.23804092,24.54127884,14.63941956,-0.249435276,101.7363586,4.121761799,4.847799778,146.6269531,145.1702576,27.19989395,68.93235016,Summer,2
7/16/2030,26.38509941,28.30845642,24.61316681,14.6876049,-0.248168364,101.7335968,4.116844177,4.840227127,147.0665741,145.5393982,27.27727509,68.85475159,Summer,2
7/17/2030,26.45335007,28.37654495,24.68338966,14.73557663,-0.246976167,101.7308273,4.111607075,4.832295895,147.4667358,145.8708496,27.35242462,68.78379822,Summer,2
7/18/2030,26.51961517,28.44232941,24.75195885,14.78334236,-0.24586983,101.7280655,4.106062412,4.82402277,147.824646,146.162384,27.42535019,68.71951294,Summer,2
7/19/2030,26.58391571,28.50582504,24.81889534,14.8309021,-0.24485518,101.7253113,4.100229263,4.815431595,148.1380768,146.4122772,27.49606705,68.66191864,Summer,2
7/20/2030,26.64627075,28.56705475,24.88420677,14.87823677,-0.243932411,101.72258,4.094130516,4.806550026,148.4052277,146.6191711,27.56458664,68.61095428,Summer,2
7/21/2030,26.70669365,28.62604141,24.94789886,14.92532349,-0.24309516,101.7198944,4.087794304,4.797415257,148.6248474,146.7823792,27.6309166,68.56652832,Summer,2
7/22/2030,26.76518822,28.68279266,25.00997353,14.97212219,-0.242331341,101.7172546,4.081254005,4.78806591,148.7962036,146.9016266,27.69505882,68.52851868,Summer,2
7/23/2030,26.82176208,28.73732758,25.07042122,15.01858139,-0.241622791,101.7146835,4.074546337,4.778548717,148.9190521,146.9771729,27.75702095,68.49675751,Summer,2
7/24/2030,26.87641144,28.78965378,25.1292305,15.06463814,-0.240945205,101.7121811,4.067712784,4.768912792,148.9937439,147.0097351,27.81679916,68.47105408,Summer,2
7/25/2030,26.92912865,28.83977509,25.18637848,15.11021805,-0.240268484,101.7097778,4.060799122,4.759214878,149.0210724,147.0006409,27.87439537,68.45116425,Summer,2
7/26/2030,26.97990227,28.88768387,25.24183846,15.15523148,-0.239556596,101.7074738,4.053853035,4.749512196,149.0024109,146.9515686,27.92979813,68.43682861,Summer,2
7/27/2030,27.0287075,28.93338013,25.29558372,15.19958305,-0.238768071,101.7052917,4.046928406,4.739869118,148.9395752,146.8647614,27.9829998,68.42775726,Summer,2
7/28/2030,27.07552528,28.9768486,25.34756279,15.24316597,-0.237856224,101.7032318,4.040077209,4.730349064,148.8348846,146.7428436,28.03398514,68.42362213,Summer,2
7/29/2030,27.12031746,29.01807022,25.3977356,15.28586006,-0.236769766,101.7013092,4.033356667,4.721021175,148.6911316,146.5888367,28.08272934,68.42409515,Summer,2
7/30/2030,27.16304779,29.05702209,25.44604492,15.32754135,-0.235452548,101.6995392,4.026826859,4.711955547,148.5114594,146.4062195,28.12921715,68.42881012,Summer,2
7/31/2030,27.20367432,29.09368134,25.49243546,15.36807632,-0.233844846,101.6979218,4.020545006,4.703222275,148.299469,146.198761,28.17341805,68.43739319,Summer,2
8/1/2030,27.24214363,29.12800598,25.53683281,15.40732574,-0.231883466,101.6964798,4.014573097,4.694895267,148.0591125,145.9705353,28.21529961,68.44947052,Summer,2
8/2/2030,27.27840042,29.15995407,25.57917213,15.44514465,-0.229502425,101.6952133,4.008970261,4.687044144,147.7946167,145.7258759,28.25483131,68.46463776,Summer,2
8/3/2030,27.31238556,29.18949127,25.61937523,15.48138618,-0.22663331,101.6941376,4.003796101,4.679742336,147.510498,145.4693756,28.29197121,68.48249817,Summer,2
8/4/2030,27.34403419,29.21656036,25.65736198,15.51589775,-0.223206639,101.6932526,3.99911046,4.673057556,147.2115784,145.2057343,28.32667351,68.50266266,Summer,2
8/5/2030,27.37327766,29.24110794,25.69305038,15.54852867,-0.21915172,101.6925659,3.994969606,4.667059898,146.9027405,144.9398346,28.35890007,68.52472687,Summer,2
8/6/2030,27.4000473,29.26307678,25.72635269,15.57912254,-0.214397833,101.6920776,3.991429806,4.661813736,146.5890503,144.6766357,28.3886013,68.54830933,Summer,2
8/7/2030,27.42426109,29.28241348,25.75717735,15.6075325,-0.208874837,101.6917953,3.988542318,4.657382488,146.2756805,144.4211121,28.41572571,68.57304382,Summer,2
8/8/2030,27.44585037,29.29904556,25.78543663,15.63360977,-0.202513888,101.6917267,3.986357212,4.653823376,145.9678497,144.1781616,28.4402256,68.59855652,Summer,2
8/9/2030,27.46472931,29.31291199,25.81103897,15.6572094,-0.195248172,101.6918716,3.98492074,4.651192665,145.6707153,143.9527283,28.46204567,68.62450409,Summer,2
8/10/2030,27.48083115,29.32395172,25.83389664,15.67819786,-0.187013611,101.6922226,3.984274149,4.649537563,145.389389,143.7495117,28.48113632,68.6505661,Summer,2
8/11/2030,27.49407387,29.3320961,25.85392189,15.69643974,-0.177749872,101.6927872,3.98445487,4.6489048,145.1289063,143.5731812,28.49744225,68.67643738,Summer,2
8/12/2030,27.50438309,29.33728409,25.8710289,15.71181297,-0.16740039,101.6935577,3.985495567,4.649330139,144.8940582,143.4281006,28.51091003,68.70184326,Summer,2
8/13/2030,27.51168633,29.33944702,25.88513374,15.72421074,-0.15591377,101.6945343,3.987422943,4.650846958,144.6895599,143.3183899,28.521492,68.72654724,Summer,2
8/14/2030,27.51591682,29.33852768,25.89616203,15.73352623,-0.143244073,101.6957169,3.990259171,4.653479576,144.5197449,143.2479095,28.52913666,68.75031281,Summer,2
8/15/2030,27.51700783,29.33447647,25.90403557,15.73967361,-0.129351318,101.6970978,3.99401927,4.657248497,144.3887787,143.2202301,28.53380394,68.77296448,Summer,2
8/16/2030,27.51490021,29.32723236,25.90869331,15.74257278,-0.114202432,101.6986771,3.998713255,4.662162781,144.3003998,143.2385101,28.53544235,68.79434204,Summer,2
8/17/2030,27.50954628,29.3167572,25.91007042,15.74215889,-0.09777122,101.7004395,4.00434494,4.668227673,144.2580719,143.3055115,28.53401566,68.81433105,Summer,2
8/18/2030,27.50089264,29.3030014,25.90811729,15.73838425,-0.080039248,101.7023773,4.010911465,4.675438881,144.2648315,143.4236298,28.52949142,68.83283997,Summer,2
8/19/2030,27.48890686,29.28593445,25.90279007,15.73121834,-0.06099619,101.7044983,4.018404007,4.683786392,144.323288,143.5947876,28.52183533,68.849823,Summer,2
8/20/2030,27.47355461,29.26554108,25.89405441,15.72063828,-0.04063962,101.7067795,4.026805878,4.693251133,144.4356537,143.8204651,28.51102829,68.86526489,Summer,2
8/21/2030,27.45481873,29.24178696,25.88188362,15.70664406,-0.018976381,101.7092209,4.036095619,4.703807354,144.6036987,144.1017303,28.49704552,68.87916565,Summer,2
8/22/2030,27.43268394,29.21467209,25.86626434,15.68924522,0.003978445,101.7118073,4.046246529,4.715421677,144.8286438,144.4391479,28.47987938,68.89160156,Summer,2
8/23/2030,27.40715408,29.1842041,25.84719086,15.6684742,0.028200645,101.7145386,4.05722332,4.72805357,145.1113434,144.8327942,28.45952415,68.90263367,Summer,2
8/24/2030,27.37823105,29.15037918,25.82467079,15.64437485,0.053657334,101.7173996,4.068985939,4.741656303,145.4521332,145.2823181,28.43598175,68.91236877,Summer,2
8/25/2030,27.34594345,29.11323166,25.7987175,15.6170063,0.08030659,101.7203827,4.081490517,4.756175995,145.8508606,145.7868805,28.4092598,68.9209671,Summer,2
8/26/2030,27.31031418,29.07278824,25.76936531,15.58644676,0.108097494,101.7234802,4.094685555,4.771553993,146.3069153,146.3452301,28.37937737,68.92858124,Summer,2
8/27/2030,27.27138901,29.02909088,25.73664856,15.55278206,0.136970744,101.7266846,4.108515739,4.787723064,146.8192444,146.955658,28.34635925,68.93540192,Summer,2
8/28/2030,27.22922134,28.98219681,25.70061874,15.51612282,0.166858986,101.7299881,4.12292099,4.804614067,147.3864288,147.6160736,28.31023788,68.94163513,Summer,2
8/29/2030,27.18387413,28.93217468,25.6613369,15.47658348,0.197686568,101.7333755,4.137839317,4.822151661,148.0064697,148.3239899,28.27105522,68.94752502,Summer,2
8/30/2030,27.13542175,28.87908936,25.61888123,15.43429184,0.229370192,101.7368393,4.153202057,4.840257168,148.6771088,149.0765533,28.22885895,68.95330048,Summer,2
8/31/2030,27.08395004,28.82304001,25.57332802,15.38938904,0.261819541,101.7403793,4.16893959,4.858847141,149.3956757,149.870636,28.18370819,68.95922089,Summer,2
9/1/2030,27.02955246,28.76411438,25.52476692,15.34202576,0.294937998,101.743988,4.184980869,4.877837658,150.1591644,150.7027893,28.13566589,68.96554565,Autumn,3
9/2/2030,26.97233582,28.70241928,25.47330475,15.29236412,0.328622639,101.7476578,4.20125103,4.89714098,150.9642944,151.5693512,28.08480072,68.97255707,Autumn,3
9/3/2030,26.91241264,28.63807678,25.41905022,15.24056435,0.362765491,101.7513733,4.217674255,4.916668892,151.8074951,152.4663849,28.03119469,68.98051453,Autumn,3
9/4/2030,26.84990311,28.57120132,25.36211777,15.18680382,0.397253543,101.7551346,4.234177589,4.936332703,152.6849976,153.3898773,27.97493172,68.98968506,Autumn,3
9/5/2030,26.78493309,28.50193787,25.30262947,15.13125801,0.431970388,101.7589417,4.250683784,4.95604372,153.5928345,154.3356476,27.91610718,69.00033569,Autumn,3
9/6/2030,26.71764183,28.43041229,25.24071884,15.07410431,0.466796249,101.7627869,4.267118454,4.975714207,154.5269318,155.299469,27.85480881,69.01271057,Autumn,3
9/7/2030,26.64816856,28.35677719,25.17651749,15.01552391,0.501609147,101.7666626,4.283410549,4.995258808,155.4831085,156.2770691,27.79114532,69.02705383,Autumn,3
9/8/2030,26.57665634,28.28118515,25.11016464,14.95569611,0.536285281,101.7705688,4.299487114,5.014593124,156.4571381,157.2642212,27.72522354,69.04358673,Autumn,3
9/9/2030,26.50325584,28.20377731,25.04179955,14.89479828,0.570700884,101.7745056,4.315280437,5.033637047,157.444809,158.2567139,27.65714836,69.06251526,Autumn,3
9/10/2030,26.42811394,28.12472534,24.97156334,14.83300972,0.604731798,101.7784653,4.330726624,5.052314281,158.4418945,159.2505035,27.58703613,69.08403015,Autumn,3
9/11/2030,26.35138321,28.04417038,24.89959908,14.77049637,0.638255239,101.7824402,4.34576273,5.070553303,159.4443665,160.2416382,27.51499939,69.10827637,Autumn,3
9/12/2030,26.27321243,27.9622879,24.8260479,14.70741844,0.671150386,101.7864456,4.36033392,5.088285923,160.4482269,161.2264099,27.44115448,69.13538361,Autumn,3
9/13/2030,26.19375229,27.87922287,24.75105095,14.64393616,0.703298807,101.7904587,4.374387264,5.105452538,161.4496765,162.2013092,27.36561966,69.16545868,Autumn,3
9/14/2030,26.11314964,27.7951355,24.67473984,14.58019447,0.734586,101.7944946,4.387877464,5.121997356,162.4452209,163.1631165,27.28850746,69.19856262,Autumn,3
9/15/2030,26.03154373,27.71017838,24.59724998,14.516325,0.764901876,101.7985458,4.400762558,5.13787365,163.4314423,164.108902,27.20994186,69.23474121,Autumn,3
9/16/2030,25.94907188,27.62449646,24.51870537,14.45245552,0.794140995,101.8026123,4.413009167,5.153038502,164.4053802,165.036087,27.13002777,69.27398682,Autumn,3
9/17/2030,25.86586952,27.5382309,24.43922424,14.38869286,0.822204113,101.806694,4.424589634,5.167460442,165.3642578,165.9424286,27.04887962,69.31626892,Autumn,3
9/18/2030,25.78205872,27.4515152,24.35891914,14.32513618,0.848998427,101.810791,4.435482025,5.181113243,166.3057098,166.8260803,26.96660423,69.36151123,Autumn,3
9/19/2030,25.697752,27.36447906,24.27789307,14.26186752,0.874437988,101.8148956,4.445672989,5.193979263,167.2276917,167.6855621,26.8833046,69.40960693,Autumn,3
9/20/2030,25.61305618,27.27723312,24.19623947,14.19895554,0.898444831,101.8190079,4.455154896,5.20605135,168.1285706,168.5198517,26.79907799,69.46042633,Autumn,3
9/21/2030,25.52806854,27.189888,24.11404228,14.13644981,0.920948923,101.8231354,4.463928223,5.217327118,169.0071106,169.3283081,26.71401978,69.51377869,Autumn,3
9/22/2030,25.44287109,27.10253906,24.03137016,14.0743866,0.94188875,101.8272629,4.472000599,5.227816105,169.8624573,170.1107635,26.62821579,69.56945801,Autumn,3
9/23/2030,25.35753632,27.01526642,23.94828606,14.01278496,0.96121186,101.831398,4.479387283,5.237533569,170.6941681,170.8674469,26.54174423,69.62722015,Autumn,3
9/24/2030,25.27212524,26.92814636,23.86483574,13.95165253,0.978874922,101.8355255,4.48610878,5.246504307,171.5022888,171.598999,26.45467758,69.68678284,Autumn,3
9/25/2030,25.18668365,26.84122849,23.78105927,13.89096832,0.994844377,101.8396606,4.492196083,5.254761696,172.2871552,172.306488,26.3670826,69.74783325,Autumn,3
9/26/2030,25.10124588,26.75455856,23.6969738,13.83071136,1.00909555,101.8437805,4.497683525,5.262346268,173.0496216,172.9914093,26.27901459,69.81005096,Autumn,3
9/27/2030,25.0158329,26.66816711,23.61259079,13.77083206,1.021614075,101.8478928,4.502613068,5.269305706,173.7908478,173.6556244,26.19051933,69.87306213,Autumn,3
9/28/2030,24.93044853,26.58206558,23.52790642,13.71127701,1.032395244,101.8519897,4.507034779,5.275695801,174.5124359,174.3013306,26.10163879,69.93650055,Autumn,3
9/29/2030,24.84508514,26.49625778,23.44290352,13.651968,1.041443348,101.8560638,4.51100111,5.281578541,175.2162781,174.931076,26.0124054,69.99996185,Autumn,3
9/30/2030,24.75972176,26.41072845,23.35755157,13.59282112,1.048772812,101.8600998,4.514573097,5.287022114,175.9046783,175.54776,25.9228363,70.06302643,Autumn,3
10/1/2030,24.67432213,26.32544327,23.27181053,13.53373909,1.054406524,101.8641052,4.517814636,5.292100906,176.5802155,176.1545105,25.83294678,70.12526703,Autumn,3
10/2/2030,24.58884048,26.24036789,23.18562698,13.47460938,1.058377028,101.8680649,4.520794392,5.296894073,177.245697,176.7547455,25.74274063,70.18624878,Autumn,3
10/3/2030,24.50321198,26.15543365,23.09893227,13.41531754,1.060724616,101.8719711,4.523585796,5.301484108,177.9042511,177.3520355,25.65221405,70.2455368,Autumn,3
10/4/2030,24.41736603,26.07057953,23.0116539,13.35573006,1.061498642,101.8758163,4.526264668,5.305959225,178.5591278,177.950119,25.56135178,70.3026886,Autumn,3
10/5/2030,24.33121872,25.98571777,22.92370415,13.29571724,1.060755372,101.8795853,4.52890873,5.310408115,179.2138519,178.5529022,25.47013664,70.35725403,Autumn,3
10/6/2030,24.24467659,25.90075684,22.83498764,13.23513412,1.058558464,101.8832703,4.531599998,5.31492424,179.8719635,179.1643066,25.37853813,70.40882111,Autumn,3
10/7/2030,24.15763092,25.81559372,22.74539948,13.17384148,1.054977894,101.8868713,4.53441906,5.319601536,180.5371704,179.7883453,25.2865181,70.45695496,Autumn,3
10/8/2030,24.06997299,25.73011017,22.65483284,13.11168861,1.050090313,101.8903656,4.537448883,5.324533939,181.2132111,180.4290466,25.1940403,70.50125122,Autumn,3
10/9/2030,23.98158455,25.64418411,22.56316948,13.04853058,1.043977022,101.8937454,4.540771484,5.329814911,181.9038086,181.0903168,25.10105324,70.54133606,Autumn,3
10/10/2030,23.89233398,25.55768204,22.47029114,12.9842205,1.036723852,101.8970032,4.544467926,5.335539818,182.6126404,181.776001,25.00750351,70.576828,Autumn,3
10/11/2030,23.80209541,25.47047424,22.37607384,12.91861153,1.028420806,101.9001312,4.548620224,5.341797829,183.3433533,182.4898376,24.91333771,70.60739899,Autumn,3
10/12/2030,23.71073341,25.38241196,22.28039169,12.85156822,1.019161344,101.9031067,4.553304195,5.348679543,184.0994263,183.2352905,24.81848717,70.63273621,Autumn,3
10/13/2030,23.61811256,25.29335403,22.18311882,12.78295517,1.009040952,101.9059372,4.558596611,5.356271267,184.8841858,184.0157318,24.72289276,70.65255737,Autumn,3
10/14/2030,23.52409554,25.20315552,22.08413315,12.71264458,0.998156965,101.9086075,4.564567566,5.364654064,185.7007446,184.8342133,24.62648773,70.66661835,Autumn,3
10/15/2030,23.42854881,25.11167145,21.98330688,12.6405201,0.986607611,101.9111023,4.571286201,5.373905659,186.5520325,185.6934967,24.52920151,70.67471313,Autumn,3
10/16/2030,23.33133888,25.01875305,21.8805275,12.56647491,0.974491596,101.9134216,4.57881546,5.384096622,187.4406586,186.5960083,24.43096924,70.67668152,Autumn,3
10/17/2030,23.23233604,24.92425919,21.77567482,12.49041176,0.961907268,101.9155579,4.587213516,5.395295143,188.3689117,187.5438843,24.33172417,70.6723938,Autumn,3
10/18/2030,23.13141441,24.82805252,21.66864777,12.41225052,0.948951542,101.9175034,4.596532345,5.407558918,189.3388672,188.5388641,24.23139572,70.66175079,Autumn,3
10/19/2030,23.02845764,24.73000717,21.55934525,12.33191872,0.935719669,101.9192581,4.606819153,5.420941353,190.3520966,189.5822449,24.12992477,70.64472961,Autumn,3
10/20/2030,22.92335892,24.62998962,21.4476757,12.24936485,0.922304332,101.9208221,4.618112087,5.435486317,191.4099121,190.6749878,24.02724648,70.621315,Autumn,3
10/21/2030,22.81601715,24.52788925,21.33355713,12.16454983,0.908795893,101.9221802,4.63044548,5.451231956,192.5131836,191.8175354,23.92330551,70.59156799,Autumn,3
10/22/2030,22.7063427,24.42359543,21.21692848,12.0774498,0.895280242,101.9233475,4.643844604,5.468205929,193.6623993,193.010025,23.8180542,70.55558014,Autumn,3
10/23/2030,22.59425545,24.31702232,21.09772873,11.98806381,0.881839573,101.9243164,4.658328056,5.486429691,194.8575745,194.2520142,23.71143723,70.51348877,Autumn,3
10/24/2030,22.47969627,24.2080822,20.975914,11.89640236,0.868551731,101.9250946,4.67390728,5.505913734,196.0984192,195.5427551,23.60342407,70.46546173,Autumn,3
10/25/2030,22.36260986,24.09671021,20.8514576,11.802495,0.855489433,101.9256897,4.69058466,5.526661396,197.3841553,196.8809662,23.49397469,70.41173553,Autumn,3
10/26/2030,22.24295998,23.98284912,20.72434616,11.70639038,0.842720091,101.9261093,4.708356857,5.548666,198.7135925,198.2650146,23.38306427,70.35256195,Autumn,3
10/27/2030,22.12072945,23.86646652,20.5945816,11.6081543,0.830305874,101.9263687,4.727210045,5.571913242,200.0851593,199.6927948,23.27067566,70.28825378,Autumn,3
10/28/2030,21.99590874,23.74753571,20.46218109,11.50786972,0.818302512,101.9264679,4.747124672,5.59637785,201.4968567,201.1618347,23.15679932,70.2191391,Autumn,3
10/29/2030,21.8685112,23.62605476,20.32718086,11.40563774,0.806760252,101.9264221,4.768074989,5.622029781,202.9463501,202.6693115,23.04143524,70.14559937,Autumn,3
10/30/2030,21.73856354,23.50203705,20.1896286,11.30157185,0.795722902,101.9262543,4.790024281,5.648825645,204.4309235,204.2119904,22.92459297,70.06802368,Autumn,3
10/31/2030,21.60611343,23.37550735,20.04959488,11.19580555,0.785228372,101.9259796,4.812930584,5.676718235,205.9474792,205.7863617,22.80628586,69.98686981,Autumn,3
11/1/2030,21.47122002,23.24651527,19.90716171,11.08848763,0.775308192,101.9256134,4.836746693,5.705648422,207.4927673,207.3886108,22.68654251,69.90258026,Autumn,3
11/2/2030,21.3339653,23.11512756,19.76242828,10.97977829,0.765987575,101.9251862,4.86141634,5.735555172,209.0630646,209.0146637,22.56540298,69.81563568,Autumn,3
11/3/2030,21.19443893,22.98142433,19.61551285,10.86985207,0.757286072,101.9247131,4.886878014,5.766364098,210.65448,210.6602631,22.44290924,69.72653198,Autumn,3
11/4/2030,21.05275917,22.84550858,19.4665451,10.75889397,0.749216914,101.9242172,4.913064957,5.797999859,212.2630005,212.3208923,22.3191185,69.63579559,Autumn,3
11/5/2030,20.90904808,22.70748901,19.31567001,10.64709854,0.741787851,101.9237289,4.93990469,5.830377579,213.8842621,213.9919128,22.19409561,69.54393768,Autumn,3
11/6/2030,20.76345253,22.5675087,19.16305161,10.53467274,0.735001206,101.9232788,4.967321396,5.863409519,215.5138855,215.6686096,22.06791687,69.45149231,Autumn,3
11/7/2030,20.61612701,22.42570877,19.00886154,10.42182732,0.728853643,101.9228821,4.995232582,5.897001266,217.1473541,217.3461456,21.94066238,69.3589859,Autumn,3
11/8/2030,20.46724129,22.28224945,18.85328674,10.30878258,0.723337591,101.9225845,5.023555279,5.931055546,218.7801056,219.0197296,21.81242371,69.26696014,Autumn,3
11/9/2030,20.31698036,22.13731194,18.69652367,10.19575882,0.718440592,101.9224014,5.052200317,5.965473652,220.407547,220.6845551,21.68330002,69.17592621,Autumn,3
11/10/2030,20.16553497,21.99108124,18.5387764,10.08298111,0.714146137,101.9223709,5.08107996,6.000150204,222.0250244,222.3358612,21.55339432,69.08641815,Autumn,3
11/11/2030,20.01311302,21.84375763,18.38026428,9.970676422,0.710433722,101.9225235,5.1101017,6.034981728,223.6280823,223.9690094,21.42282104,68.99892426,Autumn,3
11/12/2030,19.85992813,21.69555473,18.22120857,9.859070778,0.707279742,101.9228821,5.139173508,6.069860935,225.212265,225.5794525,21.29169464,68.91394043,Autumn,3
11/13/2030,19.70619583,21.54668427,18.06183815,9.748386383,0.704657912,101.9234924,5.168201923,6.104682446,226.7732849,227.1629028,21.16014481,68.83192444,Autumn,3
11/14/2030,19.552145,21.3973732,17.90238953,9.638842583,0.702538669,101.9243622,5.197095871,6.139339447,228.3070068,228.7151642,21.0282917,68.75332642,Autumn,3
11/15/2030,19.39800453,21.24785233,17.7430954,9.530653,0.700891614,101.9255371,5.225762844,6.173727512,229.8095093,230.2323914,20.89627075,68.67855835,Autumn,3
11/16/2030,19.24401283,21.09835815,17.58419418,9.424026489,0.699683547,101.9270325,5.25411272,6.207743645,231.2770996,231.7109833,20.76421547,68.60801697,Autumn,3
11/17/2030,19.0904007,20.94912338,17.42593002,9.319158554,0.698880911,101.9288788,5.282057285,6.241286755,232.7063446,233.1475372,20.63225937,68.54204559,Autumn,3
11/18/2030,18.93740463,20.80039215,17.2685318,9.216238976,0.698449135,101.9310989,5.309511185,6.27425909,234.094101,234.5391235,20.50054169,68.48097992,Autumn,3
11/19/2030,18.78526115,20.65239525,17.11224174,9.115446091,0.69835341,101.9337234,5.336392403,6.306568146,235.4375153,235.8830566,20.36919785,68.42508698,Autumn,3
11/20/2030,18.63419533,20.50536919,16.95728493,9.016943932,0.698559046,101.9367599,5.362622261,6.338122845,236.7341003,237.1770325,20.23836517,68.37463379,Autumn,3
11/21/2030,18.48443794,20.35954666,16.8038826,8.92088604,0.699031651,101.9402237,5.388127804,6.368840694,237.9817352,238.4191284,20.10817719,68.3298111,Autumn,3
11/22/2030,18.33620453,20.21514893,16.65225792,8.827409744,0.699737549,101.9441452,5.412837029,6.398640156,239.1785431,239.6077881,19.9787674,68.290802,Autumn,3
11/23/2030,18.18971252,20.07239723,16.50261307,8.736636162,0.700644553,101.9485245,5.436686993,6.427449226,240.3231201,240.741806,19.8502655,68.25773621,Autumn,3
11/24/2030,18.0451622,19.93149757,16.35514832,8.648673058,0.701721489,101.9533768,5.459619045,6.455200672,241.4144287,241.8204651,19.72279549,68.23068237,Autumn,3
11/25/2030,17.9027462,19.79265213,16.21005249,8.563613892,0.702938914,101.9587021,5.481577873,6.481834412,242.4517212,242.8432922,19.59647942,68.2097168,Autumn,3
11/26/2030,17.76264763,19.65604782,16.06749725,8.481529236,0.704269171,101.9645004,5.502517223,6.507295609,243.4347229,243.8103638,19.47143173,68.19482422,Autumn,3
11/27/2030,17.62503815,19.52186203,15.92764854,8.402477264,0.705686927,101.9707718,5.522396564,6.531538963,244.3634186,244.7218781,19.34776497,68.18598175,Autumn,3
11/28/2030,17.49007607,19.39025497,15.79065132,8.326499939,0.707168818,101.9775162,5.541178703,6.554523468,245.2382202,245.5786285,19.22558022,68.1831131,Autumn,3
11/29/2030,17.35789871,19.26138306,15.65664196,8.253620148,0.708693445,101.984726,5.558837891,6.576218605,246.059845,246.3815918,19.10497284,68.18611908,Autumn,3
11/30/2030,17.2286396,19.13537216,15.52573681,8.183843613,0.710242033,101.9923782,5.575349331,6.596599579,246.8293304,247.1321259,18.98603439,68.19484711,Autumn,3
12/1/2030,17.10240936,19.01234436,15.39803982,8.117160797,0.711798489,102.0004654,5.590699196,6.61564827,247.5480499,247.8318329,18.86884308,68.2091217,Winter,0
12/2/2030,16.97930527,18.89240265,15.27363682,8.053547859,0.713348627,102.0089645,5.604878426,6.633356571,248.2175903,248.4826508,18.75347137,68.22873688,Winter,0
12/3/2030,16.85940742,18.77563095,15.15259933,7.992962837,0.714880586,102.0178528,5.617883682,6.649721146,248.8398438,249.0866241,18.63998604,68.25346375,Winter,0
12/4/2030,16.74278259,18.66209793,15.03497982,7.935351372,0.716384888,102.0270996,5.629719257,6.664745808,249.4169006,249.6461792,18.52844048,68.28302002,Winter,0
12/5/2030,16.62947845,18.55185699,14.92081451,7.880642891,0.71785444,102.0366821,5.640393734,6.678442955,249.9510803,250.1637421,18.41888428,68.31712341,Winter,0
12/6/2030,16.51952553,18.44494438,14.81012917,7.828756332,0.71928376,102.0465622,5.649922848,6.690829754,250.4448395,250.6420288,18.31135368,68.35547638,Winter,0
12/7/2030,16.41294289,18.34137726,14.70292473,7.77959919,0.720669627,102.056694,5.65832901,6.701931477,250.9007721,251.083786,18.2058773,68.39774323,Winter,0
12/8/2030,16.30972862,18.24115753,14.59919262,7.733066082,0.722009897,102.0670547,5.665636063,6.711778164,251.3215942,251.4917908,18.10247993,68.44358826,Winter,0
12/9/2030,16.20986938,18.14427567,14.498909,7.689044952,0.723304391,102.0775909,5.671875954,6.720404148,251.7100525,251.8689423,18.00117111,68.49264526,Winter,0
12/10/2030,16.11333847,18.05069733,14.40202999,7.6474123,0.724554479,102.0882568,5.677085876,6.727851868,252.068985,252.2181549,17.90196037,68.54457092,Winter,0
12/11/2030,16.02008629,17.96038246,14.30850792,7.608040333,0.72576189,102.0990143,5.681303024,6.734165668,252.4011841,252.5422363,17.80484009,68.59899139,Winter,0
12/12/2030,15.93006325,17.87327194,14.21827221,7.570795059,0.726929426,102.1098022,5.684572697,6.739396095,252.7094269,252.8439941,17.70980453,68.65553284,Winter,0
12/13/2030,15.84319592,17.78929901,14.13124657,7.535538673,0.728060842,102.1205826,5.686941147,6.7435956,252.9964294,253.1260834,17.61683273,68.71382904,Winter,0
12/14/2030,15.759408,17.70838165,14.04734135,7.502127647,0.729159713,102.1312943,5.688457489,6.746821404,253.2647858,253.3911133,17.5259037,68.77351379,Winter,0
12/15/2030,15.67860699,17.63042641,13.96645927,7.470421791,0.730230272,102.1418915,5.689174175,6.74913168,253.5170593,253.6415253,17.43698502,68.83424377,Winter,0
12/16/2030,15.60069656,17.55533028,13.88849354,7.440276146,0.731275856,102.1523209,5.689144611,6.750588417,253.7555389,253.8795471,17.35004807,68.89565277,Winter,0
12/17/2030,15.5255661,17.48298454,13.81332684,7.411551476,0.732300222,102.162529,5.688425064,6.751253605,253.9824371,254.107254,17.26504898,68.95741272,Winter,0
12/18/2030,15.45310593,17.41327286,13.74084091,7.384106159,0.733306289,102.1724625,5.687070847,6.751191616,254.1997833,254.326416,17.18194389,69.01921082,Winter,0
12/19/2030,15.38319683,17.34607124,13.67090797,7.357804298,0.734295905,102.1820679,5.685138702,6.750465393,254.4092865,254.5387268,17.10068893,69.08071899,Winter,0
12/20/2030,15.31571388,17.28125381,13.60340023,7.33251524,0.735270679,102.1912994,5.682686329,6.749141216,254.6125641,254.7455444,17.0212326,69.1416626,Winter,0
12/21/2030,15.25053501,17.21868896,13.53818607,7.308114052,0.736230433,102.2001038,5.679769039,6.747280598,254.8108978,254.947937,16.94352531,69.20178223,Winter,0
12/22/2030,15.18752861,17.1582489,13.47512817,7.284482479,0.737174094,102.2084427,5.676443577,6.74494791,255.0053711,255.146759,16.86750984,69.26081848,Winter,0
12/23/2030,15.12656975,17.09980011,13.41409969,7.261506557,0.738099635,102.2162628,5.672764301,6.742203712,255.1967316,255.3426056,16.79313469,69.31855774,Winter,0
12/24/2030,15.06753349,17.04321289,13.3549633,7.239086151,0.739002883,102.223526,5.668782711,6.739108562,255.3855743,255.5357971,16.72034454,69.37480164,Winter,0
12/25/2030,15.01029301,16.98835373,13.29759407,7.217126846,0.739878654,102.2301941,5.664551735,6.73571825,255.5722046,255.7263031,16.64908981,69.42937469,Winter,0
12/26/2030,14.95472813,16.93510818,13.2418642,7.195544243,0.740720332,102.2362289,5.660118103,6.732088089,255.756546,255.9140167,16.57931519,69.48213196,Winter,0
12/27/2030,14.9007225,16.88334656,13.18765259,7.174266815,0.741519451,102.2416,5.655529022,6.728268623,255.938446,256.0983887,16.51096535,69.53294373,Winter,0
12/28/2030,14.84816551,16.83295822,13.13484192,7.153226376,0.742266357,102.2462769,5.650827408,6.724309444,256.1174316,256.2787781,16.44399643,69.58171844,Winter,0
12/29/2030,14.79695129,16.78384399,13.08332443,7.13237381,0.742949903,102.2502441,5.646052837,6.720256329,256.2927551,256.4542542,16.37836075,69.62838745,Winter,0
12/30/2030,14.74698257,16.73589325,13.03300095,7.111666679,0.74355787,102.2534714,5.641243935,6.716148853,256.463562,256.6236572,16.31401443,69.67288971,Winter,0
12/31/2030,14.69817162,16.68901825,12.98377609,7.091072559,0.744076312,102.2559433,5.636432171,6.712025166,256.6286621,256.785675,16.25092125,69.71521759,Winter,0
1/1/2031,14.65043449,16.6431427,12.93556309,7.070569992,0.744490385,102.2576599,5.631648064,6.70791769,256.7867737,256.9389038,16.18904114,69.75536346,Winter,0
1/2/2031,14.60370064,16.59819031,12.88828754,7.050150394,0.744784415,102.258606,5.626918316,6.703856468,256.9364624,257.0817261,16.12834549,69.79335022,Winter,0
1/3/2031,14.55791092,16.55410385,12.84188557,7.029811859,0.74494195,102.2587738,5.622264862,6.699865818,257.0761414,257.2123413,16.06880569,69.82922363,Winter,0
1/4/2031,14.51300907,16.51083183,12.79629707,7.009566784,0.744946003,102.2581863,5.617707253,6.695967674,257.2041016,257.329071,16.01040077,69.86303711,Winter,0
1/5/2031,14.46895504,16.46833229,12.75148392,6.989430428,0.744778752,102.2568359,5.613259792,6.692176819,257.318512,257.4299927,15.95310974,69.89488983,Winter,0
1/6/2031,14.42571831,16.42658234,12.70740223,6.969430923,0.744422853,102.2547379,5.608933449,6.68850708,257.4176331,257.5132141,15.89692307,69.92486572,Winter,0
1/7/2031,14.38327599,16.3855629,12.66403389,6.949604034,0.743860781,102.251915,5.604736805,6.684965134,257.4995422,257.5769043,15.84183311,69.95307159,Winter,0
1/8/2031,14.3416214,16.34526825,12.62136078,6.929991245,0.743075252,102.2483826,5.600673199,6.681557178,257.5623779,257.6191711,15.78783417,69.97963715,Winter,0
1/9/2031,14.30074978,16.30570412,12.57938194,6.910642624,0.742049575,102.2441711,5.596744061,6.678282738,257.6043396,257.6382141,15.73492718,70.00469971,Winter,0
1/10/2031,14.26067543,16.26688766,12.53810024,6.891609669,0.740767479,102.2393036,5.592946529,6.67513895,257.6236267,257.6323547,15.68312073,70.02839661,Winter,0
1/11/2031,14.22141266,16.22884369,12.4975338,6.872951508,0.73921442,102.2338257,5.589274883,6.672118664,257.6185608,257.5999756,15.6324234,70.05088806,Winter,0
1/12/2031,14.18299294,16.19161034,12.45770645,6.85473156,0.73737663,102.2277679,5.585721016,6.669213295,257.5874939,257.5396118,15.58285236,70.0723114,Winter,0
1/13/2031,14.14545059,16.15523148,12.41865158,6.837015152,0.73524189,102.2211761,5.582273006,6.666409016,257.5290222,257.4499512,15.53442478,70.09284973,Winter,0
1/14/2031,14.10883331,16.11975861,12.38041019,6.819868088,0.73279953,102.2140808,5.578917027,6.663691521,257.441803,257.3298645,15.4871645,70.11264038,Winter,0
1/15/2031,14.07318974,16.08525467,12.34303093,6.803357124,0.730040789,102.206543,5.575638771,6.661042213,257.324707,257.1783752,15.44109535,70.13186646,Winter,0
1/16/2031,14.03857803,16.05178642,12.30656815,6.787552834,0.72695905,102.1986084,5.572418213,6.658441544,257.1768188,256.994812,15.39624596,70.15065765,Winter,0
1/17/2031,14.0050621,16.01942825,12.27108383,6.772519588,0.723549783,102.1903229,5.569237709,6.6558671,256.9973145,256.778656,15.35264778,70.16918945,Winter,0
1/18/2031,13.97271252,15.98825645,12.23664665,6.758326054,0.719810367,102.1817474,5.566075325,6.653296471,256.7857666,256.5296326,15.31033611,70.18759918,Winter,0
1/19/2031,13.9416008,15.958354,12.2033205,6.745032787,0.715741277,102.1729202,5.562909603,6.650703907,256.5418091,256.2477112,15.26934242,70.20603943,Winter,0
1/20/2031,13.91179943,15.92980576,12.17118645,6.732699394,0.711345077,102.1639099,5.559716702,6.648064137,256.2654114,255.9330902,15.22970676,70.22463989,Winter,0
1/21/2031,13.88338852,15.90270042,12.14031601,6.721382618,0.706626534,102.1547623,5.556473255,6.645352364,255.9567108,255.5862885,15.19146347,70.24351501,Winter,0
1/22/2031,13.85644531,15.87712288,12.11079025,6.711133957,0.701593459,102.1455307,5.553154945,6.642539978,255.6161499,255.207962,15.15465069,70.26280975,Winter,0
1/23/2031,13.83104706,15.85315895,12.08268356,6.701997757,0.696255863,102.1362762,5.549738884,6.639600277,255.2443695,254.799057,15.11930561,70.28260803,Winter,0
1/24/2031,13.80727291,15.83089733,12.05607986,6.694016457,0.690626323,102.1270447,5.546199799,6.636507511,254.8422699,254.3607788,15.08546638,70.30300903,Winter,0
1/25/2031,13.78519821,15.81042194,12.0310545,6.687223434,0.684719741,102.1178818,5.542514324,6.633236408,254.4109344,253.8944702,15.05316734,70.32410431,Winter,0
1/26/2031,13.7648983,15.79180908,12.00767899,6.681647301,0.678553283,102.1088486,5.538659096,6.629758835,253.9517059,253.4017944,15.02244377,70.34597015,Winter,0
1/27/2031,13.74644184,15.77514267,11.98603249,6.677310467,0.67214638,102.0999832,5.534611702,6.626052856,253.4660645,252.8844604,14.99332905,70.3686676,Winter,0
1/28/2031,13.72989464,15.76048565,11.96618176,6.674226761,0.665520251,102.0913239,5.530352116,6.622093678,252.9557343,252.3444519,14.96585464,70.3922348,Winter,0
1/29/2031,13.71532059,15.74790955,11.94819355,6.672404289,0.658698201,102.0829239,5.525858879,6.617859364,252.4225616,251.783844,14.94004822,70.41672516,Winter,0
1/30/2031,13.70277214,15.73747253,11.93212986,6.671847343,0.651704788,102.0748062,5.521113396,6.613329411,251.8685608,251.2048798,14.91593647,70.44216919,Winter,0
1/31/2031,13.6923027,15.72922516,11.91804409,6.672547817,0.644566178,102.0670166,5.516098976,6.608483791,251.2958527,250.609848,14.8935442,70.46858215,Winter,0
2/1/2031,13.68395615,15.7232151,11.9059906,6.674496651,0.637309551,102.0595856,5.510798454,6.603306293,250.706665,250.0011139,14.87289047,70.49596405,Winter,0
2/2/2031,13.6777668,15.7194767,11.8960104,6.677674294,0.629962862,102.0525284,5.505198956,6.597780704,250.1032562,249.3811035,14.85399246,70.52433777,Winter,0
2/3/2031,13.67376614,15.71803856,11.88814545,6.682059288,0.62255466,102.0458679,5.499288559,6.59189415,249.4880066,248.7522888,14.83686447,70.55367279,Winter,0
2/4/2031,13.67197609,15.71891785,11.88242149,6.687623024,0.615113795,102.0396347,5.493055344,6.585634232,248.8632355,248.1170197,14.82151604,70.58396912,Winter,0
2/5/2031,13.67240906,15.72212982,11.87886906,6.694331169,0.607669294,102.0338211,5.486492157,6.578992844,248.2312317,247.4776764,14.80795574,70.61519623,Winter,0
2/6/2031,13.67507553,15.72767353,11.87750053,6.702144623,0.600249171,102.0284576,5.47959137,6.571961403,247.5943298,246.8366089,14.79618549,70.64733887,Winter,0
2/7/2031,13.67997265,15.73553944,11.87832642,6.711024284,0.592881441,102.0235291,5.47234869,6.564535618,246.9547729,246.1959686,14.7862072,70.68035126,Winter,0
2/8/2031,13.68708992,15.74571609,11.88135338,6.720923424,0.585592926,102.019043,5.464761257,6.556711674,246.3146362,245.5578003,14.77801704,70.71420288,Winter,0
2/9/2031,13.69641304,15.75817299,11.88657379,6.731794357,0.578409374,102.0149994,5.456828594,6.548488617,245.6758881,244.923996,14.7716074,70.74886322,Winter,0
2/10/2031,13.70791626,15.77288055,11.89397812,6.74358654,0.571354687,102.0113754,5.448552608,6.539869308,245.0404663,244.2962952,14.76696873,70.7842865,Winter,0
2/11/2031,13.72157097,15.78979301,11.9035511,6.756249905,0.564451098,102.0081635,5.439934731,6.530854225,244.4099426,243.6762238,14.76409054,70.82042694,Winter,0
2/12/2031,13.73733711,15.8088665,11.91526222,6.769732475,0.557718992,102.0053406,5.430981159,6.52145052,243.7858734,243.0650635,14.76295567,70.85725403,Winter,0
2/13/2031,13.75517082,15.83003807,11.92908669,6.7839818,0.55117631,102.0028992,5.421697617,6.511663437,243.1694794,242.4638367,14.76354504,70.89472961,Winter,0
2/14/2031,13.77502251,15.8532486,11.94498634,6.798947334,0.544838548,102.0007935,5.412093163,6.501503468,242.5617981,241.8733673,14.76584053,70.93281555,Winter,0
2/15/2031,13.79683685,15.87842846,11.96292114,6.814578056,0.538718522,101.9990082,5.402177334,6.490979671,241.963623,241.2941437,14.76982117,70.97148132,Winter,0
2/16/2031,13.82055092,15.90550137,11.9828434,6.830827713,0.532826066,101.9975052,5.391962051,6.480104446,241.3754883,240.7264404,14.77545929,71.01068115,Winter,0
2/17/2031,13.84610558,15.93439007,12.00470543,6.847648621,0.527168453,101.996254,5.381459236,6.468892574,240.7976685,240.1701813,14.78273201,71.05039978,Winter,0
2/18/2031,13.87342834,15.96501064,12.02845001,6.864997864,0.521749675,101.9952087,5.37068367,6.457357883,240.2301178,239.6250305,14.79161167,71.09060669,Winter,0
2/19/2031,13.90245056,15.99727631,12.05402184,6.882837296,0.516570628,101.9943314,5.359650612,6.445517063,239.6725769,239.0903625,14.80207157,71.13128662,Winter,0
2/20/2031,13.93309689,16.03109932,12.08135796,6.901130676,0.511628926,101.9935913,5.348376274,6.43338728,239.1244659,238.5652924,14.8140831,71.17241669,Winter,0
2/21/2031,13.96529388,16.06639099,12.1104002,6.919845581,0.506919622,101.9929276,5.336878777,6.420987129,238.5849609,238.0486603,14.82761765,71.21400452,Winter,0
2/22/2031,13.99896526,16.10305977,12.14108276,6.938957214,0.502434254,101.9923096,5.325175762,6.408335686,238.0529327,237.5389557,14.8426466,71.25601959,Winter,0
2/23/2031,14.03403568,16.1410141,12.17333794,6.958440781,0.498161674,101.9916916,5.313286781,6.395454884,237.5270691,237.0345306,14.8591423,71.29847717,Winter,0
2/24/2031,14.07042885,16.18016624,12.20710564,6.978279114,0.494087338,101.9910278,5.301230907,6.382363796,237.0057526,236.533432,14.87707901,71.34136963,Winter,0
2/25/2031,14.10806942,16.22042656,12.24231625,6.998459816,0.490194768,101.9902802,5.289029598,6.369084835,236.4871826,236.0335083,14.89642525,71.38470459,Winter,0
2/26/2031,14.14688492,16.26171112,12.27890778,7.018975258,0.4864645,101.9893875,5.276703358,6.355640411,235.9692993,235.5324097,14.91715908,71.42849731,Winter,0
2/27/2031,14.18680382,16.303936,12.31681633,7.039823532,0.482875019,101.988327,5.26427269,6.34205246,235.4499664,235.0276794,14.93925667,71.47275543,Winter,0
2/28/2031,14.22775841,16.34702492,12.35597897,7.061006546,0.479402244,101.9870453,5.251760006,6.328344822,234.9267578,234.5166168,14.96269226,71.51748657,Winter,0
3/1/2031,14.26968384,16.39090157,12.39633751,7.082529068,0.476021141,101.9855118,5.239186764,6.314539433,234.3971863,233.9965057,14.98744392,71.56270599,Spring,1
3/2/2031,14.31251717,16.43549156,12.43783283,7.104403496,0.47270453,101.9836884,5.226574421,6.300660133,233.8586731,233.4644775,15.01349258,71.60842896,Spring,1
3/3/2031,14.35620117,16.48073578,12.48040962,7.126645565,0.469424367,101.9815369,5.213944435,6.286731243,233.308548,232.9176941,15.04082012,71.65467834,Spring,1
3/4/2031,14.40068436,16.52657318,12.52401543,7.149273872,0.466151744,101.9790344,5.201318741,6.272773743,232.7440033,232.3532562,15.06940937,71.70146179,Spring,1
3/5/2031,14.44591522,16.57294846,12.56860542,7.172309875,0.462857038,101.9761429,5.188718796,6.258812428,232.1624146,231.76828,15.09924603,71.74879456,Spring,1
3/6/2031,14.4918499,16.61981583,12.61413193,7.195779324,0.459510863,101.972847,5.176166534,6.244869709,231.5610352,231.1599579,15.13031578,71.79667664,Spring,1
3/7/2031,14.53845215,16.66713715,12.66055107,7.219707966,0.456083715,101.9691238,5.163681984,6.230968475,230.9371643,230.5255432,15.1626091,71.84512329,Spring,1
3/8/2031,14.58568573,16.71487236,12.70782948,7.244128227,0.452546895,101.9649506,5.151286602,6.217129707,230.2883301,229.8624573,15.19611454,71.89414215,Spring,1
3/9/2031,14.63352013,16.76299667,12.75592804,7.269069672,0.448872477,101.9603195,5.138998985,6.203377724,229.6119995,229.1683044,15.23082542,71.94372559,Spring,1
3/10/2031,14.68193626,16.81148529,12.80482101,7.29456234,0.445034027,101.9552231,5.126840591,6.189732075,228.9058838,228.4407654,15.26673317,71.99385834,Spring,1
3/11/2031,14.73090744,16.86032486,12.85447979,7.32063818,0.441006571,101.9496613,5.114830494,6.176214218,228.1678772,227.6778412,15.30383682,72.04452515,Spring,1
3/12/2031,14.78042507,16.90950394,12.90488148,7.347331047,0.436767191,101.9436188,5.102985382,6.162845612,227.3960419,226.8777008,15.34212685,72.09571838,Spring,1
3/13/2031,14.83047676,16.95902252,12.95600605,7.374669075,0.432295233,101.9371109,5.091324806,6.149643898,226.5887604,226.0388489,15.38160324,72.1473999,Spring,1
3/14/2031,14.88105774,17.00887489,13.00784016,7.402681351,0.427572548,101.9301376,5.079865932,6.136629581,225.7445374,225.1600647,15.4222641,72.19953156,Spring,1
3/15/2031,14.93216705,17.0590744,13.06036758,7.431395531,0.422583908,101.9227219,5.068623066,6.123819828,224.8622742,224.2404327,15.46410847,72.25206757,Spring,1
3/16/2031,14.9838047,17.10962868,13.1135807,7.460836887,0.417317063,101.9148712,5.05761385,6.111232758,223.9411469,223.2793579,15.50713348,72.30496979,Spring,1
3/17/2031,15.03598213,17.16055679,13.16747093,7.491026878,0.411762923,101.9066162,5.046851158,6.098885059,222.9805756,222.2766266,15.55134201,72.35816193,Spring,1
3/18/2031,15.08870316,17.21187592,13.22203636,7.521983147,0.405916154,101.8979645,5.036349773,6.086790085,221.9804077,221.2323303,15.59672737,72.41159058,Spring,1
3/19/2031,15.14198112,17.26360703,13.27727318,7.553721428,0.399774551,101.8889542,5.026121616,6.074964523,220.9407501,220.1469421,15.64329433,72.46517181,Spring,1
3/20/2031,15.1958313,17.31578445,13.33318138,7.586251259,0.393339783,101.8796158,5.016178131,6.063420773,219.8621216,219.0213318,15.69103813,72.51881409,Spring,1
3/21/2031,15.25026703,17.36842537,13.38976383,7.619580269,0.386617035,101.8699799,5.006530285,6.052170277,218.7453308,217.8566742,15.73995876,72.57244873,Spring,1
3/22/2031,15.30530739,17.42156601,13.44702148,7.653709412,0.379615545,101.8600845,4.997186184,6.04122448,217.591507,216.654541,15.79005241,72.62595367,Spring,1
3/23/2031,15.36096954,17.47523499,13.50495911,7.68863678,0.372347742,101.849968,4.988153458,6.030591965,216.4022369,215.4168396,15.84131813,72.67923737,Spring,1
3/24/2031,15.41727638,17.52946472,13.56358147,7.724354267,0.364829898,101.8396759,4.979440689,6.020281792,215.1792908,214.1457977,15.89374733,72.73219299,Spring,1
3/25/2031,15.47424221,17.58428574,13.62289619,7.76085186,0.357081711,101.8292389,4.971050262,6.010299206,213.9248505,212.8439941,15.94733524,72.78471375,Spring,1
3/26/2031,15.53188896,17.63973045,13.6829071,7.798111916,0.349126279,101.818718,4.9629879,6.000649929,212.6413727,211.5142822,16.0020771,72.83667755,Spring,1
3/27/2031,15.59023571,17.69582748,13.74362087,7.836113453,0.340989709,101.8081436,4.955255032,5.991336346,211.3315735,210.1598053,16.05796051,72.88796234,Spring,1
3/28/2031,15.64929962,17.75260735,13.80504227,7.874831676,0.332700819,101.7975693,4.947852135,5.982361317,209.9984741,208.7839203,16.11497688,72.9384613,Spring,1
3/29/2031,15.70909786,17.81009674,13.86717796,7.914237022,0.324291229,101.7870407,4.940778732,5.973721981,208.6452484,207.3902435,16.17311478,72.98804474,Spring,1
3/30/2031,15.76964569,17.86831856,13.93003273,7.954298973,0.315794915,101.7766113,4.934031487,5.965419292,207.2754059,205.9825897,16.23236084,73.03660583,Spring,1
3/31/2031,15.83095932,17.9272995,13.99361134,7.994979382,0.307247728,101.7663116,4.927607059,5.957446575,205.8924561,204.5648804,16.29270172,73.08401489,Spring,1
4/1/2031,15.89304924,17.98705482,14.05791664,8.036240578,0.298687011,101.7561951,4.921499729,5.949799061,204.5001984,203.1411743,16.35412025,73.13017273,Spring,1
4/2/2031,15.95592499,18.04760361,14.12295341,8.078041077,0.290151328,101.746315,4.915699959,5.94246769,203.1024933,201.7156219,16.41659737,73.1749649,Spring,1
4/3/2031,16.01959801,18.10896301,14.18872452,8.120340347,0.281680346,101.736702,4.910200596,5.935443401,201.7032166,200.2924194,16.4801178,73.2183075,Spring,1
4/4/2031,16.08407402,18.17113686,14.25522804,8.163093567,0.273313761,101.7274017,4.904987812,5.928713322,200.3063812,198.8757324,16.54466057,73.26008606,Spring,1
4/5/2031,16.14935684,18.23413658,14.32246876,8.206254959,0.265091479,101.7184525,4.90005064,5.922263622,198.915863,197.4697266,16.6102047,73.30023193,Spring,1
4/6/2031,16.21545029,18.297966,14.3904438,8.249782562,0.257052511,101.7098923,4.895373344,5.916077614,197.535614,196.0784454,16.67673111,73.33865356,Spring,1
4/7/2031,16.28235626,18.36262703,14.45915508,8.2936306,0.24923557,101.7017517,4.890939236,5.910135746,196.1694183,194.7058563,16.7442131,73.37530518,Spring,1
4/8/2031,16.35007286,18.42811584,14.52860165,8.337761879,0.241677433,101.6940689,4.886730194,5.904419899,194.8210144,193.3557281,16.81263351,73.41012573,Spring,1
4/9/2031,16.41859627,18.49443054,14.59878063,8.382131577,0.23441343,101.6868744,4.882726192,5.898905754,193.4939575,192.0316925,16.88196945,73.44306946,Spring,1
4/10/2031,16.48792648,18.56155777,14.66969299,8.426703453,0.227476433,101.680191,4.878904819,5.893569946,192.1915741,190.7371368,16.95219803,73.47411346,Spring,1
4/11/2031,16.55805779,18.62949753,14.74133492,8.471445084,0.220896825,101.6740341,4.875243664,5.888384819,190.9169769,189.4751282,17.02330017,73.50324249,Spring,1
4/12/2031,16.62898064,18.69823074,14.81370926,8.516325951,0.21470207,101.6684265,4.871716499,5.883323193,189.6731415,188.2484589,17.09525871,73.53044891,Spring,1
4/13/2031,16.70069504,18.76774406,14.88681316,8.561318398,0.208916098,101.6633911,4.868298531,5.878354549,188.4625702,187.0596924,17.16804886,73.55574036,Spring,1
4/14/2031,16.77318954,18.83802795,14.96064758,8.606403351,0.203559473,101.6589355,4.864961624,5.873448372,187.2875671,185.9109039,17.24165535,73.57914734,Spring,1
4/15/2031,16.84646034,18.90906525,15.03521347,8.651565552,0.19864817,101.6550598,4.86167717,5.868571281,186.1500702,184.8039398,17.31606483,73.60070801,Spring,1
4/16/2031,16.92050171,18.98083878,15.11051369,8.69679451,0.194194719,101.6517792,4.858415127,5.863689423,185.051712,183.7401428,17.39126205,73.62047577,Spring,1
4/17/2031,16.99530792,19.05333138,15.18655205,8.742088318,0.190206766,101.649086,4.855144978,5.858767033,183.9936676,182.7205048,17.46723747,73.63851166,Spring,1
4/18/2031,17.07087326,19.1265316,15.26333427,8.787449837,0.186687455,101.6469803,4.851835251,5.853769302,182.9768219,181.7456207,17.54398346,73.65489197,Spring,1
4/19/2031,17.14719582,19.20042419,15.34086609,8.83288765,0.183635145,101.645462,4.848453999,5.848659039,182.0016022,180.8156586,17.62148857,73.66970062,Spring,1
4/20/2031,17.22427559,19.2749958,15.41915703,8.878417969,0.181043491,101.6445236,4.844969273,5.843398571,181.0680695,179.9303284,17.69975662,73.68304443,Spring,1
4/21/2031,17.30211067,19.35023499,15.4982214,8.924066544,0.178901374,101.6441422,4.841347694,5.837950706,180.1758728,179.088974,17.7787838,73.69502258,Spring,1
4/22/2031,17.38070679,19.42613983,15.57806778,8.969861031,0.177192643,101.6443024,4.83755827,5.832278728,179.3242645,178.2905121,17.85857773,73.70574951,Spring,1
4/23/2031,17.46006584,19.50269318,15.65871429,9.01584053,0.175896615,101.6449966,4.833566666,5.82634449,178.5121613,177.5334473,17.93914223,73.71534729,Spring,1
4/24/2031,17.54019928,19.57989883,15.74018002,9.062046051,0.174987882,101.6461945,4.829343319,5.820112228,177.7380066,176.8159637,18.02049065,73.72393799,Spring,1
4/25/2031,17.62111664,19.65775681,15.82248497,9.108528137,0.174436659,101.6478806,4.824855804,5.813545227,177.0000153,176.135788,18.10263634,73.73166656,Spring,1
4/26/2031,17.70282936,19.7362709,15.90565205,9.155344009,0.174208909,101.6500244,4.820074558,5.806610584,176.2959442,175.490387,18.18559647,73.73864746,Spring,1
4/27/2031,17.78535652,19.81545067,15.98970604,9.202551842,0.174266383,101.6525955,4.81497097,5.799273491,175.6233368,174.8768768,18.26939392,73.74501038,Spring,1
4/28/2031,17.86871719,19.89530563,16.07467651,9.250219345,0.174567834,101.655571,4.809516907,5.791502953,174.9793549,174.292099,18.35405159,73.75089264,Spring,1
4/29/2031,17.95293427,19.97585297,16.16059113,9.29841423,0.175067946,101.6589203,4.803687096,5.783268452,174.3610077,173.7326202,18.4396019,73.75640869,Spring,1
4/30/2031,18.03803253,20.05711174,16.2474823,9.347212791,0.175718814,101.6626053,4.797457218,5.774543762,173.7649536,173.1948395,18.52607155,73.76169586,Spring,1
5/1/2031,18.1240387,20.13910675,16.33538628,9.396688461,0.176469952,101.6666031,4.790804863,5.765302181,173.1878052,172.6749878,18.61349678,73.7668457,Spring,1
5/2/2031,18.210989,20.22187042,16.42433357,9.446923256,0.177269235,101.6708755,4.783711433,5.755523205,172.625885,172.1690979,18.70191193,73.77197266,Spring,1
5/3/2031,18.29891205,20.30543137,16.51436424,9.497995377,0.178062096,101.6753845,4.776159286,5.745185375,172.0755157,171.6731567,18.79135895,73.77716064,Spring,1
5/4/2031,18.38784599,20.38982773,16.60551453,9.549985886,0.178793684,101.6800995,4.768133163,5.734273911,171.5328674,171.1831207,18.88187981,73.78249359,Spring,1
5/5/2031,18.47782898,20.47510147,16.69782257,9.602975845,0.179408014,101.6849976,4.759623528,5.722774982,170.9941254,170.6948853,18.97351456,73.7880249,Spring,1
5/6/2031,18.56889725,20.56129074,16.79132462,9.65704155,0.179849595,101.6900253,4.750619411,5.710680485,170.4555206,170.2044373,19.06630707,73.79380798,Spring,1
5/7/2031,18.66109467,20.64844513,16.88605881,9.712263107,0.180063143,101.6951675,4.741117477,5.697982311,169.9132385,169.70784,19.16030121,73.79987335,Spring,1
5/8/2031,18.75445938,20.73661423,16.98206329,9.768712044,0.179994166,101.7003937,4.731114388,5.684679985,169.3637085,169.2012634,19.25554466,73.80622864,Spring,1
5/9/2031,18.84903717,20.82584763,17.07937431,9.826459885,0.179590151,101.705658,4.720610619,5.67077589,168.8033447,168.6810455,19.35207939,73.81286621,Spring,1
5/10/2031,18.94486237,20.91619873,17.17802238,9.885568619,0.178800434,101.7109375,4.70961237,5.656275272,168.2288666,168.1437988,19.44994926,73.81976318,Spring,1
5/11/2031,19.04197502,21.00771713,17.27803993,9.946100235,0.177577138,101.716217,4.698126316,5.641189098,167.637146,167.586319,19.54919815,73.82686615,Spring,1
5/12/2031,19.14042091,21.10045624,17.37945747,10.00810623,0.175875023,101.7214508,4.686165333,5.625531673,167.0253601,167.0057068,19.6498661,73.83409882,Spring,1
5/13/2031,19.24022865,21.19446945,17.4822998,10.07163334,0.173652843,101.7266235,4.673743248,5.609320164,166.3909302,166.3993835,19.75198936,73.84136963,Spring,1
5/14/2031,19.34143639,21.28981209,17.58658981,10.13671684,0.170872942,101.73172,4.660878658,5.592577457,165.7316437,165.7651367,19.85560608,73.84856415,Spring,1
5/15/2031,19.44407463,21.38652802,17.69234276,10.20338631,0.167502493,101.7367096,4.647594452,5.575330734,165.0455933,165.1011353,19.96074677,73.85554504,Spring,1
5/16/2031,19.54817009,21.48466873,17.79957199,10.27166271,0.163512841,101.7415695,4.633913994,5.557608604,164.3313446,164.4059296,20.06743622,73.8621521,Spring,1
5/17/2031,19.65374374,21.5842762,17.90828705,10.34155464,0.158880666,101.7462921,4.619866371,5.539446354,163.5877228,163.6785126,20.17570305,73.8682251,Spring,1
5/18/2031,19.76081657,21.68539238,18.01848984,10.41306305,0.153587729,101.7508545,4.605483055,5.520880222,162.8141022,162.9183197,20.28556252,73.87353516,Spring,1
5/19/2031,19.86940002,21.78805161,18.13017273,10.48617458,0.147621557,101.755249,4.590796471,5.501952171,162.0101776,162.1252136,20.39702988,73.87788391,Spring,1
5/20/2031,19.97949982,21.89228249,18.24333,10.56087112,0.140975222,101.7594604,4.575845718,5.482704163,161.176178,161.2995148,20.51010513,73.88105011,Spring,1
5/21/2031,20.09111595,21.99811363,18.35794258,10.63712025,0.133647457,101.7634811,4.560667992,5.46318388,160.3126984,160.4420319,20.62479782,73.88276672,Spring,1
5/22/2031,20.20424652,22.1055603,18.47398758,10.71487999,0.12564294,101.7673111,4.545304775,5.44343853,159.4208221,159.5539856,20.7410965,73.88278198,Spring,1
5/23/2031,20.31887436,22.21463776,18.59143448,10.79409599,0.116972312,101.7709351,4.529798985,5.423521519,158.5020752,158.637085,20.85898781,73.88082886,Spring,1
5/24/2031,20.43498039,22.32534409,18.71024132,10.87470341,0.10765186,101.7743454,4.514195442,5.403483868,157.5583496,157.6934052,20.97845459,73.87662506,Spring,1
5/25/2031,20.5525341,22.43767738,18.83036804,10.95663071,0.097703584,101.7775574,4.498538971,5.383380413,156.5920563,156.7254944,21.09946823,73.86988068,Spring,1
5/26/2031,20.67150307,22.5516243,18.95175743,11.03979301,0.087154768,101.7805557,4.482876778,5.363265991,155.6058655,155.7363281,21.22199249,73.86030579,Spring,1
5/27/2031,20.79184151,22.66716576,19.07435226,11.12409973,0.07603851,101.7833405,4.467255592,5.343195915,154.6029663,154.7291718,21.34598923,73.8476181,Spring,1
5/28/2031,20.91349792,22.78427124,19.19808197,11.20944595,0.064392418,101.7859192,4.451723576,5.323227882,153.5867767,153.7076721,21.47140121,73.83152008,Spring,1
5/29/2031,21.03640938,22.90289688,19.32287598,11.29572392,0.052259125,101.7882996,4.436326981,5.303416252,152.5610657,152.675766,21.59817505,73.8117218,Spring,1
5/30/2031,21.16051102,23.02300072,19.44864845,11.38281822,0.039685372,101.7904739,4.421112537,5.283815861,151.5299683,151.6376801,21.72624588,73.78796387,Spring,1
5/31/2031,21.28572655,23.14451981,19.57531548,11.4706049,0.02672198,101.7924576,4.406126022,5.264481068,150.4977264,150.5978546,21.85553741,73.75996399,Spring,1
6/1/2031,21.41197205,23.2673912,19.70277977,11.55895424,0.013423044,101.7942505,4.391411781,5.245464325,149.4688568,149.5609436,21.98597336,73.7274704,Summer,2
6/2/2031,21.53915596,23.39153671,19.83094215,11.6477356,-0.00015403,101.7958603,4.377013206,5.226815224,148.4480896,148.5317078,22.11746407,73.69024658,Summer,2
6/3/2031,21.66718483,23.51687241,19.95969772,11.73681164,-0.013949564,101.7972946,4.362969875,5.208582878,147.440155,147.5150604,22.24991608,73.64807129,Summer,2
6/4/2031,21.79594803,23.64330292,20.08893394,11.82604313,-0.027902003,101.7985611,4.349320889,5.190811157,146.4499512,146.5159149,22.38323212,73.60073853,Summer,2
6/5/2031,21.92533875,23.77072906,20.21853828,11.91529083,-0.041948378,101.7996674,4.336102486,5.17354393,145.4823608,145.5392303,22.51730347,73.5480957,Summer,2
6/6/2031,22.05524254,23.89904022,20.34839058,12.00441265,-0.056024756,101.8006134,4.323346615,5.156817913,144.5422668,144.589859,22.65202141,73.48996735,Summer,2
6/7/2031,22.18553734,24.02812195,20.47837067,12.09327126,-0.070067212,101.8014145,4.311083794,5.140668869,143.6344452,143.6726227,22.78726959,73.42625427,Summer,2
6/8/2031,22.31609726,24.15785027,20.60835457,12.18172741,-0.084011815,101.8020782,4.299339294,5.125126362,142.7635956,142.7921906,22.92292786,73.35686493,Summer,2
6/9/2031,22.44679642,24.28809357,20.73821449,12.26964951,-0.097795852,101.8026047,4.288136482,5.110217571,141.9342499,141.9530029,23.05887222,73.28173065,Summer,2
6/10/2031,22.5775013,24.41872406,20.86782646,12.35690308,-0.111358128,101.803009,4.277493477,5.095963478,141.1506805,141.1592865,23.19497681,73.20083618,Summer,2
6/11/2031,22.70807838,24.54959869,20.99706268,12.44336891,-0.12463931,101.8032913,4.267424583,5.082380772,140.4169769,140.4150543,23.33111382,73.11418915,Summer,2
6/12/2031,22.83839417,24.68057251,21.12579727,12.52892303,-0.137582466,101.8034515,4.257939816,5.069480896,139.7368469,139.723938,23.46714783,73.02183533,Summer,2
6/13/2031,22.96831322,24.81151199,21.25390625,12.61345863,-0.15013434,101.8035049,4.249046326,5.057271481,139.1137543,139.0892181,23.60295486,72.92386627,Summer,2
6/14/2031,23.09770012,24.94225311,21.38126183,12.6968689,-0.162244633,101.8034515,4.240743637,5.045752525,138.5507507,138.5138092,23.73839569,72.82039642,Summer,2
6/15/2031,23.22641945,25.07266235,21.50774956,12.77906036,-0.173867151,101.803299,4.233030319,5.034922123,138.0504608,138.0001984,23.87334061,72.711586,Summer,2
6/16/2031,23.3543396,25.20258331,21.63325119,12.85994911,-0.184960321,101.8030472,4.22589922,5.024769306,137.6151276,137.5503845,24.00766373,72.59762573,Summer,2
6/17/2031,23.48133087,25.33187103,21.75765038,12.93945885,-0.195486799,101.8026962,4.219337463,5.015281677,137.2464905,137.1660461,24.14122772,72.47875977,Summer,2
6/18/2031,23.60726547,25.46037674,21.88084412,13.01752472,-0.205414832,101.8022461,4.213330269,5.006439686,136.9458313,136.8482056,24.27391434,72.35523224,Summer,2
6/19/2031,23.73202324,25.58795547,22.00272751,13.09409332,-0.214717567,101.8017044,4.207858086,4.998220444,136.713974,136.5974731,24.40559387,72.22736359,Summer,2
6/20/2031,23.85548401,25.71447372,22.12320137,13.1691227,-0.223373473,101.8010788,4.202896118,4.990594387,136.5511475,136.4139709,24.53615189,72.09548187,Summer,2
6/21/2031,23.97753716,25.83978653,22.24217987,13.24258423,-0.231366739,101.800354,4.198417664,4.983530521,136.4571533,136.2972565,24.6654644,71.95994568,Summer,2
6/22/2031,24.09807587,25.96376419,22.35957527,13.31445313,-0.238687262,101.79953,4.194391251,4.976991177,136.4312439,136.2463989,24.79342651,71.82115173,Summer,2
6/23/2031,24.21699715,26.08628082,22.47531509,13.38472748,-0.245330691,101.7986221,4.190783501,4.970936298,136.4721832,136.2599945,24.91993332,71.67951965,Summer,2
6/24/2031,24.33421135,26.20721054,22.58932495,13.45340538,-0.25129807,101.7976227,4.187556267,4.965323448,136.5781555,136.3361053,25.0448761,71.53549194,Summer,2
6/25/2031,24.44962883,26.32644653,22.70154572,13.52050591,-0.256595552,101.796524,4.184670448,4.960105896,136.7469635,136.4723816,25.16817093,71.38952637,Summer,2
6/26/2031,24.56317329,26.44387817,22.81192207,13.58605003,-0.261235505,101.7953339,4.182085991,4.955234051,136.9759216,136.6659241,25.28972054,71.24211121,Summer,2
6/27/2031,24.67477417,26.55940247,22.92041016,13.65007401,-0.265234649,101.7940445,4.179757118,4.950657368,137.2618103,136.9135284,25.40944672,71.09373474,Summer,2
6/28/2031,24.78436661,26.67293549,23.02696991,13.71261978,-0.268615246,101.7926636,4.177640915,4.946324825,137.601059,137.2115326,25.52727318,70.94490814,Summer,2
6/29/2031,24.89189911,26.78438568,23.13157272,13.77374268,-0.271402955,101.7911835,4.175691128,4.942181587,137.9897308,137.5558624,25.64313126,70.79614258,Summer,2
6/30/2031,24.99732018,26.89368439,23.2341938,13.83349991,-0.273628503,101.7896042,4.173861504,4.938175201,138.4234161,137.9422302,25.75696182,70.64795685,Summer,2
7/1/2031,25.10059547,27.00076294,23.33481598,13.89196205,-0.275325984,101.7879257,4.172106743,4.934250832,138.8975525,138.3659515,25.86870766,70.50086975,Summer,2
7/2/2031,25.20169258,27.10556412,23.43343544,13.94919777,-0.27653262,101.7861481,4.170380592,4.930357456,139.4071655,138.8221588,25.97832108,70.35539246,Summer,2
7/3/2031,25.3005867,27.20803452,23.53004456,14.00528526,-0.277288228,101.7842789,4.168639183,4.926441669,139.947113,139.3058014,26.08576202,70.21203613,Summer,2
7/4/2031,25.39726257,27.3081398,23.62465286,14.06030846,-0.277635217,101.7823105,4.166837692,4.922454834,140.5120239,139.8116608,26.19099617,70.07128906,Summer,2
7/5/2031,25.49171257,27.40584183,23.71726799,14.11434746,-0.277617007,101.7802505,4.164936066,4.918348312,141.0964508,140.3343506,26.29399109,69.93363953,Summer,2
7/6/2031,25.58393097,27.50111771,23.80790329,14.1674881,-0.277278602,101.7780991,4.162895203,4.914077282,141.69487,140.868576,26.39473152,69.79953766,Summer,2
7/7/2031,25.6739254,27.59394836,23.89657784,14.21981812,-0.276665062,101.775856,4.160676956,4.909599781,142.3016052,141.4089203,26.49319458,69.66944885,Summer,2
7/8/2031,25.76170158,27.68432617,23.98331833,14.27141571,-0.275821239,101.7735291,4.158249378,4.904878139,142.9111481,141.950058,26.58937073,69.54375458,Summer,2
7/9/2031,25.84727097,27.7722435,24.06815147,14.32236481,-0.274791479,101.7711258,4.155582428,4.899877548,143.5178986,142.4868011,26.68325615,69.42286682,Summer,2
7/10/2031,25.93065453,27.85770798,24.15110207,14.37274551,-0.2736184,101.7686539,4.152648449,4.894569874,144.1165466,143.0140839,26.77484512,69.30714417,Summer,2
7/11/2031,26.01187134,27.9407196,24.23220253,14.4226265,-0.272343069,101.7661057,4.14942646,4.88892889,144.7017975,143.5269623,26.86413765,69.19690704,Summer,2
7/12/2031,26.09094429,28.02129364,24.31148529,14.47207832,-0.271003425,101.763504,4.145898819,4.882936954,145.2686615,144.0208893,26.95114136,69.09243774,Summer,2
7/13/2031,26.16789818,28.09944916,24.38897896,14.52115631,-0.269634724,101.760849,4.142051697,4.876578808,145.8123932,144.4915314,27.03586388,68.99399567,Summer,2
7/14/2031,26.24276352,28.1751976,24.46471596,14.56991768,-0.268268764,101.7581482,4.137876511,4.869847298,146.3285217,144.9348297,27.11831284,68.90179443,Summer,2
7/15/2031,26.31556129,28.24855804,24.53872681,14.61840248,-0.266932607,101.7554169,4.133370399,4.862739086,146.8129578,145.3471832,27.1985054,68.81599426,Summer,2
7/16/2031,26.38632202,28.31956482,24.61103821,14.66664505,-0.265649468,101.752655,4.128534317,4.855258942,147.2620087,145.725296,27.27644539,68.73674011,Summer,2
7/17/2031,26.4550705,28.38823318,24.68167305,14.71467018,-0.264437288,101.7498932,4.123375893,4.847416401,147.6723022,146.0664063,27.35214996,68.66411591,Summer,2
7/18/2031,26.52183151,28.45458984,24.75065422,14.76248741,-0.263308734,101.7471237,4.11790657,4.8392272,148.0410156,146.3680878,27.42563057,68.59817505,Summer,2
7/19/2031,26.58662224,28.51865387,24.81799889,14.81009865,-0.262271047,101.7443619,4.112143517,4.830712318,148.3657379,146.6285095,27.49689865,68.53890991,Summer,2
7/20/2031,26.64946175,28.58044815,24.88371468,14.85749054,-0.261325598,101.7416229,4.106108665,4.821900368,148.6446228,146.8462677,27.56596565,68.48628998,Summer,2
7/21/2031,26.7103653,28.63999557,24.94781303,14.90464401,-0.260467738,101.7389297,4.09982872,4.812825203,148.8762054,147.0204468,27.63284302,68.44023895,Summer,2
7/22/2031,26.76934052,28.69730377,25.01029015,14.95151901,-0.259687036,101.7362747,4.093336582,4.803525925,149.0596619,147.1506958,27.69753265,68.4006424,Summer,2
7/23/2031,26.82639503,28.75239563,25.07114792,14.99806786,-0.258966774,101.7336807,4.086667061,4.794045448,149.1946411,147.2371063,27.76003647,68.36733246,Summer,2
7/24/2031,26.88152504,28.80527115,25.13036728,15.04423523,-0.258284003,101.7311707,4.079860687,4.784434319,149.2812958,147.2803192,27.820364,68.34013367,Summer,2
7/25/2031,26.93472672,28.85594177,25.18793106,15.08993912,-0.257610202,101.7287369,4.072962761,4.774746895,149.3203888,147.2814789,27.87850571,68.31881714,Summer,2
7/26/2031,26.98598862,28.9044075,25.24381828,15.13510323,-0.256910831,101.7264099,4.066020012,4.765039444,149.3130493,147.242218,27.93445778,68.30311584,Summer,2
7/27/2031,27.03528976,28.95065689,25.29799461,15.17963028,-0.256145746,101.7241898,4.059084892,4.755375385,149.2610779,147.1645966,27.98821068,68.29276276,Summer,2
7/28/2031,27.08260536,28.99468231,25.35041809,15.22341537,-0.255269378,101.7220993,4.052209854,4.745818138,149.1665955,147.051178,28.03975105,68.28742218,Summer,2
7/29/2031,27.1279068,29.03646851,25.40104866,15.26634216,-0.254231542,101.7201385,4.045451641,4.736436367,149.0323029,146.9049072,28.08905983,68.28677368,Summer,2
7/30/2031,27.17115784,29.07599258,25.4498291,15.30828857,-0.252977431,101.7183304,4.038868904,4.72729826,148.8612976,146.7291107,28.13611221,68.29046631,Summer,2
7/31/2031,27.21231461,29.11322403,25.4967041,15.349123,-0.251448244,101.7166748,4.032519341,4.718475819,148.6570282,146.5274963,28.18088913,68.29811859,Summer,2
8/1/2031,27.25132751,29.14813614,25.54160881,15.38870811,-0.249581352,101.7151947,4.026464462,4.710039616,148.4233704,146.3040771,28.22335434,68.30935669,Summer,2
8/2/2031,27.28814507,29.18068314,25.58446884,15.42689896,-0.247311443,101.7138824,4.020763397,4.70206356,148.164505,146.0630951,28.26347351,68.3237915,Summer,2
8/3/2031,27.32270432,29.21082687,25.62521553,15.46354866,-0.244570911,101.7127533,4.015476227,4.694616795,147.8848572,145.809082,28.30121613,68.34101868,Summer,2
8/4/2031,27.35494423,29.23852158,25.66376305,15.49850655,-0.241290316,101.7118225,4.010663509,4.687771797,147.5892029,145.5467834,28.3365345,68.36064148,Summer,2
8/5/2031,27.38479614,29.26370239,25.70003319,15.53162003,-0.237399131,101.7110825,4.006381035,4.681595802,147.2823486,145.2809906,28.36938477,68.38226318,Summer,2
8/6/2031,27.41218567,29.28632355,25.73394012,15.56273842,-0.232826486,101.7105484,4.002685547,4.676156044,146.9693909,145.0166626,28.39971924,68.40550995,Summer,2
8/7/2031,27.43704987,29.30632401,25.7653923,15.59170914,-0.227502272,101.7102127,3.999630451,4.671515465,146.6554718,144.7587433,28.42749596,68.42999268,Summer,2
8/8/2031,27.45929909,29.3236351,25.79430008,15.61838341,-0.221357241,101.7100906,3.9972651,4.667733192,146.3457642,144.5121918,28.45265579,68.45533752,Summer,2
8/9/2031,27.47886467,29.33819962,25.82057762,15.64261627,-0.214323863,101.7101822,3.995637894,4.664865017,146.0454712,144.2819214,28.47515106,68.48120117,Summer,2
8/10/2031,27.49566841,29.3499527,25.84413147,15.66426849,-0.206337303,101.7104797,3.994789839,4.662962914,145.7597046,144.0727234,28.49492836,68.50726318,Summer,2
8/11/2031,27.50963211,29.3588295,25.86487007,15.68320847,-0.197336257,101.7109909,3.994760275,4.662069798,145.4935455,143.8892517,28.51193428,68.53321838,Summer,2
8/12/2031,27.52068329,29.36476135,25.88271713,15.69931221,-0.18726328,101.7117157,3.995583534,4.662226677,145.2518463,143.7359467,28.52611732,68.5587616,Summer,2
8/13/2031,27.52874374,29.36768341,25.89757919,15.71246338,-0.176065549,101.7126389,3.997287035,4.663468361,145.0393524,143.6170044,28.53742599,68.58366394,Summer,2
8/14/2031,27.53374863,29.36754608,25.90938377,15.72255707,-0.163695499,101.7137756,3.999894619,4.665821075,144.8604736,143.5364075,28.54580879,68.60768127,Summer,2
8/15/2031,27.53563118,29.3642807,25.91805077,15.72950554,-0.150111958,101.7151031,4.00342226,4.669303417,144.7194061,143.4977112,28.55122375,68.63063049,Summer,2
8/16/2031,27.53433037,29.35783768,25.92351723,15.73322105,-0.135279804,101.716629,4.007882118,4.673930645,144.6200714,143.5042419,28.5536232,68.65233612,Summer,2
8/17/2031,27.52978897,29.34817123,25.92572021,15.73364067,-0.119171157,101.7183456,4.013279915,4.679708004,144.565918,143.5588226,28.55296516,68.67268372,Summer,2
8/18/2031,27.52196312,29.33524323,25.92460251,15.73071289,-0.10176567,101.7202454,4.019613266,4.686633587,144.5601349,143.6639557,28.54921913,68.69156647,Summer,2
8/19/2031,27.51081467,29.31900787,25.92012405,15.72439575,-0.083050922,101.7223206,4.026874542,4.694698811,144.6054535,143.8216705,28.54234886,68.7089386,Summer,2
8/20/2031,27.49630737,29.29944611,25.9122448,15.71467209,-0.063022502,101.724556,4.035051346,4.703885555,144.7041626,144.0336151,28.53233147,68.72476196,Summer,2
8/21/2031,27.47841644,29.27653503,25.90093613,15.70152855,-0.041684911,101.7269592,4.044121742,4.714172363,144.858139,144.3009338,28.51914215,68.73904419,Summer,2
8/22/2031,27.45713615,29.2502594,25.88617706,15.68498039,-0.019051021,101.7295151,4.054059982,4.725525379,145.0687714,144.6242676,28.50277519,68.75183868,Summer,2
8/23/2031,27.43244934,29.22062683,25.86796761,15.6650486,0.004857117,101.7322083,4.064833641,4.73790741,145.3370056,145.0038757,28.48321724,68.76321411,Summer,2
8/24/2031,27.40437698,29.18764114,25.84630585,15.64177513,0.030008832,101.7350388,4.076404572,4.751272202,145.6632385,145.4394836,28.46046829,68.77326965,Summer,2
8/25/2031,27.37292671,29.15132141,25.82121086,15.61521721,0.056364261,101.7379913,4.088727951,4.765568256,146.0475006,145.9304047,28.4345417,68.78213501,Summer,2
8/26/2031,27.33812714,29.11169815,25.79270363,15.58544731,0.083874941,101.741066,4.101755142,4.780736923,146.4893188,146.4754486,28.40544891,68.7899704,Summer,2
8/27/2031,27.30002213,29.06880951,25.7608242,15.55255127,0.112483703,101.7442398,4.115431786,4.79671526,146.9877167,147.0730286,28.37321091,68.79697418,Summer,2
8/28/2031,27.25866127,29.02271271,25.72561646,15.51663017,0.14212501,101.7475204,4.129699707,4.813432217,147.5413666,147.7211456,28.33786392,68.8033371,Summer,2
8/29/2031,27.21410179,28.97346115,25.68714523,15.47779655,0.172725201,101.750885,4.144495487,4.830816269,148.1483765,148.41745,28.29944229,68.80928802,Summer,2
8/30/2031,27.16641808,28.92113495,25.64547539,15.43618202,0.20420292,101.7543335,4.159753799,4.848786354,148.8065948,149.1591339,28.2579937,68.81506348,Summer,2
8/31/2031,27.11569405,28.86581802,25.60068703,15.39191818,0.236469761,101.7578583,4.175404549,4.867263794,149.513443,149.9431458,28.21357536,68.82092285,Summer,2
9/1/2031,27.06201935,28.80759811,25.5528698,15.34515572,0.269430399,101.7614517,4.191375732,4.886161804,150.2660065,150.7661285,28.16624832,68.82713318,Autumn,3
9/2/2031,27.00549507,28.74658966,25.50212288,15.29605293,0.302983463,101.7650986,4.207595825,4.905395508,151.0610657,151.6244354,28.11608124,68.8339386,Autumn,3
9/3/2031,26.94623947,28.68289566,25.44855499,15.24477196,0.337022096,101.7688065,4.223988533,4.924875259,151.8950653,152.5142212,28.06315422,68.84163666,Autumn,3
9/4/2031,26.88436317,28.616642,25.39228058,15.19148636,0.371434659,101.7725601,4.240478992,4.944513321,152.7643585,153.431488,28.00754929,68.85047913,Autumn,3
9/5/2031,26.81999779,28.54796219,25.33342171,15.1363678,0.406105489,101.7763519,4.256991386,4.964221001,153.6650238,154.3720856,27.94935226,68.86073303,Autumn,3
9/6/2031,26.75327301,28.47698975,25.27210236,15.07959938,0.440915346,101.7801895,4.273450851,4.983910084,154.592926,155.3318176,27.88866615,68.87265015,Autumn,3
9/7/2031,26.68433189,28.40386963,25.20845985,15.02135849,0.475743026,101.7840576,4.289785385,5.003493786,155.5439911,156.3063812,27.82558441,68.88648224,Autumn,3
9/8/2031,26.61331749,28.32875061,25.14263153,14.96182632,0.510465026,101.7879639,4.305922031,5.022887707,156.5139465,157.2915344,27.76021576,68.90245056,Autumn,3
9/9/2031,26.54037285,28.25178146,25.07475662,14.90118027,0.544957399,101.7918854,4.321792603,5.042012215,157.4985962,158.2830811,27.6926651,68.92076111,Autumn,3
9/10/2031,26.46565247,28.17312241,25.00497627,14.8395977,0.579096019,101.7958374,4.337330818,5.060788155,158.4937134,159.2769012,27.6230545,68.94161224,Autumn,3
9/11/2031,26.38930511,28.09293365,24.93342972,14.77725029,0.612757862,101.7998123,4.352475166,5.079143047,159.4952087,160.2690582,27.55148697,68.96516418,Autumn,3
9/12/2031,26.31147957,28.0113678,24.86026192,14.71429825,0.645821214,101.8038101,4.36716795,5.097008228,160.4990845,161.2557373,27.47808266,68.99154663,Autumn,3
9/13/2031,26.23232651,27.92858505,24.78561401,14.6509037,0.678167164,101.8078232,4.381355286,5.114321709,161.5014954,162.2334137,27.40296173,69.02087402,Autumn,3
9/14/2031,26.15199661,27.84473801,24.70961952,14.58721352,0.709680259,101.8118515,4.394989967,5.131026745,162.4988098,163.1987915,27.32623291,69.05321503,Autumn,3
9/15/2031,26.07062912,27.75998306,24.63241196,14.52336311,0.740248859,101.8159027,4.408030033,5.147074223,163.4876862,164.1488647,27.24801826,69.08862305,Autumn,3
9/16/2031,25.98836327,27.67446899,24.55411911,14.45948219,0.769766808,101.8199615,4.420438766,5.162419796,164.4649506,165.0809174,27.16843033,69.12710571,Autumn,3
9/17/2031,25.90533066,27.58833694,24.47485924,14.39568329,0.798132956,101.8240433,4.432188511,5.177030563,165.4278412,165.9926605,27.08758163,69.16862488,Autumn,3
9/18/2031,25.821661,27.50172043,24.3947506,14.33206749,0.825252771,101.8281326,4.443254471,5.190877438,166.3738403,166.8821411,27.00557709,69.2131424,Autumn,3
9/19/2031,25.73746681,27.41475296,24.31389618,14.26872063,0.851038754,101.8322296,4.453621387,5.203941822,167.3008728,167.747757,26.9225235,69.26054382,Autumn,3
9/20/2031,25.65285873,27.32754898,24.23239326,14.20571518,0.875410676,101.8363495,4.463281155,5.216212273,168.2071533,168.5884247,26.83852005,69.31069183,Autumn,3
9/21/2031,25.56793404,27.24021912,24.15032196,14.14310265,0.898296595,101.8404694,4.472230911,5.227687359,169.0913544,169.4033813,26.75366211,69.36343384,Autumn,3
9/22/2031,25.48278236,27.15286255,24.06776237,14.08092499,0.919632554,101.8445969,4.480478287,5.238371372,169.9525757,170.192337,26.66803741,69.41854858,Autumn,3
9/23/2031,25.3974762,27.0655632,23.98477745,14.01920891,0.939364254,101.8487244,4.488033772,5.248280525,170.7902222,170.9554138,26.58172417,69.47581482,Autumn,3
9/24/2031,25.31208038,26.97840118,23.90141678,13.95795822,0.957445979,101.8528595,4.494919777,5.257434845,171.6042175,171.693161,26.49480057,69.53495026,Autumn,3
9/25/2031,25.22664261,26.89142609,23.81771469,13.8971653,0.973841429,101.8569946,4.501162529,5.265867233,172.3948364,172.4065552,26.40733337,69.59565735,Autumn,3
9/26/2031,25.14120293,26.80469131,23.73370743,13.83680534,0.988523901,101.8611221,4.506795883,5.27361536,173.1628113,173.0969696,26.3193779,69.65762329,Autumn,3
9/27/2031,25.05578041,26.7182312,23.6493969,13.7768364,1.001476526,101.8652344,4.511860847,5.280726433,173.9092102,173.7661591,26.23098564,69.72047424,Autumn,3
9/28/2031,24.97039032,26.63205719,23.56478882,13.71720505,1.012691855,101.869339,4.516404152,5.287252903,174.6355133,174.4162292,26.14219856,69.78383636,Autumn,3
9/29/2031,24.88502312,26.54617691,23.47986794,13.65784264,1.022172451,101.8734131,4.520479202,5.293256283,175.3436279,175.0497284,26.05305099,69.84732819,Autumn,3
9/30/2031,24.79966164,26.46057892,23.39460754,13.59866524,1.029929638,101.8774643,4.524143696,5.298802853,176.0356598,175.6694031,25.96356201,69.91053009,Autumn,3
10/1/2031,24.71427536,26.37523651,23.3089695,13.53957558,1.035984635,101.8814774,4.527461529,5.303965569,176.7141266,176.2783356,25.87375259,69.97302246,Autumn,3
10/2/2031,24.62881851,26.29011154,23.2229023,13.48046875,1.040367484,101.8854446,4.530499935,5.308822155,177.3818512,176.8798676,25.78362656,70.03436279,Autumn,3
10/3/2031,24.54323387,26.2051506,23.136343,13.42122841,1.04311645,101.8893661,4.533331871,5.313455582,178.0418243,177.4775543,25.69318008,70.09411621,Autumn,3
10/4/2031,24.45745087,26.12028122,23.04921722,13.36172867,1.044279099,101.8932266,4.536031246,5.317950726,178.6973267,178.075058,25.60240555,70.15184021,Autumn,3
10/5/2031,24.37138748,26.03543091,22.96144295,13.30183411,1.043909192,101.8970184,4.538677216,5.322397709,179.3517456,178.6762848,25.51128006,70.20709229,Autumn,3
10/6/2031,24.28495216,25.9505043,22.87292862,13.24140739,1.042069316,101.9007263,4.541348457,5.326888561,180.0086823,179.2851563,25.41978073,70.25944519,Autumn,3
10/7/2031,24.19804382,25.86540222,22.78356934,13.18030739,1.038827777,101.9043427,4.544127464,5.331516266,180.6717529,179.9056854,25.32786942,70.30847168,Autumn,3
10/8/2031,24.11054993,25.78001022,22.69325638,13.1183815,1.034259558,101.9078674,4.547097206,5.33637619,181.3447266,180.5418549,25.23551178,70.3537674,Autumn,3
10/9/2031,24.02235413,25.69420624,22.60187912,13.05548859,1.028444767,101.9112778,4.550338745,5.341561317,182.0313568,181.1976166,25.14265442,70.39494324,Autumn,3
10/10/2031,23.93333054,25.60786057,22.5093174,12.99147987,1.021468282,101.914566,4.553935051,5.347166538,182.7352905,181.8768463,25.04925156,70.43161011,Autumn,3
10/11/2031,23.84335327,25.52083969,22.41544533,12.9262085,1.013419151,101.9177246,4.557965279,5.353282452,183.4602051,182.5832825,24.95524216,70.46344757,Autumn,3
10/12/2031,23.752285,25.43300629,22.32014275,12.85953712,1.004389882,101.9207458,4.562509537,5.36000061,184.20961,183.3205414,24.86057281,70.49011993,Autumn,3
10/13/2031,23.65999222,25.34421158,22.22327995,12.79132843,0.994475663,101.9236145,4.567642212,5.367406845,184.9868927,184.0919342,24.76517105,70.51134491,Autumn,3
10/14/2031,23.56633759,25.25431442,22.12473297,12.72145462,0.983773291,101.9263229,4.573437691,5.375584602,185.7952271,184.9006042,24.66897202,70.52687073,Autumn,3
10/15/2031,23.47118568,25.16316223,22.02437782,12.64979362,0.972381175,101.9288635,4.579963684,5.384611607,186.637558,185.7494507,24.57191467,70.53647614,Autumn,3
10/16/2031,23.374403,25.07061768,21.92209625,12.57623863,0.960397482,101.9312286,4.587285042,5.394561768,187.5166168,186.6409454,24.47392464,70.53998566,Autumn,3
10/17/2031,23.27585793,24.97653198,21.81777382,12.50068855,0.947921038,101.9334106,4.595459938,5.405502319,188.4347839,187.5773315,24.37493896,70.53726959,Autumn,3
10/18/2031,23.17542839,24.88076782,21.71129799,12.42305756,0.935049176,101.9354019,4.60454464,5.417495251,189.3941345,188.560379,24.27488708,70.52822113,Autumn,3
10/19/2031,23.07299042,24.78319168,21.60257339,12.34327507,0.921877444,101.9372101,4.614584446,5.430592537,190.3964081,189.591568,24.17370605,70.51279449,Autumn,3
10/20/2031,22.96843719,24.68367767,21.49150276,12.26128006,0.908499658,101.9388123,4.625622749,5.444843769,191.4429779,190.671875,24.07133675,70.49097443,Autumn,3
10/21/2031,22.86166382,24.58210754,21.37800407,12.17703247,0.89500612,101.9402237,4.637693405,5.460285664,192.5348358,191.8019562,23.96771622,70.46281433,Autumn,3
10/22/2031,22.75258064,24.47837067,21.26200867,12.09050655,0.881484389,101.9414368,4.650823593,5.476951122,193.6725159,192.9819641,23.86279678,70.42836761,Autumn,3
10/23/2031,22.64110374,24.37237549,21.14345551,12.00169086,0.868017554,101.9424591,4.665034771,5.494860172,194.8562317,194.2116699,23.75652695,70.38778687,Autumn,3
10/24/2031,22.52716827,24.26403427,21.02229691,11.91059494,0.854684472,101.9432831,4.680339813,5.514028549,196.0857086,195.4903107,23.64886475,70.34122467,Autumn,3
10/25/2031,22.41071701,24.15327454,20.89850235,11.81724644,0.841559231,101.943924,4.696743011,5.534461021,197.360321,196.816803,23.53977776,70.28890228,Autumn,3
10/26/2031,22.29171181,24.04004288,20.77205658,11.72168541,0.828710616,101.9443893,4.714241982,5.556152821,198.6789703,198.1895752,23.42923546,70.23106384,Autumn,3
10/27/2031,22.17012596,23.92429352,20.64295387,11.62397575,0.816202164,101.9446869,4.732826233,5.579090595,200.0401611,199.6066284,23.31721687,70.1680069,Autumn,3
10/28/2031,22.04595375,23.80599976,20.5112114,11.52419376,0.804091156,101.9448166,4.752478123,5.603253841,201.4420471,201.0655975,23.20371246,70.10005951,Autumn,3
10/29/2031,21.91919899,23.68515778,20.37685585,11.42243767,0.79242909,101.944809,4.773172855,5.628612041,202.8823242,202.5637512,23.08872223,70.02758789,Autumn,3
10/30/2031,21.78988647,23.56176949,20.23993683,11.31881905,0.781261921,101.9446716,4.794875145,5.655126572,204.3584137,204.0979462,22.97224617,69.95098877,Autumn,3
10/31/2031,21.65805435,23.43586349,20.10051727,11.21346569,0.770628512,101.9444199,4.817547321,5.682749748,205.8672791,205.6647339,22.85430145,69.87068176,Autumn,3
11/1/2031,21.52376556,23.30748367,19.95867538,11.10652161,0.760562003,101.9440765,4.841141224,5.711426258,207.4056854,207.2604065,22.73491669,69.78712463,Autumn,3
11/2/2031,21.38709259,23.17668724,19.81450653,10.99814415,0.751089513,101.9436646,4.865602493,5.741095543,208.9700928,208.8809052,22.61412048,69.70080566,Autumn,3
11/3/2031,21.24812698,23.04355431,19.66812515,10.88850498,0.742231786,101.9431992,4.890872478,5.771686077,210.5566254,210.5220337,22.49195862,69.61219788,Autumn,3
11/4/2031,21.10697174,22.90818024,19.51965714,10.77778625,0.734003484,101.9427032,4.916884422,5.80312252,212.1612396,212.1793365,22.36848831,69.52182007,Autumn,3
11/5/2031,20.96375656,22.77067757,19.36924362,10.66618156,0.726414084,101.942215,4.94356823,5.835322857,213.7797394,213.848175,22.24376869,69.43019104,Autumn,3
11/6/2031,20.81861877,22.63117218,19.21704674,10.55389309,0.719466925,101.9417496,4.970847607,5.868199825,215.4076843,215.5238953,22.11787033,69.33784485,Autumn,3
11/7/2031,20.67170906,22.48981094,19.06323242,10.4411335,0.713160098,101.9413376,4.998643398,5.901660442,217.0406342,217.2016907,21.99087906,69.24530029,Autumn,3
11/8/2031,20.52319717,22.34675217,18.90798569,10.32811737,0.707487166,101.9410172,5.026871204,5.935609341,218.6740112,218.876709,21.86287689,69.15310669,Autumn,3
11/9/2031,20.37326241,22.20216751,18.75149918,10.21506691,0.702436805,101.9408035,5.055444241,5.969945431,220.3031921,220.5441895,21.73396301,69.06177521,Autumn,3
11/10/2031,20.22209549,22.05624199,18.59397888,10.10220623,0.697993517,101.9407349,5.084273338,6.004567146,221.923584,222.1993103,21.60424232,68.97183228,Autumn,3
11/11/2031,20.06989861,21.90917206,18.43563652,9.989762306,0.694137573,101.940834,5.113268375,6.039369583,223.5306702,223.8374176,21.47382355,68.88378906,Autumn,3
11/12/2031,19.91688347,21.76116943,18.27669525,9.877962112,0.690846503,101.9411392,5.142335892,6.07424736,225.1199951,225.4539642,21.34282684,68.79813385,Autumn,3
11/13/2031,19.7632637,21.61244202,18.11738205,9.767024994,0.688094079,101.9416809,5.171384811,6.109092712,226.6871796,227.0445557,21.21136856,68.71533203,Autumn,3
11/14/2031,19.609272,21.4632206,17.95792961,9.657176971,0.685852349,101.942482,5.200320721,6.143801212,228.2280884,228.6049805,21.07958221,68.635849,Autumn,3
11/15/2031,19.45513344,21.31373215,17.79857635,9.548628807,0.684089959,101.9435806,5.229052544,6.178266048,229.7387543,230.1313019,20.94758987,68.56008148,Autumn,3
11/16/2031,19.30108261,21.16420746,17.63955498,9.441591263,0.682775319,101.9449921,5.257490158,6.212384701,231.2154388,231.619873,20.81553078,68.4884491,Autumn,3
11/17/2031,19.14735222,21.01488876,17.48110962,9.336266518,0.681874514,101.9467468,5.285543919,6.246055126,232.6545563,233.0672455,20.68353653,68.42131042,Autumn,3
11/18/2031,18.99418068,20.86600876,17.32347298,9.232843399,0.681353331,101.9488754,5.313127995,6.279179573,234.0529327,234.4703369,20.55174637,68.35897827,Autumn,3
11/19/2031,18.84180069,20.71780396,17.16688156,9.131502151,0.681176901,101.9513931,5.34016037,6.311662674,235.4077148,235.826416,20.42029572,68.30177307,Autumn,3
11/20/2031,18.69044495,20.57051659,17.01156998,9.032412529,0.681310415,101.9543228,5.366560459,6.343414307,236.7162323,237.1330719,20.2893219,68.24993896,Autumn,3
11/21/2031,18.54033852,20.42436981,16.85776138,8.935730934,0.681719422,101.9576874,5.392252922,6.374348164,237.9762573,238.3883057,20.15896034,68.20368958,Autumn,3
11/22/2031,18.39170647,20.27959442,16.7056694,8.841596603,0.682370126,101.9614944,5.41716814,6.404385567,239.1859436,239.5904236,20.02934456,68.16321564,Autumn,3
11/23/2031,18.24475861,20.13641167,16.55551147,8.750136375,0.683229804,101.9657516,5.44123888,6.433448315,240.3437042,240.7382202,19.90060425,68.12864685,Autumn,3
11/24/2031,18.09970284,19.99502945,16.40748405,8.661460876,0.684267104,101.9704819,5.46440506,6.46146965,241.44841,241.8307648,19.77286339,68.10009766,Autumn,3
11/25/2031,17.95673752,19.85565186,16.26177979,8.575669289,0.685452104,101.9756927,5.48661232,6.488388538,242.4992523,242.8675995,19.64624786,68.0776062,Autumn,3
11/26/2031,17.81604195,19.71847153,16.11857224,8.492834091,0.68675667,101.981369,5.507811069,6.514147282,243.4958191,243.8485565,19.52087402,68.06118774,Autumn,3
11/27/2031,17.67779732,19.58366394,15.97803307,8.413020134,0.688154817,101.9875259,5.527958393,6.538698673,244.4380646,244.7739258,19.39685249,68.05084229,Autumn,3
11/28/2031,17.54215813,19.45140076,15.8403101,8.336271286,0.6896227,101.9941559,5.547017574,6.562001705,245.3262939,245.6442719,19.27428818,68.04649353,Autumn,3
11/29/2031,17.40927315,19.32183075,15.70554161,8.262615204,0.691138446,102.0012436,5.564960003,6.584021568,246.1611328,246.4606018,19.15327835,68.04803467,Autumn,3
11/30/2031,17.27927208,19.19509125,15.57384968,8.192063332,0.692682743,102.0087891,5.58175993,6.60473299,246.9435425,247.2240601,19.03391266,68.05535126,Autumn,3
12/1/2031,17.15227509,19.07130814,15.44534206,8.124608994,0.694238603,102.0167694,5.597401619,6.624116421,247.6747894,247.9363251,18.91627693,68.06826019,Winter,0
12/2/2031,17.02838135,18.95058632,15.32010841,8.060232162,0.695791543,102.0251694,5.611874104,6.642159939,248.3564606,248.5991516,18.80044556,68.08656311,Winter,0
12/3/2031,16.90767479,18.83301544,15.19822407,7.998894691,0.697328985,102.0339584,5.625172615,6.658860207,248.9903412,249.2146301,18.68648148,68.11003113,Winter,0
12/4/2031,16.79022789,18.71866608,15.07974625,7.940545082,0.698841095,102.0431213,5.637299061,6.674219131,249.5784912,249.7850647,18.57444763,68.13840485,Winter,0
12/5/2031,16.67608833,18.60759926,14.96471596,7.885118484,0.700319886,102.0526276,5.648263454,6.688246727,250.1231537,250.3128967,18.4643898,68.17140198,Winter,0
12/6/2031,16.56529617,18.49985313,14.85315895,7.83253479,0.701759577,102.0624313,5.65807724,6.700959206,250.6268158,250.8007355,18.35634804,68.20872498,Winter,0
12/7/2031,16.45787048,18.39544678,14.74508476,7.782705307,0.703156531,102.0725098,5.666761398,6.712379932,251.0919342,251.2513428,18.25035858,68.25004578,Winter,0
12/8/2031,16.35381699,18.29439163,14.64048672,7.735525608,0.704508245,102.0828094,5.674340725,6.722536564,251.5212555,251.667511,18.1464386,68.29502106,Winter,0
12/9/2031,16.25312042,18.19667816,14.53934383,7.690888405,0.705814302,102.0933075,5.680844307,6.731464863,251.9175873,252.0521393,18.04460907,68.34331512,Winter,0
12/10/2031,16.15575981,18.10227585,14.44161892,7.648670197,0.707075119,102.1039505,5.686308384,6.739202499,252.2836151,252.4080658,17.9448719,68.39455414,Winter,0
12/11/2031,16.06169319,18.01115036,14.34726238,7.608745575,0.708292961,102.1146851,5.690769672,6.745795727,252.6222534,252.7381592,17.847229,68.44837952,Winter,0
12/12/2031,15.97086906,17.92324638,14.25621223,7.570981026,0.709470272,102.125473,5.694272041,6.751291752,252.9362183,253.0452576,17.75167274,68.50442505,Winter,0
12/13/2031,15.88321877,17.83849716,14.16839218,7.535240173,0.710610449,102.136261,5.696861267,6.75574398,253.228302,253.3320007,17.65818787,68.56232452,Winter,0
12/14/2031,15.79866886,17.75682068,14.08371544,7.501381874,0.711717069,102.1469955,5.69858551,6.759207726,253.5010681,253.6011047,17.56674957,68.62169647,Winter,0
12/15/2031,15.71713066,17.67813492,14.00208759,7.469263077,0.712794185,102.1576233,5.699497223,6.761741161,253.7571106,253.8549347,17.47733307,68.68219757,Winter,0
12/16/2031,15.63850594,17.60233307,13.92340374,7.43874073,0.713845789,102.1680984,5.699649334,6.763405323,253.9988556,254.0958252,17.38990402,68.74346924,Winter,0
12/17/2031,15.56269264,17.52931213,13.84754753,7.409673214,0.714875162,102.1783676,5.69909668,6.764262199,254.2284393,254.3259125,17.30442429,68.80517578,Winter,0
12/18/2031,15.48957443,17.45895386,13.77440357,7.381921768,0.71588546,102.1883774,5.697896004,6.764375687,254.4479675,254.5470734,17.22084808,68.86698914,Winter,0
12/19/2031,15.41903877,17.39113426,13.70384502,7.355346203,0.71687907,102.1980667,5.696103096,6.763810635,254.659317,254.7609711,17.13913727,68.92858887,Winter,0
12/20/2031,15.35096169,17.32573318,13.63574219,7.329816341,0.71785748,102.2073975,5.693775654,6.762629509,254.8640137,254.9690247,17.05923653,68.98970795,Winter,0
12/21/2031,15.28521729,17.26261902,13.56996536,7.305204391,0.718821108,102.2163162,5.69096899,6.76089716,255.0634766,255.1724396,16.98109436,69.05005646,Winter,0
12/22/2031,15.22168064,17.20166016,13.5063839,7.281390667,0.719768941,102.2247696,5.687740803,6.758676529,255.2588043,255.3721161,16.90466309,69.10938263,Winter,0
12/23/2031,15.16022205,17.1427269,13.44485855,7.258260727,0.720699251,102.2327271,5.684144974,6.756029606,255.4509125,255.568634,16.82988167,69.16746521,Winter,0
12/24/2031,15.10071754,17.08568382,13.38526154,7.235711098,0.721608579,102.2401276,5.680233955,6.753016472,255.6403351,255.7624969,16.75670242,69.22410583,Winter,0
12/25/2031,15.04303837,17.03040695,13.3274622,7.213644981,0.722491801,102.2469482,5.676060677,6.749694347,255.8274994,255.9536896,16.68506813,69.27911377,Winter,0
12/26/2031,14.98706627,16.97676849,13.27133369,7.191976547,0.723342717,102.2531433,5.671673298,6.746119499,256.0124207,256.1421204,16.61492538,69.3323288,Winter,0
12/27/2031,14.93268108,16.92464447,13.21675205,7.170627594,0.724153221,102.2586899,5.667118549,6.742342949,256.1949768,256.3273926,16.5462265,69.38363647,Winter,0
12/28/2031,14.87977219,16.87392807,13.16360283,7.149533272,0.724914193,102.2635422,5.662441254,6.738415241,256.3747559,256.5088501,16.47891617,69.43292999,Winter,0
12/29/2031,14.82823181,16.82450104,13.11177349,7.128638268,0.725614846,102.2676849,5.657681942,6.734381199,256.5510864,256.6856384,16.41295242,69.48013306,Winter,0
12/30/2031,14.77796078,16.77626801,13.06116009,7.107898235,0.72624284,102.2710953,5.652877331,6.730283737,256.723114,256.8566895,16.34828758,69.525177,Winter,0
12/31/2031,14.72886848,16.72913361,13.01166821,7.087277889,0.726785004,102.2737656,5.64806366,6.726160526,256.88974,257.0207214,16.2848835,69.5680542,Winter,0
1/1/2032,14.68087006,16.68301582,12.96320915,7.066754341,0.727226615,102.2756653,5.643270016,6.722046375,257.0497131,257.1762695,16.22270584,69.60874176,Winter,0
1/2/2032,14.63389301,16.63783646,12.91570663,7.04631424,0.727552235,102.2768021,5.638525009,6.717970848,257.2016907,257.3218079,16.16171646,69.64726257,Winter,0
1/3/2032,14.58787155,16.59354019,12.86909103,7.025954723,0.727745414,102.2771759,5.633850574,6.713960648,257.3439941,257.455658,16.10188866,69.68366241,Winter,0
1/4/2032,14.54275227,16.5500679,12.82330608,7.005684853,0.727789462,102.2767715,5.629266739,6.710037231,257.4750366,257.5760498,16.04320145,69.71798706,Winter,0
1/5/2032,14.49848938,16.50737762,12.77830124,6.985518456,0.727666736,102.2756119,5.624790668,6.706218719,257.5930481,257.6810913,15.98563385,69.75032043,Winter,0
1/6/2032,14.45504951,16.46544456,12.73404026,6.965482712,0.727359712,102.2736969,5.620433331,6.702517033,257.6961365,257.7689514,15.92917252,69.78075409,Winter,0
1/7/2032,14.41241074,16.42424202,12.69049454,6.945609093,0.726850867,102.2710571,5.616203785,6.698943138,257.7825317,257.837677,15.87380791,69.80938721,Winter,0
1/8/2032,14.37055969,16.38376617,12.64764786,6.925938606,0.726122618,102.2677002,5.612107277,6.695501328,257.8503418,257.885437,15.81953526,69.83635712,Winter,0
1/9/2032,14.32949257,16.34401894,12.60549545,6.906518936,0.725158453,102.263649,5.608144283,6.692193031,257.8977051,257.9104919,15.76635551,69.86178589,Winter,0
1/10/2032,14.289217,16.30501366,12.56403923,6.887400627,0.723942041,102.2589493,5.604314327,6.689017296,257.9227905,257.9110107,15.71427345,69.88580322,Winter,0
1/11/2032,14.24974823,16.26677322,12.52329254,6.868644714,0.722458184,102.253624,5.600611687,6.685967445,257.9239502,257.885376,15.66329861,69.90858459,Winter,0
1/12/2032,14.21111488,16.22933388,12.48327827,6.850308418,0.720692754,102.2477036,5.597029209,6.683033943,257.8995667,257.8321533,15.61344337,69.9302597,Winter,0
1/13/2032,14.17334747,16.19273376,12.44402504,6.83245945,0.718633235,102.2412415,5.593555927,6.680205822,257.848053,257.749939,15.56472874,69.95100403,Winter,0
1/14/2032,14.13649368,16.15703011,12.40557671,6.815163612,0.716268718,102.2342682,5.59017849,6.6774683,257.7681274,257.6375427,15.51717377,69.97097015,Winter,0
1/15/2032,14.1006012,16.12227821,12.36797714,6.798487663,0.713589847,102.2268372,5.586882114,6.674803734,257.6585999,257.493988,15.47080326,69.9903183,Winter,0
1/16/2032,14.06572723,16.08854675,12.3312788,6.782500267,0.71058923,102.2189941,5.583649158,6.67219305,257.5184937,257.318512,15.42564678,70.00920105,Winter,0
1/17/2032,14.03193283,16.05590248,12.29554558,6.767268181,0.707262099,102.2107925,5.580460548,6.669614315,257.3469543,257.1105042,15.38173389,70.02778625,Winter,0
1/18/2032,13.99928474,16.02442551,12.26083755,6.752859116,0.703605354,102.2022858,5.57729578,6.66704464,257.1434326,256.8697205,15.33909607,70.04621887,Winter,0
1/19/2032,13.96785545,15.9941988,12.22722816,6.739334583,0.699618578,102.193512,5.574132442,6.664460182,256.9076233,256.5960083,15.29776955,70.06463623,Winter,0
1/20/2032,13.9377203,15.96530533,12.19478893,6.726756096,0.695303679,102.1845474,5.570949078,6.661835194,256.6392822,256.2895508,15.25779057,70.08317566,Winter,0
1/21/2032,13.90895271,15.93782997,12.1635952,6.715180397,0.690665126,102.1754303,5.567720413,6.659143448,256.338623,255.9507294,15.21919632,70.10197449,Winter,0
1/22/2032,13.88163567,15.91186142,12.13372612,6.704660416,0.685709953,102.166214,5.564423084,6.656358719,256.006012,255.5802155,15.18202305,70.12115479,Winter,0
1/23/2032,13.8558445,15.8874855,12.10525703,6.695241928,0.680447459,102.1569595,5.561034203,6.65345335,255.6419525,255.1788483,15.14630699,70.14081573,Winter,0
1/24/2032,13.83165741,15.86479187,12.07826996,6.68696785,0.674889386,102.1477127,5.557527065,6.650401592,255.2473602,254.747757,15.11208725,70.16105652,Winter,0
1/25/2032,13.80915165,15.84386063,12.05284214,6.679874897,0.669050574,102.1385345,5.553880692,6.647177219,254.8231964,254.2883301,15.07940006,70.18197632,Winter,0
1/26/2032,13.78840065,15.8247757,12.02904797,6.673992634,0.662947416,102.1294632,5.550069809,6.643754005,254.3708191,253.8020935,15.04827881,70.2036438,Winter,0
1/27/2032,13.76947689,15.80761337,12.00696278,6.669343948,0.656598687,102.1205444,5.54607296,6.640106678,253.8916016,253.2907562,15.01876068,70.22612,Winter,0
1/28/2032,13.75244617,15.79244995,11.98665619,6.665946007,0.650025249,102.1118317,5.54186821,6.636213779,253.3872833,252.7562256,14.99087238,70.24946594,Winter,0
1/29/2032,13.73737335,15.77934837,11.96819782,6.663807869,0.643249929,102.103363,5.537435055,6.632049561,252.8596344,252.200592,14.96464729,70.27372742,Winter,0
1/30/2032,13.72431564,15.76837158,11.95164585,6.662934303,0.636296928,102.0951767,5.532754421,6.627595425,252.3106384,251.6259766,14.9401083,70.29892731,Winter,0
1/31/2032,13.71331978,15.75957298,11.93706131,6.663321972,0.629192233,102.0873032,5.527809143,6.622830391,251.7424011,251.034729,14.91728401,70.32509613,Winter,0
2/1/2032,13.70443916,15.75299835,11.9244957,6.664958954,0.621962428,102.0797729,5.522581577,6.617737293,251.157135,250.4291687,14.8961935,70.35224152,Winter,0
2/2/2032,13.69770813,15.7486887,11.91399288,6.667831898,0.614635468,102.0726166,5.517058372,6.612299919,250.5570984,249.8117828,14.87685585,70.38036346,Winter,0
2/3/2032,13.6931572,15.74667168,11.90559578,6.671917915,0.607240021,102.0658646,5.511226177,6.606505394,249.9445801,249.1849213,14.85928345,70.40946198,Winter,0
2/4/2032,13.69081402,15.74697304,11.89933586,6.677189827,0.599804759,102.0595169,5.505074501,6.600339413,249.3219299,248.5510559,14.8434906,70.43951416,Winter,0
2/5/2032,13.69069004,15.74960136,11.89523602,6.683615685,0.592358351,102.0536041,5.498594761,6.593793869,248.6915588,247.9125214,14.82948303,70.47052002,Winter,0
2/6/2032,13.69279861,15.75456047,11.89332008,6.691157341,0.584929466,102.0481262,5.491778374,6.586860657,248.0556641,247.271698,14.81726456,70.50242615,Winter,0
2/7/2032,13.69713783,15.76184845,11.89360046,6.699773312,0.577546179,102.0430832,5.484621048,6.579534054,247.4165497,246.630722,14.80683899,70.53523254,Winter,0
2/8/2032,13.70370293,15.77144814,11.8960762,6.709422112,0.570235431,102.0384903,5.477120399,6.571809769,246.7763519,245.9917297,14.79820156,70.56887054,Winter,0
2/9/2032,13.71247482,15.78333855,11.90074921,6.720054626,0.563023269,102.0343323,5.469274521,6.563686371,246.1371002,245.3566895,14.7913475,70.60333252,Winter,0
2/10/2032,13.72343636,15.79748726,11.90760803,6.731621742,0.555934131,102.0306091,5.461083889,6.555165768,245.5006561,244.7273102,14.78626823,70.63856506,Winter,0
2/11/2032,13.73655701,15.81385422,11.91664124,6.74407196,0.548990786,102.0272903,5.452550888,6.546248913,244.8687744,244.1051941,14.78295135,70.67453766,Winter,0
2/12/2032,13.75179768,15.83238792,11.92781925,6.757353783,0.542214096,102.0243759,5.443680763,6.536942005,244.2429657,243.4917145,14.78138065,70.7111969,Winter,0
2/13/2032,13.76911926,15.85304356,11.94111919,6.771416664,0.535622537,102.021843,5.434479237,6.527249813,243.6245422,242.8879089,14.78154182,70.7485199,Winter,0
2/14/2032,13.78847122,15.8757515,11.95650482,6.786209106,0.529232264,102.0196533,5.424954414,6.51718235,243.0146027,242.2947083,14.78341293,70.78645325,Winter,0
2/15/2032,13.80979919,15.90044498,11.97393417,6.801677704,0.523056626,102.0177917,5.415115356,6.506748199,242.4139862,241.7126465,14.78697491,70.82497406,Winter,0
2/16/2032,13.83304596,15.92705345,11.99336624,6.817777157,0.517106533,102.0162277,5.404973507,6.495960712,241.8233185,241.1420441,14.792202,70.86404419,Winter,0
2/17/2032,13.85814571,15.95549393,12.01474571,6.834458351,0.511389732,102.0149078,5.394540787,6.484830856,241.2428894,240.5829315,14.79906654,70.90363312,Winter,0
2/18/2032,13.88503265,15.98569107,12.03802586,6.851680756,0.505910993,102.0138168,5.383832932,6.473375797,240.6728058,240.0350494,14.80754757,70.94372559,Winter,0
2/19/2032,13.91363621,16.01755333,12.06314468,6.869400024,0.500672102,102.0129089,5.372862339,6.46160984,240.1127777,239.4978485,14.81761456,70.98428345,Winter,0
2/20/2032,13.9438858,16.05099487,12.09004688,6.887583256,0.495671511,102.0121307,5.361646652,6.449550629,239.5623932,238.9704742,14.8292408,71.0253067,Winter,0
2/21/2032,13.97570133,16.08592987,12.11866951,6.906195641,0.490904838,102.0114594,5.350203514,6.437216282,239.0208282,238.4518585,14.84239769,71.06677246,Winter,0
2/22/2032,14.00901127,16.12226105,12.14894485,6.925209522,0.486364454,102.0108337,5.338549614,6.42462635,238.4870605,237.940567,14.85705566,71.10868835,Winter,0
2/23/2032,14.04373932,16.15990448,12.18081284,6.944602013,0.48203972,102.0102158,5.326704979,6.411800385,237.9597778,237.4350128,14.87318707,71.15103149,Winter,0
2/24/2032,14.07980728,16.19876289,12.21420956,6.964353085,0.477917403,102.0095673,5.314689636,6.398759842,237.4374847,236.9332428,14.89076519,71.19381714,Winter,0
2/25/2032,14.11714363,16.23875427,12.2490654,6.984449387,0.473981112,102.0088425,5.302522659,6.385525703,236.9184418,236.4332428,14.90976238,71.23704529,Winter,0
2/26/2032,14.15567207,16.27979279,12.28531837,7.004881382,0.470212132,102.0079956,5.290225983,6.372120857,236.4005737,235.9326935,14.93015289,71.28072357,Winter,0
2/27/2032,14.19532108,16.3217907,12.32290268,7.025647163,0.46658957,102.0069809,5.277819157,6.358566761,235.8818207,235.4291077,14.95191002,71.32485962,Winter,0
2/28/2032,14.23602486,16.3646698,12.36175823,7.046745777,0.463090003,102.0057526,5.265325546,6.344885826,235.3598022,234.9198761,14.97501278,71.36946869,Winter,0
2/29/2032,14.27771378,16.40835381,12.40182304,7.068181992,0.459688485,102.0042877,5.252764702,6.331103325,234.8320923,234.402298,14.99943733,71.41456604,Winter,0
3/1/2032,14.32032585,16.45277405,12.44303894,7.089968204,0.456358284,102.0025406,5.240159512,6.317240715,234.2960358,233.8735199,15.02516556,71.4601593,Spring,1
3/2/2032,14.36380386,16.49785995,12.48534966,7.11211729,0.453071713,102.000473,5.227532387,6.303321838,233.7490387,233.3307037,15.05217457,71.50627899,Spring,1
3/3/2032,14.40809059,16.5435524,12.5287056,7.134646416,0.449800044,101.9980621,5.214903831,6.289369106,233.188385,232.7709351,15.0804491,71.55292511,Spring,1
3/4/2032,14.45313835,16.58979797,12.57305336,7.157577515,0.446513593,101.9952698,5.202295303,6.275406361,232.6113129,232.19133,15.10997581,71.60012054,Spring,1
3/5/2032,14.49890232,16.63654709,12.61834812,7.18093586,0.443183005,101.9920807,5.189729214,6.261456966,232.0151215,231.5891113,15.14073849,71.64787292,Spring,1
3/6/2032,14.54534054,16.68375969,12.66454887,7.204748154,0.439778835,101.9884644,5.17722559,6.247542858,231.3971405,230.9614716,15.17272663,71.69617462,Spring,1
3/7/2032,14.59241867,16.73139381,12.71161556,7.229043007,0.436272085,101.9844055,5.164805889,6.233686924,230.754776,230.3058167,15.2059288,71.74504852,Spring,1
3/8/2032,14.64010525,16.77942276,12.75951385,7.253849983,0.432634681,101.9798889,5.152490139,6.219911098,230.0855255,229.6196442,15.24033928,71.79449463,Spring,1
3/9/2032,14.68837547,16.82782173,12.80821037,7.279202461,0.428839564,101.9749146,5.14029789,6.206236839,229.3870697,228.9006348,15.27594852,71.84448242,Spring,1
3/10/2032,14.73721027,16.87657547,12.85768032,7.305129051,0.42486158,101.9694595,5.128248692,6.192685604,228.6572418,228.1467438,15.31275272,71.89501953,Spring,1
3/11/2032,14.78659248,16.92567062,12.90789795,7.331664085,0.420677215,101.9635391,5.116360188,6.17927742,227.894043,227.3560486,15.35074711,71.9460907,Spring,1
3/12/2032,14.83651161,16.97510147,12.95884323,7.358838081,0.416265309,101.9571457,5.104652405,6.166031837,227.0957336,226.5270081,15.38992786,71.99764252,Spring,1
3/13/2032,14.88695908,17.02487183,13.01049995,7.386679649,0.411606729,101.9502945,5.093141079,6.152968884,226.2608795,225.6583099,15.43029308,72.04966736,Spring,1
3/14/2032,14.93793678,17.0749836,13.06285572,7.4152174,0.406685889,101.9429855,5.081842899,6.140107155,225.3882294,224.7489624,15.47184181,72.10211182,Spring,1
3/15/2032,14.98944473,17.12544823,13.11589813,7.44447422,0.401489586,101.9352417,5.070773602,6.127462387,224.4768677,223.7982788,15.51457214,72.15492249,Spring,1
3/16/2032,15.04148483,17.17628098,13.16962051,7.474474907,0.396008044,101.9270859,5.059947968,6.115053177,223.5261841,222.8059692,15.55848312,72.20805359,Spring,1
3/17/2032,15.09406853,17.22750092,13.2240181,7.505238056,0.390234619,101.9185257,5.049380302,6.102893829,222.5359344,221.7720337,15.60357571,72.26142883,Spring,1
3/18/2032,15.14720631,17.27912712,13.27908611,7.536779404,0.384166747,101.9096069,5.039083004,6.090999603,221.5061035,220.6968536,15.64984703,72.31497955,Spring,1
3/19/2032,15.20091152,17.3311882,13.33482552,7.569110394,0.377804875,101.9003448,5.029067039,6.079384327,220.4371338,219.5812225,15.69729805,72.3686142,Spring,1
3/20/2032,15.25519848,17.38371277,13.39124012,7.602239609,0.371153474,101.8907852,5.01934433,6.068059444,219.3297882,218.4261627,15.745924,72.42225647,Spring,1
3/21/2032,15.3100872,17.43672371,13.44832802,7.63616848,0.364220589,101.8809509,5.009923458,6.057035923,218.1851044,217.2332458,15.79572582,72.47579956,Spring,1
3/22/2032,15.36559296,17.49025917,13.50609589,7.67089653,0.357017964,101.8708878,5.000812054,6.04632473,217.0045166,216.0042114,15.84669685,72.52915955,Spring,1
3/23/2032,15.42173576,17.54434586,13.56454659,7.706418037,0.349560946,101.8606262,4.992019176,6.035933495,215.7898254,214.7413025,15.89883423,72.58220673,Spring,1
3/24/2032,15.47853565,17.59901428,13.62368774,7.742721558,0.341868371,101.8502274,4.983547211,6.025868416,214.5430298,213.4469299,15.95213509,72.63484192,Spring,1
3/25/2032,15.53601074,17.65430069,13.68352318,7.779793262,0.33396244,101.8397217,4.975402832,6.016135216,213.266571,212.1239166,16.00658798,72.68695831,Spring,1
3/26/2032,15.59417915,17.71023178,13.74405956,7.817610741,0.325868487,101.829155,4.967587471,6.006737709,211.9630737,210.7752991,16.06218719,72.73842621,Spring,1
3/27/2032,15.65306282,17.76683998,13.80530453,7.856152534,0.317614764,101.8185806,4.960101604,5.997677803,210.6355133,209.4044342,16.11892128,72.78913116,Spring,1
3/28/2032,15.71267605,17.82415009,13.86726093,7.895389557,0.309232324,101.8080368,4.952946663,5.988955498,209.2870026,208.0148773,16.1767807,72.83895111,Spring,1
3/29/2032,15.77303696,17.88218689,13.92993546,7.935290813,0.300754428,101.7975693,4.946118355,5.980568409,207.9209747,206.6103516,16.23575211,72.88777924,Spring,1
3/30/2032,15.83415604,17.94097519,13.99333286,7.975819588,0.29221642,101.7872391,4.939613819,5.972513199,206.5409698,205.1947784,16.29582024,72.93548584,Spring,1
3/31/2032,15.89605141,18.00053406,14.05745697,8.016939163,0.283655524,101.7770767,4.933427811,5.964785576,205.1506805,203.7721863,16.35696983,72.98196411,Spring,1
4/1/2032,15.9587307,18.06088638,14.12231064,8.058609009,0.275109947,101.767128,4.927551746,5.957376003,203.7539825,202.3467255,16.41918564,73.02711487,Spring,1
4/2/2032,16.02220345,18.12203979,14.18789673,8.100788116,0.266619086,101.7574387,4.921977997,5.950275898,202.3547211,200.9225311,16.48244667,73.07082367,Spring,1
4/3/2032,16.08647728,18.18400764,14.25421715,8.14343071,0.258222669,101.7480621,4.916695118,5.943473816,200.9568939,199.5038147,16.54673386,73.11300659,Spring,1
4/4/2032,16.15155792,18.24680328,14.3212738,8.186494827,0.249960557,101.7390213,4.911690235,5.936955452,199.5644379,198.0947571,16.61203003,73.15356445,Spring,1
4/5/2032,16.21744919,18.3104229,14.38906479,8.229934692,0.241872132,101.7303619,4.90694952,5.930704594,198.1812286,196.6994019,16.6783123,73.19242859,Spring,1
4/6/2032,16.28415298,18.37487602,14.45759296,8.273708344,0.233996168,101.7221146,4.902456284,5.924704552,196.811203,195.3217773,16.74555779,73.22953033,Spring,1
4/7/2032,16.3516655,18.44015884,14.52685452,8.317771912,0.226369888,101.7143173,4.898192883,5.918933392,195.4579926,193.9656982,16.8137455,73.26480865,Spring,1
4/8/2032,16.41998863,18.50626755,14.59685135,8.362085342,0.219029158,101.7069931,4.89413929,5.913371563,194.1252747,192.6348267,16.88285446,73.2982254,Spring,1
4/9/2032,16.48911667,18.5731926,14.6675806,8.406610489,0.212007523,101.7001801,4.890274525,5.90799284,192.8164368,191.3325958,16.95286179,73.32975006,Spring,1
4/10/2032,16.5590477,18.64093018,14.73904037,8.451311111,0.20533587,101.6938858,4.886575699,5.90277338,191.5346069,190.0621643,17.0237484,73.35935211,Spring,1
4/11/2032,16.62977409,18.70946503,14.81123352,8.496160507,0.199042439,101.6881485,4.883017063,5.897682667,190.2828369,188.8264008,17.09549522,73.38703918,Spring,1
4/12/2032,16.70129013,18.77878571,14.88415432,8.541127205,0.193152219,101.6829681,4.879574776,5.892694473,189.0637054,187.6279449,17.16807938,73.41280365,Spring,1
4/13/2032,16.77359009,18.84888077,14.95780563,8.586191177,0.187686563,101.67836,4.876220226,5.887775421,187.8796234,186.4689941,17.24148178,73.43668365,Spring,1
4/14/2032,16.84666824,18.91972733,15.03218842,8.631334305,0.182662666,101.6743393,4.872924805,5.882894516,186.7325897,185.3514404,17.3156929,73.45870209,Spring,1
4/15/2032,16.92051697,18.99131775,15.10730457,8.676548004,0.178093791,101.6709061,4.869659901,5.878016949,185.6242981,184.2767334,17.39069557,73.47891235,Spring,1
4/16/2032,16.99513245,19.06363297,15.18315792,8.721826553,0.173989028,101.6680679,4.866394997,5.873108387,184.5561066,183.2459869,17.46647644,73.49737549,Spring,1
4/17/2032,17.07050705,19.13665771,15.25975418,8.767168999,0.170352578,101.6658173,4.863098145,5.868132591,183.5289001,182.2598877,17.54302788,73.51416016,Spring,1
4/18/2032,17.14664078,19.21038055,15.33709717,8.812585831,0.167183936,101.6641541,4.85973835,5.863053322,182.5432434,181.3186951,17.62034607,73.52935791,Spring,1
4/19/2032,17.22353172,19.28478241,15.41519833,8.858091354,0.1644779,101.6630707,4.856281757,5.857834339,181.5993042,180.4222565,17.69842148,73.54305267,Spring,1
4/20/2032,17.30117798,19.35985565,15.49406719,8.903708458,0.16222471,101.6625519,4.852698326,5.852437019,180.6968231,179.5699921,17.77725983,73.55535889,Spring,1
4/21/2032,17.37958336,19.43559265,15.57371616,8.949462891,0.160409376,101.6625824,4.848953247,5.846824169,179.8351746,178.76091,17.85686111,73.56639099,Spring,1
4/22/2032,17.45875168,19.51198578,15.65416241,8.995391846,0.159012452,101.6631393,4.845015526,5.840958595,179.0132904,177.9936829,17.93723297,73.57626343,Spring,1
4/23/2032,17.53869057,19.58902931,15.73542118,9.041536331,0.158009455,101.6642151,4.840853214,5.834804058,178.2298431,177.2664948,18.01838303,73.58509827,Spring,1
4/24/2032,17.61941147,19.66672516,15.81751347,9.087944984,0.157371908,101.6657791,4.836434364,5.828324795,177.4829712,176.5772247,18.10033035,73.59301758,Spring,1
4/25/2032,17.70092392,19.74507523,15.9004631,9.134672165,0.157066643,101.6678162,4.831729412,5.821485043,176.7706604,175.9234009,18.18308258,73.60017395,Spring,1
4/26/2032,17.78324509,19.82408524,15.98429203,9.181776047,0.157056779,101.6702805,4.82670927,5.814250946,176.0904541,175.3021851,18.26667023,73.60668182,Spring,1
4/27/2032,17.86639595,19.90377045,16.06903076,9.22932148,0.157301247,101.6731567,4.821344852,5.806591988,175.4395905,174.7105255,18.35111046,73.6126709,Spring,1
4/28/2032,17.95039749,19.9841404,16.15470505,9.277378082,0.157756016,101.6764145,4.815611362,5.798476696,174.8151245,174.14505,18.43643379,73.61827087,Spring,1
4/29/2032,18.03527069,20.06521988,16.24135017,9.32601738,0.158373818,101.6800232,4.809483528,5.789876461,174.2138214,173.6022034,18.52267075,73.62360382,Spring,1
4/30/2032,18.12104988,20.14702988,16.32899857,9.375318527,0.159104824,101.6839447,4.802938938,5.780766487,173.6322784,173.0782318,18.60985374,73.62877655,Spring,1
5/1/2032,18.20775986,20.229599,16.41767883,9.425355911,0.159897089,101.6881485,4.795957088,5.771124363,173.0668945,172.5692291,18.69801712,73.6339035,Spring,1
5/2/2032,18.29543686,20.31295776,16.50743866,9.476211548,0.160696596,101.6926041,4.788520813,5.760927677,172.5139771,172.0711975,18.78720474,73.6390686,Spring,1
5/3/2032,18.38411522,20.3971405,16.59830475,9.527963638,0.161448732,101.6972733,4.780614853,5.750161648,171.9697571,171.5800629,18.87745094,73.64434814,Spring,1
5/4/2032,18.47383118,20.48219109,16.69031906,9.58069706,0.162097663,101.7021255,4.772227287,5.738809586,171.4304047,171.0917511,18.96880341,73.64982605,Spring,1
5/5/2032,18.56462479,20.56814575,16.78351974,9.634487152,0.162587747,101.7071228,4.763347626,5.726864815,170.8921051,170.6022339,19.06130219,73.6555481,Spring,1
5/6/2032,18.6565361,20.655056,16.87794113,9.689411163,0.162863299,101.7122421,4.753970146,5.714317799,170.3511047,170.1075134,19.15499115,73.6615448,Spring,1
5/7/2032,18.74960518,20.74296761,16.97362518,9.745547295,0.16286996,101.7174454,4.744091988,5.701167107,169.8036957,169.6037903,19.24991989,73.66782379,Spring,1
5/8/2032,18.84387398,20.83193016,17.07060623,9.802964211,0.162554562,101.722702,4.73371315,5.687412262,169.2463837,169.087326,19.34612656,73.6743927,Spring,1
5/9/2032,18.93938255,20.92199326,17.1689167,9.861726761,0.161865979,101.7279892,4.722838402,5.673060894,168.6757355,168.5546417,19.44365883,73.68122864,Spring,1
5/10/2032,19.03617287,21.01321602,17.26858902,9.921897888,0.160755321,101.7332687,4.711473465,5.658119678,168.088623,168.0025024,19.54255867,73.68829346,Spring,1
5/11/2032,19.13427925,21.10564423,17.36965561,9.983530998,0.159176946,101.7385178,4.699629784,5.642603397,167.4820862,167.4279175,19.64286804,73.69549561,Spring,1
5/12/2032,19.23374367,21.19933701,17.47213936,10.04667282,0.157088414,101.7437057,4.687320709,5.626528263,166.8535309,166.8282623,19.74462509,73.70276642,Spring,1
5/13/2032,19.33459854,21.29434204,17.57606506,10.11136436,0.154451311,101.7488251,4.674565315,5.609916687,166.2006683,166.2011566,19.84786606,73.70999146,Spring,1
5/14/2032,19.4368763,21.39070892,17.68144989,10.17763519,0.151231349,101.7538376,4.661383629,5.592792511,165.5214691,165.544754,19.95262146,73.71704102,Spring,1
5/15/2032,19.54060555,21.48849106,17.788311,10.24550915,0.147398844,101.758728,4.647799492,5.575186729,164.8143768,164.8574677,20.05892181,73.72376251,Spring,1
5/16/2032,19.64580727,21.58772659,17.89665413,10.31499672,0.142929181,101.7634888,4.633841038,5.55713129,164.078186,164.1381836,20.16679382,73.72998047,Spring,1
5/17/2032,19.75250435,21.6884613,18.00648499,10.38610077,0.137802854,101.7680969,4.619538307,5.538662434,163.3121033,163.3862152,20.27625275,73.73549652,Spring,1
5/18/2032,19.86070824,21.79073334,18.11779785,10.45881367,0.132005811,101.7725296,4.604925156,5.519820213,162.5157471,162.6013184,20.38731384,73.7401123,Spring,1
5/19/2032,19.97042847,21.8945694,18.23058891,10.53311729,0.12552993,101.7767944,4.590036869,5.500648022,161.689209,161.7837219,20.49998856,73.74359131,Spring,1
5/20/2032,20.08166885,21.99999809,18.3448391,10.60898209,0.118372276,101.7808609,4.574912071,5.481191158,160.8330383,160.934082,20.61427689,73.74569702,Spring,1
5/21/2032,20.19441986,22.10704041,18.46052933,10.68636894,0.11053624,101.7847366,4.55959034,5.461497784,159.9481354,160.0535431,20.73017502,73.74617004,Spring,1
5/22/2032,20.30867577,22.21570778,18.57762718,10.76522446,0.102030762,101.788414,4.544116974,5.441618919,159.0359192,159.1436462,20.8476696,73.74472809,Spring,1
5/23/2032,20.42441368,22.32600784,18.69609833,10.84549141,0.092870928,101.7918777,4.528532982,5.421606064,158.0982666,158.2064362,20.96674538,73.74111176,Spring,1
5/24/2032,20.54161072,22.43793297,18.8158989,10.92709541,0.083077282,101.7951431,4.512885094,5.401514053,157.1373444,157.2443542,21.08737564,73.73503113,Spring,1
5/25/2032,20.66022873,22.55147934,18.93697929,11.00995827,0.072675765,101.7981873,4.497220993,5.381397247,156.1558685,156.2601929,21.20952606,73.72619629,Spring,1
5/26/2032,20.78022957,22.66662598,19.05927849,11.09398746,0.061697889,101.801033,4.481585026,5.361311436,155.1568146,155.2572174,21.3331604,73.71430969,Spring,1
5/27/2032,20.90156174,22.78334236,19.18273163,11.17908382,0.050180528,101.8036652,4.466026306,5.341312408,154.1436157,154.2389374,21.45822144,73.69908905,Spring,1
5/28/2032,21.0241642,22.90159225,19.30726624,11.26513958,0.038164865,101.8060913,4.450591087,5.321456432,153.1199341,153.2092285,21.58466339,73.68024445,Spring,1
5/29/2032,21.14797592,23.02133179,19.4328022,11.35204124,0.025696613,101.8083191,4.435326576,5.30179739,152.0897675,152.1722717,21.71241379,73.65750122,Spring,1
5/30/2032,21.27292252,23.14250565,19.55925369,11.43966675,0.012825593,101.8103485,4.420279503,5.282391548,151.0573883,151.1324615,21.84140778,73.63058472,Spring,1
5/31/2032,21.39891815,23.26504517,19.68652725,11.5278883,-0.000394661,101.8121872,4.405492783,5.263290405,150.0272522,150.0943909,21.97156525,73.59923553,Spring,1
6/1/2032,21.52587509,23.38887787,19.8145256,11.61657429,-0.01390768,101.8138428,4.391011238,5.24454546,149.0040283,149.0627899,22.10280228,73.56321716,Summer,2
6/2/2032,21.65370178,23.51392365,19.94314194,11.70558929,-0.027654288,101.8153229,4.376874924,5.226203918,147.9924164,148.0425415,22.2350235,73.52229309,Summer,2
6/3/2032,21.78229141,23.64009094,20.07226944,11.79479408,-0.041573387,101.8166275,4.363123894,5.208313942,146.9973297,147.0385437,22.36813354,73.47627258,Summer,2
6/4/2032,21.91153717,23.76727676,20.20179367,11.88405132,-0.055602301,101.8177719,4.349795341,5.190916061,146.0236206,146.0557861,22.5020256,73.42497253,Summer,2
6/5/2032,22.04132462,23.89537811,20.33159447,11.97321892,-0.069677219,101.8187561,4.336920738,5.174051762,145.0761871,145.0991364,22.63659286,73.36823273,Summer,2
6/6/2032,22.17153168,24.02428055,20.46155548,12.06215477,-0.083734095,101.8195953,4.324531555,5.157754898,144.1598816,144.1734161,22.77171898,73.30592346,Summer,2
6/7/2032,22.30203819,24.15385818,20.59154892,12.15072441,-0.097709082,101.8202896,4.312655449,5.142057896,143.2793427,143.2833252,22.9072876,73.23796082,Summer,2
6/8/2032,22.43271446,24.28398514,20.72145081,12.23879242,-0.111539125,101.8208542,4.301315308,5.126988888,142.439209,142.4334259,23.04317093,73.16426086,Summer,2
6/9/2032,22.56342888,24.41453171,20.85113907,12.32622719,-0.125162542,101.8212891,4.290531158,5.112569332,141.6438141,141.6279755,23.17924881,73.08480835,Summer,2
6/10/2032,22.69405174,24.54535675,20.98048019,12.41289902,-0.138519317,101.8215942,4.280317307,5.098817348,140.8972626,140.8710327,23.31538773,72.99960327,Summer,2
6/11/2032,22.82444572,24.67631912,21.10935211,12.49869347,-0.1515522,101.8217926,4.27068615,5.085745811,140.2034302,140.1663055,23.45146179,72.90866852,Summer,2
6/12/2032,22.95447731,24.80728149,21.23762894,12.58349228,-0.164206758,101.8218689,4.261644363,5.073363781,139.5657654,139.5171967,23.58733559,72.81208801,Summer,2
6/13/2032,23.08400726,24.93808746,21.36518478,12.66719437,-0.176431909,101.821846,4.253193855,5.061672688,138.9874725,138.9266815,23.72288132,72.7099762,Summer,2
6/14/2032,23.21290588,25.06859207,21.4919014,12.74969864,-0.188180506,101.8217163,4.245334625,5.050670147,138.471283,138.3973999,23.85796356,72.60249329,Summer,2
6/15/2032,23.34103966,25.19865036,21.61765862,12.83092117,-0.199409485,101.8214874,4.23805809,5.040349007,138.019516,137.9315033,23.99245262,72.4897995,Summer,2
6/16/2032,23.46827316,25.32810974,21.7423439,12.91077995,-0.210081041,101.8211594,4.231355667,5.030696869,137.634079,137.5306854,24.1262207,72.37213135,Summer,2
6/17/2032,23.59448433,25.45682526,21.86585045,12.98921394,-0.220161378,101.8207321,4.22521162,5.021695137,137.31633,137.1961365,24.2591362,72.24974823,Summer,2
6/18/2032,23.71954727,25.58464813,21.98806953,13.0661602,-0.229622528,101.8202209,4.219607353,5.01332283,137.067215,136.9286194,24.39108086,72.12294006,Summer,2
6/19/2032,23.84334373,25.71144485,22.10890579,13.14157867,-0.238441795,101.8196106,4.214520454,5.005551338,136.887146,136.7283173,24.52192688,71.99201965,Summer,2
6/20/2032,23.96575928,25.83707047,22.22826767,13.21543312,-0.246601969,101.8189087,4.209923744,4.998350143,136.776001,136.594986,24.65156555,71.85736084,Summer,2
6/21/2032,24.08668709,25.96139526,22.34606552,13.28770256,-0.254091412,101.8181152,4.205787659,4.991683483,136.7331543,136.5277557,24.77987671,71.71934509,Summer,2
6/22/2032,24.20602036,26.08428574,22.46222305,13.35837364,-0.260904223,101.8172302,4.202078342,4.98551178,136.7575073,136.5254059,24.90675354,71.5783844,Summer,2
6/23/2032,24.32366943,26.20562744,22.57667351,13.42745209,-0.267040014,101.816246,4.198759556,4.979792595,136.8474274,136.5860748,25.03209686,71.43491364,Summer,2
6/24/2032,24.43954468,26.32529449,22.68934441,13.49494362,-0.272504181,101.8151779,4.195792198,4.974480629,137.0007782,136.7075653,25.15581131,71.28938293,Summer,2
6/25/2032,24.55356407,26.44318771,22.80018806,13.56087494,-0.277307123,101.8140106,4.193136215,4.969526768,137.2149658,136.887085,25.27780533,71.14228821,Summer,2
6/26/2032,24.66565895,26.55919647,22.90915298,13.62527466,-0.281464726,101.8127441,4.190748215,4.96488142,137.4869385,137.1215057,25.397995,70.99410248,Summer,2
6/27/2032,24.77575874,26.67323685,23.01619911,13.68818665,-0.284997612,101.8113861,4.188583374,4.960492611,137.8132019,137.4072723,25.51630402,70.84534454,Summer,2
6/28/2032,24.88381004,26.78521729,23.12129211,13.74965858,-0.287930846,101.8099289,4.186595917,4.956306934,138.1899261,137.7404327,25.63265991,70.69651794,Summer,2
6/29/2032,24.98976326,26.89505768,23.2244072,13.80975151,-0.290293813,101.8083725,4.184740543,4.952270985,138.6127777,138.116684,25.74700165,70.54814148,Summer,2
6/30/2032,25.09357834,27.00269699,23.32553291,13.86853027,-0.29211992,101.8067169,4.182971478,4.948331833,139.0772552,138.5315094,25.85927391,70.40072632,Summer,2
7/1/2032,25.19522095,27.10807037,23.4246521,13.92606544,-0.293445557,101.8049698,4.181241989,4.944435596,139.5784607,138.9800873,25.9694252,70.25479889,Summer,2
7/2/2032,25.2946682,27.21112823,23.52176476,13.98243332,-0.294310153,101.8031235,4.179508209,4.9405303,140.1112976,139.4573669,26.07741165,70.11086273,Summer,2
7/3/2032,25.39190102,27.31182861,23.61687469,14.037714,-0.29475528,101.801178,4.177726269,4.936565876,140.670517,139.9581604,26.18320084,69.96941376,Summer,2
7/4/2032,25.48690796,27.41013336,23.70998383,14.09199142,-0.294824213,101.7991409,4.175853252,4.932492733,141.2505798,140.4771423,26.28675842,69.83094788,Summer,2
7/5/2032,25.57968521,27.50601959,23.80111313,14.1453495,-0.294561684,101.7970123,4.173850536,4.928267002,141.845993,141.0089874,26.38806534,69.69592285,Summer,2
7/6/2032,25.67023468,27.59946442,23.89027596,14.19787407,-0.294012636,101.7947922,4.17168045,4.923845291,142.4512024,141.5482941,26.48709869,69.56478119,Summer,2
7/7/2032,25.75856209,27.69045258,23.97749901,14.24964714,-0.293222129,101.7924881,4.169307709,4.919188023,143.0605621,142.0897369,26.58384705,69.43795776,Summer,2
7/8/2032,25.84468079,27.77898788,24.06280518,14.30075073,-0.292234778,101.7901001,4.166703224,4.914259911,143.6685181,142.6280518,26.67830276,69.31583405,Summer,2
7/9/2032,25.92860985,27.86506271,24.14622116,14.35126686,-0.291093588,101.7876434,4.163838387,4.909031391,144.2696686,143.1581573,26.77046585,69.1987915,Summer,2
7/10/2032,26.01036644,27.94868851,24.2277832,14.4012661,-0.289840072,101.7851181,4.160690784,4.903475761,144.8587799,143.6750946,26.8603344,69.08715057,Summer,2
7/11/2032,26.08997345,28.02987289,24.30751801,14.45081711,-0.288513213,101.7825241,4.157240868,4.897572994,145.4306793,144.1741943,26.94791031,68.98121643,Summer,2
7/12/2032,26.16745567,28.10862732,24.38545418,14.49998474,-0.287148833,101.7798843,4.153473854,4.891307354,145.9806366,144.6510468,27.03320313,68.88124084,Summer,2
7/13/2032,26.24283791,28.18497467,24.46162796,14.5488205,-0.285779238,101.7771912,4.149381638,4.884670258,146.5040741,145.101532,27.11621857,68.78746033,Summer,2
7/14/2032,26.31615257,28.25893402,24.53606987,14.59737206,-0.284433305,101.7744675,4.144958019,4.877655983,146.9967957,145.5219269,27.19697189,68.70005035,Summer,2
7/15/2032,26.38741875,28.33052826,24.6088028,14.64567184,-0.283135176,101.7717133,4.14020443,4.870268345,147.4550171,145.9088745,27.27547455,68.61914825,Summer,2
7/16/2032,26.45666885,28.39978027,24.67985535,14.69375038,-0.281903803,101.7689514,4.135125637,4.862514496,147.8752747,146.2594757,27.35173798,68.54486084,Summer,2
7/17/2032,26.52392387,28.46670914,24.7492485,14.7416172,-0.280753314,101.7661819,4.129732132,4.854410648,148.2546234,146.5712128,27.42577362,68.47724915,Summer,2
7/18/2032,26.58920479,28.53134155,24.81699944,14.78928185,-0.27969259,101.7634201,4.124040604,4.845974445,148.5905609,146.8421173,27.49759293,68.41631317,Summer,2
7/19/2032,26.65253067,28.59370422,24.8831234,14.83673096,-0.278724343,101.7606735,4.118072033,4.837234497,148.881012,147.0706482,27.56721115,68.36203766,Summer,2
7/20/2032,26.71391869,28.65381241,24.94762421,14.88394737,-0.277845353,101.7579651,4.111850739,4.828221321,149.1245422,147.2557678,27.63463211,68.31435394,Summer,2
7/21/2032,26.77337456,28.71167755,25.01050758,14.93089485,-0.27704668,101.7553024,4.105407715,4.818974018,149.3200836,147.3970184,27.69987106,68.27315521,Summer,2
7/22/2032,26.83090973,28.76732254,25.07177162,14.97753143,-0.276313096,101.7526932,4.098778725,4.80953455,149.4671783,147.494339,27.76292229,68.23829651,Summer,2
7/23/2032,26.88652039,28.82075119,25.13140106,15.0237999,-0.27562353,101.7501526,4.092002869,4.79995203,149.5659027,147.5482788,27.8237915,68.2095871,Summer,2
7/24/2032,26.94020462,28.87197495,25.18938065,15.06962585,-0.274950564,101.7477036,4.085123539,4.790277481,149.6167603,147.5597992,27.88248062,68.18682098,Summer,2
7/25/2032,26.9919529,28.92098999,25.2456913,15.11493492,-0.274261057,101.7453461,4.078187466,4.78057003,149.6209106,147.5304871,27.9389801,68.1697464,Summer,2
7/26/2032,27.04174423,28.96779251,25.30029869,15.15962982,-0.273516238,101.743103,4.071245193,4.770888805,149.5798798,147.4622192,27.99328423,68.15808105,Summer,2
7/27/2032,27.08956337,29.01237869,25.35316277,15.20361137,-0.272672355,101.7409744,4.064350128,4.76129818,149.4958191,147.3574982,28.04537773,68.15151978,Summer,2
7/28/2032,27.13537216,29.05472565,25.40424728,15.24676323,-0.271679938,101.7389832,4.057557106,4.751865864,149.3712158,147.2191315,28.09524727,68.1497345,Summer,2
7/29/2032,27.17914009,29.09481812,25.45349503,15.28896713,-0.270485222,101.7371368,4.050925255,4.742660522,149.2090607,147.0503845,28.14286804,68.15237427,Summer,2
7/30/2032,27.22082329,29.13262558,25.50085068,15.33009338,-0.269030571,101.7354431,4.044511795,4.733752251,149.0127716,146.8548584,28.18821526,68.15907288,Summer,2
7/31/2032,27.26037598,29.16812134,25.54625511,15.37000275,-0.267254114,101.7339172,4.038376808,4.725213051,148.7860718,146.6364746,28.23126221,68.16944885,Summer,2
8/1/2032,27.29774666,29.20126343,25.58963394,15.40855598,-0.265091211,101.7325592,4.032582283,4.717114925,148.5330963,146.3994751,28.27197266,68.18312073,Summer,2
8/2/2032,27.33287621,29.2320137,25.63091469,15.44560623,-0.262474835,101.7313843,4.027186394,4.709529877,148.2582245,146.1483002,28.31031036,68.19968414,Summer,2
8/3/2032,27.36570168,29.26031876,25.67002106,15.4810009,-0.259335726,101.7304077,4.022249222,4.702527523,147.9661102,145.8876343,28.34623718,68.21874237,Summer,2
8/4/2032,27.39615822,29.28613663,25.70686722,15.51458931,-0.25560379,101.7296143,4.017828941,4.696177959,147.6615753,145.6222687,28.37970924,68.23990631,Summer,2
8/5/2032,27.42417336,29.30940628,25.74137306,15.54622269,-0.251208156,101.7290268,4.013981819,4.690547943,147.3496704,145.3571014,28.41067886,68.26277924,Summer,2
8/6/2032,27.4496727,29.33006287,25.77344894,15.57574272,-0.246078491,101.7286453,4.010761261,4.685701847,147.0355072,145.0971069,28.43909836,68.28697968,Summer,2
8/7/2032,27.47258377,29.34805298,25.8030014,15.60300446,-0.240144998,101.7284698,4.008219242,4.681699753,146.7242584,144.8472595,28.46491814,68.31214905,Summer,2
8/8/2032,27.49282837,29.36331558,25.82994461,15.62786102,-0.233339831,101.728508,4.006402969,4.678598404,146.4211273,144.6124725,28.48808289,68.33792114,Summer,2
8/9/2032,27.51032829,29.37577438,25.85418701,15.65016937,-0.225597531,101.7287521,4.005356789,4.676449776,146.1312714,144.3975372,28.50854492,68.3639679,Summer,2
8/10/2032,27.52501106,29.38537598,25.87563896,15.66980171,-0.21685569,101.7292099,4.005119324,4.675300598,145.859726,144.2071991,28.52624893,68.38996887,Summer,2
8/11/2032,27.53679466,29.39204788,25.89421654,15.68662453,-0.207055777,101.7298813,4.005726814,4.675192356,145.6114807,144.0459442,28.54114342,68.41564178,Summer,2
8/12/2032,27.54561043,29.39572906,25.909832,15.70052338,-0.196143925,101.7307587,4.007207394,4.676159382,145.3912354,143.9180603,28.55317497,68.4407196,Summer,2
8/13/2032,27.55138588,29.3963623,25.92240715,15.71139336,-0.184071198,101.7318344,4.009587288,4.678231716,145.2035522,143.8275146,28.56229591,68.46498108,Summer,2
8/14/2032,27.55405235,29.39388275,25.93186569,15.71913528,-0.170794472,101.7331161,4.012883186,4.681430817,145.0526733,143.7780457,28.56845474,68.48821259,Summer,2
8/15/2032,27.55355453,29.38824081,25.93813896,15.72366524,-0.156277373,101.7345963,4.017109394,4.685770988,144.9425354,143.772934,28.5716114,68.51023865,Summer,2
8/16/2032,27.54982758,29.3793869,25.94116211,15.72491455,-0.140489995,101.7362671,4.022273064,4.691260815,144.8768005,143.8152618,28.57172394,68.53094482,Summer,2
8/17/2032,27.54282761,29.36727524,25.94088364,15.72282791,-0.123410322,101.738121,4.028372288,4.697899818,144.8586426,143.907547,28.56875229,68.55020142,Summer,2
8/18/2032,27.53251457,29.35187149,25.93724632,15.71735954,-0.105023474,101.7401505,4.035403252,4.705680847,144.8909607,144.0519714,28.56266403,68.56794739,Summer,2
8/19/2032,27.51884651,29.33313751,25.93021965,15.70849037,-0.085323453,101.7423477,4.043352127,4.714589596,144.9761353,144.2502441,28.55343437,68.58416748,Summer,2
8/20/2032,27.50180435,29.31106567,25.91976929,15.69619942,-0.064312257,101.7447128,4.052201748,4.724603653,145.1161499,144.5036163,28.54104233,68.59883118,Summer,2
8/21/2032,27.48137283,29.2856369,25.90587616,15.68050194,-0.042000845,101.7472305,4.061925888,4.735693932,145.3125,144.812912,28.52546883,68.61199188,Summer,2
8/22/2032,27.4575367,29.25684357,25.88852882,15.66141319,-0.018408686,101.7498932,4.072494507,4.747822285,145.5662384,145.1784668,28.50671005,68.62371063,Summer,2
8/23/2032,27.4303112,29.2246933,25.86773109,15.63896942,0.006435551,101.7526855,4.083869934,4.760945797,145.8779907,145.6001282,28.48475838,68.63407898,Summer,2
8/24/2032,27.39970207,29.18920517,25.8434906,15.61322784,0.032494277,101.7556076,4.096009254,4.7750144,146.2477722,146.0772858,28.45962524,68.64323425,Summer,2
8/25/2032,27.36573982,29.15040207,25.81583405,15.58425331,0.059721105,101.7586517,4.108865738,4.789971352,146.6752625,146.6089172,28.4313221,68.65131378,Summer,2
8/26/2032,27.32845688,29.10832977,25.78479195,15.55212975,0.088061154,101.7618027,4.122385502,4.805752754,147.1596527,147.1935577,28.39986801,68.65850067,Summer,2
8/27/2032,27.28790283,29.06302643,25.75041389,15.51695442,0.117450967,101.7650604,4.136510849,4.822292328,147.699585,147.8292694,28.3652935,68.66500854,Summer,2
8/28/2032,27.24413681,29.01455688,25.71275139,15.47883797,0.147818789,101.7684021,4.151180744,4.83951664,148.2934875,148.5137482,28.32763672,68.67103577,Summer,2
8/29/2032,27.19722748,28.96299362,25.67187309,15.43790436,0.179085076,101.7718353,4.166329861,4.857347488,148.9391327,149.2443695,28.28693962,68.67683411,Summer,2
8/30/2032,27.14725304,28.90841293,25.62785339,15.39428902,0.211163327,101.7753372,4.18188858,4.875706196,149.6340942,150.0181274,28.24326134,68.68265533,Summer,2
8/31/2032,27.09430695,28.85091019,25.58078575,15.34813881,0.243959785,101.7789154,4.197787762,4.894506931,150.3755035,150.8316803,28.19665337,68.68874359,Summer,2
9/1/2032,27.03848648,28.79058838,25.53076172,15.29960632,0.277374625,101.782547,4.213952065,4.913665295,151.1602478,151.6815033,28.14719009,68.69538116,Autumn,3
9/2/2032,26.97990227,28.72755814,25.47789001,15.24885368,0.311302096,101.7862396,4.230308533,4.93309164,151.9848785,152.563797,28.094944,68.70282745,Autumn,3
9/3/2032,26.91866684,28.66193008,25.42227936,15.19605255,0.345631868,101.7899857,4.246781349,4.952698708,152.8457031,153.4745789,28.04000092,68.71135712,Autumn,3
9/4/2032,26.8549118,28.59384537,25.36405373,15.1413765,0.380249143,101.7937698,4.263295174,4.972397327,153.7388916,154.4097443,27.98244476,68.72123718,Autumn,3
9/5/2032,26.78876495,28.52343369,25.303339,15.0850029,0.415035725,101.7975922,4.279774666,4.992098808,154.6603851,155.3650818,27.922369,68.73271179,Autumn,3
9/6/2032,26.72036552,28.45083618,25.24026489,15.02711296,0.449870288,101.8014603,4.296147346,5.011716843,155.6060486,156.3363342,27.85987663,68.74604797,Autumn,3
9/7/2032,26.64985466,28.37620163,25.17497063,14.96788788,0.484630346,101.8053513,4.31234026,5.031166553,156.5716705,157.3192444,27.79507065,68.76145935,Autumn,3
9/8/2032,26.57737923,28.2996788,25.10759354,14.90750313,0.519191802,101.8092728,4.32828331,5.050365448,157.5530396,158.3095703,27.72805786,68.77916718,Autumn,3
9/9/2032,26.503088,28.22143173,25.03827477,14.846138,0.553430498,101.8132172,4.343911171,5.069235325,158.545929,159.3032074,27.6589489,68.79936981,Autumn,3
9/10/2032,26.42713356,28.14160919,24.96715736,14.78396606,0.587222934,101.8171844,4.35915947,5.087701797,159.5462189,160.2961273,27.58786011,68.82222748,Autumn,3
9/11/2032,26.34966469,28.0603714,24.89438438,14.72114944,0.620447099,101.8211746,4.373970509,5.105696201,160.5498657,161.2845306,27.51490402,68.84789276,Autumn,3
9/12/2032,26.27083015,27.97787857,24.82009125,14.65785217,0.652983487,101.8251801,4.388288498,5.123152733,161.5529938,162.2647858,27.44020081,68.87647247,Autumn,3
9/13/2032,26.19078064,27.89428329,24.74442101,14.59422112,0.68471545,101.8292084,4.402066231,5.140015602,162.5519104,163.2335358,27.3638649,68.90805817,Autumn,3
9/14/2032,26.10965729,27.80974197,24.66750526,14.53040123,0.715530396,101.833252,4.415258408,5.156230927,163.5431976,164.1876831,27.28601074,68.94269562,Autumn,3
9/15/2032,26.02760315,27.72440338,24.58946991,14.46651649,0.745320618,101.8373108,4.427828312,5.171755791,164.5236359,165.1244812,27.20675468,68.98040771,Autumn,3
9/16/2032,25.94474983,27.63841248,24.51044273,14.40268707,0.773983836,101.8413849,4.439744949,5.186553478,165.4903717,166.0414734,27.12620926,69.0211792,Autumn,3
9/17/2032,25.86122894,27.55190277,24.43053627,14.33901596,0.801423669,101.8454742,4.450983047,5.200593472,166.4408112,166.9366913,27.04448509,69.06494904,Autumn,3
9/18/2032,25.77715492,27.4650116,24.34985924,14.2755928,0.827550948,101.8495712,4.461525917,5.213854313,167.3727417,167.8084106,26.96168518,69.1116333,Autumn,3
9/19/2032,25.69264221,27.37785721,24.26850891,14.2124958,0.852283478,101.8536835,4.471363068,5.226324081,168.2843781,168.6553955,26.87791061,69.16111755,Autumn,3
9/20/2032,25.60778809,27.29055023,24.18657303,14.14978218,0.87554723,101.8578033,4.480489731,5.237998009,169.1741943,169.4768219,26.79325867,69.21322632,Autumn,3
9/21/2032,25.522686,27.20319366,24.10412979,14.0874939,0.897276223,101.8619308,4.488911629,5.248878956,170.0411987,170.2722931,26.70781517,69.26777649,Autumn,3
9/22/2032,25.43741035,27.11587143,24.02124596,14.02566147,0.917413652,101.8660583,4.496638775,5.258979321,170.8847809,171.0418091,26.62166595,69.32452393,Autumn,3
9/23/2032,25.35203362,27.02866745,23.93797302,13.96429253,0.935911536,101.8701935,4.503689766,5.268319607,171.7046814,171.7858124,26.53489113,69.38321686,Autumn,3
9/24/2032,25.26660156,26.94164276,23.85435677,13.90338707,0.952731371,101.8743286,4.510090828,5.276929379,172.5010834,172.5051727,26.44755173,69.44356537,Autumn,3
9/25/2032,25.18115807,26.85484314,23.77042198,13.84292221,0.967844129,101.8784561,4.515872478,5.284844398,173.2746277,173.2011566,26.3597126,69.50524139,Autumn,3
9/26/2032,25.09573174,26.76831055,23.68618774,13.78286171,0.981230319,101.882576,4.521075249,5.292109966,174.0263062,173.875473,26.27142715,69.56790161,Autumn,3
9/27/2032,25.01033401,26.68206406,23.60165405,13.72315216,0.992879987,101.8866806,4.525744438,5.298777103,174.7574768,174.5301208,26.18273544,69.63117981,Autumn,3
9/28/2032,24.92496109,26.5961113,23.51681519,13.66373062,1.00279355,101.8907623,4.529932022,5.304905415,175.4699249,175.167511,26.09367371,69.69467926,Autumn,3
9/29/2032,24.83960152,26.51044464,23.43164253,13.60451317,1.01098001,101.8948212,4.533693314,5.310559273,176.1657715,175.7903748,26.00427055,69.75799561,Autumn,3
9/30/2032,24.75422478,26.4250412,23.34610367,13.54541206,1.0174582,101.8988419,4.537091255,5.315811634,176.8473816,176.4017029,25.91454124,69.8207016,Autumn,3
10/1/2032,24.66879082,26.33986664,23.26014709,13.4863205,1.02225554,101.9028244,4.540192604,5.320736885,177.5175323,177.0047455,25.82449341,69.88237,Autumn,3
10/2/2032,24.58324432,26.25487137,23.1737175,13.42712593,1.025408983,101.9067612,4.543069839,5.325417995,178.1791382,177.6030273,25.73412704,69.94255829,Autumn,3
10/3/2032,24.49751854,26.16998672,23.08674049,13.36770058,1.026963472,101.9106369,4.545794964,5.329939365,178.8354492,178.2002258,25.64343452,70.0008316,Autumn,3
10/4/2032,24.41153336,26.08514023,22.99913788,13.30791855,1.026971221,101.914444,4.548446178,5.334390163,179.4898071,178.8001556,25.55239868,70.05674744,Autumn,3
10/5/2032,24.32519913,26.00024414,22.91081619,13.2476387,1.025492549,101.9181747,4.551104546,5.338861465,180.1457367,179.4067535,25.46099472,70.10987091,Autumn,3
10/6/2032,24.23841858,25.91519165,22.82167816,13.18671989,1.02259481,101.921814,4.553848743,5.343446255,180.8069458,180.0239868,25.36919403,70.15976715,Autumn,3
10/7/2032,24.15108299,25.82988358,22.73161507,13.12501526,1.018351078,101.9253616,4.556763172,5.348238945,181.4771118,180.6558838,25.27695084,70.2060318,Autumn,3
10/8/2032,24.0630722,25.74419403,22.64051437,13.06237793,1.012840033,101.9288025,4.559928894,5.353334427,182.1599579,181.3063812,25.18422318,70.24826813,Autumn,3
10/9/2032,23.97426987,25.65799713,22.54825974,12.99866104,1.006145597,101.9321213,4.563427925,5.358825684,182.8592224,181.9793854,25.09096146,70.28610229,Autumn,3
10/10/2032,23.88454247,25.57115936,22.45472717,12.93371773,0.998356044,101.935318,4.567342758,5.364805698,183.578537,182.6786804,24.99711037,70.31917572,Autumn,3
10/11/2032,23.7937603,25.48353958,22.35979271,12.86741066,0.989563107,101.9383698,4.571751118,5.371364594,184.3215332,183.4078674,24.90261078,70.34716034,Autumn,3
10/12/2032,23.70178413,25.39500046,22.26333237,12.79959869,0.97986114,101.9412766,4.576730251,5.378590584,185.0915222,184.1704407,24.80739594,70.36977386,Autumn,3
10/13/2032,23.60848236,25.30539322,22.16521645,12.73015213,0.969346583,101.9440308,4.582353115,5.386568069,185.8918304,184.9695282,24.71140671,70.38674927,Autumn,3
10/14/2032,23.51371765,25.21456909,22.06532669,12.6589489,0.958117545,101.9466095,4.588689804,5.395376205,186.7254028,185.808075,24.61456871,70.39785004,Autumn,3
10/15/2032,23.41735458,25.12238312,21.96353722,12.58587646,0.946272612,101.9490204,4.595807076,5.405088425,187.5950317,186.6887054,24.516819,70.4029007,Autumn,3
10/16/2032,23.31926346,25.02869797,21.85973549,12.51083374,0.93391031,101.9512482,4.60376358,5.415775299,188.5032043,187.6136627,24.41808701,70.40174866,Autumn,3
10/17/2032,23.21931458,24.93336487,21.75380898,12.43373108,0.921128094,101.9532928,4.612615585,5.427499771,189.4520874,188.5848846,24.31830978,70.39429474,Autumn,3
10/18/2032,23.11739159,24.83625412,21.64565659,12.35449219,0.908022583,101.9551392,4.622412682,5.440316677,190.4434967,189.6039124,24.21741676,70.38046265,Autumn,3
10/19/2032,23.01337814,24.73723221,21.53517914,12.27305603,0.894687533,101.9567947,4.633197784,5.454275608,191.4788666,190.6719055,24.11534882,70.36024475,Autumn,3
10/20/2032,22.90716934,24.63618851,21.42229462,12.18937492,0.881214619,101.9582596,4.645007133,5.469416618,192.5593414,191.789505,24.01204681,70.33365631,Autumn,3
10/21/2032,22.79866982,24.53300476,21.30693054,12.10341835,0.867691994,101.9595184,4.657871246,5.485773563,193.6855316,192.9570465,23.90745544,70.30077362,Autumn,3
10/22/2032,22.68779945,24.4275856,21.18902206,12.01517582,0.85420388,101.9605865,4.67181015,5.503369808,194.8577423,194.1743622,23.80152893,70.26171112,Autumn,3
10/23/2032,22.57448387,24.31983757,21.06851768,11.92464828,0.840830266,101.9614639,4.686841011,5.522222996,196.0758362,195.4408569,23.69421768,70.21662903,Autumn,3
10/24/2032,22.45866585,24.20968819,20.94538498,11.83185863,0.827646315,101.9621506,4.702969074,5.542338848,197.3392639,196.7555237,23.58548927,70.16571808,Autumn,3
10/25/2032,22.34030151,24.09707642,20.81960297,11.73684692,0.814722478,101.9626541,4.720195293,5.563716412,198.6470032,198.1168976,23.47531128,70.10923767,Autumn,3
10/26/2032,22.21936417,23.9819603,20.69116211,11.63966656,0.802123308,101.9629898,4.738509178,5.586344719,199.9977417,199.5230865,23.36366653,70.04745483,Autumn,3
10/27/2032,22.09583664,23.86430359,20.56007767,11.54039478,0.789907753,101.9631653,4.757896423,5.610204697,201.3896332,200.971817,23.25053406,69.98069763,Autumn,3
10/28/2032,21.96972656,23.74409866,20.42637253,11.4391222,0.77812916,101.9631958,4.778333187,5.635266781,202.8205414,202.4604492,23.13591385,69.90931702,Autumn,3
10/29/2032,21.84104919,23.62134552,20.29008865,11.33595848,0.766834259,101.963089,4.799787521,5.661496639,204.2879333,203.9859467,23.01980782,69.83370972,Autumn,3
10/30/2032,21.70984459,23.49606705,20.15128708,11.23102474,0.756064057,101.9628601,4.822221279,5.688847542,205.7889252,205.5449371,22.90222931,69.75429535,Autumn,3
10/31/2032,21.57616425,23.36830139,20.01004219,11.12446404,0.745853126,101.9625397,4.845589161,5.71726656,207.3202667,207.1337585,22.78320122,69.67150879,Autumn,3
11/1/2032,21.44007683,23.23810196,19.86644363,11.0164299,0.736229956,101.9621429,4.869838715,5.746693611,208.8785095,208.7484436,22.66275406,69.58583069,Autumn,3
11/2/2032,21.30167389,23.10554314,19.72060394,10.90708923,0.72721684,101.9616852,4.89491272,5.777060509,210.4598846,210.3847961,22.54092979,69.49774933,Autumn,3
11/3/2032,21.16105652,22.9707222,19.57264709,10.79662323,0.718830168,101.9611969,4.92074585,5.808292866,212.0603638,212.0384674,22.41777992,69.40776062,Autumn,3
11/4/2032,21.01834488,22.83374023,19.4227047,10.68522072,0.711080492,101.960701,4.947268486,5.840310574,213.6758118,213.704895,22.29336548,69.31639862,Autumn,3
11/5/2032,20.87367249,22.69472122,19.27093887,10.57308388,0.703972638,101.960228,4.974406719,5.873026371,215.3018188,215.3793488,22.16775513,69.22418213,Autumn,3
11/6/2032,20.72719002,22.55381012,19.11751175,10.46042156,0.69750613,101.9598007,5.002080441,5.906351089,216.93396,217.0570679,22.04103088,69.13163757,Autumn,3
11/7/2032,20.57906342,22.41115952,18.96260643,10.34745026,0.691675723,101.9594498,5.030208111,5.940186501,218.5676422,218.7332306,21.91327095,69.03930664,Autumn,3
11/8/2032,20.42946625,22.26693916,18.80640984,10.23438644,0.686471045,101.9592056,5.058703423,5.974435329,220.1982727,220.4030457,21.78457642,68.94770813,Autumn,3
11/9/2032,20.27858925,22.12133026,18.64912796,10.12145805,0.681877553,101.9590988,5.087477207,6.008995056,221.8213196,222.0617218,21.65504837,68.8573761,Autumn,3
11/10/2032,20.12663078,21.97452927,18.49097061,10.00888824,0.67787683,101.9591599,5.116439342,6.043763161,223.4321442,223.7044983,21.52479172,68.76881409,Autumn,3
11/11/2032,19.97379875,21.82673836,18.33215904,9.896905899,0.674446821,101.9594116,5.145497799,6.078631401,225.0262909,225.3268433,21.39392853,68.68251038,Autumn,3
11/12/2032,19.82031059,21.67817307,18.17291641,9.785732269,0.671562374,101.9598923,5.174559116,6.113494396,226.5994263,226.9243011,21.26257515,68.59895325,Autumn,3
11/13/2032,19.66639137,21.52905273,18.01347733,9.675590515,0.669195712,101.9606247,5.203532696,6.148247242,228.1472931,228.4926758,21.13085747,68.51860046,Autumn,3
11/14/2032,19.51226616,21.37960815,17.85407639,9.566698074,0.667316556,101.9616394,5.232324123,6.18278265,229.6659088,230.0278931,20.99890518,68.44186401,Autumn,3
11/15/2032,19.35816956,21.23007202,17.6949501,9.459264755,0.665893018,101.9629745,5.260843754,6.216997623,231.1513977,231.5262299,20.86684799,68.36916351,Autumn,3
11/16/2032,19.20433807,21.08067894,17.5363369,9.353492737,0.664892077,101.9646454,5.289001465,6.250789165,232.6002197,232.9841919,20.73482513,68.30086517,Autumn,3
11/17/2032,19.05100632,20.93166542,17.3784771,9.249576569,0.664279163,101.9666748,5.316710949,6.284059525,234.009079,234.3986206,20.60297012,68.23730469,Autumn,3
11/18/2032,18.89840508,20.78327179,17.22160339,9.147699356,0.664019883,101.9690933,5.34388876,6.316711426,235.375,235.7666779,20.4714241,68.17879486,Autumn,3
11/19/2032,18.74677277,20.63573265,17.0659523,9.048030853,0.66407907,101.9719162,5.370454311,6.348654747,236.6953125,237.0858917,20.34031868,68.12559509,Autumn,3
11/20/2032,18.59633255,20.48927879,16.91174316,8.950734138,0.664422393,101.975174,5.396330833,6.37980032,237.9676666,238.3541565,20.20979118,68.07792664,Autumn,3
11/21/2032,18.4473114,20.34414101,16.75920486,8.855949402,0.665015697,101.9788666,5.421446323,6.410068989,239.190094,239.5697021,20.07997513,68.03599548,Autumn,3
11/22/2032,18.29992485,20.20053864,16.6085434,8.763811111,0.665826321,101.9830093,5.445734024,6.439382076,240.3609467,240.7311707,19.95100403,67.99994659,Autumn,3
11/23/2032,18.15437698,20.05868721,16.45996666,8.674430847,0.666821957,101.9876251,5.46913147,6.467670441,241.4790192,241.8376007,19.82300186,67.96987915,Autumn,3
11/24/2032,18.01086998,19.91879272,16.31366348,8.587907791,0.667972684,101.9927139,5.491583347,6.494870186,242.5433655,242.888382,19.69609451,67.94586945,Autumn,3
11/25/2032,17.86959267,19.78104401,16.16981506,8.504327774,0.669249892,101.9982758,5.513038158,6.520924091,243.5535126,243.8833008,19.57040024,67.92794037,Autumn,3
11/26/2032,17.73071861,19.64562607,16.02859497,8.423753738,0.670627117,102.0043106,5.533452511,6.545781136,244.5093689,244.822525,19.44602966,67.91607666,Autumn,3
11/27/2032,17.59441376,19.51271057,15.89015388,8.346235275,0.672079682,102.0108185,5.552786827,6.569399834,245.4110413,245.7065277,19.32309151,67.91023254,Autumn,3
11/28/2032,17.46082687,19.38245392,15.75463486,8.27180481,0.673585236,102.0177994,5.571011066,6.591743469,246.2591248,246.5362549,19.20168304,67.91031647,Autumn,3
11/29/2032,17.33009338,19.25499725,15.62216377,8.2004776,0.675124109,102.0252304,5.588098049,6.612783909,247.0545349,247.3128204,19.08189774,67.91619873,Autumn,3
11/30/2032,17.20233536,19.13046265,15.49285126,8.132249832,0.676678717,102.0331039,5.604030609,6.632500648,247.7984467,248.0377045,18.96382523,67.92772675,Autumn,3
12/1/2032,17.07765579,19.00896835,15.36679173,8.067106247,0.678233445,102.0413971,5.618796349,6.65087986,248.4923401,248.7127228,18.84753418,67.94470215,Winter,0
12/2/2032,16.95614624,18.8906002,15.24406242,8.005012512,0.679775774,102.0500946,5.632388115,6.667915821,249.1380005,249.3398438,18.73309898,67.96690369,Winter,0
12/3/2032,16.83787727,18.77544022,15.12472725,7.945922852,0.681295097,102.059166,5.644807816,6.683609486,249.737381,249.9213104,18.62057686,67.99407959,Winter,0
12/4/2032,16.72290802,18.66354942,15.00883198,7.889771461,0.682782829,102.0685883,5.656061172,6.69796896,250.2927094,250.4595337,18.5100193,68.02594757,Winter,0
12/5/2032,16.61127663,18.55496979,14.89640522,7.836485863,0.684232771,102.0783157,5.66616106,6.711007595,250.8063354,250.9571228,18.40147209,68.06221771,Winter,0
12/6/2032,16.50300789,18.44972801,14.78746033,7.785975933,0.685640633,102.0883331,5.675125599,6.722749233,251.2808838,251.4167938,18.29496574,68.10256958,Winter,0
12/7/2032,16.39811134,18.34783554,14.68199444,7.738144875,0.687003791,102.098587,5.682978153,6.733218193,251.7189026,251.8413086,18.19052887,68.14666748,Winter,0
12/8/2032,16.29657745,18.24928665,14.57999134,7.692882538,0.688321114,102.1090393,5.68974781,6.742450237,252.1232147,252.233551,18.08817291,68.19416046,Winter,0
12/9/2032,16.19838715,18.15406036,14.48141575,7.650071144,0.689593315,102.1196442,5.695467949,6.750481606,252.4965668,252.5963745,17.98791504,68.2447052,Winter,0
12/10/2032,16.10350037,18.06211853,14.38622284,7.609584808,0.690821648,102.1303635,5.700175762,6.757356644,252.8417664,252.9326477,17.88974953,68.29792023,Winter,0
12/11/2032,16.01187134,17.97341537,14.29435349,7.571293831,0.692008793,102.1411438,5.703913689,6.763122082,253.1616364,253.2452393,17.79367256,68.35343933,Winter,0
12/12/2032,15.92343521,17.88788414,14.20573235,7.535059929,0.693157852,102.1519318,5.706727028,6.767830372,253.4589081,253.53685,17.69966888,68.41090393,Winter,0
12/13/2032,15.8381176,17.80545044,14.12027931,7.500743866,0.694272459,102.1626892,5.708662987,6.771535397,253.7362976,253.8100739,17.60772324,68.46994781,Winter,0
12/14/2032,15.75583458,17.72602463,14.03789902,7.468204021,0.695356607,102.1733475,5.709772587,6.774296761,253.9962921,254.0675049,17.5178051,68.53019714,Winter,0
12/15/2032,15.67649078,17.64951134,13.95848846,7.437295914,0.696414292,102.1838684,5.710109711,6.776172161,254.2413483,254.3114471,17.42988205,68.59130859,Winter,0
12/16/2032,15.59998417,17.57580566,13.88193607,7.407877922,0.697448909,102.194191,5.709728241,6.777225018,254.4738159,254.5440521,17.34391785,68.65293884,Winter,0
12/17/2032,15.52620506,17.50479126,13.8081255,7.379810333,0.698463738,102.2042694,5.708683968,6.777518272,254.6956787,254.7672577,17.25987053,68.7147522,Winter,0
12/18/2032,15.45503616,17.43635178,13.73693275,7.352953434,0.699461222,102.2140427,5.707033634,6.777116776,254.9089203,254.9828491,17.17769623,68.77643585,Winter,0
12/19/2032,15.38635445,17.37035751,13.6682291,7.327174664,0.700443447,102.223465,5.704834461,6.776083469,255.1151276,255.192215,17.09734917,68.83770752,Winter,0
12/20/2032,15.32003975,17.30668259,13.60188484,7.302344322,0.70141077,102.2324905,5.702142715,6.774483204,255.3157806,255.3967133,17.01877213,68.89826965,Winter,0
12/21/2032,15.25596333,17.2451973,13.5377655,7.278342247,0.702362776,102.2410736,5.699014664,6.772378922,255.5120697,255.5972595,16.94191742,68.95787048,Winter,0
12/22/2032,15.19399834,17.18576813,13.47573853,7.255051613,0.703297675,102.2491531,5.695505619,6.769833088,255.7048798,255.7945251,16.86672974,69.01628876,Winter,0
12/23/2032,15.13401604,17.12826538,13.41567326,7.232366085,0.704212606,102.2566986,5.69166851,6.766905785,255.8949432,255.9890137,16.79315567,69.07330322,Winter,0
12/24/2032,15.07589149,17.07255936,13.35743713,7.210186958,0.70510298,102.2636719,5.687555313,6.763655186,256.0826416,256.1808777,16.721138,69.1287384,Winter,0
12/25/2032,15.01950455,17.01852226,13.30090141,7.188426495,0.705962658,102.2700272,5.683217525,6.760138512,256.2681274,256.3700562,16.65062904,69.18241882,Winter,0
12/26/2032,14.96473312,16.96603203,13.24594498,7.167004585,0.70678401,102.2757339,5.678700924,6.756408215,256.451355,256.5561523,16.58157349,69.23421478,Winter,0
12/27/2032,14.9114666,16.91497421,13.19244766,7.145853043,0.707558393,102.2807617,5.674050331,6.752513409,256.6318665,256.7386475,16.51391983,69.28401184,Winter,0
12/28/2032,14.85959244,16.86523438,13.14029694,7.124913216,0.708275318,102.2850876,5.669307709,6.748501778,256.8091125,256.9167175,16.44762421,69.33174133,Winter,0
12/29/2032,14.80901337,16.81671143,13.0893898,7.104137421,0.708922684,102.288681,5.664511681,6.744416237,256.9822998,257.0892639,16.38263893,69.37733459,Winter,0
12/30/2032,14.75963402,16.76931,13.03962612,7.083489418,0.709487557,102.2915344,5.659696579,6.740296364,257.1504211,257.2551575,16.31892395,69.42075348,Winter,0
12/31/2032,14.71136856,16.72294617,12.99091625,7.062942505,0.709955633,102.2936325,5.654894829,6.736176491,257.3121643,257.4129944,16.25643921,69.46199036,Winter,0
1/1/2033,14.66414261,16.67754173,12.94318199,7.04248333,0.710311711,102.29496,5.650135994,6.732089043,257.4662781,257.5612183,16.1951561,69.50105286,Winter,0
1/2/2033,14.6178875,16.63302803,12.89635181,7.022103786,0.710539758,102.295517,5.645441055,6.728060722,257.6111755,257.6981812,16.13504219,69.5379715,Winter,0
1/3/2033,14.57254696,16.58935356,12.85036373,7.001810074,0.710622609,102.295311,5.640833855,6.724113464,257.7451782,257.8220825,16.07607269,69.57280731,Winter,0
1/4/2033,14.52807426,16.54647446,12.80516624,6.981615543,0.710543156,102.294342,5.636329174,6.720267296,257.8666077,257.9311218,16.01822662,69.6056366,Winter,0
1/5/2033,14.48443222,16.50435066,12.76072311,6.961544037,0.710283875,102.2926102,5.631941319,6.716535568,257.9736023,258.023407,15.96148872,69.63652802,Winter,0
1/6/2033,14.44159412,16.46296692,12.71699905,6.941626549,0.709827185,102.2901535,5.627678871,6.712928772,258.0643616,258.0971375,15.90585136,69.66560364,Winter,0
1/7/2033,14.39954567,16.42230988,12.67398071,6.921900749,0.70915544,102.286972,5.623548985,6.709453583,258.1369934,258.1503296,15.85130501,69.69297791,Winter,0
1/8/2033,14.35828209,16.38237953,12.63165283,6.902414322,0.708251715,102.2830963,5.619552612,6.706112862,258.1896057,258.1812134,15.79785347,69.71877289,Winter,0
1/9/2033,14.3178072,16.34318542,12.59002209,6.883215427,0.707099736,102.2785492,5.615689754,6.702903748,258.220459,258.1880188,15.7454958,69.74313354,Winter,0
1/10/2033,14.2781353,16.30475044,12.54909706,6.864362717,0.705684125,102.2733765,5.611955643,6.69982338,258.2277527,258.1690979,15.69424152,69.76621246,Winter,0
1/11/2033,14.23929024,16.26710892,12.50889587,6.845915794,0.703990459,102.267601,5.608344078,6.696861744,258.2098694,258.1228638,15.64410496,69.78814697,Winter,0
1/12/2033,14.20130348,16.23029518,12.46944904,6.827939034,0.702005386,102.2612686,5.60484457,6.694008827,258.1652832,258.0480042,15.59510422,69.80911255,Winter,0
1/13/2033,14.1642189,16.19436264,12.43079376,6.810499191,0.699718118,102.254425,5.601444721,6.691249847,258.0925903,257.9432678,15.54725742,69.82925415,Winter,0
1/14/2033,14.12808037,16.15936661,12.39297771,6.793660641,0.697118521,102.2471008,5.598130226,6.688569069,257.9905701,257.8075562,15.50058842,69.84873962,Winter,0
1/15/2033,14.0929451,16.12537193,12.35605049,6.777494907,0.694199026,102.239357,5.594882488,6.685946465,257.8581848,257.6401367,15.45512486,69.86772919,Winter,0
1/16/2033,14.05887318,16.09244919,12.32006836,6.762067795,0.69095391,102.2312393,5.591684818,6.683362007,257.6945801,257.4403381,15.41089821,69.88637543,Winter,0
1/17/2033,14.02593231,16.06067467,12.28509903,6.747447491,0.687379718,102.2228012,5.588516235,6.680792332,257.4990845,257.2077637,15.36793804,69.90483093,Winter,0
1/18/2033,13.99419212,16.03012848,12.25120735,6.733695984,0.683475375,102.2140961,5.585354805,6.678214073,257.2713318,256.9422913,15.3262825,69.92323303,Winter,0
1/19/2033,13.963727,16.00089073,12.21846962,6.72087574,0.679242194,102.2051697,5.582178593,6.675601006,257.0111694,256.6439819,15.28596306,69.94173431,Winter,0
1/20/2033,13.93461227,15.97305202,12.18695736,6.709043503,0.674683988,102.1960831,5.578962803,6.672928333,256.7185974,256.3131714,15.24701881,69.96046448,Winter,0
1/21/2033,13.90692329,15.9467001,12.15674973,6.698255539,0.669807136,102.1868896,5.575685501,6.670169353,256.3938904,255.9505005,15.20948601,69.97953796,Winter,0
1/22/2033,13.88074303,15.92191696,12.12792397,6.688556671,0.66462034,102.1776428,5.572321892,6.667296886,256.0376282,255.5567627,15.17340183,69.99906158,Winter,0
1/23/2033,13.85614777,15.89879608,12.10055923,6.679993629,0.659135103,102.1683884,5.568846226,6.664284706,255.6505585,255.1330261,15.13880539,70.01914978,Winter,0
1/24/2033,13.83321476,15.8774147,12.07473373,6.672602654,0.653364897,102.1591873,5.565237522,6.661105156,255.2336884,254.680542,15.10573006,70.0398941,Winter,0
1/25/2033,13.81201744,15.85786247,12.05052471,6.666414261,0.647326171,102.1500854,5.561470032,6.657734394,254.7882385,254.2008514,15.07421494,70.06136322,Winter,0
1/26/2033,13.79263115,15.84021378,12.0280056,6.661456108,0.641036987,102.1411209,5.557520866,6.654145241,254.3155823,253.6955872,15.0442934,70.08363342,Winter,0
1/27/2033,13.77512169,15.824543,12.00724792,6.657743454,0.63451767,102.1323547,5.553370476,6.650315762,253.8173828,253.1666718,15.01599407,70.10675812,Winter,0
1/28/2033,13.759552,15.81091881,11.98832035,6.655290604,0.62779057,102.1238251,5.548996449,6.646221161,253.2953796,252.6161041,14.98935032,70.13079071,Winter,0
1/29/2033,13.74598503,15.79940414,11.97128677,6.654100418,0.62087971,102.1155624,5.544379234,6.641841888,252.7515411,252.0460052,14.96438789,70.15575409,Winter,0
1/30/2033,13.73447037,15.79005814,11.95620537,6.654173851,0.61381036,102.107605,5.539501667,6.63715601,252.1878967,251.4587097,14.9411335,70.18167114,Winter,0
1/31/2033,13.7250576,15.78292274,11.94313049,6.655500412,0.606609285,102.0999908,5.534345627,6.632147312,251.6066895,250.8565216,14.91960716,70.20857239,Winter,0
2/1/2033,13.71778393,15.77804375,11.93210793,6.658065796,0.59930408,102.0927353,5.528897285,6.626797199,251.0100861,250.2418518,14.89982891,70.2364502,Winter,0
2/2/2033,13.71268654,15.77545166,11.92318058,6.661850929,0.591922879,102.0858765,5.523144245,6.621093273,250.4004974,249.6171265,14.88181591,70.26530457,Winter,0
2/3/2033,13.70978928,15.77517128,11.91638374,6.666828632,0.584494889,102.0794296,5.517072678,6.615020752,249.7801666,248.984787,14.86557579,70.29512787,Winter,0
2/4/2033,13.70910931,15.77721882,11.91174221,6.672969818,0.5770486,102.07341,5.510676384,6.608571053,249.1514893,248.3472137,14.8511219,70.32589722,Winter,0
2/5/2033,13.71065903,15.78159428,11.90927887,6.680235863,0.569612741,102.0678177,5.503944874,6.601735115,248.5167847,247.7067108,14.83845615,70.35757446,Winter,0
2/6/2033,13.71444035,15.78830338,11.90900803,6.688588142,0.562215388,102.0626678,5.496873379,6.594507694,247.8782501,247.0655975,14.82758141,70.39015961,Winter,0
2/7/2033,13.72044945,15.79732513,11.91093445,6.697981834,0.554884017,102.0579681,5.489458561,6.586882591,247.2381287,246.4259338,14.81849766,70.42359924,Winter,0
2/8/2033,13.72867393,15.80864525,11.91505909,6.708374023,0.547644913,102.0537033,5.481698513,6.578859329,246.598465,245.7897186,14.81120014,70.45785522,Winter,0
2/9/2033,13.73908997,15.8222332,11.92137432,6.719711304,0.540522814,102.0498657,5.473594189,6.570437908,245.9611664,245.158783,14.80567741,70.49290466,Winter,0
2/10/2033,13.75167274,15.83804893,11.92986393,6.731945992,0.533540964,102.0464478,5.465146542,6.561619759,245.3279877,244.534729,14.80191994,70.52869415,Winter,0
2/11/2033,13.76638794,15.85604858,11.94050789,6.745024681,0.526720762,102.0434418,5.456359863,6.552409649,244.7005005,243.9189606,14.79991531,70.56518555,Winter,0
2/12/2033,13.78319359,15.87617874,11.9532814,6.758897305,0.520081341,102.0408096,5.447240829,6.542812824,244.0801392,243.3126526,14.79964447,70.6023407,Winter,0
2/13/2033,13.80204201,15.89837742,11.96814919,6.77351141,0.51363939,102.0385361,5.437795639,6.532838821,243.4679871,242.7167511,14.80109024,70.64012909,Winter,0
2/14/2033,13.8228817,15.92258263,11.98507118,6.788815498,0.507408917,102.0365982,5.428033829,6.522495747,242.8649597,242.1318207,14.80423164,70.67850494,Winter,0
2/15/2033,13.84565544,15.94871807,12.00400543,6.80476141,0.501401603,102.0349579,5.417966843,6.511794567,242.2718048,241.5583649,14.80904388,70.71743774,Winter,0
2/16/2033,13.87029839,15.97670841,12.0249052,6.821302414,0.495626003,102.0335846,5.407606125,6.500749111,241.6887817,240.9963989,14.81550312,70.75689697,Winter,0
2/17/2033,13.89674568,16.00647354,12.04771423,6.838393211,0.490087509,102.0324402,5.396965027,6.489374161,241.1161346,240.445755,14.8235817,70.79686737,Winter,0
2/18/2033,13.92492676,16.03792953,12.07238007,6.85599184,0.484788507,102.0314865,5.386058807,6.477684021,240.5536346,239.9059448,14.83325577,70.83731079,Winter,0
2/19/2033,13.95477104,16.07098389,12.09884262,6.874062538,0.479728639,102.0306854,5.374903202,6.465696335,240.0009003,239.3762054,14.84449482,70.8782196,Winter,0
2/20/2033,13.98620224,16.10555267,12.127038,6.892570496,0.47490409,102.0299835,5.3635149,6.453429222,239.4571991,238.8555298,14.85727119,70.91957855,Winter,0
2/21/2033,14.01914501,16.14154434,12.15690899,6.911486626,0.470308065,102.0293503,5.351912022,6.440901279,238.9215851,238.3425293,14.87155724,70.96138,Winter,0
2/22/2033,14.05352688,16.17886543,12.18838501,6.930786133,0.465930521,102.0287399,5.34011364,6.428132057,238.3928375,237.8357086,14.88732243,71.00361633,Winter,0
2/23/2033,14.08926773,16.21743202,12.22140598,6.95044899,0.461758971,102.0281067,5.328138828,6.41514349,237.8694458,237.3331909,14.90454197,71.04629517,Winter,0
2/24/2033,14.12629318,16.25714874,12.25590324,6.970459938,0.457777858,102.0274048,5.316007614,6.401955128,237.349762,236.8329468,14.92318726,71.08940887,Winter,0
2/25/2033,14.1645298,16.29793167,12.2918129,6.990808487,0.453969032,102.0265884,5.303741455,6.38859129,236.8318024,236.3327637,14.94322968,71.13297272,Winter,0
2/26/2033,14.20390701,16.33969879,12.32907104,7.011491299,0.450311899,102.0256195,5.291360378,6.375072479,236.3134766,235.8301697,14.9646492,71.17699432,Winter,0
2/27/2033,14.24435234,16.38236237,12.36761475,7.032505989,0.44678387,102.0244522,5.278885841,6.361421585,235.7925262,235.3226166,14.98741722,71.22148132,Winter,0
2/28/2033,14.28580093,16.42585373,12.40738106,7.05385685,0.443360269,102.0230484,5.266340256,6.347661972,235.2664337,234.807373,15.01151276,71.2664566,Winter,0
3/1/2033,14.32818604,16.47009659,12.44831467,7.075554371,0.440014839,102.0213699,5.253744125,6.333817482,234.7327271,234.281662,15.03691673,71.3119278,Spring,1
3/2/2033,14.37145233,16.51502228,12.49035645,7.09761095,0.436720073,102.0193939,5.241120338,6.319910049,234.1887054,233.7426147,15.06360722,71.35791016,Spring,1
3/3/2033,14.4155426,16.56056976,12.5334568,7.120042801,0.433447301,102.017067,5.228489876,6.305963516,233.6317291,233.1873627,15.09156799,71.40442657,Spring,1
3/4/2033,14.46040535,16.60668182,12.57756042,7.14287281,0.430167317,102.0143738,5.215874672,6.292001724,233.0590363,232.6130066,15.1207819,71.45148468,Spring,1
3/5/2033,14.50599384,16.65330887,12.62262344,7.16612196,0.426850617,102.0112839,5.203296185,6.278046608,232.467865,232.0167084,15.15123749,71.4990921,Spring,1
3/6/2033,14.55226707,16.70040894,12.66860199,7.189817429,0.423467606,102.0077744,5.190774918,6.264121532,231.8556061,231.3956757,15.18292046,71.54725647,Spring,1
3/7/2033,14.59918785,16.74794006,12.7154541,7.213989258,0.419989109,102.00383,5.178332329,6.250249386,231.2195435,230.7472534,15.21582031,71.59599304,Spring,1
3/8/2033,14.6467247,16.79587173,12.76314735,7.238664627,0.416386902,101.9994278,5.165987968,6.236450672,230.557251,230.0689087,15.24992943,71.64528656,Spring,1
3/9/2033,14.69485188,16.84418106,12.81164742,7.263877392,0.412633717,101.9945679,5.153763294,6.22274971,229.8663025,229.3583374,15.28523827,71.69514465,Spring,1
3/10/2033,14.74354744,16.89284706,12.86092758,7.289658546,0.408703744,101.9892349,5.141676903,6.209165096,229.1444855,228.613327,15.32174492,71.74554443,Spring,1
3/11/2033,14.79279327,16.94185638,12.91095924,7.316040039,0.404573113,101.983429,5.129746437,6.195718765,228.3898163,227.8320007,15.3594408,71.7964859,Spring,1
3/12/2033,14.84257889,16.99120522,12.96172523,7.343050003,0.400219828,101.9771576,5.117991447,6.182431221,227.6004486,227.0127106,15.39832592,71.84792328,Spring,1
3/13/2033,14.89289474,17.04088974,13.01320457,7.370722771,0.395624608,101.9704132,5.106429577,6.169322014,226.7748566,226.154007,15.4383955,71.89983368,Spring,1
3/14/2033,14.94373989,17.09091568,13.06538677,7.399082184,0.390770704,101.9632187,5.095076561,6.156407356,225.9117432,225.2548981,15.47964859,71.95217896,Spring,1
3/15/2033,14.99511528,17.14129066,13.11825752,7.428156853,0.385644197,101.9555817,5.083949089,6.143706799,225.0101471,224.314621,15.52208328,72.0049057,Spring,1
3/16/2033,15.04702091,17.19202995,13.17181015,7.457970619,0.380234748,101.947525,5.073061466,6.13123703,224.0693359,223.3327026,15.56569958,72.05796051,Spring,1
3/17/2033,15.09946823,17.24315071,13.22603893,7.488541603,0.374534756,101.9390717,5.062427521,6.119013786,223.0889587,222.3091431,15.61049652,72.11128235,Spring,1
3/18/2033,15.15246582,17.29467392,13.28094101,7.519886971,0.368540585,101.9302368,5.052061558,6.107052326,222.0690002,221.2442169,15.65647316,72.16479492,Spring,1
3/19/2033,15.20602989,17.34662247,13.33651161,7.552020073,0.362251848,101.9210587,5.041974545,6.095366001,221.0097809,220.1385956,15.70362854,72.21841431,Spring,1
3/20/2033,15.26016903,17.39902878,13.39275742,7.58494854,0.35567233,101.9115677,5.032177448,6.083967209,219.911911,218.9932861,15.75196171,72.27206421,Spring,1
3/21/2033,15.31490707,17.45191765,13.44967651,7.618678093,0.348808855,101.9017944,5.022680283,6.072867393,218.7764587,217.8096771,15.8014698,72.32564545,Spring,1
3/22/2033,15.37025547,17.50531769,13.50727367,7.653206825,0.341672361,101.8917847,5.013490677,6.062077522,217.6047058,216.5894928,15.85214806,72.37905121,Spring,1
3/23/2033,15.42623711,17.55926132,13.56555462,7.688529968,0.334277213,101.8815765,5.004617214,6.051605225,216.3983612,215.3348389,15.90399551,72.43218994,Spring,1
3/24/2033,15.4828701,17.61378479,13.62452221,7.724639416,0.326641589,101.8712082,4.996064663,6.04145813,215.1593628,214.0480652,15.95700645,72.48493958,Spring,1
3/25/2033,15.54017639,17.66891289,13.68418407,7.761520386,0.3187868,101.8607254,4.987838268,6.03164196,213.8900909,212.7319336,16.01117325,72.53720093,Spring,1
3/26/2033,15.59816933,17.72467995,13.74454498,7.799154282,0.310737312,101.8501663,4.979940414,6.02216053,212.5930939,211.3894196,16.06648445,72.58883667,Spring,1
3/27/2033,15.65687275,17.78111649,13.80561161,7.837517262,0.302520692,101.839592,4.972372532,6.013015747,211.2712402,210.0238037,16.12293625,72.63974762,Spring,1
3/28/2033,15.71630096,17.83824539,13.86739063,7.876583099,0.29416734,101.8290329,4.965134621,6.004209042,209.9276733,208.6385651,16.18051529,72.68979645,Spring,1
3/29/2033,15.77647305,17.89609909,13.92988396,7.916321754,0.285710126,101.8185425,4.958224773,5.995738029,208.5656891,207.2374268,16.23920822,72.73888397,Spring,1
3/30/2033,15.83740234,17.95469856,13.99310112,7.956696987,0.277183801,101.8081741,4.951640129,5.987600803,207.1888275,205.8242493,16.29900742,72.78688049,Spring,1
3/31/2033,15.89910126,18.01406479,14.05704212,7.997673035,0.268624932,101.797966,4.945374489,5.979791641,205.800766,204.4030151,16.35988617,72.8336792,Spring,1
4/1/2033,15.96158218,18.07421494,14.12171268,8.039209366,0.260071903,101.7879562,4.939422131,5.972303391,204.4052887,202.97789,16.42183685,72.87916565,Spring,1
4/2/2033,16.02485657,18.13516617,14.18711662,8.081264496,0.251563668,101.7782059,4.933774471,5.965127468,203.0063171,201.5529785,16.48484039,72.92324829,Spring,1
4/3/2033,16.08893013,18.19693184,14.25325394,8.123796463,0.243139967,101.7687378,4.928419113,5.958251953,201.6077576,200.1324921,16.5488739,72.96582031,Spring,1
4/4/2033,16.1538105,18.25951767,14.32012558,8.166758537,0.234840468,101.759613,4.923346519,5.951663494,200.2135925,198.7206268,16.6139183,73.00679016,Spring,1
4/5/2033,16.21949768,18.3229332,14.38773346,8.210108757,0.226705,101.7508545,4.918540955,5.945348263,198.827713,197.3214722,16.67995453,73.04608917,Spring,1
4/6/2033,16.28599739,18.38717651,14.45607758,8.253801346,0.218772337,101.7425003,4.913987637,5.939286709,197.45401,195.9390564,16.74696159,73.08363342,Spring,1
4/7/2033,16.35330772,18.45225334,14.52515602,8.297798157,0.211080268,101.7345886,4.909668446,5.933461189,196.096283,194.5772552,16.81491661,73.11937714,Spring,1
4/8/2033,16.42142868,18.51815414,14.5949688,8.34205246,0.203664884,101.7271423,4.905564308,5.927848339,194.7581024,193.2397614,16.88379669,73.15325928,Spring,1
4/9/2033,16.49035645,18.58487892,14.66551399,8.386528015,0.196560383,101.7201996,4.901654243,5.922427177,193.4429779,191.9300079,16.95358276,73.18525696,Spring,1
4/10/2033,16.5600872,18.65241241,14.73679161,8.431188583,0.189798519,101.7137756,4.897916317,5.917169094,192.154129,190.6513519,17.02425194,73.21534729,Spring,1
4/11/2033,16.63061523,18.7207489,14.80879974,8.47600174,0.183408111,101.7078934,4.89432478,5.912049294,190.894577,189.4066925,17.09578323,73.24350739,Spring,1
4/12/2033,16.70193481,18.78987503,14.88153839,8.520942688,0.177414969,101.7025757,4.890855789,5.907038212,189.6670532,188.1987,17.16815948,73.2697525,Spring,1
4/13/2033,16.77403831,18.85977554,14.95500851,8.565982819,0.171841323,101.6978226,4.887482166,5.902104855,188.4739838,187.0296783,17.24135971,73.2940979,Spring,1
4/14/2033,16.84692383,18.930439,15.02920818,8.61110878,0.166705564,101.6936569,4.884174824,5.897217751,187.3175354,185.9016266,17.31537056,73.31658173,Spring,1
4/15/2033,16.92057991,19.00184441,15.10414124,8.656305313,0.162022024,101.6900787,4.880905628,5.892342091,186.1994171,184.8160858,17.39017487,73.33724213,Spring,1
4/16/2033,16.99500465,19.07398033,15.17980957,8.701566696,0.15780057,101.687088,4.877643585,5.887444973,185.1210785,183.7742615,17.46576309,73.35613251,Spring,1
4/17/2033,17.07019043,19.1468277,15.25621891,8.746892929,0.154046863,101.6846924,4.874357224,5.882489204,184.0835876,182.7769623,17.54212189,73.37332916,Spring,1
4/18/2033,17.14613533,19.22037697,15.33337498,8.792290688,0.15076153,101.6828842,4.871016026,5.877439976,183.0875092,181.8245087,17.61924934,73.38891602,Spring,1
4/19/2033,17.22283745,19.29460907,15.4112854,8.837772369,0.147940665,101.6816559,4.86758709,5.872258663,182.1331482,180.9169312,17.69713593,73.40297699,Spring,1
4/20/2033,17.30029488,19.36951828,15.48996067,8.883358002,0.145575508,101.6809921,4.864037514,5.866909504,181.2203369,180.0536804,17.77578545,73.4156189,Spring,1
4/21/2033,17.37850952,19.44509125,15.56941414,8.929076195,0.14365232,101.6808853,4.860336781,5.861354351,180.3485718,179.2339478,17.85519409,73.42695618,Spring,1
4/22/2033,17.45748711,19.52131844,15.64965916,8.974957466,0.142152891,101.6813202,4.856449604,5.855555534,179.516861,178.4563904,17.9353714,73.43710327,Spring,1
4/23/2033,17.53723145,19.59819794,15.73071384,9.021044731,0.14105399,101.6822662,4.85234642,5.849476814,178.723938,177.7194061,18.0163269,73.44618988,Spring,1
4/24/2033,17.61775589,19.67573166,15.81259632,9.067382813,0.14032799,101.6837158,4.847994804,5.843081951,177.9681244,177.0208588,18.09807205,73.45433044,Spring,1
4/25/2033,17.69906807,19.75391769,15.89532852,9.114025116,0.139942914,101.6856308,4.843364239,5.836335182,177.2473907,176.3584137,18.1806221,73.46166992,Spring,1
4/26/2033,17.78118706,19.83276367,15.9789362,9.161027908,0.13986291,101.6879883,4.838425636,5.829203606,176.5593719,175.7293396,18.26399803,73.46832275,Spring,1
4/27/2033,17.86412811,19.91227722,16.06344414,9.208456039,0.140047804,101.690773,4.83314991,5.821652889,175.901474,175.1305847,18.34822464,73.47442627,Spring,1
4/28/2033,17.94791222,19.99247551,16.14888382,9.256379128,0.140454322,101.6939392,4.827511311,5.813654423,175.2707062,174.5588989,18.43332291,73.4801178,Spring,1
4/29/2033,18.03256607,20.0733757,16.2352829,9.304866791,0.141035914,101.6974564,4.821483612,5.805178165,174.6639252,174.0107574,18.51932907,73.48550415,Spring,1
4/30/2033,18.11811638,20.15500069,16.3226738,9.35399437,0.141743511,101.7013016,4.81504488,5.796197891,174.0777588,173.4824219,18.60627174,73.4907074,Spring,1
5/1/2033,18.20458984,20.23737717,16.41109467,9.403839111,0.14252539,101.7054367,4.808175087,5.786690712,173.5086823,172.970047,18.69418716,73.49583435,Spring,1
5/2/2033,18.29202271,20.32053375,16.50057983,9.454483032,0.14332822,101.7098312,4.800853729,5.776634693,172.9529877,172.4696503,18.78311539,73.50097656,Spring,1
5/3/2033,18.38044548,20.40450668,16.59116745,9.50600338,0.144097343,101.7144547,4.793066502,5.766011715,172.4069519,171.9771729,18.87309265,73.50622559,Spring,1
5/4/2033,18.46990013,20.48933792,16.68288994,9.558484077,0.144777253,101.7192612,4.784800053,5.754807949,171.866745,171.4885101,18.96416473,73.51165009,Spring,1
5/5/2033,18.56042099,20.5750618,16.77579117,9.612001419,0.145312354,101.7242279,4.776043892,5.743011475,171.3285522,170.9996796,19.05637169,73.51730347,Spring,1
5/6/2033,18.65204811,20.66172981,16.86990356,9.666635513,0.145646751,101.7293243,4.766791344,5.730615616,170.7885895,170.5066376,19.14975929,73.52323151,Spring,1
5/7/2033,18.74482536,20.74938583,16.96526909,9.7224617,0.145725608,101.7345047,4.757038593,5.717615604,170.243103,170.0055237,19.24437332,73.52944183,Spring,1
5/8/2033,18.83879089,20.83808136,17.06192207,9.77955246,0.145495579,101.7397537,4.746785164,5.704012394,169.6885986,169.4925842,19.34025764,73.53594208,Spring,1
5/9/2033,18.93398476,20.92786407,17.15989685,9.837972641,0.144904941,101.7450333,4.73603344,5.689808846,169.121582,168.9642792,19.43745422,73.54270935,Spring,1
5/10/2033,19.03044891,21.0187912,17.25922775,9.89778614,0.143904284,101.7503128,4.724789619,5.675014019,168.5388489,168.4172668,19.53600883,73.54972076,Spring,1
5/11/2033,19.12822342,21.11091423,17.35994339,9.959049225,0.142446876,101.7555695,4.713065147,5.659640312,167.937439,167.8485565,19.63596153,73.5568924,Spring,1
5/12/2033,19.22734642,21.20428658,17.46207047,10.02181053,0.140489623,101.7607803,4.700871468,5.643702507,167.314621,167.2553864,19.73735237,73.56416321,Spring,1
5/13/2033,19.32785034,21.29895782,17.56563187,10.08611107,0.137993112,101.7659225,4.688225746,5.627223015,166.668045,166.6353607,19.8402195,73.57141113,Spring,1
5/14/2033,19.42976952,21.39498138,17.67065048,10.15198517,0.134921908,101.7709579,4.67514801,5.610224724,165.9955902,165.9864655,19.94459343,73.5785141,Spring,1
5/15/2033,19.53313255,21.49240494,17.77714157,10.21945572,0.131244987,101.7758865,4.661662102,5.592736244,165.2955933,165.3070068,20.05050659,73.58533478,Spring,1
5/16/2033,19.63796425,21.59127045,17.88511276,10.28853989,0.126936615,101.7806778,4.647794247,5.574789524,164.5667572,164.5957947,20.15798187,73.59169006,Spring,1
5/17/2033,19.74428749,21.69162941,17.99457169,10.35923958,0.121975996,101.7853241,4.633574486,5.55642128,163.808197,163.8520355,20.26704216,73.59741211,Spring,1
5/18/2033,19.85211372,21.79351234,18.10551453,10.43155289,0.116347708,101.7898026,4.619035721,5.537668228,163.0194244,163.0753784,20.37770271,73.6022644,Spring,1
5/19/2033,19.96145439,21.89695358,18.21793747,10.50546074,0.110041916,101.7941132,4.604212761,5.518574715,162.2004242,162.2659149,20.48997498,73.60605621,Spring,1
5/20/2033,20.07231331,22.00198364,18.33182526,10.58093739,0.103054628,101.798233,4.589142799,5.499184132,161.3515625,161.4241791,20.60385895,73.60852814,Spring,1
5/21/2033,20.18468857,22.10861969,18.44715881,10.65794754,0.09538763,101.8021545,4.573866844,5.479545593,160.4737396,160.551239,20.71935463,73.60942841,Spring,1
5/22/2033,20.29857063,22.2168808,18.56390762,10.73644257,0.087048389,101.8058777,4.558427811,5.459707737,159.5681915,159.6485138,20.83645248,73.60848999,Spring,1
5/23/2033,20.41394043,22.32677078,18.68203735,10.81636238,0.078050464,101.8094025,4.542866707,5.439723969,158.6367035,158.717926,20.95513535,73.60545349,Spring,1
5/24/2033,20.53077316,22.43829155,18.80150986,10.89764023,0.06841293,101.8127136,4.527231216,5.419646263,157.681366,157.7618103,21.07537842,73.60001373,Spring,1
5/25/2033,20.64904022,22.55143356,18.92227554,10.980196,0.058160655,101.8158112,4.511566162,5.399530411,156.7047729,156.7828827,21.19715118,73.59188843,Spring,1
5/26/2033,20.76869965,22.66618347,19.04427719,11.06394196,0.047323722,101.8187027,4.495918274,5.379431248,155.7098083,155.7842712,21.32041931,73.58079529,Spring,1
5/27/2033,20.88970375,22.78250885,19.16744995,11.14878273,0.035937533,101.8213882,4.480336189,5.359405518,154.6997833,154.769455,21.44512939,73.56643677,Spring,1
5/28/2033,21.01199532,22.90038109,19.29171944,11.23460865,0.024042226,101.8238678,4.464865685,5.339508533,153.6783752,153.7422485,21.57123184,73.54852295,Spring,1
5/29/2033,21.13551331,23.0197525,19.41701508,11.32131004,0.011682578,101.8261414,4.449554443,5.319795609,152.6494446,152.7067108,21.6986618,73.52677917,Spring,1
5/30/2033,21.26018143,23.14057159,19.54324532,11.40876579,-0.001092568,101.8282242,4.434448719,5.300321102,151.6172028,151.6671906,21.82735443,73.50093079,Spring,1
5/31/2033,21.38592148,23.26277733,19.67032242,11.49685097,-0.01423066,101.8301086,4.419592857,5.281138897,150.5860901,150.6282349,21.9572258,73.47071838,Spring,1
6/1/2033,21.51264763,23.38629532,19.79814911,11.58543396,-0.027675958,101.83181,4.405030251,5.262300014,149.5606689,149.594574,22.08820343,73.43588257,Summer,2
6/2/2033,21.64026642,23.51104736,19.92662239,11.67437935,-0.041369889,101.8333359,4.390804768,5.243853569,148.5457153,148.5710144,22.22018623,73.39620972,Summer,2
6/3/2033,21.76867676,23.63694382,20.05563164,11.7635498,-0.055251773,101.8346786,4.376954079,5.225846767,147.5460205,147.5625153,22.35308266,73.35148621,Summer,2
6/4/2033,21.89776802,23.76388168,20.18506622,11.852808,-0.069259137,101.8358688,4.363515854,5.208321571,146.5665283,146.5739899,22.4867897,73.30151367,Summer,2
6/5/2033,22.02742958,23.89176559,20.3148098,11.94200897,-0.08332856,101.8368912,4.350524902,5.191319942,145.6120911,145.610321,22.62119865,73.24614716,Summer,2
6/6/2033,22.15754509,24.02047729,20.4447403,12.03101635,-0.097395897,101.8377686,4.338011742,5.17487812,144.6875305,144.6764221,22.75619507,73.1852417,Summer,2
6/7/2033,22.28798676,24.14989853,20.57473946,12.1196909,-0.111397304,101.838501,4.326005936,5.159029007,143.7976227,143.7770081,22.8916626,73.11869812,Summer,2
6/8/2033,22.41863251,24.2798996,20.70467758,12.20789719,-0.125269443,101.8390961,4.314529419,5.143800259,142.9469757,142.9166412,23.02748108,73.04644012,Summer,2
6/9/2033,22.54935074,24.41035461,20.83442879,12.29550171,-0.138950199,101.8395538,4.303604603,5.129217148,142.1399994,142.0997009,23.16352081,72.96842957,Summer,2
6/10/2033,22.68000984,24.54112244,20.96386909,12.38237572,-0.152379081,101.8398972,4.293247223,5.115296364,141.3808441,141.3302612,23.29965782,72.88465881,Summer,2
6/11/2033,22.81047249,24.67206573,21.0928688,12.46839905,-0.165498182,101.8401184,4.2834692,5.102054596,140.6734924,140.6121216,23.4357605,72.79514313,Summer,2
6/12/2033,22.94060707,24.80303955,21.22130585,12.55345917,-0.178252265,101.8402252,4.274279594,5.089498997,140.0214691,139.9488068,23.57169724,72.69997406,Summer,2
6/13/2033,23.07027626,24.93389893,21.34905243,12.63744354,-0.190589383,101.8402252,4.265681267,5.077635288,139.4280701,139.3434143,23.70733643,72.59923553,Summer,2
6/14/2033,23.19934654,25.06449509,21.4759922,12.72025681,-0.202461287,101.840126,4.257674694,5.066461086,138.8961334,138.7985992,23.84254837,72.49307251,Summer,2
6/15/2033,23.3276825,25.19467926,21.60200119,12.8018055,-0.213823974,101.83992,4.250252724,5.055971146,138.4280701,138.3166962,23.97719955,72.38166046,Summer,2
6/16/2033,23.45515442,25.32429886,21.72696304,12.88201332,-0.22463809,101.8396149,4.243408203,5.046152592,138.0258789,137.8994751,24.11115646,72.26521301,Summer,2
6/17/2033,23.58163261,25.45321655,21.85077477,12.96080971,-0.234869227,101.8392181,4.23712635,5.036990643,137.6911163,137.5482635,24.24429893,72.14398193,Summer,2
6/18/2033,23.70699501,25.58127594,21.97332382,13.03813171,-0.244487524,101.8387222,4.231389046,5.028462887,137.4247589,137.2639465,24.37649727,72.01824951,Summer,2
6/19/2033,23.83111763,25.70834351,22.09451675,13.11393547,-0.253469139,101.8381348,4.226175308,5.020544529,137.2274323,137.0468597,24.50762939,71.88832855,Summer,2
6/20/2033,23.95388985,25.83427429,22.21425247,13.18818283,-0.261795193,101.8374557,4.221458912,5.013203621,137.0990906,136.8968048,24.63757896,71.75457001,Summer,2
6/21/2033,24.07519722,25.95893478,22.33245087,13.26085091,-0.269453287,101.8366852,4.217210293,5.006406784,137.0392761,136.8131561,24.76623154,71.61735535,Summer,2
6/22/2033,24.19493866,26.08219528,22.44902611,13.33192253,-0.276435435,101.8358231,4.21339798,5.000114918,137.0469513,136.7947388,24.89347839,71.47708893,Summer,2
6/23/2033,24.3130188,26.20393372,22.56390953,13.40139771,-0.282740265,101.8348694,4.209984779,4.994287014,137.1206512,136.839859,25.01921463,71.334198,Summer,2
6/24/2033,24.42934418,26.32403183,22.67703056,13.46928596,-0.288371444,101.8338165,4.206933975,4.988877773,137.2583771,136.9463806,25.14334488,71.18914795,Summer,2
6/25/2033,24.54383659,26.442379,22.78833771,13.53560257,-0.293338448,101.8326721,4.204204082,4.983839035,137.4576263,137.1116791,25.26577759,71.04238892,Summer,2
6/26/2033,24.65641785,26.55886841,22.89777374,13.60038185,-0.297655672,101.8314362,4.201752663,4.979121685,137.7154846,137.3327179,25.38642502,70.8944397,Summer,2
6/27/2033,24.76702118,26.67340851,23.00530243,13.66366196,-0.301342398,101.830101,4.19953537,4.974673271,138.0285187,137.605957,25.50521088,70.74577332,Summer,2
6/28/2033,24.87558937,26.78591156,23.11088753,13.72548866,-0.304422945,101.8286667,4.197508812,4.970441818,138.3930054,137.9276581,25.62206268,70.59690857,Summer,2
6/29/2033,24.98207283,26.89629364,23.21450043,13.7859211,-0.306925505,101.8271408,4.195624352,4.966373444,138.8047333,138.2935791,25.73691368,70.44837189,Summer,2
6/30/2033,25.08642578,27.0044899,23.31612396,13.84502029,-0.308882654,101.8255081,4.19383812,4.962415218,139.2592468,138.6992188,25.84970856,70.30067444,Summer,2
7/1/2033,25.18861389,27.11043549,23.41574478,13.90286064,-0.310329914,101.8237839,4.192103386,4.958512783,139.7517395,139.1398163,25.960392,70.15432739,Summer,2
7/2/2033,25.28861237,27.214077,23.51336098,13.95951271,-0.311305761,101.8219604,4.190375328,4.954615116,140.2771759,139.6103973,26.06892395,70.00984192,Summer,2
7/3/2033,25.38639832,27.31536865,23.60896873,14.01505852,-0.31185171,101.8200378,4.188609123,4.950669289,140.8302765,140.1057892,26.17526627,69.86772919,Summer,2
7/4/2033,25.4819622,27.41427612,23.70257759,14.06957817,-0.312010646,101.8180237,4.186762333,4.946628571,141.4056549,140.6207428,26.27938461,69.72846985,Summer,2
7/5/2033,25.57529831,27.51076889,23.7942009,14.12315941,-0.311826825,101.815918,4.184796333,4.942444801,141.9977722,141.1498871,26.3812561,69.59254456,Summer,2
7/6/2033,25.66640282,27.60482407,23.88385391,14.17588234,-0.311345011,101.8137207,4.182670593,4.938076019,142.601059,141.6878052,26.48085785,69.46038818,Summer,2
7/7/2033,25.75528526,27.69643021,23.97155952,14.2278347,-0.310610741,101.8114395,4.180352211,4.93348074,143.2098694,142.2292175,26.57817841,69.33245087,Summer,2
7/8/2033,25.84195518,27.78557587,24.05734253,14.27910042,-0.309668571,101.8090744,4.177807808,4.928623676,143.8187103,142.7688141,26.67321014,69.2091217,Summer,2
7/9/2033,25.92642975,27.87226868,24.14122963,14.32975578,-0.308561891,101.806633,4.175010681,4.923472881,144.4220734,143.3014221,26.76594543,69.09077454,Summer,2
7/10/2033,26.00872612,27.95650482,24.22325134,14.37987709,-0.307332695,101.8041229,4.171935081,4.918001175,145.0146484,143.822113,26.85638428,68.97774506,Summer,2
7/11/2033,26.08886909,28.03829575,24.30343628,14.42953491,-0.306020558,101.8015442,4.168562889,4.912187099,145.5913391,144.3260956,26.9445343,68.87036133,Summer,2
7/12/2033,26.16687965,28.11765671,24.38182259,14.47879219,-0.304662347,101.798912,4.164875984,4.906013489,146.1472015,144.8088837,27.03039742,68.76887512,Summer,2
7/13/2033,26.2427845,28.19460678,24.45843315,14.52770615,-0.303291231,101.7962341,4.160865784,4.899468899,146.6777039,145.2663269,27.11398315,68.67353058,Summer,2
7/14/2033,26.31661224,28.26916122,24.53330612,14.57632446,-0.301937044,101.7935181,4.156525612,4.892549515,147.1784668,145.6945648,27.19530106,68.5845108,Summer,2
7/15/2033,26.38839149,28.34133911,24.60646439,14.62468529,-0.300624847,101.7907715,4.151853561,4.885254383,147.6456451,146.0901947,27.27436447,68.50196838,Summer,2
7/16/2033,26.45814514,28.41117859,24.67793274,14.67281723,-0.299375296,101.7880096,4.146855354,4.87759161,148.0756989,146.450119,27.35118484,68.42602539,Summer,2
7/17/2033,26.52589417,28.47868347,24.74773979,14.72073555,-0.298203617,101.7852402,4.141539574,4.869572639,148.4655151,146.7717896,27.42577744,68.35673523,Summer,2
7/18/2033,26.59166718,28.54389191,24.8158989,14.76845169,-0.297119945,101.7824707,4.135921478,4.861217976,148.8125153,147.0530701,27.49814987,68.29412842,Summer,2
7/19/2033,26.65547943,28.60681915,24.88242912,14.81595612,-0.296128511,101.7797241,4.130019188,4.852550983,149.114502,147.2922974,27.56831741,68.23819733,Summer,2
7/20/2033,26.71735001,28.6674881,24.94733429,14.86323357,-0.295227915,101.7770081,4.123857975,4.843602657,149.3698883,147.4883575,27.63628769,68.18887329,Summer,2
7/21/2033,26.77729034,28.72591019,25.01062202,14.91025162,-0.294410318,101.7743301,4.11746788,4.834409714,149.5774994,147.6405792,27.70206833,68.14607239,Summer,2
7/22/2033,26.83530426,28.78211212,25.07229042,14.95697021,-0.293662339,101.7717056,4.110881805,4.825014114,149.7367096,147.7488251,27.76566696,68.1096344,Summer,2
7/23/2033,26.89139748,28.8360939,25.13233185,15.00333595,-0.292964011,101.7691498,4.104138374,4.815462589,149.8474884,147.8135376,27.82708359,68.07941437,Summer,2
7/24/2033,26.94556618,28.88786697,25.19072723,15.04928207,-0.292289704,101.7666779,4.097280502,4.805805683,149.9102325,147.835556,27.8863163,68.05518341,Summer,2
7/25/2033,26.99779701,28.93743896,25.2474556,15.09472847,-0.291607857,101.7642899,4.090353966,4.796101093,149.9259338,147.8162842,27.943367,68.03671265,Summer,2
7/26/2033,27.04808044,28.98479462,25.30249023,15.13958549,-0.290880859,101.7620163,4.083408833,4.786407471,149.8960266,147.7575684,27.99821854,68.02371979,Summer,2
7/27/2033,27.09639359,29.02993011,25.35579681,15.18375397,-0.290066034,101.7598648,4.076497078,4.776788712,149.8224792,147.6617126,28.05086899,68.01590729,Summer,2
7/28/2033,27.14270592,29.07284164,25.40732956,15.22712517,-0.289115638,101.7578354,4.069673061,4.767310143,149.7077484,147.5314331,28.10129547,68.01296234,Summer,2
7/29/2033,27.18698692,29.11349869,25.45704269,15.26957893,-0.287976861,101.7559509,4.062995434,4.758041382,149.5546875,147.3699646,28.14948082,68.01452637,Summer,2
7/30/2033,27.22919655,29.15188217,25.504879,15.31098557,-0.286592722,101.7542191,4.056521416,4.749052048,149.3666077,147.1807861,28.19539833,68.02024841,Summer,2
7/31/2033,27.26928902,29.18796158,25.55077744,15.35121346,-0.284902602,101.7526474,4.050312042,4.740414143,149.1471405,146.9677277,28.2390213,68.02973938,Summer,2
8/1/2033,27.30721092,29.22169113,25.59466743,15.39012146,-0.282842487,101.7512512,4.044425964,4.732198715,148.9003143,146.7349854,28.28032112,68.04262543,Summer,2
8/2/2033,27.34290695,29.25304794,25.63648033,15.4275589,-0.280346006,101.7500305,4.038924694,4.724478722,148.6304932,146.4869385,28.31925392,68.0585022,Summer,2
8/3/2033,27.37631416,29.28196716,25.67613983,15.46338272,-0.277344197,101.7490005,4.033867836,4.717324257,148.3422546,146.2281799,28.35578918,68.07697296,Summer,2
8/4/2033,27.40736961,29.30841064,25.7135601,15.49743652,-0.273767084,101.7481613,4.029312611,4.710805416,148.0403595,145.9635315,28.38987923,68.09764862,Summer,2
8/5/2033,27.43599892,29.33232117,25.74865913,15.52957153,-0.269544005,101.7475204,4.025316715,4.704988956,147.7298126,145.6978607,28.42147827,68.12013245,Summer,2
8/6/2033,27.46213531,29.3536377,25.78134727,15.55963516,-0.264604449,101.7470856,4.021935463,4.699941158,147.4157257,145.4361115,28.45054245,68.14404297,Summer,2
8/7/2033,27.48570061,29.37230301,25.81153679,15.58747482,-0.25887835,101.7468643,4.019218922,4.69572258,147.1032715,145.1832428,28.47701454,68.16899872,Summer,2
8/8/2033,27.5066185,29.38825226,25.83914566,15.61294556,-0.252297342,101.7468414,4.017216682,4.692391396,146.7976227,144.9442139,28.50084877,68.19465637,Summer,2
8/9/2033,27.5248127,29.40141678,25.86406898,15.63590431,-0.244795203,101.7470398,4.015974045,4.689999104,146.503952,144.7238922,28.52198982,68.22065735,Summer,2
8/10/2033,27.54020691,29.41173935,25.88622665,15.65621758,-0.236309007,101.7474442,4.015530586,4.688596725,146.2273865,144.5269775,28.54039001,68.2467041,Summer,2
8/11/2033,27.55271912,29.41915131,25.90553284,15.67375374,-0.22677888,101.7480621,4.015924454,4.688224316,145.9728699,144.3580627,28.55599022,68.27248383,Summer,2
8/12/2033,27.56228638,29.4235878,25.92189598,15.68839645,-0.216149762,101.7488861,4.017183781,4.688919544,145.7451782,144.2214355,28.56874275,68.29773712,Summer,2
8/13/2033,27.56882668,29.42498398,25.93523788,15.70003128,-0.204371333,101.7499161,4.019337177,4.690713882,145.5489349,144.1211853,28.57859421,68.32221985,Summer,2
8/14/2033,27.57227707,29.42329025,25.94548225,15.70856476,-0.1913995,101.7511444,4.022402763,4.693629265,145.3884888,144.0610962,28.58549881,68.34571838,Summer,2
8/15/2033,27.57257652,29.41844177,25.95255661,15.71390343,-0.177195519,101.7525787,4.026395798,4.697683334,145.267807,144.044632,28.58941269,68.36807251,Summer,2
8/16/2033,27.56966209,29.41039658,25.95639801,15.71598053,-0.161728159,101.7541962,4.031324387,4.702884674,145.1906433,144.0748444,28.59028816,68.38910675,Summer,2
8/17/2033,27.5634861,29.39910126,25.95694733,15.71473122,-0.144973174,101.7560043,4.037190437,4.709237099,145.1603088,144.1544189,28.58808899,68.40873718,Summer,2
8/18/2033,27.55400276,29.38452148,25.95415688,15.71011353,-0.126914009,101.7579956,4.043988705,4.716733456,145.1797638,144.2856293,28.58278656,68.42687225,Summer,2
8/19/2033,27.54117775,29.36662674,25.94798088,15.70209503,-0.107542463,101.7601547,4.051710129,4.725362778,145.2515411,144.4702911,28.57434464,68.44346619,Summer,2
8/20/2033,27.52498245,29.34539413,25.93838692,15.69066048,-0.086858414,101.7624741,4.060336113,4.735102654,145.377655,144.7098083,28.56274223,68.45851898,Summer,2
8/21/2033,27.50539589,29.32080078,25.92535782,15.67581177,-0.064870447,101.7649536,4.0698452,4.745926857,145.5598145,145.0050964,28.547966,68.47205353,Summer,2
8/22/2033,27.48241234,29.29284668,25.9088726,15.65756607,-0.041596141,101.7675781,4.080204964,4.757799625,145.7991486,145.3565369,28.53000259,68.48412323,Summer,2
8/23/2033,27.4560318,29.26153564,25.888937,15.63595963,-0.017061839,101.77034,4.091382027,4.770679474,146.096344,145.7642212,28.50885201,68.49481964,Summer,2
8/24/2033,27.42626572,29.22687912,25.86555672,15.6110363,0.008697244,101.7732315,4.103335381,4.784516811,146.4516449,146.2275696,28.48451042,68.5042572,Summer,2
8/25/2033,27.39313889,29.18890381,25.83875084,15.58286285,0.035636932,101.7762451,4.116017342,4.799256802,146.8647766,146.7457428,28.45699883,68.51259613,Summer,2
8/26/2033,27.35668182,29.14764404,25.80854988,15.55151749,0.063704342,101.7793732,4.129376411,4.814838409,147.335022,147.317276,28.42633057,68.51998901,Summer,2
8/27/2033,27.31694221,29.10314178,25.77499962,15.51709557,0.092838064,101.7826004,4.143356323,4.831195354,147.8612518,147.9404144,28.39253235,68.52664185,Summer,2
8/28/2033,27.27397346,29.05546188,25.73815536,15.479702,0.122968502,101.7859268,4.157896042,4.848255157,148.4418182,148.6129456,28.35564232,68.53277588,Summer,2
8/29/2033,27.22784233,29.00466156,25.69807434,15.43946266,0.154018119,101.7893372,4.172931671,4.865942478,149.0747375,149.3322906,28.31570053,68.53860474,Summer,2
8/30/2033,27.17862701,28.95082855,25.65483284,15.39650345,0.18590188,101.7928238,4.188394547,4.884176254,149.7576294,150.0955505,28.2727623,68.54439545,Summer,2
8/31/2033,27.12641335,28.89404678,25.6085186,15.35097313,0.218527913,101.7963791,4.20421505,4.90287447,150.4877167,150.8994904,28.22688103,68.55039215,Summer,2
9/1/2033,27.07130241,28.83441925,25.55922508,15.30302048,0.251797795,101.8000031,4.220320225,4.921951294,151.2619324,151.7406006,28.17812347,68.55686951,Autumn,3
9/2/2033,27.01339722,28.77205276,25.50705338,15.25280762,0.285607308,101.8036804,4.236635685,4.941319466,152.0769196,152.6151428,28.12656784,68.56408691,Autumn,3
9/3/2033,26.9528141,28.70706558,25.45211792,15.20050049,0.319847137,101.8074112,4.253086567,4.960889339,152.9290771,153.5191956,28.07228851,68.57231903,Autumn,3
9/4/2033,26.88967705,28.63958359,25.39453316,15.14627647,0.354403436,101.8111877,4.269597054,4.980573654,153.8145142,154.4486542,28.01537704,68.58183289,Autumn,3
9/5/2033,26.82411575,28.5697403,25.33442879,15.09031296,0.389158964,101.8150024,4.286092758,5.000282288,154.7293243,155.399353,27.95592308,68.59289551,Autumn,3
9/6/2033,26.75626755,28.49767303,25.2719326,15.03278542,0.423993081,101.8188553,4.302498817,5.019929886,155.669342,156.3670044,27.89402771,68.60574341,Autumn,3
9/7/2033,26.68626976,28.42353439,25.20718002,14.97387505,0.458783329,101.8227386,4.318742752,5.039429188,156.6303864,157.3473969,27.8297863,68.6206131,Autumn,3
9/8/2033,26.61426926,28.34747314,25.14031029,14.91376305,0.493405998,101.8266525,4.334754944,5.058697701,157.6082001,158.3362579,27.76331711,68.63772583,Autumn,3
9/9/2033,26.54042053,28.26963806,25.07146454,14.85262871,0.527736962,101.8305969,4.350467682,5.0776577,158.5986023,159.3294525,27.69472122,68.6572876,Autumn,3
9/10/2033,26.46486664,28.19019699,25.00078392,14.79064178,0.561652541,101.8345566,4.365816116,5.096231461,159.5974274,160.3229218,27.62411499,68.67946625,Autumn,3
9/11/2033,26.38776207,28.10929489,24.92840958,14.72797203,0.595030129,101.8385391,4.380742073,5.114349842,160.6006012,161.3128052,27.55161667,68.704422,Autumn,3
9/12/2033,26.3092556,28.02710342,24.85448456,14.66478157,0.627749443,101.8425446,4.395188332,5.131946564,161.6042175,162.2954254,27.47733688,68.73225403,Autumn,3
9/13/2033,26.229496,27.94376755,24.77914619,14.60121918,0.659693182,101.8465729,4.409104824,5.148962975,162.6045227,163.2673492,27.40139961,68.76308441,Autumn,3
9/14/2033,26.14863014,27.85945129,24.702528,14.53743172,0.690747797,101.8506088,4.422447205,5.165344715,163.5980377,164.2254028,27.32391357,68.79695892,Autumn,3
9/15/2033,26.06679726,27.77429581,24.62476158,14.4735527,0.720804095,101.85466,4.435175896,5.181046486,164.5814667,165.1667786,27.24499893,68.83390808,Autumn,3
9/16/2033,25.98413086,27.68845367,24.54597092,14.40969849,0.749758244,101.8587341,4.447258472,5.196028233,165.5518646,166.0889587,27.1647644,68.87391663,Autumn,3
9/17/2033,25.90076447,27.60206604,24.46627617,14.34597969,0.77751267,101.8628159,4.458668709,5.210259914,166.5066071,166.9897766,27.08332443,68.91693878,Autumn,3
9/18/2033,25.81681824,27.51525879,24.38578033,14.28248787,0.803975999,101.8669128,4.469386578,5.22371769,167.4433441,167.8675079,27.00078583,68.96291351,Autumn,3
9/19/2033,25.73240471,27.42815781,24.30459023,14.21930313,0.829064548,101.8710251,4.479400635,5.236386299,168.3601837,168.7207794,26.91724396,69.01170349,Autumn,3
9/20/2033,25.64762688,27.34088135,24.22279167,14.15648842,0.852701902,101.8751373,4.488705158,5.248258591,169.2556,169.5486603,26.83280182,69.06317902,Autumn,3
9/21/2033,25.5625782,27.25352478,24.1404686,14.09409142,0.874820232,101.8792648,4.497302532,5.259337425,170.1283875,170.3506317,26.74754906,69.11712646,Autumn,3
9/22/2033,25.4773407,27.16618729,24.05768967,14.03214073,0.89536041,101.8833923,4.50520134,5.269630909,170.9778748,171.1266022,26.6615715,69.1733551,Autumn,3
9/23/2033,25.39198112,27.07894897,23.97451019,13.97065926,0.914272308,101.8875275,4.512419701,5.279159069,171.8036652,171.8768921,26.57494736,69.23159027,Autumn,3
9/24/2033,25.30655861,26.99187088,23.89097404,13.90963936,0.93151474,101.8916626,4.518980026,5.287948132,172.6059265,172.6023102,26.48774147,69.29154968,Autumn,3
9/25/2033,25.22111702,26.90501404,23.80711937,13.84906578,0.947056353,101.8957901,4.524913311,5.296033382,173.3851013,173.3040161,26.4000206,69.35293579,Autumn,3
9/26/2033,25.13568306,26.81840897,23.72295761,13.788908,0.960875511,101.89991,4.530256748,5.303456783,174.1421051,173.9835663,26.31184387,69.41538239,Autumn,3
9/27/2033,25.05027771,26.73209,23.63850021,13.72911453,0.972959757,101.9040222,4.535055161,5.310268402,174.8782806,174.6429291,26.22324753,69.47853851,Autumn,3
9/28/2033,24.96489906,26.64606476,23.55373955,13.66962814,0.983306885,101.9081116,4.539357185,5.316525459,175.5952148,175.2843933,26.13427734,69.54202271,Autumn,3
9/29/2033,24.87953949,26.56032562,23.46865082,13.61037064,0.99192363,101.912178,4.54321909,5.322291851,176.2950134,175.9105835,26.04495811,69.60542297,Autumn,3
9/30/2033,24.79417038,26.47486115,23.38320923,13.55124855,0.998826563,101.9162064,4.546702385,5.327636719,176.9799347,176.5244904,25.95530701,69.6683197,Autumn,3
10/1/2033,24.70875549,26.38963699,23.29736328,13.49216461,1.004041195,101.9202042,4.549871922,5.332636356,177.6526794,177.129303,25.86533737,69.73028564,Autumn,3
10/2/2033,24.62324142,26.30459595,23.21105766,13.43300629,1.007601738,101.9241486,4.552798271,5.337370872,178.3161316,177.7284393,25.77505302,69.79088593,Autumn,3
10/3/2033,24.53756714,26.21969223,23.12422562,13.3736515,1.009551167,101.9280396,4.555553436,5.341924191,178.9734192,178.3255768,25.68444443,69.84968567,Autumn,3
10/4/2033,24.45165443,26.13484573,23.03678703,13.31397247,1.009940147,101.9318619,4.558216572,5.346383572,179.6279449,178.924469,25.59349632,69.90622711,Autumn,3
10/5/2033,24.36541748,26.04996872,22.94865417,13.25382996,1.008827329,101.9356155,4.560864925,5.350841045,180.2831726,179.5290222,25.50218964,69.96008301,Autumn,3
10/6/2033,24.278759,25.96496964,22.85972977,13.19308281,1.00627768,101.9392853,4.563580036,5.355389118,180.9427032,180.143219,25.41048813,70.01082611,Autumn,3
10/7/2033,24.19157219,25.87973404,22.76990891,13.13158989,1.002362967,101.9428558,4.566444397,5.360120773,181.6102905,180.7710724,25.31835938,70.05804443,Autumn,3
10/8/2033,24.1037426,25.79415131,22.67907715,13.06919861,0.99716115,101.9463196,4.569539547,5.365131378,182.2895966,181.4165344,25.2257576,70.10131836,Autumn,3
10/9/2033,24.01514816,25.70809174,22.58712196,13.00576591,0.990754604,101.9496689,4.572947502,5.37051487,182.984436,182.0835419,25.13263512,70.14028931,Autumn,3
10/10/2033,23.92566681,25.62142944,22.49392319,12.94114304,0.983230472,101.9528961,4.576750755,5.376364231,183.6983948,182.7759247,25.03893661,70.17458344,Autumn,3
10/11/2033,23.8351593,25.53401947,22.39935112,12.87519073,0.97467953,101.955986,4.581028938,5.382770061,184.4351349,183.4973297,24.94460297,70.20387268,Autumn,3
10/12/2033,23.74349594,25.44572449,22.30328178,12.80776596,0.965195775,101.958931,4.585857391,5.389822006,185.1980591,184.251236,24.84957504,70.22785187,Autumn,3
10/13/2033,23.6505394,25.35639572,22.20559311,12.73874092,0.954875231,101.9617233,4.591313362,5.397603512,185.9904785,185.0409241,24.75378418,70.2462616,Autumn,3
10/14/2033,23.55615234,25.26588821,22.1061573,12.66798782,0.943815589,101.9643478,4.597465038,5.406196594,186.8154755,185.8693542,24.65716553,70.2588501,Autumn,3
10/15/2033,23.46020126,25.17405701,22.0048542,12.59539223,0.932115257,101.9668045,4.604381561,5.415676117,187.6758423,186.7391968,24.55965042,70.26542664,Autumn,3
10/16/2033,23.36255455,25.08076096,21.90156555,12.52085114,0.919873238,101.9690781,4.612122536,5.426113605,188.5741577,187.6529083,24.4611702,70.26583862,Autumn,3
10/17/2033,23.2630806,24.98585129,21.79618073,12.44427109,0.907186866,101.9711685,4.620746613,5.437572479,189.5126953,188.6123962,24.36166,70.25996399,Autumn,3
10/18/2033,23.16166115,24.8891983,21.68859291,12.36557198,0.894153237,101.9730606,4.630302429,5.450111866,190.4933472,189.6193695,24.26105118,70.24773407,Autumn,3
10/19/2033,23.05818176,24.79066849,21.57870483,12.28468895,0.880866885,101.9747696,4.640836716,5.46378088,191.5175934,190.6750183,24.15928459,70.22911072,Autumn,3
10/20/2033,22.95252991,24.69013977,21.46643066,12.20157242,0.867420137,101.9762802,4.652387619,5.478622913,192.5867004,191.7801666,24.05629539,70.20410919,Autumn,3
10/21/2033,22.84461212,24.58750153,21.3516922,12.116189,0.853901982,101.9775925,4.66498518,5.494673252,193.7014313,192.9352417,23.952034,70.17279053,Autumn,3
10/22/2033,22.73434067,24.48264694,21.23442459,12.02851772,0.840397477,101.9787064,4.678653717,5.511958122,194.8621216,194.1401367,23.84644318,70.13526154,Autumn,3
10/23/2033,22.62164307,24.37548828,21.11457443,11.93855953,0.826987863,101.9796295,4.693410873,5.53049612,196.0687714,195.3944397,23.73948097,70.09166718,Autumn,3
10/24/2033,22.50645447,24.26594543,20.99209976,11.84633255,0.81374979,101.9803619,4.709264278,5.550296307,197.3209534,196.6971741,23.63111115,70.04219055,Autumn,3
10/25/2033,22.388731,24.15395737,20.86698151,11.75187111,0.800754726,101.9809113,4.726215839,5.571358681,198.6177216,198.0469971,23.52129745,69.98707581,Autumn,3
10/26/2033,22.26843834,24.03946686,20.73920631,11.65522766,0.788068593,101.9812927,4.744259834,5.59367609,199.9578857,199.4421844,23.41002083,69.92658997,Autumn,3
10/27/2033,22.14555931,23.92245102,20.60877991,11.55647087,0.775751829,101.9815063,4.763380527,5.617229939,201.3396606,200.8805389,23.29726219,69.86104584,Autumn,3
10/28/2033,22.02009201,23.80288315,20.47572708,11.45568848,0.763859332,101.9815674,4.783557415,5.641994953,202.7610474,202.3594666,23.18301392,69.79078674,Autumn,3
10/29/2033,21.8920536,23.68076515,20.34008408,11.35298729,0.752439439,101.9814911,4.804760456,5.667936802,204.219574,203.8760529,23.067276,69.71620178,Autumn,3
10/30/2033,21.76147652,23.5561142,20.2019043,11.24848366,0.74153465,101.9812927,4.826953411,5.695011616,205.7124329,205.4269867,22.95006561,69.63769531,Autumn,3
10/31/2033,21.62840843,23.42896461,20.06126213,11.14231586,0.731180966,101.9809952,4.850092888,5.723169327,207.2365417,207.0086975,22.83139801,69.55570984,Autumn,3
11/1/2033,21.49291611,23.299366,19.91824341,11.03463364,0.721408546,101.9806137,4.874127388,5.75235033,208.7883759,208.6173096,22.7113018,69.47071075,Autumn,3
11/2/2033,21.35508347,23.16739273,19.77295303,10.92560387,0.712241054,101.9801712,4.899001122,5.7824893,210.3643341,210.2486725,22.58981705,69.38317871,Autumn,3
11/3/2033,21.21500969,23.03312683,19.62551117,10.81540108,0.703696728,101.9796906,4.924650669,5.813512802,211.9604492,211.8984375,22.46699524,69.29362488,Autumn,3
11/4/2033,21.07280922,22.8966713,19.47605133,10.70421505,0.695787013,101.9791946,4.951007366,5.845342159,213.572525,213.562088,22.34288979,69.2025528,Autumn,3
11/5/2033,20.92861366,22.75815201,19.32472801,10.59224224,0.688518524,101.978714,4.97799921,5.877891541,215.1963196,215.2349854,22.21757126,69.11049652,Autumn,3
11/6/2033,20.78256989,22.61769867,19.17169952,10.47969151,0.681892097,101.9782715,5.00554657,5.911072731,216.8273468,216.9123383,22.09111786,69.01799011,Autumn,3
11/7/2033,20.6348381,22.47546768,19.01714706,10.36677647,0.67590332,101.9778976,5.033568859,5.944788933,218.4610748,218.5893707,21.96360779,68.92555237,Autumn,3
11/8/2033,20.48558998,22.33162308,18.86125374,10.25371552,0.670543492,101.977623,5.061980247,5.978944778,220.0929108,220.2612152,21.83513641,68.83372498,Autumn,3
11/9/2033,20.33501625,22.18634415,18.70422554,10.14073181,0.665798783,101.977478,5.09069252,6.013436317,221.718277,221.9230957,21.70580673,68.74302673,Autumn,3
11/10/2033,20.18330765,22.03982353,18.54626656,10.02805138,0.661651731,101.9774933,5.119616508,6.048161983,223.3325806,223.570282,21.57572174,68.65397644,Autumn,3
11/11/2033,20.03067589,21.8922596,18.38759613,9.915901184,0.658081293,101.9776917,5.148659229,6.083014965,224.9313202,225.1981659,21.44499969,68.56706238,Autumn,3
11/12/2033,19.87733078,21.74386597,18.22844124,9.804504395,0.655063033,101.9781113,5.177728653,6.117889881,226.5101318,226.8022614,21.31375885,68.48277283,Autumn,3
11/13/2033,19.72349739,21.59486389,18.06902885,9.694084167,0.652569652,101.9787827,5.20673275,6.15267992,228.064682,228.3782806,21.18211746,68.40157318,Autumn,3
11/14/2033,19.56940269,21.44548035,17.90959549,9.584859848,0.650571525,101.9797287,5.23557806,6.187279701,229.5909729,229.9221649,21.05021286,68.32389832,Autumn,3
11/15/2033,19.41527748,21.29594421,17.75037766,9.477041245,0.649037182,101.9809799,5.264173985,6.22158432,231.085083,231.4300537,20.91817093,68.25015259,Autumn,3
11/16/2033,19.26135635,21.14649391,17.59161377,9.370836258,0.647933662,101.9825592,5.292430878,6.255491734,232.543396,232.898407,20.78612518,68.18071747,Autumn,3
11/17/2033,19.10787773,20.99736404,17.43354416,9.266437531,0.647227049,101.9844971,5.320260525,6.288900852,233.9625397,234.3240051,20.65421677,68.11594391,Autumn,3
11/18/2033,18.9550724,20.84878922,17.27640152,9.16403389,0.646882594,101.9868164,5.347579479,6.321716309,235.3394775,235.7039032,20.52257919,68.05614471,Autumn,3
11/19/2033,18.80317688,20.70101738,17.12042236,9.063798904,0.646865427,101.9895401,5.374304771,6.353844643,236.671402,237.035553,20.39134979,68.00159454,Autumn,3
11/20/2033,18.65241814,20.5542717,16.96583176,8.965894699,0.64714098,101.9926834,5.400360107,6.385198593,237.9559479,238.3167267,20.26066589,67.95252991,Autumn,3
11/21/2033,18.50301933,20.40878296,16.81285477,8.870469093,0.647675037,101.9962616,5.425672531,6.415693283,239.1909943,239.5455933,20.13066101,67.90914917,Autumn,3
11/22/2033,18.35520363,20.26477432,16.66170502,8.777657509,0.648434222,102.0002975,5.450172901,6.445251942,240.3749084,240.7206879,20.00146484,67.87161255,Autumn,3
11/23/2033,18.20917702,20.12246704,16.5125885,8.687576294,0.649386585,102.0047913,5.473799229,6.473803043,241.5062561,241.8409576,19.873209,67.84004211,Autumn,3
11/24/2033,18.06514359,19.98206329,16.36569977,8.60033226,0.650501251,102.0097656,5.496492386,6.501279831,242.5841064,242.9056702,19.74601746,67.81451416,Autumn,3
11/25/2033,17.92329025,19.84376144,16.22122192,8.516010284,0.651749372,102.0152054,5.518200874,6.527625561,243.6078491,243.9145508,19.62000847,67.7950592,Autumn,3
11/26/2033,17.78380013,19.7077446,16.07933044,8.434679031,0.653104007,102.0211258,5.538878918,6.552785873,244.5772247,244.8676453,19.49529648,67.78168488,Autumn,3
11/27/2033,17.64683723,19.57419014,15.94017982,8.356393814,0.654539824,102.0275192,5.558486938,6.576717854,245.4924164,245.7654419,19.3719902,67.7743454,Autumn,3
11/28/2033,17.51255798,19.44325256,15.80391788,8.281188011,0.656034172,102.0343781,5.576990604,6.599383354,246.3538361,246.6085968,19.25019073,67.77295685,Autumn,3
11/29/2033,17.3810997,19.31508255,15.67067337,8.209085464,0.657566369,102.0416946,5.594364166,6.620751858,247.162323,247.3983307,19.12999344,67.77740479,Autumn,3
11/30/2033,17.25258636,19.18980789,15.54056072,8.140083313,0.659118533,102.0494614,5.61058712,6.640800953,247.9189911,248.1359863,19.01148224,67.78754425,Autumn,3
12/1/2033,17.1271286,19.06754303,15.41368103,8.074171066,0.660674691,102.0576553,5.625645161,6.659515858,248.6252289,248.823288,18.89474106,67.80317688,Winter,0
12/2/2033,17.00481987,18.94838715,15.29011345,8.01131916,0.662221193,102.0662537,5.639530659,6.676887512,249.2827759,249.4621735,18.77983475,67.82409668,Winter,0
12/3/2033,16.88573647,18.83241844,15.16992569,7.951482773,0.663747072,102.0752335,5.652242661,6.692916393,249.8935089,250.0548401,18.66683006,67.85004425,Winter,0
12/4/2033,16.76993561,18.71970367,15.05316734,7.894604683,0.665243328,102.0845642,5.663786888,6.707607746,250.4596405,250.6036377,18.5557785,67.88076782,Winter,0
12/5/2033,16.65746689,18.61029434,14.93987083,7.84060955,0.666703343,102.094223,5.674172878,6.720975399,250.9834595,251.111145,18.44672394,67.91596985,Winter,0
12/6/2033,16.54835701,18.50421715,14.83005619,7.789414406,0.668121994,102.1041718,5.683419704,6.733038425,251.4674835,251.5800323,18.33970451,67.9553299,Winter,0
12/7/2033,16.44261742,18.40148544,14.7237215,7.740923882,0.669496477,102.1143646,5.691547871,6.743824005,251.9144287,252.0130768,18.23474693,67.9985199,Winter,0
12/8/2033,16.3402462,18.30210495,14.62085438,7.695030212,0.670825243,102.1247711,5.698585987,6.753360748,252.326889,252.4131012,18.13187027,68.04519653,Winter,0
12/9/2033,16.24122047,18.20604897,14.5214262,7.65161705,0.672108591,102.1353455,5.704564571,6.761689186,252.7077179,252.78302,18.03108788,68.09501648,Winter,0
12/10/2033,16.14551353,18.11329079,14.42539215,7.610562325,0.673347771,102.1460419,5.70952177,6.768848896,253.0597076,253.1256866,17.93239975,68.14759827,Winter,0
12/11/2033,16.05307388,18.02378464,14.33269691,7.571734428,0.674544811,102.1568069,5.713498592,6.774887562,253.3856659,253.4439087,17.83580017,68.20257568,Winter,0
12/12/2033,15.96384811,17.93746567,14.24327278,7.534999847,0.675703049,102.1676025,5.716537952,6.779853821,253.688324,253.7404938,17.74128151,68.25959015,Winter,0
12/13/2033,15.87775707,17.85426712,14.15703678,7.500217438,0.676826,102.1783676,5.718688488,6.78380537,253.9703979,254.0181122,17.64882278,68.31827545,Winter,0
12/14/2033,15.79472351,17.77409744,14.07389641,7.467247009,0.6779176,102.189064,5.71999979,6.786796093,254.2345428,254.2792511,17.55840111,68.37825012,Winter,0
12/15/2033,15.71465588,17.69686508,13.99375439,7.435944557,0.678981304,102.1996231,5.720525265,6.788887501,254.483139,254.5263519,17.46998215,68.4391861,Winter,0
12/16/2033,15.63744926,17.62246704,13.91649818,7.40616703,0.680021346,102.2099991,5.720317841,6.790139675,254.7185364,254.7615967,17.38353157,68.50070953,Winter,0
12/17/2033,15.56299782,17.55079269,13.84201336,7.377775192,0.681040883,102.2201385,5.719434261,6.790616989,254.9428558,254.986969,17.29901123,68.56250763,Winter,0
12/18/2033,15.49118805,17.48171997,13.77017689,7.350627899,0.682042599,102.2299957,5.717930317,6.790383339,255.1580811,255.2043152,17.21637344,68.62425995,Winter,0
12/19/2033,15.42189789,17.41512489,13.70086288,7.324591637,0.683028519,102.2395172,5.715862751,6.789501667,255.3659058,255.4151459,17.13557243,68.68565369,Winter,0
12/20/2033,15.35500145,17.35088348,13.63393974,7.299536228,0.683999479,102.248642,5.713288784,6.7880373,255.5678253,255.6207428,17.05655861,68.74642181,Winter,0
12/21/2033,15.29037666,17.28886414,13.56927681,7.275337219,0.684955418,102.2573395,5.710264683,6.786053181,255.7651062,255.8221893,16.97927856,68.80628967,Winter,0
12/22/2033,15.22789574,17.22893333,13.50674057,7.251880169,0.685894847,102.2655487,5.70684576,6.783612251,255.958725,256.0202332,16.90367889,68.86502075,Winter,0
12/23/2033,15.16742897,17.17095947,13.44619751,7.229052544,0.686815202,102.2732315,5.703085899,6.780774117,256.1494141,256.2153931,16.82970619,68.92240906,Winter,0
12/24/2033,15.10885334,17.11481857,13.38751507,7.206755638,0.687712133,102.2803497,5.699037552,6.777599812,256.3377075,256.4079285,16.75730515,68.9782486,Winter,0
12/25/2033,15.05204296,17.06037521,13.33056641,7.184898376,0.688580096,102.2868652,5.694751263,6.774144173,256.5237427,256.5977783,16.68642235,69.03237915,Winter,0
12/26/2033,14.99687767,17.00750732,13.27522659,7.16339922,0.689411938,102.2927322,5.690274239,6.770462513,256.70755,256.7846985,16.61700821,69.08465576,Winter,0
12/27/2033,14.94324493,16.95610237,13.22137451,7.142185211,0.690199018,102.2979355,5.685653687,6.766603947,256.8887634,256.9681702,16.54900932,69.13496399,Winter,0
12/28/2033,14.89103317,16.90604401,13.16889763,7.121197224,0.690931261,102.3024368,5.680929661,6.762618065,257.0668945,257.1473999,16.48237801,69.18322754,Winter,0
12/29/2033,14.84013939,16.85722542,13.11768913,7.100384235,0.691597104,102.306221,5.676143169,6.758546829,257.2411804,257.3214417,16.41706848,69.22935486,Winter,0
12/30/2033,14.79046822,16.80955315,13.06764889,7.079708099,0.692183971,102.3092575,5.671330452,6.754432201,257.4106445,257.4891663,16.35303879,69.27331543,Winter,0
12/31/2033,14.74193192,16.76293564,13.01868248,7.059138298,0.692677736,102.3115463,5.66652298,6.750309467,257.5741577,257.6491394,16.29025269,69.31509399,Winter,0
1/1/2034,14.69445324,16.7172966,12.97071266,7.038657188,0.693063259,102.3130646,5.661750793,6.746211529,257.7302856,257.7999268,16.22867203,69.35469818,Winter,0
1/2/2034,14.64796162,16.67256927,12.92366028,7.018257141,0.693324804,102.3138199,5.657037735,6.742165089,257.8776245,257.9398193,16.1682682,69.39215088,Winter,0
1/3/2034,14.60239601,16.62868881,12.87746811,6.997941017,0.693445563,102.3138046,5.652406693,6.738196373,258.0145569,258.0671692,16.1090126,69.42750549,Winter,0
1/4/2034,14.55771065,16.58561325,12.83207798,6.977720261,0.69340843,102.3130188,5.647874832,6.734323502,258.1393127,258.1801147,16.05088806,69.46082306,Winter,0
1/5/2034,14.51386261,16.54330444,12.78744888,6.957615852,0.693195641,102.3114777,5.643456936,6.73056221,258.250061,258.2767944,15.99387455,69.4921875,Winter,0
1/6/2034,14.4708271,16.50173569,12.74354935,6.937655449,0.692790031,102.3092041,5.639163017,6.726922989,258.3450623,258.3552856,15.93796253,69.52171326,Winter,0
1/7/2034,14.42858124,16.46089745,12.70035362,6.917878151,0.69217366,102.3061981,5.634998798,6.723415375,258.4223938,258.4137878,15.88314438,69.54949951,Winter,0
1/8/2034,14.38712215,16.4207859,12.65785503,6.898326874,0.691329539,102.3024902,5.630969048,6.720040321,258.4801941,258.4504395,15.82941818,69.57567596,Winter,0
1/9/2034,14.34645081,16.38140678,12.61604881,6.879051685,0.690241039,102.298111,5.627073765,6.716798782,258.5166321,258.4634094,15.77678585,69.60038757,Winter,0
1/10/2034,14.30657482,16.34278107,12.5749464,6.860106468,0.688892722,102.2930908,5.623307705,6.713685989,258.5299988,258.4510498,15.72525501,69.62376404,Winter,0
1/11/2034,14.2675209,16.30493546,12.53456116,6.841552258,0.687269807,102.287468,5.6196661,6.71069622,258.5185547,258.4118042,15.67483902,69.64597321,Winter,0
1/12/2034,14.22931671,16.26791191,12.49492264,6.823451996,0.685358882,102.2812729,5.616140366,6.707817078,258.4807739,258.3442383,15.62555122,69.66716766,Winter,0
1/13/2034,14.19200134,16.2317524,12.45606709,6.80587101,0.683148026,102.2745438,5.612716675,6.705036163,258.4152222,258.2470703,15.57741356,69.6875,Winter,0
1/14/2034,14.15562153,16.19651794,12.41803646,6.788876534,0.680627227,102.2673416,5.609381676,6.702337265,258.3206482,258.1192017,15.53044891,69.70713806,Winter,0
1/15/2034,14.12022972,16.16226578,12.38088036,6.772536278,0.677788436,102.259697,5.606119156,6.699701786,258.1959229,257.9597778,15.48468113,69.72623444,Winter,0
1/16/2034,14.085886,16.12906647,12.34465599,6.756917953,0.674625158,102.2516708,5.602910995,6.697110176,258.0401611,257.7680969,15.44014168,69.74494934,Winter,0
1/17/2034,14.05265617,16.09699821,12.30942726,6.742090225,0.671133339,102.243309,5.599737167,6.69453907,257.8527222,257.5437317,15.39686203,69.76343536,Winter,0
1/18/2034,14.0206089,16.06613731,12.27526093,6.728115082,0.667311549,102.2346573,5.596575737,6.691965103,257.6330872,257.2864685,15.35487556,69.78184509,Winter,0
1/19/2034,13.98981667,16.03656387,12.2422266,6.715056419,0.663160324,102.2257843,5.593405724,6.68936348,257.3809814,256.9963379,15.31421947,69.80030823,Winter,0
1/20/2034,13.96035576,16.00836754,12.21040154,6.702972412,0.658682942,102.2167358,5.590202332,6.68670845,257.0964966,256.673645,15.27492714,69.8189621,Winter,0
1/21/2034,13.93230534,15.98163605,12.17986012,6.691917419,0.653885007,102.2075653,5.586942196,6.683973312,256.7797852,256.3188782,15.23703861,69.8379364,Winter,0
1/22/2034,13.90574074,15.95645332,12.15068054,6.681943893,0.648774624,102.1983185,5.583602428,6.681131363,256.431366,255.9328003,15.20058918,69.85734558,Winter,0
1/23/2034,13.88074112,15.93290901,12.12294197,6.673092842,0.64336282,102.189064,5.58015728,6.678156853,256.0519104,255.5164642,15.16561699,69.87728119,Winter,0
1/24/2034,13.85738564,15.91108513,12.09672546,6.665404797,0.637662649,102.1798477,5.576583385,6.675021648,255.6424103,255.0710449,15.13215923,69.89785767,Winter,0
1/25/2034,13.83574867,15.89106655,12.0721035,6.658913136,0.63168931,102.1707153,5.572857857,6.671700954,255.2039642,254.5979767,15.10025024,69.91913605,Winter,0
1/26/2034,13.81590176,15.87293625,12.04915619,6.653646469,0.625460744,102.1617126,5.568956375,6.668169498,254.7379456,254.0989685,15.06992531,69.94120026,Winter,0
1/27/2034,13.79791641,15.85676384,12.02795124,6.649620533,0.618997037,102.1528931,5.564858437,6.664401531,254.2459869,253.5757446,15.04121971,69.96411133,Winter,0
1/28/2034,13.78185654,15.84262371,12.00856113,6.646852016,0.612319708,102.1443024,5.560542107,6.660376072,253.7297516,253.0303955,15.01416016,69.98790741,Winter,0
1/29/2034,13.76778412,15.83057594,11.99104881,6.645345688,0.605452478,102.1359634,5.555987358,6.656069279,253.1911926,252.4649811,14.98877525,70.01263428,Winter,0
1/30/2034,13.75575161,15.82068062,11.9754734,6.645103455,0.598420322,102.1279297,5.551176548,6.651462078,252.6323242,251.8817749,14.9650898,70.03831482,Winter,0
1/31/2034,13.74580765,15.81299019,11.96189308,6.646118164,0.591249466,102.120224,5.546091557,6.646535397,252.0552979,251.2831116,14.94313145,70.06497192,Winter,0
2/1/2034,13.73799706,15.8075428,11.95035362,6.648376465,0.583967686,102.1128845,5.540718555,6.641272545,251.4623108,250.6713257,14.92291451,70.09260559,Winter,0
2/2/2034,13.73235321,15.8043766,11.94089794,6.651857853,0.576602995,102.1059265,5.535041809,6.635657787,250.8557281,250.0488586,14.90445614,70.12121582,Winter,0
2/3/2034,13.72890377,15.8035183,11.93356609,6.656540394,0.569183886,102.0993729,5.529051781,6.629679203,250.2378845,249.4181976,14.88777447,70.15079498,Winter,0
2/4/2034,13.72766876,15.80497932,11.92838287,6.662394047,0.561739504,102.0932388,5.522736549,6.623324394,249.6110687,248.7817078,14.87287235,70.18132782,Winter,0
2/5/2034,13.72866154,15.80877495,11.92537498,6.669382095,0.554298341,102.0875397,5.516089439,6.616585732,248.9776306,248.1417542,14.85975933,70.21278381,Winter,0
2/6/2034,13.73188591,15.81489944,11.92455482,6.677466393,0.546888769,102.082283,5.509102821,6.609455585,248.3398743,247.5005646,14.84843636,70.24514771,Winter,0
2/7/2034,13.73733711,15.82334614,11.92593193,6.6866045,0.539538383,102.0774689,5.501774788,6.601930618,247.6999664,246.8603516,14.83890629,70.27837372,Winter,0
2/8/2034,13.74500847,15.83409309,11.92950821,6.696750641,0.532273829,102.0730896,5.494101048,6.594007015,247.0599823,246.2230988,14.8311615,70.31243134,Winter,0
2/9/2034,13.75487995,15.84711742,11.93527508,6.707857609,0.525120258,102.0691528,5.486083031,6.585685253,246.4219208,245.5906982,14.82519627,70.34728241,Winter,0
2/10/2034,13.76692486,15.86238003,11.94322395,6.719871521,0.518101275,102.0656357,5.477720261,6.576965809,245.7875824,244.9647827,14.82099915,70.38288879,Winter,0
2/11/2034,13.78110981,15.87983894,11.9533329,6.732745171,0.511238754,102.0625229,5.469017982,6.567853928,245.1585236,244.3468018,14.81855774,70.41921234,Winter,0
2/12/2034,13.79739666,15.89944077,11.96557617,6.746423721,0.504552484,102.0597992,5.459981441,6.558352947,244.5362549,243.7380371,14.81785583,70.45620728,Winter,0
2/13/2034,13.81573963,15.92112923,11.97992229,6.760858059,0.49805966,102.0574417,5.450617313,6.548471928,243.9219666,243.1394348,14.81887436,70.49383545,Winter,0
2/14/2034,13.83608818,15.94483948,11.99633598,6.775994301,0.491775244,102.0554199,5.440934181,6.538219929,243.3165894,242.5517426,14.82159233,70.53206635,Winter,0
2/15/2034,13.85838223,15.97049999,12.01477242,6.791784286,0.485711157,102.0537109,5.430942059,6.527607441,242.7209015,241.9753876,14.82598972,70.57086182,Winter,0
2/16/2034,13.88256359,15.99803352,12.03518391,6.808179379,0.479876995,102.052269,5.420653343,6.516646862,242.1353302,241.4105682,14.83203888,70.61019897,Winter,0
2/17/2034,13.90856552,16.02736282,12.05752182,6.825137138,0.474278837,102.0510712,5.41008091,6.505352497,241.5600891,240.8571167,14.83971691,70.65003967,Winter,0
2/18/2034,13.93631935,16.05840302,12.08172798,6.84261322,0.468919933,102.0500717,5.39923954,6.493739605,240.9950714,240.3146515,14.84899426,70.69036865,Winter,0
2/19/2034,13.96575451,16.09106636,12.10774612,6.860569,0.463800579,102.0492401,5.388144493,6.481824398,240.4399261,239.782486,14.85984421,70.73116302,Winter,0
2/20/2034,13.99679661,16.12526512,12.13551521,6.878970146,0.458917618,102.0485153,5.376812935,6.46962595,239.8940887,239.2596588,14.87223816,70.77241516,Winter,0
2/21/2034,14.02936935,16.16090965,12.16497231,6.897787094,0.454265296,102.0478745,5.365262032,6.45716095,239.3565369,238.7449036,14.88615036,70.81410217,Winter,0
2/22/2034,14.06339836,16.1979084,12.1960535,6.916993141,0.449834257,102.0472641,5.35351038,6.444450855,238.8262024,238.2366791,14.90154839,70.85623169,Winter,0
2/23/2034,14.09880543,16.23617172,12.22869396,6.93656683,0.44561258,102.0466385,5.341578484,6.43151474,238.301651,237.7332764,14.91840744,70.89879608,Winter,0
2/24/2034,14.13551807,16.27560806,12.26282787,6.95649147,0.441585392,102.0459518,5.329484463,6.418375015,237.7812042,237.2326813,14.93669701,70.94180298,Winter,0
2/25/2034,14.17345905,16.3161335,12.29839134,6.976756096,0.437735379,102.045166,5.317249775,6.405052185,237.2630005,236.7326965,14.9563942,70.98525238,Winter,0
2/26/2034,14.21255684,16.35766029,12.33531761,6.997356415,0.434042364,102.0442429,5.304895401,6.391570091,236.7449799,236.2309265,14.9774704,71.02915955,Winter,0
2/27/2034,14.25274086,16.40010834,12.37354469,7.018287659,0.430484354,102.043129,5.292442799,6.377949715,236.224884,235.7248688,14.99990559,71.07352448,Winter,0
2/28/2034,14.29394531,16.44340134,12.4130125,7.039554119,0.427036971,102.0417862,5.279912472,6.364215851,235.7003326,235.2118073,15.02367115,71.11837769,Winter,0
3/1/2034,14.33610153,16.48745918,12.45365906,7.061163902,0.423674494,102.040184,5.267327309,6.350389481,235.1687469,234.6889801,15.04874992,71.16372681,Spring,1
3/2/2034,14.37915325,16.53222084,12.49542999,7.083128929,0.420369774,102.0382843,5.25470829,6.336496353,234.627594,234.1535492,15.07511997,71.20957947,Spring,1
3/3/2034,14.42304325,16.57761765,12.53826904,7.105465889,0.41709426,102.0360489,5.242077351,6.322556973,234.0741119,233.6026001,15.10276413,71.25596619,Spring,1
3/4/2034,14.46771622,16.62359619,12.58212662,7.128193378,0.413818777,102.0334473,5.229455948,6.308596611,233.5056,233.0332947,15.13166618,71.30287933,Spring,1
3/5/2034,14.51312828,16.67009926,12.62695313,7.151334763,0.410514027,102.0304565,5.216866493,6.294638157,232.919281,232.4427338,15.16181374,71.35034943,Spring,1
3/6/2034,14.55923462,16.71708298,12.67270756,7.174916267,0.407150358,102.0270615,5.204329014,6.280703068,232.3125458,231.8281097,15.19318962,71.39837646,Spring,1
3/7/2034,14.60599709,16.76451111,12.71934509,7.198966026,0.403698474,102.0232239,5.191864491,6.266815662,231.6826782,231.1867981,15.22578621,71.44696808,Spring,1
3/8/2034,14.65338135,16.8123455,12.76683235,7.223513603,0.400129735,102.0189362,5.179494381,6.252996922,231.0271606,230.5161896,15.25959396,71.49612427,Spring,1
3/9/2034,14.70136452,16.86056137,12.81513309,7.248588562,0.396416783,102.0141907,5.167237759,6.239269257,230.3435974,229.8138733,15.29460335,71.54584503,Spring,1
3/10/2034,14.74991894,16.90914154,12.86421967,7.274224281,0.392533332,102.0089798,5.155114651,6.225653648,229.629715,229.0776672,15.3308115,71.59611511,Spring,1
3/11/2034,14.7990284,16.95806694,12.91406441,7.300451756,0.388455033,102.0032959,5.143143654,6.212171555,228.8834076,228.3055878,15.36820984,71.64691162,Spring,1
3/12/2034,14.8486805,17.00732994,12.96465111,7.32730341,0.384159267,101.9971313,5.131343365,6.198842049,228.10289,227.4959106,15.40679932,71.69822693,Spring,1
3/13/2034,14.89886475,17.05693054,13.01595402,7.3548069,0.379626215,101.990509,5.119731426,6.185686111,227.2864685,226.6472015,15.44657135,71.75003052,Spring,1
3/14/2034,14.94957924,17.10686874,13.06796169,7.382992268,0.374838352,101.983429,5.108324528,6.172720909,226.4328613,225.7582855,15.4875288,71.80226135,Spring,1
3/15/2034,15.00081921,17.15715408,13.12066174,7.411886215,0.369781286,101.9758987,5.097139359,6.159965515,225.5409241,224.8283081,15.52966785,71.85490417,Spring,1
3/16/2034,15.05259132,17.20780182,13.17404366,7.441513062,0.364443243,101.9679489,5.086190224,6.147436619,224.6099854,223.8568268,15.57298851,71.90788269,Spring,1
3/17/2034,15.10490417,17.25882721,13.22810364,7.471892357,0.358816385,101.9595871,5.075491428,6.135150433,223.6395264,222.8436737,15.61749077,71.96113586,Spring,1
3/18/2034,15.15776253,17.31024551,13.28283691,7.503044128,0.352895916,101.9508438,5.065057755,6.123122215,222.6294403,221.7890625,15.66317368,72.01461029,Spring,1
3/19/2034,15.21118259,17.36208725,13.33824253,7.53497839,0.346680701,101.9417496,5.054899693,6.111365318,221.5800018,220.693512,15.71003437,72.06821442,Spring,1
3/20/2034,15.26517773,17.41437531,13.39431858,7.567708015,0.340173304,101.9323349,5.045028687,6.099894047,220.4917145,219.5580292,15.75807381,72.12186432,Spring,1
3/21/2034,15.31976318,17.4671402,13.45106888,7.601236343,0.333379954,101.9226303,5.035456181,6.088718891,219.3655396,218.3838348,15.80728722,72.17547607,Spring,1
3/22/2034,15.37495613,17.52040863,13.50849628,7.635565758,0.326310515,101.912674,5.026189327,6.077850342,218.202713,217.1726074,15.85767365,72.22893524,Spring,1
3/23/2034,15.4307785,17.57421494,13.56660461,7.67069149,0.318978548,101.9025116,5.017236233,6.067298412,217.004837,215.9263611,15.90923023,72.28215027,Spring,1
3/24/2034,15.48724747,17.62858963,13.62540054,7.706605434,0.311401159,101.8921814,5.008603096,6.057069302,215.7738037,214.6473846,15.9619503,72.33500671,Spring,1
3/25/2034,15.5443821,17.68356323,13.68488789,7.743296146,0.30359894,101.8817215,5.000294209,6.047169685,214.5118561,213.3383179,16.01582718,72.3874054,Spring,1
3/26/2034,15.60220242,17.73917007,13.74507332,7.780743599,0.295595616,101.8711777,4.992314339,6.037603855,213.2215424,212.0021057,16.07085419,72.43920135,Spring,1
3/27/2034,15.66072655,17.79543686,13.80596352,7.818925858,0.287418097,101.8606033,4.984663486,6.028374672,211.9056091,210.6419373,16.12702179,72.49031067,Spring,1
3/28/2034,15.71997261,17.85239029,13.86756229,7.857818604,0.279095978,101.8500366,4.977343559,6.019483566,210.5671692,209.2612762,16.18432045,72.54058075,Spring,1
3/29/2034,15.77995682,17.91006088,13.92987728,7.897392273,0.270661443,101.8395233,4.970351696,6.010929108,209.2094879,207.8637543,16.24273682,72.58992004,Spring,1
3/30/2034,15.84069443,17.96846962,13.99291325,7.93761158,0.262149006,101.8291168,4.963685989,6.002708912,207.8359985,206.4532166,16.30225754,72.63819885,Spring,1
3/31/2034,15.9022007,18.0276413,14.0566721,7.978441238,0.253594846,101.8188629,4.957341671,5.994817734,206.4503784,205.0335999,16.36287117,72.68531036,Spring,1
4/1/2034,15.96448708,18.08759689,14.12116146,8.019841194,0.245036751,101.8088074,4.951311588,5.987250805,205.0563965,203.6090546,16.42455482,72.73114014,Spring,1
4/2/2034,16.02756119,18.14834595,14.18638134,8.061770439,0.236513466,101.7989807,4.945588589,5.979997635,203.6579285,202.1836853,16.48729515,72.77558136,Spring,1
4/3/2034,16.09143448,18.20990372,14.25233459,8.104187012,0.228064954,101.789444,4.940161705,5.973047733,202.2588806,200.7617188,16.55107307,72.81853485,Spring,1
4/4/2034,16.15611267,18.27228546,14.31902218,8.147046089,0.21973069,101.7802277,4.935019493,5.966388702,200.8632355,199.3473206,16.61586761,72.85991669,Spring,1
4/5/2034,16.22159767,18.33549309,14.38644695,8.190303802,0.211550578,101.7713699,4.930148602,5.960006714,199.4749451,197.9446106,16.68165779,72.89963531,Spring,1
4/6/2034,16.2878952,18.39953041,14.45460606,8.233915329,0.203563526,101.7629166,4.925533772,5.953883648,198.0978394,196.5576477,16.74842453,72.9376297,Spring,1
4/7/2034,16.35500336,18.46439743,14.52350044,8.277839661,0.195807904,101.7548904,4.92115736,5.948000908,196.7357483,195.1903076,16.81614494,72.97383118,Spring,1
4/8/2034,16.42292213,18.53009415,14.59313011,8.322032928,0.188320115,101.7473297,4.917001724,5.942337036,195.3923798,193.8463898,16.88479614,73.00817871,Spring,1
4/9/2034,16.49164772,18.59661102,14.66349316,8.366456985,0.181134805,101.7402573,4.91304493,5.936870098,194.071167,192.5294189,16.95435715,73.04064941,Spring,1
4/10/2034,16.56117821,18.66394424,14.73458862,8.411073685,0.174284384,101.7337036,4.909265995,5.931574345,192.7754517,191.242691,17.02480698,73.07121277,Spring,1
4/11/2034,16.63150787,18.73208237,14.8064146,8.455852509,0.167798534,101.727684,4.905640602,5.926422596,191.5083008,189.9892731,17.09612465,73.09986115,Spring,1
4/12/2034,16.70262909,18.80101395,14.87897015,8.500762939,0.161703974,101.7222137,4.902143478,5.921387196,190.2725372,188.7718811,17.168293,73.12658691,Spring,1
4/13/2034,16.77453804,18.87072182,14.95225716,8.545781136,0.156023577,101.7173233,4.898748398,5.916437626,189.0706482,187.592926,17.24128914,73.15140533,Spring,1
4/14/2034,16.8472271,18.94119453,15.02627373,8.59088707,0.150776744,101.7130127,4.895427227,5.911541462,187.9048615,186.4544373,17.31509781,73.17434692,Spring,1
4/15/2034,16.92069244,19.01241684,15.10102367,8.636065483,0.145978987,101.7092819,4.892150879,5.906666279,186.7770233,185.3581696,17.38970566,73.19544983,Spring,1
4/16/2034,16.99492455,19.08437157,15.17650795,8.681312561,0.141641453,101.7061462,4.888890266,5.901777744,185.6886292,184.3052979,17.46509743,73.21478271,Spring,1
4/17/2034,17.06992149,19.15704346,15.25273132,8.726621628,0.137770548,101.7036057,4.885612965,5.896840572,184.6408386,183.296814,17.54126549,73.23239136,Spring,1
4/18/2034,17.14567566,19.23041916,15.32969952,8.772000313,0.134368241,101.7016525,4.882288456,5.89181757,183.6343689,182.3331757,17.6182003,73.24837494,Spring,1
4/19/2034,17.22218704,19.30448151,15.40742207,8.817459106,0.131431893,101.7002792,4.878884315,5.88667345,182.6695862,181.4143982,17.69589996,73.26280975,Spring,1
4/20/2034,17.29945564,19.37922096,15.48590469,8.863017082,0.128953829,101.6994781,4.875369072,5.881369114,181.7464294,180.5401459,17.77435493,73.27580261,Spring,1
4/21/2034,17.37748146,19.45462799,15.56516171,8.908699036,0.126921862,101.699234,4.871708393,5.875869274,180.8644562,179.7096252,17.85357475,73.2874527,Spring,1
4/22/2034,17.4562664,19.53069305,15.64520836,8.954536438,0.125318363,101.6995316,4.867870808,5.87013483,180.0228424,178.9216614,17.93355942,73.29788971,Spring,1
4/23/2034,17.53582001,19.60741043,15.72605801,9.000567436,0.124121733,101.7003479,4.863824844,5.864129066,179.2203674,178.1746826,18.01432037,73.30722046,Spring,1
4/24/2034,17.61614799,19.68478012,15.80773067,9.046837807,0.123305298,101.7016754,4.859538078,5.857816696,178.4554443,177.4667511,18.09586525,73.3155899,Spring,1
4/25/2034,17.69726181,19.76280212,15.89024734,9.093399048,0.122838438,101.703476,4.854979992,5.851161003,177.7261658,176.7955322,18.17821312,73.32311249,Spring,1
4/26/2034,17.77917862,19.84148026,15.97363377,9.140306473,0.122685552,101.7057266,4.850121021,5.844129086,177.0302277,176.1583862,18.26138115,73.32992554,Spring,1
4/27/2034,17.86191177,19.92082596,16.05791473,9.18762207,0.122808203,101.7084045,4.844932079,5.836686134,176.3650513,175.5523682,18.34539032,73.33615875,Spring,1
4/28/2034,17.94548416,20.00085258,16.14311981,9.235414505,0.123163566,101.7114792,4.839386463,5.828802109,175.7277679,174.9742432,18.43026924,73.3419342,Spring,1
4/29/2034,18.02991676,20.0815773,16.22927475,9.283753395,0.123705961,101.7149124,4.8334589,5.820447445,175.1153107,174.4205475,18.51604462,73.34738922,Spring,1
4/30/2034,18.1152401,20.16301727,16.31641388,9.332714081,0.124386743,101.7186813,4.827124596,5.811596394,174.5243073,173.887619,18.60275078,73.35263062,Spring,1
5/1/2034,18.20148087,20.24520302,16.40457535,9.382371902,0.125154957,101.7227478,4.820364475,5.802222252,173.9512939,173.3716278,18.69042015,73.3577652,Spring,1
5/2/2034,18.28866959,20.32816315,16.49379349,9.432808876,0.125957668,101.7270813,4.813157558,5.792305946,173.3926239,172.868576,18.77909088,73.36289978,Spring,1
5/3/2034,18.3768425,20.41192818,16.58409882,9.484103203,0.126740396,101.7316437,4.80548811,5.781825542,172.8445282,172.3745117,18.86880112,73.36811829,Spring,1
5/4/2034,18.46603584,20.49654007,16.67553329,9.536336899,0.127447948,101.736412,4.797342777,5.770768642,172.3032227,171.8852997,18.95959663,73.37348938,Spring,1
5/5/2034,18.55628586,20.58203888,16.76813889,9.589587212,0.128024369,101.7413406,4.788709641,5.759121418,171.7648773,171.3968811,19.05151558,73.37908173,Spring,1
5/6/2034,18.6476326,20.66846466,16.86194229,9.643935204,0.128414094,101.7464066,4.779582024,5.74687624,171.225708,170.9052734,19.14460373,73.38493347,Spring,1
5/7/2034,18.74011993,20.75586891,16.9569931,9.699457169,0.128561974,101.7515717,4.769953728,5.734026909,170.6819458,170.4065247,19.23890686,73.3910675,Spring,1
5/8/2034,18.8337841,20.84429932,17.05332184,9.756223679,0.128414139,101.7568054,4.759825706,5.720574379,170.1300049,169.8968811,19.33446884,73.39749908,Spring,1
5/9/2034,18.92866707,20.93380737,17.15096283,9.814306259,0.127918378,101.7620773,4.74919796,5.706520081,169.566452,169.3727112,19.43133354,73.40421295,Spring,1
5/10/2034,19.02481079,21.02444458,17.24995041,9.873765945,0.127024606,101.7673645,4.738077164,5.691872597,168.987915,168.8306885,19.52954483,73.41116333,Spring,1
5/11/2034,19.12225342,21.11626053,17.35031509,9.934661865,0.125685677,101.7726288,4.726470947,5.676641941,168.3914337,168.2676849,19.62914467,73.41830444,Spring,1
5/12/2034,19.221035,21.20931625,17.4520874,9.99704361,0.123857304,101.7778549,4.714393139,5.660843372,167.774231,167.6808777,19.73017311,73.42555237,Spring,1
5/13/2034,19.32119179,21.30365753,17.55529022,10.06095695,0.12149895,101.7830124,4.701858521,5.644497395,167.1337738,167.0677643,19.8326664,73.43281555,Spring,1
5/14/2034,19.42275429,21.39933777,17.65994453,10.12643433,0.118574478,101.7880783,4.688886642,5.627626419,166.4679718,166.426239,19.93666077,73.43997192,Spring,1
5/15/2034,19.52575302,21.49640656,17.76606369,10.19350433,0.115051687,101.7930374,4.67550087,5.610257149,165.7749939,165.7545624,20.04218674,73.44687653,Spring,1
5/16/2034,19.6302166,21.59490967,17.87366486,10.26218319,0.110903397,101.7978592,4.661725998,5.592422009,165.0534973,165.0513916,20.1492691,73.45336914,Spring,1
5/17/2034,19.73616409,21.69488907,17.98275375,10.33247948,0.106107391,101.8025436,4.647591114,5.574155331,164.3024139,164.3158264,20.25793266,73.45926666,Spring,1
5/18/2034,19.84361267,21.79638672,18.09332657,10.40439034,0.100647219,101.8070679,4.633128643,5.555495262,163.5212097,163.5473633,20.36819267,73.46435547,Spring,1
5/19/2034,19.95257378,21.89943695,18.20537949,10.47790146,0.094511412,101.8114166,4.618373871,5.536481857,162.7097473,162.7460632,20.48006058,73.46843719,Spring,1
5/20/2034,20.06305504,22.00406647,18.31890106,10.55298996,0.087694623,101.8155823,4.603361607,5.517161369,161.8682861,161.9123383,20.5935421,73.47126007,Spring,1
5/21/2034,20.17505074,22.11030197,18.43387604,10.62962055,0.080196947,101.8195572,4.588133812,5.497580051,160.9976044,161.0470886,20.70863533,73.47257996,Spring,1
5/22/2034,20.28855705,22.21815491,18.5502739,10.70774841,0.072024681,101.8233337,4.572731018,5.477787971,160.0988464,160.1516418,20.82533264,73.47212982,Spring,1
5/23/2034,20.40355492,22.32763672,18.66806412,10.78731918,0.063189991,101.8269043,4.55719614,5.457835197,159.1736603,159.2278137,20.94362068,73.46963501,Spring,1
5/24/2034,20.52002716,22.43875122,18.78720474,10.86826324,0.053710159,101.8302689,4.541574478,5.437775612,158.2240601,158.277832,21.06347656,73.46482086,Spring,1
5/25/2034,20.63793945,22.55149078,18.90765381,10.95050812,0.043608911,101.8334274,4.525913239,5.417664528,157.2525024,157.3043365,21.18487358,73.45740509,Spring,1
5/26/2034,20.75725555,22.66584015,19.02934837,11.03396606,0.032915026,101.8363724,4.510256767,5.397555828,156.2618408,156.3103485,21.30776978,73.44707489,Spring,1
5/27/2034,20.87792778,22.78177261,19.15223503,11.11854172,0.021662677,101.8391037,4.494653702,5.377506733,155.2552643,155.2992249,21.43212509,73.43356323,Spring,1
5/28/2034,20.99990273,22.89926338,19.27623749,11.20413208,0.009890623,101.8416367,4.479150772,5.357572079,154.2363281,154.2747498,21.55788422,73.41656494,Spring,1
5/29/2034,21.12311935,23.01826477,19.40128326,11.29062557,-0.00235742,101.8439636,4.463794708,5.337808132,153.2089081,153.2409058,21.68498802,73.39580536,Spring,1
5/30/2034,21.2475071,23.13872719,19.52729034,11.37790489,-0.015033525,101.8460922,4.448633671,5.318269253,152.1770935,152.2019501,21.81337166,73.3710022,Spring,1
5/31/2034,21.37298775,23.26059341,19.65416336,11.4658432,-0.028086038,101.8480225,4.433711052,5.299008846,151.1452637,151.1624298,21.94295692,73.34190369,Spring,1
6/1/2034,21.49947739,23.38378906,19.78181267,11.55431461,-0.041459866,101.8497696,4.419072151,5.280079365,150.1179962,150.1269836,22.07366371,73.30825043,Summer,2
6/2/2034,21.62688065,23.50823975,19.91013336,11.64318275,-0.055097286,101.8513336,4.404757977,5.261530876,149.0999603,149.1004333,22.20540619,73.26980591,Summer,2
6/3/2034,21.75510216,23.63385773,20.03901863,11.7323103,-0.06893795,101.8527298,4.390809059,5.24340868,148.095993,148.0876923,22.33808327,73.22636414,Summer,2
6/4/2034,21.88403511,23.76054764,20.16835785,11.82155895,-0.082919858,101.8539505,4.377264977,5.225759983,147.1109772,147.0937042,22.47159958,73.17771912,Summer,2
6/5/2034,22.01356697,23.88820648,20.29803467,11.91078758,-0.096979566,101.8550186,4.364159584,5.208623886,146.1498413,146.1233826,22.60584259,73.12371826,Summer,2
6/6/2034,22.14357758,24.01671982,20.42793274,11.99985695,-0.111053571,101.8559265,4.351524353,5.19203949,145.2173462,145.1816101,22.74070358,73.06420898,Summer,2
6/7/2034,22.27395058,24.14597702,20.55792618,12.08862782,-0.125077486,101.8566971,4.339388847,5.176039219,144.3183289,144.2731323,22.8760643,72.99908447,Summer,2
6/8/2034,22.40455818,24.27584457,20.6878891,12.17696285,-0.138987795,101.8573227,4.327777863,5.160653114,143.4574585,143.4025879,23.01180649,72.9282608,Summer,2
6/9/2034,22.53527069,24.4061985,20.81769943,12.26473045,-0.152722135,101.8578186,4.31671381,5.145905972,142.6391754,142.5743713,23.14780235,72.85168457,Summer,2
6/10/2034,22.6659565,24.53689957,20.94722939,12.35179901,-0.166219577,101.8581924,4.306212425,5.131818771,141.867691,141.7926941,23.28392792,72.76934814,Summer,2
6/11/2034,22.79648018,24.66781616,21.07635117,12.43804741,-0.179421365,101.8584442,4.29628849,5.118405342,141.1470337,141.0614166,23.42004967,72.68126678,Summer,2
6/12/2034,22.92671013,24.79879761,21.2049408,12.52335548,-0.192271709,101.8585739,4.286952019,5.105677605,140.4808655,140.384079,23.55603981,72.58750153,Summer,2
6/13/2034,23.05650902,24.92969894,21.3328743,12.60762024,-0.204717696,101.8586044,4.278205872,5.093640804,139.8725281,139.7639313,23.69176674,72.48814392,Summer,2
6/14/2034,23.18573952,25.0603714,21.46002579,12.69073486,-0.21671021,101.8585281,4.270051003,5.082294941,139.3249512,139.2037659,23.82709694,72.38332367,Summer,2
6/15/2034,23.31427193,25.19067001,21.5862751,12.7726078,-0.228204086,101.858345,4.262484074,5.071634293,138.8407288,138.7059326,23.96190071,72.27320862,Summer,2
6/16/2034,23.44197083,25.32044983,21.71151161,12.85315895,-0.239158928,101.8580704,4.255496025,5.061649323,138.4219055,138.2723846,24.09604263,72.15799713,Summer,2
6/17/2034,23.56871033,25.44955444,21.83562088,12.93231201,-0.24953872,101.8576889,4.249074936,5.052325249,138.0701752,137.9045715,24.22940254,72.03794098,Summer,2
6/18/2034,23.69436455,25.5778389,21.95849609,13.01000786,-0.25931251,101.8572235,4.243204117,5.04364109,137.7866669,137.6034546,24.36184692,71.91329956,Summer,2
6/19/2034,23.8188076,25.70516968,22.08003616,13.0861969,-0.268455327,101.8566589,4.237861633,5.035573006,137.5720673,137.3695679,24.49325562,71.78439331,Summer,2
6/20/2034,23.94192696,25.83139801,22.20014572,13.16083527,-0.276946843,101.8560028,4.233023643,5.028090954,137.4264679,137.2028046,24.62351418,71.65156555,Summer,2
6/21/2034,24.06361008,25.95638657,22.31873512,13.23390007,-0.284772605,101.8552551,4.228660583,5.021161556,137.3495941,137.1026611,24.75250244,71.51517487,Summer,2
6/22/2034,24.18375397,26.08001328,22.43572426,13.30537224,-0.291924149,101.8544159,4.224742413,5.01474762,137.3405304,137.0680847,24.88010788,71.37563324,Summer,2
6/23/2034,24.30225754,26.20214081,22.55103683,13.37524605,-0.298398286,101.8534851,4.221232891,5.008808136,137.3979034,137.0974884,25.00623322,71.23336029,Summer,2
6/24/2034,24.41903114,26.32266235,22.66460228,13.44352722,-0.304197282,101.8524551,4.218094826,5.003297806,137.5198212,137.1888885,25.13077354,71.08879852,Summer,2
6/25/2034,24.53398705,26.44145584,22.77636909,13.51023483,-0.309329033,101.8513336,4.215289116,4.998171329,137.7039642,137.3397522,25.25363922,70.94242859,Summer,2
6/26/2034,24.64705276,26.55841827,22.88627815,13.57539749,-0.3138071,101.8501205,4.212771893,4.993378162,137.9474487,137.5471344,25.3747406,70.79472351,Summer,2
6/27/2034,24.75815582,26.67345428,22.99428558,13.63904762,-0.317649394,101.8488083,4.210501194,4.98886776,138.2470398,137.8077087,25.49399948,70.64618683,Summer,2
6/28/2034,24.86723709,26.78647232,23.10035706,13.701231,-0.320878923,101.8474045,4.20843029,4.984586716,138.5990295,138.1176758,25.61133957,70.49732971,Summer,2
6/29/2034,24.97424507,26.89739227,23.20446777,13.76200676,-0.323523164,101.8458939,4.206514835,4.980483055,138.9993744,138.4729462,25.72669601,70.34866333,Summer,2
6/30/2034,25.07913589,27.00614166,23.30658913,13.82143402,-0.325613528,101.8442917,4.204708576,4.976501942,139.4436188,138.8690948,25.84000969,70.20069885,Summer,2
7/1/2034,25.1818676,27.11265564,23.40671158,13.87958145,-0.327184618,101.8425903,4.202964783,4.972590923,139.927063,139.3014221,25.95122719,70.05397034,Summer,2
7/2/2034,25.28241539,27.21687698,23.50482941,13.93652344,-0.328274578,101.8407898,4.201238632,4.968696117,140.4447784,139.7649841,26.06030273,69.90897369,Summer,2
7/3/2034,25.38075638,27.31875992,23.6009388,13.99233818,-0.328924119,101.8388977,4.199486732,4.964767933,140.9914551,140.2546692,26.16719437,69.76622009,Summer,2
7/4/2034,25.47687912,27.4182663,23.69504738,14.04710579,-0.329175591,101.8369064,4.197664261,4.960754871,141.5617828,140.7651978,26.27186966,69.62620544,Summer,2
7/5/2034,25.57077026,27.5153656,23.78716469,14.10091209,-0.32907328,101.8348236,4.195731163,4.956611156,142.150238,141.2912903,26.37430382,69.48940277,Summer,2
7/6/2034,25.66243362,27.61003113,23.87730789,14.15384293,-0.32866174,101.8326492,4.193649292,4.952292442,142.7512512,141.8275452,26.47447586,69.35626221,Summer,2
7/7/2034,25.75187111,27.70225143,23.96549988,14.2059803,-0.327986419,101.8303833,4.191381454,4.947757721,143.3592072,142.368576,26.57236671,69.22723389,Summer,2
7/8/2034,25.83909225,27.79201508,24.05175781,14.25741005,-0.327091932,101.8280411,4.188897133,4.942968845,143.9685516,142.9091034,26.66797256,69.10270691,Summer,2
7/9/2034,25.92411423,27.87931824,24.13611603,14.30821037,-0.326022476,101.8256149,4.186165333,4.937893867,144.5738068,143.4439545,26.76128197,68.98308563,Summer,2
7/10/2034,26.00695419,27.96416855,24.21860123,14.35845947,-0.324820191,101.8231201,4.183161736,4.932505131,145.1695557,143.9680786,26.85229683,68.86869812,Summer,2
7/11/2034,26.08763313,28.04656982,24.29924583,14.40822601,-0.32352525,101.8205643,4.179864883,4.926778793,145.7506714,144.4766541,26.94101715,68.75987244,Summer,2
7/12/2034,26.16617393,28.12653732,24.37807846,14.45757866,-0.322175056,101.8179398,4.176258087,4.920695782,146.3121948,144.9651642,27.02745056,68.65689087,Summer,2
7/13/2034,26.2426033,28.2040863,24.45512962,14.50657463,-0.320804328,101.8152771,4.172329426,4.914244652,146.8494415,145.429306,27.11160278,68.55998993,Summer,2
7/14/2034,26.31694794,28.27923584,24.53043365,14.55526352,-0.319443405,101.8125687,4.168071747,4.907419205,147.3580322,145.8652191,27.19348907,68.46937561,Summer,2
7/15/2034,26.38923454,28.35200882,24.60401726,14.60368347,-0.318118632,101.8098297,4.163482666,4.90021801,147.8339539,146.2692566,27.27311325,68.3852005,Summer,2
7/16/2034,26.45948982,28.42242813,24.67590523,14.65187073,-0.316851646,101.8070679,4.158565521,4.892645836,148.2735901,146.6383972,27.35049438,68.30760193,Summer,2
7/17/2034,26.52774048,28.49051666,24.74612808,14.69984245,-0.315659374,101.8042984,4.153327942,4.884714603,148.6737366,146.9698486,27.42564392,68.23664856,Summer,2
7/18/2034,26.59400368,28.5562973,24.81469727,14.74760818,-0.314553112,101.8015289,4.147783279,4.876441479,149.0316467,147.2613831,27.49856949,68.17237091,Summer,2
7/19/2034,26.65830612,28.61979294,24.88163376,14.79516792,-0.313538522,101.7987747,4.141950607,4.867849827,149.3450928,147.5112762,27.56928635,68.11476898,Summer,2
7/20/2034,26.72066116,28.68102264,24.94694519,14.84250259,-0.312615782,101.796051,4.135850906,4.858969212,149.6122284,147.7181702,27.63780594,68.06380463,Summer,2
7/21/2034,26.78108406,28.74000549,25.01063728,14.88958931,-0.311778367,101.7933578,4.129515648,4.849833488,149.8318787,147.8813782,27.70413208,68.01937866,Summer,2
7/22/2034,26.83957863,28.79676437,25.07271194,14.93638802,-0.311014622,101.7907181,4.122974396,4.840484619,150.0032043,148.0006256,27.76827812,67.98136902,Summer,2
7/23/2034,26.89615059,28.85129929,25.13315964,14.98284721,-0.310306072,101.788147,4.116267204,4.830966949,150.1260834,148.0761719,27.83024025,67.94960785,Summer,2
7/24/2034,26.95080185,28.90362549,25.19196892,15.02890396,-0.309628576,101.7856522,4.109434128,4.821331501,150.2007599,148.1087341,27.89001846,67.92390442,Summer,2
7/25/2034,27.00351906,28.95374298,25.2491169,15.07448387,-0.308951765,101.7832489,4.102519989,4.81163311,150.2280731,148.0996399,27.94761467,67.90401459,Summer,2
7/26/2034,27.05429077,29.00165176,25.30457687,15.1194973,-0.308239877,101.7809448,4.095574379,4.801930904,150.2094269,148.0505524,28.00301743,67.88967896,Summer,2
7/27/2034,27.10309792,29.04734802,25.35832214,15.16385078,-0.307451338,101.7787552,4.088648796,4.79228735,150.1465912,147.9637451,28.0562191,67.8806076,Summer,2
7/28/2034,27.14991379,29.0908165,25.41030121,15.20742989,-0.306539595,101.7766953,4.0817976,4.782767773,150.0419006,147.8418274,28.10720253,67.87647247,Summer,2
7/29/2034,27.19470787,29.13203812,25.46047401,15.25012398,-0.305453032,101.7747726,4.075078011,4.773439407,149.8981476,147.6878357,28.15594864,67.8769455,Summer,2
7/30/2034,27.23743629,29.1709938,25.50878334,15.29180527,-0.304135829,101.7730026,4.068547726,4.764374256,149.7184601,147.5052185,28.20243645,67.88166046,Summer,2
7/31/2034,27.27806282,29.20765305,25.55517387,15.33234215,-0.302528143,101.7713928,4.06226635,4.755640984,149.506485,147.29776,28.24663734,67.89025116,Summer,2
8/1/2034,27.31653404,29.24197388,25.59957123,15.37159157,-0.300566733,101.7699509,4.056293964,4.747313499,149.2661133,147.0695343,28.28851891,67.90232086,Summer,2
8/2/2034,27.35279274,29.27392578,25.64191055,15.40941238,-0.298185706,101.7686844,4.050690651,4.739462852,149.0016327,146.8248749,28.32804871,67.9174881,Summer,2
8/3/2034,27.38677788,29.30346298,25.68211365,15.44565201,-0.295316666,101.7676086,4.045517445,4.732161045,148.7175293,146.5683746,28.3651886,67.93534851,Summer,2
8/4/2034,27.41842651,29.33052826,25.7201004,15.48016357,-0.291889936,101.766716,4.040831566,4.725476265,148.4185791,146.304718,28.39989281,67.955513,Summer,2
8/5/2034,27.44767189,29.35507965,25.7557888,15.51279449,-0.287835002,101.7660294,4.036690712,4.71947813,148.1097412,146.0388336,28.43211937,67.97757721,Summer,2
8/6/2034,27.47443771,29.37704849,25.78909111,15.54338837,-0.283081114,101.7655411,4.033150673,4.714232445,147.7960663,145.7756348,28.4618206,68.00115967,Summer,2
8/7/2034,27.4986515,29.39638138,25.81991386,15.57179642,-0.277558208,101.7652664,4.030262947,4.70980072,147.4827118,145.5201111,28.4889431,68.02589417,Summer,2
8/8/2034,27.52024078,29.41301346,25.84817505,15.59787369,-0.27119717,101.7651978,4.028078079,4.706242085,147.1748505,145.2771606,28.5134449,68.05140686,Summer,2
8/9/2034,27.53912163,29.4268837,25.87377739,15.62147522,-0.263931453,101.7653351,4.026641846,4.703610897,146.8777313,145.0517273,28.53526497,68.07735443,Summer,2
8/10/2034,27.55522156,29.43791962,25.89663696,15.64246368,-0.255696893,101.765686,4.025994778,4.701956272,146.5964203,144.8485107,28.55435562,68.10341644,Summer,2
8/11/2034,27.56846428,29.446064,25.91666031,15.66070366,-0.246433228,101.7662506,4.026175976,4.701323032,146.335907,144.6721649,28.57065964,68.12928772,Summer,2
8/12/2034,27.5787735,29.45125198,25.93376732,15.6760807,-0.236083746,101.7670288,4.027216434,4.701748848,146.1010742,144.5270844,28.58412933,68.15470123,Summer,2
8/13/2034,27.58607674,29.45341873,25.94787216,15.68847656,-0.224597037,101.7680054,4.029143333,4.70326519,145.8965607,144.4173737,28.5947113,68.17939758,Summer,2
8/14/2034,27.59030724,29.45249939,25.95890045,15.69779396,-0.211927354,101.7691879,4.031980038,4.705898762,145.7267609,144.3469238,28.60235596,68.20316315,Summer,2
8/15/2034,27.59139824,29.44844437,25.96677399,15.70393944,-0.198034599,101.7705688,4.035739899,4.709666729,145.5957947,144.3192444,28.60702133,68.22581482,Summer,2
8/16/2034,27.58929253,29.44120407,25.97143173,15.7068367,-0.182885796,101.7721405,4.040434361,4.71458149,145.5074158,144.3375092,28.60866165,68.24719238,Summer,2
8/17/2034,27.58393669,29.4307251,25.97280693,15.70642471,-0.166454494,101.7739029,4.046065807,4.720645905,145.4651031,144.4045258,28.60723495,68.2671814,Summer,2
8/18/2034,27.57528496,29.4169693,25.97085381,15.70265007,-0.148722529,101.7758484,4.052632332,4.72785759,145.4718323,144.5226288,28.60270882,68.28569031,Summer,2
8/19/2034,27.56329536,29.39990616,25.96552849,15.69548416,-0.129679382,101.7779617,4.060124397,4.736204624,145.5303192,144.6937866,28.59505463,68.30267334,Summer,2
8/20/2034,27.54794502,29.37950897,25.95679283,15.6849041,-0.10932298,101.7802429,4.068526268,4.745669842,145.6426849,144.9194794,28.58424568,68.31811523,Summer,2
8/21/2034,27.52920723,29.35575485,25.94462204,15.67090988,-0.087659739,101.7826843,4.077816963,4.756225586,145.8106995,145.2007446,28.57026482,68.33201599,Summer,2
8/22/2034,27.50707436,29.3286438,25.92900276,15.65351105,-0.064704828,101.7852783,4.087967396,4.767840385,146.0356598,145.538147,28.55309868,68.3444519,Summer,2
8/23/2034,27.48154259,29.298172,25.90992928,15.63274002,-0.040482547,101.788002,4.09894371,4.780472279,146.3183441,145.9317932,28.53274155,68.35548401,Summer,2
8/24/2034,27.45262146,29.26435089,25.88740921,15.60864067,-0.015025941,101.790863,4.110707283,4.794074535,146.6591339,146.3813171,28.50920105,68.36521912,Summer,2
8/25/2034,27.42033195,29.22719955,25.86145592,15.58127213,0.011623234,101.7938538,4.123211384,4.808594704,147.0578613,146.8858795,28.4824791,68.37381744,Summer,2
8/26/2034,27.38470268,29.18675613,25.83210373,15.55071068,0.039414216,101.7969513,4.136405945,4.823972702,147.513916,147.4442291,28.45259666,68.38143158,Summer,2
8/27/2034,27.34577751,29.14306259,25.79938316,15.51704979,0.068287551,101.8001556,4.150236607,4.840141773,148.0262756,148.0546417,28.41957855,68.38825226,Summer,2
8/28/2034,27.30361176,29.09616852,25.76335716,15.48038864,0.098175719,101.8034515,4.164642334,4.857032776,148.5934296,148.7150574,28.38345718,68.3944931,Summer,2
8/29/2034,27.25826454,29.04614258,25.72407913,15.4408493,0.129003212,101.806839,4.179560661,4.87457037,149.2134857,149.4229736,28.34427452,68.40037537,Summer,2
8/30/2034,27.20981216,28.99306107,25.68161964,15.39855766,0.160686821,101.8103104,4.194922447,4.892675877,149.8841095,150.1755676,28.30207825,68.40615082,Summer,2
8/31/2034,27.15834045,28.9370079,25.63606644,15.35365486,0.193136349,101.8138504,4.210660458,4.91126585,150.6026764,150.969635,28.25692749,68.41207123,Summer,2
9/1/2034,27.10394287,28.87808228,25.58750534,15.30629349,0.226254717,101.8174591,4.226701736,4.93025589,151.3661804,151.8017883,28.20888329,68.41840363,Autumn,3
9/2/2034,27.04672623,28.81638718,25.53604317,15.25662994,0.259939373,101.8211212,4.24297142,4.949559689,152.1712952,152.6683502,28.15802002,68.42541504,Autumn,3
9/3/2034,26.98680305,28.75204468,25.48178864,15.20483208,0.294082135,101.8248367,4.259395599,4.969087124,153.0145111,153.5653839,28.10441399,68.43336487,Autumn,3
9/4/2034,26.92429352,28.68517303,25.42485619,15.15106964,0.328570247,101.8286057,4.27589798,4.988751411,153.8919983,154.4888763,28.04815102,68.4425354,Autumn,3
9/5/2034,26.85932541,28.61590576,25.36536789,15.09552383,0.363287091,101.8324127,4.292404175,5.008461952,154.7998657,155.4346466,27.98932457,68.45318604,Autumn,3
9/6/2034,26.79203224,28.544384,25.30345726,15.03837013,0.398112953,101.8362579,4.308839798,5.028132915,155.7339478,156.398468,27.92802811,68.46556091,Autumn,3
9/7/2034,26.72256088,28.4707489,25.23925591,14.97978783,0.432925791,101.8401337,4.325131416,5.04767704,156.6901245,157.3760834,27.86436462,68.47990417,Autumn,3
9/8/2034,26.65104866,28.39515305,25.17290306,14.91996193,0.467602015,101.8440399,4.341207504,5.067011833,157.6641541,158.3632355,27.79844284,68.49643707,Autumn,3
9/9/2034,26.57764816,28.31774902,25.10453796,14.85906601,0.502017617,101.8479767,4.357001305,5.086055279,158.6518097,159.3557129,27.73036766,68.5153656,Autumn,3
9/10/2034,26.50250626,28.23869324,25.03430176,14.79727554,0.536048532,101.8519287,4.372447014,5.10473299,159.6488953,160.3495026,27.66025352,68.53688049,Autumn,3
9/11/2034,26.42577362,28.15814209,24.96233749,14.73476219,0.569571972,101.8559113,4.387483597,5.122971535,160.6513672,161.3406372,27.58821869,68.56112671,Autumn,3
9/12/2034,26.34760475,28.0762558,24.88878632,14.67168617,0.60246706,101.8599091,4.402054787,5.140704632,161.6552277,162.3253937,27.51437378,68.58823395,Autumn,3
9/13/2034,26.2681427,27.99319077,24.81378937,14.60820198,0.634615421,101.8639297,4.416108131,5.15787077,162.6567078,163.300293,27.43883896,68.61830902,Autumn,3
9/14/2034,26.18754005,27.90910339,24.73748016,14.5444603,0.665902734,101.8679657,4.429597855,5.174416065,163.6522217,164.2621002,27.36172676,68.65141296,Autumn,3
9/15/2034,26.10593414,27.82414627,24.6599884,14.48059082,0.69621855,101.8720169,4.442482948,5.190291405,164.6384735,165.207901,27.28316116,68.68759155,Autumn,3
9/16/2034,26.0234642,27.73846436,24.58144379,14.41672134,0.725457668,101.8760834,4.454730034,5.205457211,165.6123962,166.1350861,27.20324707,68.72683716,Autumn,3
9/17/2034,25.94025993,27.65220261,24.50196266,14.35295868,0.753520846,101.8801651,4.466310501,5.219878674,166.5712585,167.0414429,27.12209892,68.76911926,Autumn,3
9/18/2034,25.85644913,27.56548309,24.42165756,14.28940201,0.780315161,101.8842545,4.477203369,5.233531475,167.5127106,167.9250793,27.03982162,68.81436157,Autumn,3
9/19/2034,25.77214241,27.47844696,24.34063148,14.22613525,0.805754721,101.8883591,4.487393856,5.246397972,168.4346924,168.7845764,26.9565239,68.86245728,Autumn,3
9/20/2034,25.68744659,27.39120483,24.2589798,14.16321945,0.829761565,101.8924789,4.496875763,5.258469582,169.3355865,169.618866,26.87229729,68.9132843,Autumn,3
9/21/2034,25.60245895,27.30385971,24.1767807,14.10071564,0.852265656,101.8965988,4.50564909,5.269745827,170.2141113,170.4273224,26.78723907,68.96662903,Autumn,3
9/22/2034,25.5172596,27.21650696,24.09410858,14.03865242,0.873205423,101.9007263,4.513721466,5.280234814,171.0694733,171.2097626,26.70143318,69.02230835,Autumn,3
9/23/2034,25.43192673,27.12923813,24.01102448,13.97705078,0.892528594,101.9048615,4.521107674,5.289952278,171.9011993,171.9664459,26.61496353,69.0800705,Autumn,3
9/24/2034,25.34651566,27.04211426,23.92757416,13.91591835,0.910191655,101.9089966,4.527830124,5.298922539,172.7092896,172.697998,26.52789688,69.13963318,Autumn,3
9/25/2034,25.26107407,26.95519638,23.84379768,13.85523415,0.92616111,101.9131241,4.53391695,5.307180405,173.4941864,173.4054871,26.4403019,69.20068359,Autumn,3
9/26/2034,25.17563629,26.86852646,23.75971222,13.79497719,0.940412164,101.9172516,4.539404869,5.3147645,174.2566223,174.0904236,26.35223389,69.26290131,Autumn,3
9/27/2034,25.09022331,26.78213501,23.67532921,13.73509789,0.952930868,101.9213638,4.544334412,5.321724415,174.9978485,174.7545929,26.26373672,69.32591248,Autumn,3
9/28/2034,25.00483894,26.69603729,23.59064484,13.67554283,0.963711977,101.9254608,4.548755646,5.328114033,175.7194366,175.4002991,26.17485809,69.38935089,Autumn,3
9/29/2034,24.91947556,26.61022949,23.50564194,13.61623383,0.972760141,101.9295273,4.552721977,5.33399725,176.4232941,176.0300598,26.08562469,69.45281219,Autumn,3
9/30/2034,24.83411407,26.52469635,23.42028999,13.55708694,0.980089426,101.9335709,4.556293964,5.339440346,177.1117096,176.646759,25.9960556,69.51587677,Autumn,3
10/1/2034,24.74871445,26.43941498,23.33454895,13.49800491,0.985723197,101.9375763,4.559535027,5.344519615,177.7872162,177.2535095,25.90616608,69.57811737,Autumn,3
10/2/2034,24.6632309,26.35433578,23.2483654,13.43887711,0.989693701,101.9415359,4.562515259,5.349312305,178.4527283,177.8537445,25.81595993,69.63909912,Autumn,3
10/3/2034,24.57760429,26.26940155,23.16167068,13.37958336,0.992041409,101.9454422,4.565306664,5.353902817,179.1112518,178.4510345,25.72543335,69.69838715,Autumn,3
10/4/2034,24.49175835,26.18454742,23.07439232,13.31999588,0.992815316,101.9492798,4.567985535,5.358377457,179.7661438,179.0491333,25.63457108,69.75553894,Autumn,3
10/5/2034,24.40561104,26.09968948,22.98644257,13.25998306,0.992071986,101.9530487,4.570630074,5.362826824,180.4208527,179.6518707,25.54335403,69.81010437,Autumn,3
10/6/2034,24.31906891,26.01472855,22.89772606,13.19939995,0.989875078,101.9567413,4.573320866,5.367342472,181.0789642,180.2633057,25.45175552,69.86167145,Autumn,3
10/7/2034,24.23202133,25.92956161,22.80813789,13.1381073,0.986294687,101.9603348,4.576139927,5.372020245,181.7442017,180.8873444,25.3597374,69.9098053,Autumn,3
10/8/2034,24.14436531,25.84407806,22.71757126,13.07595444,0.981407106,101.963829,4.57916975,5.376952171,182.4202118,181.5280457,25.2672596,69.95410156,Autumn,3
10/9/2034,24.05597496,25.75815582,22.6259079,13.0127964,0.975293636,101.9672165,4.582491875,5.38223362,183.1108398,182.1893311,25.17427063,69.9941864,Autumn,3
10/10/2034,23.9667244,25.67165375,22.53302956,12.94848633,0.968040466,101.9704742,4.58618927,5.38795805,183.8196564,182.8750153,25.08072281,70.02967834,Autumn,3
10/11/2034,23.87648582,25.58444214,22.43881226,12.88287735,0.959737659,101.9735947,4.590340614,5.394216537,184.5503693,183.5888367,24.9865551,70.06024933,Autumn,3
10/12/2034,23.78512573,25.49637985,22.34313011,12.81583405,0.950478137,101.9765778,4.595025063,5.401098251,185.3064575,184.3343048,24.89170456,70.08558655,Autumn,3
10/13/2034,23.69250488,25.40732193,22.24585724,12.74722099,0.940357625,101.9794083,4.600317001,5.408689976,186.0911865,185.1147156,24.79611206,70.10540771,Autumn,3
10/14/2034,23.59848785,25.31712723,22.14687157,12.6769104,0.929473579,101.9820709,4.606288433,5.417072773,186.9077606,185.933197,24.69970703,70.11946869,Autumn,3
10/15/2034,23.50293922,25.22563934,22.04604721,12.60478592,0.917924225,101.9845734,4.613007545,5.426324368,187.7590332,186.7924805,24.60242081,70.12757111,Autumn,3
10/16/2034,23.40572929,25.13272095,21.94326591,12.53074074,0.90580827,101.9868927,4.620536804,5.436515331,188.6476593,187.6950073,24.50418854,70.12953186,Autumn,3
10/17/2034,23.30672455,25.0382309,21.83841324,12.45467758,0.893224001,101.9890289,4.628934383,5.447713375,189.575943,188.6428833,24.40494156,70.12524414,Autumn,3
10/18/2034,23.20580292,24.94202423,21.73138618,12.37651634,0.880268097,101.9909744,4.638253212,5.459977627,190.5458832,189.6378632,24.30461502,70.11460114,Autumn,3
10/19/2034,23.10284805,24.84397507,21.62208176,12.29618454,0.867036343,101.9927292,4.648539543,5.473360062,191.5591125,190.6812592,24.20314407,70.09757996,Autumn,3
10/20/2034,22.99774933,24.74395752,21.51041412,12.21363068,0.853621066,101.9942856,4.659832954,5.487905025,192.6169281,191.7739868,24.10046387,70.07416534,Autumn,3
10/21/2034,22.89040756,24.64185715,21.39629745,12.12881565,0.840112627,101.9956512,4.672166348,5.503650188,193.7201843,192.9165344,23.99652481,70.04441833,Autumn,3
10/22/2034,22.7807312,24.53756332,21.2796669,12.04171562,0.826596975,101.9968109,4.685564995,5.520624638,194.8694,194.1089935,23.89127159,70.00843048,Autumn,3
10/23/2034,22.66864586,24.43099213,21.16046524,11.95232964,0.813156128,101.9977798,4.7000494,5.538847923,196.0645905,195.3510132,23.78465652,69.96633911,Autumn,3
10/24/2034,22.55408478,24.322052,21.03865051,11.86066818,0.799868464,101.9985657,4.71562767,5.558332443,197.3054504,196.6417542,23.67664146,69.91831207,Autumn,3
10/25/2034,22.43699837,24.2106781,20.91419601,11.76676083,0.786806166,101.9991608,4.732305527,5.579079628,198.5911713,197.9799652,23.56719398,69.86458588,Autumn,3
10/26/2034,22.31735039,24.09681892,20.78708458,11.6706562,0.774036825,101.9995804,4.750077248,5.601084709,199.9206085,199.3640137,23.45628357,69.80541229,Autumn,3
10/27/2034,22.19511986,23.98043442,20.65732002,11.57242012,0.761622548,101.9998322,4.768930435,5.624331474,201.2921753,200.7917938,23.34389496,69.74110413,Autumn,3
10/28/2034,22.07029724,23.86150551,20.52492142,11.47213554,0.749619246,101.9999313,4.788846016,5.648796558,202.7038574,202.2608337,23.23001862,69.67198944,Autumn,3
10/29/2034,21.9428997,23.74002457,20.38991928,11.36990356,0.738076985,101.9998856,4.809795856,5.674448013,204.1533661,203.7682953,23.11465454,69.59844971,Autumn,3
10/30/2034,21.81295395,23.61600494,20.25236893,11.26583767,0.727039635,101.9997177,4.831745148,5.701244354,205.6379242,205.3109741,22.99781036,69.52088165,Autumn,3
10/31/2034,21.68050385,23.48947716,20.11233521,11.16007233,0.716545105,101.9994431,4.854651928,5.729136467,207.1544952,206.8853302,22.87950516,69.43972015,Autumn,3
11/1/2034,21.54561043,23.36048508,19.96990013,11.05275345,0.706624866,101.9990845,4.87846756,5.758067131,208.6997681,208.4876099,22.75976181,69.35542297,Autumn,3
11/2/2034,21.40835571,23.22909737,19.82516861,10.94404411,0.697304249,101.9986496,4.903137684,5.787973404,210.2700653,210.1136627,22.63862038,69.26848602,Autumn,3
11/3/2034,21.26883125,23.09539413,19.67824936,10.83411789,0.688602746,101.9981766,4.928598881,5.818782806,211.8615112,211.7592621,22.51612663,69.17938232,Autumn,3
11/4/2034,21.12714958,22.95947647,19.52928162,10.72315979,0.680533588,101.9976807,4.954785824,5.850418091,213.4700012,213.4198761,22.3923378,69.08864594,Autumn,3
11/5/2034,20.9834404,22.82146072,19.37841034,10.61136436,0.673104584,101.9972,4.981626034,5.882796288,215.0912933,215.0909119,22.26731491,68.99678802,Autumn,3
11/6/2034,20.83784485,22.6814785,19.22579193,10.49893856,0.666317821,101.9967422,5.009042263,5.915827751,216.7209167,216.7676086,22.14113617,68.90434265,Autumn,3
11/7/2034,20.69051743,22.53967667,19.07160187,10.38609505,0.660170317,101.9963531,5.036953926,5.949419975,218.3543701,218.4451447,22.01388168,68.81184387,Autumn,3
11/8/2034,20.54163361,22.39621925,18.91602516,10.2730484,0.654654324,101.996048,5.065276146,5.983474255,219.9871216,220.1187286,21.88564301,68.71981049,Autumn,3
11/9/2034,20.39137077,22.25128174,18.75926208,10.16002464,0.649757385,101.9958725,5.093921185,6.017891884,221.6145477,221.7835693,21.75651932,68.62878418,Autumn,3
11/10/2034,20.23992729,22.10504913,18.60151291,10.04724693,0.645462751,101.995842,5.122801304,6.052568913,223.2320404,223.4348602,21.62661362,68.53926849,Autumn,3
11/11/2034,20.08750534,21.95772934,18.4430027,9.934942245,0.641750336,101.9959946,5.151822567,6.087400436,224.835083,225.0680084,21.49603844,68.4517746,Autumn,3
11/12/2034,19.93431854,21.80952454,18.28394699,9.823336601,0.638596475,101.9963531,5.180893898,6.122279644,226.419281,226.6784668,21.36491394,68.36679077,Autumn,3
11/13/2034,19.78058624,21.66065216,18.12457657,9.712652206,0.635974586,101.9969559,5.209923267,6.157100677,227.9803009,228.2618866,21.23336411,68.28477478,Autumn,3
11/14/2034,19.62653351,21.51134109,17.96512604,9.603108406,0.633855462,101.9978333,5.238816738,6.191758156,229.5140228,229.8141479,21.101511,68.20617676,Autumn,3
11/15/2034,19.47239494,21.36182213,17.80583191,9.494918823,0.632208228,101.9990005,5.267484188,6.226146221,231.0165405,231.3313751,20.96949005,68.13140869,Autumn,3
11/16/2034,19.31840324,21.21232796,17.64693451,9.388292313,0.631000161,102.0004959,5.295833588,6.260162354,232.4841156,232.809967,20.83743477,68.06086731,Autumn,3
11/17/2034,19.16479111,21.06309509,17.48866653,9.283424377,0.630197644,102.0023422,5.323778152,6.293704987,233.9133453,234.2465363,20.70547867,67.99489594,Autumn,3
11/18/2034,19.01179504,20.91436195,17.33127213,9.180504799,0.629765868,102.00457,5.351232529,6.326677799,235.3011169,235.6381226,20.57376099,67.93383026,Autumn,3
11/19/2034,18.85964966,20.76636505,17.17498016,9.079711914,0.629670084,102.0071869,5.37811327,6.358986378,236.644516,236.9820557,20.44241714,67.87793732,Autumn,3
11/20/2034,18.70858574,20.61933899,17.02002335,8.981210709,0.62987566,102.0102234,5.404343605,6.390541553,237.9411163,238.2760315,20.31158447,67.82748413,Autumn,3
11/21/2034,18.55882835,20.47351837,16.86662292,8.885151863,0.630348384,102.0136948,5.429848671,6.421258926,239.188736,239.5181274,20.18139648,67.78266144,Autumn,3
11/22/2034,18.41059494,20.32912064,16.71499634,8.791675568,0.631054282,102.0176163,5.454557896,6.451058865,240.3855743,240.7067719,20.05198479,67.74365234,Autumn,3
11/23/2034,18.26410294,20.18636703,16.56535149,8.700901985,0.631961286,102.0219955,5.47840786,6.479867458,241.5301514,241.8408051,19.92348289,67.71058655,Autumn,3
11/24/2034,18.11955261,20.04546738,16.41788864,8.612938881,0.633038163,102.0268402,5.501339436,6.507619381,242.6214447,242.9194489,19.79601288,67.68354034,Autumn,3
11/25/2034,17.97713661,19.90662193,16.27279091,8.527879715,0.634255528,102.0321655,5.52329874,6.534252644,243.6587524,243.9423218,19.66969872,67.66256714,Autumn,3
11/26/2034,17.83703804,19.77001572,16.13023758,8.445795059,0.635585904,102.0379639,5.544238567,6.559714317,244.6417236,244.9093628,19.54465103,67.64767456,Autumn,3
11/27/2034,17.69942856,19.63582993,15.99038696,8.366743088,0.63700366,102.0442429,5.564117432,6.583957195,245.5704193,245.8208771,19.42098427,67.63883209,Autumn,3
11/28/2034,17.56446648,19.50422668,15.85338974,8.290765762,0.638485491,102.0509872,5.582900047,6.606942177,246.4452209,246.6776276,19.29879951,67.63596344,Autumn,3
11/29/2034,17.43229103,19.37535095,15.71938038,8.217885971,0.640010118,102.0581894,5.600558281,6.628636837,247.2668457,247.4806061,19.17819214,67.63896942,Autumn,3
11/30/2034,17.30303192,19.24934196,15.58847523,8.148109436,0.641558766,102.0658493,5.617070198,6.649018288,248.0363617,248.2311096,19.05925179,67.64769745,Autumn,3
12/1/2034,17.17679977,19.12631416,15.46077824,8.08142662,0.643115222,102.0739288,5.63242054,6.668066978,248.7550507,248.9308167,18.94206047,67.66197205,Winter,0
12/2/2034,17.05369568,19.00637245,15.33637524,8.017813683,0.64466536,102.082428,5.646599293,6.68577528,249.4246063,249.5816345,18.82669067,67.68159485,Winter,0
12/3/2034,16.93379974,18.88959885,15.21533775,7.957228661,0.6461972,102.0913162,5.659605026,6.702138901,250.0468597,250.1856232,18.71320343,67.70631409,Winter,0
12/4/2034,16.817173,18.77606583,15.09771824,7.899617195,0.647701621,102.1005707,5.671440125,6.717164516,250.6239014,250.7451782,18.60165977,67.73587036,Winter,0
12/5/2034,16.70386887,18.6658287,14.98355293,7.844908714,0.649171174,102.1101456,5.682114601,6.730861664,251.1580811,251.2627716,18.49210167,67.76997375,Winter,0
12/6/2034,16.59391785,18.55891418,14.87286758,7.793022156,0.650600553,102.1200256,5.691644192,6.743247986,251.6518402,251.7410278,18.38457108,67.80832672,Winter,0
12/7/2034,16.4873333,18.45534897,14.76566315,7.743865013,0.651986301,102.1301651,5.700049877,6.754350185,252.1077881,252.182785,18.2790947,67.85059357,Winter,0
12/8/2034,16.38411903,18.35512924,14.66193104,7.697332382,0.653326631,102.1405182,5.707356453,6.764196873,252.528595,252.5907898,18.17569923,67.8964386,Winter,0
12/9/2034,16.2842617,18.25824356,14.56164742,7.653310776,0.654621124,102.1510544,5.713597298,6.772822857,252.9170837,252.9679565,18.07439041,67.94549561,Winter,0
12/10/2034,16.18772888,18.16466904,14.46476936,7.611678123,0.655871212,102.1617279,5.718806744,6.7802701,253.276001,253.3171539,17.97517776,67.99742126,Winter,0
12/11/2034,16.09447861,18.07435226,14.37124634,7.572306156,0.657078564,102.1724777,5.723023891,6.786584377,253.6081848,253.6412354,17.87805939,68.05184174,Winter,0
12/12/2034,16.00445366,17.98724365,14.28101063,7.535060406,0.658246219,102.1832733,5.726293564,6.791814327,253.9164429,253.9429932,17.78302193,68.10838318,Winter,0
12/13/2034,15.91758728,17.90327072,14.19398499,7.499804497,0.659377515,102.1940536,5.728662014,6.796014309,254.2034302,254.2250977,17.69005013,68.16667938,Winter,0
12/14/2034,15.83379841,17.82235146,14.11007977,7.466393471,0.660476446,102.2047653,5.730178356,6.799239635,254.4718018,254.4901428,17.59912109,68.22637177,Winter,0
12/15/2034,15.7529974,17.74439621,14.02919769,7.434687614,0.661546946,102.2153625,5.730894566,6.801550388,254.7240601,254.740509,17.51020432,68.28709412,Winter,0
12/16/2034,15.67508602,17.66930008,13.95123196,7.404541969,0.66259259,102.2257919,5.730865955,6.803006649,254.9625397,254.9785309,17.42326736,68.34850311,Winter,0
12/17/2034,15.59995651,17.59695435,13.87606525,7.375817299,0.663616896,102.2360001,5.730145931,6.803672314,255.1894684,255.2062225,17.33826637,68.41026306,Winter,0
12/18/2034,15.52749634,17.52724075,13.80357933,7.348371506,0.664623022,102.2459259,5.728791237,6.803609848,255.4067841,255.425415,17.25516319,68.47206116,Winter,0
12/19/2034,15.45758629,17.46004105,13.73364735,7.322070122,0.665612638,102.2555389,5.726860046,6.802884102,255.6163177,255.6377258,17.17390633,68.53356934,Winter,0
12/20/2034,15.39010429,17.39522171,13.66613865,7.296781063,0.666587412,102.2647705,5.724407196,6.801559448,255.8195648,255.8445435,17.0944519,68.59451294,Winter,0
12/21/2034,15.32492447,17.33266068,13.60092449,7.272380829,0.667547047,102.2735748,5.721489906,6.799699306,256.0178833,256.046936,17.01674271,68.65463257,Winter,0
12/22/2034,15.26191902,17.27222061,13.53786659,7.248748302,0.668490827,102.2819061,5.718164921,6.797366142,256.2123718,256.2457581,16.94072723,68.71366882,Winter,0
12/23/2034,15.20096016,17.21376991,13.47683811,7.225772381,0.669416308,102.2897339,5.714484692,6.794622421,256.4037476,256.4416199,16.86635399,68.77140808,Winter,0
12/24/2034,15.1419239,17.15718079,13.41770172,7.203351974,0.670319617,102.2969971,5.710503578,6.791526794,256.5925903,256.6347961,16.79356384,68.82765198,Winter,0
12/25/2034,15.08468246,17.10232544,13.36033249,7.18139267,0.671195328,102.3036575,5.706272602,6.788136959,256.7792053,256.8253174,16.72230911,68.88222504,Winter,0
12/26/2034,15.02911854,17.04907608,13.30460262,7.15981102,0.672036886,102.3096924,5.70183897,6.784506321,256.963562,257.0130005,16.65253258,68.9349823,Winter,0
12/27/2034,14.97511292,16.99731636,13.25039101,7.138532162,0.672836125,102.3150635,5.697249889,6.780687332,257.1454773,257.1973877,16.58418274,68.98579407,Winter,0
12/28/2034,14.92255497,16.94692993,13.19758034,7.117492199,0.67358309,102.3197479,5.692548275,6.776728153,257.3244324,257.3777771,16.51721382,69.03456879,Winter,0
12/29/2034,14.87134171,16.89781189,13.14606285,7.096639633,0.674266696,102.3237076,5.687774181,6.772674561,257.4997864,257.5532227,16.45158005,69.08123779,Winter,0
12/30/2034,14.82137489,16.84986115,13.09574032,7.075932503,0.674874544,102.3269348,5.682964802,6.768567562,257.6705627,257.7226563,16.38723373,69.12574005,Winter,0
12/31/2034,14.77256203,16.80298996,13.04651451,7.055338383,0.675392926,102.3294144,5.678153038,6.764443874,257.8356628,257.8846741,16.32413864,69.16806793,Winter,0
1/1/2035,14.72482491,16.7571125,12.99830151,7.034835815,0.675807118,102.3311234,5.673369408,6.760336876,257.9937744,258.0379028,16.26226044,69.20821381,Winter,0
1/2/2035,14.67809296,16.71216202,12.95102692,7.014416218,0.676101148,102.3320694,5.668639183,6.7562747,258.1434631,258.1806946,16.20156479,69.24620056,Winter,0
1/3/2035,14.63230133,16.66807365,12.90462494,6.994077682,0.676258683,102.3322449,5.663986206,6.752284527,258.2831421,258.3113403,16.14202499,69.28207397,Winter,0
1/4/2035,14.58740044,16.62480164,12.8590374,6.973832607,0.676262558,102.3316498,5.65942812,6.748386383,258.4111023,258.4280701,16.08361816,69.31588745,Winter,0
1/5/2035,14.54334641,16.58230209,12.81422234,6.953696251,0.676095426,102.3302994,5.654980659,6.744596004,258.5255432,258.5289917,16.02632904,69.34774017,Winter,0
1/6/2035,14.50010967,16.54055214,12.77014065,6.933696747,0.675739527,102.3282089,5.650654316,6.740925312,258.6246338,258.6122437,15.97014236,69.37771606,Winter,0
1/7/2035,14.4576683,16.49953461,12.72677231,6.913869858,0.675177455,102.3253784,5.646457672,6.737383842,258.706543,258.6759033,15.91505051,69.40592194,Winter,0
1/8/2035,14.41601181,16.45923615,12.6840992,6.894257545,0.674391925,102.3218536,5.642394066,6.73397541,258.7694397,258.7181702,15.86105156,69.43248749,Winter,0
1/9/2035,14.37514114,16.41967392,12.64212036,6.874908447,0.673366189,102.3176346,5.638464928,6.730701447,258.8113708,258.7372131,15.80814552,69.45755005,Winter,0
1/10/2035,14.33506584,16.38085747,12.60083866,6.855875492,0.672084272,102.3127747,5.634667397,6.727557182,258.830658,258.7313538,15.75633907,69.48124695,Winter,0
1/11/2035,14.29580307,16.34281349,12.56027222,6.837217331,0.670531154,102.3072968,5.63099575,6.724537373,258.8255615,258.6989746,15.7056427,69.5037384,Winter,0
1/12/2035,14.25738335,16.30558014,12.52044487,6.818997383,0.668693364,102.301239,5.627441883,6.721631527,258.7945251,258.6385803,15.65607071,69.52516937,Winter,0
1/13/2035,14.219841,16.26920128,12.48139,6.801280975,0.666558564,102.2946396,5.623993397,6.718827724,258.7360535,258.5489502,15.60764408,69.54570007,Winter,0
1/14/2035,14.18322372,16.23373032,12.44314861,6.784133911,0.664116263,102.2875519,5.620638371,6.716109753,258.6488037,258.4288635,15.56038284,69.56549835,Winter,0
1/15/2035,14.14757919,16.19922447,12.40576935,6.767622948,0.661357522,102.280014,5.617359161,6.713460922,258.5317688,258.2773743,15.51431465,69.5847168,Winter,0
1/16/2035,14.11296844,16.16575623,12.36930656,6.751818657,0.658275783,102.2720795,5.61413908,6.710859776,258.3838196,258.0937805,15.46946526,69.603508,Winter,0
1/17/2035,14.07945251,16.13339806,12.33382225,6.736786366,0.654866397,102.2637939,5.610959053,6.708286285,258.2043457,257.877655,15.42586708,69.62203979,Winter,0
1/18/2035,14.04710293,16.10222626,12.29938507,6.722591877,0.6511271,102.2552109,5.607796192,6.705714703,257.9927673,257.6286316,15.38355446,69.64045715,Winter,0
1/19/2035,14.01599121,16.07232475,12.26605892,6.709298611,0.64705801,102.2463913,5.604629993,6.703122616,257.7488098,257.3467102,15.34256172,69.65888977,Winter,0
1/20/2035,13.98618984,16.04377556,12.23392487,6.696965218,0.64266175,102.237381,5.601437569,6.700483322,257.4724121,257.0321045,15.30292511,69.67749023,Winter,0
1/21/2035,13.95777798,16.01667023,12.20305443,6.685648441,0.637943268,102.2282333,5.598194122,6.697771072,257.1637268,256.6853027,15.26468277,69.69636536,Winter,0
1/22/2035,13.93083572,15.99109077,12.17352867,6.67539978,0.632910192,102.2190018,5.594876289,6.69495821,256.8231812,256.3069763,15.22786903,69.7156601,Winter,0
1/23/2035,13.90543747,15.96712875,12.14542294,6.66626358,0.627572477,102.2097473,5.591459751,6.692018986,256.4513855,255.8980713,15.19252396,69.73545837,Winter,0
1/24/2035,13.88166332,15.94486713,12.11881828,6.65828228,0.621943057,102.2005157,5.587920189,6.68892622,256.0492859,255.4597778,15.15868473,69.75585938,Winter,0
1/25/2035,13.85958862,15.92439079,12.09379292,6.651489258,0.616036475,102.1913528,5.584234715,6.68565464,255.6179504,254.9934692,15.12638664,69.77695465,Winter,0
1/26/2035,13.83928967,15.90577984,12.0704174,6.645914078,0.609870017,102.1823196,5.580379486,6.682177544,255.1587067,254.5007935,15.09566212,69.7988205,Winter,0
1/27/2035,13.82083321,15.88911057,12.0487709,6.64157629,0.603463054,102.1734467,5.576333046,6.678472042,254.6730804,253.9834442,15.06654739,69.82151794,Winter,0
1/28/2035,13.80428696,15.8744545,12.02892017,6.638492584,0.596836984,102.1647949,5.572072983,6.674512386,254.162735,253.4434509,15.03907394,69.84508514,Winter,0
1/29/2035,13.789711,15.8618803,12.01093197,6.636670113,0.590014935,102.1563873,5.567579746,6.670277596,253.6295624,252.8828583,15.01326752,69.8695755,Winter,0
1/30/2035,13.77716255,15.85144234,11.99486828,6.636113167,0.583021522,102.1482773,5.562834263,6.665747643,253.0755768,252.3038788,14.98915482,69.89501953,Winter,0
1/31/2035,13.76669502,15.84319592,11.98078251,6.636813641,0.575882792,102.1404877,5.557819843,6.660902023,252.5028534,251.708847,14.96676254,69.9214325,Winter,0
2/1/2035,13.75834751,15.83718491,11.96872902,6.638762474,0.568626165,102.133049,5.552519321,6.655725002,251.913681,251.1000977,14.94610882,69.94881439,Winter,0
2/2/2035,13.75215721,15.8334465,11.95874882,6.641940117,0.561279595,102.1259918,5.5469203,6.650198936,251.3102722,250.4800873,14.92720985,69.97718811,Winter,0
2/3/2035,13.7481575,15.83200836,11.95088387,6.646325111,0.553871393,102.119339,5.541009426,6.644312859,250.6950073,249.8512726,14.91008282,70.00652313,Winter,0
2/4/2035,13.7463665,15.83288765,11.94515991,6.651889801,0.546430528,102.1130981,5.534776688,6.638052464,250.0702515,249.2160034,14.89473438,70.03681946,Winter,0
2/5/2035,13.74680042,15.83609962,11.94160748,6.658596992,0.538985908,102.1072922,5.528213024,6.631411552,249.4382324,248.5766907,14.88117409,70.06804657,Winter,0
2/6/2035,13.74946785,15.84164429,11.94023895,6.666410446,0.531565785,102.1019211,5.521312237,6.624379635,248.8013763,247.9356079,14.86940384,70.10018921,Winter,0
2/7/2035,13.75436401,15.84950924,11.94106483,6.675290108,0.524198174,102.0970001,5.514069557,6.616954327,248.1617737,247.2949524,14.85942554,70.1332016,Winter,0
2/8/2035,13.76148224,15.8596859,11.9440918,6.685189724,0.516909659,102.092514,5.506482124,6.609129906,247.521637,246.6567841,14.85123539,70.16705322,Winter,0
2/9/2035,13.77080536,15.87214279,11.94931221,6.696060181,0.509725988,102.0884628,5.498549938,6.600907803,246.8829193,246.0230103,14.84482574,70.20171356,Winter,0
2/10/2035,13.78230858,15.88684845,11.95671654,6.707852364,0.502671301,102.0848389,5.490273476,6.59228754,246.247467,245.3952942,14.84018707,70.23712921,Winter,0
2/11/2035,13.79596138,15.90376282,11.96628952,6.720515728,0.495767832,102.0816269,5.481655598,6.583272457,245.6169434,244.7752228,14.83730888,70.27327728,Winter,0
2/12/2035,13.81172752,15.9228363,11.97800064,6.733998299,0.489035815,102.0788116,5.472702026,6.573868752,244.9928741,244.1640625,14.83617401,70.31010437,Winter,0
2/13/2035,13.82956123,15.94400692,11.9918251,6.7482481,0.482493013,102.0763626,5.463418484,6.564082146,244.3764801,243.5628662,14.83676434,70.34757996,Winter,0
2/14/2035,13.84941196,15.9672184,12.00772476,6.763213158,0.476155192,102.0742645,5.45381403,6.5539217,243.7687988,242.9723816,14.83905983,70.38566589,Winter,0
2/15/2035,13.87122726,15.99239731,12.02565956,6.77884388,0.470035166,102.0724792,5.443898678,6.54339838,243.1706543,242.3931732,14.84304047,70.42433167,Winter,0
2/16/2035,13.89494133,16.01947021,12.04558182,6.795093536,0.464142859,102.0709763,5.433682442,6.532523155,242.5825043,241.8254242,14.84867764,70.46353149,Winter,0
2/17/2035,13.92049599,16.04835892,12.06744385,6.811914444,0.458485156,102.0697174,5.423180103,6.521310806,242.0046692,241.2691498,14.85595131,70.50325012,Winter,0
2/18/2035,13.94781876,16.07897949,12.09118843,6.829263687,0.453066289,102.0686722,5.412404537,6.509776592,241.4371338,240.723999,14.86483002,70.54345703,Winter,0
2/19/2035,13.97684002,16.11124611,12.11676025,6.847103119,0.447887242,102.0678024,5.401371479,6.497935772,240.8795776,240.1893616,14.87528992,70.58413696,Winter,0
2/20/2035,14.00748634,16.14506912,12.14409637,6.8653965,0.442945749,102.0670547,5.390097618,6.485805988,240.3314667,239.6643219,14.88730145,70.62527466,Winter,0
2/21/2035,14.0396843,16.18036079,12.17313862,6.884111404,0.438236356,102.0663986,5.378599167,6.473405361,239.7919617,239.147644,14.90083694,70.66685486,Winter,0
2/22/2035,14.07335567,16.21702957,12.20382118,6.903223038,0.433750987,102.0657806,5.366896629,6.460754395,239.2599487,238.6379547,14.9158659,70.70886993,Winter,0
2/23/2035,14.10842609,16.2549839,12.23607731,6.922706604,0.429478317,102.0651627,5.355007648,6.447873116,238.7340851,238.1335297,14.9323616,70.75132751,Winter,0
2/24/2035,14.14481831,16.29413605,12.26984406,6.942544937,0.425404042,102.0644989,5.342951775,6.434782505,238.2127686,237.632431,14.95029736,70.79421997,Winter,0
2/25/2035,14.18245888,16.33439636,12.30505466,6.962725639,0.421511501,102.0637436,5.330750942,6.421503067,237.6941986,237.1325073,14.96964455,70.83755493,Winter,0
2/26/2035,14.22127533,16.37568283,12.34164619,6.983242035,0.417781234,102.0628586,5.318424225,6.40805912,237.1763306,236.631424,14.99037838,70.88134766,Winter,0
2/27/2035,14.26119614,16.41790771,12.37955475,7.004089355,0.414191663,102.0617905,5.305993557,6.394470692,236.6569824,236.1266785,15.01247501,70.92560577,Winter,0
2/28/2035,14.30214977,16.46099472,12.41871738,7.025272369,0.410718977,102.0605164,5.29348135,6.380763531,236.1337891,235.6156158,15.03591061,70.97033691,Winter,0
3/1/2035,14.34407616,16.50487137,12.45907593,7.046794891,0.407337844,102.0589828,5.280907631,6.366957664,235.604187,235.0955048,15.06066322,71.01555634,Spring,1
3/2/2035,14.38690948,16.54946136,12.50057125,7.068669319,0.404021233,102.0571594,5.268295765,6.353079319,235.0656738,234.5634918,15.08671093,71.0612793,Spring,1
3/3/2035,14.43059349,16.59470367,12.54314804,7.090911865,0.4007411,102.0550079,5.255665302,6.339149475,234.5155487,234.0166931,15.11403942,71.10752869,Spring,1
3/4/2035,14.47507572,16.64054108,12.5867548,7.113539696,0.397468448,102.0524979,5.243039608,6.325192451,233.9510193,233.45224,15.14262867,71.15431213,Spring,1
3/5/2035,14.52030659,16.68692017,12.63134384,7.136575699,0.394173682,102.049614,5.23044014,6.311230659,233.3694458,232.8672638,15.17246437,71.2016449,Spring,1
3/6/2035,14.56624222,16.73378754,12.67687035,7.160045147,0.390827566,102.0463181,5.217887402,6.297288418,232.7680359,232.2589417,15.20353508,71.24952698,Spring,1
3/7/2035,14.61284351,16.78110504,12.72328949,7.183974266,0.387400448,102.0425873,5.205403328,6.283386707,232.1441956,231.6245422,15.2358284,71.29798126,Spring,1
3/8/2035,14.6600771,16.82884216,12.77056789,7.208394051,0.383863628,102.0384216,5.193007469,6.269548416,231.4953308,230.9614716,15.26933384,71.34699249,Spring,1
3/9/2035,14.70791245,16.87696648,12.81866837,7.233335495,0.380189121,102.0337906,5.180719852,6.255795479,230.8190002,230.2673187,15.30404377,71.39657593,Spring,1
3/10/2035,14.75632572,16.92545319,12.86755943,7.258828163,0.37635076,102.0286942,5.168561935,6.242150784,230.1128845,229.5397797,15.33995247,71.44670868,Spring,1
3/11/2035,14.80529785,16.97429276,12.91721916,7.284904003,0.372323304,102.0231247,5.156551361,6.228632927,229.3748779,228.7768402,15.37705421,71.49737549,Spring,1
3/12/2035,14.85481453,17.02347374,12.9676199,7.31159687,0.368083924,102.0170822,5.144706249,6.21526432,228.6030731,227.9767151,15.41534424,71.54856873,Spring,1
3/13/2035,14.90486717,17.07299232,13.01874447,7.338934898,0.363611966,102.0105743,5.13304615,6.20206213,227.7957611,227.1378632,15.45482254,71.60024261,Spring,1
3/14/2035,14.95544815,17.1228447,13.07057858,7.366947174,0.358889192,102.0036087,5.121586323,6.18904829,226.9515686,226.2590637,15.4954834,71.6523819,Spring,1
3/15/2035,15.00655746,17.1730423,13.123106,7.395660877,0.353900641,101.9961929,5.11034441,6.176238537,226.0693054,225.3394318,15.53732681,71.70491791,Spring,1
3/16/2035,15.05819511,17.22359848,13.17631912,7.425103188,0.348633766,101.9883423,5.099334717,6.16365099,225.1481476,224.3783569,15.58035278,71.75782013,Spring,1
3/17/2035,15.11037254,17.27452469,13.23020935,7.455292702,0.343079746,101.9800797,5.088572025,6.151303291,224.1876068,223.3756256,15.6245594,71.8110199,Spring,1
3/18/2035,15.16309357,17.32584381,13.28477478,7.48624897,0.337232828,101.9714355,5.078071117,6.139208794,223.1874237,222.3313293,15.66994667,71.86444092,Spring,1
3/19/2035,15.21637154,17.37757874,13.3400116,7.517987251,0.331091166,101.9624252,5.067842484,6.127383232,222.1477661,221.2459412,15.71651268,71.91802216,Spring,1
3/20/2035,15.27022171,17.42975235,13.3959198,7.550517082,0.324656516,101.9530869,5.057899475,6.115839005,221.0691376,220.1203003,15.76425743,71.97166443,Spring,1
3/21/2035,15.32465744,17.48239517,13.45250225,7.583846092,0.317933828,101.9434509,5.048251152,6.104588985,219.9523315,218.955658,15.81317711,72.02529907,Spring,1
3/22/2035,15.3796978,17.53553581,13.5097599,7.617975235,0.310932189,101.9335556,5.038907051,6.093642712,218.7985229,217.7535248,15.86327171,72.07880402,Spring,1
3/23/2035,15.43535995,17.58920288,13.56769753,7.652902603,0.303664416,101.923439,5.029874802,6.083010674,217.6092377,216.5158386,15.91453648,72.13208771,Spring,1
3/24/2035,15.49166679,17.64343262,13.62631989,7.68862009,0.296146661,101.9131393,5.021161079,6.072700024,216.386322,215.244812,15.96696568,72.18505096,Spring,1
3/25/2035,15.54863167,17.69825554,13.68563461,7.725117683,0.288398534,101.90271,5.01277113,6.062717915,215.1318512,213.9429932,16.02055359,72.23756409,Spring,1
3/26/2035,15.60627937,17.75370026,13.74564552,7.762377739,0.280443013,101.8921814,5.004708767,6.053068161,213.8483734,212.6132965,16.07529449,72.28952789,Spring,1
3/27/2035,15.66462708,17.80979919,13.80635929,7.800379276,0.272306353,101.8816147,4.996975422,6.043755054,212.5385895,211.2588043,16.13117981,72.34081268,Spring,1
3/28/2035,15.72369194,17.86657715,13.86778069,7.8390975,0.264017463,101.8710403,4.989573479,6.034779549,211.2054749,209.8829346,16.18819618,72.39131165,Spring,1
3/29/2035,15.78348923,17.92406464,13.92991638,7.878503799,0.255608022,101.8605118,4.982499599,6.02614069,209.8522491,208.4892426,16.24633408,72.44089508,Spring,1
3/30/2035,15.84403801,17.98228836,13.99277115,7.918564796,0.247111633,101.8500748,4.975752354,6.017837524,208.4824066,207.0815887,16.30558014,72.48945618,Spring,1
3/31/2035,15.90535164,18.0412693,14.05634975,7.959245205,0.238564387,101.8397751,4.969328403,6.009865284,207.0994873,205.6638794,16.36592102,72.53686523,Spring,1
4/1/2035,15.96743965,18.10102463,14.12065506,8.000506401,0.23000364,101.8296661,4.963220596,6.002217293,205.7072296,204.2401733,16.42733955,72.58302307,Spring,1
4/2/2035,16.03031731,18.16157532,14.18569183,8.0423069,0.221468136,101.8197784,4.957421303,5.994886398,204.309494,202.814621,16.48981667,72.62782288,Spring,1
4/3/2035,16.09398842,18.22293091,14.25146294,8.084606171,0.212997064,101.8101654,4.951921463,5.987861633,202.9102478,201.3914185,16.5533371,72.67115784,Spring,1
4/4/2035,16.15846443,18.28510666,14.31796646,8.12735939,0.204630494,101.8008652,4.946708679,5.98113203,201.513382,199.9747314,16.61787987,72.7129364,Spring,1
4/5/2035,16.22374916,18.34810638,14.38520718,8.170520782,0.196408108,101.7919159,4.941771984,5.974681854,200.1228638,198.5687103,16.683424,72.75308228,Spring,1
4/6/2035,16.28984261,18.41193771,14.45318222,8.214048386,0.188369244,101.7833557,4.937094212,5.968496323,198.7426147,197.1774292,16.7499485,72.79150391,Spring,1
4/7/2035,16.35674667,18.47659683,14.5218935,8.257898331,0.180552304,101.7752228,4.932660103,5.962554932,197.3764191,195.8048401,16.8174324,72.82815552,Spring,1
4/8/2035,16.42446327,18.54208374,14.59134007,8.302027702,0.172994152,101.76754,4.928451538,5.956838131,196.0280457,194.4547424,16.88585281,72.86297607,Spring,1
4/9/2035,16.49298859,18.60839844,14.66151905,8.3463974,0.165730059,101.7603455,4.92444706,5.951324463,194.7009583,193.1306915,16.95518684,72.8959198,Spring,1
4/10/2035,16.56231689,18.67552948,14.73243141,8.390969276,0.158793077,101.7536545,4.920625687,5.945988655,193.3986053,191.8361359,17.02541733,72.92696381,Spring,1
4/11/2035,16.6324482,18.74346542,14.80407333,8.435710907,0.152213544,101.7474976,4.916964054,5.940803528,192.1240082,190.5741272,17.09651947,72.95609283,Spring,1
4/12/2035,16.70337105,18.81219864,14.87644768,8.480591774,0.146018773,101.7418976,4.913437366,5.935741425,190.8801575,189.3474579,17.1684761,72.98329926,Spring,1
4/13/2035,16.77508545,18.88171387,14.94955254,8.525584221,0.140232816,101.7368622,4.910019398,5.930773258,189.6695862,188.1586914,17.24126816,73.0085907,Spring,1
4/14/2035,16.84757996,18.95199585,15.023386,8.570669174,0.134876102,101.732399,4.906682491,5.925867081,188.4945679,187.0099182,17.31487465,73.03199768,Spring,1
4/15/2035,16.92085075,19.02303314,15.09795189,8.615831375,0.129964903,101.7285233,4.903398514,5.92098999,187.3571014,185.9029388,17.38928413,73.05355835,Spring,1
4/16/2035,16.99489212,19.09480667,15.17325211,8.661061287,0.125511438,101.7252426,4.900135994,5.916107655,186.258728,184.8391418,17.46448135,73.07332611,Spring,1
4/17/2035,17.06969833,19.16730118,15.24929047,8.706354141,0.121523492,101.7225494,4.896865845,5.911185741,185.2006836,183.819519,17.54045677,73.091362,Spring,1
4/18/2035,17.14526176,19.2405014,15.32607269,8.75171566,0.11800418,101.7204514,4.893556118,5.906187534,184.1838531,182.8446198,17.61720085,73.10774231,Spring,1
4/19/2035,17.22158623,19.31439209,15.40360451,8.797153473,0.114951871,101.7189331,4.890174866,5.901077747,183.2086182,181.9146576,17.69470787,73.12255096,Spring,1
4/20/2035,17.29866409,19.38896561,15.48189545,8.842683792,0.112360224,101.7179871,4.88669014,5.895816803,182.2750854,181.0293121,17.77297592,73.13589478,Spring,1
4/21/2035,17.37650108,19.4642067,15.56095982,8.888332367,0.110218093,101.7176056,4.883068562,5.890369415,181.3828888,180.1879425,17.8520031,73.14787292,Spring,1
4/22/2035,17.4550972,19.54010773,15.6408062,8.934126854,0.108509362,101.7177734,4.87927866,5.88469696,180.5312653,179.3894958,17.93179703,73.15859985,Spring,1
4/23/2035,17.53445625,19.61666298,15.72145271,8.980106354,0.107213341,101.7184677,4.87528801,5.878763199,179.719162,178.6324463,18.01235962,73.16819763,Spring,1
4/24/2035,17.61458969,19.69386864,15.80291843,9.026311874,0.106304511,101.7196655,4.871064186,5.87253046,178.9450226,177.9149628,18.09370804,73.17678833,Spring,1
4/25/2035,17.69550705,19.77172852,15.88522339,9.072794914,0.105753385,101.7213516,4.866576672,5.865963936,178.2070313,177.234787,18.17585373,73.18451691,Spring,1
4/26/2035,17.77721977,19.85024261,15.96839046,9.119609833,0.105525635,101.7234879,4.861795902,5.859028816,177.5029602,176.589386,18.25881577,73.1914978,Spring,1
4/27/2035,17.85974884,19.92942047,16.05244446,9.166817665,0.105583183,101.7260666,4.856691837,5.8516922,176.8303528,175.9758759,18.34261322,73.19786072,Spring,1
4/28/2035,17.9431076,20.00927353,16.13741302,9.214485168,0.105884477,101.7290421,4.851237774,5.843921185,176.1863708,175.391098,18.42727089,73.20374298,Spring,1
4/29/2035,18.02732468,20.08982086,16.22332954,9.262680054,0.10638459,101.7323914,4.845407963,5.83568716,175.5680084,174.8316345,18.51281929,73.20925903,Spring,1
4/30/2035,18.11242294,20.17108154,16.31022263,9.311478615,0.107035533,101.7360764,4.839177608,5.826961994,174.9719849,174.2938538,18.59928894,73.2145462,Spring,1
5/1/2035,18.19843102,20.25307846,16.39812469,9.360954285,0.107786767,101.7400742,4.832526207,5.817721367,174.3948059,173.7739868,18.68671417,73.21969604,Spring,1
5/2/2035,18.28537941,20.33584023,16.48707199,9.411189079,0.108585879,101.744339,4.825432301,5.807941437,173.8328857,173.2680969,18.77513123,73.224823,Spring,1
5/3/2035,18.37330437,20.41940117,16.57710266,9.4622612,0.10937874,101.7488556,4.817879677,5.797604561,173.2825165,172.772171,18.86457825,73.23001099,Spring,1
5/4/2035,18.46223831,20.50379944,16.66825294,9.514251709,0.11011041,101.7535706,4.809854507,5.786692619,172.7398682,172.2821198,18.95509911,73.23534393,Spring,1
5/5/2035,18.5522213,20.58906937,16.76055908,9.567241669,0.110724814,101.758461,4.801343918,5.775193214,172.2011566,171.7938843,19.04673195,73.24087524,Spring,1
5/6/2035,18.64328957,20.67525864,16.85406303,9.621307373,0.111166321,101.7634964,4.792340279,5.763098717,171.6625214,171.303421,19.13952446,73.24665833,Spring,1
5/7/2035,18.73548508,20.76241493,16.94879723,9.676528931,0.11137978,101.7686386,4.782838345,5.75040102,171.1202698,170.8068237,19.2335186,73.25272369,Spring,1
5/8/2035,18.8288517,20.85058403,17.04480171,9.732977867,0.11131081,101.7738571,4.772834778,5.737098694,170.5707092,170.3002472,19.32876396,73.25907898,Spring,1
5/9/2035,18.92342567,20.93981934,17.14211273,9.790725708,0.110906959,101.7791214,4.762331963,5.723194122,170.0103455,169.7800446,19.42529869,73.26571655,Spring,1
5/10/2035,19.01925087,21.03016663,17.2407608,9.849834442,0.11011716,101.7844086,4.751333237,5.708694458,169.4358826,169.2427979,19.52316856,73.27261353,Spring,1
5/11/2035,19.11636543,21.12168503,17.34077835,9.910366058,0.108893774,101.7896805,4.73984766,5.69360733,168.844162,168.685318,19.62241745,73.27971649,Spring,1
5/12/2035,19.21480942,21.21442413,17.44219589,9.972372055,0.107191667,101.7949219,4.7278862,5.677949905,168.2323761,168.1047058,19.7230835,73.28694916,Spring,1
5/13/2035,19.31461906,21.30844116,17.54503822,10.03589916,0.104969569,101.8000946,4.715464115,5.661738396,167.5979462,167.4983826,19.82520676,73.29421997,Spring,1
5/14/2035,19.4158268,21.40378189,17.64932632,10.10098267,0.102189668,101.8051834,4.702600002,5.644996166,166.9386597,166.8641357,19.92882538,73.30141449,Spring,1
5/15/2035,19.51846504,21.50049973,17.75508118,10.16765213,0.098819219,101.810173,4.689314842,5.627748966,166.2526245,166.2001343,20.03396606,73.30839539,Spring,1
5/16/2035,19.6225605,21.59863663,17.86231232,10.23592854,0.094829477,101.815033,4.675634384,5.61002779,165.5383453,165.5049286,20.14065552,73.31500244,Spring,1
5/17/2035,19.72813416,21.698246,17.97102547,10.30582047,0.090197302,101.8197556,4.661587238,5.591864586,164.794754,164.7775116,20.24892235,73.32106781,Spring,1
5/18/2035,19.83520699,21.79936218,18.08122635,10.37732887,0.084904455,101.8243179,4.647203445,5.573299408,164.0211029,164.0173187,20.35877991,73.3263855,Spring,1
5/19/2035,19.94379044,21.9020195,18.19291306,10.45044041,0.078938283,101.8287125,4.632517815,5.554370403,163.2171783,163.2242126,20.47024536,73.33073425,Spring,1
5/20/2035,20.05389023,22.00625229,18.30606842,10.52513695,0.072291858,101.8329315,4.617566586,5.535122871,162.3831787,162.3985138,20.58332443,73.33390045,Spring,1
5/21/2035,20.16550636,22.11208344,18.420681,10.60138607,0.064964093,101.8369522,4.602388382,5.515602112,161.5197144,161.5410309,20.69801521,73.33561707,Spring,1
5/22/2035,20.27863693,22.21953011,18.536726,10.67914581,0.05695967,101.8407745,4.587025642,5.495857239,160.6278534,160.6529694,20.81431389,73.33563232,Spring,1
5/23/2035,20.39326477,22.32860565,18.65417099,10.75836182,0.048289035,101.8443985,4.571519852,5.475939751,159.7090759,159.7360687,20.9322052,73.3336792,Spring,1
5/24/2035,20.5093708,22.43931198,18.77297974,10.83896923,0.038968585,101.8478165,4.555916309,5.455902576,158.7653809,158.7923889,21.05167389,73.3294754,Spring,1
5/25/2035,20.62692642,22.55164719,18.89310455,10.92089653,0.029020222,101.8510208,4.540259838,5.435798645,157.799057,157.8244934,21.17268562,73.32272339,Spring,1
5/26/2035,20.74589539,22.66559601,19.01449585,11.00405884,0.018471491,101.8540192,4.524597168,5.4156847,156.8128815,156.8353271,21.29521179,73.31315613,Spring,1
5/27/2035,20.86623383,22.78113556,19.13708878,11.08836555,0.007355231,101.8568115,4.508976936,5.395615101,155.809967,155.8281708,21.41920853,73.30046844,Spring,1
5/28/2035,20.98788834,22.89824104,19.26082039,11.17371178,-0.004290861,101.8593903,4.493444443,5.375646114,154.7937775,154.8066711,21.54462051,73.28437042,Spring,1
5/29/2035,21.1108017,23.01686859,19.38561249,11.25998974,-0.016424153,101.861763,4.478047371,5.355834484,153.7680969,153.774765,21.67139435,73.26457214,Spring,1
5/30/2035,21.23490334,23.13697052,19.51138687,11.34708405,-0.028997906,101.863945,4.462833405,5.33623457,152.736969,152.7366791,21.79946518,73.24081421,Spring,1
5/31/2035,21.36011887,23.25849152,19.63805389,11.43487167,-0.041961297,101.865921,4.447846413,5.316899776,151.7047424,151.6968536,21.92875671,73.21281433,Spring,1
6/1/2035,21.48636436,23.38136292,19.76551819,11.52322006,-0.055260234,101.8677139,4.433132172,5.297882557,150.6758881,150.6599426,22.05919266,73.18032074,Summer,2
6/2/2035,21.61354828,23.50550842,19.89368057,11.61200142,-0.068837307,101.8693314,4.418733597,5.279233932,149.6550903,149.630722,22.19068336,73.14309692,Summer,2
6/3/2035,21.74157524,23.63084221,20.02243614,11.70107746,-0.08263284,101.8707657,4.404690742,5.261002064,148.647171,148.6140747,22.32313538,73.10092163,Summer,2
6/4/2035,21.87033844,23.75727463,20.15167236,11.79030991,-0.096585363,101.8720245,4.391041756,5.243230343,147.6569672,147.6149292,22.45645142,73.05358887,Summer,2
6/5/2035,21.99973106,23.88469887,20.2812767,11.87955666,-0.110631652,101.8731308,4.377822876,5.225962162,146.6893616,146.6382294,22.59052277,73.00094604,Summer,2
6/6/2035,22.12963486,24.01301193,20.411129,11.96867847,-0.124708034,101.8740845,4.365067482,5.209236622,145.7492828,145.688858,22.7252388,72.94282532,Summer,2
6/7/2035,22.25992775,24.14209175,20.54110909,12.05753708,-0.138750404,101.8748856,4.352805138,5.193087101,144.8414612,144.7716064,22.86048889,72.87910461,Summer,2
6/8/2035,22.39048767,24.27182007,20.67109299,12.14599323,-0.152695179,101.8755493,4.341060638,5.177545071,143.9706116,143.8911743,22.99614716,72.80971527,Summer,2
6/9/2035,22.52118683,24.40206528,20.80095291,12.23391533,-0.166479215,101.8760757,4.329857826,5.162635803,143.1412506,143.0519867,23.13209152,72.73458099,Summer,2
6/10/2035,22.65189171,24.53269196,20.93056488,12.3211689,-0.180041403,101.8764725,4.319214821,5.148382187,142.3576965,142.2582855,23.26819611,72.65368652,Summer,2
6/11/2035,22.7824688,24.66356659,21.0598011,12.40763474,-0.193322584,101.8767548,4.309145451,5.134799004,141.6239777,141.5140533,23.40433121,72.56703949,Summer,2
6/12/2035,22.91278458,24.79454422,21.1885376,12.49319077,-0.206265837,101.8769226,4.29966116,5.121899605,140.9438629,140.822937,23.54036713,72.47468567,Summer,2
6/13/2035,23.04270363,24.92547607,21.31664276,12.57772446,-0.218817711,101.876976,4.290766716,5.109689713,140.3207855,140.1882172,23.67617226,72.37671661,Summer,2
6/14/2035,23.17209053,25.05622482,21.44400024,12.66113472,-0.230927914,101.8769226,4.282464027,5.098171234,139.7577515,139.6128082,23.81161308,72.27324677,Summer,2
6/15/2035,23.30080986,25.18663025,21.57048798,12.74332619,-0.242550433,101.87677,4.274751663,5.087340355,139.2574768,139.0991974,23.94655991,72.16443634,Summer,2
6/16/2035,23.42873001,25.31655502,21.6959877,12.82421494,-0.253643602,101.8765106,4.267620087,5.077188015,138.8221283,138.6493835,24.08088112,72.05047607,Summer,2
6/17/2035,23.55571938,25.44583893,21.82038879,12.90372467,-0.26417017,101.8761597,4.261058807,5.067699909,138.4535217,138.2650452,24.21444702,71.93160248,Summer,2
6/18/2035,23.68165588,25.57434464,21.94358253,12.98179054,-0.274098188,101.8757172,4.255051613,5.058858395,138.1528625,137.9472046,24.34713364,71.80808258,Summer,2
6/19/2035,23.80641365,25.70192719,22.06546593,13.05835915,-0.283400834,101.8751755,4.249578953,5.050638676,137.9209747,137.6964722,24.47881317,71.68021393,Summer,2
6/20/2035,23.92987442,25.82844162,22.18593979,13.13338852,-0.292056739,101.8745422,4.244617462,5.043013096,137.7581635,137.5129852,24.60936928,71.54833221,Summer,2
6/21/2035,24.05192757,25.95375824,22.30491829,13.20684814,-0.30005011,101.8738174,4.240138531,5.035948753,137.6641541,137.3962555,24.7386837,71.41279602,Summer,2
6/22/2035,24.17246437,26.0777359,22.42231369,13.27871895,-0.307370633,101.8730011,4.236112595,5.029409885,137.6382446,137.3453979,24.86664581,71.27400208,Summer,2
6/23/2035,24.29138756,26.20024872,22.53805351,13.3489933,-0.314013958,101.8720932,4.232503891,5.023355484,137.679184,137.3589783,24.99315071,71.13237,Summer,2
6/24/2035,24.40860176,26.32118225,22.65206337,13.4176712,-0.319981337,101.8710861,4.229276657,5.01774168,137.7851563,137.4350739,25.1180954,70.98834229,Summer,2
6/25/2035,24.52402115,26.44041443,22.76428413,13.48477173,-0.325278819,101.8699951,4.226391792,5.012524128,137.9539948,137.5713501,25.24139023,70.84237671,Summer,2
6/26/2035,24.63756561,26.55784607,22.87466049,13.55031586,-0.329918861,101.8688049,4.223806381,5.00765276,138.1829376,137.7649231,25.36293983,70.69496155,Summer,2
6/27/2035,24.74916649,26.67337418,22.98314857,13.61433983,-0.333918035,101.8675156,4.221478462,5.003076077,138.4688416,138.0125275,25.48266602,70.54658508,Summer,2
6/28/2035,24.85875893,26.78690338,23.08970833,13.6768856,-0.337298512,101.866127,4.219362259,4.998743057,138.8080902,138.3105316,25.60049057,70.39775848,Summer,2
6/29/2035,24.96628952,26.89835739,23.19431114,13.7380085,-0.340086222,101.8646469,4.217411995,4.994600296,139.1967316,138.6548615,25.71635056,70.24899292,Summer,2
6/30/2035,25.07171249,27.0076561,23.29693222,13.79776573,-0.342311889,101.8630676,4.215582848,4.990593433,139.6304474,139.0412292,25.83018112,70.10080719,Summer,2
7/1/2035,25.17498779,27.11473465,23.3975544,13.85622787,-0.34400934,101.8613892,4.21382761,4.98666954,140.1045532,139.4649506,25.94192505,69.95372009,Summer,2
7/2/2035,25.27608299,27.21953201,23.49617386,13.91346169,-0.345215887,101.8596191,4.21210146,4.982775688,140.6141663,139.9211578,26.05154037,69.8082428,Summer,2
7/3/2035,25.37497711,27.32200241,23.59278297,13.96955109,-0.345971495,101.8577423,4.210359573,4.978860378,141.1541138,140.4048004,26.15898132,69.66488647,Summer,2
7/4/2035,25.47165489,27.4221077,23.68739128,14.02457428,-0.346318483,101.8557816,4.208558559,4.974873066,141.7190247,140.9106598,26.26421356,69.5241394,Summer,2
7/5/2035,25.56610489,27.51980972,23.78000641,14.07861328,-0.346300364,101.853714,4.20665741,4.970767021,142.3034668,141.4333649,26.36721039,69.38648987,Summer,2
7/6/2035,25.65832329,27.6150856,23.87064171,14.13175392,-0.345961869,101.8515625,4.204615593,4.966495514,142.9018707,141.9675903,26.46794891,69.252388,Summer,2
7/7/2035,25.74831581,27.70791626,23.95931625,14.18408394,-0.345348358,101.8493271,4.202397823,4.96201849,143.5086365,142.5079193,26.56641388,69.12229919,Summer,2
7/8/2035,25.836092,27.79829788,24.04605675,14.23568153,-0.344504505,101.8470001,4.199970722,4.957296371,144.1181488,143.0490417,26.66259003,68.99660492,Summer,2
7/9/2035,25.92166328,27.88621521,24.13088989,14.28663063,-0.343474776,101.8445969,4.197302818,4.952296257,144.7248993,143.5857849,26.75647354,68.87572479,Summer,2
7/10/2035,26.00504494,27.97167969,24.21384048,14.33701134,-0.342301667,101.8421173,4.194369316,4.946988106,145.3235474,144.1130676,26.84806252,68.75999451,Summer,2
7/11/2035,26.08626175,28.05469131,24.29494095,14.38689232,-0.341026425,101.8395767,4.191147804,4.941347599,145.9087982,144.6259766,26.93735504,68.64975739,Summer,2
7/12/2035,26.1653347,28.13526535,24.37422371,14.43634415,-0.339686692,101.8369675,4.187619209,4.935355186,146.4756927,145.1198883,27.02436066,68.54528809,Summer,2
7/13/2035,26.2422905,28.21341705,24.45171738,14.48542213,-0.33831802,101.8343124,4.183772564,4.928997517,147.0194092,145.5905304,27.10908318,68.44684601,Summer,2
7/14/2035,26.31715393,28.2891655,24.52745438,14.5341835,-0.336952031,101.8316116,4.179597378,4.92226553,147.535553,146.0338287,27.19153214,68.35464478,Summer,2
7/15/2035,26.38995171,28.36252975,24.60146523,14.5826683,-0.335615993,101.8288803,4.175091743,4.915157795,148.019989,146.4461823,27.27172279,68.2688446,Summer,2
7/16/2035,26.46071243,28.43353653,24.67377663,14.63091087,-0.334332734,101.8261261,4.170255661,4.90767765,148.4690094,146.824295,27.34966278,68.18959045,Summer,2
7/17/2035,26.52946281,28.5022049,24.74441147,14.678936,-0.333120584,101.8233566,4.16509676,4.899834633,148.8793182,147.1654053,27.42536926,68.11696625,Summer,2
7/18/2035,26.59622002,28.56856155,24.81339264,14.72675323,-0.33199203,101.8205872,4.159627914,4.891645432,149.2480164,147.4670868,27.49884796,68.05102539,Summer,2
7/19/2035,26.66101074,28.63262177,24.8807373,14.77436447,-0.330954403,101.8178329,4.153864384,4.883131027,149.5727386,147.7275085,27.57011795,67.99176025,Summer,2
7/20/2035,26.72385025,28.69441605,24.94645309,14.82175827,-0.330008954,101.815094,4.147829533,4.874319077,149.8516235,147.945282,27.63918495,67.93914032,Summer,2
7/21/2035,26.78475571,28.75396347,25.01055145,14.86890984,-0.329151005,101.8123932,4.141550064,4.865243435,150.0832062,148.1194611,27.70606232,67.89308929,Summer,2
7/22/2035,26.84373093,28.81127548,25.07302856,14.91578484,-0.328370303,101.8097382,4.135057449,4.855944157,150.2666779,148.2496948,27.77075005,67.85349274,Summer,2
7/23/2035,26.90078735,28.86636353,25.13388634,14.96233559,-0.32765013,101.8071518,4.128387451,4.846464157,150.4016571,148.3361053,27.83325577,67.82019043,Summer,2
7/24/2035,26.95591736,28.91924286,25.1931057,15.00849915,-0.326967359,101.8046341,4.121582031,4.836853027,150.488327,148.379303,27.8935833,67.79298401,Summer,2
7/25/2035,27.00911903,28.96991348,25.25066948,15.05420494,-0.326293498,101.8022079,4.114683628,4.827165127,150.5273895,148.3804626,27.95172501,67.77166748,Summer,2
7/26/2035,27.06037903,29.0183754,25.3065567,15.09936905,-0.325594097,101.7998734,4.107741356,4.817458153,150.52005,148.3412018,28.00767708,67.75597382,Summer,2
7/27/2035,27.10968208,29.06462479,25.36073303,15.1438961,-0.324829042,101.7976608,4.100805759,4.807793617,150.4680786,148.2636108,28.06142998,67.7456131,Summer,2
7/28/2035,27.15699768,29.10865021,25.41315651,15.1876812,-0.323952734,101.7955627,4.093930244,4.798236847,150.3735962,148.150177,28.11296844,67.74027252,Summer,2
7/29/2035,27.20229912,29.1504364,25.46378708,15.23060799,-0.322914898,101.7936096,4.087172508,4.788854599,150.2393341,148.0039063,28.16227913,67.73962402,Summer,2
7/30/2035,27.24555016,29.18996048,25.51256752,15.2725544,-0.321660697,101.7918015,4.080589294,4.779716969,150.0683136,147.8281097,28.20933151,67.74331665,Summer,2
7/31/2035,27.28670692,29.22719574,25.55944252,15.31338882,-0.32013154,101.7901459,4.074240685,4.770894051,149.8640594,147.6264954,28.25410843,67.75097656,Summer,2
8/1/2035,27.32571983,29.26210403,25.60434723,15.35297394,-0.318264723,101.7886581,4.068184853,4.762458324,149.6304016,147.4030762,28.29657364,67.76220703,Summer,2
8/2/2035,27.36253548,29.29465485,25.64720726,15.39116478,-0.315994799,101.7873535,4.062483788,4.754481792,149.3715057,147.1620941,28.33669281,67.77664185,Summer,2
8/3/2035,27.39709473,29.32479858,25.68795395,15.42781448,-0.313254178,101.7862244,4.057197571,4.747035503,149.0918884,146.9080963,28.37443542,67.79386902,Summer,2
8/4/2035,27.42933464,29.35248947,25.72650146,15.46277237,-0.309973598,101.7852859,4.052384377,4.740190029,148.7962036,146.6457977,28.40975189,67.81349182,Summer,2
8/5/2035,27.45918655,29.3776741,25.76277161,15.49588776,-0.306082398,101.7845535,4.048101902,4.734014511,148.4893494,146.3800049,28.44260406,67.83511353,Summer,2
8/6/2035,27.4865799,29.40029144,25.79667854,15.52700424,-0.301509857,101.7840118,4.044406891,4.728574276,148.1764069,146.1156616,28.47293854,67.85836029,Summer,2
8/7/2035,27.51143837,29.4202919,25.82813072,15.55597496,-0.296185642,101.7836838,4.041351318,4.723934174,147.8624725,145.8577423,28.50071335,67.88283539,Summer,2
8/8/2035,27.53369141,29.43760681,25.8570385,15.58264923,-0.290040433,101.7835617,4.038986206,4.720151424,147.5527802,145.6111908,28.52587509,67.90818787,Summer,2
8/9/2035,27.55325699,29.45217133,25.88331604,15.6068821,-0.283007145,101.7836456,4.037358284,4.717283726,147.2524719,145.3809052,28.54836845,67.93405914,Summer,2
8/10/2035,27.57006073,29.46392441,25.90686989,15.62853432,-0.275020659,101.7839508,4.036510468,4.715381145,146.9667358,145.1717072,28.56814575,67.96012115,Summer,2
8/11/2035,27.58402443,29.47279739,25.9276123,15.64747429,-0.266019613,101.784462,4.036481857,4.714488506,146.7005615,144.9882355,28.58515358,67.98606873,Summer,2
8/12/2035,27.5950737,29.47872925,25.94545555,15.66357803,-0.255946457,101.7851791,4.037304401,4.714645386,146.458847,144.8349457,28.59933472,68.01161194,Summer,2
8/13/2035,27.60313416,29.48165512,25.96031761,15.6767292,-0.244748816,101.7861099,4.039008141,4.715886593,146.2463684,144.7160187,28.61064339,68.03651428,Summer,2
8/14/2035,27.60813713,29.48151398,25.97212219,15.6868248,-0.232378781,101.7872391,4.041615486,4.718239307,146.0674744,144.6354065,28.61902809,68.06053162,Summer,2
8/15/2035,27.61001968,29.4782486,25.98078918,15.69377136,-0.218795329,101.7885742,4.045143127,4.721722603,145.9264374,144.5967255,28.62444115,68.08348083,Summer,2
8/16/2035,27.60871887,29.47180557,25.98625755,15.69748688,-0.203963086,101.7901001,4.049603462,4.726349354,145.8270721,144.603241,28.62684059,68.10518646,Summer,2
8/17/2035,27.60417938,29.46214294,25.98845673,15.6979084,-0.187854439,101.7918167,4.055000305,4.732126236,145.7729492,144.6578217,28.62618446,68.12553406,Summer,2
8/18/2035,27.59635544,29.44921112,25.98734093,15.69497871,-0.170448944,101.7937088,4.061333656,4.739052296,145.7671661,144.7629395,28.62243652,68.14442444,Summer,2
8/19/2035,27.58520508,29.43297577,25.98286438,15.68866348,-0.151734203,101.795784,4.068595886,4.747117043,145.8124542,144.9206848,28.61556816,68.16178894,Summer,2
8/20/2035,27.57069588,29.413414,25.97498322,15.678936,-0.131705776,101.798027,4.076771736,4.756304264,145.9111938,145.1326294,28.60555077,68.1776123,Summer,2
8/21/2035,27.55280685,29.39050293,25.96367073,15.66579437,-0.110368267,101.8004303,4.085843086,4.766590595,146.065155,145.3999329,28.59236145,68.19190216,Summer,2
8/22/2035,27.53152466,29.36423111,25.94891548,15.64924622,-0.087734297,101.8029785,4.095781326,4.777944088,146.2757721,145.7232819,28.57599258,68.20468903,Summer,2
8/23/2035,27.50684166,29.33459854,25.93070602,15.62931442,-0.063826159,101.8056793,4.106554508,4.790325642,146.5440063,146.1028748,28.55643654,68.21606445,Summer,2
8/24/2035,27.4787674,29.30160904,25.90904427,15.60604095,-0.038674444,101.8085098,4.118125439,4.80369091,146.8702393,146.5384827,28.53368759,68.22612,Summer,2
8/25/2035,27.44731522,29.26529312,25.88394928,15.57948303,-0.012319098,101.8114624,4.130448818,4.817986488,147.2545166,147.0293884,28.507761,68.23498535,Summer,2
8/26/2035,27.41251945,29.22566605,25.85544205,15.54971313,0.015191661,101.8145294,4.143476486,4.833156109,147.6963348,147.5744324,28.47866631,68.24282837,Summer,2
8/27/2035,27.37441444,29.18278122,25.82356262,15.51681709,0.043800429,101.8177109,4.15715313,4.849133492,148.1947479,148.1720123,28.44643021,68.24982452,Summer,2
8/28/2035,27.33305168,29.1366806,25.78835678,15.480896,0.073441729,101.8209839,4.171420574,4.865851402,148.7483673,148.8201447,28.41108131,68.25618744,Summer,2
8/29/2035,27.28849411,29.08743286,25.74988365,15.44206238,0.104041845,101.8243561,4.186216354,4.883234501,149.3553772,149.516449,28.37266159,68.26213837,Summer,2
8/30/2035,27.24081039,29.03510284,25.70821381,15.40044594,0.135519579,101.8278046,4.20147419,4.901205063,150.0136108,150.2581329,28.331213,68.26791382,Summer,2
8/31/2035,27.19008636,28.97978592,25.66342545,15.35618401,0.167786479,101.8313293,4.217124939,4.919682026,150.720459,151.04216,28.28679276,68.27377319,Summer,2
9/1/2035,27.13641167,28.92156982,25.61560822,15.30942154,0.200747132,101.8349152,4.233097076,4.938580513,151.4730225,151.8651276,28.23946762,68.27998352,Autumn,3
9/2/2035,27.07988739,28.86055756,25.5648613,15.26031876,0.234300092,101.8385696,4.249316692,4.95781374,152.2680664,152.7234344,28.18930054,68.28679657,Autumn,3
9/3/2035,27.02062988,28.79686356,25.51129341,15.20903778,0.26833874,101.8422699,4.265709877,4.977293968,153.1020966,153.6132202,28.13637161,68.294487,Autumn,3
9/4/2035,26.95875168,28.73061371,25.455019,15.15575218,0.302751392,101.8460236,4.28219986,4.99693203,153.9713898,154.5304871,28.08076477,68.30332947,Autumn,3
9/5/2035,26.89438629,28.66193008,25.39616013,15.10063362,0.337422222,101.849823,4.298711777,5.016639233,154.8720245,155.4710999,28.02257156,68.31358337,Autumn,3
9/6/2035,26.82766342,28.59096146,25.33484077,15.0438652,0.37223205,101.8536606,4.315172195,5.036328316,155.799942,156.4308167,27.96188354,68.32550049,Autumn,3
9/7/2035,26.75872421,28.51783752,25.27119827,14.98562431,0.407059669,101.8575287,4.331505775,5.055912495,156.7509918,157.4053802,27.8988018,68.33933258,Autumn,3
9/8/2035,26.68770599,28.44271851,25.20536995,14.92609215,0.44178167,101.8614273,4.347642899,5.075306892,157.7209473,158.3905334,27.83343315,68.3553009,Autumn,3
9/9/2035,26.61476517,28.36575317,25.13749504,14.86544609,0.476274133,101.8653564,4.36351347,5.094430447,158.7055969,159.3820648,27.7658844,68.37361145,Autumn,3
9/10/2035,26.54004288,28.28709412,25.06771469,14.80386353,0.510412812,101.8693085,4.379051685,5.113206387,159.7007294,160.375885,27.69626999,68.39446259,Autumn,3
9/11/2035,26.46369553,28.20690155,24.99616814,14.74151611,0.544074476,101.8732834,4.39419651,5.131561756,160.70224,161.368042,27.62470627,68.41801453,Autumn,3
9/12/2035,26.38586998,28.12533569,24.92300034,14.67856407,0.577137828,101.8772736,4.408888817,5.149426937,161.7060852,162.3547363,27.55130196,68.44439697,Autumn,3
9/13/2035,26.30671883,28.04255295,24.84835243,14.61516953,0.609483898,101.8812866,4.423075676,5.166739941,162.7085114,163.332428,27.47617912,68.47372437,Autumn,3
9/14/2035,26.22638702,27.9587059,24.77235794,14.55147934,0.640996993,101.8853226,4.436710835,5.183444977,163.7058411,164.2977905,27.39945221,68.50606537,Autumn,3
9/15/2035,26.14501953,27.87395477,24.69515038,14.48762894,0.671565652,101.8893661,4.4497509,5.199492455,164.6947021,165.2478638,27.32123756,68.54147339,Autumn,3
9/16/2035,26.06275177,27.78843689,24.61685753,14.42374802,0.701083541,101.8934326,4.46216011,5.214838982,165.6719818,166.1799164,27.24164963,68.57995605,Autumn,3
9/17/2035,25.97972107,27.70230484,24.53759766,14.35994911,0.72944963,101.8975067,4.473909378,5.229448795,166.6348419,167.0916595,27.16080093,68.62147522,Autumn,3
9/18/2035,25.8960495,27.61569214,24.45748901,14.29633331,0.756569564,101.9015961,4.484975338,5.243296146,167.5808411,167.9811401,27.07879639,68.66599274,Autumn,3
9/19/2035,25.81185722,27.52872086,24.3766346,14.23298645,0.782355487,101.9057007,4.495342255,5.256360054,168.5078735,168.8467712,26.9957428,68.71339417,Autumn,3
9/20/2035,25.72724915,27.44152069,24.29513168,14.1699791,0.806727409,101.9098129,4.505002022,5.268630981,169.4141846,169.6874237,26.91173935,68.76354218,Autumn,3
9/21/2035,25.64232635,27.35419083,24.21306038,14.10736847,0.829613209,101.9139328,4.513952255,5.280105591,170.2983856,170.5023804,26.82688141,68.81628418,Autumn,3
9/22/2035,25.55717468,27.26683426,24.13050079,14.04519081,0.850949407,101.9180603,4.522198677,5.290790081,171.1595764,171.2913361,26.74125671,68.87139893,Autumn,3
9/23/2035,25.47186661,27.17953491,24.04751587,13.98347473,0.870680988,101.9221954,4.529754639,5.300698757,171.9972382,172.0544281,26.65494156,68.92866516,Autumn,3
9/24/2035,25.3864727,27.09236908,23.9641552,13.92222404,0.888762712,101.9263306,4.536640644,5.309853554,172.8112183,172.7921753,26.56801987,68.9878006,Autumn,3
9/25/2035,25.30103493,27.0053978,23.88045502,13.86143112,0.905158103,101.9304657,4.542882919,5.318285465,173.6018372,173.5055389,26.48055267,69.04850769,Autumn,3
9/26/2035,25.21559334,26.91866302,23.79644585,13.80107117,0.919840634,101.9345856,4.548516273,5.326034069,174.369812,174.1959381,26.3925972,69.110466,Autumn,3
9/27/2035,25.13017273,26.8321991,23.71213531,13.74110222,0.93279326,101.9387054,4.553581715,5.333144665,175.1162109,174.8651428,26.30420303,69.17332458,Autumn,3
9/28/2035,25.04478073,26.74602509,23.62752724,13.68147087,0.944008589,101.9428024,4.558125019,5.339671612,175.8425446,175.5152283,26.21541595,69.23668671,Autumn,3
9/29/2035,24.95941353,26.66014481,23.54260635,13.62210846,0.953489125,101.9468842,4.562199593,5.345674515,176.5506287,176.1487274,26.12626648,69.30017853,Autumn,3
9/30/2035,24.87405396,26.57454681,23.45734596,13.56293106,0.961246312,101.9509277,4.565864563,5.351221561,177.2426758,176.7684021,26.03678131,69.36338043,Autumn,3
10/1/2035,24.78866577,26.48920441,23.37170792,13.5038414,0.967301309,101.9549408,4.569182396,5.356384277,177.9211426,177.3773346,25.94697189,69.4258728,Autumn,3
10/2/2035,24.70321083,26.40407944,23.28564072,13.44473457,0.971684158,101.9589157,4.572221279,5.361240387,178.5888519,177.9788666,25.85684586,69.48721313,Autumn,3
10/3/2035,24.61762428,26.3191185,23.19908142,13.38549423,0.974433243,101.9628372,4.575053215,5.365873814,179.2488556,178.5765533,25.76639938,69.54696655,Autumn,3
10/4/2035,24.53184128,26.23425293,23.11195564,13.32599449,0.975595593,101.9666977,4.57775259,5.370369434,179.9043274,179.174057,25.67562485,69.60469055,Autumn,3
10/5/2035,24.44577789,26.14940262,23.02418137,13.26609993,0.975225866,101.9704819,4.580397606,5.374816418,180.5587463,179.7752838,25.58449936,69.65994263,Autumn,3
10/6/2035,24.35934258,26.06447601,22.93566704,13.20567322,0.97338599,101.9741974,4.583069324,5.379306793,181.215683,180.3841553,25.49300003,69.71229553,Autumn,3
10/7/2035,24.27243423,25.97937393,22.84630775,13.14457321,0.97014457,101.9778137,4.585848808,5.383934975,181.8787689,181.0046844,25.40108871,69.76132202,Autumn,3
10/8/2035,24.18494034,25.89397812,22.7559948,13.08264732,0.965576351,101.9813385,4.588818073,5.388794422,182.5517578,181.6408691,25.30873108,69.80662537,Autumn,3
10/9/2035,24.09674454,25.80817413,22.66461754,13.01975441,0.9597615,101.9847488,4.592059612,5.393980026,183.2383575,182.2966309,25.21587372,69.84779358,Autumn,3
10/10/2035,24.00772095,25.72183228,22.57205582,12.9557457,0.952784896,101.9880371,4.595655918,5.39958477,183.9423218,182.9758453,25.12247086,69.88446808,Autumn,3
10/11/2035,23.91774368,25.6348114,22.47818375,12.89047623,0.944735885,101.9911957,4.599686146,5.40570116,184.6672058,183.6822662,25.02846146,69.91629791,Autumn,3
10/12/2035,23.82667351,25.54697418,22.38288116,12.82380295,0.935706615,101.9942169,4.604229927,5.412418842,185.4166107,184.4195099,24.93379021,69.94297028,Autumn,3
10/13/2035,23.73438263,25.45818329,22.28601837,12.75559425,0.925792396,101.9970779,4.609363556,5.419825554,186.1939087,185.190918,24.83838844,69.96419525,Autumn,3
10/14/2035,23.640728,25.36828613,22.18747139,12.68572044,0.915089965,101.9997864,4.615158081,5.428002834,187.0022278,185.9996033,24.74219131,69.97972107,Autumn,3
10/15/2035,23.5455761,25.27713394,22.08711624,12.61405945,0.903697908,102.002327,4.621684551,5.437030315,187.8445892,186.8484497,24.64513397,69.98932648,Autumn,3
10/16/2035,23.44879341,25.18458557,21.98483467,12.54050446,0.891714215,102.0046921,4.629005432,5.44698,188.7236328,187.7399445,24.54714394,69.992836,Autumn,3
10/17/2035,23.35024834,25.09049988,21.88051224,12.46495438,0.87923795,102.0068817,4.637181282,5.457921028,189.6417999,188.6763306,24.44815826,69.99011993,Autumn,3
10/18/2035,23.24981689,24.99473572,21.77403831,12.38732338,0.86636591,102.008873,4.64626503,5.469913483,190.6011505,189.6593781,24.34810638,69.98107147,Autumn,3
10/19/2035,23.14738083,24.89715958,21.66531372,12.30754089,0.853194177,102.0106735,4.656305313,5.483011246,191.6034088,190.690567,24.24692535,69.96564484,Autumn,3
10/20/2035,23.04282761,24.79764557,21.55424118,12.22554588,0.839816391,102.0122833,4.667343616,5.497262001,192.6500092,191.7708588,24.14455414,69.94382477,Autumn,3
10/21/2035,22.93605423,24.69607544,21.44074249,12.14129829,0.826322913,102.0136948,4.679413795,5.512704372,193.7418518,192.9009552,24.04093552,69.91566467,Autumn,3
10/22/2035,22.82697105,24.59234238,21.32474709,12.05477238,0.812801063,102.0149078,4.692544937,5.529369354,194.8795319,194.0809631,23.93601608,69.88122559,Autumn,3
10/23/2035,22.71549606,24.4863472,21.20619392,11.96595669,0.799334228,102.0159225,4.706755638,5.547278881,196.0632477,195.3106689,23.82974625,69.84063721,Autumn,3
10/24/2035,22.60155869,24.37800407,21.08503723,11.87486076,0.786001205,102.0167542,4.72206068,5.566447258,197.2927246,196.5893097,23.72208405,69.79407501,Autumn,3
10/25/2035,22.48510742,24.26724625,20.96124268,11.78151226,0.772875965,102.017395,4.738463402,5.58687973,198.5673523,197.915802,23.61299515,69.74175262,Autumn,3
10/26/2035,22.36610222,24.15401077,20.834795,11.68595123,0.760027349,102.0178604,4.755962372,5.608571053,199.8859863,199.2885742,23.50245285,69.68391418,Autumn,3
10/27/2035,22.24451828,24.03826141,20.70569229,11.58824062,0.747518837,102.0181503,4.7745471,5.631509304,201.2471924,200.7056122,23.39043617,69.62085724,Autumn,3
10/28/2035,22.12034607,23.91997147,20.57394791,11.48845959,0.73540777,102.0182877,4.794199467,5.65567255,202.6490479,202.1645813,23.27693176,69.55290985,Autumn,3
10/29/2035,21.9935894,23.79912567,20.43959427,11.38670349,0.723745823,102.01828,4.814893246,5.681030273,204.089325,203.662735,23.16193962,69.48043823,Autumn,3
10/30/2035,21.86427689,23.67573929,20.30267525,11.28308487,0.712578654,102.0181427,4.836596012,5.707544804,205.5654144,205.1969452,23.04546356,69.40383911,Autumn,3
10/31/2035,21.73244667,23.5498333,20.16325569,11.17773151,0.701945126,102.0178909,4.859268188,5.735168457,207.0742798,206.7637329,22.92752075,69.3235321,Autumn,3
11/1/2035,21.59815598,23.42145348,20.0214119,11.07078743,0.691878736,102.0175476,4.882862091,5.763844967,208.6127167,208.3594055,22.80813408,69.2399826,Autumn,3
11/2/2035,21.461483,23.29065704,19.87724304,10.96240997,0.682406247,102.017128,4.90732336,5.793513775,210.1770935,209.9799042,22.68733978,69.15365601,Autumn,3
11/3/2035,21.32251549,23.15752411,19.73086166,10.85277081,0.67354846,102.0166626,4.932593346,5.824104786,211.7636566,211.621048,22.56517792,69.06504822,Autumn,3
11/4/2035,21.18136215,23.02215004,19.58239365,10.74205208,0.665320277,102.0161743,4.958605289,5.855540752,213.3682709,213.2783356,22.44170761,68.97467041,Autumn,3
11/5/2035,21.03814697,22.88464737,19.43198395,10.63044739,0.657730758,102.015686,4.985289097,5.887741566,214.9867554,214.9471741,22.31698799,68.88304138,Autumn,3
11/6/2035,20.89300919,22.74514198,19.27978516,10.51815891,0.650783539,102.0152206,5.012568474,5.920618057,216.6147156,216.6229095,22.19108963,68.79069519,Autumn,3
11/7/2035,20.74609947,22.60378265,19.12597084,10.40539932,0.644476831,102.0148087,5.040363789,5.954079151,218.2476501,218.3006897,22.06409836,68.69815063,Autumn,3
11/8/2035,20.59758759,22.46072388,18.97072411,10.29238319,0.63880384,102.0144806,5.068591595,5.988027573,219.881012,219.9757233,21.93609619,68.60595703,Autumn,3
11/9/2035,20.44765282,22.31613541,18.81423759,10.17933273,0.633753538,102.014267,5.097164631,6.02236414,221.5101929,221.6431885,21.80718231,68.51462555,Autumn,3
11/10/2035,20.2964859,22.17021179,18.6567173,10.06647205,0.629310131,102.0141983,5.125994205,6.056985378,223.1305847,223.2983093,21.67746162,68.42468262,Autumn,3
11/11/2035,20.14428711,22.02314377,18.49837494,9.95402813,0.625454307,102.0143051,5.154989243,6.091788292,224.7376862,224.9364319,21.54704285,68.3366394,Autumn,3
11/12/2035,19.99127388,21.87513733,18.33943558,9.842227936,0.622163236,102.0146103,5.184056759,6.126665592,226.3269958,226.552948,21.41604614,68.25098419,Autumn,3
11/13/2035,19.83765411,21.72641373,18.18012047,9.731290817,0.619410813,102.015152,5.213105679,6.161511421,227.8942108,228.1435394,21.28458786,68.16818237,Autumn,3
11/14/2035,19.68366241,21.5771904,18.02066803,9.621441841,0.617168963,102.0159531,5.242041588,6.196219444,229.4351044,229.7039795,21.15279961,68.08869934,Autumn,3
11/15/2035,19.52952385,21.42770004,17.86131287,9.512893677,0.615406692,102.0170441,5.270773888,6.230684757,230.9457703,231.2303314,21.02080917,68.01293182,Autumn,3
11/16/2035,19.37547112,21.27817917,17.7022934,9.40585804,0.614092052,102.0184555,5.299211025,6.264802933,232.4224396,232.7188721,20.88874817,67.94129944,Autumn,3
11/17/2035,19.22174263,21.12885666,17.54384613,9.300532341,0.613191247,102.0202179,5.327264309,6.298473835,233.8615723,234.1662445,20.75675583,67.87416077,Autumn,3
11/18/2035,19.06857109,20.97997665,17.3862114,9.197109222,0.612670064,102.0223465,5.354849339,6.331597805,235.2599792,235.5693359,20.62496567,67.81182861,Autumn,3
11/19/2035,18.9161911,20.83177567,17.22962189,9.095767975,0.612493634,102.0248642,5.381881237,6.364081383,236.6147156,236.9254303,20.49351501,67.75462341,Autumn,3
11/20/2035,18.76483536,20.68448639,17.0743084,8.996678352,0.612627089,102.0277939,5.408281326,6.395833015,237.9232635,238.2321014,20.3625412,67.70278931,Autumn,3
11/21/2035,18.61473083,20.53834152,16.92049789,8.899996758,0.613036156,102.0311508,5.433974266,6.426766396,239.1832886,239.4873047,20.23217964,67.65653992,Autumn,3
11/22/2035,18.46609688,20.39356613,16.76840973,8.805862427,0.6136868,102.0349579,5.458888531,6.456803799,240.3929443,240.6894226,20.10256195,67.61606598,Autumn,3
11/23/2035,18.31914902,20.25038147,16.61824989,8.714402199,0.614546537,102.0392227,5.482959747,6.485867023,241.5507202,241.8372192,19.97382164,67.58150482,Autumn,3
11/24/2035,18.17409515,20.10900116,16.47022247,8.6257267,0.615583718,102.0439529,5.506126404,6.513888836,242.655426,242.9297638,19.84608078,67.552948,Autumn,3
11/25/2035,18.03112793,19.96962357,16.3245163,8.539935112,0.616768777,102.0491562,5.52833271,6.54080677,243.7062531,243.9665985,19.71946716,67.53045654,Autumn,3
11/26/2035,17.89043427,19.83244133,16.18131256,8.457099915,0.618073404,102.0548401,5.54953146,6.56656599,244.7028351,244.9475708,19.59409332,67.51404572,Autumn,3
11/27/2035,17.75218773,19.69763565,16.04077148,8.377285957,0.61947161,102.060997,5.56967926,6.591117382,245.6450653,245.8728943,19.47006989,67.50369263,Autumn,3
11/28/2035,17.61654854,19.56536865,15.90304852,8.300537109,0.620939314,102.0676193,5.588738918,6.614420414,246.5333099,246.7432556,19.34750557,67.49934387,Autumn,3
11/29/2035,17.48366356,19.43579865,15.76828098,8.226881981,0.62245506,102.0747147,5.606680393,6.6364398,247.3681488,247.5595703,19.22649574,67.50088501,Autumn,3
11/30/2035,17.35366249,19.30906105,15.6365881,8.156329155,0.623999476,102.0822601,5.623480797,6.657151699,248.1505585,248.3230591,19.10713196,67.5082016,Autumn,3
12/1/2035,17.2266655,19.18527603,15.50808048,8.088874817,0.625555456,102.0902405,5.639122963,6.676534653,248.8818207,249.0353241,18.98949432,67.52111053,Winter,0
12/2/2035,17.10277176,19.06455612,15.38284683,8.024497986,0.627108157,102.0986328,5.653594971,6.694578648,249.5634613,249.6981506,18.87366486,67.53941345,Winter,0
12/3/2035,16.9820652,18.94698334,15.26096249,7.963160515,0.628645599,102.1074295,5.666893482,6.711278439,250.1973419,250.3136292,18.75970078,67.56288147,Winter,0
12/4/2035,16.8646183,18.83263397,15.14248466,7.904811382,0.630157769,102.1165924,5.679020405,6.72663784,250.7855072,250.884079,18.64766693,67.59125519,Winter,0
12/5/2035,16.75047874,18.72156906,15.02745438,7.849384308,0.63163662,102.126091,5.689984322,6.740664959,251.3301697,251.4118958,18.53760719,67.62425232,Winter,0
12/6/2035,16.63968658,18.61382294,14.91589737,7.796800613,0.63307631,102.1358948,5.699798584,6.753377914,251.8338165,251.899765,18.42956543,67.66157532,Winter,0
12/7/2035,16.53226089,18.50941658,14.80782318,7.74697113,0.634473205,102.1459732,5.708482265,6.764798164,252.2989655,252.3503418,18.32357597,67.70289612,Winter,0
12/8/2035,16.42820549,18.40836334,14.70322514,7.699791431,0.635824919,102.1562805,5.716061592,6.77495575,252.7282867,252.76651,18.2196579,67.7478714,Winter,0
12/9/2035,16.32751083,18.31064606,14.60208225,7.655154228,0.637130976,102.1667786,5.722565651,6.783882618,253.124588,253.1511536,18.11782646,67.79616547,Winter,0
12/10/2035,16.23015022,18.21624756,14.50435734,7.61293602,0.638391852,102.1774139,5.728029251,6.791621208,253.4906464,253.5070801,18.01808929,67.84740448,Winter,0
12/11/2035,16.1360836,18.12512016,14.4100008,7.573011398,0.639609694,102.1881561,5.73249054,6.798213959,253.8292542,253.8371735,17.9204483,67.90122986,Winter,0
12/12/2035,16.04525948,18.03721619,14.31895065,7.535246849,0.640786946,102.1989441,5.735992908,6.803710938,254.143219,254.1442566,17.82489204,67.95727539,Winter,0
12/13/2035,15.95760918,17.95246506,14.2311306,7.499505997,0.641927123,102.2097244,5.738581657,6.808162689,254.4353027,254.4309845,17.73140526,68.01517487,Winter,0
12/14/2035,15.87305927,17.87079239,14.14645386,7.465647697,0.643033803,102.220459,5.740306854,6.811626434,254.7080688,254.7000732,17.63996887,68.07454681,Winter,0
12/15/2035,15.79152107,17.79210663,14.06482601,7.4335289,0.644110918,102.2310944,5.741217613,6.814159393,254.9641571,254.9539032,17.55055237,68.13504791,Winter,0
12/16/2035,15.71289635,17.71630478,13.98614216,7.403006554,0.645162463,102.2415695,5.741369724,6.815824509,255.2058563,255.1948242,17.46312332,68.19631958,Winter,0
12/17/2035,15.6370821,17.64328003,13.91028595,7.373939991,0.646191835,102.2518387,5.740817547,6.816680908,255.4354706,255.4249115,17.37764168,68.25802612,Winter,0
12/18/2035,15.56396484,17.57292175,13.83714199,7.346187592,0.647202194,102.2618408,5.739616394,6.816793919,255.655014,255.6460724,17.29406738,68.31983948,Winter,0
12/19/2035,15.49342918,17.50510406,13.76658344,7.319612026,0.648195803,102.2715378,5.737823963,6.816228867,255.8663177,255.8599701,17.21235657,68.38143921,Winter,0
12/20/2035,15.42535305,17.43970299,13.69848156,7.294082165,0.649174213,102.2808609,5.735496044,6.815048218,256.0710449,256.0680542,17.13245392,68.44255829,Winter,0
12/21/2035,15.35960865,17.37658882,13.63270569,7.269470215,0.650137722,102.2897797,5.732689857,6.813315868,256.2704773,256.2714539,17.05431366,68.5029068,Winter,0
12/22/2035,15.29607201,17.31563187,13.56912231,7.24565649,0.651085675,102.2982407,5.72946167,6.811094761,256.4658203,256.4710999,16.97788048,68.56223297,Winter,0
12/23/2035,15.23461342,17.25669479,13.50759697,7.22252655,0.652015984,102.3061905,5.725865364,6.808448315,256.6579285,256.6676331,16.90310097,68.62032318,Winter,0
12/24/2035,15.17510796,17.19965363,13.44800091,7.199976921,0.652925313,102.3135986,5.721955299,6.805434704,256.8473511,256.8614807,16.82992172,68.67695618,Winter,0
12/25/2035,15.11742973,17.14437485,13.39020061,7.177910805,0.653808475,102.3204193,5.717781544,6.802113533,257.0345154,257.0526733,16.75828552,68.73196411,Winter,0
12/26/2035,15.06145859,17.09073639,13.33407211,7.156242371,0.65465945,102.3266144,5.713394165,6.798537731,257.2194214,257.2411194,16.68814468,68.78518677,Winter,0
12/27/2035,15.00707245,17.03861618,13.27949047,7.134893417,0.655470014,102.3321533,5.708839893,6.794761658,257.4020081,257.4263916,16.61944389,68.83648682,Winter,0
12/28/2035,14.95416355,16.98789597,13.22634125,7.113799095,0.656230986,102.3370056,5.704162121,6.790833473,257.5817566,257.6078491,16.55213547,68.88578796,Winter,0
12/29/2035,14.90262222,16.93847084,13.17451191,7.092904091,0.656931579,102.341156,5.699402332,6.786799908,257.7580872,257.7846375,16.48617172,68.9329834,Winter,0
