Date,T2M,T2M_MAX,T2M_MIN,QV2M,PRECTOTCORR,PS,WS2M,WS10M,WD10M,WD2M,TS,RH2M,season,season_id
1/1/2026,13.42036343,16.91486359,10.74105835,6.666932106,0.747734129,101.8238602,4.658209801,5.818369389,253.7292938,252.4665985,14.43665314,71.69804382,Winter,0
1/2/2026,13.38031483,16.87639618,10.69850922,6.649864197,0.75160861,101.8248062,4.65748024,5.818322182,253.9995422,252.7773438,14.38653374,71.72904205,Winter,0
1/3/2026,13.34081841,16.83837318,10.65655708,6.632732868,0.755494535,101.8249588,4.65714407,5.818745136,254.2766876,253.0944519,14.33736038,71.75842285,Winter,0
1/4/2026,13.30182648,16.80076027,10.61515236,6.61553812,0.759358108,101.8243256,4.657194614,5.819634438,254.5580139,253.414856,14.28910446,71.78614807,Winter,0
1/5/2026,13.2633152,16.76354408,10.57424831,6.59829092,0.763164759,101.8229065,4.657623291,5.82098341,254.8407135,253.7355042,14.24175167,71.8122406,Winter,0
1/6/2026,13.22526932,16.72673225,10.53382492,6.581010818,0.766879439,101.8207321,4.658415318,5.822776318,255.1218262,254.0531464,14.19530106,71.83666992,Winter,0
1/7/2026,13.18768787,16.69034576,10.49386501,6.563723564,0.770467401,101.8178101,4.659552574,5.824995041,255.3983612,254.3644867,14.14975548,71.85944366,Winter,0
1/8/2026,13.15058708,16.65441704,10.45436287,6.54646492,0.773894072,101.8141632,4.66101408,5.827616215,255.6673584,254.6662445,14.10512638,71.88053894,Winter,0
1/9/2026,13.11399651,16.61900711,10.4153347,6.529276848,0.777125895,101.8098221,4.662773132,5.830612183,255.9257813,254.9551392,14.06144238,71.89997864,Winter,0
1/10/2026,13.07795811,16.58418274,10.37679577,6.512206078,0.780130446,101.8048172,4.664801598,5.833950043,256.1707458,255.2279816,14.01873493,71.91773987,Winter,0
1/11/2026,13.0425272,16.55002403,10.33878517,6.495306015,0.782876313,101.7991867,4.667068481,5.837594986,256.399292,255.4816895,13.97704124,71.93385315,Winter,0
1/12/2026,13.00777149,16.51663399,10.30133915,6.478635311,0.785334408,101.7929611,4.669540405,5.841507912,256.6086731,255.7132111,13.93641853,71.94829559,Winter,0
1/13/2026,12.97376347,16.4841156,10.26451683,6.462256432,0.787477493,101.7862015,4.672180653,5.845647335,256.7962952,255.9197845,13.89691162,71.96109009,Winter,0
1/14/2026,12.94059658,16.45259094,10.2283783,6.446232319,0.789280653,101.7789383,4.674952984,5.849969864,256.9597168,256.0987549,13.85858631,71.972229,Winter,0
1/15/2026,12.90835953,16.42218399,10.19299316,6.430631638,0.790722013,101.771225,4.677817822,5.854429722,257.0967102,256.2477722,13.82151031,71.98173523,Winter,0
1/16/2026,12.87715721,16.39302826,10.15844059,6.415521145,0.79178226,101.7631226,4.680736065,5.858980179,257.2051392,256.364624,13.7857542,71.98960876,Winter,0
1/17/2026,12.8470993,16.36527061,10.12480259,6.400971413,0.792445064,101.7546616,4.68366766,5.863573551,257.2832947,256.4473877,13.75138855,71.99584961,Winter,0
1/18/2026,12.81829643,16.33904839,10.09216881,6.387048721,0.792698026,101.7459183,4.686572552,5.868160248,257.3295898,256.4945374,13.71849918,72.00047302,Winter,0
1/19/2026,12.79086685,16.31451035,10.06063271,6.373822212,0.792531669,101.7369385,4.689410686,5.872693539,257.3427734,256.5046997,13.68715858,72.00349426,Winter,0
1/20/2026,12.76492691,16.29180717,10.03029156,6.361355782,0.791940391,101.7277756,4.692142963,5.877124786,257.3218384,256.4768982,13.65744972,72.00491333,Winter,0
1/21/2026,12.74059486,16.27108574,10.00124168,6.349713326,0.790921926,101.7184906,4.694731712,5.881407738,257.2660522,256.4104309,13.62944889,72.00475311,Winter,0
1/22/2026,12.71799755,16.25248528,9.973584175,6.338951111,0.789477885,101.709137,4.697138786,5.88549614,257.1750183,256.3049622,13.60324478,72.00300598,Winter,0
1/23/2026,12.69724274,16.23615074,9.947419167,6.329128265,0.787613571,101.6997681,4.69933033,5.889345646,257.048584,256.1604614,13.57890701,71.99969482,Winter,0
1/24/2026,12.67845345,16.22222137,9.922843933,6.32029438,0.785337806,101.6904449,4.70127058,5.892913818,256.8869934,255.9771271,13.55651569,71.99482727,Winter,0
1/25/2026,12.66173172,16.21081734,9.899954796,6.312493324,0.782663107,101.6812057,4.70293045,5.896161556,256.6905518,255.7556458,13.53613949,71.98841858,Winter,0
1/26/2026,12.64718914,16.20206642,9.878845215,6.305768967,0.779605091,101.6721115,4.704278469,5.899049759,256.460022,255.4968567,13.51784897,71.98046875,Winter,0
1/27/2026,12.63492012,16.19607735,9.859603882,6.300152779,0.776183069,101.663208,4.705288887,5.901544571,256.1963501,255.2019196,13.50170517,71.9710083,Winter,0
1/28/2026,12.62501907,16.1929512,9.842318535,6.295676231,0.772418976,101.6545334,4.705937862,5.903614521,255.9007874,254.8723145,13.48777008,71.96005249,Winter,0
1/29/2026,12.61757088,16.19277763,9.827065468,6.292359829,0.768337905,101.6461334,4.706202984,5.905230522,255.5747223,254.5097656,13.47609138,71.94761658,Winter,0
1/30/2026,12.6126461,16.19563293,9.813920021,6.290221691,0.763967276,101.6380463,4.706066608,5.906367302,255.2197876,254.1160736,13.46671677,71.93370056,Winter,0
1/31/2026,12.61031628,16.20158005,9.802946091,6.289268494,0.759337068,101.6302948,4.705512047,5.907002926,254.8377991,253.6934509,13.45968628,71.91834259,Winter,0
2/1/2026,12.61063385,16.21067429,9.794205666,6.289505959,0.754478991,101.6229248,4.704527378,5.90711832,254.4307404,253.2441864,13.4550333,71.90156555,Winter,0
2/2/2026,12.61364269,16.22294807,9.787748337,6.290930748,0.749426603,101.6159592,4.703102589,5.906699657,254.0006714,252.7706757,13.45277596,71.88337708,Winter,0
2/3/2026,12.6193819,16.23842621,9.78361702,6.293533802,0.744214475,101.6094055,4.701230526,5.905735016,253.5498505,252.2754822,13.45293999,71.86383057,Winter,0
2/4/2026,12.62787151,16.25711441,9.781847954,6.297299862,0.738878429,101.6032867,4.698906898,5.904215813,253.0804901,251.7612457,13.45552826,71.84292603,Winter,0
2/5/2026,12.63912678,16.27900696,9.782468796,6.302207947,0.733454823,101.5976257,4.696131706,5.90213871,252.5948944,251.2306824,13.46054745,71.82070923,Winter,0
2/6/2026,12.65314674,16.30408478,9.785492897,6.308232784,0.72797972,101.5924149,4.692904472,5.899501801,252.095459,250.6864777,13.46798801,71.79721069,Winter,0
2/7/2026,12.66992474,16.33231163,9.790931702,6.315343857,0.722489536,101.5876541,4.689231396,5.896306515,251.5844269,250.1312866,13.47784042,71.77246094,Winter,0
2/8/2026,12.68944168,16.36363983,9.798787117,6.323506832,0.717019916,101.5833588,4.685118198,5.892559528,251.0641327,249.5678101,13.49007988,71.74651337,Winter,0
2/9/2026,12.71166229,16.39800835,9.809048653,6.33268261,0.71160537,101.5794983,4.680572987,5.888267994,250.5367432,248.9985809,13.50468445,71.71938324,Winter,0
2/10/2026,12.7365551,16.4353466,9.821700096,6.342828751,0.706279278,101.5760803,4.675607681,5.883442879,250.0043335,248.4260712,13.52161694,71.69113159,Winter,0
2/11/2026,12.76406193,16.47556305,9.836718559,6.353900433,0.701073527,101.573082,4.67023468,5.878098011,249.4689789,247.8526154,13.54084015,71.66178894,Winter,0
2/12/2026,12.79413128,16.51856804,9.854073524,6.365851879,0.696017504,101.5704727,4.664469242,5.872248173,248.9324341,247.2804108,13.56230545,71.63142395,Winter,0
2/13/2026,12.82669353,16.56425285,9.87372303,6.378633499,0.691138744,101.5682449,4.658327103,5.865911961,248.3964386,246.7113953,13.58596516,71.60005951,Winter,0
2/14/2026,12.86167717,16.61250687,9.895625114,6.392195702,0.686462045,101.5663605,4.651826382,5.859109879,247.8624115,246.1473694,13.61176205,71.56776428,Winter,0
2/15/2026,12.89900303,16.6632061,9.919727325,6.406489849,0.682009339,101.5647812,4.644985676,5.851861954,247.3316803,245.5899048,13.63963795,71.53457642,Winter,0
2/16/2026,12.93858147,16.71622658,9.945972443,6.42146492,0.677799523,101.5634842,4.637825489,5.844192028,246.8052979,245.0402832,13.66952991,71.50056458,Winter,0
2/17/2026,12.98032475,16.77143288,9.974302292,6.437072277,0.67384845,101.5624313,4.630365849,5.83612442,246.2840881,244.499527,13.70137215,71.46577454,Winter,0
2/18/2026,13.0241375,16.82868767,10.00464821,6.45326376,0.670168459,101.5615692,4.622628212,5.827683449,245.7687073,243.9684753,13.73509502,71.43026733,Winter,0
2/19/2026,13.06991959,16.88785744,10.03694534,6.469994545,0.666768253,101.5608749,4.614634514,5.818895817,245.2594452,243.4476013,13.77063179,71.39408875,Winter,0
2/20/2026,13.11757565,16.94879913,10.0711174,6.487221718,0.663653255,101.5602875,4.606406212,5.80978775,244.7564697,242.9371643,13.80791283,71.3572998,Winter,0
2/21/2026,13.16700172,17.01137161,10.10709286,6.504902363,0.660825133,101.5597763,4.597966194,5.800385475,244.259613,242.4370728,13.8468647,71.31996155,Winter,0
2/22/2026,13.21809578,17.07543945,10.14480019,6.523001194,0.658282101,101.5592804,4.589335918,5.790716648,243.7685242,241.9470215,13.88741875,71.28211975,Winter,0
2/23/2026,13.27075768,17.14086151,10.18415833,6.541481972,0.656018674,101.5587692,4.580537319,5.780807972,243.2826233,241.4664154,13.92950535,71.24383545,Winter,0
2/24/2026,13.32488537,17.20750999,10.22509575,6.560316563,0.654026151,101.5581818,4.571592331,5.770686626,242.8010101,240.9943695,13.97305584,71.20516968,Winter,0
2/25/2026,13.38038445,17.27524948,10.26753521,6.579476833,0.652292371,101.5574875,4.562521935,5.760378361,242.3226929,240.5298157,14.01800823,71.16616821,Winter,0
2/26/2026,13.43715477,17.34396172,10.31140518,6.59894228,0.650802135,101.556633,4.553345203,5.749908447,241.8463898,240.0713959,14.06429482,71.12688446,Winter,0
2/27/2026,13.49511147,17.41352844,10.35663033,6.618694305,0.649537265,101.5555801,4.544084072,5.739303589,241.3707123,239.6175079,14.11185646,71.08737183,Winter,0
2/28/2026,13.55416298,17.48383904,10.40314674,6.638719559,0.64847672,101.5542831,4.53475666,5.728587151,240.894104,239.1664581,14.16063881,71.0476532,Winter,0
3/1/2026,13.61422539,17.5547924,10.450881,6.65900898,0.647597432,101.5527115,4.525382042,5.717782974,240.4147339,238.7162628,14.21058369,71.00780487,Spring,1
3/2/2026,13.6752243,17.62629128,10.49977207,6.679559708,0.646873891,101.5508118,4.515977383,5.706914902,239.9308319,238.2648621,14.26164436,70.96784973,Spring,1
3/3/2026,13.73708725,17.69825554,10.54975891,6.700369358,0.646278739,101.5485687,4.506559372,5.696003437,239.4404297,237.8100586,14.31377506,70.92784119,Spring,1
3/4/2026,13.79974556,17.77060509,10.60078621,6.721443653,0.645783246,101.5459442,4.49714613,5.685070038,238.9415283,237.3495483,14.36693382,70.88779449,Spring,1
3/5/2026,13.86314392,17.84327888,10.65280151,6.742789745,0.64535749,101.5429077,4.487751007,5.674135208,238.4320984,236.8809814,14.42108536,70.8477478,Spring,1
3/6/2026,13.92722225,17.9162159,10.70575523,6.764420509,0.644970894,101.5394363,4.478389263,5.663218021,237.9100037,236.4019012,14.47619534,70.80774689,Spring,1
3/7/2026,13.99193764,17.98936844,10.75960636,6.786349297,0.644592404,101.5355148,4.469074726,5.652335167,237.3732147,235.9099884,14.53223801,70.76779938,Spring,1
3/8/2026,14.05724907,18.06270599,10.81431198,6.808594704,0.644190788,101.5311356,4.459820271,5.641504765,236.8197021,235.4028168,14.58918953,70.72793579,Spring,1
3/9/2026,14.12311935,18.13619232,10.86984253,6.831176281,0.643735528,101.526268,4.450639248,5.630743027,236.2475433,234.8780212,14.64702892,70.68816376,Spring,1
3/10/2026,14.18952179,18.20981407,10.92616272,6.854119301,0.643196583,101.5209198,4.441542625,5.620063782,235.6548615,234.333374,14.70574188,70.64849854,Spring,1
3/11/2026,14.25643539,18.2835598,10.98324966,6.877447128,0.642545283,101.5150833,4.43254137,5.609482288,235.0398865,233.7667389,14.76531792,70.60896301,Spring,1
3/12/2026,14.32384109,18.3574276,11.04108047,6.901185036,0.64175415,101.5087585,4.42364645,5.599011898,234.4009705,233.1761475,14.82575035,70.56956482,Spring,1
3/13/2026,14.39172935,18.43142509,11.09963989,6.925361633,0.640797555,101.5019608,4.414868355,5.588664532,233.7366791,232.5596771,14.88703156,70.5302887,Spring,1
3/14/2026,14.46009445,18.50556183,11.15891361,6.95000267,0.639652073,101.4946976,4.406217098,5.578453064,233.0457764,231.9157715,14.94916344,70.4911499,Spring,1
3/15/2026,14.52893257,18.57985878,11.2188921,6.975137711,0.638296723,101.4869766,4.397699833,5.568387508,232.3271332,231.2429199,15.0121479,70.45215607,Spring,1
3/16/2026,14.59824753,18.65434074,11.27956772,7.000792503,0.636713147,101.4788208,4.389327049,5.558478355,231.579895,230.539917,15.07598591,70.4132843,Spring,1
3/17/2026,14.66804504,18.72903824,11.34093761,7.026993752,0.634885788,101.470253,4.381106853,5.548735619,230.803421,229.8057861,15.14068508,70.37453461,Spring,1
3/18/2026,14.73834038,18.8039856,11.40300274,7.053766251,0.632802367,101.4613037,4.373047352,5.539168358,229.9972839,229.0397949,15.2062521,70.33589172,Spring,1
3/19/2026,14.80913734,18.87921906,11.465765,7.081132412,0.630453765,101.4519958,4.365156174,5.529785156,229.1613007,228.2414703,15.27269554,70.29736328,Spring,1
3/20/2026,14.88045692,18.95478058,11.52922535,7.10911417,0.627834201,101.4423752,4.357441425,5.52059412,228.295639,227.4106903,15.34002304,70.25892639,Spring,1
3/21/2026,14.95231056,19.03070831,11.59339142,7.137731552,0.624941528,101.4324646,4.349909782,5.511601925,227.4005127,226.5475006,15.40824795,70.22055054,Spring,1
3/22/2026,15.02471733,19.10704613,11.65826988,7.166998863,0.621776998,101.4223175,4.342567444,5.502815247,226.4765625,225.6522522,15.47737694,70.18225098,Spring,1
3/23/2026,15.0976944,19.18383408,11.72386837,7.196929455,0.61834532,101.4119644,4.335422039,5.494241238,225.5246124,224.7256317,15.54741859,70.14399719,Spring,1
3/24/2026,15.17126083,19.26111412,11.79019547,7.227534771,0.61465472,101.4014511,4.328478813,5.48588419,224.5456848,223.7685547,15.61838245,70.10578156,Spring,1
3/25/2026,15.24543571,19.33892632,11.8572588,7.258820534,0.610716939,101.390831,4.321744442,5.477749825,223.5411377,222.7822113,15.69027519,70.06758118,Spring,1
3/26/2026,15.32023048,19.41730499,11.92507076,7.290790558,0.606546819,101.3801422,4.315223694,5.469841957,222.5124054,221.7680511,15.76310539,70.02938843,Spring,1
3/27/2026,15.39566612,19.49628448,11.99363708,7.32344532,0.602162302,101.3694305,4.30892086,5.462163925,221.4612427,220.7277069,15.83687401,69.99118042,Spring,1
3/28/2026,15.47175217,19.57589722,12.06296635,7.356781483,0.597584248,101.358757,4.30284071,5.454719067,220.3895264,219.663147,15.91158485,69.95294952,Spring,1
3/29/2026,15.54850197,19.65616798,12.13306427,7.390791893,0.592836261,101.3481598,4.29698658,5.447508812,219.2993164,218.5764313,15.98723984,69.91468811,Spring,1
3/30/2026,15.62592888,19.73711967,12.2039423,7.425466537,0.587944329,101.3376846,4.291360378,5.440533161,218.1928253,217.4698639,16.06383896,69.87637329,Spring,1
3/31/2026,15.70403862,19.81876945,12.27560043,7.460792542,0.582936347,101.3273849,4.285964966,5.433793545,217.0723877,216.3459167,16.1413765,69.83802032,Spring,1
4/1/2026,15.78283691,19.90113068,12.34804726,7.496754646,0.577842116,101.3173065,4.280800819,5.427287102,215.9404144,215.2071533,16.21984863,69.79959869,Spring,1
4/2/2026,15.86232758,19.98420906,12.42128372,7.533332825,0.572692692,101.3074951,4.275866985,5.421012402,214.799408,214.0562592,16.29924774,69.76111603,Spring,1
4/3/2026,15.9425106,20.06800652,12.49531269,7.57050705,0.567520499,101.2979965,4.271162987,5.41496563,213.651947,212.8960266,16.37956619,69.7225647,Spring,1
4/4/2026,16.023386,20.15252495,12.57013702,7.608254433,0.562358081,101.2888412,4.266686916,5.409140587,212.5005951,211.7292786,16.46079445,69.68393707,Spring,1
4/5/2026,16.10494995,20.23775291,12.64575481,7.646549702,0.557238579,101.2800827,4.262434006,5.403531551,211.3479156,210.5588379,16.54291534,69.64523315,Spring,1
4/6/2026,16.18719864,20.32368088,12.72216702,7.685367584,0.552194893,101.2717438,4.25839901,5.398130894,210.1964264,209.3875885,16.62591934,69.60646057,Spring,1
4/7/2026,16.27012062,20.41028976,12.79937077,7.724679947,0.547259331,101.2638702,4.254575253,5.392928123,209.048645,208.2183075,16.70978928,69.56762695,Spring,1
4/8/2026,16.35371017,20.4975605,12.8773632,7.76446104,0.542463183,101.2564926,4.250955105,5.387912273,207.9069519,207.0537567,16.79450989,69.52871704,Spring,1
4/9/2026,16.43795776,20.5854702,12.95614243,7.804681778,0.537836254,101.2496262,4.247527599,5.383070469,206.7736816,205.8965607,16.88006592,69.48974609,Spring,1
4/10/2026,16.52284813,20.67399216,13.03570557,7.845317364,0.533406734,101.243309,4.244281769,5.378387451,205.6509552,204.7492981,16.96643448,69.45071411,Spring,1
4/11/2026,16.60837746,20.76309395,13.11604786,7.886340141,0.529200613,101.2375488,4.241204262,5.373847008,204.540802,203.6143494,17.05360794,69.41163635,Spring,1
4/12/2026,16.69452667,20.85274696,13.1971693,7.927726746,0.525241196,101.2323685,4.238280296,5.369431019,203.4450684,202.4939423,17.14156342,69.37249756,Spring,1
4/13/2026,16.78128815,20.94292068,13.27906609,7.969452858,0.521549225,101.2277908,4.235492706,5.365118504,202.3654327,201.3901367,17.23028946,69.33330536,Spring,1
4/14/2026,16.86865234,21.03357887,13.3617363,8.011499405,0.518141985,101.2238083,4.232823849,5.360888481,201.3033905,200.3047485,17.31976891,69.29406738,Spring,1
4/15/2026,16.95660591,21.12469101,13.44518089,8.053848267,0.515033543,101.2204361,4.23025322,5.35671711,200.2601166,199.2394562,17.40999222,69.254776,Spring,1
4/16/2026,17.04514503,21.21622849,13.52939892,8.096481323,0.51223433,101.2176743,4.227758884,5.352579117,199.2366791,198.1955719,17.50094414,69.21542358,Spring,1
4/17/2026,17.13426399,21.30815887,13.61439514,8.139390945,0.509750843,101.2155228,4.225317955,5.348448277,198.2338562,197.1743164,17.59262085,69.17602539,Spring,1
4/18/2026,17.22395515,21.40045738,13.70017052,8.182565689,0.507585406,101.213974,4.222905636,5.344295979,197.2522278,196.1765137,17.68501663,69.13653564,Spring,1
4/19/2026,17.31422424,21.49309921,13.78673458,8.226002693,0.505736589,101.2130127,4.220496178,5.340091705,196.2920837,195.2028046,17.77812576,69.0969696,Spring,1
4/20/2026,17.40507126,21.5860672,13.87409592,8.269701004,0.504198492,101.2126389,4.218061924,5.335806847,195.3535309,194.2536316,17.87195206,69.05729675,Spring,1
4/21/2026,17.49650383,21.67934418,13.96226311,8.313663483,0.502961159,101.2128296,4.215575218,5.331408978,194.4364014,193.3290253,17.96649551,69.01748657,Spring,1
4/22/2026,17.58853149,21.77292061,14.05125237,8.357896805,0.502010226,101.2135696,4.213006973,5.326865673,193.5403748,192.4289093,18.06177139,68.97750854,Spring,1
4/23/2026,17.6811676,21.86679459,14.14107895,8.402415276,0.501327395,101.2148285,4.210327148,5.322144032,192.6647797,191.5528412,18.15778732,68.93733215,Spring,1
4/24/2026,17.77443504,21.96096611,14.23176384,8.447234154,0.500890255,101.2165985,4.207505703,5.317210674,191.8089294,190.7002411,18.25455856,68.89690399,Spring,1
4/25/2026,17.86835289,22.05544281,14.32332516,8.492373466,0.500672579,101.2188416,4.204512596,5.312033176,190.971756,189.8702545,18.35210609,68.85617065,Spring,1
4/26/2026,17.96294785,22.15023994,14.4157896,8.537857056,0.500644505,101.2215271,4.201316357,5.306578159,190.1521606,189.0618134,18.45045471,68.81508636,Spring,1
4/27/2026,18.05825615,22.24538422,14.50918674,8.583713531,0.500772595,101.2246323,4.197888374,5.300811768,189.3488159,188.2736664,18.54963303,68.7735672,Spring,1
4/28/2026,18.15431404,22.34090042,14.60354328,8.629972458,0.501020551,101.2281189,4.194198608,5.29470396,188.5603333,187.5044708,18.64966965,68.73153687,Spring,1
4/29/2026,18.25115776,22.43682671,14.6988945,8.676670074,0.501348972,101.2319641,4.190217972,5.288223267,187.7851563,186.7526093,18.75060654,68.68891907,Spring,1
4/30/2026,18.34883308,22.53320503,14.79527092,8.723842621,0.501716435,101.2361221,4.185919762,5.281339169,187.0216675,186.0163879,18.85247803,68.64561462,Spring,1
5/1/2026,18.4473896,22.63009071,14.89271259,8.771530151,0.502079129,101.2405624,4.181276798,5.274026394,186.2681885,185.2941132,18.9553299,68.60151672,Spring,1
5/2/2026,18.54687691,22.72753716,14.99125481,8.81977272,0.502391398,101.2452545,4.17626524,5.266257286,185.5230255,184.5838928,19.0592041,68.5565033,Spring,1
5/3/2026,18.64735222,22.8256073,15.09093857,8.868614197,0.502606988,101.2501602,4.170862198,5.258009434,184.7844543,183.8838348,19.16415405,68.51048279,Spring,1
5/4/2026,18.74887085,22.92437363,15.19180298,8.918099403,0.502678275,101.2552414,4.165047169,5.249261379,184.050827,183.1920929,19.27022552,68.46329498,Spring,1
5/5/2026,18.85149002,23.02390862,15.29388714,8.968269348,0.502557814,101.2604675,4.158802509,5.239994526,183.3204346,182.5067444,19.37747192,68.41481018,Spring,1
5/6/2026,18.95527458,23.12429047,15.39723396,9.019170761,0.502197981,101.2658081,4.152112007,5.230195999,182.5917816,181.8259735,19.48594475,68.36489868,Spring,1
5/7/2026,19.06028175,23.2256031,15.50188065,9.070842743,0.501552045,101.2712173,4.144964695,5.219852448,181.8633575,181.147995,19.59570313,68.31338501,Spring,1
5/8/2026,19.16657066,23.32793236,15.60786724,9.123328209,0.50057435,101.2766724,4.137351036,5.208955765,181.1338348,180.4711914,19.70679283,68.26011658,Spring,1
5/9/2026,19.27420616,23.43136597,15.71522903,9.176664352,0.499220818,101.2821426,4.129264832,5.197503567,180.4020233,179.7939606,19.81926918,68.2049408,Spring,1
5/10/2026,19.38324356,23.53599358,15.82400227,9.23088932,0.497449636,101.2875977,4.120704651,5.185494423,179.6669006,179.1149597,19.93318558,68.14767456,Spring,1
5/11/2026,19.4937439,23.64190292,15.93421555,9.28603363,0.495221168,101.2930069,4.111670971,5.172932148,178.927597,178.4329376,20.0485878,68.08813477,Spring,1
5/12/2026,19.60575485,23.74918365,16.04590034,9.342125893,0.492498964,101.2983475,4.10216856,5.159826279,178.1834869,177.7468719,20.16552353,68.02616882,Spring,1
5/13/2026,19.71932793,23.85792542,16.15907669,9.399190903,0.489249885,101.3035965,4.092208385,5.146188736,177.4341583,177.0559235,20.28403091,67.96157837,Spring,1
5/14/2026,19.83451462,23.96821022,16.27376556,9.457245827,0.485444516,101.3087311,4.081801891,5.132036209,176.6794434,176.3594666,20.40415955,67.8941803,Spring,1
5/15/2026,19.95134544,24.08011627,16.38998604,9.516305923,0.481057376,101.313736,4.070966244,5.117390633,175.9193573,175.6571808,20.52593231,67.82380676,Spring,1
5/16/2026,20.06986237,24.19372177,16.50773811,9.576375961,0.476067364,101.3185806,4.0597229,5.102278233,175.1541595,174.9489441,20.64938164,67.75026703,Spring,1
5/17/2026,20.19008827,24.30909157,16.62702942,9.637459755,0.470457971,101.3232574,4.04809618,5.086728096,174.3844299,174.234848,20.77453041,67.67338562,Spring,1
5/18/2026,20.31204224,24.42629242,16.74785423,9.699548721,0.464217663,101.3277588,4.036114216,5.070775032,173.6109314,173.5153046,20.90139389,67.59299469,Spring,1
5/19/2026,20.43573952,24.54537392,16.87020302,9.762630463,0.457339585,101.3320618,4.023809433,5.054458141,172.8347015,172.7909393,21.02997971,67.50892639,Spring,1
5/20/2026,20.56118202,24.66638184,16.99405289,9.826684952,0.449822187,101.3361664,4.011217594,5.037818432,172.0569611,172.0626373,21.16029167,67.42102051,Spring,1
5/21/2026,20.68836594,24.78935242,17.11938286,9.891685486,0.441668957,101.340065,3.998377323,5.020903111,171.2792206,171.3315582,21.29231644,67.32911682,Spring,1
5/22/2026,20.81727028,24.91430855,17.24615479,9.957595825,0.432888538,101.3437424,3.985331297,5.003760815,170.5031586,170.5990601,21.42604446,67.233078,Spring,1
5/23/2026,20.94787216,25.04126549,17.37432671,10.02437496,0.423494905,101.3472061,3.972123384,4.986443996,169.7306671,169.8667145,21.56144905,67.13278198,Spring,1
5/24/2026,21.08014107,25.17022133,17.50384903,10.09197235,0.413506806,101.3504486,3.958801508,4.969008923,168.9638367,169.1363525,21.69849586,67.02809143,Spring,1
5/25/2026,21.2140255,25.30116463,17.63466072,10.16033173,0.402948022,101.3534698,3.945414782,4.951511383,168.2048492,168.4099579,21.83714294,66.91893005,Spring,1
5/26/2026,21.34947014,25.4340744,17.76669693,10.2293911,0.391847134,101.3562775,3.932015181,4.934011936,167.4561157,167.6896667,21.97733688,66.80517578,Spring,1
5/27/2026,21.48640823,25.5689106,17.89987755,10.2990799,0.380237252,101.3588638,3.91865468,4.916572094,166.720047,166.9777679,22.11902046,66.68677521,Spring,1
5/28/2026,21.62476349,25.70561981,18.03412247,10.36932087,0.368155599,101.3612442,3.905388117,4.899253368,165.9992371,166.2767181,22.26211739,66.56367493,Spring,1
5/29/2026,21.76444817,25.84414291,18.16934013,10.44003296,0.355643272,101.3634186,3.892268896,4.882118225,165.2962952,165.588974,22.40655136,66.43582153,Spring,1
5/30/2026,21.90536308,25.9844017,18.30542946,10.51113129,0.342745125,101.3653946,3.879352093,4.86523056,164.6137848,164.9171448,22.55223465,66.3032074,Spring,1
5/31/2026,22.04740334,26.12630081,18.44228554,10.58252144,0.329508841,101.3671722,3.866692781,4.848652363,163.954361,164.2637329,22.69906616,66.16584778,Spring,1
6/1/2026,22.19045067,26.26974297,18.57979584,10.65411091,0.315985203,101.3687668,3.854343891,4.832445621,163.3205719,163.631424,22.84694672,66.02375031,Summer,2
6/2/2026,22.3343792,26.414608,18.71784019,10.72580147,0.30222711,101.3701859,3.842358589,4.816670418,162.7149506,163.0227203,22.99575806,65.87696838,Summer,2
6/3/2026,22.47905922,26.56077003,18.85629463,10.79749107,0.288289249,101.3714371,3.830787897,4.801384449,162.1398773,162.440094,23.14538193,65.72557068,Summer,2
6/4/2026,22.62434769,26.70808983,18.99502754,10.86907959,0.27422756,101.3725281,3.819681168,4.786645889,161.5975952,161.8859558,23.29568863,65.56964874,Summer,2
6/5/2026,22.77009964,26.8564167,19.13391113,10.94046211,0.260099024,101.3734665,3.809084415,4.77250576,161.0901947,161.3625488,23.44654846,65.40932465,Summer,2
6/6/2026,22.91615868,27.00559235,19.27280426,11.0115366,0.245960772,101.3742599,3.79904151,4.75901413,160.6195831,160.8719482,23.5978241,65.24472046,Summer,2
6/7/2026,23.06237221,27.15545082,19.41156769,11.0821991,0.231869712,101.3749237,3.78959322,4.746218204,160.1874542,160.4161072,23.74936676,65.07601929,Summer,2
6/8/2026,23.2085762,27.30581284,19.55005836,11.15235329,0.217882201,101.3754501,3.780776262,4.734158516,159.7952271,159.9966278,23.90103149,64.90339661,Summer,2
6/9/2026,23.35460281,27.45650101,19.68813705,11.22189713,0.204053134,101.3758621,3.772623539,4.722873211,159.4440613,159.6149902,24.05267334,64.72705841,Summer,2
6/10/2026,23.50029373,27.60732651,19.8256588,11.29073906,0.190435916,101.3761597,3.765163898,4.712393761,159.1348114,159.2723694,24.20413589,64.54724121,Summer,2
6/11/2026,23.64547539,27.75809669,19.96248436,11.35878754,0.177081734,101.3763504,3.758420467,4.702746391,158.8680725,158.9696503,24.35526657,64.36418152,Summer,2
6/12/2026,23.78998184,27.90861893,20.0984726,11.42595768,0.164039075,101.376442,3.752412796,4.69395256,158.6440277,158.7073364,24.50591087,64.17817688,Summer,2
6/13/2026,23.93364906,28.05869675,20.23348236,11.49217033,0.151353553,101.3764267,3.747154713,4.686028957,158.4626465,158.4857483,24.65591621,63.98949432,Summer,2
6/14/2026,24.07631302,28.2081337,20.36738205,11.55735016,0.139067307,101.3763275,3.7426548,4.678982258,158.3234253,158.3047943,24.80513,63.79846954,Summer,2
6/15/2026,24.21780968,28.35673332,20.50004005,11.62143421,0.127218574,101.3761368,3.738917112,4.672818184,158.225647,158.1640625,24.95340347,63.60542297,Summer,2
6/16/2026,24.35799026,28.50430489,20.6313324,11.68436241,0.115842015,101.3758545,3.735938787,4.66753149,158.1681213,158.0627289,25.10058784,63.41069794,Summer,2
6/17/2026,24.49669456,28.65065956,20.76113319,11.74608421,0.104967557,101.3754883,3.733712912,4.663113594,158.1494141,157.9997406,25.24654007,63.21465302,Summer,2
6/18/2026,24.63378716,28.79560852,20.88933563,11.80655766,0.094620846,101.3750458,3.732225895,4.659548759,158.1677094,157.9736176,25.39112663,63.01767731,Summer,2
6/19/2026,24.76912308,28.93897629,21.01582909,11.86574936,0.084822655,101.3745117,3.731460333,4.656815052,158.2207947,157.982605,25.53420639,62.82014465,Summer,2
6/20/2026,24.90257454,29.08058739,21.14051628,11.92363548,0.075589202,101.3739014,3.73139143,4.654883385,158.3063354,158.0245514,25.67565536,62.6224556,Summer,2
6/21/2026,25.03401947,29.22027779,21.26330376,11.98020267,0.066932037,101.3731995,3.731991529,4.653721333,158.4215393,158.0970764,25.81535339,62.42501831,Summer,2
6/22/2026,25.16334152,29.3578949,21.3841095,12.03544426,0.058857404,101.3724213,3.733225822,4.653288364,158.5633545,158.197464,25.95318604,62.2282486,Summer,2
6/23/2026,25.29044151,29.49328995,21.50285912,12.08936405,0.051367104,101.3715515,3.735056877,4.653539181,158.7286224,158.3227386,26.08904648,62.03255463,Summer,2
6/24/2026,25.41522217,29.6263237,21.61948586,12.14197636,0.044458382,101.3705978,3.737442017,4.654425621,158.9137573,158.469696,26.22283173,61.83836365,Summer,2
6/25/2026,25.53759766,29.7568779,21.7339344,12.19330215,0.038123664,101.3695526,3.740334272,4.655891418,159.1151276,158.634903,26.35445786,61.64609528,Summer,2
6/26/2026,25.65749931,29.88483429,21.84615707,12.24337387,0.032351553,101.3684158,3.743683577,4.657878876,159.328949,158.814743,26.48383713,61.45616913,Summer,2
6/27/2026,25.77486038,30.01009178,21.95611954,12.29222965,0.027126117,101.3671875,3.747437239,4.660325527,159.5512848,159.0054779,26.61089706,61.26900482,Summer,2
6/28/2026,25.88962936,30.13256073,22.06378746,12.33991623,0.022428066,101.3658676,3.751538277,4.663166523,159.7780609,159.2032471,26.73557281,61.08501434,Summer,2
6/29/2026,26.00176048,30.25216484,22.16914749,12.38648796,0.018234605,101.3644485,3.755928278,4.666332245,160.0052643,159.4040833,26.85779953,60.90459824,Summer,2
6/30/2026,26.11122513,30.36883545,22.27218437,12.43200684,0.014519825,101.3629303,3.760547638,4.669754505,160.2288208,159.6039886,26.97753906,60.72816467,Summer,2
7/1/2026,26.21800041,30.48252106,22.37289238,12.47653961,0.011255484,101.3613129,3.765334845,4.673360825,160.4447021,159.799057,27.09474564,60.55609131,Summer,2
7/2/2026,26.32207108,30.59317589,22.47128296,12.52015781,0.008411017,101.3595963,3.770228148,4.677079678,160.6490021,159.985321,27.20938492,60.38876343,Summer,2
7/3/2026,26.4234333,30.70077324,22.56736374,12.56293678,0.005954558,101.3577805,3.775164843,4.680838585,160.8378448,160.1589661,27.32143021,60.22653961,Summer,2
7/4/2026,26.52208519,30.80528831,22.66115761,12.60495853,0.003852662,101.3558731,3.780083656,4.684565544,161.0076294,160.3162231,27.43086243,60.06976318,Summer,2
7/5/2026,26.6180439,30.90671158,22.75268364,12.64630222,0.00207141,101.3538589,3.784923792,4.68819046,161.1548767,160.4536285,27.53766632,59.91876984,Summer,2
7/6/2026,26.7113266,31.00504494,22.84197426,12.68705273,0.000576923,101.3517609,3.789626122,4.691644192,161.2763824,160.5678253,27.64183807,59.77386475,Summer,2
7/7/2026,26.80195427,31.10029793,22.92906761,12.72729588,-0.000664479,101.3495636,3.794132948,4.694859982,161.3692169,160.6557159,27.74337006,59.63536072,Summer,2
7/8/2026,26.88995743,31.19247627,23.01399422,12.76711178,-0.001685138,101.3472824,3.798390388,4.697775364,161.4307404,160.7145081,27.84227371,59.50351715,Summer,2
7/9/2026,26.97536469,31.28161049,23.09680367,12.80658531,-0.002516644,101.3449173,3.802346468,4.700329781,161.4586945,160.7417297,27.93854523,59.37858963,Summer,2
7/10/2026,27.05821609,31.36772346,23.17753029,12.84579277,-0.003188065,101.3424759,3.805953741,4.702467918,161.4511261,160.735199,28.03219604,59.26081848,Summer,2
7/11/2026,27.13854599,31.45084763,23.25622177,12.8848114,-0.003726219,101.3399582,3.8091681,4.704139709,161.4065704,160.6932068,28.12323761,59.1504097,Summer,2
7/12/2026,27.21639061,31.5310173,23.33292198,12.92371178,-0.004155006,101.3373871,3.811950207,4.705298901,161.3239441,160.6143799,28.21168137,59.0475502,Summer,2
7/13/2026,27.29179192,31.60826874,23.40767097,12.96256065,-0.004495055,101.3347549,3.814265251,4.705904484,161.2025299,160.4977264,28.29753494,58.95241547,Summer,2
7/14/2026,27.36478996,31.68264198,23.48051643,13.00141335,-0.004763442,101.332077,3.816084146,4.705924034,161.0421448,160.3427582,28.38081741,58.86513519,Summer,2
7/15/2026,27.43541336,31.75417137,23.55148315,13.04032612,-0.004972945,101.3293686,3.817382336,4.705328465,160.8430634,160.1494446,28.46153641,58.78583527,Summer,2
7/16/2026,27.50369835,31.82289505,23.62061882,13.07933998,-0.005132005,101.3266373,3.818141699,4.704098225,160.6059723,159.9181519,28.53969955,58.71461487,Summer,2
7/17/2026,27.56966972,31.88884735,23.68794441,13.11849308,-0.005244645,101.3238907,3.818349361,4.702218533,160.3320923,159.649765,28.61531448,58.65154266,Summer,2
7/18/2026,27.63335419,31.95205498,23.75348854,13.1578083,-0.005309878,101.3211365,3.817998648,4.699680805,160.0230103,159.3455811,28.6883812,58.59667969,Summer,2
7/19/2026,27.694767,32.01255035,23.81727028,13.19730282,-0.005322026,101.3184052,3.817089319,4.696487427,159.6808624,159.0073853,28.7589035,58.55004883,Summer,2
7/20/2026,27.75392342,32.07034683,23.87930298,13.23698139,-0.005270044,101.3156891,3.815626383,4.692643642,159.3081665,158.6374054,28.82686996,58.51166534,Summer,2
7/21/2026,27.81082153,32.12545395,23.93958664,13.27684021,-0.005137961,101.3130112,3.813621521,4.688163757,158.9079132,158.2382813,28.89227295,58.48151779,Summer,2
7/22/2026,27.86545944,32.17788696,23.99812317,13.31686211,-0.004904636,101.3103867,3.811092377,4.683070183,158.4833984,157.8130951,28.9550972,58.45957565,Summer,2
7/23/2026,27.91783333,32.22764206,24.05490303,13.35702229,-0.004544315,101.3078308,3.808062077,4.677389622,158.0384064,157.3652802,29.01531601,58.44578934,Summer,2
7/24/2026,27.96791267,32.27471161,24.10990524,13.39728069,-0.004025762,101.3053513,3.804558754,4.671156883,157.5769501,156.8986511,29.07290649,58.44008636,Summer,2
7/25/2026,28.0156765,32.31906509,24.16310692,13.43758965,-0.00331368,101.3029633,3.800616503,4.664413929,157.1034851,156.4173889,29.12783432,58.4424057,Summer,2
7/26/2026,28.06108475,32.36068726,24.21446609,13.47788906,-0.002368035,101.3006744,3.796274662,4.657206059,156.6226196,155.9259033,29.18005371,58.45262527,Summer,2
7/27/2026,28.10409164,32.39953613,24.26394463,13.51811028,-0.001145051,101.2985077,3.791576624,4.649586201,156.1392212,155.4288635,29.22951889,58.47064209,Summer,2
7/28/2026,28.14464569,32.43556595,24.3114872,13.55817127,0.000402876,101.2964783,3.786570072,4.64161253,155.6583862,154.9312439,29.27618027,58.49633789,Summer,2
7/29/2026,28.18268204,32.46871948,24.3570385,13.59798431,0.002326742,101.2945786,3.781306744,4.633346558,155.185318,154.4380951,29.31996918,58.52957153,Summer,2
7/30/2026,28.21813202,32.49893188,24.40052414,13.63745022,0.004680224,101.2928467,3.775841713,4.624853134,154.7253265,153.9546356,29.3608284,58.57019806,Summer,2
7/31/2026,28.25091171,32.52613449,24.44187164,13.67646408,0.00751913,101.2912674,3.770232201,4.616203308,154.283783,153.4861298,29.39868546,58.61805725,Summer,2
8/1/2026,28.28094292,32.55023956,24.48099899,13.71490955,0.010901119,101.2898712,3.764537811,4.607467651,153.8660126,153.0379028,29.43346024,58.67299271,Summer,2
8/2/2026,28.30813408,32.57116318,24.51781464,13.75266743,0.014884996,101.2886505,3.758820295,4.598721504,153.4772949,152.6152649,29.46507645,58.73482513,Summer,2
8/3/2026,28.3323822,32.5888176,24.55222893,13.78961277,0.019530237,101.2876205,3.753142118,4.590040207,153.1228333,152.2234344,29.49344635,58.8033905,Summer,2
8/4/2026,28.35359383,32.60308838,24.58414078,13.82561493,0.024895962,101.2867966,3.747565985,4.581499577,152.807663,151.8674774,29.51848602,58.87849426,Summer,2
8/5/2026,28.37165833,32.61388397,24.61344528,13.86053753,0.031040737,101.286171,3.742155075,4.573176384,152.5366364,151.5523834,29.5401001,58.95996857,Summer,2
8/6/2026,28.38646698,32.62108612,24.64003944,13.89424706,0.038021713,101.2857513,3.736971378,4.565146446,152.3143005,151.2828369,29.55820084,59.04761124,Summer,2
8/7/2026,28.39792061,32.62458801,24.66381454,13.92660522,0.045893945,101.2855453,3.732075214,4.557482243,152.1449585,151.0632629,29.57269669,59.14124298,Summer,2
8/8/2026,28.40590668,32.62427902,24.68466377,13.95747375,0.054709733,101.2855606,3.727525711,4.550257206,152.0325165,150.8978577,29.58349609,59.24067307,Summer,2
8/9/2026,28.41031075,32.62004852,24.70247841,13.98671913,0.064518213,101.2857819,3.723377943,4.543540001,151.9805908,150.7903595,29.59050751,59.3457222,Summer,2
8/10/2026,28.41103745,32.61178589,24.71714973,14.01420307,0.075364314,101.2862244,3.719686031,4.537396431,151.9923248,150.7441559,29.59364319,59.4561882,Summer,2
8/11/2026,28.40797424,32.59938431,24.72857666,14.03979683,0.0872887,101.2868805,3.716498852,4.531888008,152.0703735,150.7622833,29.59282303,59.57189941,Summer,2
8/12/2026,28.40104103,32.58274841,24.73665428,14.06337643,0.100326538,101.2877502,3.713861942,4.527071953,152.2169647,150.8471985,29.58795929,59.69265747,Summer,2
8/13/2026,28.39012909,32.56177902,24.74128914,14.08481789,0.114507653,101.288826,3.711815596,4.522998333,152.4338531,151.000946,29.57898331,59.81829071,Summer,2
8/14/2026,28.37516975,32.5363884,24.74238968,14.10401058,0.129855469,101.2901077,3.710396051,4.519714355,152.7221832,151.2250977,29.56583023,59.94861221,Summer,2
8/15/2026,28.35608101,32.50650024,24.73987389,14.12084675,0.146386847,101.2915878,3.709633589,4.517259121,153.0826874,151.5205994,29.54843521,60.08345032,Summer,2
8/16/2026,28.332798,32.47204208,24.73366356,14.13523006,0.16411145,101.2932663,3.709553242,4.515666485,153.5153656,151.8879242,29.52674103,60.22262955,Summer,2
8/17/2026,28.30526733,32.43296432,24.72369766,14.14707375,0.183032036,101.2951355,3.710173368,4.51496172,154.0198212,152.3269958,29.50071335,60.36597824,Summer,2
8/18/2026,28.27345085,32.38922119,24.70991135,14.15629864,0.203143254,101.2971802,3.711506367,4.515163898,154.595047,152.837204,29.47031784,60.51332855,Summer,2
8/19/2026,28.23731804,32.34078217,24.69226456,14.16283989,0.224432185,101.2994003,3.713559389,4.516284943,155.2394714,153.4173431,29.43553162,60.664505,Summer,2
8/20/2026,28.19685173,32.28763199,24.67071915,14.16664219,0.24687764,101.3017807,3.716332436,4.518329144,155.9510345,154.0656891,29.39634323,60.8193512,Summer,2
8/21/2026,28.15205002,32.22977829,24.64525604,14.16766357,0.270450473,101.3043213,3.71981883,4.52129221,156.727066,154.7799835,29.35275269,60.97770309,Summer,2
8/22/2026,28.10293198,32.16723633,24.61586189,14.16587353,0.295113385,101.3069992,3.724006176,4.525163651,157.5644684,155.5574951,29.30478287,61.13939667,Summer,2
8/23/2026,28.04952049,32.10004044,24.58254051,14.16125393,0.320821106,101.3098221,3.728875399,4.529925346,158.4596405,156.394989,29.25245285,61.3042717,Summer,2
8/24/2026,27.99186134,32.0282402,24.54530907,14.15380096,0.347520322,101.312767,3.734401703,4.535550594,159.4085541,157.2887115,29.19580841,61.47217178,Summer,2
8/25/2026,27.93001938,31.95191956,24.50419617,14.14352131,0.375149906,101.315834,3.74055481,4.542007446,160.4067383,158.2345886,29.13489914,61.64292145,Summer,2
8/26/2026,27.86406708,31.8711586,24.45924568,14.13043976,0.403641373,101.3190079,3.747297525,4.549256802,161.4493561,159.2280579,29.06980133,61.81637573,Summer,2
8/27/2026,27.79410172,31.78607178,24.41051292,14.11458397,0.432919145,101.3222809,3.754588604,4.55725193,162.5312195,160.2642365,29.00058746,61.99237061,Summer,2
8/28/2026,27.72022629,31.69677925,24.3580761,14.09600353,0.462900817,101.3256454,3.762381077,4.565941334,163.6469269,161.3379974,28.92735291,62.17073059,Summer,2
8/29/2026,27.64256668,31.60342979,24.30200958,14.07475376,0.49349758,101.3290939,3.770624876,4.575267792,164.7907867,162.4438782,28.85021591,62.35129547,Summer,2
8/30/2026,27.56125832,31.50618362,24.24241447,14.05090427,0.524615049,101.3326111,3.779264688,4.585168839,165.9569244,163.5761566,28.76928711,62.53388596,Summer,2
8/31/2026,27.47645569,31.40521622,24.1794014,14.02453136,0.556153595,101.3361969,3.788242817,4.595578194,167.1393127,164.729126,28.68470001,62.71834564,Summer,2
9/1/2026,27.38832474,31.30072403,24.1130867,13.99572563,0.588009059,101.3398438,3.797497034,4.606425762,168.3319092,165.8968353,28.59659958,62.90447998,Autumn,3
9/2/2026,27.29703522,31.19290924,24.04360771,13.96458435,0.620073199,101.3435364,3.80696559,4.617637634,169.528595,167.0733032,28.50514603,63.09210968,Autumn,3
9/3/2026,27.20277977,31.08199501,23.97110176,13.93121243,0.652234852,101.3472824,3.816582203,4.6291399,170.7233276,168.2525482,28.41049194,63.28104401,Autumn,3
9/4/2026,27.10575676,30.96821594,23.89571762,13.89572048,0.684380114,101.3510666,3.826281548,4.640853882,171.910141,169.4287262,28.31282425,63.47110367,Autumn,3
9/5/2026,27.00616837,30.85181046,23.81761551,13.85822964,0.71639359,101.3548813,3.835997343,4.652701855,173.0831757,170.5960083,28.21231461,63.66207504,Autumn,3
9/6/2026,26.90423012,30.73303413,23.73696136,13.81885815,0.748158872,101.3587341,3.845663071,4.664607048,174.2368011,171.7487793,28.10915375,63.85375595,Autumn,3
9/7/2026,26.80015373,30.61213684,23.65392303,13.77773666,0.779559493,101.3626175,3.855214357,4.676490307,175.3656921,172.8816528,28.00353241,64.04594421,Autumn,3
9/8/2026,26.69416618,30.48938751,23.56867218,13.73499012,0.810479581,101.3665237,3.864587307,4.688277721,176.4647522,173.9895172,27.89565277,64.23840332,Autumn,3
9/9/2026,26.58649254,30.36505127,23.48139381,13.69074726,0.840804756,101.3704529,3.873720884,4.699895382,177.5292816,175.0675812,27.78570938,64.43093872,Autumn,3
9/10/2026,26.47735214,30.23939514,23.3922596,13.64514065,0.870423198,101.3744049,3.882556438,4.711271763,178.5549164,176.1113586,27.67390823,64.62329865,Autumn,3
9/11/2026,26.36697006,30.11268425,23.30144882,13.59829521,0.899225771,101.3783722,3.89103961,4.722341061,179.537796,177.1169281,27.56044769,64.81526184,Autumn,3
9/12/2026,26.25556564,29.98518562,23.20914078,13.55033875,0.927107334,101.3823624,3.899119377,4.733040333,180.4745178,178.0806274,27.44552994,65.00657654,Autumn,3
9/13/2026,26.14335251,29.85715294,23.11550713,13.50139046,0.953967333,101.3863678,3.90674901,4.743311405,181.3621674,178.9994049,27.32935333,65.19700623,Autumn,3
9/14/2026,26.03054047,29.72883987,23.02071762,13.45156765,0.97971034,101.3903961,3.913887978,4.753103256,182.1983795,179.8706665,27.21210861,65.38631439,Autumn,3
9/15/2026,25.91732788,29.60048866,22.92493439,13.40098095,1.004246831,101.3944321,3.92050004,4.762369156,182.9812927,180.6923981,27.09399033,65.57423401,Autumn,3
9/16/2026,25.80390739,29.47233391,22.82831764,13.34973431,1.027494073,101.3984909,3.926555395,4.77107048,183.7097015,181.4631042,26.97517395,65.76051331,Autumn,3
9/17/2026,25.6904583,29.34458923,22.73101425,13.29792309,1.049375892,101.402565,3.932031155,4.779175282,184.3829498,182.1817932,26.85583496,65.94489288,Autumn,3
9/18/2026,25.57714272,29.21746254,22.63316345,13.24563503,1.0698241,101.406662,3.936909199,4.786658287,185.000946,182.8482056,26.7361412,66.1271286,Autumn,3
9/19/2026,25.46411705,29.09113884,22.53488922,13.19294739,1.088778257,101.4107666,3.941179752,4.793502331,185.5642548,183.4625549,26.61623764,66.3069458,Autumn,3
9/20/2026,25.35151482,28.96579361,22.43631172,13.13992691,1.10618639,101.4148865,3.944839478,4.79969883,186.0739441,184.0256653,26.49627304,66.4841156,Autumn,3
9/21/2026,25.2394619,28.84157181,22.33753204,13.08662987,1.122005105,101.419014,3.947892427,4.805245399,186.531723,184.5389404,26.37637711,66.65835571,Autumn,3
9/22/2026,25.12805367,28.71860695,22.23863983,13.03310108,1.136200309,101.4231644,3.950348377,4.810150623,186.9398651,185.004303,26.25666428,66.82943726,Autumn,3
9/23/2026,25.01738167,28.59700775,22.13971138,12.97937679,1.14874649,101.4273148,3.952225924,4.81442976,187.3011475,185.4242706,26.13723755,66.99710083,Autumn,3
9/24/2026,24.90750694,28.47686195,22.04080582,12.92547512,1.159627676,101.4314728,3.953548908,4.81810379,187.6189423,185.8018188,26.01818848,67.16110229,Autumn,3
9/25/2026,24.79847527,28.3582325,21.94197083,12.87140942,1.168836832,101.4356384,3.954349279,4.82120657,187.8969574,186.1404877,25.89958191,67.32123566,Autumn,3
9/26/2026,24.69031525,28.24115944,21.84323311,12.81717682,1.176376462,101.4397964,3.954664707,4.823775768,188.1395111,186.4442139,25.7814827,67.47725677,Autumn,3
9/27/2026,24.58303452,28.12565994,21.74460793,12.76276493,1.182257771,101.4439545,3.954540014,4.825857162,188.3512268,186.7173004,25.6639328,67.62895203,Autumn,3
9/28/2026,24.47661591,28.01172638,21.64608955,12.70814705,1.186501145,101.4480972,3.954023361,4.827504635,188.5371399,186.9645691,25.54694939,67.77612305,Autumn,3
9/29/2026,24.3710289,27.89932823,21.54766464,12.65329266,1.189135075,101.4522247,3.953171492,4.82877779,188.702652,187.19104,25.43054962,67.9185791,Autumn,3
9/30/2026,24.26622009,27.78840828,21.44929695,12.59815121,1.190196633,101.4563217,3.952044964,4.829741478,188.8532867,187.4020386,25.31472397,68.05613708,Autumn,3
10/1/2026,24.16211891,27.67889214,21.3509388,12.5426693,1.189731002,101.4603882,3.950708151,4.830468178,188.9949036,187.6031952,25.19945335,68.18864441,Autumn,3
10/2/2026,24.0586338,27.57067871,21.25252914,12.48678398,1.187790632,101.4644089,3.949229717,4.831032753,189.1335144,187.8001862,25.08470154,68.31594849,Autumn,3
10/3/2026,23.95566368,27.46364594,21.15398788,12.43041992,1.184434652,101.4683762,3.947682381,4.831516266,189.275177,187.9989014,24.97041893,68.43791199,Autumn,3
10/4/2026,23.85308266,27.35765839,21.05522919,12.37349987,1.179729104,101.47229,3.946141481,4.832001686,189.4260864,188.2052307,24.85654068,68.55443573,Autumn,3
10/5/2026,23.7507515,27.25255013,20.95615005,12.31593704,1.173745275,101.4761276,3.94468236,4.832575798,189.5922852,188.4251709,24.74298859,68.6654129,Autumn,3
10/6/2026,23.64852715,27.1481514,20.85664177,12.25764084,1.166560292,101.4798813,3.943384409,4.833325863,189.7798615,188.6645355,24.62967873,68.77078247,Autumn,3
10/7/2026,23.54624176,27.04426575,20.75657654,12.1985178,1.158255458,101.4835358,3.942326069,4.834342957,189.9947662,188.9290924,24.51651001,68.87047577,Autumn,3
10/8/2026,23.44372749,26.94069481,20.65583038,12.1384697,1.148915887,101.4870911,3.941586733,4.835715294,190.2427368,189.2244263,24.40337753,68.96446228,Autumn,3
10/9/2026,23.34079933,26.83721924,20.55426598,12.07739735,1.138630152,101.4905243,3.941243649,4.83753252,190.5292511,189.5559235,24.29016495,69.05273438,Autumn,3
10/10/2026,23.23727226,26.73361588,20.45174217,12.01520252,1.12748909,101.4938278,3.941374302,4.839882374,190.8595428,189.9287109,24.17674637,69.13529968,Autumn,3
10/11/2026,23.13295364,26.6296463,20.34811401,11.95178699,1.115585208,101.4969864,3.942052841,4.842850208,191.2384644,190.3474884,24.0629921,69.21217346,Autumn,3
10/12/2026,23.02764702,26.52508163,20.24323082,11.8870554,1.103012323,101.4999924,3.943350554,4.846518993,191.6705475,190.8167267,23.94877243,69.28341675,Autumn,3
10/13/2026,22.92116356,26.41967964,20.13695145,11.82091713,1.089864135,101.5028305,3.945336342,4.850967884,192.1598206,191.3404083,23.83395767,69.34909821,Autumn,3
10/14/2026,22.81330109,26.3132019,20.0291214,11.75328255,1.07623446,101.5054932,3.948073387,4.856270313,192.7098999,191.9220123,23.71840477,69.40930939,Autumn,3
10/15/2026,22.70387077,26.20541,19.91960144,11.6840744,1.062215805,101.5079727,3.951620817,4.862496376,193.3238373,192.5646667,23.60198212,69.4641571,Autumn,3
10/16/2026,22.59269142,26.09607506,19.80825233,11.61321735,1.047898769,101.5102539,3.95603323,4.869709015,194.0042114,193.2708435,23.4845562,69.51379395,Autumn,3
10/17/2026,22.47957802,25.98496819,19.69493675,11.5406456,1.033372045,101.5123367,3.961357355,4.87796545,194.753006,194.0425568,23.36599731,69.55834961,Autumn,3
10/18/2026,22.36436462,25.87187958,19.57953644,11.46630478,1.018721223,101.5142059,3.967636347,4.88731575,195.5716553,194.8812561,23.2461834,69.5980072,Autumn,3
10/19/2026,22.24689102,25.75659943,19.46192741,11.39015007,1.004027843,101.5158615,3.974904299,4.897801399,196.4610443,195.7877502,23.12499428,69.63294983,Autumn,3
10/20/2026,22.12701607,25.6389389,19.34200668,11.31214523,0.989370644,101.5172958,3.983190298,4.909456253,197.4213409,196.7622833,23.00232124,69.66338348,Autumn,3
10/21/2026,22.00460243,25.51872826,19.21967888,11.23227119,0.974822998,101.5185089,3.992513418,4.922307491,198.452179,197.8045197,22.8780632,69.68952942,Autumn,3
10/22/2026,21.87953949,25.39580727,19.09486961,11.1505146,0.960453689,101.5195007,4.002887249,4.93637085,199.552597,198.9135742,22.75213242,69.71161652,Autumn,3
10/23/2026,21.75172806,25.27004051,18.9675045,11.06688309,0.946326435,101.5202713,4.014317513,4.951655865,200.7210693,200.0878906,22.62445068,69.72989655,Autumn,3
10/24/2026,21.62108994,25.14131165,18.83753777,10.98139191,0.932499468,101.5208282,4.026801586,4.968160629,201.9554443,201.3254089,22.49494553,69.74462891,Autumn,3
10/25/2026,21.48756218,25.00952911,18.70493507,10.89407158,0.919025183,101.5211716,4.040328026,4.985875607,203.2529907,202.6234436,22.36357307,69.75608826,Autumn,3
10/26/2026,21.35111237,24.87462234,18.56967735,10.80496788,0.905950248,101.5213089,4.054879189,5.0047822,204.6105042,203.9788818,22.23028946,69.76454163,Autumn,3
10/27/2026,21.21171951,24.73654366,18.43176842,10.71413898,0.893315256,101.5212479,4.070429325,5.024851799,206.0242157,205.3879852,22.09507751,69.77027893,Autumn,3
10/28/2026,21.06938934,24.59527969,18.29122734,10.62166023,0.881154776,101.5210037,4.086944103,5.046047211,207.4899139,206.8466339,21.95792389,69.77358246,Autumn,3
10/29/2026,20.92415047,24.45083046,18.14809227,10.52761745,0.869497418,101.5205994,4.104382992,5.068323135,209.0029755,208.3502502,21.81884003,69.77475739,Autumn,3
10/30/2026,20.77605057,24.30323219,18.00241661,10.43211079,0.858365774,101.5200348,4.1226964,5.091626167,210.5582581,209.8938751,21.67785072,69.77409363,Autumn,3
10/31/2026,20.62516785,24.15254402,17.85428047,10.33525276,0.847776234,101.5193329,4.141831398,5.11589241,212.1504211,211.4720917,21.53499603,69.77188873,Autumn,3
11/1/2026,20.47159386,23.99885178,17.70377922,10.23717117,0.837739944,101.5185242,4.161725521,5.141055107,213.7737122,213.0793457,21.39033508,69.76843262,Autumn,3
11/2/2026,20.31544495,23.84226608,17.55102158,10.13800049,0.828262448,101.5176239,4.182312012,5.167036057,215.4221954,214.7097321,21.24394035,69.76402283,Autumn,3
11/3/2026,20.15686417,23.68292618,17.39614296,10.03789139,0.819344044,101.5166473,4.203518391,5.193753242,217.0896759,216.357132,21.09590149,69.75894165,Autumn,3
11/4/2026,19.99600792,23.52099228,17.23928833,9.936998367,0.810979724,101.5156403,4.225268841,5.221117973,218.7698059,218.0153656,20.94632149,69.753479,Autumn,3
11/5/2026,19.83306122,23.35664749,17.08062363,9.835490227,0.803160727,101.5146103,4.247480392,5.249036312,220.456192,219.6780396,20.79532242,69.74789429,Autumn,3
11/6/2026,19.66821671,23.19010544,16.92033195,9.733542442,0.795873463,101.5136032,4.270070076,5.277410507,222.1423492,221.3388062,20.64303589,69.7424469,Autumn,3
11/7/2026,19.50169563,23.02158737,16.75860786,9.631333351,0.789100587,101.5126343,4.292947769,5.306138515,223.8218384,222.9913177,20.48960876,69.7374115,Autumn,3
11/8/2026,19.33372307,22.85134315,16.59565735,9.529050827,0.782821655,101.5117493,4.316025734,5.33511591,225.488327,224.6292877,20.33520126,69.7330246,Autumn,3
11/9/2026,19.16455269,22.67963982,16.43170357,9.426883698,0.777013302,101.5109711,4.339211464,5.364235878,227.1354523,226.246521,20.17997932,69.72950745,Autumn,3
11/10/2026,18.99444389,22.50675964,16.26697731,9.325028419,0.77164948,101.5103302,4.36241293,5.393391132,228.7572174,227.8370819,20.02412796,69.72707367,Autumn,3
11/11/2026,18.8236618,22.33299446,16.1017189,9.223676682,0.766702354,101.5098724,4.385538101,5.422472477,230.3477173,229.3951569,19.86783218,69.72592926,Autumn,3
11/12/2026,18.65248871,22.15864944,15.93617725,9.123023033,0.76214242,101.509613,4.408494949,5.451372147,231.9013977,230.9153442,19.71128845,69.72625732,Autumn,3
11/13/2026,18.48121071,21.98404312,15.77060604,9.02326107,0.757939458,101.5095978,4.431192875,5.479983807,233.4129486,232.3924103,19.55470276,69.72823334,Autumn,3
11/14/2026,18.31011963,21.80949402,15.60526562,8.924581528,0.754062235,101.5098572,4.453543663,5.508202076,234.8774719,233.821579,19.39827728,69.73199463,Autumn,3
11/15/2026,18.13951302,21.63532639,15.44041443,8.827169418,0.750479758,101.5104218,4.47546196,5.535926342,236.2904358,235.1984253,19.24222565,69.73770142,Autumn,3
11/16/2026,17.9696846,21.46187401,15.27631855,8.731206894,0.747161329,101.5113144,4.496863842,5.563056946,237.6477356,236.5189972,19.08675385,69.74543762,Autumn,3
11/17/2026,17.80092812,21.28945732,15.11323357,8.63686657,0.744076788,101.5125732,4.517672062,5.589499474,238.9457397,237.7797394,18.93208313,69.75532532,Autumn,3
11/18/2026,17.63353539,21.1184063,14.95142269,8.544316292,0.741197169,101.5142212,4.537811279,5.615166187,240.1813202,238.9776764,18.77841568,69.76742554,Autumn,3
11/19/2026,17.46779633,20.94903755,14.79113865,8.453712463,0.738495111,101.5162811,4.557212353,5.63997221,241.3517303,240.11026,18.6259613,69.78182983,Autumn,3
11/20/2026,17.3039875,20.78166389,14.63262749,8.36520195,0.735944867,101.5187836,4.575811863,5.66383934,242.4548798,241.1754761,18.47492599,69.79855347,Autumn,3
11/21/2026,17.14237976,20.61658669,14.47613144,8.278921127,0.733522892,101.5217361,4.593551159,5.686698437,243.4891663,242.1718597,18.3255043,69.81763458,Autumn,3
11/22/2026,16.9832325,20.45409584,14.32188034,8.194994926,0.731207907,101.5251617,4.610378742,5.70848465,244.4534454,243.098465,18.17789268,69.83908081,Autumn,3
11/23/2026,16.82679176,20.29446602,14.17009544,8.11353302,0.728981078,101.5290833,4.626249313,5.729142666,245.3472137,243.9548645,18.03227043,69.86289978,Autumn,3
11/24/2026,16.67329216,20.13796043,14.0209837,8.034636497,0.726826668,101.533493,4.641124249,5.748623848,246.1704102,244.7411804,17.88881111,69.88905334,Autumn,3
11/25/2026,16.52295113,19.9848156,13.87474155,7.958386898,0.724731326,101.538414,4.654972553,5.766887665,246.9234772,245.4580841,17.74767685,69.91750336,Autumn,3
11/26/2026,16.37596321,19.83525848,13.7315464,7.884854317,0.722684681,101.5438461,4.667768955,5.783901691,247.6074219,246.1067047,17.60902405,69.94821167,Autumn,3
11/27/2026,16.23251724,19.68949127,13.59156418,7.814095974,0.720679581,101.5497818,4.679496765,5.79964447,248.2237091,246.6886597,17.47298622,69.98109436,Autumn,3
11/28/2026,16.09277153,19.54768944,13.45494366,7.746150017,0.718711615,101.5562286,4.690146446,5.814099312,248.7742615,247.2060242,17.33969307,70.01608276,Autumn,3
11/29/2026,15.95686722,19.41001511,13.32181263,7.681043625,0.716779292,101.5631714,4.699715137,5.827260971,249.2613983,247.6613464,17.20925713,70.05307007,Autumn,3
11/30/2026,15.82492828,19.27659798,13.19228649,7.618786335,0.714883864,101.5706024,4.708208084,5.839131355,249.6878967,248.0574799,17.08177376,70.09197998,Autumn,3
12/1/2026,15.697052,19.14754868,13.06645679,7.559374809,0.713029325,101.5784988,4.715635777,5.849720001,250.0568542,248.3977203,16.9573288,70.13269043,Winter,0
12/2/2026,15.57332039,19.02295303,12.94439983,7.502790451,0.711222112,101.586853,4.722016811,5.859046459,250.3717041,248.68573,16.83599091,70.17506409,Winter,0
12/3/2026,15.45378494,18.90287018,12.82617474,7.449000835,0.709470987,101.5956345,4.727375031,5.867136478,250.6362152,248.9253082,16.71780968,70.21899414,Winter,0
12/4/2026,15.33848381,18.78733253,12.71181488,7.397960663,0.707786739,101.6048126,4.731741905,5.874022961,250.8542786,249.1205902,16.60282707,70.26434326,Winter,0
12/5/2026,15.22743034,18.67634773,12.60134125,7.349612236,0.706182182,101.6143646,4.735154152,5.879747391,251.0300903,249.2759247,16.49106216,70.31095886,Winter,0
12/6/2026,15.12061501,18.56990814,12.49475288,7.303884506,0.704671264,101.6242447,4.737653732,5.884356976,251.168045,249.3957825,16.38252831,70.35871124,Winter,0
12/7/2026,15.01801109,18.46797371,12.39203548,7.260695457,0.703269482,101.6344299,4.7392869,5.887903214,251.272522,249.4847107,16.27721405,70.40744781,Winter,0
12/8/2026,14.91956711,18.37048149,12.29314709,7.219954491,0.701992989,101.6448593,4.740105629,5.89044714,251.3480682,249.5473022,16.17510414,70.45701599,Winter,0
12/9/2026,14.8252182,18.27735519,12.19804287,7.181559563,0.700858712,101.6555099,4.74016428,5.89205122,251.3991547,249.5882416,16.07615852,70.50727844,Winter,0
12/10/2026,14.73488045,18.18848991,12.10665035,7.145402908,0.699883997,101.6663208,4.739522457,5.892782688,251.4303131,249.6121216,15.98033619,70.55806732,Winter,0
12/11/2026,14.64845085,18.10376549,12.01888657,7.111365795,0.699085414,101.6772461,4.738241196,5.8927145,251.4459839,249.6233826,15.88757706,70.6092453,Winter,0
12/12/2026,14.56581116,18.02304649,11.93465805,7.079328537,0.698479772,101.6882401,4.736383915,5.891920567,251.4504852,249.6264343,15.79781151,70.66065979,Winter,0
12/13/2026,14.48683167,17.94617844,11.85385227,7.049162388,0.698082805,101.6992493,4.734016418,5.890477657,251.4479828,249.6254883,15.7109623,70.71216583,Winter,0
12/14/2026,14.41136932,17.87299538,11.77635002,7.020736694,0.697909176,101.7102051,4.731205463,5.888465405,251.4423981,249.6245728,15.62694073,70.7636261,Winter,0
12/15/2026,14.33926773,17.80331802,11.70201778,6.993918419,0.697972417,101.721077,4.728017807,5.885962009,251.4375305,249.6273651,15.54564953,70.81490326,Winter,0
12/16/2026,14.27036667,17.73695755,11.63071823,6.96857357,0.698283792,101.7317886,4.724520683,5.883048058,251.4368591,249.6374054,15.46699047,70.86585999,Winter,0
12/17/2026,14.20449638,17.67371941,11.56230068,6.94456768,0.698853135,101.7423019,4.720780373,5.879803181,251.443573,249.6578217,15.39085197,70.91638184,Winter,0
12/18/2026,14.14147186,17.61340332,11.49661636,6.921766281,0.699687839,101.7525482,4.716863155,5.876306534,251.4605255,249.6914063,15.31712151,70.96632385,Winter,0
12/19/2026,14.08111954,17.5558033,11.4335041,6.900039673,0.700793147,101.7624817,4.71283102,5.87263298,251.4902649,249.7406921,15.24568748,71.01559448,Winter,0
12/20/2026,14.02326012,17.50070953,11.37280369,6.879260063,0.702171445,101.7720413,4.70874691,5.868859291,251.5350037,249.8077087,15.1764307,71.06407166,Winter,0
12/21/2026,13.96770096,17.44791985,11.31435585,6.859303474,0.703822374,101.781189,4.704668999,5.865056038,251.5965118,249.8941498,15.10923386,71.11166382,Winter,0
12/22/2026,13.91426945,17.39722633,11.25799656,6.840051651,0.705743015,101.789856,4.700653076,5.861292362,251.6763,250.0013733,15.04398155,71.15826416,Winter,0
12/23/2026,13.86277866,17.34843254,11.20356655,6.821393013,0.707927167,101.7980118,4.696752548,5.857632637,251.7753601,250.1302032,14.98055649,71.20378113,Winter,0
12/24/2026,13.81305981,17.30134392,11.15090561,6.80322361,0.710365951,101.8056107,4.693015575,5.854136944,251.8943176,250.2811432,14.91884708,71.24815369,Winter,0
12/25/2026,13.76494408,17.25577736,11.09986687,6.785445213,0.713047445,101.8125992,4.689486504,5.850861549,252.0335083,250.4542236,14.85874653,71.29129028,Winter,0
12/26/2026,13.71826935,17.21155739,11.05029583,6.767969131,0.715956628,101.8189468,4.68620491,5.847856045,252.1927643,250.6491852,14.80015087,71.33312988,Winter,0
12/27/2026,13.67288494,17.16851997,11.00205803,6.750715256,0.719075918,101.8246231,4.683207035,5.84516716,252.3717041,250.8652802,14.74296188,71.37361145,Winter,0
12/28/2026,13.6286478,17.12651062,10.95501709,6.733614922,0.72238481,101.8295975,4.680522919,5.842833519,252.569397,251.1014252,14.68708992,71.41267395,Winter,0
12/29/2026,13.58542824,17.08539963,10.90904808,6.716605186,0.725860298,101.8338318,4.678179264,5.840889931,252.7847137,251.3561554,14.63245392,71.45027924,Winter,0
12/30/2026,13.54311085,17.04506302,10.86404133,6.699636459,0.72947675,101.8373184,4.676195621,5.839363575,253.0161591,251.6277618,14.57897568,71.4863739,Winter,0
12/31/2026,13.50158691,17.00539207,10.81988621,6.682665825,0.733206749,101.8400269,4.67458868,5.838276863,253.2619476,251.9141541,14.52659225,71.52094269,Winter,0
1/1/2027,13.46076775,16.96629906,10.77649498,6.66566515,0.737020552,101.8419647,4.673368931,5.837646484,253.5200806,252.2130127,14.47524166,71.55393982,Winter,0
1/2/2027,13.42057133,16.92771339,10.73378658,6.648611546,0.740886867,101.8431091,4.672541142,5.837481499,253.788208,252.5217133,14.42488194,71.58533478,Winter,0
1/3/2027,13.38094234,16.88958359,10.69169044,6.631496429,0.74477309,101.8434601,4.672106743,5.837786674,254.0638733,252.8375092,14.37547302,71.6151123,Winter,0
1/4/2027,13.34183025,16.85186958,10.65015221,6.61431694,0.748645425,101.8430176,4.672061443,5.838560581,254.3443909,253.1573792,14.32698917,71.64326477,Winter,0
1/5/2027,13.30319881,16.81455421,10.60912609,6.597082138,0.75246954,101.8417969,4.67239666,5.839795113,254.6270294,253.4782715,14.27941227,71.66976929,Winter,0
1/6/2027,13.26503563,16.7776413,10.5685854,6.579807281,0.756210506,101.8398132,4.673099518,5.841478825,254.9088135,253.7969818,14.23273563,71.6946106,Winter,0
1/7/2027,13.22733784,16.74114227,10.52850914,6.562519073,0.759833395,101.8370743,4.674152851,5.843593121,255.1867981,254.1101685,14.18696213,71.71780396,Winter,0
1/8/2027,13.19011307,16.70509529,10.48889446,6.545250893,0.763303578,101.8336029,4.675535202,5.846116543,255.457962,254.4146423,14.1421032,71.73931122,Winter,0
1/9/2027,13.15339375,16.66954994,10.44974518,6.528039455,0.766587317,101.8294296,4.677221775,5.849021912,255.7193146,254.707077,14.09818077,71.75917053,Winter,0
1/10/2027,13.1172123,16.63457298,10.41108227,6.51093483,0.769651651,101.8245926,4.679186821,5.852277279,255.9679108,254.9842224,14.05522537,71.77734375,Winter,0
1/11/2027,13.08162308,16.60024071,10.37293339,6.493987083,0.77246505,101.8191147,4.681396961,5.855848789,256.2008057,255.242981,14.01327515,71.79386902,Winter,0
1/12/2027,13.04669189,16.56664658,10.33534241,6.47725296,0.774997771,101.8130341,4.683820724,5.859698772,256.4152222,255.4803314,13.97237778,71.80873108,Winter,0
1/13/2027,13.01249027,16.53390121,10.29835987,6.460795403,0.777221918,101.8064041,4.686422825,5.863785267,256.608551,255.6934052,13.93258762,71.82192993,Winter,0
1/14/2027,12.97910309,16.50211525,10.26204395,6.444676876,0.779112279,101.799263,4.689165115,5.868066788,256.7782288,255.8795319,13.89396095,71.83348846,Winter,0
1/15/2027,12.94662476,16.47141647,10.22646236,6.428963661,0.780645967,101.7916565,4.692010403,5.872496128,256.9220581,256.0362244,13.85656548,71.84339905,Winter,0
1/16/2027,12.91515541,16.44193649,10.19169426,6.413723946,0.781803071,101.7836456,4.694919109,5.877028465,257.0377808,256.1612854,13.82047176,71.85167694,Winter,0
1/17/2027,12.88479996,16.41381454,10.15781879,6.399027824,0.782566607,101.7752686,4.697851181,5.881615162,257.1236572,256.2527466,13.78575325,71.85832214,Winter,0
1/18/2027,12.85567284,16.38719559,10.12492561,6.384942055,0.782922983,101.7665939,4.700766087,5.886208534,257.1780396,256.3089294,13.75248718,71.86335754,Winter,0
1/19/2027,12.82788754,16.36222458,10.09310722,6.371535301,0.782862186,101.7576675,4.703625202,5.890759945,257.1996155,256.3284607,13.72075081,71.86677551,Winter,0
1/20/2027,12.80156517,16.33904839,10.06245708,6.35887289,0.782377481,101.7485428,4.70638752,5.895221233,257.1872864,256.3102112,13.69062614,71.86860657,Winter,0
1/21/2027,12.77682114,16.31781387,10.03307533,6.347018242,0.781465769,101.7392883,4.709015369,5.899545193,257.1402893,256.253479,13.6621933,71.86883545,Winter,0
1/22/2027,12.7537775,16.29867172,10.00506115,6.33603096,0.780127823,101.7299423,4.711471558,5.903687,257.058075,256.1577759,13.63553143,71.86747742,Winter,0
1/23/2027,12.73255348,16.28175926,9.978513718,6.325968742,0.778367877,101.7205734,4.713719845,5.907599926,256.9404907,256.0230103,13.61072063,71.86456299,Winter,0
1/24/2027,12.7132597,16.26721573,9.953532219,6.316882133,0.776193976,101.711235,4.715725899,5.911242008,256.7876282,255.8493347,13.58783436,71.8600769,Winter,0
1/25/2027,12.69601059,16.25516891,9.930211067,6.308819771,0.773617625,101.701973,4.717458725,5.914573193,256.5998535,255.6372986,13.56694889,71.85404968,Winter,0
1/26/2027,12.68091393,16.24574471,9.908648491,6.301821709,0.770653903,101.6928329,4.718887329,5.917555332,256.3777466,255.3877563,13.54812908,71.84648895,Winter,0
1/27/2027,12.66806793,16.23905563,9.888931274,6.295927048,0.767320752,101.683876,4.719985008,5.920151711,256.1222839,255.1017609,13.53144455,71.83740997,Winter,0
1/28/2027,12.65756798,16.2352047,9.871149063,6.291162491,0.763639927,101.6751404,4.72072649,5.922330379,255.8345337,254.7806549,13.51695156,71.82682037,Winter,0
1/29/2027,12.64949799,16.23428345,9.855381966,6.287554741,0.759635687,101.6666718,4.721089363,5.924062252,255.515976,254.4261475,13.50470448,71.81475067,Winter,0
1/30/2027,12.64393616,16.2363739,9.841702461,6.28512001,0.755334735,101.6585007,4.721054554,5.925320625,255.1681061,254.0400848,13.49475002,71.8012085,Winter,0
1/31/2027,12.64095211,16.24154472,9.830181122,6.283870697,0.750766516,101.6506653,4.720606327,5.926084042,254.7926941,253.6244965,13.48713017,71.78620911,Winter,0
2/1/2027,12.64060307,16.24984741,9.820876122,6.283810616,0.745962262,101.6431961,4.7197299,5.926331043,254.3917236,253.1816254,13.48188019,71.76977539,Winter,0
2/2/2027,12.64293671,16.26132393,9.813844681,6.284938335,0.740955293,101.6361237,4.718415737,5.926046848,253.9672089,252.7139587,13.47902298,71.75195313,Winter,0
2/3/2027,12.64799118,16.27599907,9.809128761,6.287249088,0.735779762,101.6294632,4.716655731,5.925220013,253.5213318,252.2239532,13.47858047,71.73273468,Winter,0
2/4/2027,12.65579033,16.29388428,9.806764603,6.290724754,0.730471373,101.6232452,4.714445591,5.923839569,253.0564117,251.7142181,13.48056221,71.71217346,Winter,0
2/5/2027,12.66635323,16.31497765,9.806786537,6.295350552,0.725066125,101.6174622,4.711782932,5.92190218,252.5746765,251.1874847,13.48497295,71.6902771,Winter,0
2/6/2027,12.67968178,16.33926392,9.809207916,6.301098824,0.719600499,101.6121368,4.708669186,5.919404984,252.078476,250.6464081,13.49180984,71.667099,Winter,0
2/7/2027,12.69577217,16.36670685,9.814044952,6.307941437,0.714110851,101.6072693,4.705106735,5.916349411,251.5701141,250.0937042,13.50105953,71.64265442,Winter,0
2/8/2027,12.71460629,16.39726448,9.821294785,6.315844536,0.708632767,101.6028519,4.701102734,5.912739754,251.0519104,249.532074,13.51270485,71.61700439,Winter,0
2/9/2027,12.73615456,16.43087769,9.830955505,6.324770927,0.703201175,101.5988922,4.69666481,5.908583164,250.5261078,248.9640656,13.52672195,71.59016418,Winter,0
2/10/2027,12.76038361,16.46747971,9.843011856,6.334678173,0.697850049,101.5953598,4.691802979,5.903890133,249.9947815,248.3921204,13.54307556,71.56218719,Winter,0
2/11/2027,12.78724194,16.50698662,9.857442856,6.345523834,0.692611277,101.5922546,4.68653059,5.898673534,249.4599762,247.8187103,13.56172943,71.5331192,Winter,0
2/12/2027,12.81667709,16.54930305,9.874215126,6.35725975,0.687515199,101.5895538,4.68086195,5.892948627,248.9235535,247.2460022,13.58263969,71.50299835,Winter,0
2/13/2027,12.84862328,16.59432793,9.893295288,6.369837761,0.68258965,101.5872345,4.674812317,5.886732578,248.3872528,246.6760406,13.60575676,71.47187805,Winter,0
2/14/2027,12.88300705,16.64195251,9.914638519,6.383210182,0.67786026,101.5852661,4.668399811,5.880044937,247.8526154,246.1105804,13.63102341,71.43981934,Winter,0
2/15/2027,12.91975594,16.69205093,9.938197136,6.397325516,0.673349619,101.5836105,4.661642075,5.872906208,247.3209686,245.5513458,13.65838528,71.40684509,Winter,0
2/16/2027,12.95877838,16.74450302,9.96391201,6.412134171,0.669077516,101.5822525,4.654559612,5.865339279,246.793396,244.9996643,13.68777847,71.37303162,Winter,0
2/17/2027,12.9999876,16.79917526,9.991727829,6.427588463,0.66506052,101.5811386,4.647172928,5.857368946,246.2708435,244.4566193,13.71914101,71.33843231,Winter,0
2/18/2027,13.04329395,16.85593414,10.02157593,6.443638802,0.661311746,101.5802307,4.639503002,5.849019051,245.7539368,243.9230652,13.75239944,71.30310059,Winter,0
2/19/2027,13.08859444,16.91463852,10.05338955,6.460238457,0.657841027,101.5794983,4.631570816,5.840315342,245.2431641,243.3996277,13.78749084,71.26707458,Winter,0
2/20/2027,13.13579178,16.97514915,10.08710003,6.477345467,0.654654384,101.5788879,4.623399258,5.831284523,244.7385864,242.8865814,13.82434082,71.23043823,Winter,0
2/21/2027,13.18478394,17.03732872,10.12263298,6.494916916,0.651754618,101.5783615,4.615010262,5.821953773,244.2402344,242.3838959,13.86288071,71.19322968,Winter,0
2/22/2027,13.23546886,17.10103607,10.15991211,6.512914658,0.649140596,101.5778656,4.606425762,5.812349319,243.7477722,241.8913879,13.90304089,71.15551758,Winter,0
2/23/2027,13.28774834,17.16613197,10.19886684,6.531303406,0.646807969,101.5773621,4.597667217,5.802498341,243.2606201,241.4085083,13.94475174,71.11734009,Winter,0
2/24/2027,13.34152031,17.23248291,10.23941517,6.550051689,0.644748688,101.5768051,4.588757038,5.79242754,242.7780304,240.9343872,13.98794365,71.07876587,Winter,0
2/25/2027,13.39668465,17.299963,10.28148651,6.569133759,0.642951608,101.5761414,4.579715729,5.782163143,242.298996,240.4680939,14.03254986,71.0398407,Winter,0
2/26/2027,13.45314693,17.36844254,10.32500553,6.588523388,0.641402066,101.5753326,4.570563316,5.771731853,241.8223267,240.0082703,14.07851028,71.00061798,Winter,0
2/27/2027,13.51081467,17.43780518,10.3699007,6.608204842,0.640082657,101.5743332,4.561321735,5.76115799,241.3466339,239.553421,14.12575817,70.96115112,Winter,0
2/28/2027,13.56960106,17.50794029,10.41609764,6.628162384,0.638973236,101.5730972,4.552009106,5.7504673,240.8703918,239.1018219,14.17424011,70.9214859,Winter,0
3/1/2027,13.62941837,17.57874107,10.4635334,6.648387432,0.638050914,101.5715942,4.542644501,5.739683151,240.3919067,238.6516113,14.22389984,70.88166809,Spring,1
3/2/2027,13.69019127,17.65011406,10.51214218,6.66887188,0.637290895,101.5697861,4.53324604,5.72882843,239.909317,238.2007294,14.27468491,70.84173584,Spring,1
3/3/2027,13.75184441,17.7219677,10.56186104,6.689617157,0.636666298,101.567627,4.523829937,5.717926025,239.4207306,237.746994,14.32655334,70.80172729,Spring,1
3/4/2027,13.81431007,17.79422951,10.61263275,6.710624695,0.636148632,101.5651016,4.514413834,5.706996441,238.9241333,237.2881165,14.37945938,70.76169586,Spring,1
3/5/2027,13.87752724,17.86682701,10.66440582,6.731901646,0.635708272,101.5621643,4.505012512,5.696060181,238.417511,236.8217773,14.43336487,70.72164917,Spring,1
3/6/2027,13.94144058,17.93970299,10.71713066,6.753460407,0.635314822,101.5588074,4.495640755,5.685136318,237.8988037,236.3455811,14.48823929,70.68164063,Spring,1
3/7/2027,14.00600243,18.01280594,10.77075863,6.775312901,0.634937227,101.5550079,4.486313343,5.67424345,237.3658752,235.8570709,14.54405022,70.64167023,Spring,1
3/8/2027,14.07116699,18.08609962,10.82525349,6.797477722,0.634544313,101.5507355,4.477043152,5.663398743,236.8167267,235.3539124,14.60077477,70.60177612,Spring,1
3/9/2027,14.13690186,18.15955162,10.88058186,6.819973946,0.634105325,101.54599,4.467842579,5.652617931,236.2494202,234.8337555,14.65839481,70.5619812,Spring,1
3/10/2027,14.20317459,18.23314095,10.93670559,6.842823982,0.633590043,101.5407639,4.458723545,5.641916752,235.6620178,234.2942657,14.71689034,70.52229309,Spring,1
3/11/2027,14.2699604,18.30685616,10.99360561,6.866052151,0.632969499,101.5350494,4.449697495,5.631309509,235.0527802,233.7333527,14.77625179,70.48272705,Spring,1
3/12/2027,14.33724403,18.38069344,11.05125237,6.889686584,0.632215738,101.5288544,4.440775394,5.620810509,234.4199829,233.1489105,14.83646965,70.44329071,Spring,1
3/13/2027,14.40501213,18.4546566,11.10963154,6.913750172,0.631302774,101.522171,4.431966782,5.610430717,233.7621765,232.5390778,14.89754105,70.4039917,Spring,1
3/14/2027,14.47325897,18.52875519,11.16872692,6.938272953,0.630206585,101.5150146,4.423282623,5.600184441,233.0780487,231.9021759,14.9594593,70.36481476,Spring,1
3/15/2027,14.54197693,18.60301018,11.22852898,6.963281631,0.628905535,101.5074081,4.414731026,5.590081215,232.3664093,231.2366943,15.02223015,70.32578278,Spring,1
3/16/2027,14.61117172,18.67744255,11.28903103,6.988803864,0.62738061,101.4993591,4.406321526,5.580132008,231.6264191,230.5413361,15.08585358,70.28688049,Spring,1
3/17/2027,14.68085098,18.75208473,11.35022831,7.014865398,0.625615478,101.4908981,4.398062706,5.570346832,230.8572845,229.8150482,15.15033722,70.24809265,Spring,1
3/18/2027,14.75101852,18.82696724,11.41211987,7.041492939,0.623597085,101.4820404,4.389962673,5.560735703,230.0585785,229.0570831,15.2156868,70.20943451,Spring,1
3/19/2027,14.82168961,18.90212631,11.4747057,7.068708897,0.62131542,101.4728165,4.38202858,5.551305294,229.230072,228.2668915,15.28190994,70.17088318,Spring,1
3/20/2027,14.89287567,18.97760201,11.53799152,7.096535683,0.618763983,101.4632721,4.374268532,5.542065144,228.3717804,227.4442291,15.34901619,70.13241577,Spring,1
3/21/2027,14.96459389,19.05343437,11.60198116,7.124992371,0.615939617,101.4534302,4.366690159,5.533022404,227.4839935,226.5890808,15.41701603,70.09403229,Spring,1
3/22/2027,15.03686333,19.12966537,11.66668034,7.154094696,0.612842739,101.4433365,4.359300137,5.52418375,226.5671844,225.7018127,15.48591805,70.05571747,Spring,1
3/23/2027,15.10969543,19.20633698,11.73209858,7.183859825,0.609477103,101.4330368,4.352104664,5.515555859,225.6221466,224.782959,15.55573082,70.01745605,Spring,1
3/24/2027,15.1831131,19.28349113,11.79824352,7.214294434,0.605850279,101.4225616,4.345110893,5.507144928,224.6498566,223.833374,15.62646294,69.97922516,Spring,1
3/25/2027,15.25713348,19.36116409,11.8651228,7.245409966,0.601973116,101.4119568,4.338323593,5.498953819,223.6515656,222.854248,15.69812298,69.94101715,Spring,1
3/26/2027,15.33176994,19.43939781,11.93274593,7.277208805,0.597859442,101.4012833,4.331748962,5.490989685,222.6287384,221.8468781,15.77071762,69.9028244,Spring,1
3/27/2027,15.40704536,19.51822472,12.00112247,7.30969286,0.593526661,101.3905716,4.325391293,5.483253956,221.5830231,220.812912,15.84425163,69.86461639,Spring,1
3/28/2027,15.48296738,19.59767723,12.07025909,7.342858315,0.58899492,101.3798828,4.319255352,5.475750446,220.5162506,219.7541962,15.91872597,69.82640076,Spring,1
3/29/2027,15.55955124,19.67778015,12.14016628,7.376701355,0.584287167,101.3692627,4.313344002,5.468481064,219.4304504,218.6728363,15.99414635,69.78814697,Spring,1
3/30/2027,15.6368084,19.75856018,12.2108469,7.41121006,0.579428613,101.3587494,4.30766058,5.461447239,218.3278198,217.5709991,16.07050896,69.74984741,Spring,1
3/31/2027,15.71474648,19.84003448,12.28230953,7.446375847,0.574446917,101.3484039,4.30220747,5.454648495,217.2106476,216.4511719,16.14781189,69.71150208,Spring,1
4/1/2027,15.7933712,19.92221642,12.35455894,7.482180595,0.569371343,101.3382721,4.296985149,5.448084354,216.0813446,215.3158569,16.22605133,69.6730957,Spring,1
4/2/2027,15.87268829,20.00511551,12.42759705,7.518606186,0.564232767,101.3283844,4.291994572,5.441751003,214.9423523,214.1677399,16.30521965,69.6346283,Spring,1
4/3/2027,15.95269775,20.08873558,12.50142956,7.555634499,0.559063137,101.3188019,4.287233353,5.435647488,213.7962494,213.0095825,16.38531113,69.59609985,Spring,1
4/4/2027,16.03340149,20.17307281,12.57605457,7.593239784,0.553895175,101.3095551,4.282700539,5.429768085,212.6456299,211.8441925,16.4663105,69.55748749,Spring,1
4/5/2027,16.11479378,20.25812531,12.65147495,7.631401062,0.548761904,101.3006973,4.278392315,5.424105644,211.493042,210.6744232,16.54821014,69.51880646,Spring,1
4/6/2027,16.1968708,20.34387779,12.72768784,7.670089722,0.543696165,101.2922516,4.274302959,5.418653965,210.3410187,209.5031128,16.6309948,69.48005676,Spring,1
4/7/2027,16.27962685,20.43031883,12.80469227,7.709281921,0.538730681,101.284256,4.270427227,5.413402557,209.1920929,208.3330688,16.7146492,69.44123077,Spring,1
4/8/2027,16.36304855,20.51742554,12.8824892,7.748948097,0.533896744,101.2767487,4.266757011,5.408341408,208.048645,207.1670685,16.7991581,69.40234375,Spring,1
4/9/2027,16.44713211,20.60517883,12.96107101,7.789062023,0.529224813,101.2697525,4.263281822,5.403457165,206.9130402,206.0078125,16.88450623,69.36338806,Spring,1
4/10/2027,16.53186417,20.6935482,13.04043865,7.829596043,0.524743438,101.263298,4.259992123,5.398736,205.7875061,204.8578186,16.97067642,69.32437134,Spring,1
4/11/2027,16.61723518,20.78250694,13.1205883,7.870524883,0.520479083,101.2574005,4.256874084,5.394161701,204.6740112,203.7195892,17.05764961,69.28529358,Spring,1
4/12/2027,16.7032299,20.87202835,13.20151424,7.911822319,0.516456008,101.2520752,4.253912926,5.389716148,203.5745392,202.5953369,17.14540863,69.24617004,Spring,1
4/13/2027,16.78983879,20.96207428,13.28321743,7.953465939,0.512695372,101.247345,4.251093388,5.385379791,202.4907227,201.4871826,17.23394585,69.20700073,Spring,1
4/14/2027,16.87705421,21.0526123,13.365695,7.995434284,0.509215474,101.2432098,4.248396397,5.381131172,201.4241486,200.3970642,17.32323647,69.16777039,Spring,1
4/15/2027,16.96486092,21.14361572,13.44894505,8.037708282,0.506031275,101.2396851,4.245802879,5.376947403,200.3760834,199.3265991,17.41327477,69.12849426,Spring,1
4/16/2027,17.05325508,21.2350502,13.53296852,8.080272675,0.50315398,101.2367706,4.243291855,5.372803688,199.3476105,198.2772369,17.50404549,69.0891571,Spring,1
4/17/2027,17.14222908,21.32688713,13.6177702,8.123113632,0.500591099,101.2344666,4.240839958,5.368673801,198.3395538,197.2502289,17.595541,69.04976654,Spring,1
4/18/2027,17.2317791,21.41909409,13.70335102,8.166222572,0.49834621,101.2327652,4.238422871,5.364528656,197.3525848,196.2464905,17.68775558,69.01029968,Spring,1
4/19/2027,17.32190132,21.51165199,13.78971672,8.209593773,0.496418655,101.2316666,4.23601532,5.360340595,196.3870544,195.2667389,17.78068924,68.97076416,Spring,1
4/20/2027,17.41260338,21.60453987,13.87687778,8.253225327,0.494803667,101.2311401,4.233590126,5.356079578,195.4431305,194.3114014,17.87433434,68.9311142,Spring,1
4/21/2027,17.50388908,21.69773865,13.9648428,8.297122002,0.493492305,101.2311935,4.231119156,5.351712704,194.5206757,193.3806458,17.96870041,68.89134216,Spring,1
4/22/2027,17.59576607,21.7912426,14.05362511,8.341287613,0.492471278,101.2317963,4.228573799,5.3472085,193.6194,192.4744415,18.06379128,68.85140991,Spring,1
4/23/2027,17.68824959,21.88504028,14.14323997,8.385733604,0.491723359,101.232933,4.225924492,5.342534542,192.7387848,191.5924072,18.15961838,68.8112793,Spring,1
4/24/2027,17.78135872,21.97913742,14.23370934,8.430475235,0.49122712,101.2345734,4.223141193,5.337657928,191.8780518,190.7340088,18.25619888,68.77092743,Spring,1
4/25/2027,17.87510872,22.07353592,14.32504845,8.475532532,0.49095723,101.236702,4.220193386,5.33254385,191.0363159,189.8984375,18.35355377,68.73027802,Spring,1
4/26/2027,17.96953392,22.16825294,14.41728497,8.520927429,0.490884751,101.2392807,4.217051506,5.327161312,190.2124481,189.0847321,18.4516983,68.68928528,Spring,1
4/27/2027,18.06466103,22.26330757,14.5104475,8.566687584,0.490977079,101.2422791,4.213684082,5.321475983,189.4051666,188.2916412,18.55066681,68.64788055,Spring,1
4/28/2027,18.16052818,22.35872841,14.60456181,8.61284256,0.491198659,101.2456818,4.210062981,5.31545639,188.6131134,187.5178528,18.65048599,68.60598755,Spring,1
4/29/2027,18.25716782,22.45454788,14.69965935,8.659427643,0.491510898,101.2494354,4.206157684,5.309072018,187.8347626,186.761795,18.751194,68.56352234,Spring,1
4/30/2027,18.35463142,22.55080986,14.79577637,8.706477165,0.491872668,101.2535172,4.20194149,5.302291393,187.0684967,186.0218353,18.85282707,68.520401,Spring,1
5/1/2027,18.45296478,22.64756393,14.89294815,8.754032135,0.492240608,101.2578964,4.197386742,5.295088291,186.3126831,185.2962494,18.95542908,68.47650909,Spring,1
5/2/2027,18.55221367,22.74486351,14.99121094,8.802132607,0.492569804,101.2625275,4.192469597,5.287436008,185.5656128,184.5831757,19.05904388,68.43174744,Spring,1
5/3/2027,18.65243912,22.84277153,15.09060669,8.850821495,0.492814034,101.2673798,4.187166214,5.279309273,184.8255615,183.8807526,19.16371918,68.3859787,Spring,1
5/4/2027,18.75368881,22.94135666,15.19117165,8.900140762,0.492925823,101.2724228,4.181456089,5.270688057,184.0908203,183.1871185,19.26950455,68.33909607,Spring,1
5/5/2027,18.8560276,23.04069138,15.29294777,8.950136185,0.492857754,101.2776184,4.175319672,5.261553288,183.359787,182.500351,19.3764534,68.29095459,Spring,1
5/6/2027,18.95951653,23.14085579,15.39597511,9.000850677,0.492562205,101.2829285,4.168743134,5.251888275,182.6308441,181.8186188,19.48461723,68.2414093,Spring,1
5/7/2027,19.06420898,23.24192619,15.50029373,9.052324295,0.491992146,101.2883224,4.161710739,5.241681576,181.9024811,181.1400757,19.59404755,68.19030762,Spring,1
5/8/2027,19.17017365,23.34399223,15.60594177,9.104602814,0.491101563,101.2937698,4.154213905,5.230924129,181.1733398,180.4631348,19.70479774,68.13749695,Spring,1
5/9/2027,19.27746773,23.44714165,15.71295547,9.157723427,0.48984611,101.2992401,4.146246433,5.219610691,180.442215,179.7861633,19.81692505,68.08280945,Spring,1
5/10/2027,19.38614845,23.55146217,15.82137299,9.211723328,0.488183081,101.3047028,4.137804031,5.207740307,179.7080231,179.1077271,19.93047523,68.02607727,Spring,1
5/11/2027,19.49627876,23.65704346,15.93122292,9.266633987,0.486072451,101.3101273,4.128888607,5.195315838,178.9698181,178.4265442,20.04550171,67.96713257,Spring,1
5/12/2027,19.60790634,23.76397514,16.04253769,9.322486877,0.483476907,101.3154831,4.119503021,5.182344913,178.2269592,177.7415771,20.16204834,67.90579224,Spring,1
5/13/2027,19.7210865,23.87234306,16.15534019,9.379306793,0.480362475,101.3207626,4.109655857,5.168838978,177.4789734,177.0519104,20.28016281,67.84187317,Spring,1
5/14/2027,19.83586502,23.98223305,16.26964951,9.437113762,0.476698756,101.3259277,4.099359512,5.15481329,176.7255859,176.3568878,20.39988136,67.77519226,Spring,1
5/15/2027,19.95228004,24.09372711,16.3854847,9.495920181,0.472459227,101.3309631,4.088630199,5.14028883,175.9668274,175.6560974,20.52123833,67.70558167,Spring,1
5/16/2027,20.07037354,24.20690155,16.50285339,9.555739403,0.467621565,101.3358459,4.077486038,5.125289917,175.2028809,174.9493408,20.64426804,67.63284302,Spring,1
5/17/2027,20.19016647,24.32182503,16.62175941,9.616569519,0.462168396,101.3405685,4.065952778,5.109846115,174.4342346,174.2366638,20.76898956,67.55682373,Spring,1
5/18/2027,20.31168938,24.43855858,16.74220085,9.678407669,0.456086665,101.3451157,4.054056644,5.093990803,173.6615753,173.5184479,20.89542389,67.47732544,Spring,1
5/19/2027,20.43495178,24.55716705,16.86417007,9.741243362,0.449368417,101.349472,4.041829109,5.077760696,172.88591,172.7952118,21.02357864,67.39418793,Spring,1
5/20/2027,20.5599556,24.67769051,16.98764801,9.805056572,0.442010671,101.3536224,4.029305935,5.061197758,172.108429,172.0678101,21.15345955,67.30725098,Spring,1
5/21/2027,20.68670654,24.80016708,17.11261177,9.869823456,0.434015751,101.3575745,4.016523838,5.044346809,171.3305359,171.3372955,21.28505707,67.216362,Spring,1
5/22/2027,20.81518173,24.9246254,17.23902702,9.935510635,0.425391048,101.3613052,4.00352478,5.027256966,170.5538788,170.6049957,21.41836166,67.12136841,Spring,1
5/23/2027,20.945364,25.0510807,17.36685371,10.0020771,0.416149139,101.3648224,3.990353346,5.009978771,169.7803192,169.8724823,21.55334854,67.02215576,Spring,1
5/24/2027,21.07722092,25.17953682,17.49604225,10.06947422,0.406307578,101.3681183,3.97705555,4.992567539,169.0118408,169.1414337,21.689991,66.9185791,Spring,1
5/25/2027,21.2107029,25.30998611,17.62653732,10.13764954,0.395888954,101.3712006,3.963680029,4.975080013,168.2507172,168.4138336,21.82823944,66.81053162,Spring,1
5/26/2027,21.34576607,25.44240761,17.75827408,10.20654011,0.384920716,101.374054,3.950278759,4.957575321,167.499176,167.6918182,21.96805573,66.69793701,Spring,1
5/27/2027,21.48233604,25.57676506,17.89117813,10.27607727,0.373434782,101.3767014,3.936903477,4.940115452,166.7597046,166.9776154,22.10936928,66.58070374,Spring,1
5/28/2027,21.62034416,25.7130127,18.02516556,10.34618759,0.361467421,101.3791351,3.923608303,4.922760487,166.0348358,166.2735901,22.25212097,66.45877838,Spring,1
5/29/2027,21.7597065,25.85108948,18.16014862,10.41679001,0.349058628,101.3813553,3.910447121,4.905573368,165.3271637,165.5823059,22.39622879,66.3321228,Spring,1
5/30/2027,21.90032196,25.99091911,18.29603004,10.48779964,0.336252511,101.3833771,3.897474527,4.888617992,164.639328,164.9062347,22.54160881,66.20069885,Spring,1
5/31/2027,22.04209328,26.13241959,18.43270493,10.55912685,0.323096126,101.3852081,3.884745836,4.871956348,163.9738922,164.2479858,22.68816376,66.06452179,Spring,1
6/1/2027,22.18490028,26.2754879,18.57006073,10.63067627,0.309639513,101.3868484,3.872314453,4.855650902,163.3334503,163.6101532,22.83579254,65.92360687,Summer,2
6/2/2027,22.32862091,26.42000771,18.70798302,10.70235062,0.295934916,101.3883133,3.860233545,4.839762211,162.7205658,162.9953156,22.98438263,65.77798462,Summer,2
6/3/2027,22.47312546,26.56585884,18.84634781,10.77404976,0.282036752,101.3896027,3.848554373,4.824349403,162.137619,162.4059296,23.13381386,65.62773895,Summer,2
6/4/2027,22.6182766,26.71290207,18.9850235,10.84567261,0.268000722,101.3907394,3.837327003,4.809467793,161.5869293,161.8444672,23.28396225,65.47293854,Summer,2
6/5/2027,22.76392555,26.86099243,19.12388229,10.91711617,0.253883541,101.3917084,3.826598406,4.795173645,161.0706329,161.3131866,23.4346962,65.31370544,Summer,2
6/6/2027,22.90992165,27.00996971,19.26278496,10.98827744,0.239742398,101.39254,3.816413164,4.781515121,160.5906677,160.814209,23.58588028,65.15015411,Summer,2
6/7/2027,23.0561142,27.1596756,19.40159416,11.05905342,0.225634262,101.3932343,3.806812763,4.768541336,160.1487732,160.3494873,23.73736954,64.98246002,Summer,2
6/8/2027,23.20233345,27.30992889,19.54016685,11.12934303,0.211615518,101.3937988,3.797835112,4.756294727,159.7464447,159.9207764,23.88901901,64.81079865,Summer,2
6/9/2027,23.3484211,27.46055412,19.67836189,11.199049,0.197741836,101.3942337,3.789513588,4.744812012,159.3849335,159.5295715,24.04068184,64.63536072,Summer,2
6/10/2027,23.4942112,27.61136055,19.81603813,11.26807404,0.184066772,101.3945618,3.781877756,4.734127998,159.0651398,159.1771088,24.19220352,64.45639038,Summer,2
6/11/2027,23.6395359,27.76216316,19.95305061,11.33632946,0.170642138,101.3947754,3.774953127,4.724270821,158.7877197,158.8643036,24.34342957,64.27412415,Summer,2
6/12/2027,23.78422546,27.9127655,20.08925819,11.40372658,0.157517254,101.3948898,3.768759966,4.715261936,158.553009,158.5918732,24.49420929,64.08882904,Summer,2
6/13/2027,23.92811966,28.06297302,20.22452545,11.47018623,0.144738302,101.3949051,3.763313532,4.707119465,158.3610077,158.3601227,24.64439011,63.90078735,Summer,2
6/14/2027,24.07104683,28.21258736,20.35871696,11.53563118,0.132348448,101.3948212,3.758623838,4.69985342,158.2112885,158.1690216,24.79381561,63.71031952,Summer,2
6/15/2027,24.21285439,28.36141586,20.49169731,11.59999466,0.120387122,101.3946533,3.754695415,4.693468094,158.103241,158.0182648,24.94233704,63.51774597,Summer,2
6/16/2027,24.35337639,28.50926208,20.62334061,11.66321754,0.108889557,101.3943939,3.751527786,4.687963009,158.0357666,157.9071808,25.08980942,63.32341003,Summer,2
6/17/2027,24.49246597,28.6559391,20.75352669,11.72524452,0.097886957,101.3940582,3.749115229,4.683329105,158.0075073,157.8347321,25.23608398,63.12765503,Summer,2
6/18/2027,24.62997246,28.80125618,20.88213921,11.78603363,0.087406069,101.393631,3.747444868,4.679553032,158.0167389,157.7995605,25.38102341,62.93087769,Summer,2
6/19/2027,24.76576042,28.94503593,21.00907135,11.84554768,0.077469051,101.3931198,3.746500969,4.676613808,158.0613708,157.799942,25.52449226,62.73344803,Summer,2
6/20/2027,24.89969444,29.08710289,21.13421631,11.90376282,0.0680933,101.3925247,3.746260166,4.674484253,158.1390533,157.833847,25.66635895,62.53576279,Summer,2
6/21/2027,25.03165245,29.22728729,21.25748825,11.96065998,0.059291083,101.3918457,3.746695757,4.673133373,158.2470856,157.8989868,25.80650711,62.33821869,Summer,2
6/22/2027,25.16151619,29.36543655,21.37879562,12.01623249,0.051070478,101.3910904,3.747775078,4.672522068,158.3825531,157.9926758,25.94481659,62.1412468,Summer,2
6/23/2027,25.28917885,29.50139999,21.49806595,12.07048416,0.043434173,101.3902435,3.749460936,4.672606468,158.5422821,158.1120453,26.08118057,61.94524384,Summer,2
6/24/2027,25.41454697,29.63503647,21.61522865,12.12341976,0.03638063,101.3893127,3.751711369,4.67333889,158.7227783,158.2538605,26.21549225,61.75063324,Summer,2
6/25/2027,25.53753471,29.766222,21.73022652,12.17506599,0.029903417,101.3882904,3.754481792,4.674665451,158.9204559,158.4148407,26.34766769,61.55784988,Summer,2
6/26/2027,25.65806007,29.89483833,21.84301186,12.2254467,0.023992006,101.3871765,3.757721901,4.676527977,159.1315308,158.5914001,26.47761536,61.36729431,Summer,2
6/27/2027,25.77606201,30.02077866,21.95354271,12.27460194,0.018631447,101.3859711,3.76137948,4.678866386,159.3520813,158.7797546,26.60525894,61.17940521,Summer,2
6/28/2027,25.8914814,30.14395332,22.06178474,12.32257557,0.0138036,101.3846741,3.765398741,4.681614399,159.5781403,158.97612,26.73053741,60.99457932,Summer,2
6/29/2027,26.00427628,30.26427841,22.16772461,12.36942196,0.0094863,101.3832779,3.769722223,4.684705734,159.8056183,159.1765594,26.85338211,60.81324005,Summer,2
6/30/2027,26.1144104,30.38168907,22.27134132,12.41519833,0.005654344,101.3817825,3.774290085,4.688070774,160.0304565,159.3771057,26.97374725,60.63576508,Summer,2
7/1/2027,26.22186089,30.49612617,22.37263298,12.45997047,0.002280164,101.380188,3.779041052,4.691637993,160.248642,159.5737305,27.09159088,60.46257019,Summer,2
7/2/2027,26.32660675,30.60754204,22.47160149,12.50380898,-0.000666215,101.3785019,3.783913374,4.695335388,160.4562073,159.762558,27.20687103,60.29402161,Summer,2
7/3/2027,26.42864418,30.71590424,22.56825638,12.54679108,-0.003216658,101.376709,3.788845062,4.699090958,160.6492615,159.9397125,27.31956863,60.13048935,Summer,2
7/4/2027,26.52797318,30.82119179,22.66262054,12.58899403,-0.00540406,101.3748245,3.793774366,4.702832699,160.8241272,160.1013947,27.42965698,59.97232056,Summer,2
7/5/2027,26.62460709,30.92338943,22.75470924,12.63050079,-0.00726222,101.3728333,3.798639774,4.706489563,160.9773254,160.2440948,27.537117,59.81984711,Summer,2
7/6/2027,26.71855354,31.02249908,22.84455872,12.67139244,-0.008825252,101.3707581,3.80338192,4.709992409,161.105545,160.3643951,27.6419487,59.67339706,Summer,2
7/7/2027,26.80984497,31.11851692,22.93219566,12.71175289,-0.010126682,101.3685837,3.807942867,4.713274002,161.2058258,160.4591217,27.74414444,59.53326416,Summer,2
7/8/2027,26.89850044,31.21146393,23.01766205,12.75166893,-0.011199676,101.3663254,3.812267542,4.71626997,161.2754059,160.5254517,27.84370041,59.39972687,Summer,2
7/9/2027,26.98455238,31.30135918,23.10099602,12.79121971,-0.012075592,101.3639755,3.81630373,4.718920231,161.3119354,160.5607758,27.94062805,59.2730484,Summer,2
7/10/2027,27.06804085,31.38822174,23.18223953,12.8304863,-0.012784519,101.361557,3.820002794,4.721167088,161.3134155,160.5628815,28.034935,59.15346909,Summer,2
7/11/2027,27.14899445,31.47208786,23.26143646,12.86954498,-0.013353515,101.3590622,3.823319197,4.722959995,161.2782288,160.529892,28.12662888,59.04119873,Summer,2
7/12/2027,27.22745895,31.55299377,23.33863068,12.9084692,-0.013807624,101.3564987,3.826212883,4.724250793,161.2052002,160.4603577,28.21571732,58.9364357,Summer,2
7/13/2027,27.30347061,31.63097,23.41386414,12.9473238,-0.014168102,101.3538818,3.828647614,4.724998474,161.0935059,160.3532257,28.30222321,58.83935547,Summer,2
7/14/2027,27.37706375,31.70606041,23.4871788,12.98617172,-0.014453014,101.3512192,3.830592871,4.725167274,160.9428711,160.2078857,28.38614655,58.75009918,Summer,2
7/15/2027,27.44827843,31.77829742,23.55861473,13.02506542,-0.014676242,101.3485184,3.832023144,4.724728584,160.753418,160.0241241,28.46750259,58.66879272,Summer,2
7/16/2027,27.51714516,31.84771919,23.62820435,13.06405067,-0.014847371,101.345787,3.832918644,4.723658085,160.5257111,159.8022766,28.5463028,58.59554291,Summer,2
7/17/2027,27.58369255,31.91436195,23.69598007,13.10316563,-0.014971527,101.3430405,3.833264828,4.721941471,160.26091,159.5430603,28.62255478,58.53043365,Summer,2
7/18/2027,27.6479454,31.97825241,23.76196671,13.14243793,-0.015049065,101.3402863,3.833054066,4.719568729,159.9604492,159.2476501,28.69626236,58.47351456,Summer,2
7/19/2027,27.7099247,32.03942108,23.82618904,13.18188667,-0.015075253,101.3375473,3.832284451,4.716538906,159.6263428,158.9177704,28.76741791,58.42481995,Summer,2
7/20/2027,27.76964378,32.09789276,23.88865471,13.22151947,-0.015040547,101.3348312,3.830959082,4.71285677,159.2610168,158.5555267,28.83602524,58.38438034,Summer,2
7/21/2027,27.82710648,32.15367126,23.94937515,13.26133442,-0.014930233,101.3321457,3.829088449,4.708534241,158.8673401,158.1633911,28.90206909,58.35217285,Summer,2
7/22/2027,27.88231468,32.20677567,24.00835037,13.30131912,-0.014724556,101.3295059,3.82668829,4.703591347,158.4485779,157.7444153,28.96554184,58.32818604,Summer,2
7/23/2027,27.93525124,32.25720215,24.06557083,13.34144688,-0.014398666,101.3269272,3.823780537,4.69805479,158.008316,157.3019104,29.02641296,58.31236267,Summer,2
7/24/2027,27.9859066,32.30493927,24.12102127,13.3816843,-0.013922826,101.3244247,3.820392132,4.69195652,157.5505829,156.8396301,29.08466339,58.30464935,Summer,2
7/25/2027,28.03425217,32.34997559,24.17467499,13.42198563,-0.013262686,101.3220139,3.816556454,4.685337067,157.0796967,156.3616028,29.1402626,58.30496597,Summer,2
7/26/2027,28.08025551,32.39228439,24.22649765,13.46229362,-0.012379396,101.3197021,3.812310457,4.678240776,156.6002045,155.8722382,29.19316101,58.31322479,Summer,2
7/27/2027,28.12386894,32.43182755,24.27645111,13.50254154,-0.011230124,101.3175049,3.807697535,4.67071867,156.1170197,155.3761597,29.24332047,58.32930374,Summer,2
7/28/2027,28.16504097,32.46857071,24.32448578,13.54265118,-0.009768018,101.3154373,3.802763462,4.662827969,155.6350555,154.8782043,29.29068756,58.35309601,Summer,2
7/29/2027,28.20371246,32.50244522,24.37053871,13.58253479,-0.007943066,101.3135071,3.797559261,4.654628754,155.1595306,154.3834534,29.33520126,58.38445282,Summer,2
7/30/2027,28.23981476,32.53340149,24.41454697,13.62209797,-0.005702185,101.3117294,3.792139292,4.646185398,154.6957855,153.8970795,29.37680054,58.42324829,Summer,2
7/31/2027,28.27326965,32.56136322,24.45643806,13.6612339,-0.002989959,101.310112,3.786560059,4.637567997,154.249115,153.4243317,29.41541672,58.46931458,Summer,2
8/1/2027,28.30399895,32.58625412,24.49612808,13.69983292,0.000250797,101.3086624,3.780881405,4.628847599,153.8249054,152.9705353,29.4509697,58.52249908,Summer,2
8/2/2027,28.33190727,32.60798264,24.53353119,13.73777485,0.004078612,101.3074036,3.775163651,4.620096684,153.4284363,152.5410004,29.48338318,58.58262253,Summer,2
8/3/2027,28.35689926,32.62646103,24.56855392,13.77493572,0.008552922,101.3063278,3.769469976,4.611392021,153.0649261,152.1409912,29.51256943,58.64951706,Summer,2
8/4/2027,28.37888145,32.64159012,24.60109901,13.81118393,0.013733122,101.3054504,3.763862371,4.602809429,152.7394867,151.775589,29.53844833,58.7230072,Summer,2
8/5/2027,28.39774132,32.65325928,24.63106728,13.84639072,0.019677702,101.3047714,3.758404732,4.594424725,152.4569702,151.4498444,29.56092834,58.80290222,Summer,2
8/6/2027,28.41337776,32.66136932,24.65834808,13.88041496,0.026444323,101.304306,3.753158331,4.586313725,152.2220764,151.1684875,29.57991791,58.88901901,Summer,2
8/7/2027,28.42567825,32.66580582,24.68284035,13.91312599,0.034088634,101.3040466,3.748184681,4.578551769,152.0390778,150.9360046,29.59532166,58.98117065,Summer,2
8/8/2027,28.43453789,32.66646194,24.70443153,13.94437885,0.042663839,101.3040009,3.743542671,4.571210384,151.9120789,150.7566833,29.60705566,59.07917786,Summer,2
8/9/2027,28.43984985,32.66322327,24.72301292,13.97404194,0.05221967,101.3041687,3.739289522,4.564360142,151.844696,150.6343689,29.61502075,59.18283463,Summer,2
8/10/2027,28.44150352,32.65597916,24.73848152,14.00197983,0.062802516,101.3045578,3.735478878,4.558066845,151.8402252,150.5725861,29.619133,59.29196167,Summer,2
8/11/2027,28.43940163,32.6446228,24.7507267,14.02805805,0.074453771,101.3051605,3.732161045,4.55239439,151.9014893,150.5743408,29.61930847,59.40637589,Summer,2
8/12/2027,28.43343925,32.62905121,24.75965118,14.05215263,0.087210327,101.3059769,3.729382753,4.547399998,152.030777,150.6423492,29.61546326,59.52588654,Summer,2
8/13/2027,28.42353439,32.60917664,24.76515388,14.0741396,0.101103179,101.3069992,3.727185488,4.54313612,152.22995,150.7787628,29.60752487,59.65032578,Summer,2
8/14/2027,28.40959167,32.5848999,24.76714897,14.0939045,0.116157375,101.3082352,3.725606203,4.539650917,152.5003357,150.9851837,29.59542084,59.77949142,Summer,2
8/15/2027,28.39154053,32.55613708,24.76554298,14.11133957,0.132391527,101.3096695,3.724676847,4.536985397,152.8427277,151.2627716,29.57909012,59.91321564,Summer,2
8/16/2027,28.36931229,32.52283096,24.76026535,14.12634468,0.149817422,101.3112946,3.724423647,4.53517437,153.2574158,151.6121368,29.55847549,60.05133057,Summer,2
8/17/2027,28.34284973,32.48491287,24.75123978,14.13882923,0.168439165,101.313118,3.724867105,4.534245491,153.7440033,152.0333099,29.533535,60.19364929,Summer,2
8/18/2027,28.31210899,32.44234085,24.73841667,14.14871693,0.188253686,101.3151169,3.72602129,4.534219742,154.301651,152.5258026,29.50423431,60.34001541,Summer,2
8/19/2027,28.27705574,32.39507294,24.72174072,14.15593338,0.209249854,101.3172913,3.727894068,4.535109997,154.9289551,153.0886078,29.47054672,60.49025345,Summer,2
8/20/2027,28.23767471,32.34310532,24.70116997,14.16042519,0.231408581,101.3196335,3.730487108,4.536923409,155.6239471,153.7200928,29.43245697,60.64419556,Summer,2
8/21/2027,28.19395638,32.28642273,24.67668915,14.16214561,0.254702717,101.3221359,3.733796597,4.539657593,156.3841553,154.4181213,29.38996887,60.80168533,Summer,2
8/22/2027,28.14591217,32.22505188,24.64827538,14.16106033,0.27909714,101.3247833,3.737810135,4.543303013,157.2065277,155.18013,29.34309006,60.96256256,Summer,2
8/23/2027,28.09357071,32.15901566,24.61593819,14.15715122,0.304548353,101.3275681,3.742511034,4.54784441,158.087616,156.0029602,29.29185104,61.12665558,Summer,2
8/24/2027,28.03697014,32.08835983,24.57967949,14.15040493,0.331005067,101.3304825,3.747875929,4.553256035,159.0234985,156.8829803,29.23627853,61.2938118,Summer,2
8/25/2027,27.97616768,32.01316452,24.53953362,14.14083099,0.358408153,101.333519,3.753875256,4.559509277,160.0097809,157.8162231,29.17642975,61.46386719,Summer,2
8/26/2027,27.91123581,31.9335041,24.4955368,14.12844658,0.386690944,101.3366699,3.760473967,4.56656456,161.0417786,158.7982635,29.11237335,61.63666534,Summer,2
8/27/2027,27.84226227,31.8494854,24.44774628,14.11328125,0.41577968,101.33992,3.767632008,4.574377537,162.1143341,159.8242493,29.04417801,61.81203461,Summer,2
8/28/2027,27.76935387,31.76123238,24.39622688,14.09537601,0.445593417,101.3432617,3.775303841,4.582898617,163.2221069,160.8890991,28.9719429,61.98981476,Summer,2
8/29/2027,27.69262886,31.66888237,24.34105873,14.07478714,0.476045042,101.3466873,3.783440113,4.592071533,164.3594666,161.9874725,28.89576721,62.16984558,Summer,2
8/30/2027,27.61221886,31.5725956,24.28233528,14.05158043,0.507041514,101.3501892,3.791986227,4.601834774,165.5205841,163.1137085,28.81577301,62.3519516,Summer,2
8/31/2027,27.52827644,31.4725399,24.22016716,14.02583122,0.538484395,101.3537598,3.800885201,4.612123966,166.6994934,164.2620697,28.73209,62.53595352,Summer,2
9/1/2027,27.44095802,31.36890984,24.1546669,13.9976244,0.570270658,101.3573914,3.810076475,4.622868538,167.8901062,165.4266205,28.6448555,62.7216835,Autumn,3
9/2/2027,27.35044289,31.26190567,24.0859642,13.96705818,0.602292895,101.3610687,3.819497108,4.633996487,169.0863495,166.6014709,28.55422211,62.90895844,Autumn,3
9/3/2027,27.25691223,31.15174866,24.01420021,13.93423367,0.63444078,101.3648071,3.829082966,4.645433426,170.282135,167.7805939,28.46035385,63.09758759,Autumn,3
9/4/2027,27.1605587,31.03866005,23.93952179,13.89926147,0.666600883,101.368576,3.838767767,4.657101631,171.4714508,168.9580536,28.36342239,63.28738403,Autumn,3
9/5/2027,27.06159401,30.9228878,23.86208344,13.86225796,0.698658228,101.3723907,3.848485708,4.668923378,172.6484833,170.1280975,28.26360703,63.47814941,Autumn,3
9/6/2027,26.96022034,30.80467796,23.78205299,13.82334518,0.730496407,101.376236,3.858170271,4.680821419,173.8074799,171.2850189,28.16108704,63.6696701,Autumn,3
9/7/2027,26.85665894,30.68428802,23.69959259,13.78264904,0.761999071,101.3801041,3.867756605,4.692718029,174.9430542,172.4233398,28.05606461,63.86175156,Autumn,3
9/8/2027,26.75113106,30.56197739,23.61488152,13.74029636,0.793050051,101.3840103,3.877179861,4.704535961,176.0500031,173.5379333,27.94873047,64.0541687,Autumn,3
9/9/2027,26.64385605,30.43801117,23.52809334,13.6964159,0.823534727,101.3879318,3.886378765,4.716202736,177.1235809,174.6238708,27.83928299,64.2467041,Autumn,3
9/10/2027,26.53506279,30.31266212,23.43940544,13.65113831,0.853340209,101.3918762,3.895294189,4.727646351,178.1593323,175.6766205,27.72792816,64.43913269,Autumn,3
9/11/2027,26.42496872,30.18619156,23.34899712,13.60459137,0.882356763,101.3958435,3.903870344,4.738798141,179.1532593,176.6920929,27.61486435,64.63121033,Autumn,3
9/12/2027,26.3137989,30.05886459,23.25704765,13.55690002,0.910478175,101.399826,3.912055254,4.749595165,180.1018066,177.6665802,27.50029373,64.82270813,Autumn,3
9/13/2027,26.20176888,29.93094063,23.16372871,13.5081892,0.937602639,101.4038315,3.919801474,4.759978771,181.0019684,178.5968475,27.38441086,65.01338959,Autumn,3
9/14/2027,26.08908653,29.80267525,23.06921005,13.45857334,0.963633597,101.4078522,3.927066565,4.7698946,181.8512115,179.4801941,27.26741791,65.2029953,Autumn,3
9/15/2027,25.97595787,29.67431259,22.97366524,13.40816879,0.988479733,101.4118881,3.93381381,4.779296398,182.6476135,180.3144684,27.1495018,65.39128113,Autumn,3
9/16/2027,25.86257172,29.54608536,22.87724113,13.3570776,1.012056708,101.4159393,3.940010786,4.788142204,183.3897552,181.0980377,27.03084183,65.5779953,Autumn,3
9/17/2027,25.74910927,29.41821861,22.78009605,13.30539989,1.034286499,101.4200134,3.945632935,4.79639864,184.0767975,181.8298035,26.91161728,65.76287842,Autumn,3
9/18/2027,25.63574982,29.29091835,22.68236732,13.25322342,1.05509913,101.4240952,3.950661421,4.804039001,184.7085876,182.5092773,26.791996,65.94567108,Autumn,3
9/19/2027,25.52263832,29.16437721,22.58418846,13.20062733,1.074431896,101.4281998,3.955084562,4.811043739,185.2854614,183.1365814,26.67213058,66.12612152,Autumn,3
9/20/2027,25.40991974,29.03877258,22.48567581,13.14768505,1.092231035,101.4323196,3.958897114,4.817402363,185.8084412,183.7123871,26.5521698,66.30397034,Autumn,3
9/21/2027,25.29771805,28.91425705,22.3869381,13.0944519,1.10845077,101.4364471,3.962100744,4.823111534,186.2790222,184.2379608,26.43224716,66.47897339,Autumn,3
9/22/2027,25.18614006,28.79096603,22.28806686,13.04097843,1.123054504,101.4405899,3.96470499,4.828176022,186.6993256,184.7150879,26.31247711,66.65086365,Autumn,3
9/23/2027,25.07527733,28.66901588,22.18914032,12.98729897,1.136014938,101.4447403,3.966724873,4.832609177,187.0720215,185.1461487,26.19297028,66.8194046,Autumn,3
9/24/2027,24.9651947,28.54850197,22.09022713,12.93344116,1.147313237,101.4488983,3.968184233,4.836432457,187.4003296,185.5339966,26.07381821,66.98435211,Autumn,3
9/25/2027,24.85595322,28.42948914,21.99136925,12.87941551,1.156940579,101.453064,3.969111919,4.839674473,187.687912,185.882019,25.9550972,67.14546967,Autumn,3
9/26/2027,24.74757195,28.31202507,21.89260483,12.82522583,1.164896965,101.457222,3.969544888,4.842372894,187.9389191,186.1940918,25.83686829,67.30253601,Autumn,3
9/27/2027,24.64007187,28.19613075,21.79395103,12.77086067,1.171191216,101.46138,3.969525099,4.84457159,188.1578827,186.4744263,25.71917725,67.45533752,Autumn,3
9/28/2027,24.53344154,28.08181,21.69540596,12.7162981,1.175841689,101.4655304,3.969101429,4.84632206,188.349762,186.7276764,25.60204887,67.60365295,Autumn,3
9/29/2027,24.42764854,27.96903229,21.59696198,12.6615057,1.178874731,101.4696579,3.968327999,4.847682953,188.5198364,186.9588623,25.48550415,67.74729919,Autumn,3
9/30/2027,24.32265282,27.85774803,21.49858284,12.60644054,1.180325627,101.4737625,3.967264652,4.848717213,188.6736755,187.1732178,25.36953545,67.8861084,Autumn,3
10/1/2027,24.21838188,27.74789047,21.40023041,12.55105114,1.180237174,101.4778366,3.965973616,4.849496365,188.8170013,187.3762665,25.25412941,68.01988983,Autumn,3
10/2/2027,24.11475182,27.63935852,21.30183792,12.49527168,1.178660154,101.4818726,3.964524508,4.850094795,188.95578,187.5737762,25.13925171,68.14850616,Autumn,3
10/3/2027,24.01166344,27.53204536,21.20333862,12.43903446,1.175652266,101.4858551,3.962987423,4.850590229,189.0961304,187.7715149,25.02485657,68.27182007,Autumn,3
10/4/2027,23.90899658,27.42580795,21.10464287,12.38226032,1.171277404,101.4897842,3.961437225,4.851067066,189.2441101,187.9754028,24.91088295,68.38970947,Autumn,3
10/5/2027,23.80661774,27.32049751,21.00565338,12.32486725,1.16560626,101.4936371,3.959950447,4.851611137,189.4059448,188.1913605,24.79726028,68.50208282,Autumn,3
10/6/2027,23.70438194,27.21593666,20.90626335,12.26676369,1.158714175,101.4974136,3.958604813,4.85230875,189.587616,188.4253235,24.68389702,68.6088562,Autumn,3
10/7/2027,23.60212708,27.1119442,20.8063488,12.20785618,1.150681376,101.5010986,3.957479239,4.85325098,189.7951355,188.6830597,24.57070541,68.7099762,Autumn,3
10/8/2027,23.49968529,27.00831413,20.70578766,12.14804745,1.141592264,101.5046768,3.956652403,4.854526043,190.0343018,188.9701843,24.45757294,68.8053894,Autumn,3
10/9/2027,23.3968792,26.90483475,20.60444069,12.08724117,1.131534696,101.5081406,3.956203222,4.856223583,190.3106842,189.29216,24.34439087,68.89509583,Autumn,3
10/10/2027,23.29351997,26.80128288,20.50217056,12.02533722,1.120598674,101.5114746,3.956208944,4.858431816,190.6295776,189.6541443,24.23103333,68.9790802,Autumn,3
10/11/2027,23.18941689,26.69742775,20.39882851,11.96223545,1.108876824,101.5146713,3.956743479,4.861237526,190.9959106,190.0609894,24.11737633,69.05737305,Autumn,3
10/12/2027,23.08437729,26.59303665,20.29427719,11.89784241,1.096462488,101.5177155,3.95788002,4.864723206,191.4142914,190.5172272,24.00328827,69.13002014,Autumn,3
10/13/2027,22.97820473,26.48786354,20.18835831,11.83206272,1.083449244,101.5205994,3.959687233,4.868970394,191.8889008,191.026947,23.88863373,69.19708252,Autumn,3
10/14/2027,22.87070465,26.38167763,20.0809288,11.76481152,1.069931269,101.5233078,3.962230444,4.874052525,192.4234619,191.5937805,23.77327728,69.25865173,Autumn,3
10/15/2027,22.76168633,26.27423859,19.97184563,11.69600296,1.056001186,101.5258331,3.96557045,4.880041599,193.0211945,192.2209015,23.65708542,69.31483459,Autumn,3
10/16/2027,22.65095901,26.16530991,19.86096382,11.62556458,1.041750431,101.5281677,3.96976161,4.887002468,193.6847382,192.9109955,23.53992081,69.3657608,Autumn,3
10/17/2027,22.53834534,26.05466652,19.74815559,11.5534277,1.027267933,101.5302963,3.974853992,4.894992828,194.4162903,193.6661987,23.42165756,69.41156769,Autumn,3
10/18/2027,22.42367363,25.9420929,19.63328552,11.47953415,1.012640238,101.5322189,3.980890751,4.904065132,195.2173767,194.4880219,23.3021698,69.45243073,Autumn,3
10/19/2027,22.30677986,25.82737732,19.51623917,11.40383625,0.997950077,101.5339279,3.987908602,4.914263725,196.0890198,195.3775024,23.18133545,69.48854065,Autumn,3
10/20/2027,22.18751717,25.71033096,19.3969059,11.32629585,0.983276784,101.5354233,3.995937586,4.92562294,197.0315857,196.3350372,23.05904198,69.52008057,Autumn,3
10/21/2027,22.06575012,25.59077263,19.27518845,11.24689102,0.968695045,101.5366898,4.004999638,4.938173294,198.0448456,197.3604431,22.9351902,69.54727173,Autumn,3
10/22/2027,21.94135857,25.46854401,19.1510067,11.16560555,0.954274952,101.537735,4.015110493,4.951932907,199.1280212,198.4528809,22.80968475,69.57034302,Autumn,3
10/23/2027,21.81424141,25.34350014,19.02428627,11.08244228,0.940081537,101.5385666,4.026276588,4.966911316,200.2796478,199.6110687,22.68244553,69.58955383,Autumn,3
10/24/2027,21.68431664,25.21552277,18.89497375,10.99741173,0.926174164,101.5391693,4.038497448,4.983112335,201.4977722,200.8330078,22.55340385,69.60514832,Autumn,3
10/25/2027,21.55151749,25.0845108,18.76303101,10.91054535,0.912607253,101.539566,4.051764488,5.000525951,202.7798157,202.1161804,22.42250252,69.61740112,Autumn,3
10/26/2027,21.41580009,24.95038986,18.62844086,10.82188225,0.899428427,101.5397568,4.066061974,5.019136906,204.1226807,203.4576111,22.28969955,69.62657928,Autumn,3
10/27/2027,21.27714157,24.81310844,18.49119186,10.73147964,0.886680126,101.5397415,4.081365585,5.038918972,205.5227051,204.8536682,22.15497017,69.63296509,Autumn,3
10/28/2027,21.13554573,24.67263794,18.35130692,10.63940525,0.874398112,101.5395508,4.097642899,5.059837341,206.9758301,206.3003387,22.01830292,69.63685608,Autumn,3
10/29/2027,20.99102974,24.52898216,18.20881271,10.5457449,0.862612605,101.5391769,4.114854336,5.081847668,208.4774933,207.7931671,21.87969971,69.63853455,Autumn,3
10/30/2027,20.84364128,24.38216591,18.06376839,10.45059395,0.851347685,101.5386505,4.132954121,5.10489893,210.0227356,209.3272705,21.73918152,69.63830566,Autumn,3
10/31/2027,20.6934433,24.23224449,17.91623878,10.35406303,0.840621412,101.5379868,4.151889324,5.128931046,211.6062012,210.8973846,21.59679031,69.63645935,Autumn,3
11/1/2027,20.54053116,24.0792942,17.76631737,10.25627327,0.830445945,101.5372009,4.171599388,5.153876305,213.2222748,212.4979095,21.45257568,69.63328552,Autumn,3
11/2/2027,20.38501549,23.92341995,17.61411285,10.15736198,0.820828617,101.5363159,4.192019939,5.17966032,214.8650055,214.1230621,21.30660439,69.62908936,Autumn,3
11/3/2027,20.22702789,23.76475334,17.45975113,10.05747223,0.811770678,101.5353622,4.213078499,5.206201077,216.5283203,215.7668152,21.15896797,69.62415314,Autumn,3
11/4/2027,20.06672478,23.60345078,17.30337524,9.956760406,0.803268552,101.5343552,4.234700203,5.233412743,218.2059174,217.4229279,21.00976181,69.61875153,Autumn,3
11/5/2027,19.90428352,23.43969154,17.14514732,9.855390549,0.795314312,101.5333328,4.256804466,5.261201859,219.8913269,219.0850525,20.85910606,69.61317444,Autumn,3
11/6/2027,19.73989296,23.27367783,16.98524666,9.753535271,0.78789556,101.5323105,4.279307365,5.289471149,221.5781403,220.7469177,20.70712852,69.60766602,Autumn,3
11/7/2027,19.57376862,23.10563087,16.82386017,9.651374817,0.780995905,101.5313339,4.302121639,5.31812048,223.2599182,222.4020844,20.55397415,69.60251617,Autumn,3
11/8/2027,19.40613937,22.93579483,16.66119385,9.549093246,0.774595618,101.530426,4.325158119,5.347045898,224.9302216,224.0442352,20.39979362,69.59793091,Autumn,3
11/9/2027,19.23724365,22.764431,16.49747086,9.446879387,0.76867193,101.5296173,4.348325253,5.376139641,226.5827789,225.6672516,20.24475861,69.59417725,Autumn,3
11/10/2027,19.06734467,22.59181786,16.33291626,9.344927788,0.763199449,101.5289383,4.371531487,5.405296326,228.2114563,227.2650299,20.08904648,69.59145355,Autumn,3
11/11/2027,18.89670372,22.41824532,16.16776848,9.243431091,0.758150876,101.5284348,4.394684792,5.434406757,229.8103027,228.8317413,19.93284607,69.58996582,Autumn,3
11/12/2027,18.7256031,22.24401665,16.00227356,9.142585754,0.753497005,101.5281219,4.417691708,5.46336174,231.3736877,230.361908,19.77634621,69.58992004,Autumn,3
11/13/2027,18.5543232,22.06944466,15.83668613,9.042581558,0.749207616,101.5280457,4.440463066,5.492055416,232.8962402,231.850235,19.61974907,69.59146881,Autumn,3
11/14/2027,18.38315964,21.89484978,15.67126274,8.94361496,0.745251894,101.5282288,4.462908745,5.520382404,234.3729858,233.2917786,19.46326447,69.59477234,Autumn,3
11/15/2027,18.21240234,21.72055626,15.50626373,8.845869064,0.741598666,101.528717,4.484942913,5.548238754,235.7992401,234.6821136,19.3071003,69.59997559,Autumn,3
11/16/2027,18.04235077,21.54689407,15.34195518,8.749526978,0.738217115,101.5295258,4.506481647,5.575526714,237.1708069,236.0171051,19.15146637,69.60719299,Autumn,3
11/17/2027,17.87329865,21.37418938,15.17859364,8.654766083,0.735076845,101.5306931,4.527444839,5.60215044,238.483963,237.2931366,18.99657059,69.61653137,Autumn,3
11/18/2027,17.7055397,21.20276642,15.01644039,8.561752319,0.732148707,101.5322342,4.547758102,5.628018856,239.7353973,238.5070038,18.8426342,69.62808228,Autumn,3
11/19/2027,17.53936005,21.03294945,14.85575008,8.470647812,0.729404747,101.5341949,4.567350388,5.653047085,240.9223328,239.6561279,18.68985748,69.64189911,Autumn,3
11/20/2027,17.37504196,20.86504745,14.69677353,8.381601334,0.72681874,101.5365829,4.586155891,5.677156448,242.0424957,240.7383575,18.53844833,69.65803528,Autumn,3
11/21/2027,17.21286011,20.69936943,14.53975105,8.294750214,0.724366903,101.5394211,4.604115486,5.700273514,243.0941162,241.7520599,18.38860703,69.67652893,Autumn,3
11/22/2027,17.05307388,20.53620529,14.38491726,8.210225105,0.722026825,101.5427246,4.621175289,5.722334385,244.0759583,242.6961365,18.24052429,69.6973877,Autumn,3
11/23/2027,16.89593506,20.37583542,14.23249722,8.128137589,0.71977973,101.5465164,4.637289047,5.743278503,244.9873657,243.5700989,18.09438705,69.7206192,Autumn,3
11/24/2027,16.74168015,20.21852493,14.08269787,8.048589706,0.717608511,101.5508041,4.652416229,5.763058186,245.828186,244.3739166,17.95037079,69.7461853,Autumn,3
11/25/2027,16.59052849,20.06451988,13.9357214,7.971671581,0.715499401,101.555603,4.66652298,5.781629562,246.5987091,245.1080933,17.80864334,69.77407074,Autumn,3
11/26/2027,16.44268417,19.91404343,13.79174709,7.897454262,0.713441491,101.5609055,4.679584503,5.798958778,247.2998047,245.7736511,17.66935349,69.80421448,Autumn,3
11/27/2027,16.29833794,19.76730919,13.65094852,7.825998783,0.711426556,101.5667114,4.691580772,5.815021038,247.9328613,246.3721008,17.53264999,69.83656311,Autumn,3
11/28/2027,16.1576519,19.62450218,13.51347351,7.757346153,0.70944953,101.5730362,4.70250082,5.829798698,248.4996338,246.9053802,17.39866066,69.87103271,Autumn,3
11/29/2027,16.02077484,19.48578262,13.37945938,7.69152832,0.707508326,101.5798569,4.712340355,5.843283653,249.0024109,247.375946,17.26749992,69.90753174,Autumn,3
11/30/2027,15.88783455,19.35128975,13.24902153,7.628558159,0.705603361,101.5871658,4.721100807,5.855475903,249.4437714,247.7865753,17.13927078,69.94596863,Autumn,3
12/1/2027,15.75893402,19.22113991,13.12226105,7.568437099,0.703738034,101.5949478,4.728793144,5.866383553,249.8268127,248.1404724,17.01405907,69.98623657,Winter,0
12/2/2027,15.63415909,19.09542465,12.99925613,7.511147499,0.701918304,101.6031876,4.735433578,5.876023769,250.1548462,248.4411774,16.89193726,70.0282135,Winter,0
12/3/2027,15.51357269,18.97420883,12.88006687,7.456664085,0.700152278,101.6118622,4.741044998,5.884420395,250.4315491,248.6924896,16.77296257,70.07176208,Winter,0
12/4/2027,15.39721107,18.8575325,12.76473904,7.404940605,0.698450148,101.6209488,4.745656967,5.891604424,250.6608582,248.8984528,16.65718079,70.11677551,Winter,0
12/5/2027,15.28509521,18.74541092,12.65329361,7.355926514,0.696824431,101.6304092,4.749303818,5.897614479,250.8468323,249.0633698,16.54460907,70.16308594,Winter,0
12/6/2027,15.1772213,18.63783836,12.54573536,7.309549332,0.695288658,101.640213,4.752027512,5.902497768,250.9938507,249.1916656,16.43526649,70.21057129,Winter,0
12/7/2027,15.07356834,18.53477859,12.44205093,7.265734673,0.693858027,101.650322,4.753872871,5.906304836,251.1062622,249.2878876,16.32914925,70.25907135,Winter,0
12/8/2027,14.97409058,18.43618584,12.34221077,7.224390984,0.692548692,101.6606979,4.754889965,5.90909338,251.1886292,249.3566589,16.22624016,70.30844116,Winter,0
12/9/2027,14.87872696,18.34197426,12.24616623,7.185419083,0.691377342,101.6712952,4.755133152,5.910926342,251.2453918,249.4025726,16.12650681,70.35855103,Winter,0
12/10/2027,14.78739357,18.25205612,12.15385151,7.148714066,0.690361083,101.6820679,4.754661083,5.911869049,251.2811127,249.4302673,16.02990913,70.40921783,Winter,0
12/11/2027,14.69999695,18.16630936,12.06519222,7.114157677,0.689516902,101.6929703,4.753533363,5.91199398,251.3002625,249.4442596,15.93638992,70.46031189,Winter,0
12/12/2027,14.61642265,18.08460236,11.98008823,7.081632614,0.688861489,101.7039566,4.751813889,5.911374569,251.3071594,249.4489594,15.84588432,70.5116806,Winter,0
12/13/2027,14.53654099,18.00678635,11.89843845,7.051010132,0.688410938,101.7149582,4.749567986,5.910086632,251.306015,249.4486694,15.75831318,70.56317902,Winter,0
12/14/2027,14.46021271,17.9326973,11.82012081,7.022162437,0.688180208,101.7259369,4.746861458,5.908208847,251.3008423,249.4473724,15.67359352,70.61466217,Winter,0
12/15/2027,14.38728714,17.86216164,11.74501038,6.994954109,0.68818295,101.7368317,4.743762016,5.905821323,251.2954712,249.4488831,15.59162903,70.66600037,Winter,0
12/16/2027,14.31760025,17.79499054,11.67296505,6.96925354,0.688431382,101.7475967,4.740335941,5.903002262,251.2934113,249.4568176,15.51232147,70.71704865,Winter,0
12/17/2027,14.25098801,17.73099136,11.60384083,6.944925308,0.688935399,101.7581635,4.736650467,5.899833202,251.2979889,249.47435,15.43556404,70.76768494,Winter,0
12/18/2027,14.18726921,17.66996574,11.53748798,6.921835423,0.689703226,101.7684784,4.73277092,5.896391869,251.3121338,249.5043945,15.36124134,70.8177948,Winter,0
12/19/2027,14.12626839,17.61170578,11.4737463,6.899852276,0.690740526,101.7784958,4.728761673,5.892755508,251.3384705,249.54953,15.28924465,70.86723328,Winter,0
12/20/2027,14.06780052,17.55600357,11.41245937,6.878848076,0.692050397,101.7881546,4.724684715,5.889000416,251.3792725,249.611969,15.21945381,70.91592407,Winter,0
12/21/2027,14.01168442,17.50265694,11.35346222,6.858695984,0.693633437,101.7974091,4.720599651,5.885197639,251.4364624,249.6934357,15.15175438,70.96374512,Winter,0
12/22/2027,13.95773697,17.45145798,11.29659653,6.839279652,0.695487142,101.8062057,4.716564178,5.881417751,251.5115662,249.7953491,15.08602524,71.01059723,Winter,0
12/23/2027,13.90577793,17.40220642,11.24169827,6.820483208,0.697606146,101.8144913,4.712629795,5.877726555,251.6056976,249.9187164,15.02215385,71.05639648,Winter,0
12/24/2027,13.85563278,17.35470963,11.18861008,6.802201271,0.699982226,101.8222275,4.708847523,5.874183655,251.7196503,250.0640869,14.96002579,71.10106659,Winter,0
12/25/2027,13.80713081,17.30877876,11.13718128,6.784333229,0.702604294,101.8293762,4.705262184,5.870848179,251.8537903,250.2316742,14.89953423,71.14451599,Winter,0
12/26/2027,13.76011086,17.26424026,11.08725643,6.766789436,0.705458164,101.8358917,4.701915264,5.867771626,252.0080719,250.4212036,14.8405714,71.18667603,Winter,0
12/27/2027,13.7144165,17.22091866,11.03869915,6.749487877,0.708526731,101.8417358,4.698843479,5.864999294,252.1821442,250.6320801,14.78303909,71.22750854,Winter,0
12/28/2027,13.66990662,17.17866707,10.99136925,6.732354164,0.711790383,101.8468857,4.6960783,5.862573147,252.3752441,250.8633423,14.72684669,71.26693726,Winter,0
12/29/2027,13.62644577,17.13734436,10.94514561,6.715327263,0.715226412,101.8513031,4.693647385,5.860529423,252.5862732,251.1135864,14.67190933,71.30490112,Winter,0
12/30/2027,13.58391285,17.09682465,10.89990616,6.698351383,0.718810141,101.8549805,4.691572666,5.858896255,252.8138428,251.3811493,14.61814785,71.34138489,Winter,0
12/31/2027,13.54219627,17.05699539,10.85554695,6.68138504,0.722514451,101.8578873,4.689870358,5.857698441,253.0562439,251.6640778,14.56549454,71.37634277,Winter,0
1/1/2028,13.50121117,17.01776695,10.81197357,6.664393902,0.726310134,101.8600159,4.688552856,5.856952667,253.3114929,251.960022,14.51389217,71.409729,Winter,0
1/2/2028,13.46086502,16.97905922,10.76910114,6.64735651,0.730166376,101.8613586,4.687626839,5.85667038,253.5773315,252.2665253,14.46328926,71.44152832,Winter,0
1/3/2028,13.42109871,16.94081879,10.72685814,6.630256653,0.734050751,101.861908,4.687094212,5.856858253,253.8513641,252.5808105,14.41364479,71.47171021,Winter,0
1/4/2028,13.38185978,16.90300369,10.68518448,6.613092899,0.737929881,101.8616638,4.686952114,5.857515335,254.1309509,252.8999634,14.36493206,71.50027466,Winter,0
1/5/2028,13.34311104,16.86558914,10.64403439,6.595870972,0.741769254,101.8606415,4.687192917,5.858635902,254.4133148,253.2209015,14.31712914,71.52718353,Winter,0
1/6/2028,13.30483246,16.82857323,10.60337448,6.578603745,0.745534301,101.8588409,4.687805176,5.860208511,254.6956024,253.540451,14.27022934,71.55244446,Winter,0
1/7/2028,13.26701736,16.79197121,10.56318378,6.561316013,0.749189973,101.8562927,4.688773155,5.862217426,254.9748077,253.8553467,14.22422791,71.5760498,Winter,0
1/8/2028,13.22967339,16.75580597,10.52345276,6.544037819,0.752701521,101.8530045,4.690075397,5.864640713,255.2479553,254.1623077,14.17913818,71.59797668,Winter,0
1/9/2028,13.19282341,16.72013092,10.48418427,6.526809692,0.756034911,101.8490067,4.691689014,5.867453098,255.5120239,254.4580383,14.13497925,71.61824799,Winter,0
1/10/2028,13.15650177,16.68500328,10.44539738,6.509672642,0.759157121,101.8443298,4.693586349,5.870623589,255.7640839,254.7393341,14.0917778,71.63684845,Winter,0
1/11/2028,13.12076187,16.65050125,10.4071188,6.492681026,0.762036085,101.8390045,4.695738316,5.874120235,256.0011902,255.0029755,14.0495739,71.65378571,Winter,0
1/12/2028,13.08565712,16.61671448,10.36938381,6.475888252,0.764641702,101.8330688,4.698112011,5.877904415,256.220459,255.2459412,14.00840759,71.66905975,Winter,0
1/13/2028,13.05126762,16.58374596,10.33224297,6.459355831,0.766945422,101.8265762,4.700672626,5.88193512,256.4193115,255.465332,13.9683342,71.68267822,Winter,0
1/14/2028,13.01766777,16.55170822,10.29575348,6.443145275,0.768921554,101.8195572,4.703383446,5.886172295,256.5951538,255.6584473,13.92941093,71.69464111,Winter,0
1/15/2028,12.98495293,16.52072716,10.25998211,6.427325249,0.770546436,101.8120651,4.706207275,5.89056921,256.7456055,255.8226929,13.89170265,71.70496368,Winter,0
1/16/2028,12.95322227,16.49092865,10.2250042,6.411961555,0.771799386,101.8041458,4.709103584,5.89508009,256.8685608,255.9558563,13.85527802,71.71365356,Winter,0
1/17/2028,12.92257786,16.46245384,10.1908989,6.397122383,0.77266264,101.7958603,4.712033749,5.899657726,256.9620667,256.0559082,13.82020664,71.72070313,Winter,0
1/18/2028,12.89313126,16.43544579,10.15774918,6.38287735,0.773122013,101.7872543,4.71495676,5.904254436,257.0244446,256.1210632,13.7865696,71.72614288,Winter,0
1/19/2028,12.86499977,16.41004562,10.12565327,6.369294167,0.77316618,101.7783813,4.717833042,5.908820152,257.0543213,256.1498413,13.75444412,71.72996521,Winter,0
1/20/2028,12.8382988,16.38640785,10.09470272,6.356440544,0.772787869,101.7693024,4.720623493,5.91330862,257.0505676,256.1411438,13.72390938,71.73218536,Winter,0
1/21/2028,12.81315231,16.36467552,10.06499481,6.344377518,0.771982968,101.7600708,4.723288536,5.917672157,257.0122986,256.0940552,13.69504547,71.73281097,Winter,0
1/22/2028,12.78967285,16.34499741,10.03662872,6.333168507,0.770751357,101.7507477,4.725790977,5.921863079,256.9389038,256.0081177,13.66793442,71.7318573,Winter,0
1/23/2028,12.76798153,16.32751465,10.00970554,6.322869778,0.769096315,101.7413788,4.728095055,5.92583704,256.8302002,255.8831177,13.64265347,71.72932434,Winter,0
1/24/2028,12.74819374,16.31236458,9.984321594,6.313534737,0.767024934,101.7320251,4.730165005,5.929551125,256.6860962,255.7191467,13.61927891,71.72523499,Winter,0
1/25/2028,12.73042488,16.29968262,9.960577011,6.305211544,0.764548004,101.7227402,4.731968403,5.932963848,256.507019,255.5166626,13.59788609,71.71958923,Winter,0
1/26/2028,12.71477985,16.28959274,9.938567162,6.297945023,0.761679471,101.7135696,4.733475685,5.93603611,256.2934265,255.2763672,13.57854462,71.7124176,Winter,0
1/27/2028,12.70136261,16.28220749,9.918381691,6.291770935,0.758436799,101.7045593,4.734658241,5.938732624,256.0462036,254.9993744,13.5613203,71.70371246,Winter,0
1/28/2028,12.69026756,16.27763748,9.900109291,6.28672123,0.754840791,101.6957626,4.735490799,5.941018581,255.7664185,254.6869354,13.54627228,71.6934967,Winter,0
1/29/2028,12.6815815,16.27597618,9.883828163,6.282822132,0.750914872,101.6872253,4.735949993,5.942864895,255.4553986,254.3405914,13.53345966,71.68179321,Winter,0
1/30/2028,12.67538643,16.27730751,9.869620323,6.280092239,0.746685445,101.6789703,4.73601675,5.944243908,255.1146698,253.9622192,13.52292824,71.66862488,Winter,0
1/31/2028,12.67175293,16.28170204,9.857553482,6.278547287,0.742181242,101.671051,4.735672951,5.945132256,254.7460175,253.5537872,13.51472282,71.65397644,Winter,0
2/1/2028,12.67073917,16.289217,9.847688675,6.278188705,0.737433016,101.6634903,4.734905243,5.945510387,254.3512268,253.1175232,13.5088768,71.63790894,Winter,0
2/2/2028,12.67239761,16.29989815,9.840083122,6.279021263,0.732473433,101.6563187,4.733701229,5.945360184,253.9324036,252.655838,13.50541782,71.62042236,Winter,0
2/3/2028,12.67676926,16.31377029,9.834784508,6.281036377,0.727336824,101.6495514,4.732053757,5.944669724,253.4916687,252.1711731,13.50436974,71.60155487,Winter,0
2/4/2028,12.68387985,16.33085442,9.831831932,6.284222603,0.722058296,101.643219,4.72995615,5.943428993,253.0312805,251.6661377,13.50574589,71.58132935,Winter,0
2/5/2028,12.69375229,16.3511467,9.831254959,6.288561821,0.716673851,101.6373291,4.727406502,5.941630363,252.5535278,251.1433868,13.50954914,71.55976868,Winter,0
2/6/2028,12.70639038,16.3746357,9.833075523,6.294033051,0.711219847,101.6318893,4.724405289,5.939273357,252.0607147,250.6056671,13.5157795,71.53689575,Winter,0
2/7/2028,12.72179222,16.40129471,9.837306023,6.30060482,0.705732822,101.6269073,4.720954418,5.936357021,251.5551758,250.0556183,13.52442741,71.51277161,Winter,0
2/8/2028,12.73994064,16.43107796,9.843952179,6.308246613,0.70024848,101.6223755,4.717060089,5.93288517,251.0392456,249.4959564,13.53547859,71.4874115,Winter,0
2/9/2028,12.76081467,16.46393585,9.853013039,6.316921234,0.694802105,101.6183014,4.712729931,5.928864956,250.5151062,248.9292908,13.54890442,71.46087646,Winter,0
2/10/2028,12.7843771,16.49979782,9.864472389,6.326586723,0.689427793,101.6146698,4.707973003,5.924305439,249.9849854,248.3581238,13.56467819,71.43317413,Winter,0
2/11/2028,12.81058311,16.53858566,9.878312111,6.337202072,0.684157968,101.6114578,4.702802181,5.919218063,249.450882,247.7848663,13.58276081,71.40437317,Winter,0
2/12/2028,12.83937931,16.58020973,9.894501686,6.348718643,0.679023564,101.6086578,4.697230816,5.913618565,248.9146881,247.2117615,13.60311031,71.37451172,Winter,0
2/13/2028,12.8707037,16.62456894,9.913009644,6.361092567,0.674052954,101.6062469,4.69127512,5.907523632,248.3782043,246.6409302,13.62567997,71.34364319,Winter,0
2/14/2028,12.9044857,16.67155266,9.933791161,6.374269485,0.669272184,101.604187,4.684951305,5.900951385,247.8430176,246.0742188,13.65041542,71.31180573,Winter,0
2/15/2028,12.94065189,16.72104645,9.956800461,6.388204575,0.664704859,101.6024628,4.678277969,5.893923759,247.3105164,245.5132599,13.67725945,71.27906036,Winter,0
2/16/2028,12.97911453,16.77292061,9.981983185,6.402844429,0.660371482,101.6010284,4.671275139,5.886461735,246.7818146,244.9595795,13.70615196,71.24545288,Winter,0
2/17/2028,13.01978683,16.82704926,10.0092783,6.418142319,0.656289339,101.5998611,4.663962364,5.878590107,246.2579346,244.4142761,13.73702621,71.21104431,Winter,0
2/18/2028,13.06257534,16.88329887,10.03862286,6.434046745,0.652472436,101.5989075,4.656361103,5.870332241,245.7395782,243.8782806,13.76981831,71.17588806,Winter,0
2/19/2028,13.10738564,16.94152832,10.06995296,6.45051527,0.648931444,101.5981369,4.648492813,5.86171484,245.2272186,243.3522797,13.80445671,71.14002991,Winter,0
2/20/2028,13.15411949,17.00160217,10.10319614,6.467498779,0.645673394,101.597496,4.640378952,5.852763653,244.7211304,242.8366241,13.84087372,71.10354614,Winter,0
2/21/2028,13.20267105,17.06337738,10.13828087,6.484958172,0.642701864,101.5969543,4.632042408,5.843505383,244.2212372,242.3313904,13.87899876,71.06646729,Winter,0
2/22/2028,13.25294495,17.12671471,10.1751318,6.502853394,0.640016794,101.5964584,4.623504639,5.833966255,243.7273407,241.8363647,13.9187603,71.02887726,Winter,0
2/23/2028,13.30483437,17.19147682,10.21367264,6.521145821,0.637614429,101.5959549,4.614787102,5.824174404,243.2389069,241.3511353,13.96008968,70.99081421,Winter,0
2/24/2028,13.35824108,17.25752831,10.25383186,6.539807796,0.635487735,101.5954132,4.605912685,5.814156055,242.7552643,240.874939,14.00291729,70.95233154,Winter,0
2/25/2028,13.41306782,17.32473946,10.29552841,6.558807373,0.633626342,101.59478,4.59690237,5.803937435,242.2754669,240.4067841,14.04717636,70.9134903,Winter,0
2/26/2028,13.46921349,17.39297867,10.33869076,6.578123093,0.632016361,101.5940094,4.587776184,5.793545723,241.7983093,239.9454651,14.09280396,70.87434387,Winter,0
2/27/2028,13.52659035,17.4621315,10.38324833,6.597732544,0.630641341,101.5930634,4.578555107,5.783005238,241.322525,239.4895325,14.13973618,70.83493042,Winter,0
2/28/2028,13.58510303,17.53208351,10.42912674,6.617623329,0.629481316,101.5918961,4.569258213,5.772340775,240.8465881,239.0372925,14.18791389,70.7953186,Winter,0
2/29/2028,13.64467049,17.60272789,10.47626019,6.637781143,0.628514528,101.5904617,4.559905052,5.761578083,240.3688049,238.5869141,14.23728371,70.75552368,Winter,0
3/1/2028,13.70521259,17.67396355,10.52458096,6.658201694,0.627716362,101.5887299,4.550513268,5.750739098,239.8874207,238.1363831,14.28779316,70.71562195,Spring,1
3/2/2028,13.76665115,17.74570656,10.57402802,6.678881168,0.627060533,101.5866623,4.541100025,5.73984623,239.400528,237.6835785,14.33939362,70.67562866,Spring,1
3/3/2028,13.82892036,17.817873,10.62454224,6.69982338,0.626518905,101.5842285,4.531682491,5.72892189,238.9061279,237.2261963,14.39204311,70.63559723,Spring,1
3/4/2028,13.89195538,17.8903923,10.67606735,6.721031189,0.626062036,101.5814056,4.522275925,5.71798563,238.4021912,236.7619629,14.44570255,70.59555054,Spring,1
3/5/2028,13.95569801,17.96320343,10.7285614,6.742518902,0.625659823,101.5781555,4.512895584,5.707056999,237.886673,236.2884521,14.5003376,70.55552673,Spring,1
3/6/2028,14.02010155,18.03625488,10.78196716,6.764297009,0.625281096,101.5744629,4.503555775,5.696155071,237.3574982,235.8032379,14.55591774,70.51554871,Spring,1
3/7/2028,14.08511925,18.10950279,10.83625031,6.786380291,0.624894857,101.5703125,4.494270325,5.685296059,236.8126221,235.3039856,14.61241722,70.47563171,Spring,1
3/8/2028,14.15071487,18.18291855,10.89137173,6.808792114,0.624470294,101.5656891,4.485050678,5.674498081,236.2500458,234.788269,14.66981411,70.4358139,Spring,1
3/9/2028,14.216856,18.25647545,10.94730091,6.831551552,0.623976886,101.560585,4.475910187,5.663775444,235.6678162,234.2538605,14.72809315,70.39610291,Spring,1
3/10/2028,14.28351402,18.33016014,11.00400734,6.854683876,0.62338531,101.5549927,4.466860294,5.653143883,235.0641937,233.6984558,14.78723717,70.35649872,Spring,1
3/11/2028,14.35067558,18.4039669,11.06146812,6.878212929,0.622667372,101.548912,4.457911015,5.642615795,234.437439,233.1200867,14.84724236,70.31703186,Spring,1
3/12/2028,14.41832352,18.47789764,11.1196661,6.90216732,0.621796548,101.5423508,4.449073315,5.632205963,233.786026,232.5167847,14.90810013,70.27768707,Spring,1
3/13/2028,14.4864521,18.5519619,11.1785841,6.926572323,0.620748281,101.5353165,4.440357208,5.6219244,233.1085815,231.886795,14.96980667,70.23848724,Spring,1
3/14/2028,14.5550518,18.62617302,11.23821163,6.951457977,0.619500399,101.5278168,4.431771755,5.611784935,232.4039307,231.2285767,15.03236389,70.19941711,Spring,1
3/15/2028,14.62412834,18.70056152,11.29853821,6.976849556,0.618033051,101.5198746,4.423326015,5.60179615,231.6710815,230.5407867,15.0957756,70.16047668,Spring,1
3/16/2028,14.69368553,18.77514648,11.35956192,7.002773285,0.616329312,101.5115128,4.415028095,5.59196949,230.9093018,229.8223419,15.16004181,70.12167358,Spring,1
3/17/2028,14.7637291,18.84996414,11.42127895,7.029257774,0.614375234,101.5027542,4.406887531,5.582313538,230.1180267,229.0723267,15.2251749,70.08297729,Spring,1
3/18/2028,14.83427238,18.92505074,11.48369312,7.056324005,0.612160146,101.4936218,4.398910999,5.572836876,229.2969666,228.2902374,15.2911787,70.04439545,Spring,1
3/19/2028,14.90532875,19.00044441,11.54680252,7.083995819,0.6096766,101.4841537,4.391107082,5.563548565,228.446106,227.4756927,15.35806274,70.00590515,Spring,1
3/20/2028,14.97691154,19.07618332,11.61061478,7.11229229,0.6069206,101.4743805,4.383482456,5.554456234,227.5656433,226.6286621,15.42584038,69.96751404,Spring,1
3/21/2028,15.04904175,19.15231133,11.67513657,7.141232967,0.603891551,101.4643478,4.37604475,5.545565605,226.6560516,225.7493896,15.49451447,69.92917633,Spring,1
3/22/2028,15.1217308,19.22886848,11.74037457,7.170829773,0.600592613,101.4540939,4.36880064,5.536884785,225.7179718,224.8383484,15.56409836,69.89089966,Spring,1
3/23/2028,15.1950016,19.30589867,11.8063364,7.201097488,0.597030282,101.4436569,4.361755848,5.528419018,224.7523804,223.896347,15.63460064,69.85266876,Spring,1
3/24/2028,15.2688694,19.38344002,11.87303066,7.232042313,0.593214452,101.4330826,4.354916096,5.520172596,223.7604675,222.9244843,15.70602798,69.81446075,Spring,1
3/25/2028,15.34335136,19.46152687,11.94046879,7.263669968,0.589158356,101.4224167,4.348288059,5.512150764,222.7436218,221.9240417,15.77838898,69.77626038,Spring,1
3/26/2028,15.41846657,19.54020309,12.00865459,7.295982361,0.584878623,101.4117126,4.341875553,5.504357815,221.703476,220.8965759,15.85168648,69.73806,Spring,1
3/27/2028,15.49422455,19.6194973,12.07760143,7.328978539,0.580394506,101.4010162,4.335683823,5.496796131,220.6417847,219.8438568,15.92592621,69.69984436,Spring,1
3/28/2028,15.57064247,19.69943619,12.14731407,7.362652779,0.575728476,101.3903732,4.329715729,5.489468098,219.5605469,218.7679596,16.00111008,69.66160583,Spring,1
3/29/2028,15.64772987,19.78004456,12.21780109,7.396996498,0.570905149,101.3798294,4.323975563,5.482375622,218.4619141,217.6710358,16.07723618,69.62332153,Spring,1
3/30/2028,15.72549629,19.86134338,12.28906918,7.431999683,0.565951526,101.3694382,4.318464756,5.47551775,217.3481445,216.5554657,16.1543045,69.58499146,Spring,1
3/31/2028,15.80394936,19.94334602,12.36112022,7.467644691,0.560896575,101.3592453,4.313184738,5.468894958,216.2216339,215.4237671,16.23231125,69.54660034,Spring,1
4/1/2028,15.88309288,20.02606583,12.43396187,7.503918171,0.555770874,101.3492966,4.308135986,5.462504864,215.0848236,214.278595,16.31124878,69.50814819,Spring,1
4/2/2028,15.96293068,20.1095047,12.50759411,7.540796757,0.550605953,101.3396301,4.303317547,5.456344604,213.9402771,213.1226959,16.39110947,69.46962738,Spring,1
4/3/2028,16.04346085,20.19366455,12.58202171,7.578260899,0.545434535,101.3302994,4.298727989,5.450409412,212.7905273,211.9588165,16.47188187,69.43103027,Spring,1
4/4/2028,16.12467957,20.27853775,12.65724277,7.616284847,0.540289402,101.3213348,4.294363976,5.444693565,211.6381836,210.7898865,16.55355835,69.39237976,Spring,1
4/5/2028,16.20658875,20.36411858,12.73325729,7.654844284,0.535203755,101.3127899,4.290220261,5.439189911,210.4858093,209.6186981,16.63612366,69.3536377,Spring,1
4/6/2028,16.28917313,20.45038795,12.81006527,7.69391346,0.530210197,101.3046799,4.286292076,5.433888912,209.3358612,208.4480591,16.71956253,69.31483459,Spring,1
4/7/2028,16.3724308,20.53733253,12.88766384,7.733463764,0.525340497,101.2970428,4.282570839,5.428781033,208.1908264,207.2808075,16.80385971,69.2759552,Spring,1
4/8/2028,16.45635033,20.62492561,12.9660511,7.773468018,0.520625293,101.289917,4.279048443,5.423854351,207.0530548,206.1196289,16.88899994,69.2370224,Spring,1
4/9/2028,16.54092026,20.7131443,13.04522133,7.813899994,0.516093671,101.2833252,4.275713444,5.419094086,205.9247894,204.9670868,16.97496414,69.19802094,Spring,1
4/10/2028,16.62613297,20.80195618,13.12517452,7.854732037,0.511772752,101.2772827,4.272553921,5.414484024,204.808136,203.8256836,17.06173706,69.15896606,Spring,1
4/11/2028,16.71197319,20.89134026,13.20590782,7.895939827,0.507687271,101.2718124,4.269555092,5.410007954,203.7049713,202.6977386,17.14930534,69.11984253,Spring,1
4/12/2028,16.79842949,20.98125648,13.2874155,7.937499046,0.503859162,101.2669296,4.266701698,5.405646801,202.6171112,201.5853882,17.23764801,69.08068848,Spring,1
4/13/2028,16.88549232,21.07167625,13.36970043,7.97938776,0.50030756,101.2626495,4.26397562,5.401378155,201.5460815,200.4905701,17.32675171,69.04147339,Spring,1
4/14/2028,16.97315216,21.16256714,13.45275688,8.021587372,0.497048169,101.2589722,4.261358738,5.397180557,200.4932556,199.4150391,17.41660309,69.0022049,Spring,1
4/15/2028,17.06140137,21.25389671,13.53658867,8.064079285,0.494093329,101.2559052,4.25882864,5.393028736,199.4598083,198.3603058,17.50719261,68.96289063,Spring,1
4/16/2028,17.1502285,21.34563446,13.62119389,8.106853485,0.491451383,101.2534485,4.256364346,5.388897896,198.4465942,197.3276062,17.59850693,68.92350769,Spring,1
4/17/2028,17.23963547,21.43774986,13.70658016,8.149894714,0.489126861,101.2516022,4.253940582,5.384759903,197.4543152,196.3179626,17.69054413,68.88406372,Spring,1
4/18/2028,17.32961655,21.53022385,13.7927494,8.193202019,0.487120211,101.250351,4.251533031,5.380585194,196.4833832,195.3321686,17.78329659,68.84454346,Spring,1
4/19/2028,17.42017365,21.62302971,13.87971115,8.236768723,0.485427767,101.2496872,4.249114513,5.376344681,195.5340576,194.370697,17.87676239,68.80492401,Spring,1
4/20/2028,17.51131248,21.71615601,13.96747398,8.280597687,0.484041572,101.2495956,4.246657848,5.372007847,194.6062622,193.4337921,17.97094917,68.7651825,Spring,1
4/21/2028,17.6030407,21.80958176,14.05604935,8.324695587,0.482949466,101.250061,4.244133949,5.367540836,193.6997375,192.5214691,18.06585693,68.72529602,Spring,1
4/22/2028,17.69537163,21.90330696,14.14545631,8.369070053,0.482135147,101.2510681,4.241513252,5.362912655,192.8140106,191.6334381,18.16150093,68.68522644,Spring,1
4/23/2028,17.78832054,21.9973278,14.23570824,8.413736343,0.481578141,101.2525787,4.23876667,5.358089447,191.9483948,190.7691956,18.25789261,68.64492798,Spring,1
4/24/2028,17.88190842,22.09165001,14.32682896,8.458712578,0.48125425,101.2545853,4.235862732,5.353038311,191.102005,189.9280243,18.35504913,68.60436249,Spring,1
4/25/2028,17.97616196,22.18628502,14.4188385,8.504020691,0.481135339,101.2570572,4.23277235,5.347725868,190.2737732,189.1089325,18.4529953,68.5634613,Spring,1
4/26/2028,18.07110977,22.28125381,14.51176739,8.549686432,0.481189698,101.2599564,4.229464054,5.342119694,189.4624786,188.3108063,18.551754,68.52217102,Spring,1
4/27/2028,18.1667881,22.37657928,14.6056385,8.595740318,0.481382519,101.2632599,4.225908756,5.336185932,188.6667633,187.5323486,18.65135574,68.48040771,Spring,1
4/28/2028,18.26323128,22.47229576,14.70048809,8.642213821,0.481675804,101.2669296,4.22207737,5.329895496,187.8851166,186.7720032,18.75183868,68.43809509,Spring,1
4/29/2028,18.36048508,22.5684433,14.79634857,8.689144135,0.48202914,101.2709351,4.217941284,5.323217392,187.1159821,186.0281982,18.85323715,68.3951416,Spring,1
4/30/2028,18.45859528,22.66506958,14.89325142,8.736568451,0.482399732,101.275238,4.213473797,5.316121578,186.3577423,185.2991791,18.95559311,68.35145569,Spring,1
5/1/2028,18.55761147,22.76222801,14.99123955,8.784528732,0.482742935,101.279808,4.208649635,5.308584213,185.6086273,184.5831451,19.05895042,68.30691528,Spring,1
5/2/2028,18.65758705,22.85997772,15.09034729,8.833065987,0.483012766,101.2846146,4.203444958,5.300578594,184.8669739,183.8782501,19.16335678,68.26141357,Spring,1
5/3/2028,18.75857544,22.95838737,15.19061565,8.882224083,0.483162194,101.2896118,4.197838306,5.292082787,184.131073,183.1826019,19.26885986,68.21481323,Spring,1
5/4/2028,18.86063766,23.05752945,15.29208469,8.93204689,0.483143508,101.2947693,4.191810608,5.283077717,183.3992462,182.494278,19.37551308,68.16700745,Spring,1
5/5/2028,18.96383286,23.15747643,15.39479637,8.98257637,0.482909262,101.3000565,4.185344219,5.273546696,182.6699524,181.8114471,19.48336792,68.11782074,Spring,1
5/6/2028,19.06821823,23.25831223,15.49878883,9.033857346,0.482412159,101.3054276,4.178427219,5.263475895,181.9415588,181.1322937,19.59247589,68.06712341,Spring,1
5/7/2028,19.17386055,23.36012268,15.60410023,9.085931778,0.481605977,101.3108673,4.171047211,5.252857208,181.2127533,180.4550934,19.7028923,68.01475525,Spring,1
5/8/2028,19.28081512,23.46299171,15.71076965,9.138837814,0.480445832,101.3163376,4.163197994,5.241683006,180.4822083,179.7782593,19.81467056,67.96055603,Spring,1
5/9/2028,19.38914299,23.56700897,15.81883335,9.192613602,0.478888541,101.3218002,4.154874325,5.229951859,179.7488403,179.1003113,19.92786026,67.90435791,Spring,1
5/10/2028,19.49890518,23.67226791,15.92832375,9.247294426,0.476893455,101.32724,4.146077156,5.217665672,179.0117493,178.4199219,20.04251099,67.84597778,Spring,1
5/11/2028,19.6101532,23.77885437,16.03926849,9.302909851,0.474422455,101.3326187,4.136808872,5.204830647,178.2701263,177.7359924,20.15867615,67.7852478,Spring,1
5/12/2028,19.72294235,23.88685417,16.15169716,9.359485626,0.471440732,101.3379135,4.127076149,5.191456795,177.5234375,177.0475769,20.27639389,67.72199249,Spring,1
5/13/2028,19.83731651,23.99635506,16.26562691,9.417043686,0.467916965,101.3431091,4.116890907,5.177559376,176.7714386,176.3539429,20.39570618,67.65602112,Spring,1
5/14/2028,19.95331955,24.10744286,16.38107872,9.475599289,0.463823587,101.348175,4.106267452,5.163156986,176.0139923,175.6546021,20.51665115,67.5871582,Spring,1
5/15/2028,20.07098961,24.22018814,16.49806404,9.535164833,0.45913738,101.3531036,4.095224857,5.148274899,175.251297,174.9493561,20.63925934,67.51522064,Spring,1
5/16/2028,20.19035721,24.33466911,16.61658669,9.595741272,0.453839451,101.357872,4.083786488,5.132939339,174.4837646,174.2381592,20.76355743,67.44003296,Spring,1
5/17/2028,20.31144714,24.45094681,16.73664665,9.657329559,0.447915852,101.3624573,4.071978092,5.117183208,173.7120361,173.5212708,20.88956451,67.36141968,Spring,1
5/18/2028,20.43427086,24.56908035,16.85823441,9.719916344,0.441357106,101.3668671,4.059831142,5.101042747,172.937027,172.7992096,21.0172863,67.27921295,Spring,1
5/19/2028,20.55884171,24.68911934,16.98133659,9.783488274,0.434159249,101.3710709,4.047378063,5.084559441,172.1598511,172.0727692,21.14673615,67.1932373,Spring,1
5/20/2028,20.68515587,24.81110573,17.10593033,9.848018646,0.426323146,101.3750687,4.034656525,5.067775726,171.3819427,171.342926,21.27790451,67.10334778,Spring,1
5/21/2028,20.8132,24.93506813,17.231987,9.913478851,0.417854905,101.3788605,4.021708012,5.050740719,170.6048126,170.6109314,21.41078568,67.00939941,Spring,1
5/22/2028,20.94296074,25.06102371,17.35946465,9.979829788,0.408765882,101.382431,4.008575439,5.033504486,169.8302765,169.8782959,21.54535484,66.91125488,Spring,1
5/23/2028,21.07439995,25.1889801,17.48831749,10.04702473,0.399072289,101.3857803,3.995304585,5.016120911,169.0603485,169.1467133,21.6815834,66.80877686,Spring,1
5/24/2028,21.20748138,25.31893158,17.61849403,10.11501122,0.388795584,101.388916,3.981943607,4.99864769,168.2971649,168.4180603,21.81943893,66.70185852,Spring,1
5/25/2028,21.34215546,25.45086098,17.74992561,10.18372917,0.377961904,101.3918304,3.968544006,4.981141567,167.5429993,167.6944427,21.95886612,66.59040833,Spring,1
5/26/2028,21.47835541,25.58473969,17.88254547,10.25311089,0.366602182,101.3945236,3.955157518,4.963664532,166.8002777,166.9780579,22.09981155,66.47433472,Spring,1
5/27/2028,21.61601257,25.72052002,18.01626968,10.32308578,0.354751498,101.3970108,3.941837311,4.946277142,166.0715179,166.2712708,22.2422123,66.35359192,Spring,1
5/28/2028,21.75504303,25.85814667,18.15101433,10.39357376,0.342449069,101.3992844,3.928637505,4.929042339,165.3592987,165.5765533,22.38598824,66.2281189,Spring,1
5/29/2028,21.89535522,25.99754715,18.28667831,10.46448898,0.329738051,101.4013596,3.915612936,4.912023067,164.6662598,164.8964539,22.53105927,66.09789276,Spring,1
5/30/2028,22.03684807,26.13863754,18.42316437,10.53574562,0.316664636,101.4032364,3.902817726,4.895282269,163.9949646,164.2335052,22.67733002,65.96290588,Spring,1
5/31/2028,22.17940521,26.28132248,18.56036186,10.60724735,0.303278267,101.4049225,3.89030695,4.878882408,163.3480377,163.590332,22.8246994,65.82316589,Spring,1
6/1/2028,22.32291031,26.42549324,18.69815445,10.67889977,0.289630622,101.4064255,3.878133535,4.862884045,162.7280426,162.9694977,22.9730587,65.67871857,Summer,2
6/2/2028,22.46723366,26.57102203,18.83642006,10.75060272,0.275775671,101.4077606,3.86634922,4.847346783,162.1373901,162.3735504,23.12229156,65.52961731,Summer,2
6/3/2028,22.61223412,26.71777916,18.97502899,10.82225513,0.261768818,101.4089355,3.855004549,4.832326889,161.5784607,161.8048859,23.27227402,65.37594604,Summer,2
6/4/2028,22.75777245,26.86562347,19.11385727,10.89375305,0.247666627,101.4099426,3.844146967,4.817881107,161.0533447,161.2658234,23.42287445,65.21780396,Summer,2
6/5/2028,22.90369797,27.01439476,19.25275993,10.96499443,0.233526096,101.4108124,3.833821774,4.804059505,160.5641327,160.7585754,23.57395935,65.05532837,Summer,2
6/6/2028,23.04985428,27.1639328,19.39160728,11.03587532,0.21940434,101.4115372,3.824071407,4.790910244,160.1125641,160.285141,23.72538567,64.88865662,Summer,2
6/7/2028,23.19608307,27.31406593,19.53025055,11.10629654,0.205358073,101.4121323,3.814934731,4.778477669,159.7002106,159.8472443,23.87701035,64.71796417,Summer,2
6/8/2028,23.3422184,27.46461678,19.66855431,11.176157,0.191442966,101.4125977,3.806445837,4.76680088,159.3283997,159.4465485,24.02868271,64.54345703,Summer,2
6/9/2028,23.48810005,27.61539459,19.8063736,11.24536228,0.177713364,101.4129562,3.798636198,4.755914211,158.9980927,159.0843048,24.18025208,64.36534882,Summer,2
6/10/2028,23.63355637,27.76621819,19.94356346,11.31381798,0.164221451,101.4132004,3.791531801,4.745848179,158.7100372,158.7615204,24.33156586,64.18387604,Summer,2
6/11/2028,23.7784214,27.91688728,20.07998848,11.3814373,0.1510171,101.4133377,3.785154104,4.736625671,158.4646454,158.4789429,24.48247337,63.99930573,Summer,2
6/12/2028,23.92252731,28.06721115,20.21550369,11.44813919,0.138147458,101.4133759,3.779520273,4.728264809,158.2619629,158.2370148,24.63281822,63.8119278,Summer,2
6/13/2028,24.06571388,28.21699333,20.34997368,11.51384354,0.12565653,101.4133148,3.77464056,4.720779419,158.1017609,158.0357513,24.782444,63.62203979,Summer,2
6/14/2028,24.20781517,28.36603737,20.48326874,11.57848358,0.113584533,101.4131699,3.770521641,4.714173794,157.9833679,157.8749695,24.93120956,63.42995834,Summer,2
6/15/2028,24.34867287,28.5141468,20.61525917,11.64199638,0.101967894,101.4129333,3.76716423,4.708448887,157.9058838,157.7540588,25.0789566,63.23602295,Summer,2
6/16/2028,24.48813438,28.66113281,20.745821,11.70432663,0.090838976,101.4126129,3.76456356,4.703598499,157.867981,157.6720734,25.22554398,63.04059601,Summer,2
6/17/2028,24.62605095,28.80680847,20.87483597,11.76542854,0.080225371,101.4122086,3.762708902,4.69960928,157.8680115,157.6277161,25.37082863,62.84403992,Summer,2
6/18/2028,24.76228142,28.95098686,21.00219727,11.82526588,0.070150591,101.4117203,3.761585236,4.696463108,157.9039917,157.6193848,25.51467705,62.64673233,Summer,2
6/19/2028,24.89669037,29.09349823,21.1278019,11.88380623,0.060633056,101.4111481,3.761171103,4.694134712,157.9736328,157.6451416,25.65695572,62.44907379,Summer,2
6/20/2028,25.02915382,29.23417091,21.25154877,11.94103527,0.051686604,101.4104919,3.761440754,4.692592144,158.0743561,157.7026978,25.7975502,62.25145721,Summer,2
6/21/2028,25.15955162,29.37284279,21.37335396,11.99693966,0.043320153,101.4097519,3.762362242,4.691799641,158.2032623,157.789505,25.93632507,62.05430603,Summer,2
6/22/2028,25.28777313,29.50936508,21.49313927,12.05151844,0.035537764,101.4089279,3.763900042,4.691714764,158.3572235,157.9027252,26.07318497,61.85801697,Summer,2
6/23/2028,25.4137249,29.64359665,21.61083794,12.10478306,0.028338926,101.4080124,3.766013861,4.692289829,158.5328674,158.0392609,26.20801926,61.6630249,Summer,2
6/24/2028,25.53731346,29.77540588,21.72637939,12.15674877,0.021718508,101.4070129,3.768658638,4.693473339,158.726593,158.1957703,26.34073639,61.46974182,Summer,2
6/25/2028,25.65846062,29.90467453,21.83972359,12.20744228,0.01566677,101.4059219,3.771785975,4.695207119,158.9346771,158.3687744,26.47124863,61.27859116,Summer,2
6/26/2028,25.77709961,30.03129387,21.95081902,12.25690079,0.010170144,101.404747,3.775344133,4.697432518,159.153244,158.5545502,26.59947586,61.08999634,Summer,2
6/27/2028,25.8931694,30.15516853,22.05963707,12.30516529,0.005211121,101.4034653,3.779278278,4.700084209,159.3782959,158.7492676,26.72534943,60.90436935,Summer,2
6/28/2028,26.00662422,30.27621269,22.16615295,12.35228729,0.000768363,101.4020996,3.783531427,4.703095913,159.6058197,158.9490662,26.8488121,60.72211456,Summer,2
6/29/2028,26.11742783,30.39435768,22.27035141,12.39832592,-0.003182425,101.4006271,3.788043976,4.706399441,159.8316803,159.1499481,26.96979904,60.54364014,Summer,2
6/30/2028,26.22554779,30.50954056,22.37222481,12.44334221,-0.006668337,101.3990631,3.792755127,4.709922791,160.0519104,159.3479156,27.08827591,60.36933899,Summer,2
7/1/2028,26.33097267,30.62171364,22.47177315,12.48740768,-0.009718718,101.3973923,3.79760313,4.71359396,160.2624817,159.5390778,27.20420074,60.19959641,Summer,2
7/2/2028,26.43368721,30.73084259,22.56900787,12.53059673,-0.012365119,101.3956299,3.802525759,4.717342377,160.4595337,159.7194977,27.31754684,60.03477478,Summer,2
7/3/2028,26.53369331,30.83690262,22.66393852,12.57298756,-0.014640076,101.3937683,3.807461262,4.721094131,160.6392975,159.8854065,27.42828751,59.87522888,Summer,2
7/4/2028,26.63100052,30.93987465,22.75659752,12.61465931,-0.01657751,101.3918076,3.812348127,4.724778652,160.7982178,160.0331573,27.53640747,59.72130585,Summer,2
7/5/2028,26.72561836,31.03975296,22.84700203,12.65569687,-0.018211061,101.3897476,3.817126751,4.728326321,160.9329834,160.1593628,27.64189529,59.57331848,Summer,2
7/6/2028,26.81756973,31.13654137,22.9351902,12.6961832,-0.019574765,101.3875961,3.821738005,4.731669426,161.0404968,160.260788,27.74474716,59.43157959,Summer,2
7/7/2028,26.90688133,31.23025703,23.02119446,12.73620224,-0.020701792,101.3853607,3.826127291,4.734742641,161.1179962,160.3344727,27.84496689,59.29637146,Summer,2
7/8/2028,26.99357986,31.32091141,23.10505676,12.77583694,-0.021624167,101.3830338,3.830240011,4.737484932,161.1629944,160.3777466,27.94255066,59.16795349,Summer,2
7/9/2028,27.07770538,31.40853119,23.18682098,12.81516743,-0.022372101,101.3806305,3.834027529,4.739838123,161.1734009,160.3883362,28.03750992,59.04657745,Summer,2
7/10/2028,27.15929031,31.49314499,23.26652336,12.85427094,-0.022973793,101.3781509,3.83744359,4.74174881,161.1475067,160.3642883,28.12985611,58.93245697,Summer,2
7/11/2028,27.23837471,31.57478714,23.34421539,12.89322186,-0.023454404,101.3756104,3.840446472,4.743169308,161.0840149,160.3040009,28.21959686,58.82580566,Summer,2
7/12/2028,27.3149929,31.65349197,23.41993523,12.9320879,-0.023836534,101.3730011,3.842998981,4.744056702,160.9820557,160.2063446,28.30674362,58.72678375,Summer,2
7/13/2028,27.38918877,31.72929955,23.49372673,12.97093201,-0.02413884,101.3703537,3.84506917,4.744373322,160.841156,160.0706024,28.39131165,58.6355629,Summer,2
7/14/2028,27.46099472,31.80224419,23.56562614,13.00980949,-0.024376385,101.3676605,3.846630335,4.744088173,160.6613617,159.8964081,28.47331238,58.55225754,Summer,2
7/15/2028,27.5304451,31.87236977,23.63567352,13.048769,-0.024559779,101.3649368,3.84766078,4.743177414,160.4431458,159.6840363,28.55274963,58.47698975,Summer,2
7/16/2028,27.59757042,31.93970299,23.7039032,13.08784771,-0.024695531,101.3621902,3.848145723,4.741623402,160.1874695,159.4340668,28.62963867,58.40983582,Summer,2
7/17/2028,27.66239548,32.00428009,23.77033424,13.12707901,-0.0247849,101.3594437,3.848074675,4.739415646,159.8957672,159.1475677,28.70397949,58.3508606,Summer,2
7/18/2028,27.72494125,32.06612778,23.83499527,13.16648197,-0.024824655,101.3566971,3.847444534,4.736549377,159.56987,158.8261261,28.77577591,58.30011368,Summer,2
7/19/2028,27.78522491,32.12527084,23.89789963,13.20606899,-0.024806356,101.3539734,3.84625721,4.733029366,159.2121124,158.471756,28.84502029,58.25760651,Summer,2
7/20/2028,27.84325027,32.18172073,23.95905876,13.24583817,-0.02471667,101.3512726,3.844521761,4.728865623,158.8252258,158.086853,28.91170502,58.22334671,Summer,2
7/21/2028,27.89902115,32.23549652,24.01847076,13.28578281,-0.024536943,101.3486252,3.842252254,4.724075794,158.412384,157.6742859,28.97582245,58.19730377,Summer,2
7/22/2028,27.95252991,32.28659058,24.07612991,13.32587719,-0.024243709,101.3460312,3.839469194,4.718684673,157.9771576,157.2373199,29.03734589,58.17944717,Summer,2
7/23/2028,28.00375748,32.3350029,24.13202286,13.36609173,-0.023808336,101.3435059,3.83619833,4.712723732,157.5234222,156.7796173,29.09625626,58.16971207,Summer,2
7/24/2028,28.05268478,32.38071442,24.18612862,13.40638161,-0.023197731,101.3410721,3.832470894,4.706230164,157.0553894,156.3051453,29.15251923,58.16802979,Summer,2
7/25/2028,28.09927559,32.42370987,24.23841476,13.44669533,-0.02237419,101.3387299,3.828323603,4.699248314,156.5775909,155.8181763,29.20609665,58.17430878,Summer,2
7/26/2028,28.14349174,32.4639473,24.28883934,13.48696423,-0.021295596,101.3365021,3.82379818,4.691827774,156.0948486,155.3233185,29.25695038,58.18844604,Summer,2
7/27/2028,28.18527985,32.50139236,24.33735847,13.52711678,-0.019916233,101.334404,3.818939686,4.684023857,155.6121063,154.8253784,29.30501938,58.21031952,Summer,2
7/28/2028,28.22458267,32.53599167,24.38391304,13.56706524,-0.018186923,101.3324356,3.813797951,4.675895691,155.1345062,154.3293304,29.35025024,58.2397995,Summer,2
7/29/2028,28.26133156,32.56768036,24.42844009,13.60671711,-0.016055053,101.3306198,3.808426619,4.667507172,154.6673126,153.8403625,29.39258575,58.27675629,Summer,2
7/30/2028,28.29545975,32.5963974,24.47086525,13.6459713,-0.013466116,101.3289642,3.802881718,4.658926964,154.2158508,153.3637238,29.43195343,58.3210144,Summer,2
7/31/2028,28.32687569,32.6220665,24.51111412,13.68471527,-0.010362925,101.3274765,3.797222137,4.650225163,153.7855225,152.9046936,29.46827698,58.37243271,Summer,2
8/1/2028,28.35549736,32.6445961,24.54909515,13.72283268,-0.006687347,101.3261642,3.791509151,4.641474724,153.3816376,152.4685974,29.50148392,58.43083954,Summer,2
8/2/2028,28.3812294,32.66389465,24.58472443,13.7602005,-0.002380183,101.3250427,3.785803318,4.632751942,153.0094147,152.0607147,29.53148651,58.49606323,Summer,2
8/3/2028,28.40397263,32.67987061,24.61789894,13.79668999,0.002617886,101.3241119,3.780168295,4.624131203,152.6739807,151.6862183,29.55820084,58.56791687,Summer,2
8/4/2028,28.42362213,32.69241333,24.64851952,13.83216858,0.008365898,101.3233871,3.774667263,4.615689754,152.3802948,151.3500671,29.58153915,58.64622498,Summer,2
8/5/2028,28.44007301,32.70142746,24.67648506,13.86650276,0.014921794,101.3228607,3.769361973,4.607503414,152.1330414,151.0571747,29.60140991,58.73080826,Summer,2
8/6/2028,28.45321846,32.70679092,24.70168114,13.8995533,0.022341693,101.3225555,3.764314651,4.599647522,151.9366913,150.812088,29.61772156,58.82147217,Summer,2
8/7/2028,28.46294975,32.70840073,24.72400856,13.93118382,0.030679313,101.3224564,3.759584427,4.59219408,151.7953339,150.6191101,29.63037872,58.91802216,Summer,2
8/8/2028,28.46915817,32.70614624,24.74335289,13.96125793,0.039985452,101.3225708,3.755228996,4.585214615,151.712738,150.4821777,29.63929367,59.02028656,Summer,2
8/9/2028,28.47173691,32.69991302,24.75960922,13.98963928,0.050307401,101.3229065,3.751302958,4.578776836,151.6922607,150.4049377,29.64437866,59.12806702,Summer,2
8/10/2028,28.47058296,32.68959808,24.77267075,14.0161953,0.061687909,101.3234558,3.747857332,4.572942734,151.7368317,150.390564,29.64554596,59.24118042,Summer,2
8/11/2028,28.46559525,32.67509079,24.78243446,14.04079723,0.074164957,101.3242188,3.744939804,4.567773819,151.848938,150.4417877,29.64271545,59.35943222,Summer,2
8/12/2028,28.45668411,32.65629578,24.78880119,14.06332111,0.087771162,101.3251877,3.742593527,4.563323021,152.0304871,150.5609131,29.63580704,59.48265457,Summer,2
8/13/2028,28.44375801,32.63312531,24.79168129,14.0836525,0.102533028,101.3263702,3.740856409,4.559638977,152.2829895,150.7496948,29.62474823,59.61065674,Summer,2
8/14/2028,28.42674255,32.60549545,24.79098701,14.1016798,0.118470944,101.3277512,3.739761829,4.556764603,152.6073303,151.0094147,29.60948181,59.74325943,Summer,2
8/15/2028,28.40556335,32.57332993,24.78663063,14.11730099,0.135598168,101.3293304,3.739337683,4.554737568,153.0039368,151.3408051,29.58993912,59.88028717,Summer,2
8/16/2028,28.38016319,32.5365715,24.77854729,14.13042545,0.153920963,101.3311081,3.739605427,4.553585529,153.4726257,151.7440796,29.56608582,60.02157593,Summer,2
8/17/2028,28.35049629,32.49516296,24.76667976,14.14096737,0.173438028,101.3330612,3.740581036,4.553332329,154.0126343,152.218811,29.53787994,60.16694641,Summer,2
8/18/2028,28.3165226,32.44907761,24.75096893,14.14885807,0.194140211,101.3351974,3.742273808,4.553993225,154.6226807,152.7641602,29.50528717,60.31623077,Summer,2
8/19/2028,28.27822495,32.39828491,24.73137856,14.15403652,0.216010436,101.3374939,3.74468708,4.555575371,155.3009491,153.3786469,29.46829987,60.46926117,Summer,2
8/20/2028,28.23559189,32.34278107,24.70787621,14.15645218,0.239023775,101.3399582,3.747817993,4.55807972,156.0450897,154.0602875,29.4269104,60.62588501,Summer,2
8/21/2028,28.18862724,32.28258133,24.68044853,14.15607166,0.263146847,101.3425674,3.751656771,4.561498642,156.8522491,154.8065643,29.38113022,60.785923,Summer,2
8/22/2028,28.1373558,32.21770477,24.64908791,14.15286732,0.288338363,101.3453217,3.756187677,4.565817833,157.7190247,155.614502,29.33097458,60.94922638,Summer,2
8/23/2028,28.08181572,32.14820099,24.61380959,14.14683247,0.314548969,101.3482056,3.761389256,4.571015358,158.6416016,156.4806213,29.27648163,61.1156311,Summer,2
8/24/2028,28.02205658,32.07413101,24.57463074,14.13796425,0.341721445,101.3512192,3.767233372,4.577061176,159.6157227,157.4009552,29.21770096,61.28498077,Summer,2
8/25/2028,27.95815086,31.99557495,24.53159332,14.12627983,0.369791061,101.3543396,3.773685932,4.583919525,160.636734,158.3712006,29.15468597,61.45710373,Summer,2
8/26/2028,27.89017868,31.9126339,24.48474312,14.11180496,0.398685545,101.3575592,3.780708075,4.591547966,161.6996613,159.386673,29.08751678,61.63184357,Summer,2
8/27/2028,27.81824303,31.8254261,24.43414879,14.0945816,0.428325921,101.360878,3.788256168,4.599896908,162.7991333,160.4423218,29.01628113,61.80904388,Summer,2
8/28/2028,27.74246025,31.73409081,24.37988663,14.07465839,0.458626539,101.3642883,3.796280861,4.608912468,163.9296417,161.5328064,28.941082,61.98852539,Summer,2
8/29/2028,27.66295815,31.63876915,24.32204247,14.05209827,0.489495844,101.3677673,3.8047297,4.618534088,165.0853729,162.6526031,28.86203003,62.17012787,Summer,2
8/30/2028,27.57988167,31.53964233,24.26072502,14.02697659,0.520836651,101.3713226,3.813545942,4.628697872,166.2603912,163.7960052,28.77925491,62.35367584,Summer,2
8/31/2028,27.49339294,31.43688583,24.19604492,13.99937725,0.552546918,101.374939,3.822669983,4.639335632,167.4486694,164.9570618,28.69289398,62.53899384,Summer,2
9/1/2028,27.40365791,31.33070374,24.12812996,13.96939182,0.584520459,101.3786087,3.832039356,4.650374413,168.6440735,166.1298828,28.60309601,62.72589493,Autumn,3
9/2/2028,27.31086349,31.22131348,24.05711937,13.93712044,0.616647482,101.3823318,3.841590405,4.66174078,169.8405304,167.3085022,28.51002502,62.91420364,Autumn,3
9/3/2028,27.21520042,31.10893631,23.98315239,13.90267563,0.648815274,101.3860931,3.851256609,4.673358917,171.0320282,168.4869232,28.41384125,63.10372543,Autumn,3
9/4/2028,27.11686897,30.99381447,23.90639114,13.86616707,0.680909097,101.3899002,3.860972404,4.685149193,172.2126465,169.6593628,28.31472778,63.29426575,Autumn,3
9/5/2028,27.01607704,30.87619019,23.82699203,13.82772255,0.712813079,101.3937378,3.870671511,4.697035789,173.3766937,170.8200836,28.21286774,63.48561859,Autumn,3
9/6/2028,26.91304398,30.75631905,23.74512482,13.78745937,0.744410515,101.3975983,3.880288124,4.708939552,174.5186157,171.9635773,28.10845184,63.67757797,Autumn,3
9/7/2028,26.8079834,30.63446236,23.66095734,13.74550819,0.775585234,101.4014969,3.889757872,4.720784664,175.6332092,173.084549,28.00167847,63.86993408,Autumn,3
9/8/2028,26.7011261,30.51088524,23.5746727,13.7019968,0.806222141,101.4054108,3.899018764,4.732495785,176.7155457,174.1781006,27.89273834,64.06246185,Autumn,3
9/9/2028,26.59269142,30.38585663,23.48644257,13.65705681,0.836207807,101.4093552,3.908010006,4.744001865,177.7611389,175.239563,27.78184128,64.25493622,Autumn,3
9/10/2028,26.48290062,30.25964355,23.39644814,13.61081505,0.865431666,101.4133148,3.916676521,4.755232334,178.7658691,176.2647247,27.66918564,64.44712067,Autumn,3
9/11/2028,26.37198067,30.1325016,23.30486679,13.56339836,0.89378649,101.4172974,3.924963951,4.766124249,179.7260742,177.2497559,27.55496979,64.63879395,Autumn,3
9/12/2028,26.26014519,30.00470543,23.21187592,13.51493073,0.921169639,101.4212952,3.932824135,4.776616573,180.6385803,178.1913605,27.43939972,64.82970428,Autumn,3
9/13/2028,26.1476059,29.87650299,23.11764336,13.46553135,0.947482824,101.4253082,3.940212965,4.786653519,181.5007629,179.0866852,27.32266998,65.01959991,Autumn,3
9/14/2028,26.03457069,29.74814224,23.02233696,13.41531277,0.972633302,101.4293442,3.947092772,4.796188354,182.3105164,179.9333801,27.20496368,65.20823669,Autumn,3
9/15/2028,25.92123222,29.6198597,22.92611885,13.3643837,0.996535182,101.4333878,3.953429699,4.805176735,183.0663147,180.7297363,27.08647156,65.39537048,Autumn,3
9/16/2028,25.80777359,29.49188232,22.82913971,13.31284428,1.019108534,101.4374542,3.959197521,4.813582897,183.7671967,181.4745178,26.96737289,65.58073425,Autumn,3
9/17/2028,25.69437027,29.36442375,22.73154449,13.2607832,1.040281653,101.4415359,3.964375973,4.821379185,184.4127808,182.1670685,26.84783554,65.7640686,Autumn,3
9/18/2028,25.58118248,29.23767662,22.63346672,13.20828819,1.05998981,101.4456406,3.968951225,4.828545094,185.0033264,182.8073883,26.72801971,65.94513702,Autumn,3
9/19/2028,25.46835327,29.11182022,22.53502655,13.15542507,1.078176975,101.4497528,3.97291708,4.835065365,185.5396271,183.3959808,26.60807037,66.12365723,Autumn,3
9/20/2028,25.35601234,28.98701859,22.43633842,13.10225868,1.094795227,101.4538803,3.976272345,4.840936661,186.0231476,183.93396,26.48812485,66.2993927,Autumn,3
9/21/2028,25.24427032,28.86341095,22.33749008,13.04884148,1.109805942,101.4580154,3.979024887,4.846161366,186.4557953,184.4229889,26.36830521,66.47208405,Autumn,3
9/22/2028,25.13322067,28.74111557,22.23857307,12.9952116,1.123179197,101.4621658,3.981189013,4.850750923,186.8401184,184.8653259,26.24872589,66.64148712,Autumn,3
9/23/2028,25.02293777,28.62023544,22.13964844,12.94139671,1.134894371,101.4663239,3.98278594,4.854724407,187.1791992,185.2637024,26.12947845,66.80735779,Autumn,3
9/24/2028,24.91348267,28.50084114,22.04077339,12.88741302,1.144939899,101.4704819,3.983843327,4.858108044,187.4765778,185.6213226,26.01064301,66.9694519,Autumn,3
9/25/2028,24.80488586,28.38298798,21.94198418,12.83326435,1.153313398,101.4746475,3.984396219,4.860939026,187.7363281,185.9420013,25.89228439,67.12754822,Autumn,3
9/26/2028,24.69716263,28.26669884,21.84330177,12.77894402,1.160021901,101.4788055,3.984485149,4.863258362,187.9628601,186.2298279,25.77445221,67.28143311,Autumn,3
9/27/2028,24.59031677,28.15198708,21.7447319,12.7244339,1.165081143,101.4829559,3.984158039,4.865115166,188.161026,186.4894257,25.6571846,67.43089294,Autumn,3
9/28/2028,24.48431969,28.03882599,21.64626312,12.66970253,1.168515563,101.4870911,3.983466625,4.866567612,188.3360291,186.7256165,25.5404911,67.57572937,Autumn,3
9/29/2028,24.37912941,27.92717552,21.54787254,12.61470985,1.1703583,101.4912033,3.982469797,4.867677689,188.4933777,186.9436798,25.42438126,67.71575928,Autumn,3
9/30/2028,24.27468491,27.81696892,21.4495163,12.55940628,1.170650363,101.495285,3.981229305,4.868513107,188.6388092,187.1490631,25.30883789,67.85081482,Autumn,3
10/1/2028,24.17090416,27.70811653,21.35114098,12.50373173,1.169440269,101.4993286,3.979813337,4.869149685,188.7781525,187.3473816,25.1938324,67.98073578,Autumn,3
10/2/2028,24.0676918,27.60050964,21.25267601,12.44761562,1.166784286,101.5033264,3.978291273,4.869662762,188.9175415,187.5444946,25.07932091,68.1053772,Autumn,3
10/3/2028,23.96492958,27.49401665,21.15403748,12.39098454,1.16274488,101.5072708,3.976737261,4.870136738,189.0630188,187.7462921,24.96524811,68.22463989,Autumn,3
10/4/2028,23.86249352,27.38849068,21.05513191,12.33375359,1.157390833,101.5111465,3.975227118,4.870656013,189.2208099,187.9586639,24.85154343,68.33840179,Autumn,3
10/5/2028,23.76023674,27.28376007,20.9558506,12.27583694,1.150796652,101.5149384,3.973838806,4.871306896,189.3969727,188.1875916,24.73812485,68.44657898,Autumn,3
10/6/2028,23.65800095,27.17964363,20.85608101,12.21713924,1.143041253,101.5186462,3.972651243,4.872179031,189.5974884,188.4388428,24.62489891,68.54911804,Autumn,3
10/7/2028,23.55562401,27.07594299,20.75569344,12.15756512,1.134208083,101.5222549,3.971742392,4.873362541,189.8282166,188.7180939,24.51176453,68.64596558,Autumn,3
10/8/2028,23.45292282,26.97244453,20.65455627,12.09701729,1.124384165,101.5257492,3.971191645,4.874946117,190.0947876,189.0308838,24.39860535,68.73709106,Autumn,3
10/9/2028,23.34972,26.86893272,20.55253029,12.03539658,1.113659263,101.5291214,3.971076012,4.877018929,190.4025269,189.3824005,24.28530312,68.82250977,Autumn,3
10/10/2028,23.24582291,26.76517677,20.44947052,11.9726038,1.102125168,101.5323486,3.97147131,4.879667759,190.7565918,189.7776184,24.17173386,68.90222168,Autumn,3
10/11/2028,23.14103508,26.66094017,20.34523392,11.90854168,1.089875102,101.5354385,3.972450972,4.882975578,191.1615601,190.2210846,24.05776596,68.97627258,Autumn,3
10/12/2028,23.03516388,26.5559864,20.2396698,11.84311867,1.077002764,101.5383606,3.974084139,4.887024403,191.6217499,190.7170715,23.94326401,69.04472351,Autumn,3
10/13/2028,22.92801285,26.45007706,20.13263512,11.7762413,1.063602328,101.5411148,3.976438284,4.891891479,192.1409912,191.2693024,23.82809639,69.10765839,Autumn,3
10/14/2028,22.81939316,26.34297371,20.02397728,11.70783043,1.04976666,101.5436859,3.979573488,4.897647381,192.722641,191.8810883,23.71212769,69.16517639,Autumn,3
10/15/2028,22.70911026,26.23443794,19.91356087,11.63780594,1.035587549,101.5460663,3.983546495,4.904359341,193.3695221,192.5552063,23.59521866,69.21740723,Autumn,3
10/16/2028,22.59698486,26.12424469,19.80124283,11.56609917,1.021154761,101.5482483,3.988409281,4.912087917,194.0838928,193.2939758,23.47724152,69.26448059,Autumn,3
10/17/2028,22.4828434,26.0121727,19.68690109,11.49264908,1.006555557,101.5502243,3.99420619,4.920884609,194.8674774,194.0990295,23.35807037,69.30656433,Autumn,3
10/18/2028,22.36651802,25.89801216,19.57040787,11.41740799,0.991873324,101.5519867,4.000975609,4.930798054,195.7214355,194.9715118,23.23758316,69.34383392,Autumn,3
10/19/2028,22.24786186,25.78156471,19.45165634,11.34033203,0.977188647,101.5535355,4.008749485,4.941864491,196.6462402,195.9120483,23.11566544,69.37649536,Autumn,3
10/20/2028,22.12673187,25.66264915,19.33054543,11.26139355,0.962577224,101.5548553,4.017551422,4.954114914,197.641922,196.920517,22.9922123,69.40475464,Autumn,3
10/21/2028,22.00300598,25.54110146,19.20698547,11.18057919,0.948110521,101.5559616,4.027399063,4.967570305,198.7077179,197.9963074,22.86712837,69.42884827,Autumn,3
10/22/2028,21.87658119,25.41677475,19.08090591,11.09788322,0.93385458,101.556839,4.038301468,4.982244492,199.8424072,199.1382294,22.74032974,69.44898987,Autumn,3
10/23/2028,21.74736404,25.28954124,18.95224571,11.01331902,0.919870555,101.5575027,4.050259113,4.998139381,201.0441132,200.3444366,22.61174393,69.46546936,Autumn,3
10/24/2028,21.61528778,25.15929413,18.82096481,10.92690659,0.906213701,101.5579529,4.063266277,5.015251637,202.3104401,201.6125946,22.4813118,69.47853088,Autumn,3
10/25/2028,21.48030281,25.02595711,18.68703461,10.8386898,0.892933667,101.5581894,4.077308178,5.033565521,203.6384277,202.939743,22.34898758,69.4884491,Autumn,3
10/26/2028,21.34238052,24.88946724,18.55045128,10.74871445,0.880073965,101.5582275,4.092362404,5.053057194,205.0245361,204.3225098,22.21474075,69.49551392,Autumn,3
10/27/2028,21.20151901,24.74979782,18.41122246,10.65705109,0.867672324,101.558075,4.108399391,5.073695183,206.464798,205.7569427,22.07855606,69.49999237,Autumn,3
10/28/2028,21.05772781,24.60693932,18.26937675,10.56377792,0.855760276,101.5577469,4.12538147,5.09543705,207.9547577,207.2386932,21.94043732,69.50219727,Autumn,3
10/29/2028,20.9110527,24.46090889,18.12496185,10.46899033,0.844363272,101.5572586,4.143264294,5.118233681,209.4895935,208.7629242,21.80039597,69.50241852,Autumn,3
10/30/2028,20.7615509,24.31175423,17.97804642,10.3727932,0.833500981,101.5566254,4.161995888,5.142026901,211.0640411,210.3245392,21.65846825,69.50094604,Autumn,3
10/31/2028,20.60930824,24.15955353,17.82871437,10.2753067,0.823186994,101.5558701,4.181518078,5.166749954,212.6725006,211.9180145,21.51470184,69.49807739,Autumn,3
11/1/2028,20.45443153,24.00440025,17.67706871,10.17666245,0.813429832,101.5550079,4.201767445,5.192331791,214.3091278,213.5375671,21.36916351,69.49411011,Autumn,3
11/2/2028,20.29704666,23.84641647,17.52323341,10.07700348,0.804232061,101.5540695,4.222673416,5.218691826,215.9678802,215.1772308,21.22193527,69.48933411,Autumn,3
11/3/2028,20.13730812,23.68575859,17.36734772,9.976482391,0.795591593,101.5530777,4.244162083,5.245743752,217.6424713,216.8308411,21.07311249,69.48402405,Autumn,3
11/4/2028,19.97538376,23.52259445,17.20956612,9.875260353,0.787501395,101.5520554,4.266152859,5.273397446,219.3265533,218.4920807,20.92280579,69.47845459,Autumn,3
11/5/2028,19.81146049,23.35712242,17.05006599,9.773509979,0.779950142,101.551033,4.288564205,5.301556587,221.0136414,220.1546021,20.77114677,69.47291565,Autumn,3
11/6/2028,19.64575005,23.18956184,16.88903046,9.6714077,0.772922456,101.5500412,4.311308861,5.330120087,222.6972809,221.8120422,20.61827087,69.46765137,Autumn,3
11/7/2028,19.47847366,23.02015114,16.7266674,9.569139481,0.766399384,101.5491104,4.334298134,5.358985901,224.371048,223.4580383,20.46433258,69.46290588,Autumn,3
11/8/2028,19.30987167,22.84914398,16.56318665,9.466890335,0.76035881,101.5482712,4.357441425,5.388048172,226.0286102,225.0863953,20.30949593,69.45892334,Autumn,3
11/9/2028,19.14019775,22.67681694,16.39881706,9.364855766,0.75477612,101.5475616,4.380646706,5.417199612,227.6638336,226.69104,20.15393448,69.45591736,Autumn,3
11/10/2028,18.96971703,22.50345612,16.23379517,9.263227463,0.749624193,101.5470047,4.403821468,5.446331501,229.2706757,228.2660828,19.99783897,69.45410156,Autumn,3
11/11/2028,18.79870415,22.32936287,16.06836319,9.162200928,0.744874358,101.5466461,4.426874161,5.475334644,230.8434296,229.8058624,19.84139442,69.45367432,Autumn,3
11/12/2028,18.62744141,22.15484619,15.90277576,9.06196785,0.740496755,101.5465012,4.449712276,5.504104614,232.3766937,231.3051147,19.68480492,69.45481873,Autumn,3
11/13/2028,18.45622253,21.98022842,15.73728561,8.962724686,0.736460507,101.5466232,4.472248077,5.532532692,233.8653259,232.7588196,19.52827072,69.45766449,Autumn,3
11/14/2028,18.28533554,21.80582809,15.57215881,8.864656448,0.732734621,101.5470276,4.494393349,5.560515881,235.3046112,234.1623535,19.37200546,69.46237946,Autumn,3
11/15/2028,18.11507988,21.63197708,15.4076519,8.767946243,0.729287982,101.5477524,4.516063213,5.587954998,236.6902161,235.5115051,19.21622086,69.46908569,Autumn,3
11/16/2028,17.94575119,21.45900154,15.24402905,8.672773361,0.726090133,101.5488281,4.53717804,5.614753723,238.0183105,236.8026123,19.06112099,69.47789001,Autumn,3
11/17/2028,17.7776413,21.28722763,15.08154964,8.579307556,0.723111689,101.5502777,4.557660103,5.640818596,239.2854462,238.0322876,18.9069252,69.48887634,Autumn,3
11/18/2028,17.61104012,21.11697769,14.92046928,8.487710953,0.720324159,101.5521317,4.577439308,5.666065216,240.4887543,239.1978302,18.75383759,69.50212097,Autumn,3
11/19/2028,17.44623184,20.94856834,14.76104164,8.398136139,0.717701018,101.5544052,4.596446991,5.690411568,241.6257782,240.296936,18.60206985,69.51766968,Autumn,3
11/20/2028,17.28348923,20.78230667,14.603508,8.310724258,0.715217829,101.5571289,4.61462307,5.713783264,242.6946564,241.3278809,18.45181656,69.53557587,Autumn,3
11/21/2028,17.1230793,20.61848831,14.44810677,8.225605965,0.712851763,101.560318,4.631912708,5.736113071,243.694046,242.289444,18.30327606,69.55584717,Autumn,3
11/22/2028,16.96525764,20.45739365,14.29506207,8.142899513,0.710583031,101.5639877,4.648267269,5.757342339,244.6231079,243.180954,18.15663719,69.57847595,Autumn,3
11/23/2028,16.81025887,20.29929543,14.14458942,8.062708855,0.708394229,101.5681534,4.663644314,5.777416706,245.4815674,244.0022888,18.01207352,69.60346985,Autumn,3
11/24/2028,16.65831184,20.1444416,13.99688816,7.985125542,0.706270874,101.5728149,4.678009033,5.796293736,246.2695923,244.7537842,17.86975861,69.63077545,Autumn,3
11/25/2028,16.50962257,19.99306297,13.85214806,7.910227776,0.704200923,101.5779953,4.691334248,5.813936234,246.9879456,245.4363708,17.72984695,69.66035461,Autumn,3
11/26/2028,16.36438751,19.84537506,13.71054077,7.838075638,0.702175856,101.5836792,4.703598022,5.83031702,247.6378632,246.0514374,17.59248352,69.69216156,Autumn,3
11/27/2028,16.22277069,19.7015686,13.5722208,7.768719673,0.70018965,101.5898743,4.714787483,5.8454175,248.2210083,246.6008148,17.45780563,69.72610474,Autumn,3
11/28/2028,16.08492851,19.56181335,13.43733025,7.702190876,0.698239505,101.5965652,4.724896908,5.859226227,248.7395477,247.086792,17.32592583,69.76211548,Autumn,3
11/29/2028,15.95099449,19.42625237,13.30598736,7.638508797,0.696325362,101.6037521,4.733926773,5.871740818,249.1959991,247.512146,17.19695663,69.80007935,Autumn,3
11/30/2028,15.82107544,19.29500961,13.17830086,7.577675343,0.694449782,101.6114197,4.741884708,5.882968426,249.5933075,247.8799286,17.07098389,69.83989716,Autumn,3
12/1/2028,15.69526291,19.16817665,13.05434895,7.519680977,0.692617774,101.6195526,4.748786449,5.892923355,249.9347534,248.193573,16.94808197,69.88145447,Winter,0
12/2/2028,15.57362175,19.04583168,12.93420219,7.46449852,0.690837443,101.6281204,4.754652977,5.901627541,250.2239532,248.4568481,16.82831764,69.92462158,Winter,0
12/3/2028,15.45620346,18.92801666,12.81790543,7.412090778,0.689118326,101.6371002,4.759510994,5.9091115,250.4647217,248.6737671,16.71173286,69.96928406,Winter,0
12/4/2028,15.3430233,18.81475639,12.7054863,7.36240387,0.687472284,101.6464691,4.763395786,5.915411472,250.6611481,248.8485413,16.59835625,70.01528168,Winter,0
12/5/2028,15.23409271,18.70604897,12.59695816,7.315375328,0.685912609,101.656189,4.766345978,5.920571804,250.8174896,248.9855499,16.48820877,70.06248474,Winter,0
12/6/2028,15.1293869,18.60186768,12.49230766,7.270928383,0.684454203,101.6662292,4.768406391,5.92464304,250.9381256,249.0893555,16.38128471,70.11074829,Winter,0
12/7/2028,15.02886963,18.50216484,12.39151001,7.228974819,0.683112979,101.6765442,4.769625187,5.927680492,251.0276031,249.164566,16.27757645,70.15992737,Winter,0
12/8/2028,14.93248367,18.40686607,12.29452229,7.1894207,0.681905627,101.687088,4.770056725,5.929745674,251.0903168,249.2157288,16.17705345,70.20985413,Winter,0
12/9/2028,14.84015274,18.31588364,12.20128345,7.15215826,0.680848956,101.6978226,4.769757748,5.930904865,251.1309052,249.2475586,16.07967567,70.26039124,Winter,0
12/10/2028,14.75178146,18.229105,12.11171627,7.117076874,0.679960132,101.7087021,4.768788815,5.931227684,251.1537781,249.2645721,15.98539257,70.31139374,Winter,0
12/11/2028,14.66726303,18.14640236,12.02573395,7.084054947,0.679256022,101.7196655,4.767211437,5.930787086,251.1633148,249.2712097,15.89414024,70.36270905,Winter,0
12/12/2028,14.58646965,18.06762695,11.94323063,7.052969933,0.67875278,101.7306747,4.765090942,5.92965889,251.1638184,249.2717438,15.80584335,70.41418457,Winter,0
12/13/2028,14.50926971,17.99262238,11.86409092,7.023689747,0.678465724,101.7416611,4.762493134,5.927921295,251.1593018,249.2703247,15.72041988,70.46569061,Winter,0
12/14/2028,14.43550682,17.92121506,11.7881918,6.996085167,0.67840898,101.7525864,4.759485245,5.925653458,251.1536102,249.2708282,15.63777542,70.51707458,Winter,0
12/15/2028,14.36502647,17.85322189,11.71539402,6.970020294,0.678594887,101.763382,4.75613451,5.922934532,251.1504211,249.276825,15.55781364,70.56820679,Winter,0
12/16/2028,14.29766273,17.78845024,11.64555359,6.945361137,0.679034233,101.7740021,4.752507687,5.919845581,251.1530304,249.2916565,15.4804287,70.61895752,Winter,0
12/17/2028,14.23323631,17.72669983,11.57852173,6.921974182,0.679735482,101.7843933,4.748670578,5.916465282,251.1645508,249.3183441,15.40550804,70.66920471,Winter,0
12/18/2028,14.17157364,17.66776466,11.51414299,6.899726868,0.680704951,101.794487,4.744688511,5.91286993,251.1875916,249.3595123,15.33294106,70.71883392,Winter,0
12/19/2028,14.1124897,17.61144447,11.45225811,6.878489971,0.681946695,101.8042374,4.74062252,5.909137726,251.2245789,249.4174042,15.26260948,70.76771545,Winter,0
12/20/2028,14.05580139,17.55752754,11.39270306,6.858136177,0.683461487,101.8135986,4.736534595,5.905340672,251.2775116,249.4939575,15.19439793,70.81576538,Winter,0
12/21/2028,14.00132942,17.50581169,11.33531952,6.83854723,0.685247779,101.8225098,4.732481003,5.901548862,251.3480072,249.5906525,15.12818718,70.86286926,Winter,0
12/22/2028,13.94889069,17.45609093,11.27994442,6.819604874,0.687301099,101.8309326,4.728516579,5.897829056,251.4373169,249.7085876,15.06386185,70.90894318,Winter,0
12/23/2028,13.89830875,17.40817261,11.2264204,6.801204205,0.689613938,101.8388138,4.724691868,5.894244194,251.5462646,249.8484344,15.00130844,70.9539032,Winter,0
12/24/2028,13.84941101,17.3618679,11.17458916,6.783241272,0.692175746,101.8461075,4.721052647,5.890851974,251.6753387,250.0104675,14.94041824,70.99765778,Winter,0
12/25/2028,13.80203438,17.31699562,11.12430382,6.765625,0.694973111,101.8527832,4.717642784,5.887705803,251.8246002,250.1945496,14.88108253,71.0401535,Winter,0
12/26/2028,13.75602245,17.273386,11.07541561,6.748269081,0.697989821,101.8588028,4.714498997,5.884853363,251.9937744,250.400177,14.82320118,71.08132935,Winter,0
12/27/2028,13.71122837,17.23088074,11.02779198,6.731100082,0.701206625,101.8641281,4.71165514,5.88233757,252.1822205,250.6264648,14.76668358,71.12110138,Winter,0
12/28/2028,13.66751766,17.18933868,10.98130226,6.714051723,0.704601824,101.8687363,4.709138393,5.880194664,252.3889008,250.8721008,14.71143913,71.15943909,Winter,0
12/29/2028,13.62476349,17.14862823,10.9358263,6.697067261,0.708151102,101.8725967,4.706972122,5.878456593,252.6124573,251.135498,14.65739059,71.19630432,Winter,0
12/30/2028,13.58285332,17.10863495,10.89125824,6.680102348,0.711827934,101.8757019,4.705175877,5.877148151,252.8513336,251.4147949,14.60446548,71.23163605,Winter,0
12/31/2028,13.54169178,17.06926537,10.84749603,6.663121223,0.71560365,101.8780212,4.703761101,5.876287937,253.1035461,251.7077332,14.55260468,71.26541138,Winter,0
1/1/2029,13.501194,17.03043365,10.80445576,6.646095753,0.719447672,101.8795624,4.702736378,5.875888824,253.3669891,252.0118103,14.50175571,71.29761505,Winter,0
1/2/2029,13.46128941,16.9920826,10.76206112,6.629012108,0.723328114,101.8803101,4.702105522,5.875959396,253.6392059,252.3244324,14.45187569,71.32820892,Winter,0
1/3/2029,13.42192078,16.9541626,10.72025204,6.611865044,0.727211654,101.8802643,4.701866627,5.876499176,253.9176331,252.6426697,14.40293312,71.35717773,Winter,0
1/4/2029,13.38305283,16.91665077,10.67897224,6.594655037,0.731064379,101.8794327,4.702013493,5.877504349,254.1995697,252.9634552,14.35490417,71.3844986,Winter,0
1/5/2029,13.3446579,16.87953377,10.63819218,6.5773983,0.734851182,101.8778305,4.702534199,5.878965378,254.4821625,253.2836456,14.3077774,71.41017151,Winter,0
1/6/2029,13.3067255,16.84282494,10.59788513,6.560112476,0.73853749,101.8754654,4.70341444,5.880867481,254.7624359,253.6000214,14.2615509,71.43418884,Winter,0
1/7/2029,13.26926422,16.80654907,10.55803776,6.54282999,0.742088318,101.8723526,4.704635143,5.883189201,255.0373688,253.909256,14.2162323,71.45654297,Winter,0
1/8/2029,13.23228645,16.77074432,10.51865578,6.525583744,0.745469451,101.8685303,4.706172943,5.885906696,255.3040009,254.2080994,14.17183876,71.47722626,Winter,0
1/9/2029,13.19582939,16.73547173,10.47974586,6.508420467,0.748647511,101.8640213,4.708002567,5.888990879,255.5593262,254.4933014,14.12839508,71.49624634,Winter,0
1/10/2029,13.15993881,16.70080566,10.44133663,6.491387367,0.751590192,101.8588562,4.710093498,5.892409325,255.800415,254.7616577,14.0859375,71.51359558,Winter,0
1/11/2029,13.12467003,16.66683197,10.4034605,6.474539757,0.754266679,101.8530731,4.712415218,5.89612484,256.0244446,255.0100555,14.04450798,71.52928162,Winter,0
1/12/2029,13.09009361,16.63364792,10.36616707,6.457935333,0.756648481,101.8467178,4.714932442,5.900098801,256.2286377,255.2356262,14.00415611,71.5433197,Winter,0
1/13/2029,13.05628777,16.60136604,10.32950974,6.441638947,0.758708775,101.8398209,4.717609406,5.904287815,256.4104614,255.4355316,13.96493912,71.55569458,Winter,0
1/14/2029,13.02334213,16.57010841,10.29355049,6.425715446,0.760423541,101.8324432,4.720407963,5.908649445,256.5674438,255.6072388,13.92692089,71.56642914,Winter,0
1/15/2029,12.9913559,16.54000092,10.25836754,6.410230637,0.761771202,101.8246307,4.723289967,5.913136005,256.6974487,255.7483826,13.89016724,71.57551575,Winter,0
1/16/2029,12.96042824,16.51118279,10.22403526,6.395254135,0.762733519,101.8164291,4.726215363,5.917701244,256.7985229,255.8568726,13.85475254,71.58298492,Winter,0
1/17/2029,12.9306736,16.48379326,10.1906414,6.38085413,0.763294995,101.8078918,4.729144096,5.922297955,256.8688354,255.9309082,13.82074928,71.58882141,Winter,0
1/18/2029,12.90220261,16.45798111,10.15827179,6.367099762,0.763443828,101.7990875,4.732036114,5.926875591,256.9069519,255.9689026,13.78823662,71.5930481,Winter,0
1/19/2029,12.87513351,16.43388939,10.12702656,6.354056358,0.763171613,101.7900543,4.734850883,5.931388378,256.9116821,255.9696503,13.75729752,71.59567261,Winter,0
1/20/2029,12.84958649,16.41166496,10.09699821,6.341790199,0.762473464,101.7808533,4.737551689,5.935787201,256.8820801,255.9322357,13.72800922,71.59669495,Winter,0
1/21/2029,12.82567787,16.39146042,10.06828499,6.33036232,0.761348426,101.771553,4.740098476,5.940025806,256.8175354,255.8560638,13.7004509,71.59613037,Winter,0
1/22/2029,12.80352879,16.37341309,10.04099369,6.319830418,0.759798646,101.7621841,4.742455006,5.944058418,256.7176514,255.740799,13.67470551,71.59399414,Winter,0
1/23/2029,12.78325653,16.35766983,10.01521587,6.310250282,0.75783062,101.7528229,4.744586468,5.947841167,256.5823975,255.5865631,13.65084839,71.59029388,Winter,0
1/24/2029,12.76497078,16.34435844,9.991053581,6.301669598,0.755453765,101.743515,4.746459484,5.951332569,256.4119873,255.393631,13.62895298,71.58503723,Winter,0
1/25/2029,12.74878693,16.33360863,9.968599319,6.294135571,0.752681613,101.734314,4.748043537,5.954493999,256.2069702,255.1627197,13.60909176,71.57823944,Winter,0
1/26/2029,12.73480225,16.32553673,9.947950363,6.287684441,0.749530733,101.7252579,4.749310017,5.957287312,255.9680786,254.8947754,13.59133244,71.56991577,Winter,0
1/27/2029,12.72311783,16.32025528,9.929190636,6.282351971,0.746020973,101.7164078,4.75023222,5.959679127,255.6963196,254.5910492,13.57573605,71.56008911,Winter,0
1/28/2029,12.71382236,16.31785774,9.91240406,6.278162956,0.742175221,101.7077942,4.750786781,5.961637497,255.3929596,254.253006,13.5623579,71.54875183,Winter,0
1/29/2029,12.70699692,16.31843376,9.897672653,6.275139809,0.738019049,101.6994705,4.750953674,5.963135719,255.0595398,253.8824768,13.55125332,71.53593445,Winter,0
1/30/2029,12.70271778,16.32205772,9.885063171,6.273296833,0.733580589,101.6914673,4.750713825,5.964148998,254.6976624,253.481369,13.54246235,71.52166748,Winter,0
1/31/2029,12.70104218,16.32878685,9.874642372,6.272642136,0.728890419,101.6838074,4.750052929,5.96465683,254.3092346,253.0518646,13.53602314,71.50595093,Winter,0
2/1/2029,12.70203018,16.33867264,9.86646843,6.273176193,0.723980606,101.6765366,4.748959064,5.964640141,253.896225,252.5962677,13.53196526,71.48881531,Winter,0
2/2/2029,12.70571899,16.35174751,9.860589027,6.274897099,0.718884945,101.6696701,4.747422695,5.964085579,253.4607544,252.1170959,13.53031445,71.47029114,Winter,0
2/3/2029,12.71214294,16.36802673,9.857046127,6.2777915,0.713638484,101.6632233,4.745438099,5.962982655,253.0050507,251.6169281,13.53108215,71.45039368,Winter,0
2/4/2029,12.72132397,16.38751793,9.855873108,6.281846046,0.708277166,101.6572266,4.743001938,5.961324692,252.5314026,251.0983582,13.53428078,71.4291687,Winter,0
2/5/2029,12.73326969,16.41020966,9.85709095,6.287035942,0.702837169,101.6516724,4.740113258,5.959107399,252.0421906,250.5641022,13.53990173,71.40663147,Winter,0
2/6/2029,12.74798107,16.43607712,9.860718727,6.293335915,0.697354972,101.6465759,4.736774921,5.956330299,251.5395966,250.0168915,13.54794979,71.3828125,Winter,0
2/7/2029,12.76544666,16.46508598,9.866763115,6.300712585,0.691866636,101.6419296,4.732990265,5.952997208,251.026062,249.4594116,13.55839825,71.35775757,Winter,0
2/8/2029,12.78563976,16.49718094,9.875219345,6.309132099,0.686407447,101.6377411,4.728767872,5.949112892,250.5037537,248.8942261,13.57123566,71.33150482,Winter,0
2/9/2029,12.80853653,16.53229904,9.886082649,6.318554878,0.681012034,101.6340027,4.724116802,5.944687366,249.9749298,248.3239746,13.58642197,71.30409241,Winter,0
2/10/2029,12.83408546,16.57036209,9.899326324,6.328936577,0.675713181,101.6306839,4.719048023,5.939730167,249.4416351,247.7510376,13.60393333,71.2755661,Winter,0
2/11/2029,12.86223984,16.61128616,9.914934158,6.340232849,0.670542061,101.6277847,4.713575363,5.934257507,248.9058075,247.1776733,13.62372017,71.24597168,Winter,0
2/12/2029,12.89293861,16.65497208,9.932864189,6.352396011,0.66552794,101.6252747,4.707714558,5.928284645,248.3692474,246.6060791,13.64574146,71.21534729,Winter,0
2/13/2029,12.92611313,16.70131111,9.953083038,6.365377426,0.66069746,101.6231308,4.701480865,5.9218297,247.8335724,246.0381927,13.66993904,71.18373871,Winter,0
2/14/2029,12.96168995,16.75018692,9.975540161,6.379127502,0.656074822,101.6213303,4.694893837,5.914914131,247.3002777,245.475647,13.69626236,71.1512146,Winter,0
2/15/2029,12.99958611,16.80147743,10.00018311,6.393596172,0.651681244,101.6198273,4.687971592,5.907558441,246.7705536,244.9200134,13.72464752,71.11782837,Winter,0
2/16/2029,13.03971481,16.85505486,10.02695751,6.408733368,0.647534788,101.6185913,4.680734158,5.899786472,246.2454071,244.3725433,13.75503349,71.08361053,Winter,0
2/17/2029,13.08198357,16.91078758,10.05579662,6.424491882,0.643650413,101.6175919,4.673202991,5.891623497,245.7256012,243.8341522,13.78735065,71.04862976,Winter,0
2/18/2029,13.1262989,16.96853638,10.08663559,6.440822601,0.640039623,101.6167755,4.665399075,5.883093357,245.2117004,243.3055878,13.82153511,71.01294708,Winter,0
2/19/2029,13.17255974,17.028162,10.11940861,6.457681656,0.636710465,101.6161118,4.657344818,5.874222755,244.70401,242.7873383,13.85751534,70.97660828,Winter,0
2/20/2029,13.22066689,17.08952522,10.15403938,6.475026131,0.633667111,101.6155472,4.64906168,5.865038872,244.2026062,242.2794952,13.8952198,70.93968201,Winter,0
2/21/2029,13.27051926,17.15248489,10.19045448,6.492815018,0.630910575,101.6150436,4.640572071,5.855567455,243.7072449,241.7819519,13.93457794,70.90220642,Winter,0
2/22/2029,13.32201576,17.21690369,10.22857952,6.511012077,0.628438056,101.6145477,4.631897449,5.845836639,243.217514,241.2943268,13.97552299,70.86425781,Winter,0
2/23/2029,13.3750515,17.28264427,10.26834106,6.529583931,0.626243293,101.6140213,4.623060703,5.835872173,242.7327423,240.8159637,14.01798058,70.82587433,Winter,0
2/24/2029,13.429533,17.34957695,10.30966091,6.548502922,0.624316752,101.6134186,4.61408186,5.825701237,242.2520599,240.3459167,14.06188965,70.78712463,Winter,0
2/25/2029,13.48535728,17.41757393,10.35246658,6.56774044,0.622645497,101.6126862,4.604982853,5.815350056,241.7743988,239.8829803,14.10717964,70.74804688,Winter,0
2/26/2029,13.54243469,17.48650932,10.39668083,6.587278843,0.621213317,101.6117859,4.59578371,5.804844379,241.2984009,239.4258575,14.15379143,70.70869446,Winter,0
2/27/2029,13.60067177,17.5562706,10.4422369,6.607099533,0.620001554,101.610672,4.586503506,5.794209003,240.8226471,238.9728699,14.20166206,70.66912842,Winter,0
2/28/2029,13.65998363,17.62675095,10.48906231,6.62719202,0.618988693,101.609314,4.577162743,5.783468723,240.3454742,238.5222168,14.25074005,70.62937927,Winter,0
3/1/2029,13.72028923,17.69784927,10.53709126,6.647546768,0.618150771,101.6076584,4.567779064,5.772646427,239.8651733,238.0719147,14.30096817,70.5894928,Spring,1
3/2/2029,13.78151035,17.76947212,10.58626175,6.668162346,0.61746192,101.6056824,4.558369637,5.76176548,239.3798523,237.6199036,14.35230064,70.5495224,Spring,1
3/3/2029,13.84357834,17.84153938,10.63651371,6.689038277,0.616894484,101.6033401,4.548951626,5.75084734,238.8875122,237.1638489,14.40469265,70.5094986,Spring,1
3/4/2029,13.90642643,17.91397667,10.68779373,6.710179329,0.616419196,101.6006165,4.539541245,5.739911556,238.3861542,236.7015686,14.45810318,70.4694519,Spring,1
3/5/2029,13.96999741,17.98671913,10.74004745,6.731595993,0.616006196,101.5974731,4.530152798,5.728979111,237.8737335,236.2306061,14.51249695,70.42942047,Spring,1
3/6/2029,14.03423882,18.05971527,10.79323006,6.753298759,0.615624487,101.593895,4.520801544,5.7180686,237.348175,235.7485504,14.56784248,70.38941956,Spring,1
3/7/2029,14.09910774,18.1329174,10.84729767,6.775304794,0.615243137,101.589859,4.511501312,5.707197666,236.8074036,235.2530365,14.62411404,70.34949493,Spring,1
3/8/2029,14.16456223,18.20629501,10.90221405,6.797632217,0.614830971,101.58535,4.502264023,5.696382523,236.2494202,234.7416534,14.68128967,70.30964661,Spring,1
3/9/2029,14.23056793,18.27981758,10.95794296,6.820302486,0.61435765,101.580368,4.493102551,5.685639858,235.672287,234.2121124,14.73934746,70.26990509,Spring,1
3/10/2029,14.29710007,18.35346985,11.0144558,6.843338966,0.613793254,101.5748978,4.484029293,5.674983978,235.074173,233.6621704,14.79827785,70.23027802,Spring,1
3/11/2029,14.36413956,18.42724609,11.07173157,6.86676693,0.61310941,101.5689392,4.475053787,5.664429188,234.4533386,233.0897064,14.85806942,70.19076538,Spring,1
3/12/2029,14.43166542,18.50114441,11.12974644,6.890612125,0.612279177,101.5625,4.466187477,5.653988838,233.8082428,232.4928131,14.91871452,70.15139771,Spring,1
3/13/2029,14.49967384,18.57517433,11.1884861,6.914902687,0.611277521,101.5555801,4.457439899,5.643674374,233.1374359,231.8696747,14.98020744,70.11216736,Spring,1
3/14/2029,14.5681572,18.64934921,11.2479353,6.939664841,0.610081494,101.5481949,4.448820591,5.633497715,232.4396667,231.2186127,15.04255295,70.07305908,Spring,1
3/15/2029,14.63711357,18.72369003,11.30809021,6.964927197,0.608670652,101.5403671,4.440338612,5.623470783,231.7139587,230.5383453,15.10574913,70.03408813,Spring,1
3/16/2029,14.7065506,18.7982235,11.3689394,6.990716934,0.607027471,101.5321045,4.432003498,5.613601685,230.9594421,229.827652,15.16980171,69.99525452,Spring,1
3/17/2029,14.77647018,18.87298012,11.43048382,7.017057419,0.605137169,101.5234451,4.42382288,5.603902817,230.1755829,229.0856018,15.23471642,69.95653534,Spring,1
3/18/2029,14.8468895,18.94799614,11.49272251,7.043976307,0.602988183,101.5143967,4.415804863,5.594380379,229.3619995,228.3115692,15.30050278,69.91792297,Spring,1
3/19/2029,14.91781425,19.0233078,11.55565548,7.071495056,0.600572228,101.5050125,4.407957077,5.585044861,228.5185852,227.5051575,15.36716652,69.87940979,Spring,1
3/20/2029,14.98926544,19.09895706,11.61929417,7.099634171,0.597884476,101.4953156,4.400287628,5.575902462,227.6454926,226.6662292,15.43471718,69.84098816,Spring,1
3/21/2029,15.06125641,19.17498398,11.68363762,7.128411293,0.594923556,101.4853439,4.392802238,5.566961288,226.743103,225.7949677,15.50316715,69.80264282,Spring,1
3/22/2029,15.13380432,19.25143051,11.74869537,7.157844067,0.591691613,101.4751358,4.385508537,5.558227062,225.812088,224.8918304,15.57252312,69.76435852,Spring,1
3/23/2029,15.20692825,19.32833672,11.81447601,7.187941551,0.58819437,101.4647446,4.3784132,5.549706936,224.8532867,223.957489,15.64279556,69.72612,Spring,1
3/24/2029,15.28064537,19.40574646,11.88098717,7.218717575,0.584440768,101.4542007,4.37152195,5.541404724,223.8678131,222.992981,15.71399117,69.68789673,Spring,1
3/25/2029,15.35497093,19.48369598,11.94823647,7.250174046,0.580443382,101.4435577,4.364840508,5.533326626,222.8570557,221.9995117,15.78611755,69.64970398,Spring,1
3/26/2029,15.42992592,19.56222153,12.01623535,7.282315254,0.576217771,101.4328537,4.358374119,5.525476456,221.8225708,220.978653,15.85918045,69.6115036,Spring,1
3/27/2029,15.50552177,19.64135933,12.08499146,7.315140724,0.571782827,101.4221497,4.352126122,5.517856121,220.7660828,219.9320831,15.93318558,69.57328796,Spring,1
3/28/2029,15.58177376,19.72113228,12.15451145,7.348646164,0.56716007,101.4114914,4.346102238,5.51047039,219.6895294,218.8617554,16.00813293,69.53505707,Spring,1
3/29/2029,15.65869331,19.80157089,12.22480488,7.382823944,0.562373579,101.4009171,4.340304375,5.50331831,218.595047,217.7698669,16.08402443,69.4967804,Spring,1
3/30/2029,15.73628807,19.88269806,12.29587555,7.417662144,0.557449877,101.3904877,4.334736347,5.496401787,217.4848328,216.6587372,16.16085815,69.45846558,Spring,1
3/31/2029,15.81457138,19.96452332,12.36773205,7.453149319,0.552417517,101.3802338,4.329398155,5.489720345,216.3612823,215.5308075,16.23862839,69.42008972,Spring,1
4/1/2029,15.89354134,20.04706192,12.44037533,7.489266396,0.547306538,101.370224,4.324291706,5.483272552,215.2268372,214.3887787,16.31733322,69.38165283,Spring,1
4/2/2029,15.97320557,20.1303215,12.51381016,7.525996208,0.542148352,101.3604813,4.319416046,5.477055073,214.0839844,213.2352905,16.39696503,69.34315491,Spring,1
4/3/2029,16.05356216,20.21430016,12.58803844,7.563315868,0.536975443,101.3510666,4.314769268,5.471064091,212.9352875,212.0731506,16.47751236,69.30458069,Spring,1
4/4/2029,16.13461113,20.29899597,12.66306019,7.601202965,0.531820655,101.3420029,4.310349464,5.465294361,211.7833557,210.9052124,16.55896378,69.26593018,Spring,1
4/5/2029,16.21634483,20.38440132,12.73887825,7.639630795,0.526717067,101.3333511,4.30615139,5.459737778,210.6307373,209.734314,16.64130783,69.22721863,Spring,1
4/6/2029,16.29876137,20.47050095,12.81548691,7.678575516,0.521697462,101.3251266,4.3021698,5.454387188,209.4799652,208.5632935,16.72452927,69.18843079,Spring,1
4/7/2029,16.3818531,20.55727577,12.89288807,7.718008041,0.516793847,101.3173752,4.298397541,5.449233055,208.3334808,207.394928,16.80861282,69.14957428,Spring,1
4/8/2029,16.4656086,20.64471054,12.97107792,7.757901192,0.512037218,101.3101196,4.294826508,5.444261551,207.1936646,206.2319641,16.89354324,69.11065674,Spring,1
4/9/2029,16.5500164,20.73277473,13.05005264,7.798228741,0.507457078,101.3033829,4.291445732,5.439461231,206.0628204,205.0770569,16.97930336,69.0716629,Spring,1
4/10/2029,16.63506889,20.82144356,13.12981129,7.838963032,0.503081143,101.2972031,4.288243294,5.43481493,204.9430542,203.9326324,17.06587601,69.03262329,Spring,1
4/11/2029,16.72075272,20.9106884,13.21034908,7.880079269,0.498934567,101.2915878,4.285205841,5.430307865,203.8363647,202.8011169,17.15324783,68.99351501,Spring,1
4/12/2029,16.80705833,21.00047112,13.29166508,7.921552181,0.495040238,101.2865601,4.282317638,5.425919533,202.7445068,201.6846771,17.24139595,68.95436859,Spring,1
4/13/2029,16.89397049,21.09077072,13.3737545,7.963360786,0.491417855,101.2821274,4.27956152,5.421630383,201.6691589,200.5853119,17.33031082,68.91516113,Spring,1
4/14/2029,16.98148155,21.18154526,13.45661926,8.005483627,0.488084167,101.2782974,4.276919365,5.417416573,200.6116638,199.5048065,17.4199791,68.87591553,Spring,1
4/15/2029,17.06958199,21.27276802,13.5402565,8.047904968,0.485052258,101.2750778,4.274369717,5.413256168,199.5732574,198.4447479,17.51038361,68.83660889,Spring,1
4/16/2029,17.15826607,21.36440468,13.62466908,8.090608597,0.482331514,101.2724686,4.27189064,5.40912199,198.5549469,197.4064178,17.60151863,68.79724884,Spring,1
4/17/2029,17.24752998,21.45643044,13.70985889,8.133584976,0.479927361,101.2704697,4.269459248,5.404988289,197.557373,196.3909302,17.69337463,68.75782776,Spring,1
4/18/2029,17.3373661,21.54881668,13.79583073,8.176825523,0.477841467,101.2690659,4.267050266,5.400825977,196.5810852,195.3991241,17.7859478,68.71832275,Spring,1
4/19/2029,17.42777824,21.64154243,13.88259411,8.220327377,0.47607103,101.2682571,4.264636993,5.396605015,195.6263428,194.4315338,17.87923813,68.6787262,Spring,1
4/20/2029,17.51877022,21.73458862,13.97015476,8.264091492,0.474609256,101.2680283,4.262192726,5.392294407,194.693161,193.4884796,17.97324181,68.63902283,Spring,1
4/21/2029,17.61035156,21.82794189,14.05852795,8.308119774,0.473444998,101.2683563,4.259688377,5.387863636,193.7813721,192.5700226,18.06797028,68.59918213,Spring,1
4/22/2029,17.70252991,21.92159271,14.1477232,8.352424622,0.472562969,101.2692261,4.25709486,5.38327837,192.8905029,191.6759644,18.16342926,68.55915833,Spring,1
4/23/2029,17.79532242,22.01553917,14.2377634,8.397016525,0.471943766,101.2706223,4.254382133,5.378507137,192.0199432,190.8058319,18.2596302,68.5189209,Spring,1
4/24/2029,17.88874817,22.10978508,14.32866383,8.441913605,0.471564174,101.2725067,4.251520634,5.373516083,191.168808,189.9589539,18.35659409,68.47842407,Spring,1
4/25/2029,17.98283386,22.20434189,14.42044926,8.487135887,0.471396804,101.2748642,4.248479843,5.368271828,190.3361664,189.1344757,18.45433998,68.43761444,Spring,1
4/26/2029,18.07760429,22.29922295,14.51314545,8.532710075,0.47141102,101.2776566,4.245228767,5.362741947,189.5207672,188.3312378,18.55289268,68.39642334,Spring,1
4/27/2029,18.1730957,22.39445686,14.60677719,8.578662872,0.471572578,101.2808609,4.241738319,5.356894016,188.721283,187.5479889,18.65228271,68.3547821,Spring,1
4/28/2029,18.26934624,22.49007034,14.70138073,8.62502861,0.471844524,101.2844391,4.237977982,5.350695133,187.9362793,186.7832336,18.75254059,68.31262207,Spring,1
4/29/2029,18.36639214,22.58610725,14.79698467,8.671841621,0.472186774,101.2883682,4.233921051,5.344116211,187.1641693,186.0354462,18.85370636,68.26983643,Spring,1
4/30/2029,18.4642849,22.68260765,14.89362335,8.719139099,0.472557157,101.2926025,4.229538918,5.337128162,186.4033203,185.3029175,18.95581818,68.22633362,Spring,1
5/1/2029,18.56306839,22.77962875,14.99133682,8.766962051,0.472911507,101.2971115,4.224805832,5.329703331,185.6520996,184.5838013,19.05892181,68.18202209,Spring,1
5/2/2029,18.66279984,22.87722397,15.09016132,8.815351486,0.473203987,101.301857,4.219698429,5.321816921,184.9087677,183.8763123,19.16306114,68.13677216,Spring,1
5/3/2029,18.76352882,22.97546196,15.19013596,8.864349365,0.473388016,101.3068085,4.214194298,5.313445091,184.1715698,183.1785126,19.26828575,68.09046936,Spring,1
5/4/2029,18.86531639,23.0744133,15.29130077,8.914001465,0.473415822,101.3119278,4.208272934,5.304569244,183.4388885,182.4885254,19.37464714,68.04296875,Spring,1
5/5/2029,18.96822357,23.17415047,15.39369869,8.964349747,0.473239958,101.3171844,4.201918125,5.295171261,182.7090912,181.8045044,19.48219681,67.99414063,Spring,1
5/6/2029,19.07230568,23.27475929,15.49736595,9.015439034,0.472812921,101.3225403,4.195114613,5.285236359,181.9806213,181.1246033,19.59098434,67.94384003,Spring,1
5/7/2029,19.17762756,23.37631798,15.60234547,9.067312241,0.472088248,101.3279724,4.187851906,5.274755955,181.2520447,180.447052,19.70106888,67.89190674,Spring,1
5/8/2029,19.28424835,23.47891235,15.70867252,9.120005608,0.471020699,101.3334351,4.180120468,5.263720989,180.5220337,179.7702789,19.8125,67.83818054,Spring,1
5/9/2029,19.39222908,23.58263588,15.81638336,9.173561096,0.469566643,101.3388977,4.171915531,5.252128601,179.7894897,179.0927429,19.92533493,67.78249359,Spring,1
5/10/2029,19.50162697,23.68757439,15.92551231,9.228012085,0.467684656,101.3443451,4.163236618,5.239980698,179.0533905,178.4131165,20.03961563,67.72467804,Spring,1
5/11/2029,19.61249924,23.79382133,16.03609085,9.283391953,0.465336025,101.3497391,4.154085159,5.227282047,178.3129425,177.7301331,20.15539551,67.66455078,Spring,1
5/12/2029,19.72489738,23.90146065,16.14814758,9.339725494,0.462485135,101.3550644,4.144467831,5.21404171,177.5675812,177.042923,20.27272415,67.60194397,Spring,1
5/13/2029,19.838871,24.01057816,16.26169968,9.397035599,0.459099591,101.3602829,4.134394169,5.200273991,176.8169098,176.3506317,20.39163399,67.53666687,Spring,1
5/14/2029,19.95446205,24.1212616,16.37677002,9.455341339,0.455150962,101.365387,4.123878956,5.185996056,176.0608215,175.652771,20.51216888,67.46854401,Spring,1
5/15/2029,20.07171249,24.23358536,16.49337196,9.51465416,0.450614899,101.3703537,4.112939835,5.171230793,175.2994385,174.9490051,20.63435745,67.39739227,Spring,1
5/16/2029,20.19065475,24.34762573,16.61150932,9.574977875,0.445471376,101.3751602,4.101597786,5.156005859,174.5330505,174.2392731,20.75823212,67.32303619,Spring,1
5/17/2029,20.31131172,24.46344757,16.73118401,9.636313438,0.439705223,101.3797913,4.089879036,5.140350819,173.7622833,173.5237732,20.88380814,67.24530029,Spring,1
5/18/2029,20.43370056,24.58111382,16.8523922,9.698652267,0.433305889,101.3842468,4.077813148,5.124303341,172.9880066,172.802948,21.01110077,67.16400146,Spring,1
5/19/2029,20.55783272,24.70067406,16.97511864,9.761979103,0.426267922,101.388504,4.065433025,5.10790205,172.2112579,172.0774994,21.14011765,67.07898712,Spring,1
5/20/2029,20.68371391,24.82217026,17.09934235,9.826272964,0.418591022,101.3925552,4.052775383,5.091189384,171.4333801,171.3484039,21.27085876,66.99009705,Spring,1
5/21/2029,20.81132507,24.94563484,17.22503471,9.891504288,0.410280019,101.3963928,4.039879799,5.074212074,170.655899,170.616806,21.40331268,66.89717102,Spring,1
5/22/2029,20.94066048,25.0710907,17.35216141,9.95763588,0.401344806,101.4000168,4.026788712,5.057021618,169.8805389,169.884201,21.53746414,66.80007935,Spring,1
5/23/2029,21.07168388,25.19854736,17.48067665,10.02462387,0.391800553,101.4034271,4.013547421,5.039669514,169.1092682,169.1521912,21.67328262,66.69869995,Spring,1
5/24/2029,21.20435905,25.32800102,17.61052704,10.09241867,0.381667346,101.4066162,4.00020504,5.022212982,168.344162,168.4226074,21.81073189,66.59290314,Spring,1
5/25/2029,21.33864021,25.45943832,17.74165154,10.1609602,0.37097019,101.409584,3.986810684,5.004709721,167.5875397,167.697525,21.94977188,66.48258972,Spring,1
5/26/2029,21.47446442,25.59283257,17.87398148,10.23018265,0.359738797,101.4123306,3.973415613,4.987219334,166.8417358,166.979126,22.09034348,66.36768341,Spring,1
5/27/2029,21.61176682,25.72814178,18.00743675,10.3000164,0.348007381,101.4148712,3.960073471,4.96980381,166.1092377,166.2697296,22.23238754,66.24810791,Spring,1
5/28/2029,21.75045967,25.86531258,18.14193344,10.37038231,0.335813999,101.4171982,3.946838379,4.952525139,165.3926392,165.5717316,22.37582779,66.12382507,Spring,1
5/29/2029,21.89046097,26.00427818,18.27737808,10.44120026,0.323200852,101.4193192,3.933764935,4.935446262,164.6945343,164.8877411,22.52058029,65.99478149,Spring,1
5/30/2029,22.03166962,26.14495659,18.41366959,10.51237965,0.310213566,101.4212494,3.920907259,4.918630123,164.0175781,164.2202606,22.66656113,65.86099243,Spring,1
5/31/2029,22.17397118,26.28725243,18.55069923,10.58382988,0.29690063,101.4229813,3.908320665,4.90213871,163.3643188,163.5719147,22.8136673,65.722435,Spring,1
6/1/2029,22.31725311,26.43106079,18.6883564,10.65545273,0.283313364,101.42453,3.896058083,4.886034012,162.7373657,162.9452362,22.96178818,65.5791626,Summer,2
6/2/2029,22.46138191,26.57626343,18.82651329,10.72715282,0.269505143,101.4259109,3.884171724,4.870376587,162.1391449,162.3428345,23.11081505,65.43121338,Summer,2
6/3/2029,22.60622597,26.72272682,18.96505165,10.79882717,0.255530983,101.4271164,3.872712135,4.855222225,161.572052,161.7671356,23.26062202,65.27867889,Summer,2
6/4/2029,22.75164604,26.87031174,19.10383415,10.87037373,0.2414473,101.4281693,3.861728191,4.84062767,161.0382996,161.2204437,23.41107941,65.1216507,Summer,2
6/5/2029,22.89748764,27.01886559,19.24273109,10.94168854,0.22731097,101.4290695,3.851266146,4.826645374,160.5399323,160.7050629,23.5620575,64.9602356,Summer,2
6/6/2029,23.0436039,27.16823006,19.38160706,11.01266956,0.213179111,101.4298325,3.841368198,4.813323498,160.0788116,160.2229919,23.71341133,64.79459381,Summer,2
6/7/2029,23.18982697,27.31822968,19.52031517,11.08321571,0.199108735,101.4304581,3.832074642,4.800708294,159.6565094,159.776062,23.86499977,64.62489319,Summer,2
6/8/2029,23.33600235,27.46869278,19.65871811,11.15322495,0.185155734,101.4309616,3.823420763,4.78883934,159.2744751,159.3659363,24.01667404,64.45131683,Summer,2
6/9/2029,23.4819622,27.61943054,19.79666901,11.22260284,0.171374783,101.4313431,3.815439224,4.777751923,158.9337158,158.9939575,24.16828537,64.274086,Summer,2
6/10/2029,23.62753868,27.77026176,19.93403244,11.29125404,0.157818615,101.4316101,3.808156013,4.767477989,158.6350403,158.6612549,24.31967926,64.09343719,Summer,2
6/11/2029,23.77256775,27.92098808,20.07065964,11.35909081,0.144537792,101.431778,3.801594973,4.758042812,158.378952,158.3685608,24.47069931,63.90962219,Summer,2
6/12/2029,23.91688156,28.07141685,20.20641518,11.42602921,0.131580248,101.431839,3.795773745,4.749464989,158.1656036,158.1164398,24.62120056,63.72291183,Summer,2
6/13/2029,24.06031227,28.22135353,20.34115982,11.49198914,0.118990839,101.4318008,3.790704489,4.741760254,157.9948425,157.9050446,24.7710228,63.53361893,Summer,2
6/14/2029,24.20269966,28.37059975,20.47476006,11.55690193,0.106810458,101.4316788,3.786395073,4.73493433,157.8660583,157.7341919,24.92001343,63.34205627,Summer,2
6/15/2029,24.34388351,28.51896095,20.60708809,11.62070274,0.095076762,101.4314651,3.782847643,4.728989601,157.7784424,157.603363,25.06803131,63.14855194,Summer,2
6/16/2029,24.48370743,28.66624641,20.73801804,11.68333244,0.083823055,101.4311676,3.780058861,4.723921776,157.7307892,157.5117493,25.21492004,62.95346451,Summer,2
6/17/2029,24.62202454,28.8122654,20.86743164,11.74474525,0.073078312,101.4307785,3.77801919,4.719718933,157.7215118,157.4581451,25.3605442,62.75715256,Summer,2
6/18/2029,24.75868797,28.9568367,20.99521637,11.80490208,0.062866956,101.4303131,3.776714325,4.716363907,157.7487183,157.4409485,25.50476456,62.55999756,Summer,2
6/19/2029,24.89356613,29.09978104,21.12126732,11.86376858,0.05320866,101.4297638,3.776124954,4.713833332,157.8101807,157.4584045,25.64744949,62.36238861,Summer,2
6/20/2029,25.0265255,29.24092674,21.24548721,11.92132664,0.044118412,101.4291229,3.776226282,4.712098122,157.9033813,157.5082397,25.78847122,62.16472626,Summer,2
6/21/2029,25.15745163,29.3801136,21.36778831,11.97756195,0.035606351,101.4284058,3.776988029,4.711121559,158.025528,157.5879669,25.9277153,61.96741486,Summer,2
6/22/2029,25.28622627,29.51718712,21.48808479,12.03247356,0.027677838,101.4276047,3.778375387,4.710864067,158.1735382,157.69487,26.06506348,61.77087402,Summer,2
6/23/2029,25.41275406,29.65200233,21.60630989,12.08606434,0.020333465,101.426712,3.780349255,4.711278915,158.3440857,157.8258972,26.20041275,61.57551956,Summer,2
6/24/2029,25.53694153,29.78442955,21.72239876,12.13835335,0.013569053,101.4257355,3.782865286,4.712315083,158.5336456,157.9777222,26.33366776,61.38176727,Summer,2
6/25/2029,25.65870667,29.91434479,21.83629417,12.18936157,0.00737624,101.4246674,3.785877228,4.713917255,158.7384949,158.1469421,26.46473694,61.19004822,Summer,2
6/26/2029,25.7779789,30.04163551,21.94795609,12.23912525,0.001742404,101.4235153,3.789332628,4.716025829,158.9548187,158.3298798,26.59354401,61.00077057,Summer,2
6/27/2029,25.89469528,30.16620445,22.05734634,12.28768349,-0.003349215,101.4222565,3.79317832,4.718576908,159.1786346,158.5227356,26.72001266,60.81436157,Summer,2
6/28/2029,26.00880623,30.28796387,22.16444016,12.33508682,-0.007918851,101.4209137,3.797357082,4.721505165,159.405899,158.7216187,26.84408188,60.63122559,Summer,2
6/29/2029,26.1202774,30.40683937,22.26921844,12.38138962,-0.011990165,101.4194717,3.801810265,4.724741936,159.6325684,158.9226074,26.96569443,60.4517746,Summer,2
6/30/2029,26.22907066,30.52276802,22.37167358,12.42665577,-0.015589586,101.417923,3.806477308,4.728217125,159.8545837,159.1216888,27.08480453,60.27639389,Summer,2
7/1/2029,26.33517075,30.63570023,22.47180176,12.47095203,-0.018745901,101.4162827,3.81129694,4.731858253,160.0679321,159.3149261,27.20137024,60.10547256,Summer,2
7/2/2029,26.43856049,30.74559212,22.5696125,12.5143528,-0.021490388,101.4145432,3.816206694,4.735593796,160.2687073,159.4983826,27.31536102,59.93938446,Summer,2
7/3/2029,26.5392437,30.8524189,22.66512108,12.55693531,-0.023855072,101.4127045,3.821145058,4.739351749,160.4531403,159.6682587,27.426754,59.77849197,Summer,2
7/4/2029,26.6372242,30.95616341,22.75834274,12.59877968,-0.025873711,101.4107666,3.826049805,4.743059158,160.6175995,159.8209076,27.53553009,59.6231308,Summer,2
7/5/2029,26.73251152,31.0568161,22.84930801,12.63996792,-0.027580028,101.4087372,3.830860853,4.746647835,160.7586975,159.952774,27.64167786,59.473629,Summer,2
7/6/2029,26.82512856,31.15437889,22.9380455,12.68058395,-0.029008059,101.4066086,3.835519552,4.750048161,160.873291,160.0606995,27.74518967,59.33030319,Summer,2
7/7/2029,26.91509819,31.24885941,23.02459145,12.72071266,-0.030191209,101.4043961,3.83996892,4.753194809,160.9585419,160.1415558,27.84606552,59.19343567,Summer,2
7/8/2029,27.00244713,31.34027672,23.10898781,12.76043415,-0.031161819,101.402092,3.844155788,4.756025314,161.0118866,160.1926727,27.94430923,59.06329727,Summer,2
7/9/2029,27.08721161,31.42865181,23.19127083,12.7998333,-0.031950612,101.399704,3.848029137,4.758481026,161.0311127,160.2116547,28.03992462,58.94013977,Summer,2
7/10/2029,27.16942787,31.51401329,23.27148628,12.83898735,-0.032586299,101.3972397,3.851541996,4.760507107,161.0144348,160.1964264,28.13292313,58.82418823,Summer,2
7/11/2029,27.24913597,31.59639549,23.34967613,12.87796974,-0.033094954,101.3947144,3.85465169,4.762054443,160.9604492,160.1453094,28.22331238,58.71564865,Summer,2
7/12/2029,27.32636833,31.67583084,23.42588615,12.916852,-0.0334998,101.392128,3.857320309,4.76307869,160.8681488,160.0570831,28.31110764,58.61470795,Summer,2
7/13/2029,27.4011631,31.75235939,23.5001545,12.95569515,-0.033820603,101.3894806,3.859514236,4.763540745,160.7370148,159.9308929,28.39632034,58.52152252,Summer,2
7/14/2029,27.47356224,31.82601929,23.57252312,12.99455929,-0.034073133,101.386795,3.861204624,4.763409138,160.5669098,159.7663422,28.47895813,58.43622589,Summer,2
7/15/2029,27.54360008,31.89684486,23.64303207,13.033494,-0.034269348,101.384079,3.862369776,4.762657166,160.3582306,159.5634613,28.55904007,58.35894012,Summer,2
7/16/2029,27.61130333,31.96487427,23.71170998,13.07254028,-0.034416653,101.38134,3.86299181,4.761264801,160.1118164,159.3227997,28.63656235,58.28974915,Summer,2
7/17/2029,27.6767025,32.03013611,23.77859306,13.11173153,-0.034517739,101.3785934,3.863060236,4.759221077,159.8289337,159.0453186,28.71154022,58.22872925,Summer,2
7/18/2029,27.73981667,32.09266663,23.84369278,13.15108967,-0.034570467,101.3758469,3.862569809,4.756519318,159.5113983,158.7324677,28.78397369,58.17591858,Summer,2
7/19/2029,27.8006649,32.15248108,23.90703583,13.19062901,-0.034567706,101.3731155,3.861521006,4.753162384,159.1613617,158.3860779,28.85385513,58.13135529,Summer,2
7/20/2029,27.85925484,32.20960236,23.96862793,13.23035431,-0.034497388,101.3704071,3.859921932,4.749157906,158.7814636,158.0085602,28.92118454,58.09502792,Summer,2
7/21/2029,27.91559219,32.26404572,24.02847672,13.27025509,-0.034342233,101.3677444,3.857784271,4.744522572,158.3748169,157.6026154,28.98594284,58.06693649,Summer,2
7/22/2029,27.96966362,32.31581116,24.08657646,13.31031609,-0.03407988,101.3651352,3.855127335,4.73927927,157.9448242,157.1714172,29.04811859,58.04703522,Summer,2
7/23/2029,28.02146339,32.36489487,24.14291382,13.35050392,-0.033682998,101.3625946,3.851975441,4.733457565,157.4953308,156.7185516,29.10768509,58.03527451,Summer,2
7/24/2029,28.07097054,32.41128159,24.19746971,13.39078045,-0.033119563,101.3601379,3.84835887,4.72709322,157.0304565,156.247879,29.16461182,58.03159332,Summer,2
7/25/2029,28.1181488,32.45495987,24.25021172,13.43109322,-0.032353014,101.3577728,3.844312906,4.720229149,156.5546722,155.7636108,29.21886826,58.03588867,Summer,2
7/26/2029,28.16296005,32.49589157,24.30110931,13.47137928,-0.031342335,101.3555145,3.839877844,4.712913036,156.0727081,155.2702942,29.270401,58.04807281,Summer,2
7/27/2029,28.20536232,32.53403854,24.35010719,13.51156902,-0.030042678,101.3533783,3.835098028,4.705199718,155.5894775,154.7726593,29.31917191,58.06802368,Summer,2
7/28/2029,28.24529076,32.56935501,24.39715958,13.55157661,-0.028405618,101.3513794,3.830022573,4.697146416,155.1101074,154.27565,29.36511993,58.0956192,Summer,2
7/29/2029,28.28269005,32.60177994,24.4421978,13.59131336,-0.026379406,101.3495255,3.824703693,4.688817024,154.6398163,153.7844391,29.40818405,58.13071442,Summer,2
7/30/2029,28.31747818,32.63124847,24.48515701,13.63067627,-0.023909971,101.3478241,3.819196939,4.680278301,154.1839294,153.3041992,29.44830322,58.17316055,Summer,2
7/31/2029,28.34958267,32.65768051,24.52595901,13.66955757,-0.020940797,101.3462906,3.813560247,4.671599865,153.747818,152.840271,29.48539734,58.22280884,Summer,2
8/1/2029,28.37890816,32.68100357,24.56451607,13.70784378,-0.017413907,101.3449402,3.807854176,4.662855148,153.3368073,152.3979492,29.51939011,58.2794838,Summer,2
8/2/2029,28.40537071,32.70111847,24.60074234,13.74541092,-0.013270258,101.3437653,3.802140713,4.654117584,152.9561768,151.9825134,29.55020142,58.34301758,Summer,2
8/3/2029,28.42887306,32.71793747,24.63453674,13.78213215,-0.008450339,101.3427887,3.796482325,4.64546442,152.611084,151.5991974,29.57774353,58.4132309,Summer,2
8/4/2029,28.44930458,32.73134995,24.66580772,13.81787682,-0.002895343,101.3420105,3.790941954,4.636970997,152.3065033,151.2530212,29.60193634,58.48994446,Summer,2
8/5/2029,28.46656799,32.7412529,24.69444656,13.85250854,0.003453217,101.3414383,3.785582304,4.628713608,152.0472107,150.9488525,29.62268066,58.57297516,Summer,2
8/6/2029,28.48054886,32.74753952,24.72034645,13.88589382,0.010651939,101.3410721,3.780464649,4.620768547,151.837738,150.6914063,29.63988876,58.66213226,Summer,2
8/7/2029,28.49114037,32.75009918,24.74339867,13.91789341,0.018755248,101.3409271,3.775649548,4.61320734,151.6822815,150.4850159,29.65346909,58.75723267,Summer,2
8/8/2029,28.49824333,32.74882507,24.76349831,13.94836807,0.027814733,101.3409882,3.771194935,4.606102943,151.5846558,150.3337097,29.66333008,58.85808945,Summer,2
8/9/2029,28.5017395,32.74359512,24.78053856,13.9771843,0.037878625,101.3412628,3.767156363,4.599523544,151.5483551,150.2412415,29.66938019,58.96450806,Summer,2
8/10/2029,28.50152969,32.73430634,24.79440689,14.00420856,0.048990667,101.3417587,3.763586283,4.593533039,151.576416,150.2108765,29.67153549,59.07630157,Summer,2
8/11/2029,28.4975071,32.72085571,24.80500603,14.02931118,0.061190378,101.3424683,3.760532379,4.588192463,151.6714172,150.2454681,29.66971207,59.19329071,Summer,2
8/12/2029,28.48958206,32.70314789,24.81223297,14.05236721,0.074511476,101.3433914,3.758039713,4.583557129,151.8354797,150.3474274,29.66382599,59.31528473,Summer,2
8/13/2029,28.47767258,32.68107986,24.81599236,14.07325745,0.088982232,101.3445206,3.756146908,4.579677105,152.0701294,150.5186615,29.65381241,59.44210815,Summer,2
8/14/2029,28.46168137,32.65456772,24.81619644,14.09186935,0.104624592,101.3458557,3.754889488,4.576597214,152.3764496,150.7605438,29.63960266,59.57357788,Summer,2
8/15/2029,28.44155121,32.6235466,24.81276321,14.10810184,0.12145365,101.3473816,3.754295349,4.574355125,152.7549896,151.0739899,29.62113571,59.70951843,Summer,2
8/16/2029,28.41721153,32.58794022,24.8056221,14.12185764,0.139477402,101.3491058,3.754388332,4.572981834,153.2056885,151.4592896,29.59836578,59.84975433,Summer,2
8/17/2029,28.38861275,32.54769516,24.79470444,14.13305283,0.158696428,101.3510208,3.755185604,4.572502136,153.7279663,151.9162445,29.57125092,59.99411774,Summer,2
8/18/2029,28.35572052,32.50278091,24.77995682,14.14161301,0.179103568,101.3531113,3.75669837,4.572933674,154.3206635,152.4440613,29.53975296,60.1424408,Summer,2
8/19/2029,28.31850433,32.45316696,24.76133728,14.14747334,0.200683877,101.3553696,3.758931637,4.57428503,154.9820862,153.0414124,29.5038681,60.29454803,Summer,2
8/20/2029,28.27695465,32.39884186,24.73881531,14.15058613,0.223414302,101.3577957,3.761883736,4.576559067,155.7100067,153.7064819,29.46358109,60.45028687,Summer,2
8/21/2029,28.23107147,32.33981323,24.71236992,14.15090561,0.247263461,101.3603668,3.765547037,4.579751015,156.5016937,154.4368744,29.41889572,60.60948944,Summer,2
8/22/2029,28.18087387,32.27610016,24.68199158,14.14840984,0.27219215,101.3630829,3.769906759,4.583846569,157.3539276,155.2297058,29.36983109,60.77199554,Summer,2
8/23/2029,28.12639809,32.20774841,24.64769173,14.14308167,0.298153013,101.3659363,3.774943113,4.588827133,158.2629242,156.081604,29.31641769,60.93763733,Summer,2
8/24/2029,28.06768799,32.13481522,24.60948372,14.13492012,0.325090766,101.3689194,3.780629158,4.594664097,159.2245789,156.9887848,29.25870132,61.10626984,Summer,2
8/25/2029,28.00481224,32.05737305,24.56740952,14.12393856,0.352942616,101.3720093,3.786932945,4.601322651,160.2343292,157.9469604,29.1967392,61.27770996,Summer,2
8/26/2029,27.93784523,31.97551537,24.52150726,14.11015892,0.38163808,101.3752136,3.793816566,4.608762741,161.2872467,158.9515991,29.13059998,61.45181274,Summer,2
8/27/2029,27.86688995,31.88936615,24.47184372,14.09361649,0.411099762,101.3785095,3.801237822,4.616936684,162.3781128,159.9976959,29.06037521,61.62841034,Summer,2
8/28/2029,27.79205894,31.79904556,24.41848755,14.07436371,0.441243678,101.3818893,3.809148073,4.625791073,163.5014038,161.0799713,28.98615646,61.8073349,Summer,2
8/29/2029,27.71347237,31.70470619,24.3615303,14.05245686,0.471979797,101.3853531,3.8174963,4.635267258,164.6513672,162.1929932,28.90805435,61.98842621,Summer,2
8/30/2029,27.63127708,31.60651207,24.30107117,14.02796841,0.503212035,101.3888931,3.826225996,4.645301342,165.8221283,163.3310242,28.82620239,62.17150497,Summer,2
8/31/2029,27.54562569,31.50464439,24.23722076,14.00097942,0.534839749,101.3924942,3.835279226,4.655827045,167.0076447,164.4882507,28.74072266,62.35639572,Summer,2
9/1/2029,27.45668793,31.39930153,24.17010307,13.97158051,0.566757619,101.3961487,3.844593048,4.666772842,168.2018433,165.6586761,28.65176773,62.54291534,Autumn,3
9/2/2029,27.36463928,31.29069328,24.09985161,13.93987179,0.598856688,101.3998566,3.854104519,4.6780653,169.3986206,166.8363953,28.55949783,62.730896,Autumn,3
9/3/2029,27.26967239,31.17904091,24.02661133,13.90595818,0.631024957,101.4036102,3.863748312,4.689626694,170.5919189,168.0154419,28.464077,62.9201355,Autumn,3
9/4/2029,27.17198944,31.06458092,23.95053291,13.86995697,0.663148165,101.4074097,3.87345767,4.701381207,171.7758026,169.1899261,28.36567688,63.1104393,Autumn,3
9/5/2029,27.0717907,30.94755745,23.87177658,13.83198261,0.695110559,101.4112396,3.883167267,4.713251114,172.9445038,170.3540649,28.26448822,63.30160522,Autumn,3
9/6/2029,26.96929741,30.82822609,23.79051018,13.7921629,0.726795554,101.4150925,3.892810822,4.725158215,174.0924683,171.5023804,28.16069412,63.49343872,Autumn,3
9/7/2029,26.86472511,30.70684242,23.70690536,13.7506218,0.758086801,101.4189835,3.902323246,4.737025261,175.2143555,172.6294708,28.05448914,63.68570709,Autumn,3
9/8/2029,26.75829506,30.58367348,23.62112999,13.70748901,0.788868845,101.4228973,3.911641836,4.748776436,176.3052063,173.7303162,27.94607162,63.8782196,Autumn,3
9/9/2029,26.65023422,30.45898056,23.53336906,13.66289425,0.819027781,101.4268341,3.920706272,4.760340214,177.3603973,174.8002014,27.83564758,64.07072449,Autumn,3
9/10/2029,26.54076195,30.33303833,23.44380188,13.61696529,0.84845221,101.4307861,3.929459095,4.771646023,178.3756714,175.8348236,27.72341156,64.26300812,Autumn,3
9/11/2029,26.4301033,30.20610428,23.3526001,13.56983089,0.877034307,101.434761,3.937845469,4.782628059,179.3473511,176.8302002,27.60956955,64.45483398,Autumn,3
9/12/2029,26.31847572,30.07844734,23.25994492,13.52161407,0.904669821,101.4387512,3.945816755,4.793225765,180.2720642,177.7829742,27.4943161,64.64595032,Autumn,3
9/13/2029,26.20609474,29.9503212,23.16600418,13.4724369,0.931259215,101.4427643,3.953327417,4.803381443,181.1470337,178.690094,27.37785721,64.83612061,Autumn,3
9/14/2029,26.09316444,29.82197571,23.07095528,13.42241287,0.95670867,101.4467926,3.960337639,4.813045979,181.9700623,179.5491333,27.26037598,65.02510071,Autumn,3
9/15/2029,25.97988319,29.69365311,22.97494888,13.3716526,0.980930448,101.4508438,3.966813564,4.822174549,182.7394409,180.3582153,27.14206696,65.21263123,Autumn,3
9/16/2029,25.86643791,29.56558037,22.87814522,13.32025623,1.003843069,101.4549026,3.97272563,4.830729485,183.4541473,181.1159821,27.02310562,65.39846039,Autumn,3
9/17/2029,25.75300598,29.43797302,22.78069115,13.26831818,1.025372624,101.4589844,3.978053093,4.838680744,184.1135559,181.8216095,26.90366364,65.58233643,Autumn,3
9/18/2029,25.63974953,29.31102753,22.68272209,13.21592331,1.045452595,101.4630737,3.982780218,4.846004963,184.717804,182.4749603,26.78390121,65.76398468,Autumn,3
9/19/2029,25.52681923,29.18493652,22.58436394,13.16314602,1.064024806,101.467186,3.986898184,4.852687359,185.2675476,183.0764008,26.66397095,65.94316864,Autumn,3
9/20/2029,25.41434479,29.05985641,22.4857235,13.11005116,1.08103931,101.4713058,3.99040556,4.858721733,185.7640839,183.6268921,26.54401016,66.11962891,Autumn,3
9/21/2029,25.30244255,28.93593788,22.38691139,13.05669212,1.096454978,101.475441,3.993307829,4.864107132,186.2092285,184.1279907,26.42415237,66.29310608,Autumn,3
9/22/2029,25.1912117,28.8133049,22.28800201,13.00311184,1.110239983,101.4795914,3.99561739,4.868853569,186.6053925,184.5817413,26.30450058,66.46334839,Autumn,3
9/23/2029,25.08073235,28.69206238,22.18907356,12.94934177,1.122371078,101.4837494,3.997354031,4.872979164,186.9554443,184.9908142,26.18516159,66.63011932,Autumn,3
9/24/2029,24.97106552,28.57228851,22.09018326,12.89540005,1.132834673,101.4879074,3.998543262,4.876507759,187.2629089,185.3583069,26.06621552,66.79318237,Autumn,3
9/25/2029,24.86225128,28.45404816,21.99137115,12.84129238,1.141625762,101.4920731,3.999218464,4.879472733,187.5316315,185.6878357,25.94773483,66.95230103,Autumn,3
9/26/2029,24.75431061,28.3373661,21.89266014,12.78701687,1.148749471,101.4962311,3.999419451,4.881915569,187.7660522,185.9834747,25.82976532,67.10726166,Autumn,3
9/27/2029,24.64724731,28.22226334,21.79406166,12.73255539,1.154218912,101.5003815,3.999191523,4.883882999,187.9708405,186.2496948,25.71235657,67.25784302,Autumn,3
9/28/2029,24.54104042,28.10871506,21.6955719,12.67788315,1.158056974,101.5045242,3.998585939,4.885430813,188.1511383,186.4912262,25.5955162,67.40385437,Autumn,3
9/29/2029,24.43565369,27.99669266,21.59716225,12.62296104,1.160293937,101.5086441,3.997659683,4.886620522,188.3123779,186.7133484,25.47926331,67.54510498,Autumn,3
9/30/2029,24.33102989,27.88613129,21.49880219,12.56774044,1.160969377,101.5127335,3.996473789,4.887517929,188.4602203,186.9213715,25.3635788,67.68141174,Autumn,3
10/1/2029,24.22709084,27.77695274,21.40043831,12.51216316,1.160129905,101.5167847,3.995095253,4.888196468,188.6005402,187.1208954,25.2484417,67.8126297,Autumn,3
10/2/2029,24.12374687,27.66904449,21.30200195,12.45616436,1.157829642,101.5207977,3.993592978,4.888733864,188.7393188,187.3177795,25.13381195,67.93861389,Autumn,3
10/3/2029,24.02088356,27.56228638,21.20341682,12.3996706,1.154129863,101.5247574,3.992039919,4.889209747,188.8827209,187.5178528,25.01963806,68.05922699,Autumn,3
10/4/2029,23.91837883,27.45653534,21.10458755,12.34259796,1.1490978,101.5286484,3.990511894,4.889708519,189.0368652,187.7270355,24.90584564,68.17436981,Autumn,3
10/5/2029,23.81608963,27.35162163,21.00541115,12.28486061,1.142806411,101.5324631,3.989085913,4.890318394,189.2078552,187.9512787,24.79236603,68.28395081,Autumn,3
10/6/2029,23.71386528,27.24736977,20.90577316,12.226367,1.135333657,101.5361938,3.987840414,4.89112711,189.4017334,188.1963959,24.67910194,68.38790894,Autumn,3
10/7/2029,23.61153984,27.14358521,20.80555344,12.16702175,1.126761913,101.5398254,3.986854315,4.892224312,189.6243591,188.4681244,24.5659523,68.48617554,Autumn,3
10/8/2029,23.50893784,27.04005623,20.70461464,12.10672569,1.117177367,101.5433502,3.98620677,4.893700123,189.8814392,188.772049,24.45280838,68.57873535,Autumn,3
10/9/2029,23.40587807,26.93656731,20.60282516,12.0453825,1.106669307,101.5467529,3.985975504,4.895642281,190.178421,189.1133728,24.33955765,68.66558075,Autumn,3
10/10/2029,23.30217171,26.83289337,20.50003815,11.98289204,1.095328808,101.5500183,3.986236334,4.898138523,190.5204468,189.4972229,24.22606659,68.74671173,Autumn,3
10/11/2029,23.19762421,26.72879982,20.39611053,11.91915607,1.083248854,101.5531464,3.987063169,4.901273727,190.912262,189.9282379,24.11220932,68.82217407,Autumn,3
10/12/2029,23.09204292,26.62405014,20.29089355,11.85408115,1.070523262,101.5561066,3.988526583,4.905130386,191.3582764,190.4107056,23.99785423,68.89202881,Autumn,3
10/13/2029,22.9852314,26.51840019,20.18423653,11.78757668,1.05724597,101.5589066,3.990694046,4.909785748,191.8624268,190.9485626,23.88286591,68.95632935,Autumn,3
10/14/2029,22.87699509,26.41161537,20.07599831,11.71955681,1.043510556,101.5615234,3.993628025,4.915313244,192.4281769,191.5451813,23.76710892,69.01519012,Autumn,3
10/15/2029,22.76714516,26.30346107,19.96603394,11.6499424,1.029408932,101.5639496,3.997387171,4.921780109,193.0585022,192.2034607,23.65044785,69.06872559,Autumn,3
10/16/2029,22.6554985,26.1937027,19.85420418,11.57866287,1.015031219,101.566185,4.00202322,4.929249287,193.7558441,192.9258881,23.53274918,69.11707306,Autumn,3
10/17/2029,22.54187584,26.0821209,19.74038124,11.50565338,1.000465512,101.5682144,4.007582188,4.937774181,194.5220032,193.7142334,23.41389084,69.16038513,Autumn,3
10/18/2029,22.42611122,25.96850204,19.62443542,11.43086433,0.985796452,101.5700302,4.014105797,4.947404861,195.3582764,194.5697937,23.29374313,69.19885254,Autumn,3
10/19/2029,22.30805206,25.85264397,19.50625992,11.35424805,0.971105099,101.5716324,4.021625996,4.958179951,196.2653809,195.4932861,23.17219162,69.23264313,Autumn,3
10/20/2029,22.1875515,25.73436165,19.385746,11.27577877,0.956468523,101.5730133,4.03016901,4.970131397,197.2433472,196.4848175,23.0491333,69.26198578,Autumn,3
10/21/2029,22.06448746,25.61348534,19.26280785,11.19543266,0.941959023,101.574173,4.039753914,4.983284473,198.2917328,197.5438843,22.92446518,69.28709412,Autumn,3
10/22/2029,21.9387455,25.48986816,19.13736343,11.11320877,0.927644551,101.5751038,4.050392151,4.997653484,199.4093323,198.6694183,22.79810333,69.30819702,Autumn,3
10/23/2029,21.81023216,25.3633709,19.00935173,11.02910805,0.913587272,101.5758209,4.062086105,5.013243198,200.5944977,199.8597412,22.66996765,69.32557678,Autumn,3
10/24/2029,21.67887878,25.23388672,18.87872887,10.94315624,0.899843633,101.5763245,4.074831963,5.030052185,201.8449249,201.1126709,22.54000282,69.33946228,Autumn,3
10/25/2029,21.54462242,25.1013279,18.74546242,10.85538483,0.886465192,101.5766144,4.088616848,5.04806757,203.1577911,202.4253845,22.40815353,69.35014343,Autumn,3
10/26/2029,21.40743637,24.96563148,18.60954285,10.76584435,0.873496652,101.5766983,4.103421211,5.067267418,204.5297394,203.7945862,22.27439117,69.35788727,Autumn,3
10/27/2029,21.26730919,24.82675743,18.47097206,10.67459583,0.860977292,101.5765991,4.119215488,5.087622166,205.9568634,205.216507,22.13869095,69.36299133,Autumn,3
10/28/2029,21.1242466,24.68469429,18.32977867,10.58171654,0.848940134,101.5763092,4.135965347,5.109092236,207.434845,206.6868591,22.00105476,69.36573792,Autumn,3
10/29/2029,20.97828865,24.53945541,18.18600082,10.48729897,0.837412238,101.5758591,4.153627396,5.131629944,208.9589386,208.2009125,21.86149216,69.36642456,Autumn,3
10/30/2029,20.82948494,24.39107704,18.03970528,10.39144325,0.826414764,101.575264,4.172152042,5.155180454,210.5239716,209.7536926,21.72003174,69.36534882,Autumn,3
10/31/2029,20.67791748,24.23962975,17.89096642,10.29426765,0.815962791,101.5745316,4.191482067,5.179677963,212.1244812,211.3397217,21.57672119,69.3628006,Autumn,3
11/1/2029,20.52368927,24.08520126,17.73988724,10.19589996,0.806065977,101.5737,4.211555958,5.205051899,213.7546387,212.9533081,21.43161774,69.35908508,Autumn,3
11/2/2029,20.36691856,23.92791557,17.58658981,10.09647942,0.796728373,101.5727768,4.232304573,5.231225491,215.4084473,214.5885468,21.28480148,69.35447693,Autumn,3
11/3/2029,20.20775414,23.76791,17.43120003,9.996159554,0.787949026,101.5717926,4.253654957,5.258112907,217.0796814,216.2392578,21.1363678,69.34927368,Autumn,3
11/4/2029,20.04635811,23.60535431,17.2738781,9.895097733,0.779722154,101.5707703,4.275527954,5.285624981,218.7619934,217.8991852,20.98642349,69.34375,Autumn,3
11/5/2029,19.8829155,23.44043922,17.11478996,9.793462753,0.772037446,101.5697479,4.297842026,5.313666344,220.4489136,219.5619659,20.83508682,69.33817291,Autumn,3
11/6/2029,19.71763229,23.27337837,16.95412064,9.691431046,0.764880538,101.5687485,4.320511818,5.342138767,222.1340179,221.221283,20.68250275,69.33281708,Autumn,3
11/7/2029,19.55072403,23.10440636,16.79206848,9.589186668,0.758233249,101.5677948,4.343448639,5.370938778,223.8108673,222.8707275,20.52881241,69.32791901,Autumn,3
11/8/2029,19.38243294,22.93377304,16.62884712,9.486915588,0.752074242,101.5669327,4.36656189,5.399962425,225.473053,224.5040588,20.37418556,69.32372284,Autumn,3
11/9/2029,19.21300125,22.76175117,16.46467781,9.38480854,0.746379554,101.566185,4.389760017,5.429101467,227.1144409,226.1151886,20.21879005,69.32044983,Autumn,3
11/10/2029,19.042696,22.58862114,16.29979515,9.283060074,0.741122544,101.5655899,4.412951469,5.458247662,228.7289276,227.6981812,20.06280899,69.31832886,Autumn,3
11/11/2029,18.87178993,22.41468048,16.13444328,9.181865692,0.736275017,101.5651779,4.436042786,5.487293243,230.31073,229.2472992,19.90643311,69.3175354,Autumn,3
11/12/2029,18.70056534,22.240242,15.96887016,9.081417084,0.731807232,101.5649796,4.458943367,5.516131878,231.8543396,230.7571411,19.74986076,69.31826782,Autumn,3
11/13/2029,18.52930641,22.06561852,15.80333328,8.981907845,0.727688551,101.565033,4.481563091,5.544654846,233.3545837,232.2226868,19.59329605,69.32067108,Autumn,3
11/14/2029,18.35830879,21.89113426,15.63809013,8.883527756,0.72388792,101.565361,4.503813744,5.572759628,234.8066406,233.6391754,19.43694305,69.3249054,Autumn,3
11/15/2029,18.18786812,21.7171154,15.47340298,8.786460876,0.720374465,101.5660019,4.52560997,5.600343704,236.2060394,235.0023041,19.2810173,69.33110809,Autumn,3
11/16/2029,18.01828003,21.54388809,15.30953503,8.690887451,0.71711725,101.5669861,4.546870708,5.62731123,237.5488434,236.3082275,19.1257267,69.33937073,Autumn,3
11/17/2029,17.84983826,21.3717823,15.14674377,8.596980095,0.714086533,101.5683441,4.567518234,5.653567791,238.8315277,237.5535583,18.97128487,69.34980774,Autumn,3
11/18/2029,17.68283272,21.20112228,14.98529243,8.504901886,0.711253822,101.5700912,4.587479591,5.679026127,240.0510101,238.7353668,18.81790161,69.36248779,Autumn,3
11/19/2029,17.51754951,21.03222466,14.82542706,8.414808273,0.708592057,101.572258,4.606686115,5.703605175,241.204834,239.8512573,18.66578484,69.37745667,Autumn,3
11/20/2029,17.35426521,20.86539841,14.66739941,8.326842308,0.706076026,101.5748672,4.62507534,5.727226734,242.2908936,240.8993988,18.5151329,69.39476776,Autumn,3
11/21/2029,17.19324875,20.70094109,14.51144218,8.241139412,0.703682661,101.5779419,4.642591953,5.74982357,243.3077393,241.8783875,18.36614799,69.41444397,Autumn,3
11/22/2029,17.03475571,20.5391407,14.35778809,8.157818794,0.701391399,101.5814896,4.659184456,5.771333218,244.2544403,242.7874451,18.21901703,69.43649292,Autumn,3
11/23/2029,16.87903023,20.3802681,14.20665264,8.076990128,0.699184,101.5855255,4.674808979,5.791700363,245.1305389,243.626297,18.07391739,69.46089172,Autumn,3
11/24/2029,16.72630119,20.22457886,14.05823994,7.998747826,0.697045505,101.590065,4.68942976,5.810880661,245.9361267,244.3952026,17.93102646,69.48762512,Autumn,3
11/25/2029,16.57677841,20.0723114,13.91274357,7.923171043,0.694963217,101.5951157,4.703016758,5.828834534,246.671814,245.0948944,17.79049873,69.51664734,Autumn,3
11/26/2029,16.43066216,19.92368507,13.7703371,7.850328445,0.69292748,101.6006699,4.715547562,5.845532894,247.3386993,245.7266846,17.65248489,69.54789734,Autumn,3
11/27/2029,16.28812408,19.77889252,13.63118267,7.780269146,0.690931976,101.6067429,4.727007389,5.860954762,247.9383392,246.2922668,17.51712418,69.58131409,Autumn,3
11/28/2029,16.14932823,19.6381073,13.49542141,7.713031769,0.68897295,101.6133118,4.737386703,5.875086784,248.4728241,246.7938843,17.38453484,69.61681366,Autumn,3
11/29/2029,16.0144043,19.50148582,13.36318302,7.648636818,0.687049687,101.6203766,4.746685982,5.887925148,248.9445343,247.2341003,17.2548275,69.65429688,Autumn,3
11/30/2029,15.88347054,19.36915398,13.23457146,7.587091923,0.685164034,101.6279221,4.754910469,5.899473667,249.3563232,247.6159515,17.12809753,69.69366455,Autumn,3
12/1/2029,15.75662613,19.24121094,13.10968113,7.528389454,0.683320522,101.6359406,4.762074471,5.90974474,249.7114258,247.9427948,17.00442314,69.73480225,Winter,0
12/2/2029,15.63393784,19.11773872,12.98857689,7.472507477,0.681526482,101.6444016,4.76819706,5.918759346,250.0133209,248.2182922,16.88386917,69.77758026,Winter,0
12/3/2029,15.51545906,18.99878693,12.8713131,7.419410706,0.679790974,101.6532822,4.773304462,5.926544666,250.2658234,248.4464111,16.76648521,69.82188416,Winter,0
12/4/2029,15.40122032,18.88438797,12.75792503,7.369049072,0.678125441,101.6625595,4.777429104,5.933137417,250.4729309,248.6313324,16.6523056,69.86755371,Winter,0
12/5/2029,15.29122734,18.77454376,12.64842319,7.321362495,0.676542819,101.6721954,4.780609608,5.938577652,250.6389008,248.7773438,16.54134941,69.91446686,Winter,0
12/6/2029,15.18546867,18.66923332,12.54280567,7.276276588,0.675057769,101.6821594,4.782887936,5.942915916,250.7680359,248.8890381,16.43362045,69.96247864,Winter,0
12/7/2029,15.08390808,18.5684166,12.44104862,7.233709335,0.67368567,101.6924057,4.784312248,5.94620657,250.8648529,248.9709473,16.32910919,70.01144409,Winter,0
12/8/2029,14.98649788,18.47202492,12.34311295,7.193564415,0.672443211,101.7028961,4.784935474,5.948509216,250.9338684,249.0277252,16.22779465,70.06118774,Winter,0
12/9/2029,14.89315987,18.37997246,12.24894333,7.155740738,0.67134726,101.7135925,4.784813404,5.949888706,250.9795532,249.0639496,16.12963486,70.11160278,Winter,0
12/10/2029,14.8038063,18.29215431,12.15846634,7.120123863,0.670414925,101.7244339,4.784006119,5.950413704,251.0064545,249.0842438,16.03458405,70.1625061,Winter,0
12/11/2029,14.71833801,18.2084465,12.07159615,7.08659935,0.669663131,101.7353821,4.782574654,5.950156689,251.0189362,249.0930481,15.94257927,70.21375275,Winter,0
12/12/2029,14.63662529,18.12870407,11.98823357,7.055041313,0.669108212,101.7463837,4.780583858,5.949193001,251.0212708,249.0947418,15.85355186,70.26519775,Winter,0
12/13/2029,14.55854034,18.05277443,11.90826607,7.025322914,0.668765783,101.7573853,4.77809906,5.947600365,251.0176392,249.0934296,15.76741791,70.31671143,Winter,0
12/14/2029,14.4839325,17.98048401,11.83156872,6.997311115,0.66865015,101.7683258,4.775187492,5.945457935,251.0119171,249.0930939,15.68408775,70.36813354,Winter,0
12/15/2029,14.41264725,17.91165352,11.758008,6.97087431,0.668774307,101.7791672,4.771916389,5.942844391,251.0077667,249.0973969,15.60346603,70.41934967,Winter,0
12/16/2029,14.34451866,17.84609413,11.68744183,6.945877075,0.669149339,101.7898331,4.768352509,5.939840317,251.0086365,249.1097107,15.52544498,70.47020721,Winter,0
12/17/2029,14.27937508,17.78360558,11.61972332,6.92218399,0.669784546,101.8002853,4.764561653,5.936525345,251.0176392,249.133194,15.4499197,70.52059174,Winter,0
12/18/2029,14.21703911,17.72398758,11.55469608,6.899664402,0.670686543,101.8104553,4.76060915,5.932976723,251.0375977,249.1705017,15.37677479,70.57038116,Winter,0
12/19/2029,14.15732765,17.66703415,11.49220085,6.878185749,0.67185986,101.8202972,4.756558895,5.929271698,251.0708771,249.2240143,15.30589581,70.61946106,Winter,0
12/20/2029,14.1000576,17.61253548,11.43208122,6.8576231,0.673306406,101.8297653,4.752470493,5.925483704,251.1196594,249.2957611,15.23716545,70.66772461,Winter,0
12/21/2029,14.04504967,17.56028748,11.3741684,6.837853432,0.675025284,101.8387909,4.748403549,5.921683788,251.1856232,249.3872986,15.17046547,70.71508026,Winter,0
12/22/2029,13.99211693,17.51008797,11.31830788,6.818760872,0.677012384,101.8473434,4.744411469,5.917940617,251.2701263,249.4998322,15.10567856,70.76141357,Winter,0
12/23/2029,13.94108772,17.46173859,11.26433372,6.800234318,0.679261148,101.8553619,4.740547657,5.914316654,251.374115,249.6341553,15.04269409,70.80665588,Winter,0
12/24/2029,13.89178371,17.41504669,11.21209526,6.782171249,0.681761861,101.8628082,4.736858368,5.910870552,251.4981384,249.7906494,14.98139763,70.85072327,Winter,0
12/25/2029,13.84404469,17.36983299,11.16143513,6.764475822,0.684501767,101.8696442,4.73338747,5.9076581,251.6423645,249.9692535,14.92168331,70.89353943,Winter,0
12/26/2029,13.7977066,17.32592392,11.11221123,6.747062683,0.68746531,101.875824,4.730173588,5.904727936,251.8066254,250.1695557,14.8634491,70.93504333,Winter,0
12/27/2029,13.75261974,17.28315544,11.06428432,6.72985363,0.690634072,101.8813248,4.72725153,5.902124405,251.9902954,250.3907928,14.80659676,70.97517395,Winter,0
12/28/2029,13.70865059,17.24138641,11.0175209,6.712780952,0.693986833,101.886116,4.72465086,5.899885178,252.1925507,250.6317291,14.75104141,71.0138855,Winter,0
12/29/2029,13.66566658,17.2004776,10.97180557,6.695785522,0.69750005,101.8901672,4.722394943,5.898044109,252.4120331,250.8908844,14.69670105,71.05111694,Winter,0
12/30/2029,13.62355709,17.16031456,10.92701817,6.678819656,0.701147497,101.8934631,4.720504761,5.896625519,252.6472473,251.1663818,14.64350224,71.08683777,Winter,0
12/31/2029,13.58221626,17.1207943,10.88306427,6.661845207,0.704901338,101.8959808,4.718993664,5.895651817,252.8963318,251.4561005,14.59138012,71.12100983,Winter,0
1/1/2030,13.54155922,17.0818367,10.83985043,6.644832134,0.708731234,101.8977127,4.717871666,5.895136833,253.1571655,251.7576904,14.5402832,71.1536026,Winter,0
1/2/2030,13.50151157,17.04336929,10.79730034,6.627764702,0.712605655,101.8986588,4.717142105,5.895089149,253.4274292,252.0684204,14.4901638,71.18460083,Winter,0
1/3/2030,13.46201515,17.0053463,10.75534821,6.610632896,0.71649164,101.8988113,4.716805458,5.895512104,253.7045746,252.385498,14.44098949,71.213974,Winter,0
1/4/2030,13.42302227,16.96773338,10.71394253,6.593438148,0.720355213,101.8981781,4.71685648,5.896401882,253.9859009,252.7059479,14.39273453,71.24171448,Winter,0
1/5/2030,13.38451195,16.9305172,10.67304039,6.576190948,0.724161804,101.8967667,4.717285156,5.897749901,254.2685852,253.0265808,14.34538078,71.26780701,Winter,0
1/6/2030,13.34646416,16.89370537,10.632617,6.558910847,0.727876425,101.8945847,4.718076706,5.899543285,254.5496979,253.344223,14.29893017,71.29223633,Winter,0
1/7/2030,13.30888462,16.85731888,10.59265614,6.541623116,0.731464446,101.8916626,4.719214439,5.901762486,254.8262787,253.6555786,14.25338459,71.31500244,Winter,0
1/8/2030,13.27178383,16.82139015,10.55315495,6.524364471,0.734891117,101.8880157,4.720675945,5.904384136,255.0952606,253.9573212,14.20875549,71.33610535,Winter,0
1/9/2030,13.23519135,16.78598022,10.51412678,6.507175922,0.738123059,101.8836746,4.722434998,5.907379627,255.3536987,254.2462158,14.16507149,71.35553741,Winter,0
1/10/2030,13.19915485,16.75115395,10.47558689,6.490105629,0.741127491,101.8786697,4.724463463,5.910717964,255.5986176,254.5190735,14.12236404,71.37330627,Winter,0
1/11/2030,13.16372299,16.71699715,10.43757534,6.47320652,0.743873417,101.8730392,4.726730347,5.914361954,255.8271637,254.7727814,14.08067322,71.38941193,Winter,0
1/12/2030,13.12896824,16.6836071,10.40013027,6.456535339,0.746331453,101.8668213,4.729202271,5.918275356,256.0365601,255.0042877,14.04004765,71.40385437,Winter,0
1/13/2030,13.09496021,16.65108871,10.36330795,6.44015646,0.748474598,101.860054,4.731842518,5.92241478,256.2242126,255.2108765,14.00054073,71.41664124,Winter,0
1/14/2030,13.06179237,16.61956406,10.32717037,6.424132347,0.750277758,101.8527985,4.734614372,5.926736832,256.3876343,255.3898621,13.96221542,71.42778778,Winter,0
1/15/2030,13.02955627,16.5891571,10.29178524,6.408531666,0.751719058,101.8450851,4.737479687,5.931197166,256.5245667,255.5388489,13.92514038,71.43729401,Winter,0
1/16/2030,12.99835396,16.56000137,10.25723171,6.393421173,0.752779305,101.8369751,4.74039793,5.935747623,256.6330261,255.6556702,13.88938332,71.44515991,Winter,0
1/17/2030,12.96829605,16.53224373,10.22359371,6.378870964,0.753442109,101.8285217,4.743329525,5.940340042,256.7111816,255.7384796,13.85501957,71.45140076,Winter,0
1/18/2030,12.93949223,16.5060215,10.19095898,6.36494875,0.75369513,101.8197784,4.746234417,5.944927216,256.7575073,255.7856293,13.8221283,71.45603943,Winter,0
1/19/2030,12.91206169,16.48148346,10.15942383,6.351722717,0.753528714,101.810791,4.749072552,5.949460983,256.7706604,255.7957916,13.7907877,71.45906067,Winter,0
1/20/2030,12.88612366,16.45878029,10.12908268,6.339255333,0.752937436,101.8016357,4.751804829,5.953892708,256.7497253,255.7679749,13.76107883,71.46047974,Winter,0
1/21/2030,12.86179161,16.43805885,10.10003376,6.327612877,0.751918912,101.7923508,4.754393101,5.958175182,256.6939392,255.7015228,13.73307991,71.46031189,Winter,0
1/22/2030,12.8391943,16.4194603,10.0723753,6.316851616,0.750474989,101.7829971,4.756800652,5.962263584,256.6029358,255.5960388,13.70687485,71.45856476,Winter,0
1/23/2030,12.81843948,16.40312576,10.04621029,6.307028294,0.748610675,101.7736282,4.758991718,5.966113091,256.4765015,255.4515228,13.68253803,71.4552536,Winter,0
1/24/2030,12.79964828,16.38919449,10.02163506,6.298193932,0.74633491,101.7642975,4.760932446,5.969680786,256.3148499,255.268219,13.66014481,71.45039368,Winter,0
1/25/2030,12.78292847,16.37779236,9.998745918,6.290393353,0.743660092,101.7550659,4.762591839,5.972928524,256.1184082,255.0467377,13.63976955,71.44397736,Winter,0
1/26/2030,12.76838589,16.36904144,9.977636337,6.283668518,0.740602136,101.7459717,4.763940334,5.975817204,255.8878937,254.7879333,13.62147903,71.43603516,Winter,0
1/27/2030,12.75611687,16.36305046,9.958395004,6.278052807,0.737180114,101.7370605,4.764950752,5.978312016,255.6242371,254.4930115,13.60533524,71.42657471,Winter,0
1/28/2030,12.74621582,16.35992432,9.941109657,6.273576736,0.73341608,101.7283859,4.765599728,5.980381966,255.3286591,254.1634064,13.59139919,71.41561127,Winter,0
1/29/2030,12.73876667,16.35975075,9.925857544,6.270259857,0.72933495,101.719986,4.765864849,5.981997967,255.002594,253.8008118,13.57972145,71.40316772,Winter,0
1/30/2030,12.73384285,16.36260605,9.912711143,6.268121719,0.724964321,101.7118988,4.765727997,5.98313427,254.6476746,253.4071503,13.57034779,71.38925934,Winter,0
1/31/2030,12.73151302,16.36855316,9.901737213,6.267168522,0.720334113,101.704155,4.765173435,5.983769894,254.2656708,252.9845428,13.56331635,71.37390137,Winter,0
2/1/2030,12.7318306,16.3776474,9.892996788,6.267405987,0.715476096,101.696785,4.764188766,5.983885765,253.8586426,252.5352783,13.55866241,71.35712433,Winter,0
2/2/2030,12.73483849,16.38992119,9.886539459,6.268831253,0.710423589,101.6898117,4.762764454,5.983466625,253.4285889,252.0617523,13.55640697,71.33894348,Winter,0
2/3/2030,12.7405777,16.40539932,9.882409096,6.27143383,0.70521152,101.6832581,4.760891914,5.98250246,252.9777222,251.5665588,13.55657101,71.31938934,Winter,0
2/4/2030,12.74906826,16.42408752,9.88064003,6.27519989,0.699875474,101.6771469,4.758568764,5.980983257,252.5083618,251.0523376,13.55915928,71.2984848,Winter,0
2/5/2030,12.76032257,16.44598007,9.881258965,6.280107975,0.694451809,101.6714783,4.755793095,5.978905678,252.0227814,250.521759,13.56417847,71.27627563,Winter,0
2/6/2030,12.77434349,16.47105789,9.884284019,6.286132813,0.688976705,101.6662674,4.752566338,5.976268768,251.5233459,249.9775543,13.57161903,71.2527771,Winter,0
2/7/2030,12.79112148,16.49928474,9.889723778,6.293244362,0.683486581,101.6615143,4.748893261,5.973073959,251.0123291,249.4223785,13.58146954,71.22802734,Winter,0
2/8/2030,12.81063843,16.53061295,9.897578239,6.30140686,0.678016901,101.6572113,4.744779587,5.969326496,250.4920044,248.8588715,13.5937109,71.20207214,Winter,0
2/9/2030,12.83285904,16.56498146,9.907839775,6.310582161,0.672602415,101.6533585,4.740234375,5.965035439,249.9646149,248.2896423,13.60831451,71.17494202,Winter,0
2/10/2030,12.85774994,16.60231972,9.920492172,6.320728302,0.667276382,101.6499405,4.73526907,5.960210323,249.4322052,247.7171631,13.62524796,71.146698,Winter,0
2/11/2030,12.88525867,16.64253616,9.935509682,6.331800461,0.662070632,101.6469345,4.729896545,5.954864979,248.8968811,247.1437073,13.64447021,71.11735535,Winter,0
2/12/2030,12.91532803,16.68554115,9.952864647,6.343751907,0.657014549,101.6443329,4.724131107,5.949015617,248.3603363,246.5714874,13.66593647,71.0869751,Winter,0
2/13/2030,12.94789028,16.73122597,9.972515106,6.356533051,0.652135789,101.6420975,4.717988968,5.942679882,247.8243103,246.0024872,13.68959618,71.05561829,Winter,0
2/14/2030,12.98287392,16.77947998,9.994416237,6.370095253,0.64745909,101.640213,4.711488247,5.935876846,247.2902832,245.4384613,13.71539307,71.02332306,Winter,0
2/15/2030,13.02019882,16.83017921,10.0185194,6.384389877,0.643006325,101.6386414,4.704647541,5.928629398,246.759552,244.8809967,13.74326897,70.99014282,Winter,0
2/16/2030,13.05977821,16.88319969,10.04476452,6.399364948,0.638796628,101.6373444,4.697486877,5.920959473,246.2332001,244.3313599,13.77316093,70.95613098,Winter,0
2/17/2030,13.10152149,16.93840599,10.07309437,6.414972305,0.634845555,101.6362839,4.690027714,5.912891388,245.7119751,243.7906189,13.80500221,70.92134094,Winter,0
2/18/2030,13.14533424,16.99566269,10.10344028,6.431163788,0.631165504,101.6354294,4.682290077,5.904450893,245.196579,243.2595825,13.83872604,70.88581848,Winter,0
2/19/2030,13.19111633,17.05483246,10.13573551,6.447894573,0.627765357,101.6347275,4.674295902,5.895662785,244.6873322,242.7386932,13.87426281,70.84963989,Winter,0
2/20/2030,13.23877144,17.11577225,10.16990852,6.465121269,0.6246503,101.6341476,4.666068077,5.886554241,244.1843414,242.228241,13.91154289,70.81285858,Winter,0
2/21/2030,13.28819847,17.17834663,10.20588493,6.482802391,0.621822119,101.6336288,4.657627583,5.87715292,243.6875,241.7281647,13.95049477,70.7755127,Winter,0
2/22/2030,13.33929253,17.24241447,10.24359226,6.500901222,0.619279087,101.6331406,4.648997784,5.867483616,243.1964111,241.2380981,13.99104881,70.73767853,Winter,0
2/23/2030,13.39195251,17.30783463,10.2829504,6.519382477,0.617015719,101.6326218,4.640199184,5.857575417,242.710495,240.7574921,14.03313637,70.69940186,Winter,0
2/24/2030,13.44608212,17.37448311,10.32388687,6.538216591,0.615023196,101.6320419,4.631254196,5.847453594,242.2288818,240.2854614,14.07668686,70.66073608,Winter,0
2/25/2030,13.50157928,17.4422226,10.36632729,6.557376862,0.613289416,101.6313477,4.622182846,5.837144852,241.7505646,239.8208923,14.12163925,70.62173462,Winter,0
2/26/2030,13.55835152,17.51093483,10.41019535,6.576841354,0.611799181,101.6304932,4.613006592,5.826675892,241.2742767,239.3624573,14.16792488,70.58244324,Winter,0
2/27/2030,13.61630821,17.58050156,10.4554224,6.596593857,0.610534251,101.6294403,4.603745937,5.816070557,240.7986145,238.9085999,14.21548748,70.54292297,Winter,0
2/28/2030,13.67535782,17.65081215,10.50193787,6.616619587,0.609473884,101.6281433,4.594418526,5.805354595,240.3219757,238.45755,14.26426888,70.5032196,Winter,0
3/1/2030,13.73542213,17.72176552,10.54967213,6.636908531,0.608594537,101.626564,4.58504343,5.794550419,239.8426208,238.0073242,14.31421471,70.46336365,Spring,1
3/2/2030,13.79642105,17.79326439,10.59856319,6.657459736,0.607870936,101.6246719,4.575638771,5.78368187,239.3587189,237.555954,14.36527443,70.42341614,Spring,1
3/3/2030,13.858284,17.86522865,10.64855099,6.678269386,0.607275784,101.6224213,4.566221237,5.772770405,238.8683319,237.1011505,14.41740608,70.38339233,Spring,1
3/4/2030,13.92094231,17.9375782,10.69957733,6.699343681,0.60678035,101.6197968,4.556807518,5.761837482,238.3694305,236.6406403,14.47056389,70.34335327,Spring,1
3/5/2030,13.98433876,18.010252,10.75159264,6.720689774,0.606354594,101.6167603,4.547412395,5.750902653,237.8599701,236.1720428,14.52471733,70.30331421,Spring,1
3/6/2030,14.04841805,18.0831871,10.80454636,6.742320061,0.605967939,101.6132965,4.538051128,5.739984989,237.3378754,235.6929932,14.57982635,70.26330566,Spring,1
3/7/2030,14.11313438,18.15634155,10.85839653,6.764248848,0.60558939,101.609375,4.528736591,5.729102612,236.8010864,235.2010803,14.63586903,70.22335815,Spring,1
3/8/2030,14.17844582,18.22967911,10.9131031,6.786494255,0.605187833,101.6049881,4.519482136,5.718271732,236.2476044,234.6938629,14.6928196,70.18348694,Spring,1
3/9/2030,14.2443161,18.30316544,10.9686327,6.809076309,0.604732633,101.6001282,4.510301113,5.707509995,235.6754456,234.1690826,14.75065994,70.14372253,Spring,1
3/10/2030,14.31071854,18.37678719,11.02495384,6.832019806,0.604193687,101.5947723,4.501204491,5.696831226,235.0827332,233.6244659,14.80937195,70.10406494,Spring,1
3/11/2030,14.37763214,18.45053291,11.08204079,6.85534668,0.603542387,101.5889435,4.492203236,5.686249256,234.4677582,233.0578156,14.86894894,70.06452942,Spring,1
3/12/2030,14.44503784,18.52440262,11.13987255,6.879085541,0.602751195,101.5826187,4.483308315,5.675779343,233.8288422,232.4672089,14.92938042,70.02511597,Spring,1
3/13/2030,14.5129261,18.59839821,11.19843102,6.903262138,0.6017946,101.5758209,4.47453022,5.665432453,233.1645813,231.8507843,14.99066162,69.9858551,Spring,1
3/14/2030,14.5812912,18.67253494,11.25770378,6.927903175,0.600649118,101.5685501,4.46587801,5.655220032,232.4736633,231.2068634,15.05279446,69.94671631,Spring,1
3/15/2030,14.65012741,18.74683189,11.31768322,6.953038216,0.599293768,101.5608292,4.457361698,5.645154476,231.7550201,230.5339966,15.11577797,69.90771484,Spring,1
3/16/2030,14.71944427,18.82131386,11.37835789,6.978693008,0.597710133,101.5526733,4.448988914,5.6352458,231.007782,229.8310089,15.17961693,69.86883545,Spring,1
3/17/2030,14.78924179,18.89601135,11.43972969,7.00489378,0.595882833,101.5441055,4.440768719,5.625503063,230.2312927,229.0968781,15.2443161,69.83009338,Spring,1
3/18/2030,14.85953712,18.97095871,11.50179482,7.031665802,0.593799412,101.5351563,4.432709217,5.615936279,229.4251556,228.3308716,15.30988312,69.79145813,Spring,1
3/19/2030,14.93033409,19.04619408,11.56455708,7.05903244,0.59145087,101.525856,4.424818039,5.606552601,228.5892029,227.5325775,15.37632561,69.75292206,Spring,1
3/20/2030,15.00165176,19.1217556,11.62801647,7.087014198,0.588831306,101.5162277,4.417103291,5.597361088,227.7235107,226.7017822,15.44365406,69.71447754,Spring,1
3/21/2030,15.07350731,19.19768333,11.69218254,7.115631104,0.585938573,101.5063248,4.409571171,5.58836937,226.8283844,225.8385925,15.51187897,69.67611694,Spring,1
3/22/2030,15.14591408,19.27401924,11.75706196,7.144898415,0.582773983,101.49617,4.402229309,5.579582691,225.9044342,224.9433136,15.581007,69.63781738,Spring,1
3/23/2030,15.21889114,19.35080719,11.82265949,7.174829483,0.579342365,101.485817,4.395083904,5.571008205,224.9524994,224.0167236,15.65104866,69.5995636,Spring,1
3/24/2030,15.29245758,19.42808914,11.88898754,7.205434799,0.575651765,101.4753113,4.388140678,5.562651634,223.9735718,223.0596466,15.72201347,69.56134033,Spring,1
3/25/2030,15.36663055,19.50589943,11.95605087,7.236720085,0.571713984,101.4646835,4.381406307,5.554516792,222.9690094,222.0732727,15.79390621,69.52313995,Spring,1
3/26/2030,15.44142723,19.58427811,12.02386284,7.268691063,0.567543864,101.4539948,4.374885559,5.546609402,221.9402924,221.0590973,15.86673546,69.48493958,Spring,1
3/27/2030,15.51686096,19.6632576,12.09242821,7.301344872,0.563159347,101.4432907,4.368582726,5.53893137,220.8891144,220.0187988,15.94050407,69.4467392,Spring,1
3/28/2030,15.59294891,19.74287033,12.16175747,7.334681511,0.558581352,101.4326096,4.362502575,5.531486034,219.8174133,218.9542084,16.01521492,69.4085083,Spring,1
3/29/2030,15.66969872,19.8231411,12.23185635,7.368691444,0.553833365,101.4220123,4.356647968,5.52427578,218.7272034,217.8674927,16.0908699,69.37024689,Spring,1
3/30/2030,15.74712563,19.90409279,12.30273247,7.403366089,0.548941433,101.4115372,4.351021767,5.517300606,217.6207123,216.7609558,16.16746902,69.3319397,Spring,1
3/31/2030,15.82523537,19.98574448,12.37439251,7.43869257,0.543933451,101.4012451,4.345626831,5.510560513,216.5002594,215.6370087,16.24500656,69.2935791,Spring,1
4/1/2030,15.90403366,20.0681057,12.44683743,7.474654198,0.538839161,101.3911667,4.340462685,5.504054546,215.3682861,214.49823,16.3234787,69.25515747,Spring,1
4/2/2030,15.98352432,20.15118217,12.52007484,7.511232376,0.533689797,101.3813553,4.335528851,5.497779369,214.2273102,213.3473511,16.40287971,69.2166748,Spring,1
4/3/2030,16.06370735,20.23497963,12.59410381,7.548406601,0.528517485,101.3718491,4.330824852,5.491732597,213.0798492,212.1871185,16.48319626,69.17811584,Spring,1
4/4/2030,16.14458275,20.31949806,12.6689291,7.586154461,0.523355126,101.3627014,4.326348782,5.485908031,211.9284668,211.0203552,16.56442451,69.13949585,Spring,1
4/5/2030,16.2261467,20.40472794,12.74454594,7.62444973,0.518235683,101.3539352,4.322095394,5.480298996,210.7757874,209.8499298,16.64654732,69.10079956,Spring,1
4/6/2030,16.30839348,20.49065399,12.82095718,7.663268089,0.513191998,101.3456039,4.318060398,5.474898338,209.6242981,208.6786804,16.72954941,69.06202698,Spring,1
4/7/2030,16.39131737,20.57726288,12.89816189,7.702579975,0.508256435,101.3377304,4.314236641,5.469696045,208.476532,207.5093994,16.81341934,69.0231781,Spring,1
4/8/2030,16.47490692,20.66453552,12.97615337,7.742361069,0.503460228,101.3303452,4.31061697,5.464679718,207.3348389,206.3448334,16.89813995,68.98427582,Spring,1
4/9/2030,16.55915451,20.75244331,13.05493355,7.782582283,0.498833328,101.3234787,4.307189465,5.459837914,206.2015533,205.1876526,16.98369598,68.9453125,Spring,1
4/10/2030,16.64404488,20.84096527,13.13449574,7.823217392,0.494403839,101.3171616,4.303943634,5.455154896,205.0788269,204.0404053,17.07006454,68.90628052,Spring,1
4/11/2030,16.7295723,20.93006706,13.21483994,7.86424017,0.490197659,101.3114014,4.300866127,5.450614452,203.9686737,202.9054108,17.15723801,68.8671875,Spring,1
4/12/2030,16.81572342,21.01972008,13.29596043,7.905626774,0.486238241,101.3062286,4.297942162,5.446197987,202.8729553,201.7850189,17.24519348,68.82804871,Spring,1
4/13/2030,16.90248489,21.1098938,13.37785816,7.947352886,0.48254627,101.3016434,4.295154572,5.441885948,201.793335,200.6812286,17.33391953,68.78886414,Spring,1
4/14/2030,16.98984718,21.20055199,13.46052837,7.989399433,0.47913903,101.2976608,4.292485714,5.437655449,200.7312622,199.5958252,17.42339897,68.74962616,Spring,1
4/15/2030,17.07780266,21.29166603,13.54397106,8.031746864,0.476030588,101.2942963,4.289914608,5.433484077,199.6879883,198.5305328,17.51362038,68.71032715,Spring,1
4/16/2030,17.16634178,21.38320351,13.62819099,8.074381828,0.473231405,101.2915344,4.287420273,5.429346561,198.6645508,197.4866638,17.6045742,68.67098999,Spring,1
4/17/2030,17.25545883,21.4751339,13.71318531,8.117291451,0.470747858,101.2893753,4.28497982,5.425215244,197.6617584,196.4654083,17.69625092,68.63157654,Spring,1
4/18/2030,17.3451519,21.5674324,13.79896259,8.16046524,0.468582451,101.2878265,4.282567501,5.421062946,196.6801147,195.4675751,17.7886467,68.59209442,Spring,1
4/19/2030,17.43541908,21.66007423,13.8855257,8.203903198,0.466733694,101.2868729,4.280158043,5.41685915,195.7199554,194.4938965,17.88175583,68.55252838,Spring,1
4/20/2030,17.52626801,21.75304222,13.97288704,8.247600555,0.465195626,101.286499,4.277723789,5.412574291,194.7814026,193.5447235,17.97558212,68.51285553,Spring,1
4/21/2030,17.61769867,21.84631729,14.06105423,8.291563034,0.463958204,101.2866898,4.275237083,5.408175945,193.8642883,192.6201172,18.07012558,68.47303772,Spring,1
4/22/2030,17.70972824,21.93989372,14.15004444,8.335796356,0.463007271,101.2874222,4.272668839,5.403633118,192.9682617,191.7199707,18.16540146,68.43306732,Spring,1
4/23/2030,17.80236435,22.0337677,14.23987007,8.380315781,0.46232444,101.2886887,4.269988537,5.398911476,192.0926819,190.8439331,18.26141739,68.39289093,Spring,1
4/24/2030,17.89562988,22.12793732,14.33055401,8.425134659,0.4618873,101.290451,4.267167091,5.393978119,191.2368011,189.991333,18.35818863,68.35246277,Spring,1
4/25/2030,17.98954964,22.22241402,14.42211723,8.470273972,0.461669624,101.2926941,4.264173985,5.388800621,190.3996429,189.1613312,18.45573616,68.31173706,Spring,1
4/26/2030,18.08414459,22.31721306,14.51458168,8.515756607,0.46164152,101.2953796,4.260978222,5.383345127,189.5800476,188.35289,18.55408478,68.27064514,Spring,1
4/27/2030,18.1794529,22.41235733,14.60797882,8.561613083,0.46176964,101.2984848,4.25755024,5.377579212,188.7767181,187.5647583,18.65326118,68.22912598,Spring,1
4/28/2030,18.27550888,22.50787354,14.7023344,8.607872009,0.462017655,101.3019791,4.253860474,5.371470928,187.9882355,186.7955475,18.75329971,68.18710327,Spring,1
4/29/2030,18.3723526,22.60379982,14.79768562,8.654569626,0.462346107,101.3058167,4.249879837,5.364990234,187.213028,186.0436859,18.8542366,68.14448547,Spring,1
4/30/2030,18.47002983,22.70018005,14.894063,8.701742172,0.46271351,101.3099747,4.245581627,5.35810709,186.4495544,185.3074799,18.95610809,68.1011734,Spring,1
5/1/2030,18.56858635,22.79706383,14.99150276,8.749429703,0.463076144,101.3144226,4.240938663,5.350793362,185.6960754,184.5851898,19.05895996,68.05706787,Spring,1
5/2/2030,18.66807365,22.89451027,15.09004688,8.797673225,0.463388443,101.3191147,4.235926628,5.343024731,184.9509277,183.8749695,19.16283417,68.0120697,Spring,1
5/3/2030,18.76854897,22.99258041,15.18972874,8.846514702,0.463604033,101.3240204,4.230524063,5.334776402,184.2123566,183.1749268,19.26778412,67.96603394,Spring,1
5/4/2030,18.87006569,23.09134865,15.2905941,8.895999908,0.46367538,101.3291016,4.224709034,5.326028824,183.4786987,182.4831848,19.37385559,67.91885376,Spring,1
5/5/2030,18.97268677,23.19088173,15.39268017,8.946169853,0.463554859,101.3343277,4.218463898,5.316761971,182.7483215,181.797821,19.48110199,67.87036896,Spring,1
5/6/2030,19.07646942,23.29126358,15.49602604,8.997070313,0.463194996,101.3396606,4.211773872,5.306962967,182.0196838,181.1170654,19.58957672,67.82044983,Spring,1
5/7/2030,19.1814785,23.39257622,15.60067177,9.048742294,0.46254915,101.3450699,4.20462656,5.296619415,181.2912598,180.4390869,19.69933128,67.76893616,Spring,1
5/8/2030,19.28776741,23.49490547,15.70665741,9.101228714,0.461571455,101.3505249,4.197012901,5.285723209,180.5617218,179.7622833,19.8104229,67.71568298,Spring,1
5/9/2030,19.39540291,23.59833908,15.81402111,9.154563904,0.460217953,101.3559952,4.188926697,5.274271011,179.829895,179.0850372,19.92289734,67.66049194,Spring,1
5/10/2030,19.50444031,23.70296669,15.92279243,9.208789825,0.458446652,101.3614502,4.180366039,5.262261868,179.0947723,178.4060516,20.03681564,67.60322571,Spring,1
5/11/2030,19.61493874,23.80887604,16.03300858,9.263933182,0.456218213,101.3668671,4.171332359,5.249700069,178.355484,177.7240295,20.15221596,67.54370117,Spring,1
5/12/2030,19.7269516,23.91615868,16.14469147,9.320026398,0.453496039,101.3722076,4.161830425,5.236593246,177.6113739,177.0379333,20.26915169,67.4817276,Spring,1
5/13/2030,19.84052467,24.02489853,16.25786972,9.377090454,0.45024696,101.3774567,4.151870251,5.222955704,176.8620605,176.3469849,20.38766098,67.41713715,Spring,1
5/14/2030,19.95571136,24.13518333,16.37255859,9.435146332,0.446441561,101.3825912,4.141463757,5.208803654,176.1073151,175.6505585,20.50778961,67.3497467,Spring,1
5/15/2030,20.07254219,24.24708939,16.48877716,9.494205475,0.442054391,101.3875885,4.130628109,5.194158077,175.347229,174.9482574,20.62956238,67.27937317,Spring,1
5/16/2030,20.19105721,24.36069298,16.60652924,9.554276466,0.437064409,101.3924332,4.119384766,5.1790452,174.5820465,174.2400208,20.7530117,67.20582581,Spring,1
5/17/2030,20.31128502,24.47606468,16.72581863,9.61536026,0.431455076,101.3971176,4.107757568,5.163495541,173.8123322,173.5259399,20.87816048,67.12895203,Spring,1
5/18/2030,20.43323898,24.59326553,16.84664536,9.677448273,0.425214767,101.4016113,4.095775604,5.147542,173.0388184,172.806366,21.00502396,67.04855347,Spring,1
5/19/2030,20.55693817,24.71234703,16.96899414,9.740530968,0.41833663,101.4059219,4.083470821,5.131225109,172.2625732,172.082016,21.13360977,66.9644928,Spring,1
5/20/2030,20.68237877,24.83335495,17.09284592,9.804585457,0.410819232,101.4100266,4.070879459,5.114585876,171.4848633,171.3537292,21.26392174,66.87657166,Spring,1
5/21/2030,20.80956078,24.95632553,17.21817398,9.869585991,0.402666032,101.4139175,4.058039188,5.097670078,170.7071228,170.6226501,21.3959465,66.78466797,Spring,1
5/22/2030,20.93846703,25.08128166,17.34494591,9.93549633,0.393885612,101.4175949,4.044992924,5.080527782,169.9310455,169.8901367,21.52967453,66.68864441,Spring,1
5/23/2030,21.06906891,25.20823669,17.47311783,10.00227547,0.38449192,101.4210587,4.031785011,5.063211441,169.1585541,169.1578064,21.66507721,66.58834076,Spring,1
5/24/2030,21.20133781,25.33719254,17.60264015,10.06987286,0.374503821,101.4243011,4.018463135,5.04577589,168.3917084,168.4274445,21.80212593,66.48365784,Spring,1
5/25/2030,21.33522224,25.46813774,17.73345184,10.13823223,0.363945127,101.4273224,4.005076408,5.028278828,167.6327515,167.7010498,21.94077301,66.3744812,Spring,1
5/26/2030,21.47066498,25.60104752,17.86548805,10.2072916,0.352844238,101.43013,3.991676807,5.010779858,166.8840027,166.9807434,22.08096695,66.26073456,Spring,1
5/27/2030,21.60760498,25.73588181,17.99867058,10.27697945,0.341234356,101.432724,3.978316545,4.993339539,166.147934,166.2688599,22.22264862,66.14233398,Spring,1
5/28/2030,21.74596024,25.87259293,18.13291359,10.34722137,0.329152644,101.4350967,3.965049982,4.976020813,165.4271393,165.5678101,22.36574554,66.01922607,Spring,1
5/29/2030,21.88564491,26.01111603,18.26813126,10.41793251,0.316640317,101.4372711,3.951930523,4.958886147,164.7241669,164.8800507,22.51018143,65.89138031,Spring,1
5/30/2030,22.02655983,26.15137291,18.40422058,10.48903084,0.3037422,101.4392471,3.93901372,4.941998005,164.041687,164.2082062,22.65586472,65.7587738,Spring,1
5/31/2030,22.16859818,26.29327393,18.54107857,10.56042099,0.290505916,101.4410324,3.926354408,4.925419807,163.3822479,163.5548248,22.80269623,65.62140656,Spring,1
6/1/2030,22.31164551,26.43671608,18.67858696,10.63201141,0.276982278,101.442627,3.914005756,4.909212589,162.7484741,162.9225006,22.95057678,65.47930908,Summer,2
6/2/2030,22.45557594,26.58158112,18.81662941,10.70370102,0.263224125,101.444046,3.902020216,4.893437386,162.1428375,162.313797,23.09938812,65.33252716,Summer,2
6/3/2030,22.60025406,26.72774315,18.95508575,10.77539158,0.249286294,101.4452972,3.890449524,4.878151894,161.567749,161.7311859,23.24901009,65.18112946,Summer,2
6/4/2030,22.74554443,26.87506294,19.09382057,10.84697914,0.235224634,101.4463882,3.879342556,4.863412857,161.0254822,161.1770477,23.3993187,65.02520752,Summer,2
6/5/2030,22.89129448,27.02338982,19.23270416,10.91836166,0.221096143,101.4473267,3.868745804,4.849272728,160.5180817,160.6536255,23.55017853,64.86488342,Summer,2
6/6/2030,23.03735542,27.17256546,19.37159348,10.9894371,0.206957832,101.4481201,3.858703136,4.835781574,160.0474854,160.1630402,23.70145226,64.70028687,Summer,2
6/7/2030,23.18356895,27.32242393,19.51035881,11.0600996,0.192866787,101.4487762,3.849254847,4.822985649,159.6153412,159.7071991,23.85299683,64.53157806,Summer,2
6/8/2030,23.32977104,27.47278786,19.64884949,11.13025284,0.178879276,101.4493103,3.840437889,4.810926437,159.2230988,159.2877045,24.00466156,64.35895538,Summer,2
6/9/2030,23.47579956,27.62347603,19.78692818,11.19979763,0.165050194,101.4497223,3.832285166,4.799640179,158.8719482,158.9060822,24.15630341,64.18261719,Summer,2
6/10/2030,23.62148857,27.77430153,19.92445183,11.26863956,0.151432991,101.4500198,3.824825287,4.789160728,158.5626984,158.5634613,24.30776596,64.00279236,Summer,2
6/11/2030,23.76667213,27.92506981,20.06127548,11.33668709,0.138078764,101.4502106,3.818081856,4.779513836,158.2959595,158.2607422,24.45889473,63.81974411,Summer,2
6/12/2030,23.91117859,28.07559204,20.19726372,11.40385818,0.125036106,101.4502945,3.812074661,4.770720005,158.0719147,157.9984131,24.60953903,63.63373184,Summer,2
6/13/2030,24.0548439,28.22566986,20.33227348,11.47006989,0.11235062,101.4502869,3.806816339,4.762795925,157.8905182,157.7768402,24.75954437,63.44506073,Summer,2
6/14/2030,24.19750786,28.37510681,20.46617317,11.53525066,0.100064382,101.4501801,3.802316666,4.755750179,157.7513275,157.5958862,24.90876007,63.25402832,Summer,2
6/15/2030,24.33900642,28.52370644,20.59883118,11.59933376,0.088215649,101.4499893,3.798578739,4.749585152,157.6535339,157.4551239,25.05703354,63.06098175,Summer,2
6/16/2030,24.47918701,28.67127991,20.73012161,11.66226196,0.076839082,101.4497147,3.795600653,4.744298935,157.5960083,157.3538055,25.204216,62.86625671,Summer,2
6/17/2030,24.61789322,28.81763268,20.85992432,11.72398376,0.065964662,101.4493484,3.793374538,4.739881039,157.577301,157.2908325,25.35017014,62.67021561,Summer,2
6/18/2030,24.75498199,28.96258163,20.98812675,11.78445816,0.05561791,101.4488983,3.79188776,4.736315727,157.5955811,157.264679,25.49475479,62.47323608,Summer,2
6/19/2030,24.89031982,29.1059494,21.11462021,11.84364891,0.045819722,101.4483719,3.79112196,4.73358202,157.6486969,157.2736816,25.63783646,62.27570343,Summer,2
6/20/2030,25.02376938,29.2475605,21.2393074,11.90153599,0.036586229,101.4477539,3.791053057,4.731650829,157.7342377,157.3156433,25.77928543,62.07801437,Summer,2
6/21/2030,25.15521431,29.3872509,21.36209679,11.95810318,0.027929068,101.4470596,3.791652918,4.7304883,157.8494263,157.3881683,25.91898346,61.88057709,Summer,2
6/22/2030,25.28453827,29.52486801,21.48290062,12.01334381,0.019854471,101.4462738,3.792887211,4.730055332,157.9912567,157.4885406,26.0568161,61.68380737,Summer,2
6/23/2030,25.41163826,29.66026115,21.60165024,12.06726456,0.012364171,101.4454117,3.794718742,4.730307102,158.1564941,157.6138306,26.19267654,61.4881134,Summer,2
6/24/2030,25.53641891,29.79329681,21.71827698,12.11987591,0.005455411,101.4444504,3.797103643,4.731192589,158.3416595,157.760788,26.32646179,61.29392242,Summer,2
6/25/2030,25.6587944,29.92385101,21.83272552,12.17120266,-0.000879268,101.4434128,3.799995899,4.732658863,158.5430298,157.9259796,26.45808792,61.10165405,Summer,2
6/26/2030,25.77869606,30.0518074,21.9449501,12.22127438,-0.006651339,101.442276,3.803345442,4.73464632,158.7568512,158.105835,26.58746719,60.91173172,Summer,2
6/27/2030,25.89605522,30.1770649,22.05491066,12.27013016,-0.011876777,101.4410477,3.807098627,4.737092495,158.9791565,158.2965698,26.71452713,60.7245636,Summer,2
6/28/2030,26.01082611,30.29953384,22.16258049,12.31781578,-0.016574867,101.4397202,3.811199665,4.739933491,159.2059326,158.494339,26.83919907,60.54057312,Summer,2
6/29/2030,26.12295723,30.41913605,22.26793861,12.36438751,-0.020768367,101.4383011,3.815590143,4.743099689,159.4331665,158.6951599,26.9614296,60.36016083,Summer,2
6/30/2030,26.23242188,30.53581047,22.37097549,12.40990734,-0.024483148,101.4367828,3.820209503,4.746521473,159.656723,158.8950806,27.08116913,60.18372345,Summer,2
7/1/2030,26.33919716,30.64949417,22.47168541,12.45443916,-0.027747449,101.4351654,3.82499671,4.750128269,159.8726044,159.0901489,27.1983757,60.01165771,Summer,2
7/2/2030,26.44326782,30.760149,22.57007599,12.49805737,-0.030591914,101.4334564,3.829889774,4.753847122,160.0768738,159.2763977,27.31301498,59.8443222,Summer,2
7/3/2030,26.54463005,30.86774445,22.66615677,12.54083729,-0.033048414,101.4316406,3.834826708,4.75760603,160.2657318,159.4500427,27.42505646,59.68209839,Summer,2
7/4/2030,26.64328194,30.97226143,22.75994873,12.58285904,-0.035150312,101.4297256,3.839745283,4.761332989,160.4355316,159.6073151,27.53448868,59.52532196,Summer,2
7/5/2030,26.73923874,31.0736866,22.85147476,12.62420273,-0.036931485,101.4277191,3.844585419,4.764957428,160.5827637,159.7447052,27.64129639,59.37432861,Summer,2
7/6/2030,26.83252335,31.17201996,22.94076729,12.66495323,-0.038425971,101.4256134,3.84928751,4.76841116,160.7042847,159.858902,27.74546432,59.22943115,Summer,2
7/7/2030,26.92314911,31.26727295,23.02785873,12.70519638,-0.039667413,101.4234161,3.853794336,4.771627426,160.7970886,159.9468079,27.84700012,59.09091949,Summer,2
7/8/2030,27.01115417,31.35945129,23.11278534,12.74501228,-0.040688109,101.4211349,3.858051777,4.774542332,160.8586273,160.0056,27.94590378,58.95907593,Summer,2
7/9/2030,27.09656143,31.44858551,23.19559479,12.78448486,-0.041519616,101.4187698,3.862008572,4.777097225,160.8865814,160.0327911,28.04217529,58.83414841,Summer,2
7/10/2030,27.17941093,31.53469467,23.27632141,12.82369232,-0.042190999,101.4163284,3.865615606,4.779235363,160.8790283,160.0262909,28.13582611,58.71637726,Summer,2
7/11/2030,27.25974083,31.61782074,23.35501289,12.86271191,-0.042729151,101.4138184,3.868829727,4.780906677,160.8344727,159.9842987,28.22686768,58.60596848,Summer,2
7/12/2030,27.33758736,31.69799232,23.4317131,12.90161133,-0.043157939,101.4112396,3.87161231,4.782065868,160.7518158,159.9054565,28.31531143,58.50311279,Summer,2
7/13/2030,27.41299057,31.77524185,23.506464,12.94046021,-0.043498028,101.4086151,3.873927116,4.782671452,160.6304016,159.7887878,28.40116501,58.40797424,Summer,2
7/14/2030,27.48598671,31.84961319,23.57930565,12.97931385,-0.043766376,101.4059372,3.875746012,4.782691002,160.470047,159.6338501,28.48444748,58.32069016,Summer,2
7/15/2030,27.5566082,31.92114449,23.65027428,13.01822662,-0.043975838,101.4032288,3.877043962,4.782095909,160.2709656,159.4405365,28.56516647,58.24139404,Summer,2
7/16/2030,27.62489319,31.98986816,23.71940994,13.05724049,-0.0441349,101.4004898,3.877803326,4.780865192,160.0338745,159.2092285,28.64332962,58.17017365,Summer,2
7/17/2030,27.69086647,32.05582047,23.78673744,13.09639359,-0.044247616,101.3977432,3.878011227,4.7789855,159.759964,158.9408417,28.71894455,58.10710144,Summer,2
7/18/2030,27.75455093,32.11903,23.85227966,13.13570786,-0.04431285,101.3949966,3.877660513,4.776448727,159.450882,158.636673,28.79201126,58.05223846,Summer,2
7/19/2030,27.81596375,32.17952347,23.9160614,13.17520237,-0.044324957,101.3922577,3.876751184,4.773254395,159.1087646,158.2984467,28.86252975,58.00561142,Summer,2
7/20/2030,27.87511826,32.23731995,23.97809219,13.2148819,-0.044272978,101.3895416,3.875288248,4.76941061,158.7360535,157.9284821,28.93050003,57.96722794,Summer,2
7/21/2030,27.93201637,32.29243088,24.03837776,13.25473976,-0.044140894,101.3868713,3.873283386,4.764931679,158.3358002,157.5293732,28.99590302,57.93708038,Summer,2
7/22/2030,27.98665619,32.34486008,24.09691238,13.29476261,-0.043907609,101.3842468,3.870754242,4.759837151,157.9112701,157.1041718,29.05872726,57.91513443,Summer,2
7/23/2030,28.03902817,32.39461517,24.15369415,13.33492184,-0.043547288,101.3816833,3.867723465,4.754157066,157.4662781,156.6563568,29.11894608,57.90135193,Summer,2
7/24/2030,28.08910942,32.44168472,24.20869637,13.37518024,-0.043028656,101.3792038,3.864220142,4.747924805,157.0048523,156.189743,29.17653656,57.89565277,Summer,2
7/25/2030,28.13687134,32.48603821,24.26189613,13.4154892,-0.042316575,101.3768158,3.860277891,4.741180897,156.5313873,155.7084808,29.23146439,57.89796448,Summer,2
7/26/2030,28.18228149,32.52766037,24.31325722,13.45578957,-0.041371007,101.3745346,3.855936527,4.733973503,156.0504913,155.21698,29.28368378,57.90818024,Summer,2
7/27/2030,28.22528839,32.56650925,24.36273384,13.49600983,-0.040148024,101.3723679,3.851238251,4.726354122,155.5670929,154.7199554,29.33314896,57.9262085,Summer,2
7/28/2030,28.26584053,32.60253525,24.41028023,13.53607178,-0.038600057,101.3703308,3.846231937,4.718379974,155.0862579,154.2223358,29.37980652,57.95190048,Summer,2
7/29/2030,28.30388069,32.6356926,24.45582771,13.57588387,-0.036676191,101.3684387,3.840968609,4.710113525,154.613205,153.729187,29.42359924,57.98513031,Summer,2
7/30/2030,28.33932686,32.66590881,24.49931717,13.61535072,-0.034322709,101.3666992,3.835503101,4.701620579,154.1532288,153.245697,29.46445847,58.02575684,Summer,2
7/31/2030,28.37211037,32.6931076,24.54066277,13.65436459,-0.031483844,101.3651276,3.829893827,4.692970276,153.7116547,152.7772217,29.50231934,58.07361603,Summer,2
8/1/2030,28.40214157,32.71721268,24.57979012,13.6928091,-0.028101854,101.3637238,3.824199438,4.684235096,153.2938843,152.3289948,29.5370903,58.1285553,Summer,2
8/2/2030,28.42932892,32.73814011,24.61660767,13.73056793,-0.024117896,101.3625031,3.818482161,4.675488949,152.9051666,151.9063416,29.56870651,58.19038391,Summer,2
8/3/2030,28.45358086,32.75579071,24.65102005,13.76751328,-0.019472655,101.3614807,3.812803984,4.666807652,152.5507355,151.5145111,29.59707642,58.25894928,Summer,2
8/4/2030,28.47478867,32.77006531,24.6829319,13.80351448,-0.01410697,101.3606491,3.80722785,4.658267021,152.2355652,151.1585693,29.62211227,58.33405304,Summer,2
8/5/2030,28.49285316,32.78085327,24.7122364,13.83843803,-0.007962234,101.3600235,3.80181694,4.649943829,151.9645233,150.8434448,29.64373016,58.41552734,Summer,2
8/6/2030,28.50766563,32.78805542,24.73883057,13.87214661,-0.000981219,101.3596115,3.796633244,4.641913414,151.7421722,150.5739136,29.6618309,58.50317001,Summer,2
8/7/2030,28.51911736,32.79156113,24.76260757,13.90450478,0.006891014,101.3594055,3.791736841,4.634249687,151.5728302,150.3543549,29.67632675,58.59680557,Summer,2
8/8/2030,28.52710152,32.79125214,24.7834568,13.93537426,0.0157068,101.3594131,3.787187099,4.627024174,151.4604187,150.1889496,29.68712616,58.69623566,Summer,2
8/9/2030,28.53150749,32.78702164,24.80126953,13.96461868,0.025515243,101.359642,3.78303957,4.620307446,151.4084778,150.0814362,29.69413757,58.80128098,Summer,2
8/10/2030,28.53223228,32.778759,24.81594276,13.99210358,0.036361344,101.3600769,3.779347897,4.614163876,151.4201965,150.0352478,29.69727325,58.91175079,Summer,2
8/11/2030,28.5291729,32.76636124,24.82736588,14.01769733,0.048285764,101.360733,3.776160717,4.608655453,151.4982452,150.0533752,29.69644928,59.02745438,Summer,2
8/12/2030,28.52223587,32.74972153,24.8354454,14.04127598,0.061323643,101.3616028,3.773523808,4.603838921,151.6448364,150.1382599,29.69158936,59.14821625,Summer,2
8/13/2030,28.51132584,32.72874832,24.84007835,14.06271744,0.07550472,101.3626785,3.771477461,4.599765301,151.8617401,150.292038,29.68261337,59.27384949,Summer,2
8/14/2030,28.49636269,32.70336151,24.84117889,14.08191013,0.090852544,101.3639679,3.770057917,4.5964818,152.1500854,150.5161896,29.6694603,59.4041748,Summer,2
8/15/2030,28.47727585,32.67347336,24.83866501,14.09874725,0.107383907,101.365448,3.769295454,4.594027042,152.5105591,150.8116913,29.65206146,59.53900909,Summer,2
8/16/2030,28.45399284,32.6390152,24.83245659,14.11313057,0.125108525,101.3671265,3.76921463,4.592433453,152.9432373,151.1790009,29.63037109,59.67818832,Summer,2
8/17/2030,28.42646408,32.59993744,24.82248688,14.1249733,0.144029096,101.368988,3.769834995,4.591729164,153.4476929,151.6180878,29.60434341,59.82154083,Summer,2
8/18/2030,28.3946476,32.55619431,24.80870438,14.13419819,0.164140284,101.3710327,3.771168232,4.591931343,154.022934,152.1282959,29.57394791,59.96888733,Summer,2
8/19/2030,28.35851288,32.50775528,24.79105377,14.14073944,0.185429215,101.3732529,3.773221254,4.59305191,154.6673737,152.7084045,29.53915787,60.12006378,Summer,2
8/20/2030,28.31804848,32.4546051,24.76951218,14.14454269,0.207874715,101.3756332,3.775994062,4.595096111,155.3789063,153.3567657,29.49996948,60.27490997,Summer,2
8/21/2030,28.27324867,32.3967514,24.74404716,14.14556313,0.231447533,101.3781738,3.779480696,4.598059654,156.1549377,154.0710754,29.45638275,60.43326569,Summer,2
8/22/2030,28.22412682,32.33420944,24.71465492,14.14377308,0.256110489,101.3808594,3.783667803,4.601930618,156.9923401,154.8485718,29.40841293,60.59495544,Summer,2
8/23/2030,28.17071533,32.26701355,24.68133163,14.13915443,0.281818181,101.3836746,3.788537264,4.606692314,157.8875275,155.6860657,29.35608292,60.75983047,Summer,2
8/24/2030,28.11306,32.19521713,24.64410019,14.13170052,0.308517337,101.3866272,3.794063568,4.612318039,158.836441,156.5798035,29.29943848,60.92772675,Summer,2
8/25/2030,28.05121613,32.11889267,24.60298729,14.12142181,0.336146951,101.3896942,3.800216436,4.618774414,159.83461,157.5256805,29.23852921,61.09848785,Summer,2
8/26/2030,27.98526382,32.03813171,24.5580368,14.10834026,0.364638478,101.392868,3.806958914,4.626024246,160.8772278,158.5191345,29.1734314,61.27193832,Summer,2
8/27/2030,27.91529846,31.95304298,24.50930595,14.09248352,0.39391619,101.3961411,3.814250231,4.634019375,161.9590912,159.5553284,29.10421753,61.44792938,Summer,2
8/28/2030,27.84142303,31.86375237,24.45686531,14.07390404,0.423897862,101.399498,3.822042942,4.642708302,163.0748291,160.6290894,29.03098679,61.62628937,Summer,2
8/29/2030,27.76376152,31.77040482,24.4008007,14.05265331,0.454494655,101.4029465,3.830286741,4.65203476,164.2186737,161.7349396,28.95384598,61.80685425,Summer,2
8/30/2030,27.68245506,31.67315865,24.3412056,14.02880383,0.485612154,101.4064636,3.838926554,4.661936283,165.3847961,162.8672638,28.87291718,61.98944855,Summer,2
8/31/2030,27.59765244,31.57219124,24.27819252,14.00243092,0.5171507,101.4100494,3.847904205,4.672345161,166.5671844,164.0202332,28.78833008,62.17390442,Summer,2
9/1/2030,27.50952148,31.46769714,24.21187973,13.97362518,0.549006104,101.4136963,3.857158899,4.683193207,167.7597809,165.1879272,28.70022964,62.36003876,Autumn,3
9/2/2030,27.41823196,31.35988235,24.14239883,13.9424839,0.581070304,101.4173889,3.866627216,4.694405556,168.9564972,166.3643799,28.60877609,62.54766846,Autumn,3
9/3/2030,27.32397652,31.24896812,24.06989098,13.90911293,0.613231957,101.4211349,3.876244068,4.705906868,170.1512146,167.5436401,28.51412582,62.7366066,Autumn,3
9/4/2030,27.22695351,31.13518715,23.99450684,13.87362099,0.645377159,101.4249191,3.885943413,4.71762085,171.3380127,168.7198181,28.41645432,62.92666245,Autumn,3
9/5/2030,27.12736511,31.01878357,23.91640663,13.83613014,0.677390635,101.4287415,3.89565897,4.729469299,172.5110474,169.887085,28.31594467,63.11763763,Autumn,3
9/6/2030,27.02542496,30.90000534,23.83575058,13.79675865,0.709155858,101.4325943,3.905324697,4.741374016,173.6646881,171.039856,28.21278381,63.30931854,Autumn,3
9/7/2030,26.92135048,30.77910995,23.75271416,13.75563622,0.740556538,101.43647,3.914875984,4.753258228,174.7935791,172.1727448,28.10716248,63.50150299,Autumn,3
9/8/2030,26.81536293,30.65636063,23.66746521,13.71289063,0.771476567,101.4403763,3.924249172,4.765045166,175.8926392,173.2805786,27.99928284,63.69396973,Autumn,3
9/9/2030,26.70768929,30.53202629,23.58018494,13.66864681,0.801801801,101.4443054,3.933382511,4.776662827,176.9571533,174.3586578,27.88933945,63.8864975,Autumn,3
9/10/2030,26.59854889,30.40637016,23.49104881,13.62304115,0.831420302,101.4482574,3.942218304,4.788039207,177.9827881,175.4024506,27.77753448,64.07885742,Autumn,3
9/11/2030,26.48816681,30.27965927,23.40024185,13.57619572,0.860222816,101.4522324,3.950701237,4.799108505,178.9656677,176.40802,27.66407776,64.27082062,Autumn,3
9/12/2030,26.37676239,30.15216064,23.3079319,13.5282383,0.888104379,101.4562225,3.958780766,4.809807301,179.90242,177.3717194,27.54916,64.46214294,Autumn,3
9/13/2030,26.26454735,30.02412415,23.21429634,13.47929001,0.914964318,101.460228,3.966410875,4.82007885,180.7900696,178.2904968,27.4329834,64.65257263,Autumn,3
9/14/2030,26.15173721,29.89581108,23.11950874,13.42946815,0.940707386,101.4642487,3.973549604,4.829870224,181.6262512,179.1617584,27.31574249,64.84187317,Autumn,3
9/15/2030,26.03852463,29.76746178,23.02372742,13.3788805,0.965243876,101.4682922,3.980161667,4.8391366,182.4091797,179.9834747,27.19762039,65.02978516,Autumn,3
9/16/2030,25.92510223,29.63930702,22.92711067,13.32763481,0.988491178,101.4723511,3.986217022,4.847837925,183.1375732,180.7541504,27.07880402,65.21607208,Autumn,3
9/17/2030,25.81165314,29.51156235,22.82980537,13.27582264,1.010372996,101.4764252,3.991692543,4.855942726,183.8108368,181.4728851,26.95946503,65.40045166,Autumn,3
9/18/2030,25.69833755,29.38443565,22.73195457,13.22353554,1.030821085,101.4805145,3.996570587,4.863425732,184.428833,182.1392975,26.83976746,65.58268738,Autumn,3
9/19/2030,25.5853138,29.25811386,22.63368034,13.17084599,1.049775243,101.4846191,4.000841618,4.870269775,184.9921265,182.7536316,26.71986771,65.76251221,Autumn,3
9/20/2030,25.47271156,29.13276482,22.53510284,13.11782742,1.067183375,101.488739,4.004501343,4.876465797,185.5018311,183.3167572,26.59990311,65.93966675,Autumn,3
9/21/2030,25.36065865,29.00854492,22.43632317,13.06453037,1.08300221,101.4928741,4.007554054,4.882012844,185.95961,183.8300323,26.48000717,66.11392212,Autumn,3
9/22/2030,25.24925041,28.88558006,22.33743095,13.01100063,1.097197413,101.4970169,4.010010242,4.886918068,186.3677673,184.2953644,26.36029434,66.2849884,Autumn,3
9/23/2030,25.13857841,28.76398087,22.2385025,12.9572773,1.109743476,101.5011749,4.01188755,4.891196728,186.7290497,184.7153473,26.24087143,66.45265961,Autumn,3
9/24/2030,25.02870369,28.64383698,22.13959694,12.90337467,1.120624661,101.5053329,4.013210773,4.894871712,187.046814,185.0929108,26.12181854,66.6166687,Autumn,3
9/25/2030,24.91967392,28.52520752,22.04076195,12.84930992,1.129833937,101.509491,4.014010906,4.897973537,187.3248444,185.4315643,26.00321579,66.77679443,Autumn,3
9/26/2030,24.81151199,28.40813446,21.94202423,12.79507732,1.137373447,101.5136566,4.014326572,4.900542736,187.5673828,185.7352905,25.88511658,66.93281555,Autumn,3
9/27/2030,24.70423126,28.29263496,21.84339905,12.74066448,1.143254876,101.517807,4.014201164,4.902624607,187.7791138,186.0083923,25.76756287,67.0845108,Autumn,3
9/28/2030,24.59781075,28.1787014,21.74488258,12.68604755,1.147498131,101.5219498,4.01368475,4.904271603,187.9650421,186.255661,25.65058136,67.23168182,Autumn,3
9/29/2030,24.49222565,28.06630325,21.64645576,12.63119221,1.15013206,101.5260773,4.012833118,4.905544758,188.1305237,186.4821014,25.53417969,67.37413788,Autumn,3
9/30/2030,24.38741684,27.95538139,21.54808998,12.57605076,1.151193738,101.5301743,4.011706352,4.906508923,188.2811584,186.6931305,25.41835594,67.51169586,Autumn,3
10/1/2030,24.28331566,27.84586525,21.44972992,12.52056885,1.150728226,101.5342407,4.010369778,4.907235146,188.4227753,186.8942871,25.30308533,67.64420319,Autumn,3
10/2/2030,24.17983055,27.73765182,21.35132217,12.46468258,1.148787618,101.5382614,4.008891582,4.907800198,188.5614166,187.0912781,25.1883316,67.77150726,Autumn,3
10/3/2030,24.07686043,27.63062096,21.25278091,12.40831947,1.145431757,101.5422363,4.007344246,4.90828371,188.7030792,187.2899628,25.074049,67.89347076,Autumn,3
10/4/2030,23.9742794,27.5246315,21.15402031,12.35139942,1.140726089,101.5461426,4.005802631,4.908769131,188.8539581,187.4963226,24.96017075,68.00999451,Autumn,3
10/5/2030,23.87194824,27.41952324,21.05494118,12.29383659,1.134742379,101.5499802,4.00434351,4.909342766,189.0201569,187.7162628,24.84661865,68.12097168,Autumn,3
10/6/2030,23.7697258,27.31512451,20.95543098,12.23554134,1.127557397,101.5537338,4.003046036,4.910093784,189.2077484,187.9556122,24.7333107,68.22633362,Autumn,3
10/7/2030,23.66743851,27.21124077,20.85536766,12.17641735,1.119252443,101.5573959,4.001987934,4.911109924,189.4226685,188.2201691,24.62014389,68.32603455,Autumn,3
10/8/2030,23.56492424,27.10766792,20.75462151,12.11636925,1.109912992,101.5609436,4.00124836,4.912482738,189.6706238,188.5155182,24.50700951,68.42002106,Autumn,3
10/9/2030,23.46199608,27.00419235,20.65305901,12.0552969,1.099627256,101.5643768,4.000905514,4.914299965,189.9571228,188.8470154,24.39379501,68.50829315,Autumn,3
10/10/2030,23.35846901,26.90058708,20.55053329,11.99310207,1.088486195,101.5676804,4.00103569,4.916649342,190.2874146,189.2197876,24.28037643,68.59085083,Autumn,3
10/11/2030,23.25415039,26.79661942,20.44690514,11.92968655,1.076582313,101.5708389,4.001714706,4.919617176,190.6663513,189.6385803,24.16662216,68.66772461,Autumn,3
10/12/2030,23.14884567,26.69205475,20.34202194,11.8649559,1.064009309,101.5738449,4.00301218,4.923286438,191.0984344,190.1078033,24.05240631,68.73897552,Autumn,3
10/13/2030,23.04236031,26.58665276,20.23574257,11.79881573,1.050861239,101.576683,4.00499773,4.927734852,191.5877228,190.6314697,23.93758774,68.80465698,Autumn,3
10/14/2030,22.93449783,26.48017502,20.12791443,11.73118305,1.037231565,101.5793533,4.007734776,4.933037758,192.1377869,191.2131042,23.82203674,68.86486816,Autumn,3
10/15/2030,22.82506943,26.37238503,20.01839256,11.66197491,1.02321291,101.5818253,4.011282444,4.939263821,192.751709,191.8557587,23.70561218,68.91972351,Autumn,3
10/16/2030,22.71388817,26.26304817,19.90704346,11.59111786,1.008895874,101.5841141,4.015694618,4.94647646,193.4320984,192.5619202,23.58818817,68.96935272,Autumn,3
10/17/2030,22.60077477,26.1519413,19.79372787,11.5185461,0.994369149,101.5861893,4.021018982,4.954733372,194.1809082,193.3336487,23.46962738,69.01391602,Autumn,3
10/18/2030,22.48555946,26.03885078,19.67832565,11.44420528,0.979718268,101.5880585,4.027297974,4.964082718,194.9995575,194.172348,23.34981346,69.05357361,Autumn,3
10/19/2030,22.36808777,25.92357254,19.56071663,11.36804962,0.965025008,101.5897141,4.034565926,4.974568844,195.8889313,195.0788422,23.22862625,69.08850861,Autumn,3
10/20/2030,22.24821091,25.80591393,19.44079781,11.29004574,0.950367749,101.5911484,4.042851448,4.986223221,196.8492126,196.0533447,23.10595322,69.11894226,Autumn,3
10/21/2030,22.12579918,25.68570328,19.31847191,11.21017075,0.935820043,101.5923691,4.052175045,4.999074459,197.8800659,197.0956116,22.98169518,69.14508057,Autumn,3
10/22/2030,22.00073624,25.56278038,19.19365883,11.12841606,0.921450734,101.5933609,4.062549114,5.013138294,198.9804993,198.2046814,22.85576248,69.16717529,Autumn,3
10/23/2030,21.8729248,25.43701553,19.06629562,11.04478359,0.90732348,101.5941315,4.073979378,5.028422832,200.1489716,199.3789673,22.72808075,69.18545532,Autumn,3
10/24/2030,21.74228477,25.30828667,18.93632889,10.95929146,0.893496573,101.5946808,4.086463451,5.044928074,201.383316,200.6164856,22.59857559,69.20019531,Autumn,3
10/25/2030,21.60875893,25.17650414,18.8037262,10.87197113,0.880022228,101.5950241,4.099989891,5.062643528,202.6808777,201.9145355,22.46720505,69.2116394,Autumn,3
10/26/2030,21.47230911,25.04159737,18.66846848,10.78286743,0.866947293,101.5951614,4.114541054,5.081549168,204.0383911,203.2699585,22.33391953,69.2201004,Autumn,3
10/27/2030,21.33291626,24.90351868,18.53056145,10.69203949,0.85431242,101.595108,4.13009119,5.101618767,205.4521027,204.6790619,22.19870758,69.22583008,Autumn,3
10/28/2030,21.19058609,24.76225281,18.39002037,10.59955978,0.84215194,101.5948639,4.146605968,5.122814655,206.9178162,206.1377258,22.06155396,69.22914124,Autumn,3
10/29/2030,21.04534721,24.61780357,18.24688148,10.50551796,0.830494523,101.5944519,4.16404438,5.145090103,208.4308472,207.6413422,21.92247009,69.23031616,Autumn,3
10/30/2030,20.89724731,24.47020531,18.10120773,10.41001129,0.81936276,101.5938873,4.182358265,5.168393135,209.9861298,209.1849365,21.78148079,69.22966003,Autumn,3
10/31/2030,20.74636459,24.31951714,17.95307159,10.31315231,0.80877322,101.5931931,4.201492786,5.192660332,211.5783081,210.7631836,21.6386261,69.22744751,Autumn,3
11/1/2030,20.5927887,24.16582489,17.80257034,10.21507072,0.79873693,101.5923767,4.221386909,5.217822075,213.2016144,212.3704376,21.49396515,69.22399902,Autumn,3
11/2/2030,20.43663979,24.0092411,17.6498127,10.11590004,0.789259553,101.5914764,4.241973877,5.243803024,214.8500977,214.000824,21.34757042,69.21958923,Autumn,3
11/3/2030,20.27806091,23.8499012,17.49493408,10.01579094,0.780341029,101.5905075,4.263180256,5.270520687,216.5175629,215.6482239,21.19953156,69.21450806,Autumn,3
11/4/2030,20.11720467,23.68796539,17.33807945,9.914897919,0.771976769,101.5894928,4.284930706,5.297884941,218.1976776,217.3064575,21.04995346,69.20903015,Autumn,3
11/5/2030,19.95425797,23.52362061,17.17941475,9.813390732,0.764157832,101.5884705,4.307142258,5.325803757,219.884079,218.9691315,20.89895248,69.20344543,Autumn,3
11/6/2030,19.78941345,23.35707664,17.01912308,9.71144104,0.756870508,101.5874557,4.329731464,5.354177952,221.5702515,220.6298828,20.74666595,69.19801331,Autumn,3
11/7/2030,19.62289047,23.18855858,16.85739899,9.609233856,0.750097632,101.5864944,4.352609634,5.382905483,223.2497406,222.2824097,20.59323883,69.19297791,Autumn,3
11/8/2030,19.45491982,23.01831627,16.69444847,9.506950378,0.74381876,101.5856018,4.375687599,5.411883354,224.9161987,223.9203796,20.43883133,69.18858337,Autumn,3
11/9/2030,19.28574944,22.84661293,16.53049469,9.404784203,0.738010406,101.5848236,4.398873329,5.441003323,226.5633545,225.5376129,20.28360939,69.18505859,Autumn,3
11/10/2030,19.11563873,22.67373276,16.36576843,9.302928925,0.732646525,101.5841904,4.422074795,5.4701581,228.1851044,227.1281586,20.12775803,69.18263245,Autumn,3
11/11/2030,18.94485855,22.49996758,16.20051003,9.201576233,0.727699339,101.583725,4.445199966,5.499239445,229.7756195,228.686264,19.97146225,69.18148804,Autumn,3
11/12/2030,18.77368355,22.32562256,16.03496933,9.100923538,0.723139524,101.5834732,4.468156815,5.528139591,231.3292999,230.2064209,19.81492043,69.18182373,Autumn,3
11/13/2030,18.60240746,22.15101624,15.86939812,9.001161575,0.718936503,101.5834579,4.49085474,5.556751251,232.8408356,231.6835022,19.65833282,69.18379211,Autumn,3
11/14/2030,18.43131638,21.97646713,15.70405674,8.902481079,0.71505928,101.5837173,4.513205528,5.584969997,234.3053741,233.1126709,19.50190735,69.18756104,Autumn,3
11/15/2030,18.26070976,21.8022995,15.5392065,8.80506897,0.711476922,101.5842743,4.535123348,5.61269331,235.718338,234.4895172,19.34585571,69.19325256,Autumn,3
11/16/2030,18.09087944,21.62884712,15.37510872,8.709106445,0.708158433,101.5851746,4.556525707,5.639823914,237.0756531,235.8100739,19.19038582,69.2009964,Autumn,3
11/17/2030,17.92212296,21.45643044,15.21202564,8.614767075,0.705073893,101.5864334,4.57733345,5.666266918,238.373642,237.0708313,19.0357132,69.21087646,Autumn,3
11/18/2030,17.75473213,21.28537941,15.05021381,8.522216797,0.702194214,101.5880814,4.597473145,5.691933632,239.6091919,238.2687683,18.88204575,69.22299194,Autumn,3
11/19/2030,17.58899307,21.11601257,14.88992977,8.431612015,0.699492216,101.5901413,4.616874218,5.716738701,240.7796326,239.4013367,18.72959137,69.23738098,Autumn,3
11/20/2030,17.42518425,20.94863892,14.73141861,8.343101501,0.696941972,101.5926361,4.635473251,5.740606308,241.882782,240.466568,18.57855606,69.25410461,Autumn,3
11/21/2030,17.26357651,20.78356171,14.57492352,8.256821632,0.694519877,101.5955963,4.653213024,5.763465405,242.9170532,241.4629517,18.42913628,69.27319336,Autumn,3
11/22/2030,17.10442924,20.62107086,14.42067146,8.172895432,0.692204952,101.5990219,4.670040607,5.785252094,243.8813477,242.3895569,18.28152466,69.29464722,Autumn,3
11/23/2030,16.94798851,20.46144104,14.26888657,8.091433525,0.689978123,101.6029358,4.685911179,5.805910587,244.7750854,243.2459259,18.1359005,69.31845856,Autumn,3
11/24/2030,16.79448891,20.30493355,14.11977577,8.012537003,0.687823653,101.6073532,4.700786114,5.825391293,245.5982819,244.0322723,17.99243927,69.34461975,Autumn,3
11/25/2030,16.64414787,20.15178871,13.97353268,7.936286926,0.685728312,101.6122665,4.714633942,5.843654633,246.3513489,244.749176,17.85130882,69.37306213,Autumn,3
11/26/2030,16.49715996,20.0022316,13.83033752,7.862754345,0.683681726,101.6176987,4.72743082,5.860669136,247.0353088,245.3977814,17.71265411,69.40376282,Autumn,3
11/27/2030,16.35371399,19.85646439,13.69035625,7.791996002,0.681676686,101.623642,4.73915863,5.876411438,247.6515961,245.9797516,17.57661819,69.43665314,Autumn,3
11/28/2030,16.21396828,19.71466255,13.55373573,7.724050045,0.679708719,101.6300812,4.749808311,5.890866756,248.2021332,246.4971161,17.44332314,69.47163391,Autumn,3
11/29/2030,16.07806396,19.57698822,13.42060471,7.658943653,0.677776396,101.6370316,4.759377003,5.904027939,248.6893005,246.9523926,17.3128891,69.50863647,Autumn,3
11/30/2030,15.94612503,19.44357109,13.29107666,7.596686363,0.675880849,101.644455,4.767869949,5.915898323,249.115799,247.3485565,17.18540382,69.54754639,Autumn,3
12/1/2030,15.81824875,19.31452179,13.16524792,7.537274837,0.67402637,101.652359,4.775297642,5.926487923,249.4847565,247.6888123,17.06095886,69.58824921,Winter,0
12/2/2030,15.69451714,19.18992615,13.04319191,7.480689526,0.672219157,101.6607132,4.7816782,5.935813427,249.7996063,247.9768219,16.93962097,69.63063049,Winter,0
12/3/2030,15.57498169,19.06984329,12.92496586,7.426900864,0.670468032,101.669487,4.787036419,5.943903923,250.0640869,248.2163849,16.82144165,69.67456055,Winter,0
12/4/2030,15.45968056,18.95430374,12.810606,7.375861168,0.668783844,101.6786728,4.79140377,5.950790882,250.2821503,248.4116821,16.70645714,69.71990204,Winter,0
12/5/2030,15.34862709,18.84332085,12.70013237,7.327512264,0.667179227,101.6882172,4.794816017,5.956514835,250.4579926,248.5670319,16.59469414,69.76652527,Winter,0
12/6/2030,15.24181175,18.73688126,12.59354496,7.281785011,0.665668309,101.6981049,4.797315121,5.961123943,250.5959167,248.6868439,16.48615837,69.81427002,Winter,0
12/7/2030,15.13920593,18.63494682,12.49082565,7.238595486,0.664266527,101.7082825,4.798948765,5.964670658,250.7004089,248.7757874,16.38084602,69.86300659,Winter,0
12/8/2030,15.04076385,18.53745461,12.39193916,7.197854519,0.662990093,101.7187195,4.799767017,5.967214108,250.7759552,248.8383942,16.2787323,69.9125824,Winter,0
12/9/2030,14.94641495,18.44432831,12.29683304,7.159459114,0.661855817,101.7293625,4.799826145,5.968818188,250.8270416,248.8793335,16.17978859,69.96282959,Winter,0
12/10/2030,14.85607719,18.35546303,12.20544243,7.123302937,0.660881042,101.7401733,4.799184322,5.969550133,250.8582153,248.903183,16.0839653,70.0136261,Winter,0
12/11/2030,14.7696476,18.2707386,12.11767864,7.089265823,0.660082519,101.7511063,4.797903061,5.969481468,250.8739014,248.9144592,15.99120712,70.06480408,Winter,0
12/12/2030,14.6870079,18.19001961,12.03345013,7.057228565,0.659476876,101.7621002,4.79604578,5.968687534,250.8783722,248.9175262,15.90144157,70.11621857,Winter,0
12/13/2030,14.60802841,18.11315155,11.95264435,7.027062416,0.65907985,101.7731018,4.793678284,5.967245102,250.8758545,248.9165802,15.81459332,70.16772461,Winter,0
12/14/2030,14.53256607,18.03996849,11.8751421,6.998636723,0.658906281,101.7840652,4.790867329,5.965232372,250.8703156,248.9156494,15.73056984,70.21918488,Winter,0
12/15/2030,14.46046448,17.97029114,11.80080891,6.971818924,0.658969402,101.7949295,4.787679672,5.962729454,250.865448,248.918457,15.64928055,70.27046204,Winter,0
12/16/2030,14.39156342,17.90393257,11.7295084,6.946473598,0.659280896,101.8056488,4.784182549,5.959815502,250.8647308,248.9284821,15.57061958,70.32142639,Winter,0
12/17/2030,14.32569122,17.84069443,11.66109276,6.922467709,0.65985024,101.8161545,4.780442238,5.956570625,250.8714447,248.9488983,15.49448204,70.37194061,Winter,0
12/18/2030,14.26266861,17.78037834,11.59540653,6.899666786,0.660684943,101.8264084,4.776524544,5.953073025,250.8883972,248.9824982,15.42075157,70.42189026,Winter,0
12/19/2030,14.20231628,17.72277641,11.53229523,6.877940178,0.661790192,101.8363342,4.772492409,5.949400425,250.9181519,249.0317841,15.34931755,70.47116089,Winter,0
12/20/2030,14.14445686,17.66768456,11.47159481,6.857160091,0.66316843,101.8459015,4.768408775,5.945626259,250.9628906,249.0987701,15.28005981,70.51963806,Winter,0
12/21/2030,14.08889771,17.61489296,11.41314697,6.837203979,0.664819419,101.8550415,4.764330864,5.941823006,251.0244141,249.185257,15.21286392,70.5672226,Winter,0
12/22/2030,14.03546524,17.56419945,11.35678768,6.817951202,0.66674,101.8637161,4.760314941,5.93805933,251.1041718,249.2924652,15.14761066,70.61381531,Winter,0
12/23/2030,13.98397446,17.51540565,11.30235672,6.799293518,0.668924212,101.8718719,4.756414413,5.934400082,251.2032318,249.4212952,15.08418655,70.65934753,Winter,0
12/24/2030,13.93425751,17.46831703,11.24969673,6.781123161,0.671362996,101.8794632,4.752676964,5.930904388,251.3222198,249.5722046,15.0224762,70.70371246,Winter,0
12/25/2030,13.88614082,17.42275047,11.19865704,6.763345242,0.67404449,101.8864594,4.749147892,5.927628994,251.4613953,249.7453156,14.96237755,70.74684906,Winter,0
12/26/2030,13.83946609,17.3785305,11.14908791,6.74586916,0.676953733,101.892807,4.745866299,5.924623489,251.6206818,249.9402771,14.90377998,70.78868866,Winter,0
12/27/2030,13.79408073,17.33549309,11.10084915,6.728615761,0.680073023,101.8984833,4.7428689,5.921934128,251.7995758,250.1563416,14.84659195,70.8291626,Winter,0
12/28/2030,13.74984455,17.29348373,11.05380821,6.711515427,0.683381796,101.90345,4.740184784,5.919600964,251.9972687,250.3924713,14.79071999,70.86823273,Winter,0
12/29/2030,13.70662498,17.25237274,11.00784016,6.694505215,0.686857343,101.9076843,4.737841129,5.917657375,252.212616,250.6472473,14.73608494,70.90583801,Winter,0
12/30/2030,13.66430759,17.21203613,10.9628334,6.677536011,0.690473855,101.911171,4.735857487,5.916130543,252.4440308,250.9188385,14.68260574,70.94194031,Winter,0
12/31/2030,13.62278366,17.17236519,10.91867828,6.660565853,0.694203854,101.913887,4.734250546,5.915044785,252.6898499,251.2052307,14.63022137,70.97650146,Winter,0
1/1/2031,13.58196259,17.13327217,10.87528515,6.643565178,0.698017538,101.9158173,4.733030319,5.914413929,252.9479523,251.5041046,14.57887077,71.00949097,Winter,0
1/2/2031,13.54176807,17.09468651,10.83257771,6.626511574,0.701883912,101.9169617,4.73220253,5.914248943,253.2160797,251.8127899,14.52851105,71.04089355,Winter,0
1/3/2031,13.50213909,17.0565567,10.79048157,6.609396458,0.705770135,101.9173126,4.731768608,5.914554119,253.4917755,252.1285858,14.47910309,71.07067871,Winter,0
1/4/2031,13.463027,17.0188427,10.74894333,6.592216492,0.709642649,101.9168777,4.731722832,5.915328026,253.7723083,252.4484711,14.43061829,71.09882355,Winter,0
1/5/2031,13.42439556,16.98152733,10.70791817,6.574982166,0.713466704,101.915657,4.732058048,5.91656208,254.0549164,252.7693634,14.38304138,71.12532806,Winter,0
1/6/2031,13.38623238,16.94461441,10.66737652,6.557706833,0.717207611,101.9136658,4.732761383,5.918246269,254.3366852,253.0880585,14.33636475,71.150177,Winter,0
1/7/2031,13.34853458,16.90811539,10.62730026,6.540419579,0.720830381,101.9109268,4.73381424,5.920360565,254.6146698,253.4012604,14.29059219,71.1733551,Winter,0
1/8/2031,13.31130981,16.87207031,10.58768463,6.523150444,0.724300683,101.9074631,4.73519659,5.922883511,254.8858643,253.7057343,14.24573326,71.19487,Winter,0
1/9/2031,13.27459049,16.83652306,10.5485363,6.505939484,0.727584362,101.9032898,4.73688364,5.925788879,255.1472168,253.9981689,14.20180988,71.21472168,Winter,0
1/10/2031,13.23840809,16.8015461,10.50987244,6.488834858,0.730648637,101.8984451,4.738847733,5.929044724,255.3957825,254.2752991,14.15885544,71.23291016,Winter,0
1/11/2031,13.20281982,16.76721382,10.47172546,6.471887112,0.733462036,101.8929672,4.74105835,5.932616234,255.6286774,254.5340729,14.11690521,71.2494278,Winter,0
1/12/2031,13.16788864,16.7336216,10.43413448,6.455153465,0.735994816,101.8868942,4.74348259,5.93646574,255.8430939,254.7714233,14.07600784,71.26428986,Winter,0
1/13/2031,13.13368607,16.70087624,10.39715195,6.438694954,0.738219023,101.8802643,4.746084213,5.940553188,256.036438,254.9844818,14.03621674,71.27749634,Winter,0
1/14/2031,13.10029984,16.66909027,10.36083508,6.422576904,0.740109384,101.8731155,4.748826504,5.944833279,256.2061462,255.1706085,13.99759102,71.28904724,Winter,0
1/15/2031,13.0678215,16.63839149,10.32525349,6.406863689,0.741643071,101.8655167,4.751672268,5.949263573,256.3499146,255.3273315,13.96019554,71.29895782,Winter,0
1/16/2031,13.03635216,16.60891151,10.29048634,6.391624451,0.742800176,101.8574982,4.754580498,5.95379591,256.4656677,255.4523621,13.92410088,71.30723572,Winter,0
1/17/2031,13.0059967,16.58078766,10.25660896,6.376927853,0.743563712,101.8491287,4.757513046,5.95838213,256.5515442,255.5438538,13.88938332,71.31388855,Winter,0
1/18/2031,12.97686768,16.5541687,10.22371674,6.36284256,0.743920088,101.8404465,4.760427952,5.962975502,256.6059265,255.6000366,13.85611725,71.31891632,Winter,0
1/19/2031,12.94908333,16.52919769,10.19189739,6.349434853,0.743859291,101.8315201,4.763286591,5.96752739,256.6275024,255.6195526,13.82438087,71.32234192,Winter,0
1/20/2031,12.92276192,16.5060215,10.16124821,6.336772919,0.743374527,101.822403,4.766048908,5.971988678,256.6151733,255.6012878,13.79425621,71.32415771,Winter,0
1/21/2031,12.89801788,16.48478699,10.13186646,6.324917793,0.742462814,101.8131409,4.768676758,5.976312637,256.5681458,255.5445557,13.76582336,71.32439423,Winter,0
1/22/2031,12.87497425,16.46564484,10.10385227,6.313930988,0.741124928,101.8038025,4.771132946,5.980453491,256.4859619,255.4488525,13.73916054,71.32304382,Winter,0
1/23/2031,12.85374832,16.44873238,10.07730484,6.303868771,0.739364982,101.7944336,4.77338171,5.984367371,256.3684082,255.3140717,13.71434975,71.32011414,Winter,0
1/24/2031,12.83445644,16.43418884,10.05232239,6.294782639,0.737191081,101.7850876,4.775387764,5.98800993,256.2155457,255.1404266,13.69146347,71.31564331,Winter,0
1/25/2031,12.81720734,16.42214203,10.02900219,6.286720276,0.73461473,101.7758255,4.77712059,5.991341114,256.0277405,254.9283905,13.670578,71.30960846,Winter,0
1/26/2031,12.80210972,16.41271782,10.00743866,6.27972126,0.731650889,101.7666931,4.778549194,5.9943223,255.8056183,254.6788483,13.65175819,71.30204773,Winter,0
1/27/2031,12.78926468,16.40602875,9.987723351,6.273826599,0.728317857,101.7577362,4.779646397,5.996918201,255.5501709,254.3928375,13.63507366,71.29296875,Winter,0
1/28/2031,12.77876282,16.4021759,9.969941139,6.269062519,0.724637032,101.7490005,4.780388355,5.999097824,255.2624512,254.0717468,13.62058067,71.28237915,Winter,0
1/29/2031,12.77069473,16.40125656,9.954173088,6.265454292,0.720632732,101.7405243,4.780751228,6.000829697,254.9438782,253.7172394,13.60833359,71.27030945,Winter,0
1/30/2031,12.7651329,16.40334702,9.940493584,6.263019562,0.71633178,101.7323532,4.780716419,6.002088547,254.5959778,253.331131,13.59838009,71.25675964,Winter,0
1/31/2031,12.7621479,16.40851784,9.928971291,6.261771202,0.71176362,101.7245178,4.780267715,6.002851009,254.2205658,252.9155579,13.59076023,71.24176788,Winter,0
2/1/2031,12.76179981,16.41682053,9.919668198,6.261710644,0.706959426,101.7170563,4.779391766,6.003098488,253.8195953,252.4727173,13.5855093,71.2253418,Winter,0
2/2/2031,12.7641325,16.42829704,9.91263485,6.262838364,0.701952398,101.7099762,4.778077602,6.002814293,253.3951111,252.0050201,13.58265305,71.20750427,Winter,0
2/3/2031,12.76918793,16.44297218,9.907919884,6.265149117,0.696776867,101.7033234,4.776317596,6.00198698,252.9492493,251.5150146,13.58220959,71.18829346,Winter,0
2/4/2031,12.77698708,16.46085739,9.905556679,6.268625259,0.691468477,101.6970978,4.774107456,6.000607014,252.4842834,251.0053101,13.58419228,71.16772461,Winter,0
2/5/2031,12.78754807,16.48195076,9.90557766,6.27325058,0.68606323,101.6913147,4.771444798,5.998669624,252.0025482,250.4785767,13.58860207,71.14584351,Winter,0
2/6/2031,12.80087852,16.50623703,9.907999992,6.278998375,0.680597544,101.6859894,4.768330574,5.996171951,251.5063477,249.9375153,13.59543896,71.12265015,Winter,0
2/7/2031,12.81696892,16.53367996,9.912836075,6.285841942,0.675107837,101.6811218,4.7647686,5.993116856,250.9980164,249.3847961,13.60468864,71.09822083,Winter,0
2/8/2031,12.83580303,16.56423759,9.920085907,6.293745041,0.669629753,101.676712,4.760764599,5.989506721,250.4797974,248.8231659,13.61633396,71.07255554,Winter,0
2/9/2031,12.8573513,16.59785271,9.929745674,6.302671432,0.664198279,101.6727448,4.756326199,5.985350132,249.9539795,248.255127,13.63035202,71.04572296,Winter,0
2/10/2031,12.88157845,16.63445473,9.941802979,6.312578201,0.658847153,101.66922,4.751464367,5.980657578,249.4226532,247.6832123,13.64670467,71.01774597,Winter,0
2/11/2031,12.90843868,16.67396164,9.956233025,6.323423862,0.653608382,101.6661148,4.746192455,5.975440979,248.8878479,247.1098022,13.6653595,70.98867798,Winter,0
2/12/2031,12.93787384,16.71627808,9.973007202,6.335159779,0.648512185,101.663414,4.740523338,5.969716072,248.3514557,246.5370941,13.68626976,70.95855713,Winter,0
2/13/2031,12.96982002,16.76130104,9.992086411,6.347738266,0.643586755,101.661087,4.734474182,5.963500023,247.815155,245.9670868,13.70938587,70.92744446,Winter,0
2/14/2031,13.0042038,16.80892563,10.0134306,6.361109734,0.638857365,101.6591187,4.728061676,5.956811905,247.2804871,245.4016724,13.73465252,70.89537048,Winter,0
2/15/2031,13.04095078,16.85902405,10.03698826,6.375225544,0.634346724,101.6574707,4.72130394,5.949673176,246.7488403,244.8424377,13.76201439,70.8624115,Winter,0
2/16/2031,13.07997513,16.91147614,10.06270313,6.390034199,0.63007462,101.656105,4.714221478,5.942107201,246.221283,244.2907257,13.79140854,70.82859802,Winter,0
2/17/2031,13.12118435,16.96614838,10.09051895,6.405488014,0.626057565,101.6549911,4.706834316,5.934135914,245.6987305,243.7476807,13.82276917,70.79399109,Winter,0
2/18/2031,13.1644907,17.02290726,10.12036705,6.42153883,0.622308791,101.6540909,4.699164391,5.925786018,245.181839,243.2141571,13.85602951,70.75865173,Winter,0
2/19/2031,13.20979023,17.08161163,10.15218067,6.438138962,0.618838072,101.6533585,4.691232681,5.917083263,244.6710358,242.6907043,13.891119,70.72264099,Winter,0
2/20/2031,13.25698853,17.14212227,10.18589115,6.455245018,0.615651429,101.6527481,4.683061123,5.908051968,244.1664734,242.1776581,13.92797089,70.68599701,Winter,0
2/21/2031,13.30597973,17.20430183,10.22142506,6.472816944,0.612751663,101.6522217,4.674672127,5.898721218,243.6681061,241.6749878,13.96651077,70.64878845,Winter,0
2/22/2031,13.35666561,17.26800919,10.25870419,6.490814686,0.610137641,101.6517258,4.666087151,5.889116764,243.1756592,241.1824799,14.00667,70.61106873,Winter,0
2/23/2031,13.40894508,17.33310509,10.29765701,6.50920248,0.607805073,101.6512222,4.657329082,5.879265308,242.6885071,240.6995697,14.04838085,70.57289886,Winter,0
2/24/2031,13.46271706,17.39945602,10.33820629,6.527952194,0.605745852,101.6506577,4.648418427,5.869194508,242.2059021,240.2254791,14.09157372,70.53432465,Winter,0
2/25/2031,13.51788139,17.46693611,10.38027668,6.54703331,0.603948653,101.6499939,4.639377117,5.858930588,241.7268677,239.7591858,14.13617897,70.49539948,Winter,0
2/26/2031,13.57434368,17.53541565,10.42379665,6.566423416,0.602399111,101.6491852,4.630225182,5.848498821,241.2501984,239.2993469,14.18214035,70.45617676,Winter,0
2/27/2031,13.63201141,17.60477829,10.46869087,6.586105347,0.601079702,101.6481857,4.620983124,5.837924957,240.7745514,238.8444977,14.22938728,70.41671753,Winter,0
2/28/2031,13.69079781,17.67491341,10.51488972,6.606062889,0.599970281,101.6469574,4.611670971,5.827234268,240.2982941,238.3929138,14.27787018,70.37705231,Winter,0
3/1/2031,13.75061512,17.74571419,10.56232452,6.62628746,0.599047959,101.6454544,4.602305889,5.816450119,239.8197784,237.9427185,14.32752895,70.3372345,Spring,1
3/2/2031,13.81138802,17.81708717,10.61093426,6.646772385,0.59828794,101.6436386,4.592907429,5.805595875,239.3371887,237.4917908,14.37831497,70.29730225,Spring,1
3/3/2031,13.87304115,17.88894081,10.66065216,6.667516708,0.597663343,101.6414871,4.583491802,5.794692993,238.8486023,237.0380707,14.43018341,70.2572937,Spring,1
3/4/2031,13.93550491,17.96120262,10.71142292,6.688524246,0.597145736,101.6389542,4.574075222,5.783763885,238.3520508,236.5792084,14.48308849,70.21725464,Spring,1
3/5/2031,13.99872398,18.03380013,10.76319695,6.709801674,0.596705377,101.6360245,4.564674377,5.772827148,237.8454132,236.1128387,14.53699398,70.17721558,Spring,1
3/6/2031,14.06263733,18.1066761,10.81592083,6.731360435,0.596311927,101.6326675,4.55530262,5.761903763,237.3266754,235.6366425,14.5918684,70.1371994,Spring,1
3/7/2031,14.12719917,18.17977905,10.8695507,6.753212929,0.595934212,101.6288605,4.545975208,5.751010895,236.7937469,235.1481628,14.64768028,70.097229,Spring,1
3/8/2031,14.19236374,18.25307274,10.92404556,6.775377274,0.595541298,101.6245956,4.536705017,5.74016571,236.2445984,234.644989,14.70440483,70.05734253,Spring,1
3/9/2031,14.25809669,18.32652473,10.97937298,6.797873497,0.59510237,101.6198502,4.527503967,5.729384899,235.6773071,234.1248169,14.76202393,70.01754761,Spring,1
3/10/2031,14.32437134,18.40011597,11.03549767,6.82072401,0.594587147,101.614624,4.518384933,5.718684196,235.08992,233.5853577,14.8205204,69.9778595,Spring,1
3/11/2031,14.39115715,18.47382927,11.09239674,6.843952179,0.593966544,101.6089096,4.50935936,5.708076954,234.4806519,233.0244446,14.87988091,69.93829346,Spring,1
3/12/2031,14.45844078,18.54766655,11.15004349,6.867586136,0.593212783,101.6027069,4.50043726,5.697577477,233.8478546,232.4399872,14.94009972,69.89884949,Spring,1
3/13/2031,14.52620888,18.62162971,11.20842171,6.8916502,0.592299879,101.5960236,4.491628647,5.687198639,233.1900482,231.8301697,15.00117111,69.85954285,Spring,1
3/14/2031,14.59445381,18.6957283,11.26751804,6.916172981,0.59120369,101.5888748,4.482944489,5.676951408,232.5059357,231.1932678,15.06308937,69.82037354,Spring,1
3/15/2031,14.66317368,18.76998329,11.3273201,6.94118166,0.589902639,101.5812683,4.474392891,5.66684866,231.7943268,230.5277863,15.12585926,69.78134155,Spring,1
3/16/2031,14.73236847,18.84441566,11.38782215,6.966704369,0.588377655,101.5732193,4.465983391,5.656899452,231.0542908,229.8323975,15.18948364,69.74243927,Spring,1
3/17/2031,14.80204773,18.91905785,11.44901943,6.992765427,0.586612523,101.5647507,4.457724094,5.647114277,230.2851563,229.1061401,15.25396633,69.70365906,Spring,1
3/18/2031,14.87221527,18.99394035,11.51091194,7.019392967,0.584594131,101.5558929,4.449624062,5.63750267,229.4864502,228.348175,15.31931591,69.66499329,Spring,1
3/19/2031,14.94288445,19.06909943,11.57349777,7.046608448,0.582312465,101.5466766,4.441690445,5.628072739,228.6579742,227.5579681,15.38554001,69.62643433,Spring,1
3/20/2031,15.01407242,19.14457512,11.63678265,7.074435234,0.579761028,101.5371323,4.433930397,5.618832588,227.7996826,226.7352905,15.45264626,69.58797455,Spring,1
3/21/2031,15.08579063,19.22040749,11.70077229,7.102891445,0.576936662,101.5272903,4.426352024,5.609789848,226.9118652,225.8801727,15.52064514,69.54959106,Spring,1
3/22/2031,15.15805817,19.29663849,11.76547241,7.131994724,0.573839784,101.5171967,4.418962002,5.600951672,225.9950562,224.9928741,15.58954716,69.51127625,Spring,1
3/23/2031,15.23089218,19.37331009,11.83089066,7.161759377,0.570474207,101.5068893,4.411766529,5.59232378,225.0500183,224.0740356,15.65936089,69.4730072,Spring,1
3/24/2031,15.30430794,19.45046425,11.89703465,7.192194462,0.566847384,101.4964142,4.404772758,5.583911896,224.0777588,223.1244659,15.730093,69.43478394,Spring,1
3/25/2031,15.37833023,19.52813721,11.96391487,7.223310471,0.562970161,101.485817,4.397985458,5.575721741,223.0794525,222.1453094,15.80175209,69.39657593,Spring,1
3/26/2031,15.45296669,19.60637093,12.03153706,7.255108833,0.558856487,101.4751358,4.391410828,5.567756653,222.0566101,221.1379547,15.87434769,69.35838318,Spring,1
3/27/2031,15.5282402,19.68519783,12.09991264,7.287592888,0.554523766,101.4644318,4.385052681,5.5600214,221.0108948,220.1040039,15.9478817,69.32017517,Spring,1
3/28/2031,15.60416412,19.76465034,12.16905117,7.320758343,0.549992025,101.453743,4.37891674,5.552517891,219.9441223,219.0452881,16.02235603,69.28195953,Spring,1
3/29/2031,15.68074799,19.84475327,12.23895645,7.354601383,0.545284152,101.4431152,4.373005867,5.545248032,218.8583374,217.963913,16.09777451,69.24370575,Spring,1
3/30/2031,15.75800514,19.92553329,12.30963898,7.389110565,0.540425658,101.4326096,4.367322445,5.538214684,217.755722,216.8620911,16.17413712,69.20541382,Spring,1
3/31/2031,15.83594322,20.0070076,12.38110065,7.424275398,0.535444021,101.4222641,4.361869335,5.531415462,216.6385193,215.7422638,16.25144196,69.16706848,Spring,1
4/1/2031,15.91456795,20.08918953,12.45335007,7.460080624,0.530368388,101.4121246,4.356647015,5.524851322,215.5092163,214.6069489,16.3296814,69.12866211,Spring,1
4/2/2031,15.99388504,20.17208862,12.52638817,7.496506691,0.525229871,101.4022446,4.35165596,5.518518925,214.3702393,213.4588165,16.40884972,69.0901947,Spring,1
4/3/2031,16.0738945,20.25570679,12.60022068,7.53353405,0.520060241,101.392662,4.346894741,5.512415409,213.2241516,212.3006744,16.48893929,69.051651,Spring,1
4/4/2031,16.15459824,20.34004593,12.6748457,7.571140289,0.51489222,101.3834152,4.342362404,5.50653553,212.0735168,211.1352844,16.56994057,69.01304626,Spring,1
4/5/2031,16.23599052,20.42510033,12.75026512,7.60930109,0.509758949,101.3745499,4.338053703,5.500873089,210.9209137,209.9654846,16.65184021,68.97436523,Spring,1
4/6/2031,16.31806755,20.51085281,12.82647991,7.647990227,0.50469327,101.3661041,4.333964825,5.49542141,209.7689056,208.7941742,16.73462486,68.93560791,Spring,1
4/7/2031,16.40082359,20.59729195,12.90348434,7.687182426,0.499727726,101.3581161,4.330089092,5.490170479,208.6199646,207.6241608,16.81827927,68.89678955,Spring,1
4/8/2031,16.4842453,20.68440056,12.98128033,7.726847649,0.494893789,101.3506088,4.3264184,5.485108852,207.4765472,206.4581451,16.90279007,68.8578949,Spring,1
4/9/2031,16.56832886,20.77215195,13.05986309,7.766962051,0.490221888,101.3436127,4.322943687,5.480224609,206.3409424,205.2988892,16.98813629,68.81894684,Spring,1
4/10/2031,16.65306091,20.86052132,13.13923073,7.807496071,0.485740513,101.3371506,4.319653988,5.475503445,205.2153778,204.1489105,17.07430458,68.77993011,Spring,1
4/11/2031,16.73843193,20.94948006,13.21937943,7.848424911,0.481476188,101.3312531,4.316535473,5.470928669,204.1018982,203.0106812,17.16127777,68.74085999,Spring,1
4/12/2031,16.82442665,21.03900146,13.30030632,7.889722347,0.477453053,101.3259277,4.313574791,5.466483116,203.0024261,201.8864136,17.2490406,68.70173645,Spring,1
4/13/2031,16.91103554,21.12904739,13.38200855,7.931365967,0.473692417,101.3211975,4.310754776,5.462147236,201.9186096,200.7782745,17.33757401,68.66255188,Spring,1
4/14/2031,16.99825096,21.21958542,13.46448517,7.973334312,0.470212579,101.31707,4.308058262,5.457898617,200.8520508,199.6881561,17.42686653,68.62332916,Spring,1
4/15/2031,17.08605576,21.31059074,13.54773617,8.015607834,0.467028379,101.3135452,4.305464745,5.453714848,199.8039551,198.6176605,17.51690483,68.58405304,Spring,1
4/16/2031,17.17445183,21.40202332,13.6317606,8.058172226,0.464151025,101.3106308,4.30295372,5.449571133,198.7754822,197.5683289,17.60767555,68.54472351,Spring,1
4/17/2031,17.26342392,21.49385834,13.71656132,8.101013184,0.461588144,101.3083267,4.300501823,5.445440769,197.7674561,196.5413208,17.69917297,68.50532532,Spring,1
4/18/2031,17.35297394,21.5860672,13.80214214,8.144123077,0.459343255,101.3066254,4.298084259,5.441296101,196.7804871,195.5375824,17.79138756,68.46586609,Spring,1
4/19/2031,17.44309807,21.67862511,13.8885088,8.187494278,0.45741567,101.3055191,4.295676708,5.43710804,195.8149567,194.5578156,17.88431931,68.42631531,Spring,1
4/20/2031,17.53380013,21.77151108,13.97566891,8.231126785,0.455800742,101.3050003,4.293251514,5.432846546,194.8710022,193.6024933,17.97796631,68.38667297,Spring,1
4/21/2031,17.62508583,21.86471176,14.06363297,8.275022507,0.454489321,101.3050537,4.290781021,5.428480148,193.9485474,192.6717377,18.07233047,68.34689331,Spring,1
4/22/2031,17.71696281,21.95821571,14.15241718,8.319187164,0.453468353,101.3056564,4.288235664,5.423975945,193.0473022,191.7655182,18.16742325,68.30696869,Spring,1
4/23/2031,17.80944633,22.0520134,14.24203205,8.363634109,0.452720463,101.3067856,4.285586357,5.41930151,192.1666718,190.8834991,18.26325035,68.2668457,Spring,1
4/24/2031,17.90255356,22.14611053,14.3324995,8.40837574,0.452224165,101.3084335,4.282803059,5.414424896,191.3059387,190.0251007,18.35983086,68.22648621,Spring,1
4/25/2031,17.99630547,22.24051094,14.42384052,8.453432083,0.451954305,101.3105545,4.279855251,5.409311771,190.4641876,189.1895142,18.45718384,68.18583679,Spring,1
4/26/2031,18.09073067,22.33522606,14.51607704,8.498826981,0.451881766,101.3131332,4.276713371,5.403928757,189.6403198,188.3758087,18.55532837,68.14485168,Spring,1
4/27/2031,18.18585777,22.43028069,14.60923862,8.544588089,0.451974094,101.3161392,4.273345947,5.398243427,188.8330688,187.5827332,18.65429688,68.10343933,Spring,1
4/28/2031,18.28172302,22.52569962,14.70335197,8.590743065,0.452195704,101.3195343,4.269724369,5.392224312,188.0410156,186.8089447,18.75411606,68.06155396,Spring,1
4/29/2031,18.37836456,22.621521,14.79844952,8.637327194,0.452507973,101.323288,4.265819073,5.385838985,187.2626495,186.0528717,18.85482407,68.01908875,Spring,1
4/30/2031,18.47582817,22.71778488,14.89456749,8.68437767,0.452869713,101.3273773,4.261602879,5.379058838,186.4963837,185.3129272,18.95645905,67.97595978,Spring,1
5/1/2031,18.57416153,22.81453705,14.99173927,8.73193264,0.453237683,101.331749,4.257048607,5.371856213,185.7405853,184.5873566,19.05905914,67.93206787,Spring,1
5/2/2031,18.67341042,22.91183853,15.09000206,8.780033112,0.453566909,101.33638,4.252131462,5.364202976,184.993515,183.8742523,19.16267395,67.88729858,Spring,1
5/3/2031,18.77363396,23.00974655,15.18939877,8.828722,0.453811139,101.3412399,4.246827602,5.356076717,184.2534637,183.1718445,19.26734924,67.84153748,Spring,1
5/4/2031,18.87488556,23.10833168,15.28996277,8.878040314,0.453922898,101.3462753,4.241117954,5.347455502,183.5187225,182.4782104,19.37313652,67.79465485,Spring,1
5/5/2031,18.97722435,23.2076664,15.39173985,8.928035736,0.453854799,101.3514709,4.234981537,5.338320255,182.787674,181.7914429,19.48008347,67.74650574,Spring,1
5/6/2031,19.08071327,23.3078289,15.49476624,8.978749275,0.45355922,101.356781,4.228404522,5.32865572,182.0587463,181.1096802,19.58824921,67.69696808,Spring,1
5/7/2031,19.18540573,23.40889931,15.5990839,9.0302248,0.452989191,101.362175,4.221372128,5.318448544,181.3303833,180.4311676,19.69767761,67.64587402,Spring,1
5/8/2031,19.29136848,23.51096535,15.70473289,9.082503319,0.452098608,101.3676224,4.213875771,5.307691574,180.6012421,179.7542267,19.80842972,67.59306335,Spring,1
5/9/2031,19.39866447,23.61411476,15.8117466,9.135623932,0.450843126,101.3730927,4.205908298,5.296378136,179.8701019,179.0772247,19.92055511,67.53837585,Spring,1
5/10/2031,19.5073452,23.71843529,15.92016411,9.189622879,0.449180126,101.3785553,4.197465897,5.284507751,179.1358948,178.3988037,20.0341053,67.48164368,Spring,1
5/11/2031,19.6174736,23.82401657,16.03001404,9.244533539,0.447069556,101.3839798,4.188549995,5.272083282,178.3977203,177.7176361,20.14913177,67.42269897,Spring,1
5/12/2031,19.72910309,23.93094826,16.14132881,9.300387383,0.444474012,101.3893433,4.179164886,5.259111881,177.6548462,177.0326538,20.26567841,67.36134338,Spring,1
5/13/2031,19.84228134,24.03931618,16.25413132,9.357207298,0.44135955,101.3946152,4.169317722,5.245605946,176.9068604,176.3429871,20.38379288,67.29743195,Spring,1
5/14/2031,19.95706177,24.14920616,16.36844063,9.415014267,0.437695771,101.3997803,4.159021378,5.231580734,176.1534882,175.6479797,20.50350952,67.23075867,Spring,1
5/15/2031,20.07347679,24.26070023,16.48427582,9.473820686,0.433456242,101.4048157,4.148291111,5.217056274,175.3946991,174.9471893,20.6248703,67.16114044,Spring,1
5/16/2031,20.19156837,24.37387466,16.60164261,9.533639908,0.42861867,101.4097061,4.137147903,5.202057362,174.6307831,174.2404175,20.7478981,67.08840942,Spring,1
5/17/2031,20.31136322,24.48879623,16.72055054,9.59446907,0.423165441,101.4144287,4.125614643,5.18661356,173.8621216,173.5277557,20.87262154,67.01237488,Spring,1
5/18/2031,20.43288422,24.6055336,16.84099197,9.65630722,0.41708371,101.4189682,4.113718033,5.170757771,173.0894775,172.8095398,20.99905396,66.93287659,Spring,1
5/19/2031,20.55614853,24.72414017,16.9629631,9.719142914,0.410365433,101.4233246,4.101490974,5.154527664,172.313797,172.0862732,21.12720871,66.8497467,Spring,1
5/20/2031,20.68115234,24.84466171,17.08643913,9.782957077,0.403007776,101.4274826,4.088967323,5.137965202,171.5363007,171.3588867,21.25709152,66.76281738,Spring,1
5/21/2031,20.80790329,24.96713829,17.21140289,9.847723007,0.395012856,101.431427,4.076185226,5.121113777,170.7584381,170.6283875,21.38868713,66.67192078,Spring,1
5/22/2031,20.93637848,25.09159851,17.33781815,9.913410187,0.386388153,101.4351654,4.063186646,5.104023933,169.9817657,169.8960876,21.52199364,66.57693481,Spring,1
5/23/2031,21.06656075,25.21805382,17.46564484,9.979976654,0.377146155,101.4386826,4.050014973,5.086746216,169.2082214,169.1635437,21.65698051,66.47770691,Spring,1
5/24/2031,21.19841766,25.34650993,17.59483528,10.04737473,0.367304593,101.4419785,4.036716938,5.069334507,168.439743,168.4325104,21.79362106,66.37413025,Spring,1
5/25/2031,21.33190155,25.47695923,17.72533035,10.11554909,0.356886059,101.4450531,4.023341656,5.051847458,167.6785889,167.7049255,21.93187141,66.26609802,Spring,1
5/26/2031,21.46696281,25.60938072,17.8570652,10.18444061,0.345917821,101.4479141,4.009940624,5.034343243,166.927063,166.9828796,22.07168579,66.15349579,Spring,1
5/27/2031,21.60353279,25.74373817,17.98996735,10.25397778,0.334431857,101.4505539,3.996565342,5.01688242,166.1876068,166.268692,22.21300125,66.03626251,Spring,1
5/28/2031,21.74154091,25.87998581,18.12395668,10.32408714,0.322464436,101.4529877,3.983270168,4.999527454,165.462738,165.564682,22.35575294,65.91433716,Spring,1
5/29/2031,21.88090324,26.0180645,18.25893974,10.39469051,0.310055673,101.4552155,3.970108986,4.982340813,164.7550507,164.8733673,22.49985886,65.78768158,Spring,1
5/30/2031,22.02152061,26.15789413,18.39481926,10.46570015,0.297249615,101.4572372,3.957136393,4.96538496,164.0671997,164.1973114,22.64523697,65.65626526,Spring,1
5/31/2031,22.16329002,26.29939461,18.53149605,10.53702736,0.284093231,101.4590683,3.944407463,4.948723793,163.4017792,163.5390778,22.79179382,65.52008057,Spring,1
6/1/2031,22.30609703,26.44246292,18.66885185,10.60857582,0.270636588,101.4607086,3.931975842,4.932418346,162.7613525,162.9012451,22.93942261,65.37916565,Summer,2
6/2/2031,22.44981766,26.58698273,18.80677414,10.68025017,0.256931961,101.4621735,3.919895411,4.916529179,162.1484528,162.286377,23.0880127,65.23355103,Summer,2
6/3/2031,22.5943222,26.73283195,18.94513702,10.75194931,0.243033811,101.4634628,3.908216238,4.901116371,161.565506,161.6970367,23.23744202,65.08329773,Summer,2
6/4/2031,22.73947334,26.87987518,19.08381653,10.82357216,0.228997797,101.464592,3.896988869,4.886235714,161.014801,161.1355591,23.38759232,64.92849731,Summer,2
6/5/2031,22.8851223,27.02796555,19.22267342,10.89501572,0.214880615,101.4655685,3.886260271,4.871940613,160.4985352,160.6042786,23.53832626,64.76925659,Summer,2
6/6/2031,23.03111839,27.17694283,19.36157608,10.96617699,0.200739428,101.4664001,3.876074791,4.858283043,160.0185699,160.1052856,23.68951035,64.60571289,Summer,2
6/7/2031,23.17730904,27.3266468,19.50038528,11.03695393,0.186631292,101.4670868,3.86647439,4.845308781,159.5766602,159.6405792,23.8409996,64.4380188,Summer,2
6/8/2031,23.3235302,27.47690201,19.63895798,11.10724258,0.172612593,101.4676514,3.8574965,4.833061695,159.1743317,159.2118683,23.99265289,64.26635742,Summer,2
6/9/2031,23.46961784,27.62752724,19.77715492,11.17694855,0.158738941,101.4680939,3.849175215,4.821579456,158.8128052,158.8206482,24.1443119,64.09092712,Summer,2
6/10/2031,23.61540794,27.77833366,19.91482735,11.24597454,0.145063832,101.4684143,3.841539621,4.810895443,158.4930267,158.4681854,24.29583359,63.91194916,Summer,2
6/11/2031,23.76073265,27.92913628,20.05184174,11.31422997,0.131639168,101.4686356,3.834614992,4.801038265,158.2156219,158.1553955,24.44706154,63.72968292,Summer,2
6/12/2031,23.90542221,28.07973862,20.18804932,11.38162708,0.118514329,101.46875,3.828421831,4.792028904,157.980896,157.8829498,24.59783936,63.54438782,Summer,2
6/13/2031,24.0493145,28.22994614,20.32331657,11.44808578,0.105735369,101.4687576,3.822975397,4.783886433,157.7888794,157.6511841,24.74802017,63.35634995,Summer,2
6/14/2031,24.19224358,28.37956047,20.45750809,11.51353073,0.093345523,101.4686813,3.818285465,4.776620388,157.6391602,157.4601135,24.89744759,63.1658783,Summer,2
6/15/2031,24.33405113,28.52838898,20.59048653,11.57789421,0.081384145,101.4685135,3.814357281,4.770236015,157.5311432,157.3093567,25.04596901,62.97330475,Summer,2
6/16/2031,24.47457314,28.6762352,20.72213173,11.6411171,0.06988658,101.4682541,3.811189651,4.764729977,157.4636688,157.1982574,25.19343948,62.77896881,Summer,2
6/17/2031,24.61366081,28.82291031,20.85231781,11.70314407,0.058884025,101.4679108,3.808776617,4.76009655,157.4353943,157.125824,25.33971405,62.58322144,Summer,2
6/18/2031,24.7511692,28.96822929,20.98093033,11.76393318,0.048403177,101.4674835,3.807106256,4.75632,157.4446106,157.0906525,25.48465347,62.38643646,Summer,2
6/19/2031,24.88695717,29.11200905,21.10786057,11.82344723,0.038466118,101.4669724,3.806162596,4.753380775,157.4892426,157.0910034,25.62812424,62.18901062,Summer,2
6/20/2031,25.02089119,29.254076,21.23300743,11.88166332,0.029090369,101.4663849,3.805922031,4.751251698,157.5669403,157.124939,25.76999283,61.99132156,Summer,2
6/21/2031,25.1528492,29.39426231,21.35627747,11.93855953,0.020288149,101.4657059,3.806357384,4.749900341,157.6749725,157.1900787,25.91013718,61.7937851,Summer,2
6/22/2031,25.28271103,29.53241158,21.47758675,11.994133,0.012067546,101.4649429,3.807436705,4.749289513,157.8104401,157.283783,26.04844666,61.59680176,Summer,2
6/23/2031,25.4103756,29.6683712,21.59685707,12.04838276,0.004431242,101.4640961,3.809122562,4.749373913,157.9701538,157.4031067,26.18481064,61.40080261,Summer,2
6/24/2031,25.53574371,29.80201149,21.71401978,12.10132027,-0.002622342,101.4631653,3.811373234,4.750106335,158.15065,157.5449524,26.31912231,61.20619965,Summer,2
6/25/2031,25.65872955,29.93319511,21.82901764,12.15296459,-0.009099555,101.4621429,3.814143658,4.751432896,158.3483582,157.7059326,26.45129776,61.01340866,Summer,2
6/26/2031,25.77925491,30.06181335,21.94180107,12.20334625,-0.015010927,101.4610291,3.817383766,4.753295898,158.5594177,157.8824768,26.58124542,60.8228569,Summer,2
6/27/2031,25.89725685,30.18775368,22.05233383,12.25250244,-0.020371486,101.4598236,3.821041107,4.755633354,158.7799683,158.0708313,26.70888901,60.63496399,Summer,2
6/28/2031,26.01267815,30.31092834,22.16057587,12.30047607,-0.025199331,101.4585266,3.825060606,4.758381844,159.006012,158.2672119,26.83416748,60.45014191,Summer,2
6/29/2031,26.12547302,30.43125343,22.26651573,12.34732151,-0.029516632,101.4571304,3.82938385,4.761473179,159.2335052,158.4676361,26.95701218,60.26879501,Summer,2
6/30/2031,26.23560715,30.54866219,22.37013245,12.39309788,-0.033348549,101.4556351,3.833951712,4.764837742,159.4583588,158.6681824,27.07738113,60.09133148,Summer,2
7/1/2031,26.34305573,30.66309929,22.4714241,12.43787098,-0.036722768,101.4540482,3.838702917,4.768404961,159.6765289,158.8648224,27.19522095,59.91813278,Summer,2
7/2/2031,26.44780159,30.77451515,22.57039261,12.48170948,-0.039669149,101.4523544,3.843575239,4.772102833,159.884079,159.0536652,27.31050491,59.74958038,Summer,2
7/3/2031,26.54984093,30.88287926,22.66704941,12.52469158,-0.042219631,101.4505692,3.848506927,4.775857925,160.0771332,159.2307739,27.4231987,59.58604813,Summer,2
7/4/2031,26.64916992,30.98816681,22.76140976,12.56689453,-0.044407032,101.4486771,3.853435993,4.779600143,160.2520142,159.3924866,27.53328705,59.42787933,Summer,2
7/5/2031,26.74580383,31.09036446,22.85350037,12.60840034,-0.046265151,101.4466934,3.858301163,4.783257008,160.4052277,159.5351868,27.64074707,59.2754097,Summer,2
7/6/2031,26.8397522,31.1894722,22.94334984,12.64929199,-0.047828186,101.4446106,3.863043785,4.786759377,160.5334473,159.6554718,27.74557877,59.12895584,Summer,2
7/7/2031,26.93103981,31.28549004,23.03098869,12.68965244,-0.049129575,101.4424438,3.867604494,4.79004097,160.6336975,159.7502136,27.84777451,58.98882294,Summer,2
7/8/2031,27.01969528,31.37843704,23.11645126,12.72956944,-0.050202608,101.4401779,3.871929407,4.793037415,160.7032776,159.8165436,27.94733047,58.85528564,Summer,2
7/9/2031,27.10574913,31.46833038,23.19978523,12.76911926,-0.051078524,101.4378357,3.875965595,4.795687199,160.7398071,159.8518677,28.04426193,58.72860718,Summer,2
7/10/2031,27.18923569,31.55519295,23.28102875,12.8083868,-0.051787414,101.4354095,3.879664421,4.797934532,160.7413025,159.8539581,28.13856506,58.60902786,Summer,2
7/11/2031,27.2701931,31.63906097,23.36022758,12.84744549,-0.052356448,101.4329147,3.882980585,4.79972744,160.7061157,159.8209839,28.23025894,58.49676514,Summer,2
7/12/2031,27.3486557,31.71996498,23.4374218,12.88636971,-0.052810594,101.4303513,3.88587451,4.801018238,160.6330719,159.7514496,28.3193512,58.39199829,Summer,2
7/13/2031,27.42466736,31.79794502,23.51265526,12.92522335,-0.053171076,101.4277344,3.888309479,4.801765919,160.5213928,159.6443024,28.40584946,58.29491425,Summer,2
7/14/2031,27.4982605,31.87303352,23.58596992,12.96407127,-0.053455945,101.4250717,3.890254736,4.801934719,160.3707581,159.4989624,28.48977661,58.20565796,Summer,2
7/15/2031,27.56947327,31.94527054,23.65740395,13.00296497,-0.053679176,101.4223709,3.891685009,4.801495552,160.1813049,159.3152161,28.57113266,58.12435532,Summer,2
7/16/2031,27.6383419,32.0146904,23.72699356,13.04195118,-0.053850304,101.4196396,3.892580271,4.800426006,159.9536133,159.093338,28.64993668,58.0511055,Summer,2
7/17/2031,27.70488739,32.08133316,23.79476929,13.08106518,-0.053974498,101.416893,3.892926693,4.798708439,159.6887817,158.834137,28.72618484,57.98599243,Summer,2
7/18/2031,27.76914215,32.14522934,23.86075974,13.12033749,-0.054051999,101.4141464,3.892715693,4.796336174,159.3883209,158.5387421,28.79988861,57.92907715,Summer,2
7/19/2031,27.83112144,32.20639801,23.92497826,13.15978622,-0.054078147,101.4114075,3.891945839,4.793305874,159.0542145,158.2088623,28.87104797,57.88038635,Summer,2
7/20/2031,27.89084053,32.26486588,23.98744583,13.19941902,-0.054043479,101.4086838,3.89062047,4.789623737,158.6889191,157.8466034,28.9396553,57.83994293,Summer,2
7/21/2031,27.94830322,32.32064438,24.04816628,13.23923492,-0.053933207,101.4059982,3.888749599,4.785301685,158.2952271,157.454483,29.00569916,57.80773163,Summer,2
7/22/2031,28.00350952,32.37374878,24.1071434,13.27921867,-0.05372753,101.4033585,3.886350155,4.780358791,157.8764496,157.0355072,29.06917191,57.78374481,Summer,2
7/23/2031,28.05644798,32.42417526,24.16436195,13.31934643,-0.053401601,101.4007874,3.883442402,4.774821758,157.4361877,156.5930023,29.13004303,57.76792145,Summer,2
7/24/2031,28.10710335,32.47191238,24.21981049,13.35958385,-0.052925758,101.3982849,3.880053997,4.768723965,156.9784698,156.1307068,29.18829727,57.76020813,Summer,2
7/25/2031,28.15545082,32.5169487,24.27346611,13.39988518,-0.052265618,101.3958664,3.876218319,4.762104034,156.5075989,155.6526947,29.24389267,57.76052856,Summer,2
7/26/2031,28.20145035,32.55925751,24.32528877,13.44019413,-0.051382367,101.3935547,3.871972322,4.755007744,156.0281067,155.1633301,29.29679108,57.76878357,Summer,2
7/27/2031,28.24506569,32.59880447,24.37524223,13.48044109,-0.050233059,101.3913574,3.867358685,4.747486115,155.5448914,154.6672363,29.34695053,57.78486633,Summer,2
7/28/2031,28.28623962,32.63554001,24.4232769,13.52055073,-0.048770912,101.3892899,3.86242485,4.739594936,155.0629272,154.1693115,29.39431763,57.80865479,Summer,2
7/29/2031,28.32490921,32.66941833,24.46933174,13.56043434,-0.046945959,101.3873596,3.857221127,4.731395721,154.5874023,153.6745453,29.43883133,57.84001923,Summer,2
7/30/2031,28.36101151,32.7003746,24.51333809,13.59999752,-0.044705156,101.385582,3.851800919,4.72295332,154.1236877,153.1881409,29.4804306,57.87880707,Summer,2
7/31/2031,28.39446831,32.72833633,24.55523109,13.63913441,-0.041992933,101.3839645,3.846221685,4.714335442,153.677002,152.7154083,29.51904678,57.92487335,Summer,2
8/1/2031,28.42519188,32.75322342,24.5949192,13.67773342,-0.038752135,101.3825226,3.840543032,4.705614567,153.2527924,152.2616272,29.55459595,57.97805786,Summer,2
8/2/2031,28.45310402,32.77495575,24.63232231,13.7156744,-0.034924321,101.3812561,3.834825516,4.696864605,152.8563232,151.832077,29.58700943,58.03818512,Summer,2
8/3/2031,28.47809792,32.79343414,24.66734505,13.75283527,-0.030450011,101.3801804,3.829131603,4.688159466,152.4927979,151.4320679,29.61620331,58.10507965,Summer,2
8/4/2031,28.50007629,32.80855942,24.69989014,13.78908443,-0.025269849,101.379303,3.823524237,4.679576397,152.1673889,151.0666809,29.6420784,58.17856598,Summer,2
8/5/2031,28.51893616,32.82023239,24.72986031,13.82429028,-0.019325269,101.3786316,3.818066359,4.671192169,151.8848724,150.7409363,29.66455841,58.258461,Summer,2
8/6/2031,28.5345726,32.82834625,24.75714111,13.85831547,-0.01255857,101.3781586,3.812819719,4.663081169,151.6499481,150.459549,29.68354797,58.34457779,Summer,2
8/7/2031,28.546875,32.83277893,24.78163147,13.8910265,-0.004914259,101.3778992,3.807846069,4.655319214,151.4669647,150.2270966,29.69895172,58.43673325,Summer,2
8/8/2031,28.55573654,32.83343506,24.80322266,13.92227936,0.003660867,101.3778534,3.803204536,4.647977829,151.3399506,150.0477753,29.71068573,58.53473663,Summer,2
8/9/2031,28.5610466,32.83019638,24.82180405,13.95194149,0.013216699,101.3780289,3.798951387,4.64112711,151.2725983,149.9254608,29.71865082,58.6383934,Summer,2
8/10/2031,28.56270218,32.82294846,24.83727264,13.97987938,0.02379958,101.378418,3.795140743,4.63483429,151.2681122,149.8636627,29.72276306,58.74752045,Summer,2
8/11/2031,28.56059647,32.81159592,24.84951591,14.0059576,0.035450839,101.3790131,3.791822672,4.629161835,151.329361,149.8654327,29.72293854,58.86193466,Summer,2
8/12/2031,28.55463791,32.79602814,24.85844231,14.03005219,0.048207399,101.3798294,3.789044142,4.624166965,151.4586487,149.9334412,29.71909332,58.98145294,Summer,2
8/13/2031,28.54472923,32.77614975,24.86394691,14.05203915,0.062100209,101.3808594,3.786847115,4.619903564,151.6578217,150.0698242,29.71115494,59.10588455,Summer,2
8/14/2031,28.53078842,32.7518692,24.865942,14.071805,0.077154405,101.3820877,3.785268068,4.616418839,151.9282379,150.2762604,29.6990509,59.23505402,Summer,2
8/15/2031,28.51273918,32.7231102,24.86433411,14.08923912,0.093388632,101.383522,3.784338713,4.613752365,152.2706299,150.5538635,29.68272018,59.36877441,Summer,2
8/16/2031,28.49050903,32.68980408,24.85905457,14.10424519,0.110814527,101.3851547,3.784085512,4.611941814,152.6853027,150.9032135,29.66210556,59.50688934,Summer,2
8/17/2031,28.46404457,32.65188599,24.85003281,14.11672974,0.129436269,101.3869705,3.784528732,4.611012459,153.171875,151.3243866,29.63716507,59.64921188,Summer,2
8/18/2031,28.43330383,32.60931396,24.83720589,14.12661743,0.149250716,101.3889694,3.785682917,4.61098671,153.7295227,151.8168945,29.60786438,59.79557419,Summer,2
8/19/2031,28.39825439,32.56204987,24.82052994,14.13383389,0.170246884,101.3911514,3.787555933,4.611877918,154.3568573,152.3796692,29.57417679,59.94581223,Summer,2
8/20/2031,28.35886955,32.51007843,24.799963,14.13832569,0.192405656,101.3934937,3.790148973,4.613690376,155.0518494,153.0111542,29.53608704,60.09976196,Summer,2
8/21/2031,28.31515121,32.45339966,24.77548027,14.14004612,0.215699777,101.3959885,3.793457985,4.616424561,155.812027,153.7092133,29.49360275,60.25724792,Summer,2
8/22/2031,28.26710892,32.39202499,24.74706841,14.13896084,0.240094155,101.3986359,3.797471523,4.620070457,156.6343994,154.4712219,29.44672394,60.41812134,Summer,2
8/23/2031,28.21476746,32.32598877,24.71472931,14.13504982,0.265545368,101.4014206,3.802172899,4.624611378,157.5154877,155.2940216,29.39547729,60.58221436,Summer,2
8/24/2031,28.15816879,32.25533676,24.67847061,14.12830448,0.292002112,101.4043427,3.807537317,4.630023956,158.4513855,156.1740723,29.3399086,60.74937439,Summer,2
8/25/2031,28.09736443,32.18013763,24.63832283,14.1187315,0.319405258,101.4073792,3.813536882,4.636276245,159.4376678,157.1073151,29.28005981,60.91942596,Summer,2
8/26/2031,28.03243256,32.10047913,24.59432983,14.10634613,0.347688079,101.4105225,3.820135832,4.643331528,160.4696655,158.0893555,29.2159996,61.09222412,Summer,2
8/27/2031,27.96346092,32.01646042,24.54653549,14.0911808,0.376776725,101.4137726,3.827293873,4.651144981,161.5422058,159.1153259,29.14780807,61.26759338,Summer,2
8/28/2031,27.89055061,31.9282074,24.49501801,14.07327557,0.406590432,101.4171143,3.834965706,4.659665585,162.6499786,160.180191,29.07557297,61.44537354,Summer,2
8/29/2031,27.81382561,31.83585548,24.43984795,14.05268764,0.437042087,101.4205399,3.84310174,4.668838501,163.7873688,161.2785645,28.99939728,61.62540436,Summer,2
8/30/2031,27.7334137,31.73956871,24.38112831,14.02947998,0.468038589,101.4240417,3.851648092,4.678602219,164.9484863,162.4047852,28.91940308,61.80751038,Summer,2
8/31/2031,27.64947128,31.63951302,24.31895828,14.00373077,0.49948144,101.4276123,3.860547066,4.688890934,166.1273651,163.5531464,28.83572006,61.99151611,Summer,2
9/1/2031,27.56215668,31.53588295,24.25345993,13.9755249,0.531267703,101.4312439,3.869738102,4.699635983,167.3179932,164.7177124,28.74848557,62.17724609,Autumn,3
9/2/2031,27.47163773,31.42888069,24.18475533,13.94495869,0.56329,101.4349289,3.879158974,4.710763931,168.5142212,165.8925323,28.65785217,62.36451721,Autumn,3
9/3/2031,27.37810707,31.31872177,24.11299133,13.91213322,0.595437884,101.4386597,3.888744831,4.722200394,169.7100372,167.0716553,28.56398392,62.55315018,Autumn,3
9/4/2031,27.28175545,31.20563126,24.03831291,13.87716103,0.627597988,101.4424362,3.898429632,4.733868599,170.899353,168.2491455,28.46705246,62.74294281,Autumn,3
9/5/2031,27.18278885,31.08986282,23.96087646,13.84015846,0.659655273,101.4462433,3.908147573,4.745690823,172.076355,169.4191895,28.36723328,62.93370819,Autumn,3
9/6/2031,27.08141708,30.97165108,23.88084221,13.80124569,0.691493452,101.4500885,3.917831898,4.757588387,173.2353668,170.5760803,28.2647171,63.12522888,Autumn,3
9/7/2031,26.97785568,30.85125923,23.79838562,13.76054955,0.722996116,101.4539642,3.927417994,4.769484997,174.3709259,171.7144318,28.15969467,63.31731415,Autumn,3
9/8/2031,26.8723278,30.7289505,23.71367264,13.71819592,0.754047155,101.4578629,3.936841249,4.781303406,175.4779053,172.8290253,28.05236053,63.50972748,Autumn,3
9/9/2031,26.7650528,30.60498619,23.62688255,13.67431545,0.784531772,101.461792,3.946040392,4.792970181,176.5514679,173.9149475,27.94291306,63.70226288,Autumn,3
9/10/2031,26.65625763,30.47963524,23.53819656,13.62903786,0.814337254,101.4657364,3.954956055,4.804413319,177.587204,174.9677124,27.83155823,63.89468765,Autumn,3
9/11/2031,26.54616547,30.35316277,23.44779015,13.58249187,0.843353748,101.469696,3.963531971,4.815565586,178.5811462,175.9831848,27.71849442,64.0867691,Autumn,3
9/12/2031,26.43499756,30.22583771,23.35583878,13.53480053,0.87147516,101.4736862,3.971717119,4.82636261,179.5296783,176.9576721,27.60391998,64.27827454,Autumn,3
9/13/2031,26.32296562,30.09791374,23.26251984,13.48608875,0.898599744,101.477684,3.979463339,4.836745739,180.4298553,177.8879395,27.48804092,64.46894836,Autumn,3
9/14/2031,26.21028519,29.96964836,23.16800308,13.43647385,0.924630702,101.4817047,3.98672843,4.846662045,181.2791138,178.771286,27.37104797,64.65855408,Autumn,3
9/15/2031,26.09715271,29.84128571,23.07245445,13.38606834,0.949476898,101.4857407,3.993475437,4.856063366,182.0754852,179.6055603,27.25313187,64.8468399,Autumn,3
9/16/2031,25.98376846,29.71306038,22.97603226,13.3349781,0.973053753,101.4897995,3.999672651,4.864909649,182.817627,180.3891144,27.13447189,65.03355408,Autumn,3
9/17/2031,25.87030792,29.58519363,22.87888527,13.28329945,0.995283663,101.493866,4.0052948,4.873166084,183.5046844,181.1208649,27.01524734,65.21843719,Autumn,3
9/18/2031,25.75694656,29.45789337,22.78116035,13.23112297,1.016096234,101.4979553,4.010323048,4.880805969,184.1364899,181.8003693,26.89562607,65.40122986,Autumn,3
9/19/2031,25.64383316,29.33135223,22.68297958,13.17852783,1.035429001,101.5020599,4.014746189,4.887811184,184.7133636,182.4276581,26.77576065,65.5816803,Autumn,3
9/20/2031,25.53111458,29.2057457,22.58446884,13.1255846,1.053228021,101.5061722,4.018558979,4.894169807,185.2363281,183.003479,26.65579987,65.75953674,Autumn,3
9/21/2031,25.41891479,29.08123016,22.48572922,13.07235241,1.069447875,101.5102997,4.021762371,4.899878502,185.7068939,183.5290527,26.53587723,65.93453217,Autumn,3
9/22/2031,25.30733681,28.95793915,22.38685799,13.01887798,1.084051609,101.5144424,4.024366379,4.904943466,186.1271973,184.0061798,26.41610718,66.10643005,Autumn,3
9/23/2031,25.19647408,28.83599091,22.28793144,12.96519947,1.097011924,101.5185928,4.026386738,4.909376144,186.4999237,184.4372101,26.29660034,66.27496338,Autumn,3
9/24/2031,25.08639145,28.71547318,22.18901825,12.91134167,1.108310223,101.5227585,4.027845383,4.913199902,186.8282318,184.8250885,26.17744827,66.43991089,Autumn,3
9/25/2031,24.97714806,28.59646225,22.09016037,12.85731506,1.117937684,101.5269165,4.028773308,4.916441441,187.1157837,185.1731262,26.05872726,66.60102844,Autumn,3
9/26/2031,24.86876869,28.47899818,21.99139595,12.80312538,1.12589407,101.5310822,4.029206753,4.919139862,187.3667908,185.4851532,25.94049835,66.75809479,Autumn,3
9/27/2031,24.76126862,28.36310577,21.89274216,12.74876118,1.13218832,101.5352325,4.029186726,4.921338558,187.5857544,185.7655182,25.8228035,66.91088867,Autumn,3
9/28/2031,24.65463829,28.24878311,21.79419899,12.69419765,1.136838675,101.5393829,4.028763294,4.923089504,187.7776642,186.0187683,25.70567703,67.05921173,Autumn,3
9/29/2031,24.54884529,28.13600349,21.6957531,12.6394062,1.139871716,101.5435104,4.027989864,4.924449921,187.9477234,186.2499542,25.58913231,67.2028656,Autumn,3
9/30/2031,24.44384766,28.02472305,21.59737587,12.58434105,1.141322732,101.5476151,4.026926041,4.925484657,188.1015472,186.4642944,25.4731636,67.34165955,Autumn,3
10/1/2031,24.33957863,27.91486168,21.49902153,12.52895069,1.141234279,101.5516968,4.025635242,4.926263332,188.244873,186.6673584,25.35775757,67.47544861,Autumn,3
10/2/2031,24.23594856,27.80633163,21.40063095,12.47317123,1.139657259,101.5557251,4.024186134,4.926861763,188.3836823,186.8648682,25.24288177,67.60406494,Autumn,3
10/3/2031,24.13286018,27.69901848,21.30213165,12.41693497,1.136649251,101.5597153,4.022648811,4.927357674,188.5240173,187.0625916,25.12848663,67.72737122,Autumn,3
10/4/2031,24.03019333,27.59278107,21.20343399,12.36016083,1.132274628,101.5636368,4.021099091,4.927834034,188.6720123,187.2664642,25.01451302,67.84526825,Autumn,3
10/5/2031,23.92781448,27.48747063,21.1044445,12.30276775,1.126603365,101.5674973,4.019611835,4.928378105,188.8338165,187.4824524,24.90088844,67.9576416,Autumn,3
10/6/2031,23.82557869,27.38291168,21.00505447,12.24466324,1.119711161,101.5712738,4.018266678,4.929076672,189.0154877,187.7164001,24.78752708,68.06442261,Autumn,3
10/7/2031,23.72332382,27.27891731,20.90513992,12.18575668,1.111678362,101.5749512,4.017140865,4.930017948,189.2230377,187.9741211,24.67433357,68.16553497,Autumn,3
10/8/2031,23.62088394,27.17528725,20.80457878,12.12594795,1.102589369,101.5785294,4.01631403,4.931293011,189.462204,188.2612762,24.561203,68.26094818,Autumn,3
10/9/2031,23.51807594,27.07180786,20.70323181,12.06514168,1.092531681,101.5819931,4.015864849,4.932991028,189.7385864,188.583252,24.44802094,68.3506546,Autumn,3
10/10/2031,23.41471672,26.968256,20.60096169,12.00323677,1.081595778,101.5853348,4.015870094,4.935198784,190.0574493,188.9452209,24.33466339,68.43463898,Autumn,3
10/11/2031,23.31061363,26.86440086,20.49762154,11.94013596,1.06987381,101.5885315,4.016404629,4.938004494,190.4237823,189.3520813,24.22100449,68.51293182,Autumn,3
10/12/2031,23.20557404,26.76000977,20.39306641,11.875741,1.057459474,101.5915756,4.017541885,4.94149065,190.8421936,189.8083191,24.10691833,68.58557129,Autumn,3
10/13/2031,23.09940147,26.65483856,20.28714943,11.80996323,1.04444623,101.5944595,4.019349098,4.945737362,191.316803,190.3180389,23.99226379,68.6526413,Autumn,3
10/14/2031,22.9919014,26.54865265,20.17971992,11.74271202,1.030928373,101.597168,4.021892071,4.950819492,191.8513641,190.8848572,23.87690735,68.71421814,Autumn,3
10/15/2031,22.88288307,26.44121361,20.07063675,11.67390347,1.016998291,101.5996933,4.025231838,4.956809044,192.4490662,191.5119934,23.76071548,68.770401,Autumn,3
10/16/2031,22.77215767,26.33228493,19.95975685,11.60346508,1.002747416,101.6020203,4.029423237,4.963769436,193.1126099,192.2020874,23.64355087,68.82131958,Autumn,3
10/17/2031,22.65954208,26.22163963,19.84694672,11.5313282,0.988264978,101.6041565,4.034515381,4.971760273,193.8441772,192.9572601,23.52528763,68.86712646,Autumn,3
10/18/2031,22.54487038,26.1090641,19.73207664,11.45743465,0.973637283,101.6060791,4.040552139,4.980833054,194.6452637,193.7790985,23.40579987,68.9079895,Autumn,3
10/19/2031,22.42797661,25.99435043,19.61503029,11.38173676,0.958947122,101.6077881,4.047570229,4.991030693,195.5169067,194.6685944,23.28496552,68.9440918,Autumn,3
10/20/2031,22.30871201,25.87730408,19.49569702,11.30419636,0.944273829,101.6092758,4.055599213,5.002390385,196.4594727,195.6261139,23.16267204,68.97563171,Autumn,3
10/21/2031,22.18694496,25.75774574,19.37398148,11.22479057,0.92969203,101.6105499,4.064661503,5.014940739,197.4727325,196.6515198,23.03881836,69.00283051,Autumn,3
10/22/2031,22.06255531,25.63551712,19.24979782,11.14350605,0.915272117,101.6115952,4.074771881,5.028700352,198.5559235,197.7439728,22.91331482,69.02590942,Autumn,3
10/23/2031,21.93544006,25.51047325,19.12307549,11.06034279,0.901078582,101.6124191,4.085938454,5.043679237,199.70755,198.9021454,22.78607559,69.04512024,Autumn,3
10/24/2031,21.80551338,25.38249588,18.99376488,10.97531223,0.887171388,101.6130295,4.098158836,5.059879303,200.9256592,200.1240845,22.65703392,69.06071472,Autumn,3
10/25/2031,21.67271233,25.25148392,18.86182213,10.88844585,0.873604298,101.6134262,4.111426353,5.077293873,202.2077026,201.4072723,22.52613068,69.07296753,Autumn,3
10/26/2031,21.53699493,25.11736298,18.72723007,10.79978275,0.860425472,101.6136093,4.125723839,5.09590435,203.5505829,202.748703,22.39332962,69.08213806,Autumn,3
10/27/2031,21.39833832,24.98008156,18.58998489,10.7093792,0.847677171,101.6136017,4.141026974,5.115686417,204.9506073,204.1447449,22.25859833,69.08853149,Autumn,3
10/28/2031,21.25674248,24.83961105,18.45009804,10.61730576,0.835395157,101.6134033,4.157304287,5.136604309,206.4037323,205.5914307,22.12193108,69.09242249,Autumn,3
10/29/2031,21.11222649,24.69595528,18.30760574,10.5236454,0.82360965,101.6130371,4.174516201,5.158614635,207.9053955,207.084259,21.98332787,69.09410095,Autumn,3
10/30/2031,20.96483612,24.54914093,18.16255951,10.4284935,0.81234473,101.6125107,4.192615986,5.181665897,209.4506073,208.6183624,21.84281158,69.09387207,Autumn,3
10/31/2031,20.81464005,24.39921761,18.01502991,10.33196259,0.801618397,101.6118393,4.211551189,5.20569849,211.0341034,210.1884308,21.70042038,69.09202576,Autumn,3
11/1/2031,20.66172791,24.24626732,17.86510849,10.23417377,0.79144305,101.6110535,4.231261253,5.230643749,212.650177,211.7890015,21.55620575,69.08885193,Autumn,3
11/2/2031,20.50621223,24.09039307,17.71290398,10.13526154,0.781825721,101.6101761,4.251681328,5.256427288,214.2929077,213.4141541,21.41023445,69.08465576,Autumn,3
11/3/2031,20.34822464,23.93172646,17.55854225,10.03537178,0.772767663,101.6092148,4.272739887,5.282968521,215.9562225,215.0578918,21.26259613,69.07971191,Autumn,3
11/4/2031,20.18792152,23.77042389,17.40216637,9.934659958,0.764265597,101.6082153,4.294362068,5.31017971,217.6337891,216.7140045,21.11339188,69.0743103,Autumn,3
11/5/2031,20.02548027,23.60666466,17.24394035,9.833291054,0.756311417,101.6071854,4.316466331,5.337968826,219.3192291,218.3761444,20.96273422,69.06872559,Autumn,3
11/6/2031,19.86108971,23.44065094,17.08403587,9.731435776,0.748892665,101.6061707,4.338968754,5.366238594,221.0060425,220.0379944,20.81075668,69.06323242,Autumn,3
11/7/2031,19.69496536,23.27260399,16.92265129,9.629274368,0.74199295,101.6051941,4.361783504,5.394887447,222.6878204,221.693161,20.65760231,69.05807495,Autumn,3
11/8/2031,19.52733421,23.10276794,16.75998688,9.526992798,0.735592663,101.6042786,4.384819508,5.423812866,224.3581085,223.3353271,20.50342369,69.05349731,Autumn,3
11/9/2031,19.3584404,22.93140602,16.59626198,9.424779892,0.729668975,101.6034698,4.407986641,5.452907562,226.0106659,224.958313,20.34838867,69.04973602,Autumn,3
11/10/2031,19.18854141,22.75879288,16.43170738,9.322828293,0.724196553,101.6027985,4.431193352,5.48206377,227.6393585,226.5561066,20.19267654,69.04701233,Autumn,3
11/11/2031,19.01790047,22.58522034,16.2665596,9.221331596,0.71914798,101.6022873,4.45434618,5.511173725,229.2381897,228.1228333,20.03647423,69.04553223,Autumn,3
11/12/2031,18.84679985,22.41099167,16.10106468,9.120485306,0.71449405,101.6019745,4.477353573,5.540129185,230.80159,229.6529999,19.87997437,69.04547882,Autumn,3
11/13/2031,18.67551994,22.23641968,15.9354763,9.020482063,0.710204661,101.6018982,4.500124454,5.568822861,232.3241425,231.1413116,19.72338104,69.04702759,Autumn,3
11/14/2031,18.50435448,22.06182289,15.77005482,8.921514511,0.706248999,101.6020889,4.522570133,5.597149372,233.8008728,232.5828705,19.56689453,69.05033112,Autumn,3
11/15/2031,18.333601,21.88753128,15.60505581,8.823768616,0.702595711,101.6025696,4.544604778,5.625006199,235.2271423,233.9732056,19.41072845,69.05553436,Autumn,3
11/16/2031,18.16354752,21.71386719,15.44074631,8.727426529,0.69921416,101.6033783,4.566143036,5.652293682,236.5987091,235.308197,19.25509453,69.06275177,Autumn,3
11/17/2031,17.99449539,21.54116249,15.27738476,8.632665634,0.69607389,101.6045456,4.587106705,5.678917408,237.9118652,236.584198,19.10020065,69.07209778,Autumn,3
11/18/2031,17.82673454,21.36973953,15.11523151,8.539652824,0.693145752,101.6060944,4.607419968,5.704786301,239.1632843,237.7980957,18.94626236,69.08364105,Autumn,3
11/19/2031,17.66055679,21.19992256,14.95454121,8.448547363,0.690401793,101.6080475,4.627011776,5.729814053,240.3502045,238.9472198,18.79348755,69.09745789,Autumn,3
11/20/2031,17.49623871,21.03202057,14.7955637,8.359500885,0.687815845,101.6104355,4.645817757,5.753923893,241.4703674,240.0294342,18.6420784,69.11360168,Autumn,3
11/21/2031,17.33405685,20.86634064,14.63854313,8.272649765,0.685363889,101.6132736,4.663777351,5.777040958,242.5220032,241.0431366,18.49223709,69.13208771,Autumn,3
11/22/2031,17.17427063,20.70317841,14.48370934,8.18812561,0.68302393,101.6165848,4.680837154,5.799101353,243.5038452,241.9872284,18.34415436,69.1529541,Autumn,3
11/23/2031,17.01713181,20.54281044,14.33128834,8.10603714,0.680776834,101.6203766,4.696950912,5.820045948,244.4152679,242.8611603,18.19801712,69.17617798,Autumn,3
11/24/2031,16.86287498,20.38549614,14.18148994,8.026490211,0.678605497,101.6246643,4.712077618,5.839825153,245.2560577,243.664978,18.05400085,69.20175171,Autumn,3
11/25/2031,16.71172523,20.23149109,14.03451252,7.949571609,0.676496446,101.6294556,4.726184845,5.85839653,246.0266113,244.3991852,17.91227341,69.22962952,Autumn,3
11/26/2031,16.56388092,20.08101654,13.89053917,7.87535429,0.674438477,101.634758,4.739246368,5.875726223,246.7277069,245.064743,17.77298355,69.25978088,Autumn,3
11/27/2031,16.41953468,19.9342823,13.74973965,7.803897858,0.672423601,101.6405716,4.751242638,5.891788483,247.3607635,245.663147,17.63628006,69.29211426,Autumn,3
11/28/2031,16.27884865,19.7914753,13.61226559,7.735246181,0.670446634,101.6468887,4.762162685,5.906566143,247.927536,246.1964722,17.50229073,69.32659149,Autumn,3
11/29/2031,16.14197159,19.65275574,13.47824955,7.669427872,0.668505371,101.6537094,4.772001743,5.920050621,248.4302826,246.667038,17.37112999,69.36309814,Autumn,3
11/30/2031,16.0090313,19.51826286,13.34781361,7.606458664,0.666600406,101.6610184,4.780762672,5.932243824,248.8716736,247.077652,17.24290085,69.40153503,Autumn,3
12/1/2031,15.88013077,19.38811302,13.22105217,7.546337128,0.664735138,101.668808,4.788455009,5.943151474,249.2546844,247.4315643,17.11768913,69.44180298,Winter,0
12/2/2031,15.75535583,19.26239777,13.09804821,7.489048004,0.662915409,101.6770477,4.795095444,5.952790737,249.5827484,247.7322693,16.99556732,69.48377228,Winter,0
12/3/2031,15.63476944,19.14118195,12.97885895,7.434563637,0.661149323,101.6857224,4.800706863,5.961187363,249.859436,247.9835815,16.87659454,69.52732849,Winter,0
12/4/2031,15.51840782,19.02450562,12.86352921,7.38284111,0.659447193,101.6948013,4.805318356,5.968371391,250.0887299,248.1895447,16.76080894,69.57232666,Winter,0
12/5/2031,15.40629196,18.91238403,12.75208473,7.333826065,0.657821476,101.7042618,4.808965683,5.974381924,250.2747345,248.3544617,16.64823914,69.61864471,Winter,0
12/6/2031,15.29841805,18.80481148,12.64452553,7.28744936,0.656285703,101.7140656,4.811689377,5.979264736,250.4217377,248.4827576,16.53889847,69.66613007,Winter,0
12/7/2031,15.19476509,18.70175362,12.54084206,7.243635178,0.654855132,101.7241745,4.813534737,5.983072281,250.5341492,248.5789642,16.43278122,69.71463013,Winter,0
12/8/2031,15.09528732,18.60316086,12.44100094,7.202290535,0.653545797,101.7345505,4.81455183,5.985860825,250.6165009,248.6477203,16.32987022,69.76400757,Winter,0
12/9/2031,14.9999218,18.50894928,12.34495735,7.163319588,0.652374387,101.7451477,4.814795017,5.98769331,250.6732635,248.6936646,16.23013878,69.81410217,Winter,0
12/10/2031,14.90859032,18.41902924,12.25264263,7.126613617,0.651358068,101.755928,4.814322472,5.988636971,250.7090302,248.721344,16.13354111,69.86477661,Winter,0
12/11/2031,14.8211937,18.33328247,12.16398335,7.092058182,0.650513947,101.7668304,4.813195229,5.988761425,250.7281647,248.7353516,16.04001999,69.91587067,Winter,0
12/12/2031,14.7376194,18.25157547,12.07888031,7.059533119,0.649858594,101.7778091,4.811475754,5.988141537,250.7350616,248.7400513,15.94951439,69.96723938,Winter,0
12/13/2031,14.65773773,18.17375946,11.99722862,7.028910637,0.649407983,101.7888184,4.809229851,5.986854076,250.7338867,248.7397614,15.8619442,70.01873779,Winter,0
12/14/2031,14.58140945,18.09967041,11.91891193,7.000061989,0.649177253,101.7997971,4.806523323,5.984976292,250.7287292,248.7384491,15.77722359,70.07022095,Winter,0
12/15/2031,14.50848389,18.02913475,11.84380054,6.972854137,0.649179995,101.8106918,4.803423405,5.982588291,250.7233734,248.739975,15.69525909,70.12155914,Winter,0
12/16/2031,14.438797,17.96196365,11.77175617,6.947154045,0.649428427,101.8214493,4.79999733,5.979769707,250.7213287,248.7479095,15.61595154,70.17260742,Winter,0
12/17/2031,14.37218475,17.89796448,11.7026329,6.922825336,0.649932504,101.832016,4.796311855,5.97660017,250.7258606,248.7654266,15.53919411,70.22325134,Winter,0
12/18/2031,14.30846596,17.83693886,11.63628006,6.899735451,0.650700331,101.8423386,4.792432785,5.973158836,250.7400055,248.7954865,15.46487236,70.27334595,Winter,0
12/19/2031,14.24746323,17.77867889,11.57253742,6.877752304,0.651737571,101.8523483,4.788423538,5.969522953,250.7663422,248.8406372,15.39287567,70.32279968,Winter,0
12/20/2031,14.18899727,17.72297668,11.5112505,6.856748104,0.653047502,101.8620148,4.784346581,5.965767384,250.8071747,248.9030609,15.32308483,70.37148285,Winter,0
12/21/2031,14.13288116,17.66963005,11.4522543,6.836596489,0.654630542,101.8712616,4.780261517,5.961965084,250.8643646,248.9844971,15.25538445,70.41929626,Winter,0
12/22/2031,14.07893372,17.61843109,11.3953867,6.81717968,0.656484127,101.8800583,4.776225567,5.958185196,250.9394379,249.086441,15.1896553,70.46615601,Winter,0
12/23/2031,14.02697372,17.56917953,11.34049034,6.798383713,0.658603132,101.8883514,4.77229166,5.954493046,251.0335693,249.2098083,15.12578392,70.51196289,Winter,0
12/24/2031,13.97682762,17.52168274,11.28740215,6.780100822,0.660979211,101.8960876,4.768509388,5.950951576,251.147522,249.3551788,15.06365776,70.55662537,Winter,0
12/25/2031,13.92832756,17.47575188,11.23597336,6.762233257,0.663601398,101.9032288,4.764924049,5.947615623,251.2816772,249.5227509,15.00316429,70.60007477,Winter,0
12/26/2031,13.8813076,17.43121338,11.18604851,6.744689465,0.666455269,101.9097443,4.761577129,5.944538593,251.4359589,249.7122955,14.94420242,70.64224243,Winter,0
12/27/2031,13.83561325,17.38789177,11.13749027,6.727387428,0.669523835,101.9155884,4.758505344,5.941766739,251.6100159,249.9231567,14.88667107,70.68306732,Winter,0
12/28/2031,13.79110336,17.34564018,11.09016132,6.710254669,0.672787368,101.9207382,4.755740166,5.939341068,251.8031158,250.1544037,14.83047676,70.7224884,Winter,0
12/29/2031,13.74764061,17.30431747,11.04393578,6.693226814,0.676223457,101.9251633,4.75330925,5.937296867,252.0141449,250.4046783,14.7755394,70.76046753,Winter,0
12/30/2031,13.70510864,17.26379776,10.99869823,6.676251411,0.679807246,101.9288406,4.751234055,5.9356637,252.2417603,250.6722412,14.72177887,70.79695129,Winter,0
12/31/2031,13.66339302,17.22396851,10.95433903,6.659285069,0.683511555,101.9317474,4.749531746,5.934465408,252.4841309,250.9551392,14.6691246,70.83189392,Winter,0
1/1/2032,13.62240791,17.18474007,10.91076565,6.64229393,0.687307179,101.933876,4.748214245,5.933720112,252.7393646,251.2511292,14.61752319,70.86528015,Winter,0
1/2/2032,13.58206177,17.14603233,10.86789322,6.625256538,0.691163421,101.9352112,4.747288704,5.933437824,253.0052032,251.5576172,14.56691933,70.89707947,Winter,0
1/3/2032,13.5422945,17.10779381,10.82564926,6.608156681,0.695047855,101.9357605,4.7467556,5.933625221,253.2792511,251.8719025,14.51727486,70.92727661,Winter,0
1/4/2032,13.50305653,17.06997871,10.78397655,6.590992928,0.698926866,101.935524,4.746613979,5.934282303,253.5588531,252.1910553,14.46856308,70.95582581,Winter,0
1/5/2032,13.46430779,17.03256416,10.74282455,6.573770523,0.702766359,101.934494,4.746854782,5.93540287,253.8412018,252.5119934,14.42076111,70.98274231,Winter,0
1/6/2032,13.42602921,16.99554825,10.7021656,6.556503773,0.706531346,101.9327011,4.747467041,5.936975956,254.1234741,252.831543,14.37385941,71.00801086,Winter,0
1/7/2032,13.38821411,16.95894432,10.66197395,6.539216042,0.710186958,101.9301453,4.748434544,5.938984871,254.4026794,253.1464233,14.32785797,71.03160095,Winter,0
1/8/2032,13.35086823,16.92277908,10.62224388,6.521938324,0.713698626,101.926857,4.749736786,5.941407681,254.675827,253.4533844,14.28276825,71.05354309,Winter,0
1/9/2032,13.31402016,16.88710403,10.58297634,6.504709721,0.717032075,101.9228592,4.75135088,5.944220543,254.9399414,253.7491302,14.23860931,71.07380676,Winter,0
1/10/2032,13.27769852,16.85197639,10.5441885,6.48757267,0.720154226,101.9181824,4.753248215,5.947391033,255.1919556,254.0303802,14.19540787,71.09240723,Winter,0
1/11/2032,13.24195862,16.81747437,10.50590992,6.470581055,0.72303313,101.9128571,4.755400181,5.950887203,255.4290619,254.2940521,14.15320396,71.10934448,Winter,0
1/12/2032,13.20685387,16.78368759,10.46817398,6.453787804,0.725638747,101.906929,4.757773876,5.954671383,255.6483459,254.5370331,14.11203861,71.12461853,Winter,0
1/13/2032,13.17246246,16.75071907,10.43103504,6.437255859,0.727942526,101.9004288,4.760334492,5.958703041,255.8471832,254.7564087,14.07196522,71.138237,Winter,0
1/14/2032,13.13886452,16.71868134,10.3945446,6.421045303,0.729918659,101.8934097,4.763045311,5.962939262,256.0230408,254.9495239,14.03304195,71.15020752,Winter,0
1/15/2032,13.10614967,16.68770027,10.35877419,6.405225277,0.731543481,101.8859177,4.765868664,5.967336655,256.1734924,255.1137848,13.99533272,71.16052246,Winter,0
1/16/2032,13.07441902,16.65790176,10.32379436,6.389861107,0.732796371,101.878006,4.76876545,5.971847534,256.2964172,255.2469635,13.95890808,71.16921234,Winter,0
1/17/2032,13.0437746,16.62942696,10.28969002,6.375022411,0.733659744,101.8697128,4.771695137,5.976424694,256.3899231,255.3469849,13.92383766,71.17626953,Winter,0
1/18/2032,13.01432705,16.60241699,10.25654125,6.360776901,0.734119117,101.8611069,4.774618149,5.981021404,256.4523315,255.4121552,13.89020061,71.18170166,Winter,0
1/19/2032,12.98619652,16.57701874,10.22444534,6.347194672,0.734163344,101.8522415,4.777494907,5.985587597,256.4822388,255.4409485,13.85807419,71.18552399,Winter,0
1/20/2032,12.95949554,16.55338097,10.19349384,6.334341049,0.733784914,101.8431625,4.780285358,5.990075588,256.4784546,255.4322357,13.82753944,71.18774414,Winter,0
1/21/2032,12.93434906,16.53164864,10.16378689,6.322278023,0.732980013,101.833931,4.782950401,5.994439125,256.440155,255.3851624,13.79867554,71.18836975,Winter,0
1/22/2032,12.9108696,16.51197052,10.1354208,6.311068535,0.731748402,101.8246078,4.785452843,5.998630524,256.3667908,255.2992249,13.77156544,71.18741608,Winter,0
1/23/2032,12.88917732,16.49448776,10.10849571,6.300769806,0.73009336,101.815239,4.787756443,6.002604485,256.2580566,255.1742096,13.74628448,71.18489075,Winter,0
1/24/2032,12.86939049,16.47933769,10.08311272,6.291434765,0.728021979,101.8058853,4.789826393,6.006318569,256.1140137,255.0102234,13.72290993,71.18079376,Winter,0
1/25/2032,12.85162163,16.46665573,10.05936909,6.283111572,0.725544989,101.7965927,4.791630268,6.009731293,255.934906,254.8077393,13.70151711,71.17515564,Winter,0
1/26/2032,12.8359766,16.45656586,10.03735924,6.275844574,0.722676516,101.7874222,4.79313755,6.012803555,255.7212982,254.5674591,13.68217468,71.16796875,Winter,0
1/27/2032,12.82255936,16.4491806,10.01717281,6.269670486,0.719433904,101.7784195,4.794320107,6.015499592,255.4740906,254.2904358,13.66495132,71.15927124,Winter,0
1/28/2032,12.8114624,16.4446125,9.998901367,6.264620781,0.715837836,101.7696228,4.795152664,6.017786026,255.1942902,253.9780121,13.6499033,71.14906311,Winter,0
1/29/2032,12.80277824,16.4429493,9.982619286,6.260721684,0.711911976,101.7610779,4.795611858,6.019631863,254.8833008,253.6316833,13.63709068,71.13735962,Winter,0
1/30/2032,12.79658318,16.44428253,9.968411446,6.257992744,0.70768249,101.7528305,4.795678616,6.021011353,254.5425873,253.2532654,13.62655926,71.12417603,Winter,0
1/31/2032,12.79294968,16.44867706,9.956345558,6.256446838,0.703178346,101.7449112,4.795334816,6.021899223,254.1738892,252.8448639,13.61835289,71.10954285,Winter,0
2/1/2032,12.79193592,16.45619202,9.946479797,6.256088734,0.698430002,101.7373505,4.794566631,6.022277355,253.7790985,252.4086151,13.61250687,71.09347534,Winter,0
2/2/2032,12.79359245,16.46687317,9.938874245,6.256921768,0.693470478,101.7301712,4.793363094,6.022127628,253.3602753,251.9469299,13.60904789,71.07598877,Winter,0
2/3/2032,12.797966,16.48074532,9.93357563,6.258936405,0.688333869,101.7234116,4.791715145,6.021437645,252.9195557,251.4622345,13.6079998,71.05711365,Winter,0
2/4/2032,12.8050766,16.49782753,9.930623055,6.262122631,0.683055341,101.7170792,4.789617538,6.020195961,252.4591522,250.9572296,13.60937691,71.03688049,Winter,0
2/5/2032,12.81494904,16.51812172,9.930046082,6.266462326,0.677670956,101.7111816,4.787068367,6.018398285,251.9813995,250.4344788,13.61318016,71.01531982,Winter,0
2/6/2032,12.82758713,16.54161072,9.931865692,6.271932602,0.672216952,101.7057495,4.784067154,6.016040802,251.4885864,249.896759,13.61940956,70.99246216,Winter,0
2/7/2032,12.84298706,16.56826782,9.936097145,6.278504848,0.666729867,101.7007599,4.780616283,6.013124466,250.9830627,249.3466949,13.62805843,70.96833801,Winter,0
2/8/2032,12.86113739,16.59805298,9.942744255,6.286146164,0.661245525,101.6962357,4.776721478,6.009653091,250.4671326,248.7870483,13.63910866,70.94297791,Winter,0
2/9/2032,12.88201141,16.63090897,9.951804161,6.294821262,0.65579915,101.6921616,4.772391319,6.005631924,249.9430084,248.2203827,13.65253353,70.91642761,Winter,0
2/10/2032,12.90557384,16.66677094,9.963263512,6.304487228,0.650424838,101.6885223,4.767634392,6.001072407,249.4128571,247.6492004,13.66830826,70.88873291,Winter,0
2/11/2032,12.93177986,16.70555878,9.977103233,6.315101624,0.645155013,101.685318,4.762464046,5.995985031,248.8787537,247.075943,13.68639183,70.85993958,Winter,0
2/12/2032,12.9605751,16.74718285,9.993293762,6.326619148,0.640020609,101.682518,4.756892681,5.990385532,248.3425598,246.5028687,13.70674133,70.83007813,Winter,0
2/13/2032,12.99190044,16.79154205,10.01179981,6.338993073,0.635049939,101.6800995,4.750936508,5.984291077,247.8061066,245.9320068,13.72930908,70.79920197,Winter,0
2/14/2032,13.02568245,16.83852577,10.03258324,6.352169991,0.630269289,101.6780472,4.744613171,5.977718353,247.2709045,245.3652954,13.75404549,70.7673645,Winter,0
2/15/2032,13.06184769,16.88801765,10.05559158,6.366104603,0.625701964,101.6763153,4.737939835,5.970691204,246.7383881,244.8043671,13.78088951,70.73461914,Winter,0
2/16/2032,13.10031128,16.93989372,10.08077431,6.380744934,0.621368587,101.6748886,4.730936527,5.963229179,246.2097015,244.2506714,13.80978203,70.70101166,Winter,0
2/17/2032,13.14098263,16.99402237,10.10806942,6.396042824,0.617286384,101.6737137,4.723624229,5.955357075,245.6858215,243.7053528,13.84065723,70.66660309,Winter,0
2/18/2032,13.18377209,17.05027199,10.13741493,6.41194725,0.613469541,101.67276,4.716022491,5.947099209,245.1674805,243.1693726,13.87344933,70.63144684,Winter,0
2/19/2032,13.22858238,17.10850143,10.16874409,6.428415298,0.609928489,101.6719894,4.708154202,5.938482285,244.6551208,242.6433716,13.90808678,70.59559631,Winter,0
2/20/2032,13.27531624,17.16857719,10.20198822,6.445398808,0.606670439,101.6713562,4.700040817,5.929530621,244.1490173,242.1277008,13.94450474,70.55909729,Winter,0
2/21/2032,13.3238678,17.2303524,10.23707294,6.4628582,0.603698909,101.6708069,4.691703796,5.92027235,243.6491089,241.6224518,13.98262787,70.52203369,Winter,0
2/22/2032,13.37414074,17.29368782,10.27392197,6.480752945,0.601013839,101.670311,4.683166027,5.9107337,243.1552124,241.1274567,14.02239132,70.48443604,Winter,0
2/23/2032,13.42603111,17.35844994,10.31246471,6.499046326,0.598611474,101.6698151,4.674448967,5.900941849,242.6668091,240.6422272,14.0637188,70.44637299,Winter,0
2/24/2032,13.47943783,17.42450142,10.35262203,6.517707825,0.59648478,101.6692734,4.665574551,5.890923023,242.1831512,240.1660156,14.10654831,70.40789032,Winter,0
2/25/2032,13.53426456,17.49171257,10.39432049,6.536706924,0.594623387,101.6686401,4.656563759,5.88070488,241.7033386,239.697876,14.15080643,70.36904907,Winter,0
2/26/2032,13.59041023,17.55995178,10.43748283,6.556023121,0.593013465,101.6678696,4.647438049,5.870312691,241.226181,239.236557,14.19643497,70.32990265,Winter,0
2/27/2032,13.64778519,17.62910652,10.48204041,6.575633049,0.591638446,101.6669235,4.638216972,5.859772205,240.7503967,238.7806091,14.24336433,70.2904892,Winter,0
2/28/2032,13.70629978,17.69905853,10.52791882,6.595522881,0.590478361,101.6657486,4.628920078,5.849108696,240.2744598,238.3283691,14.29154396,70.25086975,Winter,0
2/29/2032,13.76586723,17.769701,10.57505226,6.615681171,0.589511573,101.6643219,4.619566917,5.838345051,239.7967072,237.878006,14.34091377,70.21109009,Winter,0
3/1/2032,13.82640839,17.84093857,10.62337303,6.636101723,0.588713408,101.66259,4.610174656,5.827506542,239.3152924,237.4274597,14.39142418,70.17118073,Spring,1
3/2/2032,13.8878479,17.91267967,10.67281818,6.656781197,0.588057578,101.6605225,4.60076189,5.816614151,238.8283997,236.9746552,14.44302368,70.13118744,Spring,1
3/3/2032,13.9501152,17.98484612,10.72333336,6.677723408,0.58751595,101.6580887,4.59134388,5.805688858,238.3339996,236.5172882,14.49567413,70.09115601,Spring,1
3/4/2032,14.01315117,18.05736542,10.77485943,6.698931694,0.58705914,101.6552582,4.58193779,5.794753075,237.8300934,236.0530548,14.54933167,70.05110931,Spring,1
3/5/2032,14.07689476,18.13017654,10.82735252,6.72041893,0.586656809,101.6520081,4.572557449,5.783824444,237.3145905,235.5795288,14.60396767,70.01108551,Spring,1
3/6/2032,14.14129829,18.203228,10.88075829,6.742197037,0.586278141,101.6483231,4.563217163,5.772922039,236.7853851,235.0943298,14.65954685,69.97109985,Spring,1
3/7/2032,14.20631599,18.27647591,10.93504143,6.764280319,0.585891962,101.644165,4.553931713,5.762063503,236.2404938,234.5950775,14.71604633,69.93119812,Spring,1
3/8/2032,14.27190971,18.34989166,10.9901638,6.786692142,0.585467398,101.6395416,4.544712543,5.751265049,235.6779175,234.0793457,14.77344322,69.89137268,Spring,1
3/9/2032,14.33805275,18.42344856,11.04609108,6.809452057,0.584973931,101.6344376,4.535572052,5.740542412,235.0957031,233.5449219,14.83172417,69.85165405,Spring,1
3/10/2032,14.40471077,18.49713326,11.10279942,6.832583427,0.584382355,101.6288452,4.52652216,5.729911327,234.4920807,232.9895477,14.89086723,69.8120575,Spring,1
3/11/2032,14.47187233,18.57094002,11.16025925,6.856113434,0.583664417,101.6227646,4.51757288,5.719383717,233.8653259,232.4111786,14.95087337,69.77258301,Spring,1
3/12/2032,14.53952026,18.64487076,11.21845818,6.880067348,0.582793593,101.6162033,4.50873518,5.708972931,233.213913,231.8078613,15.01173019,69.73324585,Spring,1
3/13/2032,14.60764694,18.71893311,11.27737522,6.904472351,0.581745386,101.609169,4.500018597,5.698691845,232.5364532,231.177887,15.07343674,69.69404602,Spring,1
3/14/2032,14.67624855,18.79314613,11.33700371,6.929357529,0.580497444,101.6016769,4.49143362,5.688551903,231.8318176,230.5196686,15.13599396,69.65498352,Spring,1
3/15/2032,14.74532318,18.86753464,11.39732933,6.954748631,0.579030097,101.5937347,4.482987404,5.678563595,231.0989838,229.8318634,15.19940567,69.61604309,Spring,1
3/16/2032,14.81488228,18.9421196,11.45835209,6.98067379,0.577326417,101.5853729,4.47468996,5.668736458,230.3371735,229.1134186,15.26367188,69.57723236,Spring,1
3/17/2032,14.88492584,19.01693726,11.52007103,7.007156849,0.575372338,101.5766068,4.466549397,5.659080505,229.5458984,228.3634338,15.32880402,69.5385437,Spring,1
3/18/2032,14.95546913,19.09202385,11.58248329,7.034223557,0.573157251,101.5674744,4.458572865,5.649604321,228.7248383,227.5813141,15.39480782,69.49995422,Spring,1
3/19/2032,15.0265255,19.16741753,11.6455946,7.06189537,0.570673645,101.5580063,4.450768948,5.640315533,227.8740234,226.7667694,15.46169281,69.46147156,Spring,1
3/20/2032,15.09810829,19.24315643,11.70940685,7.090192795,0.567917645,101.5482407,4.443144321,5.631223202,226.9935455,225.919754,15.52946949,69.42306519,Spring,1
3/21/2032,15.17023849,19.31928444,11.77392864,7.119132996,0.564888656,101.538208,4.435706615,5.62233305,226.0839233,225.0404816,15.59814453,69.38473511,Spring,1
3/22/2032,15.24292755,19.3958416,11.83916569,7.148730278,0.561589718,101.5279465,4.428462505,5.613651752,225.1458435,224.129425,15.66772842,69.34646606,Spring,1
3/23/2032,15.31619835,19.47287178,11.90512848,7.17899704,0.558027327,101.5175095,4.421417236,5.605185986,224.1802673,223.1874542,15.73822975,69.30822754,Spring,1
3/24/2032,15.39006615,19.55041313,11.97182274,7.209941864,0.554211497,101.5069351,4.414577961,5.596940041,223.1883698,222.2155762,15.80965805,69.27001953,Spring,1
3/25/2032,15.46454811,19.62850189,12.03925896,7.241570473,0.550155461,101.4962769,4.407949924,5.588918209,222.171524,221.2151337,15.88201809,69.23182678,Spring,1
3/26/2032,15.53966331,19.70717812,12.10744667,7.273882389,0.545875728,101.4855728,4.401537418,5.581124783,221.1313477,220.1876373,15.95531654,69.19361877,Spring,1
3/27/2032,15.6154213,19.78647041,12.17639256,7.306878567,0.541391611,101.4748688,4.395345211,5.573563576,220.0696564,219.1349487,16.02955627,69.15540314,Spring,1
3/28/2032,15.69183731,19.86641121,12.24610615,7.34055233,0.536725521,101.4642258,4.389377594,5.566235542,218.9884338,218.0590515,16.10474014,69.11715698,Spring,1
3/29/2032,15.76892662,19.94701767,12.31659222,7.374896526,0.531902194,101.4536896,4.383637428,5.55914259,217.8897858,216.9621124,16.18086624,69.07888031,Spring,1
3/30/2032,15.84669304,20.0283165,12.3878603,7.409899712,0.526948631,101.4432983,4.378126144,5.552285194,216.7760315,215.8465424,16.25793457,69.0405426,Spring,1
3/31/2032,15.9251461,20.11032104,12.45991135,7.445545197,0.52189368,101.4330978,4.372846603,5.545662403,215.6495209,214.714859,16.33594131,69.00215912,Spring,1
4/1/2032,16.00428963,20.19303894,12.53275204,7.481818199,0.516767859,101.4231491,4.367797375,5.539272308,214.5126953,213.5696716,16.41487885,68.96370697,Spring,1
4/2/2032,16.08412552,20.27647781,12.60638618,7.518696785,0.511602998,101.4134903,4.362979412,5.533112049,213.3681793,212.4137726,16.49473953,68.92518616,Spring,1
4/3/2032,16.16465759,20.36063766,12.68081188,7.556160927,0.50643158,101.4041595,4.358389854,5.52717638,212.2184296,211.2499237,16.57551193,68.88659668,Spring,1
4/4/2032,16.24587631,20.44551086,12.7560339,7.594184875,0.501286507,101.395195,4.354025364,5.521460533,211.0660706,210.0809784,16.65718842,68.84793091,Spring,1
4/5/2032,16.32778549,20.53109169,12.83204842,7.632744789,0.49620086,101.3866425,4.349882126,5.515957355,209.913681,208.9097748,16.73975372,68.8092041,Spring,1
4/6/2032,16.41036987,20.61736107,12.90885735,7.671813488,0.491207242,101.3785324,4.345953941,5.510656357,208.7637482,207.739151,16.8231926,68.77039337,Spring,1
4/7/2032,16.49362755,20.70430565,12.98645496,7.711363792,0.486337513,101.370903,4.342232704,5.505548477,207.6187286,206.5718994,16.90748978,68.73152161,Spring,1
4/8/2032,16.57754707,20.79189873,13.06484222,7.751367569,0.481622338,101.3637772,4.338710308,5.500621319,206.480957,205.4106903,16.99263,68.69258118,Spring,1
4/9/2032,16.662117,20.88011551,13.14401245,7.791800022,0.477090746,101.3571777,4.335374832,5.495861053,205.3526764,204.2581787,17.07859421,68.65357971,Spring,1
4/10/2032,16.74732971,20.96892929,13.22396564,7.832632065,0.472769856,101.3511429,4.332215309,5.491251945,204.2360077,203.1167755,17.16536713,68.61451721,Spring,1
4/11/2032,16.83316994,21.05831337,13.3046999,7.873839855,0.468684286,101.3456726,4.329216957,5.486775875,203.132843,201.9888306,17.2529335,68.57540894,Spring,1
4/12/2032,16.91962624,21.14823151,13.38620663,7.915399075,0.464856207,101.3407898,4.326363564,5.482413769,202.0449829,200.8764648,17.34127617,68.53623962,Spring,1
4/13/2032,17.00668907,21.23864937,13.46849251,7.957287788,0.461304575,101.3365097,4.323637486,5.478145123,200.9739685,199.781662,17.43037987,68.49702454,Spring,1
4/14/2032,17.09434891,21.32954025,13.55154896,7.999486923,0.458045274,101.3328323,4.321020126,5.473948002,199.9211578,198.706131,17.52023315,68.45776367,Spring,1
4/15/2032,17.18259811,21.42086983,13.63538074,8.04197979,0.455090404,101.3297653,4.318490505,5.469796181,198.8876953,197.6513824,17.61082077,68.41844177,Spring,1
4/16/2032,17.27142525,21.51260757,13.71998596,8.084753036,0.452448398,101.3273087,4.316026211,5.46566534,197.8744965,196.6186829,17.70213699,68.3790741,Spring,1
4/17/2032,17.36083221,21.60472298,13.80537128,8.127795219,0.450123906,101.3254547,4.313602448,5.461526871,196.8822021,195.6090546,17.79417419,68.33963013,Spring,1
4/18/2032,17.45081329,21.69719696,13.89154053,8.171102524,0.448117316,101.3242035,4.311194897,5.457352638,195.9113007,194.6232452,17.88692474,68.30010986,Spring,1
4/19/2032,17.54137039,21.79000282,13.97850227,8.214668274,0.446424842,101.3235397,4.308776379,5.453112125,194.9619446,193.6617737,17.98039246,68.26048279,Spring,1
4/20/2032,17.63250923,21.88312912,14.06626511,8.258498192,0.445038617,101.3234482,4.306319714,5.448774815,194.0341492,192.724884,18.07457733,68.2207489,Spring,1
4/21/2032,17.72423744,21.97655678,14.15484142,8.302595139,0.443946481,101.3239136,4.303795815,5.444308281,193.1276245,191.812561,18.169487,68.18086243,Spring,1
4/22/2032,17.81656647,22.07028198,14.24424744,8.346969604,0.443132222,101.3249207,4.301175117,5.439680099,192.2418976,190.9245148,18.26512909,68.14078522,Spring,1
4/23/2032,17.90951729,22.16430283,14.33450031,8.391636848,0.442575246,101.3264389,4.298428535,5.434856892,191.376297,190.0602875,18.36152077,68.10049438,Spring,1
4/24/2032,18.00310516,22.25862503,14.42561913,8.436613083,0.442251325,101.3284454,4.295524597,5.429805756,190.529892,189.2191162,18.4586792,68.05992126,Spring,1
4/25/2032,18.0973587,22.35326004,14.51763058,8.481921196,0.442132413,101.3309097,4.292433739,5.424492836,189.7016449,188.4000092,18.55662346,68.01901245,Spring,1
4/26/2032,18.19230652,22.44822693,14.61055756,8.527585983,0.442186803,101.3338165,4.289125919,5.418886662,188.8903961,187.6018982,18.65538406,67.97772217,Spring,1
4/27/2032,18.28798485,22.5435524,14.70443058,8.573640823,0.442379594,101.3371124,4.285570621,5.412953854,188.0946503,186.8234406,18.75498581,67.93596649,Spring,1
4/28/2032,18.38442802,22.63926888,14.79927921,8.620113373,0.442672908,101.3407822,4.281739235,5.406662941,187.3130035,186.0630951,18.85546875,67.89364624,Spring,1
4/29/2032,18.48168182,22.73541641,14.89513969,8.667043686,0.443026155,101.3447876,4.277603149,5.39998436,186.543869,185.3192749,18.95686722,67.85070038,Spring,1
4/30/2032,18.57979202,22.83204269,14.9920435,8.714468956,0.443396777,101.3490982,4.273135662,5.3928895,185.785614,184.590271,19.05922318,67.80700684,Spring,1
5/1/2032,18.67880821,22.92920113,15.09002972,8.762429237,0.44374004,101.3536682,4.268311024,5.385351181,185.0365295,183.8742371,19.16258049,67.76247406,Spring,1
5/2/2032,18.77878189,23.02695084,15.18913937,8.810966492,0.444009811,101.3584671,4.263106346,5.377345562,184.2948761,183.1693268,19.26698685,67.71696472,Spring,1
5/3/2032,18.87977219,23.12536049,15.28940582,8.860124588,0.44415921,101.3634644,4.257500172,5.368850231,183.55896,182.4736633,19.37248993,67.67037964,Spring,1
5/4/2032,18.98183441,23.22450256,15.39087772,8.909946442,0.444140553,101.3686218,4.251472473,5.359844685,182.8271484,181.7853699,19.47914314,67.62255859,Spring,1
5/5/2032,19.0850296,23.32444763,15.49358749,8.960475922,0.443906367,101.373909,4.245006084,5.350313663,182.0978241,181.1025238,19.58699608,67.57337952,Spring,1
5/6/2032,19.18941498,23.42528534,15.59757996,9.011757851,0.443409234,101.3792877,4.238089085,5.340243816,181.3694763,180.4233551,19.69610405,67.52268982,Spring,1
5/7/2032,19.29505539,23.52709389,15.70289135,9.063831329,0.442603052,101.3847275,4.230709076,5.329624176,180.6406555,179.7461853,19.80652237,67.47032166,Spring,1
5/8/2032,19.40201187,23.62996483,15.80956173,9.116738319,0.441442847,101.3901901,4.222859859,5.318450451,179.9101105,179.0693512,19.91830063,67.41612244,Spring,1
5/9/2032,19.51033974,23.73398209,15.91762447,9.170513153,0.439885587,101.3956604,4.21453619,5.306719303,179.1767578,178.3913879,20.03149033,67.35991669,Spring,1
5/10/2032,19.62010193,23.83924103,16.02711487,9.225194931,0.43789053,101.4010925,4.205738544,5.294433117,178.439621,177.7110138,20.14614105,67.30153656,Spring,1
5/11/2032,19.73134995,23.94582748,16.13805962,9.280809402,0.4354195,101.4064713,4.196470261,5.281598091,177.6980133,177.0270844,20.26230431,67.24081421,Spring,1
5/12/2032,19.8441391,24.05382919,16.25048637,9.337385178,0.432437837,101.4117737,4.186737537,5.268224239,176.9513397,176.3386536,20.38002205,67.17755127,Spring,1
5/13/2032,19.95851326,24.16332817,16.36441803,9.394943237,0.428914011,101.4169693,4.176552773,5.254326344,176.1993103,175.6450195,20.49933624,67.11158752,Spring,1
5/14/2032,20.0745163,24.27441597,16.47987175,9.453499794,0.424820691,101.4220352,4.165929317,5.239923954,175.441864,174.945694,20.62028122,67.04271698,Spring,1
5/15/2032,20.19218636,24.38716125,16.59685516,9.513065338,0.420134485,101.4269638,4.154886723,5.225041866,174.679184,174.240448,20.7428894,66.97077942,Spring,1
5/16/2032,20.31155396,24.50164223,16.71537781,9.573641777,0.414836556,101.4317245,4.143448353,5.209706306,173.9116669,173.5292358,20.8671875,66.89559937,Spring,1
5/17/2032,20.43264198,24.61791992,16.83543777,9.635229111,0.408912867,101.4363174,4.131639957,5.193950653,173.1399231,172.8123474,20.99319267,66.81697845,Spring,1
5/18/2032,20.55546761,24.73605347,16.95702553,9.697816849,0.402354151,101.4407196,4.119493008,5.177810192,172.3649292,172.0903015,21.12091637,66.73477173,Spring,1
5/19/2032,20.68003845,24.85609436,17.08012772,9.761388779,0.395156324,101.4449234,4.107039452,5.161326408,171.5877533,171.3638458,21.25036621,66.64880371,Spring,1
5/20/2032,20.80635262,24.97808075,17.20472145,9.825918198,0.38732022,101.4489288,4.09431839,5.144542694,170.8098145,170.6340027,21.38153458,66.55891418,Spring,1
5/21/2032,20.93439674,25.10204124,17.33077621,9.891379356,0.37885198,101.452713,4.081369877,5.127507687,170.0326996,169.9020233,21.51441574,66.46496582,Spring,1
5/22/2032,21.06415558,25.22799873,17.45825577,9.95772934,0.369762897,101.4562836,4.068236828,5.110271931,169.2581787,169.1693726,21.648983,66.36681366,Spring,1
5/23/2032,21.19559669,25.35595322,17.58710861,10.02492523,0.360069305,101.4596405,4.054965973,5.092888355,168.4882507,168.4377899,21.78521347,66.264328,Spring,1
5/24/2032,21.32867813,25.48590469,17.71728516,10.09291077,0.349792689,101.4627686,4.041605473,5.075414658,167.7250366,167.7091522,21.92306709,66.1574173,Spring,1
5/25/2032,21.4633522,25.61783409,17.84871674,10.16162872,0.338959008,101.465683,4.028205872,5.057909012,166.970871,166.9855347,22.06249619,66.0459671,Spring,1
5/26/2032,21.59955215,25.7517128,17.98133469,10.23101139,0.327599227,101.4683838,4.014819145,5.040431499,166.2281647,166.2691345,22.20344162,65.92990112,Spring,1
5/27/2032,21.73720741,25.88749313,18.11506081,10.30098629,0.315748513,101.4708633,4.001498699,5.023044109,165.4994202,165.5623627,22.34584045,65.80915833,Spring,1
5/28/2032,21.87623978,26.02511978,18.24980354,10.37147331,0.303446114,101.4731369,3.988298893,5.005809784,164.7872009,164.8676605,22.48961639,65.68367767,Spring,1
5/29/2032,22.01655197,26.16452026,18.38547134,10.44238949,0.290735096,101.4752121,3.975274324,4.988790512,164.0941315,164.1875458,22.63468742,65.55345154,Spring,1
5/30/2032,22.15804482,26.30561066,18.52195549,10.51364517,0.277661711,101.4770889,3.962479591,4.972049713,163.4228363,163.5245819,22.78096008,65.41846466,Spring,1
5/31/2032,22.30060387,26.44829559,18.65915298,10.58514786,0.264275312,101.478775,3.949968576,4.955649853,162.7759399,162.881424,22.92832756,65.27872467,Spring,1
6/1/2032,22.44410515,26.59246635,18.79694557,10.65679932,0.250627697,101.4802856,3.937795401,4.939651012,162.1559296,162.2605896,23.07668686,65.13427734,Summer,2
6/2/2032,22.5884304,26.73799515,18.93520927,10.72850227,0.236772791,101.4816208,3.926010847,4.92411375,161.5652924,161.6646118,23.22592163,64.98518372,Summer,2
6/3/2032,22.73343086,26.88475227,19.07382202,10.80015564,0.222765923,101.4827881,3.914666176,4.909094334,161.0063324,161.0959625,23.37590218,64.83151245,Summer,2
6/4/2032,22.87896919,27.03259468,19.21264648,10.8716526,0.208663657,101.4838028,3.903808832,4.894648552,160.4812164,160.5569153,23.52650452,64.67337036,Summer,2
6/5/2032,23.02489471,27.18136787,19.35155106,10.94289398,0.194523126,101.4846649,3.893483877,4.88082695,159.9920349,160.0496521,23.67758942,64.51088715,Summer,2
6/6/2032,23.17105103,27.33090591,19.4903965,11.01377487,0.1804014,101.4853897,3.883733511,4.867678165,159.540451,159.5762177,23.82901382,64.34421539,Summer,2
6/7/2032,23.31727982,27.48104095,19.62904358,11.08419609,0.166355133,101.4859848,3.874596357,4.855245113,159.1281128,159.1383362,23.98064041,64.17352295,Summer,2
6/8/2032,23.46341515,27.63158798,19.76734543,11.15405655,0.152440041,101.4864578,3.866107464,4.843568325,158.7562714,158.7376251,24.13231277,63.99901581,Summer,2
6/9/2032,23.6092968,27.78236961,19.90516472,11.22326279,0.13871038,101.4868088,3.858297825,4.832681656,158.4259796,158.3753815,24.28388214,63.82090759,Summer,2
6/10/2032,23.75475121,27.93318939,20.04235649,11.29171848,0.125218481,101.4870529,3.851193666,4.822615623,158.1379395,158.0526123,24.43519592,63.63943481,Summer,2
6/11/2032,23.89961815,28.0838623,20.1787796,11.35933781,0.112014204,101.4871902,3.844815731,4.813392639,157.8925323,157.77005,24.58610344,63.45487213,Summer,2
6/12/2032,24.04372406,28.23418617,20.31429482,11.42603874,0.099144571,101.4872284,3.839181662,4.805032253,157.6898651,157.5280762,24.73644829,63.26748657,Summer,2
6/13/2032,24.18690872,28.38396645,20.4487648,11.49174309,0.086653598,101.487175,3.834301949,4.797546387,157.5296326,157.3268433,24.88607597,63.07759857,Summer,2
6/14/2032,24.32901192,28.53301048,20.58206177,11.55638409,0.074581556,101.4870224,3.830183506,4.790941238,157.4112396,157.1660614,25.03483772,62.88551712,Summer,2
6/15/2032,24.46986961,28.68112183,20.71405029,11.61989594,0.062964961,101.4867935,3.826825857,4.785216331,157.333786,157.0451508,25.18258476,62.69158936,Summer,2
6/16/2032,24.60932922,28.82810783,20.84461403,11.68222618,0.051836044,101.4864655,3.824225426,4.780365467,157.2958679,156.96315,25.32917404,62.49615479,Summer,2
6/17/2032,24.7472477,28.97378349,20.973629,11.74332809,0.041222438,101.4860611,3.822370768,4.776377201,157.2958832,156.918808,25.47445679,62.29959869,Summer,2
6/18/2032,24.88347816,29.11796188,21.1009903,11.80316544,0.03114762,101.4855728,3.821246862,4.773230553,157.3318634,156.9104767,25.61830711,62.10229492,Summer,2
6/19/2032,25.01788902,29.26047325,21.22659111,11.86170673,0.021630084,101.4850006,3.820832729,4.77090168,157.4015045,156.936203,25.76058578,61.90463257,Summer,2
6/20/2032,25.15034866,29.40114403,21.35033989,11.91893482,0.012683673,101.4843445,3.821102142,4.769359112,157.502243,156.9937592,25.90117645,61.70702362,Summer,2
6/21/2032,25.28074646,29.5398159,21.47214699,11.97483921,0.004317261,101.4836044,3.822024107,4.768566608,157.6311646,157.0805969,26.03995514,61.50986481,Summer,2
6/22/2032,25.40897179,29.6763382,21.59193039,12.02941895,-0.003465128,101.4827805,3.823561907,4.768482208,157.7851105,157.1937866,26.17681503,61.31357956,Summer,2
6/23/2032,25.53492165,29.81056976,21.70962715,12.08268261,-0.010664047,101.4818726,3.825675726,4.769057274,157.9607391,157.3303375,26.31164932,61.11858368,Summer,2
6/24/2032,25.65851021,29.942379,21.82517242,12.13464832,-0.017284425,101.4808731,3.828320265,4.770240307,158.15448,157.4868622,26.44436646,60.9253006,Summer,2
6/25/2032,25.77965736,30.07164764,21.93851471,12.18534279,-0.023336163,101.4797821,3.83144784,4.771974564,158.3625793,157.6598663,26.57487869,60.73415375,Summer,2
6/26/2032,25.89829445,30.19826698,22.04961205,12.23480129,-0.028832788,101.4785995,3.835005999,4.774199486,158.5811462,157.8456268,26.70310593,60.54555511,Summer,2
6/27/2032,26.01436615,30.32213974,22.15842819,12.2830658,-0.033791851,101.4773254,3.838940144,4.776851654,158.8061829,158.0403595,26.82897949,60.35992813,Summer,2
6/28/2032,26.12782097,30.44318581,22.26494408,12.33018684,-0.03823461,101.4759521,3.843193293,4.779863834,159.0337067,158.2401581,26.95243835,60.17767334,Summer,2
6/29/2032,26.23862457,30.5613327,22.36914253,12.37622547,-0.042185359,101.4744873,3.847705603,4.783166409,159.2595673,158.4410095,27.07342911,59.99919891,Summer,2
6/30/2032,26.34674644,30.67651558,22.47101593,12.42124176,-0.045671232,101.4729156,3.852416515,4.786689758,159.4797974,158.6390076,27.19190598,59.82489777,Summer,2
7/1/2032,26.45216751,30.78868675,22.57056427,12.46530819,-0.048721611,101.4712524,3.857264757,4.790361881,159.6903687,158.8301697,27.30783081,59.65515518,Summer,2
7/2/2032,26.55488396,30.8978157,22.667799,12.50849724,-0.05136805,101.4694901,3.862187624,4.794109344,159.8874054,159.0105896,27.42117691,59.49033356,Summer,2
7/3/2032,26.65488815,31.00387383,22.76273155,12.55088806,-0.053643048,101.4676208,3.867122889,4.797861576,160.0671692,159.1764832,27.53191757,59.33078766,Summer,2
7/4/2032,26.75219727,31.10684776,22.85538864,12.59255981,-0.055580441,101.4656601,3.872009993,4.801546097,160.2260895,159.3242493,27.64003754,59.17686462,Summer,2
7/5/2032,26.84681511,31.20672607,22.94579315,12.63359642,-0.057213992,101.4636078,3.876788139,4.805093765,160.3608704,159.45047,27.74552536,59.02888107,Summer,2
7/6/2032,26.93876457,31.30351639,23.03398132,12.67408371,-0.058577739,101.4614563,3.88139987,4.808436871,160.4683838,159.5518646,27.84837723,58.88713837,Summer,2
7/7/2032,27.02807617,31.39723015,23.11998558,12.71410179,-0.059704766,101.4592133,3.885788918,4.811510086,160.5458679,159.6255493,27.94859695,58.75193024,Summer,2
7/8/2032,27.11477661,31.48788452,23.20384789,12.7537365,-0.060627099,101.4568939,3.889901638,4.8142519,160.5908661,159.6688385,28.04618073,58.62351227,Summer,2
7/9/2032,27.19890213,31.57550621,23.2856102,12.79306698,-0.061375033,101.4544907,3.893689156,4.816605091,160.6012726,159.6794128,28.14113998,58.50213623,Summer,2
7/10/2032,27.28048706,31.6601162,23.36531639,12.83217144,-0.061976686,101.4520111,3.897105217,4.818516254,160.5754089,159.655365,28.23348618,58.38802338,Summer,2
7/11/2032,27.35956955,31.74176025,23.44300652,12.87112236,-0.062457338,101.4494629,3.900108099,4.819936752,160.5119019,159.5950928,28.32322693,58.28136444,Summer,2
7/12/2032,27.43619156,31.82046509,23.51872635,12.9099884,-0.062839508,101.4468613,3.902660847,4.820824146,160.4099426,159.4974365,28.41037369,58.18234634,Summer,2
7/13/2032,27.51038551,31.89627457,23.59251785,12.94883251,-0.063141771,101.4442062,3.904730797,4.821140766,160.2690277,159.3616638,28.49494171,58.09112167,Summer,2
7/14/2032,27.58219147,31.9692173,23.66441917,12.98771,-0.063379318,101.4415131,3.9062922,4.820855618,160.0892334,159.1875,28.57694244,58.00782013,Summer,2
7/15/2032,27.65163994,32.03934479,23.73446465,13.0266695,-0.063562751,101.4387894,3.907322645,4.819944859,159.8710327,158.9751282,28.6563797,57.93254852,Summer,2
7/16/2032,27.71876526,32.10667801,23.80269432,13.06574821,-0.0636985,101.4360504,3.907807112,4.818391323,159.6153717,158.7251434,28.73327255,57.86539459,Summer,2
7/17/2032,27.78359032,32.1712532,23.86912537,13.10497952,-0.063787833,101.4332962,3.907736063,4.816182613,159.3236389,158.4386597,28.80760956,57.80642319,Summer,2
7/18/2032,27.846138,32.23310089,23.93378639,13.14438248,-0.063827589,101.4305496,3.9071064,4.813316822,158.9977417,158.1172333,28.87940598,57.75567245,Summer,2
7/19/2032,27.90642166,32.29224396,23.99669075,13.1839695,-0.063809246,101.4278259,3.905919075,4.80979681,158.6399841,157.7628479,28.94865036,57.7131691,Summer,2
7/20/2032,27.96444893,32.34869385,24.05784988,13.22373867,-0.0637196,101.4251328,3.904183626,4.805633068,158.2531281,157.3779297,29.01533508,57.67890167,Summer,2
7/21/2032,28.0202179,32.40246964,24.11725998,13.26368237,-0.063539878,101.4224777,3.901913881,4.800843239,157.840271,156.9653778,29.07945251,57.65286255,Summer,2
7/22/2032,28.07372475,32.45355988,24.17492104,13.30377674,-0.0632466,101.4198837,3.899130821,4.795452118,157.4050293,156.5284119,29.14097595,57.63500595,Summer,2
7/23/2032,28.12495422,32.5019722,24.23081398,13.34399223,-0.06281127,101.417366,3.895859718,4.789491177,156.9512939,156.070694,29.19989014,57.62527466,Summer,2
7/24/2032,28.17388153,32.54769135,24.28491974,13.38428211,-0.062200703,101.4149246,3.892132759,4.782997608,156.4832611,155.5962067,29.25614929,57.62358856,Summer,2
7/25/2032,28.22047234,32.59068298,24.33720589,13.42459583,-0.061377164,101.41259,3.887985468,4.776015759,156.0054932,155.1092682,29.30973053,57.62986755,Summer,2
7/26/2032,28.26468658,32.63092422,24.38763046,13.46486473,-0.060298529,101.4103622,3.883459806,4.768595219,155.5227509,154.6143951,29.36057663,57.64400482,Summer,2
7/27/2032,28.30647469,32.66836548,24.4361496,13.50501633,-0.058919165,101.4082565,3.878601313,4.760790825,155.039978,154.1164551,29.40864563,57.66588211,Summer,2
7/28/2032,28.34577751,32.70296097,24.48270416,13.54496479,-0.057189856,101.4062958,3.873459816,4.752662659,154.5623779,153.6204224,29.45388031,57.69536591,Summer,2
7/29/2032,28.38253021,32.73465729,24.52722931,13.58461761,-0.055058025,101.40448,3.868088484,4.744274616,154.0951843,153.1314697,29.49621582,57.73231125,Summer,2
7/30/2032,28.41665459,32.76337433,24.56965828,13.6238718,-0.052469049,101.4028168,3.862543344,4.735693932,153.6437531,152.6547852,29.5355835,57.776577,Summer,2
7/31/2032,28.44807053,32.7890358,24.60990524,13.66261482,-0.049365819,101.401329,3.856884003,4.72699213,153.2134094,152.1957855,29.57191086,57.8279953,Summer,2
8/1/2032,28.47669601,32.81156921,24.64788818,13.70073318,-0.045690279,101.4000168,3.85117054,4.718242645,152.8095093,151.7596893,29.60511398,57.88640213,Summer,2
8/2/2032,28.50242424,32.83086777,24.68351555,13.73810101,-0.041383114,101.3988953,3.845464706,4.709518909,152.4372864,151.3517914,29.63512039,57.95162201,Summer,2
8/3/2032,28.52516747,32.8468399,24.71669197,13.77458954,-0.036385085,101.3979721,3.83983016,4.70089817,152.1018524,150.9772797,29.66183472,58.02347565,Summer,2
8/4/2032,28.54481888,32.85939026,24.74731255,13.81006908,-0.030637074,101.3972397,3.83432889,4.692457199,151.8081818,150.6411591,29.68516922,58.10178757,Summer,2
8/5/2032,28.56126976,32.86840057,24.77527428,13.84440327,-0.024081139,101.3967209,3.829023838,4.684270859,151.5609436,150.3482666,29.70503998,58.18636703,Summer,2
8/6/2032,28.57441711,32.87376785,24.80047417,13.87745285,-0.01666124,101.3964081,3.823976278,4.67641449,151.364563,150.1031647,29.72135162,58.27703094,Summer,2
8/7/2032,28.58414841,32.87537766,24.82279778,13.90908432,-0.008323659,101.3963089,3.819246054,4.668961525,151.2232056,149.9101715,29.73400879,58.37358856,Summer,2
8/8/2032,28.59035683,32.87311935,24.84214592,13.93915749,0.000982521,101.396431,3.814890623,4.661982059,151.1406097,149.7732697,29.74292374,58.47584534,Summer,2
8/9/2032,28.59293556,32.86688614,24.85839844,13.96753979,0.011304507,101.396759,3.810964346,4.655543804,151.1201477,149.6959991,29.74800873,58.58362579,Summer,2
8/10/2032,28.5917778,32.8565712,24.87146378,13.9940958,0.022685016,101.3973083,3.807518959,4.649710178,151.1647339,149.6816254,29.74917603,58.6967392,Summer,2
8/11/2032,28.5867939,32.8420639,24.88122749,14.01869678,0.035162024,101.3980713,3.804601669,4.644540787,151.2768097,149.7328796,29.74634933,58.81499481,Summer,2
8/12/2032,28.57788086,32.82327271,24.88759422,14.04122162,0.048768189,101.3990479,3.802255392,4.640089989,151.4583588,149.8519897,29.7394371,58.93821716,Summer,2
8/13/2032,28.56495476,32.80009842,24.89047432,14.06155205,0.063530058,101.4002228,3.800518274,4.636406422,151.7108612,150.0407715,29.7283783,59.06621552,Summer,2
8/14/2032,28.54793739,32.77246857,24.88977623,14.07958031,0.079468012,101.4016113,3.799423695,4.633532047,152.0352325,150.3005066,29.71310806,59.19882202,Summer,2
8/15/2032,28.52675819,32.74030304,24.88542175,14.09520054,0.096595228,101.4031906,3.798999548,4.631504536,152.431839,150.631897,29.69356918,59.33585358,Summer,2
8/16/2032,28.50136185,32.70354462,24.87734032,14.108325,0.114917986,101.4049606,3.799267054,4.630352974,152.9004974,151.035141,29.6697197,59.4771347,Summer,2
8/17/2032,28.47169113,32.66213608,24.86547089,14.11886692,0.134435043,101.4069214,3.800242424,4.630099297,153.440506,151.509903,29.64151001,59.62250519,Summer,2
8/18/2032,28.43772125,32.61605072,24.84976006,14.12675858,0.155137315,101.40905,3.801935196,4.63076067,154.0505524,152.0552521,29.60891724,59.77178955,Summer,2
8/19/2032,28.39942169,32.56525803,24.83016777,14.13193607,0.177007541,101.4113541,3.804348469,4.632342815,154.7288513,152.6697388,29.57192993,59.92481995,Summer,2
8/20/2032,28.35678673,32.50975418,24.80666733,14.13435268,0.20002088,101.4138184,3.80747962,4.634847164,155.4729919,153.3513641,29.53054047,60.08143997,Summer,2
8/21/2032,28.30982208,32.44955063,24.77923775,14.13397121,0.224143878,101.4164276,3.811318398,4.638266563,156.2801361,154.0976563,29.48476028,60.2414856,Summer,2
8/22/2032,28.25855255,32.38467789,24.74787903,14.13076687,0.249335408,101.4191818,3.815849543,4.642585754,157.1468964,154.9055939,29.43460464,60.40478516,Summer,2
8/23/2032,28.20301437,32.3151741,24.7125988,14.12473202,0.275546044,101.4220657,3.821051121,4.647782803,158.0694733,155.7716827,29.38011169,60.5711937,Summer,2
8/24/2032,28.14325523,32.24110031,24.67342186,14.1158638,0.30271852,101.4250717,3.82689476,4.653828621,159.0436249,156.6920319,29.32132721,60.74053955,Summer,2
8/25/2032,28.0793457,32.16254807,24.63038254,14.10418034,0.330788106,101.4281921,3.833347559,4.660686493,160.064621,157.6623077,29.25831604,60.91266632,Summer,2
8/26/2032,28.01137543,32.07960892,24.58353615,14.08970547,0.35968256,101.4314194,3.84036994,4.668314934,161.127533,158.6777496,29.19114685,61.08740997,Summer,2
8/27/2032,27.93943977,31.99240112,24.53293991,14.07248211,0.389322996,101.4347382,3.847917795,4.676663876,162.227005,159.7333832,29.11991119,61.26460266,Summer,2
8/28/2032,27.863657,31.90106201,24.47867584,14.05255795,0.419623643,101.4381409,3.855942488,4.685679436,163.3575287,160.8238983,29.04471207,61.44408798,Summer,2
8/29/2032,27.78415489,31.80574226,24.42083359,14.02999878,0.450492948,101.4416275,3.864391804,4.695301056,164.5132599,161.9436798,28.96566391,61.62568665,Summer,2
8/30/2032,27.70107841,31.70661354,24.35951614,14.00487709,0.481833696,101.4451828,3.873207808,4.705465317,165.6882782,163.0870819,28.88288879,61.80923462,Summer,2
8/31/2032,27.61458969,31.60385704,24.29483604,13.97727776,0.513543963,101.4487915,3.88233161,4.7161026,166.8765411,164.2481537,28.79652405,61.99455261,Summer,2
9/1/2032,27.52485657,31.49767685,24.22692108,13.94729137,0.545517564,101.4524689,3.891701221,4.727141857,168.0719452,165.4209747,28.70672989,62.18145752,Autumn,3
9/2/2032,27.43206215,31.38828468,24.15591049,13.91501999,0.577644527,101.4561844,3.901251793,4.738508224,169.2684021,166.5995636,28.61365509,62.36976624,Autumn,3
9/3/2032,27.33639717,31.27591133,24.08194542,13.88057518,0.60981226,101.4599533,3.910917997,4.750125885,170.4599304,167.7780151,28.51747131,62.55928421,Autumn,3
9/4/2032,27.23806381,31.16078758,24.00518417,13.84406757,0.641906202,101.4637527,3.92063427,4.761917114,171.6405487,168.9504547,28.41835785,62.74982452,Autumn,3
9/5/2032,27.1372757,31.0431633,23.92578125,13.8056221,0.673810124,101.4675903,3.930332899,4.773802757,172.8045654,170.1111755,28.3164978,62.941185,Autumn,3
9/6/2032,27.03423882,30.92329407,23.84391594,13.76535892,0.705407619,101.4714584,3.939949989,4.785706997,173.9464874,171.2546539,28.21208191,63.13314056,Autumn,3
9/7/2032,26.92918205,30.80143738,23.75975037,13.72340775,0.736582339,101.4753494,3.949419737,4.797552109,175.0610809,172.3756409,28.10530853,63.32549286,Autumn,3
9/8/2032,26.82232285,30.67786026,23.67346191,13.67989635,0.767219186,101.4792709,3.958680391,4.809263229,176.1434479,173.4691925,27.99637222,63.51802063,Autumn,3
9/9/2032,26.71388626,30.55283165,23.58523369,13.63495636,0.797204792,101.4832077,3.967671871,4.820768833,177.1890259,174.5306396,27.88547134,63.710495,Autumn,3
9/10/2032,26.60409737,30.42661476,23.49523926,13.5887146,0.826428711,101.4871674,3.976338148,4.832000256,178.1937561,175.5558014,27.7728157,63.90268707,Autumn,3
9/11/2032,26.49317551,30.29947662,23.40365791,13.54129791,0.854783595,101.4911499,3.984625816,4.842891216,179.1539459,176.5408478,27.65860367,64.09435272,Autumn,3
9/12/2032,26.38134193,30.17167854,23.31066513,13.49283123,0.882166624,101.4951477,3.992486,4.853383541,180.066452,177.4824219,27.5430336,64.28526306,Autumn,3
9/13/2032,26.26880264,30.0434761,23.21643257,13.44343185,0.90847981,101.4991608,3.99987483,4.863420963,180.9286499,178.3777618,27.42629623,64.47515869,Autumn,3
9/14/2032,26.15576553,29.91511536,23.12112808,13.39321327,0.933630347,101.5031967,4.006754398,4.872955799,181.7384033,179.224472,27.30859375,64.6638031,Autumn,3
9/15/2032,26.04242706,29.78683281,23.02490807,13.34228325,0.957532167,101.5072479,4.013091564,4.881943703,182.4941864,180.0208282,27.19010544,64.85092926,Autumn,3
9/16/2032,25.92896843,29.65885544,22.92793083,13.29074383,0.980105698,101.5113144,4.01885891,4.890350342,183.1950684,180.7655792,27.07100677,65.03629303,Autumn,3
9/17/2032,25.81556702,29.53139687,22.83033562,13.2386837,1.001278758,101.5153961,4.024037838,4.898146629,183.8406677,181.4581604,26.95146942,65.21963501,Autumn,3
9/18/2032,25.70237923,29.40464973,22.73225784,13.18618774,1.020986915,101.5194931,4.028613091,4.905312061,184.4312134,182.0984955,26.83164978,65.4006958,Autumn,3
9/19/2032,25.58954811,29.27879333,22.63381767,13.13332462,1.039173961,101.5236053,4.032578468,4.911832809,184.9675293,182.6870422,26.71170044,65.57922363,Autumn,3
9/20/2032,25.47720909,29.15399361,22.53512764,13.08015919,1.055792332,101.5277328,4.035933495,4.917703629,185.4510193,183.2250519,26.59175491,65.75495148,Autumn,3
9/21/2032,25.36546707,29.03038216,22.4362812,13.02674103,1.070803046,101.5318756,4.038686275,4.92292881,185.883667,183.7140808,26.47193527,65.92764282,Autumn,3
9/22/2032,25.25441742,28.90808868,22.33736229,12.97311211,1.084176302,101.5360184,4.040850639,4.927518368,186.2680206,184.1564178,26.35235596,66.0970459,Autumn,3
9/23/2032,25.14413643,28.78720856,22.23844147,12.91929626,1.095891356,101.5401764,4.042447567,4.931491375,186.6071014,184.5547638,26.23310852,66.26291656,Autumn,3
9/24/2032,25.03467751,28.66781425,22.13956451,12.86531258,1.105937004,101.544342,4.043505192,4.934875965,186.90448,184.9124146,26.11427307,66.42501068,Autumn,3
9/25/2032,24.9260807,28.54996109,22.04077721,12.8111639,1.114310503,101.5485001,4.044057846,4.93770647,187.1641998,185.2330933,25.99591064,66.58311462,Autumn,3
9/26/2032,24.81835938,28.43367195,21.9420929,12.75684452,1.121019006,101.5526657,4.044147015,4.94002533,187.3907318,185.5209045,25.87808228,66.73699951,Autumn,3
9/27/2032,24.71151352,28.31896019,21.84352303,12.7023344,1.126078248,101.5568085,4.043819904,4.94188261,187.5889282,185.7804871,25.76081467,66.88645172,Autumn,3
9/28/2032,24.60551643,28.2057991,21.74505424,12.64760303,1.129512668,101.5609436,4.04312849,4.943335056,187.7639313,186.0167084,25.64412308,67.03129578,Autumn,3
9/29/2032,24.50032425,28.09415054,21.64666367,12.59261036,1.131355286,101.5650558,4.042131424,4.944444656,187.9212799,186.2347565,25.52801132,67.17131805,Autumn,3
9/30/2032,24.39588165,27.98394203,21.54830742,12.53730679,1.131647348,101.5691452,4.040891171,4.945280552,188.0666809,186.4401245,25.41246796,67.3063736,Autumn,3
10/1/2032,24.29210091,27.87509155,21.4499321,12.48163128,1.130437255,101.5731888,4.039474964,4.945916176,188.2060242,186.6384735,25.29746056,67.43629456,Autumn,3
10/2/2032,24.18888855,27.76748466,21.35146713,12.42551613,1.127781272,101.5771866,4.0379529,4.946430683,188.3454285,186.8355865,25.18295097,67.5609436,Autumn,3
10/3/2032,24.08612633,27.66099167,21.25283051,12.36888409,1.123741865,101.581131,4.036398888,4.946903706,188.490921,187.0373535,25.06887817,67.68019867,Autumn,3
10/4/2032,23.98369026,27.5554657,21.15392494,12.31165409,1.118387938,101.5849991,4.034888744,4.947422981,188.6486969,187.2497559,24.95517349,67.79396057,Autumn,3
10/5/2032,23.88143349,27.45073509,21.05464363,12.2537365,1.111793637,101.5887985,4.033500195,4.948074341,188.8248596,187.4786835,24.84175491,67.90214539,Autumn,3
10/6/2032,23.77919769,27.34661865,20.95487404,12.1950388,1.104038358,101.5925064,4.032312393,4.948946476,189.0253754,187.7299194,24.72853088,68.00467682,Autumn,3
10/7/2032,23.67681885,27.2429142,20.85448456,12.13546467,1.095205188,101.5961151,4.031403542,4.950129509,189.2561188,188.0091858,24.61539459,68.10151672,Autumn,3
10/8/2032,23.57411957,27.13941765,20.7533474,12.07491684,1.085381269,101.5996094,4.030853271,4.951714039,189.5226746,188.3219757,24.50223541,68.19265747,Autumn,3
10/9/2032,23.47091675,27.03590584,20.65132141,12.01329613,1.074656367,101.6029739,4.030737877,4.953785896,189.8304291,188.6734924,24.38893127,68.27806854,Autumn,3
10/10/2032,23.36701775,26.93214989,20.54826164,11.95050335,1.063122272,101.6062088,4.031133175,4.95643425,190.1844635,189.0686646,24.27536392,68.35778046,Autumn,3
10/11/2032,23.26223183,26.82791519,20.44402504,11.88644218,1.050872087,101.6092911,4.032112598,4.959743023,190.5894623,189.5121765,24.16139603,68.43183136,Autumn,3
10/12/2032,23.15636063,26.72296143,20.33846283,11.82101822,1.037999749,101.6122131,4.033745766,4.963791847,191.0496521,190.0081635,24.04689598,68.50028229,Autumn,3
10/13/2032,23.04920959,26.61705017,20.23142624,11.75414181,1.024599314,101.6149673,4.036099434,4.968658447,191.5688782,190.560379,23.93172455,68.56321716,Autumn,3
10/14/2032,22.940588,26.50994492,20.1227684,11.68573189,1.010763764,101.6175385,4.039235115,4.974414825,192.150528,191.1721649,23.81575584,68.62073517,Autumn,3
10/15/2032,22.83030701,26.40141106,20.01235008,11.61570549,0.996584535,101.6199188,4.043208122,4.981126308,192.7973938,191.8462982,23.69884872,68.672966,Autumn,3
10/16/2032,22.71818161,26.2912178,19.90003586,11.54399967,0.982151926,101.6221085,4.048070908,4.988854885,193.5117798,192.5850372,23.58087158,68.72003174,Autumn,3
10/17/2032,22.60404015,26.17914581,19.78569221,11.47054958,0.967552543,101.6240845,4.053867817,4.997652531,194.2953796,193.3901062,23.46170044,68.76211548,Autumn,3
10/18/2032,22.48771477,26.06498337,19.66919899,11.39530754,0.952870429,101.6258469,4.060637474,5.007565022,195.1493073,194.2626038,23.34121323,68.7993927,Autumn,3
10/19/2032,22.3690567,25.94853783,19.55044746,11.31823158,0.938185692,101.627388,4.06841135,5.018631458,196.0741425,195.2031403,23.2192955,68.83205414,Autumn,3
10/20/2032,22.24792862,25.82962227,19.42933655,11.23929405,0.923574269,101.6287155,4.077213287,5.030882359,197.0697937,196.2115936,23.09584427,68.86032104,Autumn,3
10/21/2032,22.12420273,25.70807457,19.3057766,11.15847969,0.909107566,101.6298218,4.087060928,5.044337749,198.1356201,197.2874146,22.97075844,68.88439941,Autumn,3
10/22/2032,21.99777794,25.58374786,19.17969513,11.07578373,0.894851685,101.6306992,4.097962856,5.059011459,199.2703094,198.4293213,22.84395981,68.90455627,Autumn,3
10/23/2032,21.86856079,25.45651436,19.05103683,10.99121857,0.88086766,101.6313629,4.109920502,5.074907303,200.4720154,199.6355133,22.71537399,68.92103577,Autumn,3
10/24/2032,21.73648262,25.32626724,18.91975403,10.90480709,0.867210746,101.6318054,4.122928143,5.092019081,201.7383423,200.9036713,22.58494186,68.93408966,Autumn,3
10/25/2032,21.60149956,25.19293022,18.78582573,10.81658936,0.853930712,101.6320496,4.136969566,5.110332489,203.0662994,202.230835,22.45261765,68.94400787,Autumn,3
10/26/2032,21.46357727,25.05644035,18.6492424,10.726614,0.841071069,101.6320877,4.152024269,5.129824638,204.4524231,203.6136017,22.31837082,68.95106506,Autumn,3
10/27/2032,21.32271576,24.91677094,18.51001358,10.63495064,0.828669429,101.6319351,4.16806078,5.150462151,205.8927002,205.0480194,22.18218613,68.95555115,Autumn,3
10/28/2032,21.17892456,24.77391243,18.36816788,10.54167843,0.816757321,101.6316071,4.185043335,5.172204494,207.3826599,206.5297546,22.04406738,68.95775604,Autumn,3
10/29/2032,21.03224754,24.627882,18.22375488,10.44689083,0.805360317,101.6311188,4.202925682,5.195001125,208.9174805,208.0540161,21.90402603,68.95797729,Autumn,3
10/30/2032,20.88274765,24.47872925,18.07683754,10.35069275,0.794497967,101.6304855,4.221657276,5.218793869,210.4919128,209.6156006,21.76209831,68.95650482,Autumn,3
10/31/2032,20.73050499,24.32652855,17.92750549,10.25320721,0.784184098,101.6297302,4.241179943,5.243517399,212.1004028,211.2090912,21.61833191,68.9536438,Autumn,3
11/1/2032,20.57562637,24.17137527,17.77586174,10.15456295,0.774426818,101.6288681,4.261428833,5.269099236,213.73703,212.8286591,21.47279358,68.94967651,Autumn,3
11/2/2032,20.41824341,24.01339149,17.62202454,10.05490303,0.765229106,101.6279297,4.282335281,5.29545927,215.3957825,214.4683075,21.32556534,68.94489288,Autumn,3
11/3/2032,20.25850296,23.8527317,17.46613884,9.954381943,0.756588578,101.6269302,4.303823471,5.322511196,217.0703888,216.1219177,21.17674255,68.93958282,Autumn,3
11/4/2032,20.0965786,23.68956757,17.30835724,9.853160858,0.74849844,101.6259079,4.325814724,5.350164413,218.7544403,217.7831726,21.02643585,68.934021,Autumn,3
11/5/2032,19.93265724,23.52409554,17.14885902,9.751410484,0.740947247,101.6248856,4.34822607,5.378323555,220.4415436,219.445694,20.87477493,68.92847443,Autumn,3
11/6/2032,19.76694679,23.35653496,16.98782349,9.649308205,0.733919501,101.6238937,4.370970726,5.406887531,222.1251678,221.1031189,20.72189903,68.92321014,Autumn,3
11/7/2032,19.59967041,23.18712425,16.82546043,9.547039032,0.727396369,101.622963,4.393959999,5.435752869,223.7989502,222.7491302,20.56796074,68.91846466,Autumn,3
11/8/2032,19.43106651,23.0161171,16.66197968,9.44479084,0.721355915,101.6221237,4.417103291,5.464815617,225.4565125,224.3774872,20.41312408,68.91447449,Autumn,3
11/9/2032,19.2613945,22.84379005,16.49760818,9.342756271,0.715773106,101.6214142,4.440308094,5.493966579,227.0917053,225.9821472,20.25756454,68.91148376,Autumn,3
11/10/2032,19.09091377,22.67042923,16.33258629,9.241127014,0.710621238,101.6208649,4.463483334,5.523098469,228.6985626,227.5571442,20.10146713,68.90966797,Autumn,3
11/11/2032,18.91990089,22.49633598,16.16715431,9.140100479,0.705871403,101.6204987,4.486536026,5.552102566,230.2713318,229.0969543,19.94502258,68.90924072,Autumn,3
11/12/2032,18.74864006,22.32181931,16.00156784,9.039868355,0.7014938,101.6203613,4.509374142,5.580871105,231.8045959,230.5962067,19.78843307,68.91036987,Autumn,3
11/13/2032,18.57741737,22.14720154,15.83607864,8.940624237,0.697457612,101.6204758,4.531909943,5.60929966,233.2932129,232.049881,19.63190079,68.91322327,Autumn,3
11/14/2032,18.40653229,21.9727993,15.67094994,8.842556,0.693731725,101.6208878,4.554054737,5.637283325,234.7324829,233.4534149,19.47563553,68.91793823,Autumn,3
11/15/2032,18.23627663,21.79894829,15.50644207,8.745845795,0.690285027,101.6216125,4.575724602,5.664722443,236.1181335,234.8026123,19.31984901,68.92464447,Autumn,3
11/16/2032,18.06694794,21.62597466,15.34281921,8.650672913,0.687087178,101.6226807,4.596839428,5.691520691,237.4462128,236.0936737,19.16475105,68.93344116,Autumn,3
11/17/2032,17.89883804,21.45420074,15.18034077,8.557207108,0.684108794,101.6241302,4.617321968,5.717586517,238.7133484,237.3233795,19.01055527,68.94443512,Autumn,3
11/18/2032,17.73223495,21.28395081,15.01926041,8.465612411,0.681321204,101.6259842,4.637101173,5.742832184,239.916626,238.4889221,18.85746765,68.95767975,Autumn,3
11/19/2032,17.56742859,21.11554146,14.85983372,8.376036644,0.678698123,101.6282654,4.656108379,5.767178535,241.0536499,239.588028,18.70569801,68.97323608,Autumn,3
11/20/2032,17.40468597,20.94927979,14.70229912,8.288624763,0.676214874,101.6309891,4.674284935,5.790550709,242.1225739,240.6189728,18.55544662,68.99113464,Autumn,3
11/21/2032,17.24427795,20.78546143,14.54689884,8.20350647,0.673848808,101.6341782,4.691574574,5.812880039,243.121933,241.5805359,18.40690613,69.01139832,Autumn,3
11/22/2032,17.08645439,20.62436676,14.39385414,8.120800018,0.671580076,101.6378479,4.707928658,5.834109306,244.0509949,242.4720459,18.26026535,69.03404236,Autumn,3
11/23/2032,16.93145561,20.46626663,14.24337959,8.04060936,0.669391334,101.6420059,4.723305702,5.854184151,244.9094391,243.2933655,18.11570358,69.059021,Autumn,3
11/24/2032,16.77950859,20.31141281,14.09568024,7.96302557,0.667267859,101.6466751,4.737670898,5.873060703,245.697464,244.0448761,17.97338867,69.08633423,Autumn,3
11/25/2032,16.63081932,20.16003609,13.95093918,7.888127327,0.665197909,101.6518478,4.750995636,5.890703678,246.4158478,244.7274628,17.83347702,69.11592102,Autumn,3
11/26/2032,16.48558426,20.01235008,13.80933189,7.815975666,0.66317296,101.6575317,4.763259411,5.907084465,247.0657654,245.3425293,17.69611359,69.14772034,Autumn,3
11/27/2032,16.34396744,19.86854362,13.67101192,7.746619701,0.661186755,101.6637268,4.774449348,5.922184467,247.6489105,245.8918915,17.5614357,69.18167114,Autumn,3
11/28/2032,16.20612335,19.72878838,13.53612137,7.680090904,0.65923661,101.6704254,4.784558773,5.935993195,248.1674347,246.3778839,17.42955589,69.21766663,Autumn,3
11/29/2032,16.07219124,19.59322739,13.40477943,7.616408825,0.657322347,101.6776123,4.793588161,5.948508263,248.6238708,246.8032379,17.3005867,69.25563812,Autumn,3
11/30/2032,15.94227219,19.46198273,13.27709198,7.555575371,0.655446827,101.6852798,4.801546574,5.959735394,249.0211945,247.1710052,17.17461205,69.29545593,Autumn,3
12/1/2032,15.81645966,19.33514977,13.15314007,7.497581482,0.653614879,101.6934052,4.808447838,5.9696908,249.3626556,247.4846497,17.05171204,69.33702087,Winter,0
12/2/2032,15.6948185,19.21280479,13.03299236,7.442398071,0.651834548,101.7019806,4.814314365,5.978394985,249.651825,247.7479401,16.93194771,69.38018799,Winter,0
12/3/2032,15.5773983,19.09498978,12.91669655,7.389990807,0.65011543,101.7109604,4.819172859,5.985878468,249.8925934,247.9648438,16.81536102,69.42483521,Winter,0
12/4/2032,15.46422005,18.98172951,12.80427837,7.340304375,0.648469269,101.7203293,4.823057652,5.992178917,250.0890198,248.1396027,16.70198631,69.47084045,Winter,0
12/5/2032,15.35528755,18.87302208,12.69575024,7.293275833,0.646909595,101.7300491,4.826007843,5.997339725,250.2453613,248.2766571,16.59183884,69.51804352,Winter,0
12/6/2032,15.25058365,18.76884079,12.59109879,7.248827457,0.645451307,101.7400894,4.82806778,6.001410484,250.3660126,248.3804474,16.48491478,69.56630707,Winter,0
12/7/2032,15.15006638,18.66913795,12.49030113,7.206874847,0.644110084,101.7503967,4.829287052,6.004447937,250.4554749,248.4556427,16.38120461,69.61547852,Winter,0
12/8/2032,15.05368042,18.57383919,12.39331341,7.167320251,0.642902613,101.7609482,4.82971859,6.006513119,250.5181885,248.5068207,16.28068161,69.66540527,Winter,0
12/9/2032,14.96134949,18.48285675,12.30007553,7.130058289,0.641845942,101.7716827,4.829419613,6.00767231,250.5587769,248.5386505,16.18330574,69.71595764,Winter,0
12/10/2032,14.87297821,18.39607811,12.21050835,7.094976425,0.640957177,101.7825546,4.828450203,6.007994652,250.581665,248.5556488,16.08902168,69.76695251,Winter,0
12/11/2032,14.78845978,18.31337547,12.12452412,7.061954498,0.640253127,101.7935257,4.826872826,6.007554054,250.591217,248.5623016,15.9977684,69.81826782,Winter,0
12/12/2032,14.7076664,18.23460007,12.04202271,7.030869961,0.639749885,101.8045273,4.824752331,6.006426334,250.5916901,248.5628357,15.90947151,69.86975098,Winter,0
12/13/2032,14.63046455,18.15959549,11.962883,7.001589775,0.639462829,101.8155212,4.822154999,6.004688263,250.5871735,248.5614166,15.824049,69.92124939,Winter,0
12/14/2032,14.55670357,18.08818817,11.88698387,6.973985195,0.639405966,101.8264389,4.81914711,6.002420425,250.5814819,248.5619049,15.74140549,69.97263336,Winter,0
12/15/2032,14.48622322,18.02019501,11.8141861,6.947920322,0.639591932,101.8372421,4.815796375,5.999701977,250.5782928,248.5679169,15.66144371,70.02377319,Winter,0
12/16/2032,14.41885948,17.95542336,11.74434566,6.923261642,0.640031278,101.8478622,4.812169552,5.996612549,250.5809174,248.5827484,15.58405781,70.07452393,Winter,0
12/17/2032,14.35443306,17.89367294,11.67731285,6.899873734,0.640732527,101.8582458,4.808332443,5.99323225,250.5924225,248.6094208,15.50913811,70.12477112,Winter,0
12/18/2032,14.29276848,17.83473778,11.61293316,6.877626896,0.641702056,101.8683395,4.804349899,5.989637852,250.6154633,248.6505737,15.43657112,70.1743927,Winter,0
12/19/2032,14.23368645,17.77841759,11.55104923,6.856389999,0.64294374,101.8780975,4.800284386,5.985904694,250.6524506,248.7084961,15.36623955,70.22328186,Winter,0
12/20/2032,14.17699814,17.72450066,11.49149418,6.836036205,0.644458532,101.8874588,4.796196461,5.982107639,250.7054138,248.7850494,15.29802704,70.27132416,Winter,0
12/21/2032,14.12252426,17.67278481,11.4341116,6.816447258,0.646244884,101.8963699,4.792142868,5.978316307,250.7759094,248.8817444,15.23181629,70.31843567,Winter,0
12/22/2032,14.07008743,17.62306404,11.37873554,6.797505379,0.648298204,101.9047928,4.788178444,5.9745965,250.8651886,248.9996796,15.16749191,70.36450195,Winter,0
12/23/2032,14.01950455,17.57514763,11.32521152,6.779104233,0.650610983,101.9126663,4.784353733,5.971011162,250.9741364,249.1395264,15.10493851,70.40946198,Winter,0
12/24/2032,13.97060776,17.52884293,11.27338028,6.7611413,0.653172851,101.9199677,4.780714512,5.967619419,251.1032104,249.3015289,15.04404736,70.45321655,Winter,0
12/25/2032,13.92323112,17.48397064,11.22309399,6.743525505,0.655970156,101.9266434,4.777304649,5.964472294,251.2525024,249.4856415,14.98471165,70.49571228,Winter,0
12/26/2032,13.8772192,17.44035912,11.17420673,6.726169586,0.658986807,101.9326553,4.774160862,5.961620331,251.4216766,249.6912689,14.92683029,70.53688049,Winter,0
12/27/2032,13.83242512,17.39785576,11.1265831,6.709000111,0.66220367,101.9379807,4.771316528,5.959105015,251.6100922,249.9175262,14.87031269,70.57666016,Winter,0
12/28/2032,13.78871346,17.3563118,11.08009338,6.691951752,0.665598869,101.9425888,4.768799782,5.956962109,251.8167725,250.1631775,14.81506729,70.61500549,Winter,0
12/29/2032,13.74596024,17.31560135,11.03461742,6.674967766,0.669148207,101.9464569,4.766633987,5.95522356,252.040329,250.4266052,14.76101971,70.65185547,Winter,0
12/30/2032,13.70405006,17.27560806,10.99004936,6.658002853,0.672825038,101.9495544,4.764837265,5.953915596,252.2792206,250.7058868,14.70809555,70.68719482,Winter,0
12/31/2032,13.66288853,17.23623848,10.94628716,6.641020775,0.676600635,101.9518814,4.763422489,5.953054905,252.5314484,250.9988098,14.65623474,70.72097778,Winter,0
1/1/2033,13.62239075,17.19740677,10.90324688,6.623995781,0.680444777,101.9534149,4.762398243,5.952656269,252.7948608,251.3029022,14.60538483,70.75317383,Winter,0
1/2/2033,13.5824852,17.15905571,10.8608532,6.606912136,0.684325218,101.9541626,4.761767387,5.952726841,253.0670776,251.6155396,14.55550575,70.7837677,Winter,0
1/3/2033,13.54311752,17.12113571,10.81904221,6.589765549,0.688208759,101.9541168,4.761528492,5.953266144,253.3455048,251.9337463,14.50656319,70.81273651,Winter,0
1/4/2033,13.50424957,17.08362389,10.77776337,6.572555542,0.692061365,101.9532928,4.761675358,5.954271793,253.6274872,252.2545471,14.45853329,70.84005737,Winter,0
1/5/2033,13.46585464,17.04650688,10.7369833,6.555297852,0.695848227,101.951683,4.762196064,5.955732822,253.9100494,252.5747375,14.41140556,70.86573792,Winter,0
1/6/2033,13.42792225,17.00979996,10.69667721,6.538012505,0.699534476,101.9493179,4.763076305,5.957634449,254.1903076,252.8910828,14.36518097,70.88975525,Winter,0
1/7/2033,13.39046001,16.97352219,10.65682983,6.520730019,0.703085303,101.9462128,4.764297009,5.959956646,254.4652405,253.2003326,14.31986237,70.91210175,Winter,0
1/8/2033,13.3534832,16.93771553,10.6174469,6.503483772,0.706466496,101.9423904,4.765834808,5.962674141,254.7318726,253.4991913,14.27546883,70.93278503,Winter,0
1/9/2033,13.31702614,16.90244484,10.57853794,6.486320496,0.709644556,101.9378815,4.767663956,5.965758324,254.9872284,253.7843933,14.23202515,70.95180511,Winter,0
1/10/2033,13.28113556,16.86777878,10.5401268,6.469287395,0.712587178,101.9327164,4.769755363,5.969176769,255.2283173,254.0527039,14.18956566,70.96916199,Winter,0
1/11/2033,13.24586678,16.83380508,10.50225258,6.452440262,0.715263784,101.9269333,4.772077084,5.972892284,255.4523163,254.3011475,14.14813805,70.98484802,Winter,0
1/12/2033,13.21128845,16.80062103,10.46495724,6.435835838,0.717645586,101.9205704,4.774594307,5.976865768,255.6565094,254.5267181,14.10778618,70.99887085,Winter,0
1/13/2033,13.17748451,16.76833916,10.42830181,6.419539452,0.71970588,101.913681,4.777270794,5.981054783,255.8383331,254.7266235,14.06856918,71.01126099,Winter,0
1/14/2033,13.14453888,16.73708153,10.39234257,6.403615475,0.721420586,101.9063034,4.780069828,5.985416412,255.9953613,254.8983154,14.03055,71.02198792,Winter,0
1/15/2033,13.11255264,16.70697403,10.35715866,6.388130188,0.722768247,101.8984833,4.782951832,5.98990345,256.1253662,255.0394745,13.9937973,71.03108215,Winter,0
1/16/2033,13.08162498,16.6781559,10.32282639,6.37315464,0.723730564,101.8902817,4.785877228,5.994468212,256.2263794,255.1479645,13.95838165,71.0385437,Winter,0
1/17/2033,13.05186939,16.65076637,10.28943253,6.358754158,0.724292099,101.881752,4.788805485,5.999064922,256.2967224,255.2219543,13.92437935,71.04438782,Winter,0
1/18/2033,13.02339935,16.62495422,10.25706387,6.34499979,0.724440873,101.8729401,4.791697979,6.003643036,256.3348389,255.2599792,13.89186668,71.04860687,Winter,0
1/19/2033,12.99633026,16.6008625,10.22581673,6.331956863,0.724168658,101.8639069,4.794512749,6.008155346,256.3395996,255.2607422,13.86092663,71.05122375,Winter,0
1/20/2033,12.97078323,16.57863998,10.19579029,6.319690704,0.723470628,101.8547134,4.797213078,6.012554646,256.309967,255.2233124,13.83163834,71.05225372,Winter,0
1/21/2033,12.94687462,16.55843353,10.16707706,6.308261871,0.722345531,101.8454056,4.799760342,6.016793251,256.2453918,255.1471252,13.80408096,71.05169678,Winter,0
1/22/2033,12.92472458,16.54038811,10.13978481,6.297730446,0.720795751,101.8360443,4.802116871,6.020825386,256.1455383,255.0318909,13.77833462,71.04955292,Winter,0
1/23/2033,12.90445328,16.52464294,10.114007,6.288149834,0.718827665,101.826683,4.804248333,6.024608135,256.0102844,254.8776245,13.7544775,71.04585266,Winter,0
1/24/2033,12.88616753,16.51133156,10.0898447,6.279569626,0.71645081,101.8173752,4.806121349,6.028100491,255.83992,254.6847076,13.73258209,71.04060364,Winter,0
1/25/2033,12.86998367,16.50058174,10.0673914,6.272034645,0.713678718,101.8081665,4.807705402,6.031260967,255.6348724,254.4538116,13.71272087,71.03379822,Winter,0
1/26/2033,12.85599899,16.49250984,10.04674053,6.265584469,0.710527837,101.799118,4.808971882,6.034054756,255.3959503,254.1858673,13.69496155,71.02548218,Winter,0
1/27/2033,12.84431267,16.48722839,10.02798176,6.260251999,0.707018018,101.7902603,4.809893608,6.036446571,255.1241913,253.8821259,13.67936516,71.01564026,Winter,0
1/28/2033,12.83501816,16.48483086,10.01119518,6.256062984,0.703172266,101.7816544,4.810448647,6.038404942,254.8208466,253.5440979,13.66598892,71.00431061,Winter,0
1/29/2033,12.82819366,16.48540688,9.996463776,6.253039837,0.699016094,101.7733307,4.810615063,6.039903641,254.4874268,253.1735687,13.65488243,70.99150085,Winter,0
1/30/2033,12.82391453,16.48903084,9.983854294,6.251196861,0.694577694,101.7653198,4.810375214,6.04091692,254.1255646,252.7724762,13.64609146,70.97722626,Winter,0
1/31/2033,12.82223892,16.49575996,9.973434448,6.250542641,0.689887464,101.7576675,4.809714794,6.041423798,253.7371063,252.3429108,13.63965225,70.9615097,Winter,0
2/1/2033,12.82322598,16.50564575,9.965260506,6.251076698,0.684977651,101.7503967,4.80862093,6.041407585,253.3240967,251.8873596,13.63559532,70.94438171,Winter,0
2/2/2033,12.82691574,16.51872063,9.95938015,6.252797127,0.67988193,101.7435226,4.80708456,6.040853024,252.8886261,251.4081879,13.63394356,70.92584991,Winter,0
2/3/2033,12.83333969,16.53499985,9.955838203,6.255691528,0.67463553,101.7370834,4.805099964,6.039749622,252.4329529,250.9080048,13.63471222,70.90596008,Winter,0
2/4/2033,12.84252071,16.55448914,9.954663277,6.259746075,0.669274211,101.7310791,4.802663326,6.03809166,251.9593201,250.3894348,13.63791084,70.88471985,Winter,0
2/5/2033,12.85446644,16.57718277,9.955883026,6.264935493,0.663834214,101.7255249,4.799775124,6.035874844,251.4700623,249.8552094,13.64353275,70.86218262,Winter,0
2/6/2033,12.86917686,16.60305023,9.959510803,6.271235466,0.658352017,101.7204285,4.79643631,6.033097744,250.9674683,249.3079681,13.6515789,70.83837891,Winter,0
2/7/2033,12.88664246,16.6320591,9.965554237,6.278612614,0.652863681,101.7157898,4.79265213,6.029764652,250.4539337,248.750473,13.66202927,70.81332397,Winter,0
2/8/2033,12.90683651,16.66415405,9.974011421,6.287032127,0.647404611,101.7116013,4.788429737,6.02587986,249.9316559,248.185318,13.67486477,70.7870636,Winter,0
2/9/2033,12.92973328,16.69927216,9.984872818,6.296455383,0.642009139,101.7078552,4.783778667,6.021453857,249.4028168,247.6150665,13.69005299,70.75965881,Winter,0
2/10/2033,12.95528221,16.73733521,9.998118401,6.306836605,0.636710286,101.7045441,4.778709888,6.016497612,248.8695068,247.042099,13.70756245,70.73112488,Winter,0
2/11/2033,12.98343468,16.77825928,10.01372433,6.318133354,0.631539106,101.7016449,4.773237228,6.011025429,248.3336945,246.4687653,13.72735023,70.70152283,Winter,0
2/12/2033,13.01413536,16.82194519,10.03165531,6.330295563,0.626524985,101.6991348,4.767375946,6.00505209,247.7971191,245.897171,13.74937057,70.67089844,Winter,0
2/13/2033,13.04730988,16.86828423,10.05187321,6.343277454,0.621694565,101.696991,4.761142731,5.998596668,247.2614899,245.3292542,13.77356911,70.63930511,Winter,0
2/14/2033,13.0828867,16.91716003,10.07433224,6.357027531,0.617071867,101.6951828,4.754555225,5.991681099,246.7281647,244.7667389,13.79989052,70.60678101,Winter,0
2/15/2033,13.12078285,16.96845055,10.09897423,6.371496201,0.61267823,101.6936798,4.747632504,5.984325886,246.1984253,244.2111053,13.82827759,70.57337952,Winter,0
2/16/2033,13.16091061,17.02202988,10.12574863,6.386632919,0.608531833,101.6924515,4.740395546,5.976553917,245.6732788,243.6636353,13.85866356,70.53916931,Winter,0
2/17/2033,13.20318031,17.0777626,10.15458775,6.402392387,0.604647517,101.6914444,4.73286438,5.968390465,245.1534729,243.1252289,13.89098167,70.50419617,Winter,0
2/18/2033,13.24749565,17.1355114,10.18542576,6.418723106,0.601036727,101.6906357,4.725060463,5.959860325,244.6396027,242.5966797,13.92516518,70.46850586,Winter,0
2/19/2033,13.29375648,17.19513512,10.21819973,6.435581684,0.59770751,101.6899643,4.717006683,5.950989723,244.1319275,242.0784302,13.9611454,70.43217468,Winter,0
2/20/2033,13.34186268,17.25650024,10.25282955,6.452926159,0.594664156,101.6893997,4.708723068,5.94180584,243.6304932,241.5705719,13.99884892,70.39524078,Winter,0
2/21/2033,13.39171505,17.31945801,10.28924561,6.470715523,0.59190762,101.6888962,4.700233459,5.9323349,243.1351318,241.0730286,14.03820801,70.35777283,Winter,0
2/22/2033,13.44321156,17.3838768,10.32737064,6.488912106,0.589435101,101.6884079,4.691559315,5.92260313,242.6453857,240.5854187,14.07915211,70.31981659,Winter,0
2/23/2033,13.49624825,17.44961739,10.36713314,6.507483959,0.587240398,101.6878815,4.682722569,5.912639618,242.1606293,240.1070099,14.12161255,70.28143311,Winter,0
2/24/2033,13.55072975,17.51655006,10.40845203,6.52640295,0.585313797,101.6872711,4.673743725,5.902468681,241.6799622,239.6369781,14.16551971,70.24268341,Winter,0
2/25/2033,13.60655403,17.58454704,10.45125771,6.545640945,0.583642483,101.6865387,4.664644718,5.8921175,241.2022705,239.1740875,14.21080971,70.20359802,Winter,0
2/26/2033,13.66363049,17.65348244,10.49547195,6.565178871,0.582210362,101.6856384,4.655445099,5.881611824,240.7262878,238.7169495,14.25742149,70.16426086,Winter,0
2/27/2033,13.72186852,17.72324371,10.54102707,6.584999561,0.580998659,101.6845322,4.646165371,5.870976448,240.2505188,238.2639313,14.30529404,70.12467957,Winter,0
2/28/2033,13.78118038,17.79372406,10.58785343,6.605092049,0.579985797,101.6831665,4.636824608,5.860235691,239.7733765,237.8133087,14.35437012,70.08493805,Winter,0
3/1/2033,13.84148598,17.86482239,10.63588238,6.625447273,0.579147816,101.6815109,4.627440453,5.849414349,239.2930756,237.3630066,14.40459919,70.0450592,Spring,1
3/2/2033,13.90270615,17.93644714,10.68505287,6.646062374,0.578459024,101.6795349,4.618031025,5.838532925,238.8077393,236.9109802,14.45593262,70.00508118,Spring,1
3/3/2033,13.96477509,18.0085125,10.73530579,6.666937828,0.577891529,101.6772003,4.608613014,5.827613831,238.3153992,236.4549408,14.50832367,69.96505737,Spring,1
3/4/2033,14.02762413,18.08094978,10.78658581,6.688079834,0.577416301,101.674469,4.599202633,5.816678524,237.8140259,235.9926605,14.56173134,69.92501068,Spring,1
3/5/2033,14.09119415,18.15369225,10.83883953,6.709496021,0.577003241,101.6713257,4.589814663,5.805746555,237.3016357,235.521698,14.61612701,69.88497925,Spring,1
3/6/2033,14.15543556,18.22668839,10.89202023,6.731198788,0.576621532,101.6677475,4.580463409,5.794835567,236.776062,235.0396271,14.67147255,69.84498596,Spring,1
3/7/2033,14.22030449,18.29989052,10.94608879,6.753205299,0.576240182,101.6637115,4.571163177,5.783964634,236.2352753,234.5441284,14.72774506,69.80505371,Spring,1
3/8/2033,14.28575706,18.37326813,11.00100422,6.775532722,0.575828075,101.6592102,4.561925888,5.773149967,235.6772919,234.0327454,14.78491974,69.76521301,Spring,1
3/9/2033,14.35176468,18.4467907,11.05673504,6.798202515,0.575354636,101.6542282,4.552764416,5.762407303,235.1001892,233.5031738,14.84297848,69.72546387,Spring,1
3/10/2033,14.41829681,18.52044296,11.11324787,6.821239471,0.574790299,101.6487579,4.543691158,5.751751423,234.5020599,232.9532471,14.90190887,69.68583679,Spring,1
3/11/2033,14.4853363,18.59421921,11.17052364,6.844666958,0.574106514,101.6427994,4.534715176,5.741196632,233.8812408,232.3807983,14.96170044,69.64633179,Spring,1
3/12/2033,14.55286217,18.66811752,11.22853756,6.868512154,0.573276281,101.6363525,4.525849342,5.730755806,233.2361145,231.7838898,15.02234459,69.60696411,Spring,1
3/13/2033,14.62086868,18.74214745,11.28727627,6.892802238,0.572274566,101.6294403,4.517101288,5.720441341,232.5653076,231.1607513,15.08383846,69.56771851,Spring,1
3/14/2033,14.68935394,18.81632233,11.34672737,6.917564392,0.571078539,101.6220551,4.508482456,5.710265636,231.867569,230.5097046,15.14618301,69.52862549,Spring,1
3/15/2033,14.75831032,18.89066315,11.40688133,6.942827225,0.569667697,101.6142197,4.500000477,5.700237751,231.1418457,229.8294525,15.20938015,69.48965454,Spring,1
3/16/2033,14.82774734,18.96519661,11.46773052,6.968616486,0.568024576,101.6059647,4.491665363,5.690369129,230.3873444,229.1187286,15.27343273,69.45081329,Spring,1
3/17/2033,14.89766693,19.03995514,11.52927399,6.99495697,0.566134214,101.5972977,4.483484745,5.680669785,229.6034546,228.3766937,15.33834648,69.41209412,Spring,1
3/18/2033,14.96808434,19.11497116,11.59151363,7.021876335,0.563985229,101.5882568,4.475466728,5.671147823,228.7898712,227.6026764,15.40413284,69.37348938,Spring,1
3/19/2033,15.039011,19.19028282,11.65444756,7.049394608,0.561569333,101.5788727,4.467618465,5.661812305,227.9464722,226.7962341,15.47079659,69.3349762,Spring,1
3/20/2033,15.11046219,19.26593018,11.71808434,7.077533722,0.558881581,101.5691681,4.459949017,5.65266943,227.0733948,225.9573059,15.5383482,69.29655457,Spring,1
3/21/2033,15.18245316,19.34195709,11.7824297,7.106311798,0.55592066,101.5591965,4.452463627,5.643728256,226.1710052,225.0860596,15.60679817,69.25820923,Spring,1
3/22/2033,15.25500107,19.41840363,11.84748554,7.135744095,0.552688718,101.548996,4.445170403,5.634994507,225.2399597,224.1829224,15.67615414,69.21992493,Spring,1
3/23/2033,15.328125,19.49531174,11.91326714,7.165842056,0.549191356,101.5385971,4.438075066,5.626473427,224.2811584,223.2485657,15.74642563,69.18167114,Spring,1
3/24/2033,15.40184212,19.57271957,11.97977734,7.196617603,0.545437813,101.5280533,4.431183815,5.618172169,223.2957153,222.2840576,15.81762123,69.14346313,Spring,1
3/25/2033,15.47616768,19.6506691,12.04702854,7.228073597,0.541440427,101.5174103,4.424502373,5.61009407,222.2849579,221.2906036,15.88974857,69.10526276,Spring,1
3/26/2033,15.55112267,19.72919464,12.11502647,7.260215759,0.537214875,101.5067139,4.418035507,5.6022439,221.2504578,220.2697144,15.96281147,69.06706238,Spring,1
3/27/2033,15.62671852,19.80833244,12.18378353,7.293040276,0.532779932,101.4960098,4.411787987,5.594624043,220.1939545,219.2231445,16.03681564,69.02885437,Spring,1
3/28/2033,15.7029705,19.88810539,12.25330257,7.326545715,0.528157055,101.4853439,4.405764103,5.587237358,219.1174164,218.1528473,16.111763,68.99061584,Spring,1
3/29/2033,15.77989006,19.96854401,12.323596,7.360723495,0.523370683,101.4747772,4.39996624,5.580085754,218.0229492,217.0609283,16.1876545,68.9523468,Spring,1
3/30/2033,15.85748482,20.04967117,12.39466763,7.395562172,0.518446982,101.4643402,4.394398212,5.573169231,216.912735,215.9497986,16.26448822,68.91402435,Spring,1
3/31/2033,15.93576813,20.13149452,12.46652222,7.431049347,0.513414621,101.4540939,4.38906002,5.566487789,215.7891693,214.8219147,16.34225845,68.87565613,Spring,1
4/1/2033,16.01473808,20.21403503,12.53916645,7.467166424,0.508303523,101.4440765,4.383953571,5.560039997,214.6547089,213.6798706,16.42096329,68.83721924,Spring,1
4/2/2033,16.09440041,20.29729462,12.61260223,7.503896713,0.503145397,101.4343414,4.379077435,5.553822517,213.5118713,212.5263672,16.500597,68.79870605,Spring,1
4/3/2033,16.17475891,20.38127327,12.68682957,7.541215897,0.497972518,101.4249191,4.374431133,5.547831059,212.3631897,211.3642426,16.58114243,68.76013947,Spring,1
4/4/2033,16.25580788,20.46596909,12.76185131,7.57910347,0.49281773,101.415863,4.370010853,5.542061329,211.2112579,210.1963043,16.66259384,68.72149658,Spring,1
4/5/2033,16.33754158,20.55137444,12.83766937,7.617530823,0.487714171,101.4072037,4.365812778,5.536505222,210.0586243,209.0254059,16.7449379,68.68278503,Spring,1
4/6/2033,16.41995811,20.63747406,12.91427898,7.656475067,0.482694507,101.3989792,4.361831665,5.531154633,208.9078369,207.8543701,16.82815933,68.64398956,Spring,1
4/7/2033,16.50304794,20.72425079,12.99167824,7.695907593,0.477790862,101.3912277,4.358059406,5.526000023,207.7613831,206.6860199,16.91224289,68.60513306,Spring,1
4/8/2033,16.58680534,20.81168365,13.06986904,7.73580122,0.473034322,101.3839722,4.354488373,5.521028996,206.6215668,205.523056,16.99717331,68.56620789,Spring,1
4/9/2033,16.67121315,20.89974785,13.14884472,7.776128769,0.468454212,101.377243,4.351107597,5.516228199,205.4907074,204.3681183,17.08293533,68.52722931,Spring,1
4/10/2033,16.75626564,20.98841858,13.22860336,7.81686306,0.464078188,101.3710632,4.347905159,5.511582851,204.3709564,203.2237091,17.16950798,68.48818207,Spring,1
4/11/2033,16.84194946,21.07765961,13.30914021,7.857979298,0.459931612,101.365448,4.344867229,5.50707531,203.2642517,202.0922089,17.2568779,68.44908142,Spring,1
4/12/2033,16.92825317,21.16744614,13.39045715,7.899452209,0.456037253,101.3604202,4.341979027,5.502686501,202.1724091,200.9757385,17.34502792,68.40992737,Spring,1
4/13/2033,17.01516724,21.25774574,13.47254658,7.941260815,0.45241493,101.3559875,4.339223385,5.498396873,201.0970459,199.8763885,17.43394279,68.37072754,Spring,1
4/14/2033,17.1026783,21.34852028,13.55540943,7.983383656,0.449081242,101.3521576,4.33658123,5.494184017,200.039566,198.7958984,17.52360916,68.3314743,Spring,1
4/15/2033,17.19077873,21.43974113,13.63904762,8.02580452,0.446049273,101.348938,4.334031582,5.490023136,199.0011597,197.7358093,17.61401367,68.29216766,Spring,1
4/16/2033,17.27946281,21.53137779,13.72345924,8.068508148,0.44332853,101.3463287,4.331552505,5.485889435,197.9828186,196.6974945,17.7051506,68.25280762,Spring,1
4/17/2033,17.36872482,21.62340355,13.80865002,8.111484528,0.440924466,101.3443298,4.329121113,5.481755257,196.98526,195.6820221,17.7970047,68.21337891,Spring,1
4/18/2033,17.45856285,21.71578979,13.89462185,8.154726028,0.438838571,101.342926,4.326712132,5.477592945,196.0089874,194.6902161,17.88957977,68.17388916,Spring,1
4/19/2033,17.54897499,21.80851555,13.98138618,8.198226929,0.437068135,101.3421173,4.324298859,5.473372459,195.0542297,193.7226105,17.98286819,68.1342926,Spring,1
4/20/2033,17.63996887,21.90155983,14.06894588,8.241991043,0.435606301,101.3418808,4.321854115,5.469062328,194.121048,192.7795715,18.07687378,68.0945816,Spring,1
4/21/2033,17.73154831,21.99491501,14.15731812,8.286020279,0.434442073,101.3422165,4.319349766,5.464630604,193.2092438,191.8611145,18.17160034,68.05473328,Spring,1
4/22/2033,17.82372665,22.08856583,14.24651527,8.330324173,0.433560044,101.3430862,4.316756248,5.460045338,192.3183899,190.9670563,18.26705933,68.0147171,Spring,1
4/23/2033,17.91651917,22.18251228,14.33655357,8.374916077,0.432940841,101.3444748,4.314043999,5.455274582,191.4478302,190.0969086,18.36326027,67.97447968,Spring,1
4/24/2033,18.00994492,22.27675819,14.4274559,8.419813156,0.432561189,101.3463593,4.311182499,5.450283527,190.5967102,189.2500458,18.46022415,67.93398285,Spring,1
4/25/2033,18.10403061,22.371315,14.51924038,8.465036392,0.432393819,101.3487167,4.308141232,5.445039272,189.7640533,188.4255676,18.55797005,67.89317322,Spring,1
4/26/2033,18.19880104,22.46619606,14.61193657,8.51061058,0.432408094,101.3515167,4.304890633,5.439508915,188.9486389,187.6223145,18.65652084,67.85198212,Spring,1
4/27/2033,18.29429245,22.56142807,14.70556927,8.556563377,0.432569683,101.3547134,4.301399708,5.433660984,188.1491699,186.8390656,18.75591278,67.81034851,Spring,1
4/28/2033,18.39054298,22.65704346,14.80017185,8.602929115,0.432841539,101.3582993,4.297639847,5.427462101,187.3641663,186.0743256,18.85617256,67.76817322,Spring,1
4/29/2033,18.48758888,22.75308037,14.89577484,8.649742126,0.433183789,101.3622208,4.293582916,5.420883656,186.5920563,185.3265228,18.95733833,67.7253952,Spring,1
4/30/2033,18.58548164,22.84958267,14.99241352,8.697039604,0.433554202,101.3664551,4.289200783,5.413895607,185.8312225,184.5939941,19.05944824,67.68190002,Spring,1
5/1/2033,18.68426514,22.94660187,15.0901289,8.744861603,0.433908552,101.3709641,4.284467697,5.406470776,185.0799866,183.8749084,19.16255379,67.63758087,Spring,1
5/2/2033,18.78399467,23.04419708,15.18895149,8.793251038,0.434201092,101.3757095,4.279360294,5.398583889,184.3366394,183.1674042,19.26669312,67.59233093,Spring,1
5/3/2033,18.88472557,23.14243507,15.28892803,8.842248917,0.434385061,101.380661,4.273856163,5.390212536,183.5994568,182.4695892,19.37191772,67.54602051,Spring,1
5/4/2033,18.98651314,23.24138641,15.3900919,8.891901016,0.434412867,101.385788,4.267934799,5.381336212,182.8667908,181.7796173,19.47827911,67.49852753,Spring,1
5/5/2033,19.08942032,23.34112358,15.49248981,8.942250252,0.434237003,101.3910446,4.26157999,5.371938229,182.1369781,181.0955963,19.58582687,67.44970703,Spring,1
5/6/2033,19.19350243,23.4417305,15.59615707,8.993339539,0.433810025,101.3964005,4.254776478,5.36200428,181.408493,180.4156799,19.69461441,67.3993988,Spring,1
5/7/2033,19.2988224,23.54329109,15.70113659,9.045211792,0.433085352,101.401825,4.247513294,5.351522923,180.6799469,179.7381439,19.80470085,67.34746552,Spring,1
5/8/2033,19.4054451,23.64588737,15.80746365,9.097906113,0.432017773,101.4072876,4.239781857,5.340487957,179.9499359,179.0613708,19.91613197,67.29373932,Spring,1
5/9/2033,19.51342583,23.7496109,15.91517353,9.151461601,0.430563658,101.4127579,4.231577396,5.328896046,179.217392,178.3838348,20.028965,67.23805237,Spring,1
5/10/2033,19.62282372,23.85454941,16.02430344,9.20591259,0.428681731,101.4182053,4.222898483,5.316748142,178.4812775,177.7041626,20.1432457,67.18023682,Spring,1
5/11/2033,19.73369598,23.96079636,16.13488388,9.261291504,0.4263331,101.4235992,4.213747025,5.304049492,177.7408295,177.021225,20.25902748,67.12011719,Spring,1
5/12/2033,19.84609222,24.06843567,16.24693871,9.317625046,0.42348215,101.4289169,4.204129219,5.290809155,176.9954681,176.3340149,20.37635231,67.05750275,Spring,1
5/13/2033,19.96006775,24.17755318,16.3604908,9.374936104,0.420096606,101.4341431,4.194056034,5.277040958,176.244812,175.6417084,20.49526405,66.99223328,Spring,1
5/14/2033,20.0756588,24.28823471,16.47556114,9.433241844,0.416148037,101.4392471,4.183540344,5.262763023,175.4887238,174.9438629,20.61579895,66.92410278,Spring,1
5/15/2033,20.19290924,24.40055847,16.59216309,9.492553711,0.411611974,101.4442062,4.172601223,5.247998238,174.7273102,174.2400818,20.73798943,66.85295105,Spring,1
5/16/2033,20.3118515,24.51459885,16.71030045,9.552877426,0.406468481,101.4490128,4.161259651,5.232772827,173.9609222,173.5303345,20.86186218,66.77859497,Spring,1
5/17/2033,20.43250656,24.63042068,16.82997513,9.614213943,0.400702298,101.4536514,4.149540901,5.21711874,173.1901855,172.8148499,20.9874382,66.70085144,Spring,1
5/18/2033,20.55489731,24.74808693,16.95118332,9.676551819,0.394302964,101.4580994,4.137475014,5.201070786,172.4158936,172.0940399,21.11473083,66.61956024,Spring,1
5/19/2033,20.67902946,24.86764717,17.07390976,9.739879608,0.387264997,101.4623566,4.125094891,5.184669018,171.6391602,171.3686066,21.24374962,66.5345459,Spring,1
5/20/2033,20.80490875,24.98914337,17.19813156,9.804172516,0.379588068,101.4664078,4.112437248,5.167956352,170.8612671,170.6394806,21.37448883,66.44564819,Spring,1
5/21/2033,20.93252182,25.11260796,17.32382584,9.869403839,0.371277034,101.470253,4.099541664,5.150979519,170.0837708,169.9078979,21.50694466,66.3527298,Spring,1
5/22/2033,21.06185722,25.23806381,17.45095253,9.935535431,0.362341821,101.473877,4.0864501,5.133788109,169.3084412,169.175293,21.6410923,66.25563812,Spring,1
5/23/2033,21.19288063,25.36552048,17.57946777,10.00252438,0.352797598,101.4772797,4.073209286,5.116436958,168.5371552,168.4432526,21.77691078,66.1542511,Spring,1
5/24/2033,21.3255558,25.49497414,17.70931816,10.07031822,0.342664391,101.4804688,4.059866905,5.098980427,167.7720642,167.7136993,21.91436195,66.04846191,Spring,1
5/25/2033,21.45983696,25.62641144,17.84044266,10.1388607,0.331967294,101.4834366,4.046472073,5.081477165,167.0154114,166.9886322,22.05340195,65.93815613,Spring,1
5/26/2033,21.59566116,25.75980568,17.9727726,10.2080822,0.320735872,101.4861908,4.03307724,5.063986778,166.2696075,166.2702179,22.19397354,65.82324219,Spring,1
5/27/2033,21.73296165,25.8951149,18.10622787,10.27791595,0.309004426,101.4887238,4.019734859,5.046571255,165.5371399,165.5608063,22.33601761,65.70367432,Spring,1
5/28/2033,21.87165833,26.0322876,18.24072647,10.34828281,0.296811104,101.4910583,4.006500244,5.029292583,164.8205261,164.8628387,22.47945595,65.57938385,Spring,1
5/29/2033,22.01165771,26.1712513,18.3761692,10.41909981,0.284197927,101.4931793,3.993426561,5.01221323,164.1224365,164.178833,22.62421036,65.4503479,Spring,1
5/30/2033,22.15286636,26.3119297,18.51246262,10.49028015,0.271210611,101.4951019,3.980568886,4.995397091,163.4454498,163.5113373,22.77019119,65.31654358,Spring,1
5/31/2033,22.29516792,26.45422363,18.64949226,10.56172943,0.257897675,101.4968414,3.967982054,4.978906631,162.7922058,162.8629913,22.91729736,65.17799377,Spring,1
6/1/2033,22.43844795,26.59803391,18.78714561,10.63335419,0.244310439,101.4983902,3.955719471,4.962801456,162.1652527,162.2363281,23.06541824,65.03472137,Summer,2
6/2/2033,22.58257866,26.74323654,18.92530441,10.70505333,0.230502203,101.4997635,3.943833351,4.947143555,161.5670319,161.6339111,23.21444321,64.88677979,Summer,2
6/3/2033,22.72742271,26.88970184,19.06384087,10.77672768,0.216528043,101.5009766,3.932374001,4.93198967,160.999939,161.058197,23.36425018,64.73423767,Summer,2
6/4/2033,22.87284279,27.03728485,19.20262527,10.84827423,0.20244433,101.5020294,3.921390057,4.917395115,160.4661865,160.5115356,23.51471138,64.57720947,Summer,2
6/5/2033,23.01868439,27.18584061,19.34152412,10.91958809,0.18830803,101.5029297,3.910928011,4.903412342,159.967804,159.9961548,23.66568756,64.41579437,Summer,2
6/6/2033,23.16479874,27.33520508,19.48039627,10.99057007,0.174176216,101.503685,3.901029825,4.890091419,159.5067139,159.5140686,23.81703949,64.25015259,Summer,2
6/7/2033,23.31102371,27.4852047,19.61910439,11.06111526,0.160105839,101.5043182,3.891736269,4.877475262,159.0844116,159.0671539,23.96862793,64.08045197,Summer,2
6/8/2033,23.4571991,27.63566589,19.75750732,11.1311245,0.146152765,101.5048141,3.883082628,4.865606308,158.7023468,158.6570282,24.12030411,63.90688324,Summer,2
6/9/2033,23.60315895,27.78640556,19.89546013,11.2005024,0.132371798,101.5051956,3.875100851,4.854519844,158.3615875,158.2850342,24.27191544,63.72964478,Summer,2
6/10/2033,23.74873734,27.93723488,20.03282166,11.26915359,0.118815683,101.5054703,3.86781764,4.844245434,158.062912,157.9523163,24.42330933,63.54899597,Summer,2
6/11/2033,23.8937645,28.0879612,20.16945267,11.33699036,0.105534859,101.5056305,3.861256361,4.834810257,157.8068542,157.6596527,24.57432938,63.36517715,Summer,2
6/12/2033,24.03807831,28.23838997,20.3052063,11.40392876,0.092577316,101.5056915,3.855435371,4.82623291,157.5935059,157.4075317,24.72483063,63.17847443,Summer,2
6/13/2033,24.18150902,28.38832664,20.43995094,11.46988964,0.079987869,101.505661,3.850366116,4.818527222,157.4227142,157.1961212,24.87465096,62.98918152,Summer,2
6/14/2033,24.32389641,28.53757286,20.57355118,11.53480148,0.067807525,101.5055389,3.846056938,4.811701298,157.2939301,157.0252686,25.02364349,62.79761505,Summer,2
6/15/2033,24.46508026,28.68593407,20.70588112,11.59860229,0.056073871,101.5053177,3.842509508,4.805757046,157.2063293,156.894455,25.17165947,62.60411453,Summer,2
6/16/2033,24.60490227,28.83321762,20.83680916,11.66123199,0.044820163,101.5050201,3.839720249,4.800688744,157.1586914,156.8028259,25.31855011,62.40902328,Summer,2
6/17/2033,24.74321938,28.97923851,20.96622276,11.72264481,0.034075383,101.5046387,3.837680817,4.796485901,157.1493988,156.7492065,25.46417236,62.21271515,Summer,2
6/18/2033,24.87988472,29.12380981,21.0940094,11.78280067,0.023863984,101.5041656,3.836375952,4.793131351,157.17659,156.7320404,25.60839462,62.01555634,Summer,2
6/19/2033,25.01476288,29.26675415,21.22005844,11.84166908,0.014205688,101.5036163,3.835786819,4.7906003,157.2380676,156.7494659,25.75107956,61.81794739,Summer,2
6/20/2033,25.14772224,29.40789986,21.34427834,11.89922714,0.00511548,101.5029831,3.835888147,4.788865089,157.3312683,156.7993164,25.89210129,61.62028885,Summer,2
6/21/2033,25.27864647,29.54708481,21.46657753,11.95546246,-0.003396582,101.5022659,3.836649656,4.787889004,157.4534302,156.8790588,26.03134155,61.42297363,Summer,2
6/22/2033,25.40742302,29.68416023,21.58687782,12.01037312,-0.011325134,101.5014572,3.838037252,4.787631035,157.6014252,156.9859619,26.16869354,61.2264328,Summer,2
6/23/2033,25.53395081,29.81897545,21.70510101,12.06396389,-0.018669507,101.5005722,3.84001112,4.78804636,157.7719574,157.1169586,26.30404282,61.03108215,Summer,2
6/24/2033,25.65813637,29.95140266,21.82118797,12.1162529,-0.02543384,101.4995956,3.842527151,4.789082527,157.9615173,157.2688141,26.43729782,60.83732986,Summer,2
6/25/2033,25.7799015,30.0813179,21.9350853,12.16726208,-0.031626653,101.4985275,3.845538616,4.790684223,158.1663666,157.4380341,26.568367,60.64560699,Summer,2
6/26/2033,25.89917374,30.20860863,22.04674721,12.2170248,-0.037260488,101.4973679,3.848994255,4.792792797,158.3827057,157.6209717,26.69717407,60.45633316,Summer,2
6/27/2033,26.01589203,30.33317566,22.15613747,12.26558304,-0.042352188,101.4961166,3.852840185,4.795344353,158.6065216,157.8138123,26.82364273,60.26992035,Summer,2
6/28/2033,26.13000298,30.45493698,22.26322937,12.31298637,-0.046921823,101.4947662,3.857018948,4.79827261,158.8337708,158.0127106,26.94771194,60.08678818,Summer,2
6/29/2033,26.24147224,30.57381439,22.36800957,12.35928917,-0.0509931,101.4933243,3.861471891,4.801508904,159.0604553,158.2136993,27.06932449,59.90733337,Summer,2
6/30/2033,26.35026741,30.68974113,22.4704628,12.40455532,-0.05459252,101.4917831,3.866139174,4.804984093,159.2824554,158.4127655,27.1884346,59.73195648,Summer,2
7/1/2033,26.45636559,30.80267334,22.57059288,12.44885159,-0.057748873,101.4901428,3.870958805,4.808625698,159.4958191,158.6060028,27.30500031,59.56103516,Summer,2
7/2/2033,26.55975723,30.91256714,22.66840363,12.49225235,-0.060493361,101.4884033,3.87586832,4.81236124,159.6965942,158.7894745,27.41899109,59.39494324,Summer,2
7/3/2033,26.66044044,31.01939392,22.76391029,12.53483582,-0.062858,101.4865646,3.880806446,4.816118717,159.881012,158.9593353,27.53038406,59.23405075,Summer,2
7/4/2033,26.75842094,31.12313843,22.85713387,12.57667923,-0.064876601,101.4846268,3.88571167,4.81982708,160.0454712,159.1119843,27.63916016,59.07869339,Summer,2
7/5/2033,26.85371017,31.22379112,22.94809914,12.61786747,-0.066582918,101.4825897,3.890522718,4.823415279,160.1865692,159.2438812,27.74530792,58.92919159,Summer,2
7/6/2033,26.94632339,31.32135391,23.03683853,12.65848351,-0.068011031,101.4804688,3.895181179,4.826815605,160.3011932,159.3517761,27.84881973,58.78586197,Summer,2
7/7/2033,27.03629494,31.41583443,23.12338448,12.69861221,-0.069194183,101.4782486,3.899631023,4.829962254,160.3864441,159.4326324,27.94969559,58.64899445,Summer,2
7/8/2033,27.12364388,31.50724983,23.20778084,12.73833466,-0.070164748,101.4759445,3.903817654,4.832792282,160.4397583,159.4837646,28.0479393,58.51885605,Summer,2
7/9/2033,27.20840836,31.59562492,23.29006195,12.7777338,-0.070953541,101.4735565,3.907690763,4.83524847,160.4589996,159.5027466,28.14355469,58.39569855,Summer,2
7/10/2033,27.29062462,31.6809864,23.3702755,12.8168869,-0.071589269,101.4710999,3.911203623,4.837274551,160.4423065,159.4874878,28.23655319,58.27974701,Summer,2
7/11/2033,27.37033081,31.76336861,23.44846725,12.85587025,-0.072097927,101.4685669,3.914313793,4.838821411,160.3883362,159.4364014,28.32694244,58.17121124,Summer,2
7/12/2033,27.44756508,31.84280586,23.52467537,12.89475155,-0.072502732,101.4659805,3.916981936,4.839845657,160.2960358,159.348175,28.4147377,58.07026672,Summer,2
7/13/2033,27.52235985,31.91933441,23.59894562,12.9335947,-0.072823495,101.4633408,3.919175625,4.840308666,160.1648865,159.2219849,28.49995041,57.97707748,Summer,2
7/14/2033,27.59476089,31.9929924,23.67131615,12.97245979,-0.073076025,101.4606552,3.920866489,4.840176105,159.9947815,159.0574188,28.5825882,57.89178467,Summer,2
7/15/2033,27.66479683,32.06381989,23.7418232,13.01139355,-0.07327228,101.4579391,3.922031403,4.839424133,159.7861023,158.8545532,28.66267014,57.8144989,Summer,2
7/16/2033,27.73250008,32.13184738,23.81050301,13.05043983,-0.073419623,101.4552002,3.922653437,4.838032246,159.5397034,158.6138916,28.74019241,57.74530792,Summer,2
7/17/2033,27.79789925,32.19710922,23.87738228,13.08963108,-0.073520668,101.452446,3.922722101,4.835988045,159.2568359,158.3363953,28.81517029,57.68428802,Summer,2
7/18/2033,27.86101151,32.25963593,23.9424839,13.12899017,-0.073573403,101.4496994,3.922231436,4.833286762,158.93927,158.0235291,28.88760376,57.63148117,Summer,2
7/19/2033,27.92186356,32.31945419,24.00582695,13.16852951,-0.073570684,101.4469681,3.921182871,4.829929829,158.5892334,157.6771698,28.9574852,57.58691406,Summer,2
7/20/2033,27.98045158,32.37657547,24.06742096,13.20825481,-0.073500358,101.4442673,3.919583797,4.825924873,158.2093506,157.2996368,29.02481079,57.5505867,Summer,2
7/21/2033,28.03678703,32.43101883,24.12726974,13.24815559,-0.073345162,101.4416046,3.917446136,4.821290016,157.8027039,156.893692,29.08957291,57.52249527,Summer,2
7/22/2033,28.09086037,32.48278427,24.18536949,13.28821564,-0.073082812,101.4389954,3.914788961,4.816046715,157.3727112,156.4625092,29.15174866,57.50259781,Summer,2
7/23/2033,28.14266014,32.53186798,24.24170685,13.32840443,-0.07268589,101.4364471,3.911637306,4.810224533,156.9232025,156.0096436,29.21131516,57.4908371,Summer,2
7/24/2033,28.19216537,32.5782547,24.29626083,13.36868,-0.072122492,101.4339905,3.908020735,4.803860188,156.4583435,155.5389404,29.26824188,57.4871521,Summer,2
7/25/2033,28.23934555,32.62193298,24.34900284,13.40899372,-0.071355946,101.4316254,3.903974771,4.796996593,155.9825439,155.0547028,29.32249451,57.49145126,Summer,2
7/26/2033,28.28415489,32.66286469,24.39990044,13.44927979,-0.070345268,101.4293747,3.899539471,4.789680481,155.5006104,154.5613861,29.37403107,57.50363159,Summer,2
7/27/2033,28.32655716,32.70101166,24.44889832,13.48946857,-0.069045611,101.4272385,3.894759655,4.781966686,155.0173645,154.063736,29.42280197,57.52358246,Summer,2
7/28/2033,28.36648941,32.73633194,24.49594879,13.52947617,-0.067408547,101.4252396,3.889683962,4.77391386,154.5379791,153.5667419,29.46875,57.55117798,Summer,2
7/29/2033,28.40388489,32.76875305,24.54098892,13.56921291,-0.065382376,101.423378,3.884365082,4.765584469,154.067688,153.075531,29.51181793,57.58627319,Summer,2
7/30/2033,28.43867302,32.79822159,24.58394814,13.60857582,-0.062912941,101.4216843,3.878858566,4.757045746,153.6118011,152.5952911,29.55193329,57.62872314,Summer,2
7/31/2033,28.4707756,32.82465744,24.62475204,13.64745808,-0.059943728,101.4201508,3.873222113,4.748366833,153.175705,152.1313477,29.58902359,57.67836761,Summer,2
8/1/2033,28.50010681,32.8479805,24.6633091,13.68574333,-0.056416798,101.4187927,3.867516041,4.739622116,152.7646942,151.6890411,29.62301636,57.73504257,Summer,2
8/2/2033,28.52656937,32.8680954,24.69953346,13.72331142,-0.052273192,101.4176254,3.86180234,4.730885506,152.3840637,151.2736053,29.65382767,57.79857635,Summer,2
8/3/2033,28.5500679,32.88491058,24.73332977,13.7600317,-0.047453273,101.4166489,3.85614419,4.722231388,152.0389557,150.890274,29.6813736,57.86878967,Summer,2
8/4/2033,28.57050133,32.89832306,24.76459694,13.79577637,-0.041898236,101.4158707,3.850603342,4.713738441,151.734375,150.5440826,29.70556641,57.94550323,Summer,2
8/5/2033,28.58776093,32.90822601,24.79323769,13.83040905,-0.035549715,101.4152985,3.845243692,4.705481052,151.4750977,150.2399445,29.72631073,58.02853394,Summer,2
8/6/2033,28.60174561,32.91451263,24.81913567,13.86379337,-0.028350994,101.4149323,3.840126276,4.697535515,151.2656403,149.9824677,29.74351883,58.11769104,Summer,2
8/7/2033,28.61233902,32.91707611,24.8421917,13.89579296,-0.020247724,101.4147797,3.835311413,4.689974785,151.1101532,149.7760773,29.75709915,58.21279526,Summer,2
8/8/2033,28.61943817,32.91579437,24.86229134,13.92626762,-0.01118824,101.4148407,3.8308568,4.682869911,151.0125275,149.6248016,29.76696014,58.31364822,Summer,2
8/9/2033,28.62293625,32.91056824,24.87932968,13.9550848,-0.001124306,101.415123,3.826818228,4.676290512,150.9762268,149.5323334,29.77301025,58.42006683,Summer,2
8/10/2033,28.62272453,32.90128326,24.89319992,13.98210812,0.009987736,101.4156189,3.823248148,4.670300484,151.0043182,149.5019531,29.77516556,58.53186035,Summer,2
8/11/2033,28.61870384,32.88783264,24.90379715,14.00721073,0.022187404,101.4163284,3.820194244,4.664959431,151.0993195,149.5365601,29.77334213,58.64884949,Summer,2
8/12/2033,28.61078072,32.87011719,24.911026,14.03026676,0.03550854,101.417244,3.81770134,4.660324097,151.2633514,149.6385193,29.76745605,58.77084351,Summer,2
8/13/2033,28.59886742,32.84805298,24.91478348,14.051157,0.04997934,101.4183731,3.815808773,4.65644455,151.4980011,149.8097382,29.75744247,58.89766693,Summer,2
8/14/2033,28.58288002,32.82154465,24.91498756,14.06976986,0.065621659,101.4197083,3.814550877,4.653364182,151.8043365,150.051651,29.74323273,59.02913666,Summer,2
8/15/2033,28.56274796,32.79051971,24.91155434,14.0860014,0.08245071,101.4212418,3.813956738,4.651122093,152.1828918,150.3650818,29.72476578,59.16507721,Summer,2
8/16/2033,28.53840828,32.75490952,24.90441132,14.09975719,0.100474432,101.422966,3.814049959,4.649749279,152.6335754,150.7503815,29.70199585,59.30531311,Summer,2
8/17/2033,28.5098114,32.71467209,24.89349365,14.11095238,0.119693458,101.424881,3.814847231,4.649269104,153.1558533,151.2073212,29.67487717,59.44967651,Summer,2
8/18/2033,28.47691727,32.66975403,24.87874794,14.11951256,0.140100628,101.4269638,3.816360235,4.649700642,153.7485504,151.7351532,29.64338684,59.59799957,Summer,2
8/19/2033,28.43970108,32.62014008,24.86013031,14.12537384,0.161680937,101.4292297,3.818593502,4.651052475,154.4099579,152.3325043,29.60749817,59.75010681,Summer,2
8/20/2033,28.39814949,32.56581116,24.83760643,14.12848568,0.184411332,101.4316483,3.821545362,4.653326511,155.1378937,152.9975586,29.56721115,59.90585327,Summer,2
8/21/2033,28.35226822,32.50678635,24.81116104,14.12880611,0.208260536,101.434227,3.825208426,4.656517982,155.9295959,153.7279358,29.52252579,60.06504822,Summer,2
8/22/2033,28.30207253,32.44307327,24.78078461,14.12630939,0.23318924,101.4369431,3.829568148,4.660614491,156.7817993,154.5207977,29.47346115,60.22755432,Summer,2
8/23/2033,28.24759674,32.37472153,24.74648094,14.12098122,0.259150118,101.4397964,3.83460474,4.665594101,157.6907959,155.3726807,29.42004776,60.39319992,Summer,2
8/24/2033,28.18888474,32.30178833,24.70827675,14.11282063,0.286087841,101.4427719,3.840291023,4.671431065,158.6524658,156.2798615,29.36233139,60.56182861,Summer,2
8/25/2033,28.12600708,32.22434616,24.66620255,14.10183811,0.313939631,101.4458694,3.84659481,4.678090096,159.6622162,157.2380676,29.30036926,60.73327255,Summer,2
8/26/2033,28.05904388,32.14249039,24.62029839,14.08805847,0.342635095,101.4490662,3.853478432,4.685530186,160.7151489,158.242691,29.23423004,60.90737152,Summer,2
8/27/2033,27.98808861,32.05634308,24.57063293,14.07151699,0.372096837,101.4523621,3.860899448,4.693703651,161.8059845,159.2887726,29.16400528,61.08397675,Summer,2
8/28/2033,27.91325378,31.96602058,24.51728058,14.05226326,0.402240753,101.4557495,3.8688097,4.702558517,162.9292755,160.3710632,29.08978653,61.26290131,Summer,2
8/29/2033,27.83466911,31.87168121,24.46032143,14.03035641,0.432976812,101.4592133,3.877157927,4.712034225,164.0792389,161.4840851,29.01168442,61.44398499,Summer,2
8/30/2033,27.75247192,31.77348709,24.3998642,14.00586891,0.46420902,101.4627457,3.885887861,4.722068787,165.2500153,162.6221008,28.92982864,61.62706375,Summer,2
8/31/2033,27.66682243,31.67161942,24.33601189,13.97887993,0.495836824,101.4663467,3.894940376,4.73259449,166.4355469,163.7793121,28.84435272,61.81195831,Summer,2
9/1/2033,27.57788277,31.56627464,24.2688942,13.94948101,0.527754724,101.4700089,3.904254675,4.743540287,167.6297302,164.9497681,28.7553978,61.99848175,Autumn,3
9/2/2033,27.48583603,31.4576664,24.19864464,13.91777229,0.559853792,101.4737167,3.913766146,4.754832268,168.8264923,166.1274872,28.6631279,62.18645477,Autumn,3
9/3/2033,27.39086914,31.34601402,24.12540245,13.88385868,0.592022002,101.4774704,3.923409939,4.766394615,170.0198059,167.3065033,28.56770706,62.37569427,Autumn,3
9/4/2033,27.29318428,31.23155403,24.04932594,13.84785652,0.624145269,101.4812622,3.933119535,4.778149128,171.2037048,168.4810028,28.46930695,62.56599808,Autumn,3
9/5/2033,27.19298935,31.11453056,23.9705677,13.80988312,0.656107605,101.4850922,3.942829132,4.790018082,172.372406,169.6451569,28.36811829,62.757164,Autumn,3
9/6/2033,27.09049416,30.99520111,23.8893013,13.7700634,0.687792599,101.4889526,3.95247221,4.801925182,173.5203552,170.793457,28.26432419,62.9489975,Autumn,3
9/7/2033,26.98592377,30.87381363,23.80569458,13.72852135,0.719083846,101.492836,3.961984634,4.813792229,174.6422424,171.9205475,28.1581192,63.14126968,Autumn,3
9/8/2033,26.8794899,30.75064468,23.71992302,13.68538952,0.74986589,101.4967499,3.971303463,4.82554388,175.7330933,173.0214081,28.04970169,63.33377838,Autumn,3
9/9/2033,26.77143097,30.62595367,23.63216209,13.6407938,0.780024827,101.5006866,3.980368137,4.837107658,176.7882843,174.0912781,27.93927765,63.52628326,Autumn,3
9/10/2033,26.66195869,30.50000954,23.54259109,13.5948658,0.809449315,101.5046387,3.989120722,4.848413467,177.8035736,175.125885,27.82704163,63.71856689,Autumn,3
9/11/2033,26.55130005,30.37307739,23.45139122,13.5477314,0.838031411,101.5086212,3.997507334,4.859395504,178.7752228,176.1212921,27.71319962,63.91039276,Autumn,3
9/12/2033,26.43967438,30.24542046,23.35873413,13.49951363,0.865666807,101.5126114,4.005478382,4.869992733,179.6999359,177.0740662,27.59794617,64.10150909,Autumn,3
9/13/2033,26.32728958,30.11729431,23.26479721,13.45033741,0.89225626,101.5166245,4.012989044,4.880148888,180.5749359,177.9811554,27.48148727,64.29168701,Autumn,3
9/14/2033,26.21436119,29.98894882,23.16974449,13.40031338,0.917705715,101.5206528,4.019999027,4.889812946,181.3979492,178.8402252,27.36400986,64.48066711,Autumn,3
9/15/2033,26.10107994,29.86062622,23.07374001,13.34955215,0.941927493,101.5246964,4.026474953,4.898941994,182.1673431,179.6493073,27.24569702,64.66819,Autumn,3
9/16/2033,25.98763466,29.73255348,22.97693634,13.29815578,0.964840174,101.5287628,4.032387257,4.907496929,182.882019,180.407074,27.12673569,64.85401917,Autumn,3
9/17/2033,25.87420273,29.60494423,22.87948227,13.24621868,0.986369669,101.5328369,4.037714481,4.915447712,183.5414276,181.1126862,27.00728989,65.03788757,Autumn,3
9/18/2033,25.76094627,29.47800255,22.78151321,13.19382286,1.006449699,101.5369339,4.042441845,4.922772408,184.1456909,181.7660522,26.88753128,65.21954346,Autumn,3
9/19/2033,25.64801598,29.35190964,22.68315315,13.14104652,1.025021911,101.5410385,4.046559811,4.92945528,184.6954498,182.3674927,26.76760101,65.39872742,Autumn,3
9/20/2033,25.53554153,29.22682953,22.58451653,13.08795071,1.042036414,101.545166,4.050066948,4.935488701,185.1919708,182.9179688,26.64764023,65.57518768,Autumn,3
9/21/2033,25.4236393,29.102911,22.48570061,13.03459167,1.057452083,101.5493011,4.052969456,4.9408741,185.6371002,183.4190521,26.52778244,65.74866486,Autumn,3
9/22/2033,25.31240845,28.98027992,22.38679314,12.98101234,1.071236968,101.5534515,4.055279255,4.94562149,186.0332794,183.8728333,26.40813065,65.91890717,Autumn,3
9/23/2033,25.20192909,28.85903549,22.28786469,12.92724133,1.083368182,101.5576019,4.057015419,4.949746132,186.3833466,184.2818909,26.28879166,66.0856781,Autumn,3
9/24/2033,25.09226227,28.73926353,22.18897629,12.8732996,1.093831658,101.5617676,4.058205128,4.953274727,186.6907959,184.6493835,26.16984558,66.24874115,Autumn,3
9/25/2033,24.98344803,28.62102318,22.09016037,12.81919193,1.102622867,101.5659256,4.058880329,4.956240177,186.9595337,184.9789276,26.0513649,66.40786743,Autumn,3
9/26/2033,24.87550735,28.50434113,21.99145126,12.76491642,1.109746456,101.5700836,4.059081078,4.95868206,187.193924,185.2745667,25.93339539,66.56282043,Autumn,3
9/27/2033,24.76844406,28.38923454,21.89285278,12.71045589,1.115216017,101.5742416,4.058853149,4.960650444,187.3987274,185.5407562,25.81598663,66.71340179,Autumn,3
9/28/2033,24.66223717,28.27568817,21.79436111,12.65578365,1.11905396,101.5783768,4.058247566,4.962198734,187.5790253,185.7823181,25.69915009,66.85942078,Autumn,3
9/29/2033,24.55684853,28.16366768,21.69595337,12.60086155,1.121291041,101.5824966,4.057321072,4.963387489,187.7402649,186.0044403,25.58289337,67.00066376,Autumn,3
9/30/2033,24.45222664,28.0531044,21.59759331,12.54563999,1.121966481,101.586586,4.056135654,4.964285374,187.888092,186.2124329,25.46720886,67.13697815,Autumn,3
10/1/2033,24.34828758,27.94392586,21.49922943,12.49006367,1.12112689,101.5906448,4.054757118,4.96496439,188.0284119,186.4119873,25.35207176,67.26818848,Autumn,3
10/2/2033,24.24494362,27.83601761,21.40079308,12.43406487,1.118826747,101.5946579,4.053254604,4.965500832,188.1672211,186.6088715,25.23744202,67.39417267,Autumn,3
10/3/2033,24.14208031,27.7292614,21.30220795,12.37757015,1.115126967,101.5986099,4.051701069,4.965976715,188.3106232,186.8089447,25.12326813,67.51478577,Autumn,3
10/4/2033,24.03957367,27.62350845,21.20337868,12.32049751,1.110094786,101.6025009,4.050173759,4.966475964,188.4647522,187.0181122,25.00947762,67.62992859,Autumn,3
10/5/2033,23.93728638,27.51859665,21.10420036,12.26276016,1.103803396,101.6063232,4.04874754,4.967085838,188.6357422,187.2423706,24.89599609,67.73951721,Autumn,3
10/6/2033,23.83506203,27.41434288,21.00456619,12.20426655,1.096330762,101.610054,4.047502041,4.967894554,188.8296051,187.4874878,24.7827301,67.84346771,Autumn,3
10/7/2033,23.73273659,27.31055641,20.90434456,12.1449213,1.087759018,101.6136856,4.046515942,4.968991756,189.0522614,187.759201,24.66958237,67.94174194,Autumn,3
10/8/2033,23.63013458,27.20702744,20.80340576,12.0846262,1.078174591,101.6172104,4.045868397,4.970467091,189.3093414,188.0631256,24.55644035,68.03430176,Autumn,3
10/9/2033,23.52707291,27.10354042,20.70161629,12.023283,1.067666292,101.6206055,4.045636654,4.972409248,189.6063232,188.4044647,24.44318771,68.12113953,Autumn,3
10/10/2033,23.42336845,26.99986649,20.59882927,11.96079159,1.056325793,101.6238785,4.045897961,4.974905491,189.9483337,188.7882996,24.32969666,68.20227051,Autumn,3
10/11/2033,23.31882095,26.89577293,20.49489975,11.89705563,1.044245958,101.6269989,4.046724796,4.978041172,190.3401337,189.2192993,24.21583939,68.27774048,Autumn,3
10/12/2033,23.21323967,26.79102135,20.38968277,11.83198166,1.031520367,101.6299667,4.04818821,4.981897354,190.7861633,189.7017975,24.1014843,68.34757996,Autumn,3
10/13/2033,23.10642815,26.68537331,20.28302765,11.76547623,1.018243074,101.6327591,4.050355911,4.986552715,191.290329,190.2396545,23.98649597,68.41188812,Autumn,3
10/14/2033,22.99819183,26.57858849,20.17478943,11.69745636,1.004507542,101.635376,4.05328989,4.992080688,191.8560791,190.8362579,23.87073898,68.4707489,Autumn,3
10/15/2033,22.8883419,26.47043419,20.06482506,11.62784195,0.990405917,101.6378098,4.057048798,4.998547554,192.4864044,191.4945526,23.75407791,68.52428436,Autumn,3
10/16/2033,22.77669525,26.36067581,19.95299721,11.55656242,0.976028264,101.6400452,4.061684608,5.006016254,193.1837311,192.21698,23.63637924,68.57263184,Autumn,3
10/17/2033,22.66307259,26.24909401,19.83917236,11.48355293,0.961462557,101.642067,4.067244053,5.014541626,193.9499054,193.0052948,23.5175209,68.61595154,Autumn,3
10/18/2033,22.54730797,26.13547516,19.72322845,11.40876198,0.946793556,101.6438904,4.073767185,5.024171829,194.7861786,193.8608856,23.3973732,68.65440369,Autumn,3
10/19/2033,22.4292469,26.01961708,19.60505104,11.3321476,0.932102144,101.6454849,4.081287384,5.034946918,195.6932678,194.7843781,23.27582169,68.6882019,Autumn,3
10/20/2033,22.30875015,25.90133667,19.48453903,11.25367928,0.917465627,101.6468658,4.089830875,5.046899319,196.6712494,195.7759094,23.15276337,68.71754456,Autumn,3
10/21/2033,22.1856842,25.78046036,19.36159706,11.17333317,0.902956128,101.6480255,4.099415779,5.060051918,197.7196045,196.8349609,23.02809525,68.74265289,Autumn,3
10/22/2033,22.05994225,25.65684319,19.23615456,11.09110832,0.888641715,101.6489639,4.110054016,5.074420452,198.8372345,197.9605103,22.9017334,68.76376343,Autumn,3
10/23/2033,21.93142891,25.53034592,19.10814285,11.00700855,0.874584317,101.6496811,4.121747971,5.09001112,200.0223999,199.1508331,22.77359772,68.78112793,Autumn,3
10/24/2033,21.80007362,25.40086174,18.97751999,10.92105675,0.860840678,101.650177,4.134493828,5.106819153,201.2728271,200.4037476,22.6436348,68.79502106,Autumn,3
10/25/2033,21.66581917,25.26830101,18.84425354,10.83328438,0.847462296,101.6504669,4.148278713,5.124834538,202.5856934,201.7164612,22.51178551,68.80569458,Autumn,3
10/26/2033,21.52863312,25.1326046,18.70833397,10.74374485,0.834493756,101.6505585,4.1630826,5.144034863,203.9576111,203.0856781,22.37802124,68.81344604,Autumn,3
10/27/2033,21.38850594,24.99373055,18.56976509,10.65249634,0.821974397,101.6504517,4.178877354,5.164389133,205.3847656,204.5075684,22.24232292,68.81854248,Autumn,3
10/28/2033,21.24544334,24.8516674,18.42856979,10.55961704,0.809937239,101.6501694,4.195627213,5.18585968,206.8627319,205.9779205,22.10468674,68.82129669,Autumn,3
10/29/2033,21.0994854,24.70642853,18.28479195,10.46519852,0.798409343,101.6497192,4.213288784,5.208397865,208.3868256,207.4920044,21.96512222,68.82198334,Autumn,3
10/30/2033,20.95068169,24.55805016,18.13849449,10.36934376,0.787411869,101.6491165,4.231813908,5.231947422,209.9518585,209.0447845,21.8236618,68.82090759,Autumn,3
10/31/2033,20.79911423,24.40660286,17.98975754,10.27216721,0.776959896,101.6483917,4.251143932,5.256444931,211.5523529,210.6307983,21.68035126,68.81835938,Autumn,3
11/1/2033,20.64488602,24.25217438,17.83868027,10.17379951,0.767062962,101.6475525,4.271217823,5.281819344,213.1825256,212.2444,21.5352478,68.81464386,Autumn,3
11/2/2033,20.48811531,24.09488869,17.68538094,10.07437992,0.757725418,101.6466293,4.291966438,5.307992458,214.8363495,213.8796387,21.38843346,68.81004333,Autumn,3
11/3/2033,20.32894897,23.93488312,17.52999115,9.974060059,0.74894613,101.6456451,4.313316345,5.334879875,216.5075836,215.5303497,21.23999786,68.80483246,Autumn,3
11/4/2033,20.16755486,23.77232742,17.37266922,9.872997284,0.740719199,101.6446304,4.335189342,5.362392426,218.1898651,217.1902618,21.09005356,68.79930878,Autumn,3
11/5/2033,20.00411224,23.60741234,17.21358109,9.771362305,0.733034551,101.6436005,4.357503891,5.390433788,219.8767853,218.8530579,20.9387188,68.79373169,Autumn,3
11/6/2033,19.83882904,23.44035149,17.05291176,9.669332504,0.725877583,101.642601,4.380173206,5.418906212,221.5619202,220.5123749,20.78613281,68.78837585,Autumn,3
11/7/2033,19.67192078,23.27137947,16.89086151,9.567087173,0.719230354,101.641655,4.403110027,5.447706223,223.2387543,222.1617889,20.63244438,68.78347778,Autumn,3
11/8/2033,19.50362778,23.10074615,16.72763824,9.46481514,0.713071346,101.6407928,4.426223755,5.476729393,224.9009552,223.7951508,20.47781754,68.77928162,Autumn,3
11/9/2033,19.334198,22.92872429,16.56347084,9.362709045,0.707376659,101.6400452,4.449421883,5.505868435,226.5423126,225.4062805,20.32242203,68.77601624,Autumn,3
11/10/2033,19.16389275,22.75559425,16.39858818,9.260960579,0.702119589,101.6394501,4.472612858,5.535015583,228.1567993,226.9892578,20.16643906,68.77388763,Autumn,3
11/11/2033,18.99298668,22.5816555,16.23323631,9.159765244,0.697272062,101.6390305,4.495704651,5.564061165,229.7386169,228.5383759,20.01006317,68.77310181,Autumn,3
11/12/2033,18.82176208,22.40721321,16.06766129,9.059316635,0.692804277,101.6388397,4.518604755,5.592898846,231.2822418,230.0482483,19.85349274,68.77381897,Autumn,3
11/13/2033,18.65050316,22.23259163,15.90212345,8.95980835,0.688685656,101.6388855,4.541224957,5.621421814,232.782486,231.5137634,19.69692612,68.77622986,Autumn,3
11/14/2033,18.47950554,22.05810738,15.73688221,8.861427307,0.684885025,101.6392212,4.563475609,5.649526596,234.2345276,232.9302368,19.54057312,68.7804718,Autumn,3
11/15/2033,18.30906487,21.88408852,15.5721941,8.764361382,0.68137151,101.6398621,4.585271835,5.677111626,235.6339264,234.293396,19.38464737,68.78666687,Autumn,3
11/16/2033,18.13947678,21.71086121,15.40832615,8.668787956,0.678114235,101.6408463,4.606532574,5.704078197,236.9767456,235.5993195,19.22935867,68.79493713,Autumn,3
11/17/2033,17.971035,21.53875732,15.24553585,8.5748806,0.675083637,101.6421967,4.627180099,5.730335712,238.2594147,236.8446198,19.07491684,68.80536652,Autumn,3
11/18/2033,17.80402756,21.36809731,15.08408356,8.482801437,0.672250926,101.6439438,4.647141457,5.755793571,239.4789124,238.0264587,18.92153168,68.81803894,Autumn,3
11/19/2033,17.63874626,21.19919968,14.92421913,8.392707825,0.669589162,101.6461182,4.666347504,5.780371666,240.6327057,239.1423492,18.7694149,68.83302307,Autumn,3
11/20/2033,17.47546196,21.03237152,14.76618958,8.304742813,0.667073071,101.6487274,4.684737206,5.803994179,241.7187653,240.1904907,18.61876488,68.85032654,Autumn,3
11/21/2033,17.3144455,20.86791229,14.61023331,8.219039917,0.664679706,101.6517944,4.702253342,5.826590538,242.7356567,241.1694489,18.46977997,68.87000275,Autumn,3
11/22/2033,17.15595245,20.70611382,14.45657921,8.135719299,0.662388444,101.6553421,4.718845844,5.848100185,243.6823425,242.078537,18.32264709,68.8920517,Autumn,3
11/23/2033,17.00022507,20.54724121,14.30544376,8.054889679,0.660181105,101.6593857,4.734470844,5.868467808,244.5584259,242.9173889,18.17754745,68.9164505,Autumn,3
11/24/2033,16.84749794,20.39155388,14.15703201,7.976647854,0.65804255,101.6639252,4.749091625,5.887647629,245.3640137,243.6862793,18.03465652,68.94317627,Autumn,3
11/25/2033,16.69797516,20.23928452,14.01153564,7.901071072,0.655960202,101.6689758,4.762678623,5.905601978,246.0996857,244.3860016,17.8941288,68.97219849,Autumn,3
11/26/2033,16.5518589,20.09065819,13.86912918,7.828228474,0.653924584,101.67453,4.775209427,5.922300339,246.766571,245.0177765,17.75611687,69.00346375,Autumn,3
11/27/2033,16.40932083,19.94586563,13.72997379,7.758169174,0.65192914,101.6805954,4.786668777,5.937721729,247.3662415,245.5833435,17.62075424,69.03688049,Autumn,3
11/28/2033,16.27052307,19.80508041,13.59421349,7.690931797,0.649970055,101.6871643,4.797048092,5.951853752,247.9006958,246.0849609,17.4881649,69.07237244,Autumn,3
11/29/2033,16.13560104,19.66846085,13.46197319,7.626536369,0.648046672,101.6942291,4.80634737,5.964692593,248.372406,246.5251923,17.35845757,69.10985565,Autumn,3
11/30/2033,16.00466728,19.53612709,13.33336353,7.564991951,0.646161079,101.7017822,4.814572334,5.976240635,248.7841949,246.9070129,17.2317276,69.14923096,Autumn,3
12/1/2033,15.87782288,19.40818405,13.2084713,7.506289482,0.644317627,101.7097931,4.821736336,5.986512184,249.1393127,247.2338715,17.10805321,69.19036102,Winter,0
12/2/2033,15.75513458,19.28471184,13.08736801,7.450407028,0.642523587,101.7182617,4.827858925,5.995526791,249.4412079,247.5093994,16.98750114,69.23313904,Winter,0
12/3/2033,15.63665581,19.16576004,12.97010517,7.397310257,0.640788019,101.7271423,4.832966328,6.003312111,249.6936951,247.7375031,16.87011719,69.2774353,Winter,0
12/4/2033,15.52241707,19.05136108,12.85671616,7.3469491,0.639122546,101.7364197,4.837090969,6.009904385,249.9008026,247.9224091,16.75593567,69.32311249,Winter,0
12/5/2033,15.41242409,18.94151688,12.74721527,7.299262047,0.637539923,101.746048,4.840270996,6.015345573,250.0667725,248.0684357,16.64497948,69.37002563,Winter,0
12/6/2033,15.30666542,18.83620644,12.64159775,7.254177094,0.636054873,101.756012,4.842549324,6.019683361,250.1959534,248.18013,16.53725243,69.41804504,Winter,0
12/7/2033,15.20510483,18.73538971,12.5398407,7.21160984,0.634682775,101.7662582,4.843973637,6.022973537,250.2927551,248.2620392,16.43274117,69.46700287,Winter,0
12/8/2033,15.10769272,18.63899803,12.44190311,7.17146492,0.633440256,101.7767563,4.844596863,6.025276661,250.3617554,248.3187866,16.33142471,69.51675415,Winter,0
12/9/2033,15.01435661,18.54694557,12.34773445,7.133640289,0.632344306,101.7874451,4.844475269,6.026655674,250.4074402,248.3550415,16.23326492,69.56715393,Winter,0
12/10/2033,14.92500305,18.45912743,12.25725746,7.098024368,0.63141197,101.7982941,4.843667984,6.027181149,250.4343262,248.3753357,16.13821411,69.61805725,Winter,0
12/11/2033,14.83953476,18.37541962,12.17038822,7.064499378,0.630660176,101.8092422,4.842236042,6.026924133,250.4468079,248.3841248,16.04620934,69.66931152,Winter,0
12/12/2033,14.75782204,18.29567909,12.08702564,7.032940865,0.630105257,101.8202438,4.840245724,6.025960445,250.449173,248.3858032,15.95718193,69.72076416,Winter,0
12/13/2033,14.67973709,18.21974754,12.00705814,7.003223419,0.629762828,101.8312378,4.837760448,6.024367809,250.4455109,248.3845215,15.87104797,69.7722702,Winter,0
12/14/2033,14.60512924,18.14745712,11.93036079,6.975211143,0.629647255,101.842186,4.834849358,6.022224903,250.4397888,248.3841553,15.78771877,69.82369995,Winter,0
12/15/2033,14.53384399,18.07862854,11.85679817,6.948774338,0.629771411,101.8530197,4.831577778,6.019611359,250.4356384,248.3884735,15.70709515,69.87490845,Winter,0
12/16/2033,14.46571541,18.01306915,11.7862339,6.92377615,0.630146444,101.8636932,4.828014374,6.016608238,250.4365387,248.4008026,15.629076,69.92576599,Winter,0
12/17/2033,14.40057182,17.9505806,11.71851444,6.900084019,0.630781591,101.8741379,4.824223518,6.013292313,250.4455414,248.4242859,15.55354881,69.97615051,Winter,0
12/18/2033,14.33823586,17.89096069,11.65348721,6.877563953,0.631683528,101.8843155,4.820271015,6.009744167,250.4654694,248.4615784,15.48040581,70.02593994,Winter,0
12/19/2033,14.2785244,17.83400726,11.59099293,6.856085777,0.632856965,101.8941574,4.81622076,6.006038666,250.498764,248.5151062,15.40952492,70.07502747,Winter,0
12/20/2033,14.22125435,17.77950859,11.53087234,6.835523605,0.63430351,101.9036179,4.812132359,6.002250671,250.5475311,248.586853,15.34079552,70.12329102,Winter,0
12/21/2033,14.16624641,17.72726059,11.47296047,6.815753937,0.636022329,101.9126511,4.808064938,5.99845171,250.6135254,248.6783752,15.27409458,70.17063904,Winter,0
12/22/2033,14.11331367,17.67706108,11.41709805,6.796661377,0.638009429,101.921196,4.804073334,5.994707584,250.6980438,248.7909241,15.20930958,70.21697998,Winter,0
12/23/2033,14.06228256,17.6287117,11.36312485,6.778134346,0.640258253,101.9292145,4.800209045,5.991083622,250.8019867,248.9252472,15.1463232,70.26222229,Winter,0
12/24/2033,14.01298141,17.58201981,11.31088543,6.760071754,0.642758965,101.9366608,4.796519756,5.987637997,250.9260254,249.0817413,15.08502865,70.30628967,Winter,0
12/25/2033,13.96524048,17.53680611,11.26022625,6.742376328,0.645498872,101.9434967,4.793048859,5.984425068,251.0702362,249.2603455,15.02531242,70.34910583,Winter,0
12/26/2033,13.91890335,17.49289703,11.2110033,6.724963188,0.648462415,101.9496841,4.789835453,5.98149538,251.2344971,249.4606476,14.96707916,70.39060974,Winter,0
12/27/2033,13.87381649,17.45012856,11.1630764,6.707754135,0.651631117,101.9551849,4.786913395,5.97889185,251.4181976,249.6818848,14.91022682,70.43074036,Winter,0
12/28/2033,13.82984638,17.40835953,11.11631298,6.690681458,0.654983878,101.9599686,4.784312248,5.976652622,251.6204224,249.9228058,14.85467243,70.46944427,Winter,0
12/29/2033,13.78686333,17.36744881,11.07059574,6.673686028,0.658497036,101.9640198,4.782056808,5.9748106,251.8399048,250.1819458,14.80033016,70.50667572,Winter,0
12/30/2033,13.74475288,17.32728767,11.02580929,6.656719685,0.662144601,101.9673157,4.780166149,5.973392963,252.075119,250.4574738,14.74713326,70.54239655,Winter,0
12/31/2033,13.70341301,17.28776741,10.98185444,6.639744759,0.665898383,101.9698334,4.778655529,5.972419262,252.324234,250.7471924,14.69500923,70.5765686,Winter,0
1/1/2034,13.66275597,17.24881172,10.93864155,6.622732162,0.669728279,101.9715729,4.777533054,5.971904278,252.5850677,251.0487671,14.64391136,70.60916138,Winter,0
1/2/2034,13.62270737,17.21034241,10.89609051,6.605664253,0.67360276,101.9725189,4.77680397,5.971856594,252.8553009,251.3595123,14.59379387,70.64016724,Winter,0
1/3/2034,13.5832119,17.17231941,10.85414028,6.588532925,0.677488744,101.9726715,4.776467323,5.972279072,253.1324463,251.67659,14.54462051,70.66954041,Winter,0
1/4/2034,13.54421902,17.1347065,10.81273365,6.571338177,0.681352258,101.9720383,4.776517868,5.97316885,253.4137726,251.9970245,14.49636364,70.69727325,Winter,0
1/5/2034,13.50570869,17.09749031,10.77183151,6.554091454,0.685158908,101.9706192,4.776946545,5.974517345,253.6964874,252.3176727,14.4490118,70.72336578,Winter,0
1/6/2034,13.4676609,17.06068039,10.73140812,6.536810875,0.688873529,101.9684448,4.777738571,5.97631073,253.9775848,252.6353149,14.40255928,70.74778748,Winter,0
1/7/2034,13.43008041,17.02429199,10.6914463,6.519523621,0.692461491,101.9655228,4.778875828,5.97852993,254.2541504,252.9466248,14.3570137,70.77056885,Winter,0
1/8/2034,13.39298058,16.98836327,10.65194607,6.502264977,0.695888221,101.9618759,4.780337334,5.981151581,254.5231323,253.2484131,14.31238556,70.79165649,Winter,0
1/9/2034,13.35638809,16.95295334,10.61291695,6.485075951,0.699120045,101.9575348,4.782096386,5.984146595,254.7815704,253.5373077,14.26870251,70.81109619,Winter,0
1/10/2034,13.32035065,16.91812897,10.57437897,6.468006134,0.702124476,101.9525299,4.784125328,5.987484932,255.0265198,253.8101654,14.22599411,70.82886505,Winter,0
1/11/2034,13.28491974,16.88397026,10.53636742,6.451106071,0.704870462,101.9468994,4.786391735,5.991129875,255.2550659,254.0638275,14.18430138,70.8449707,Winter,0
1/12/2034,13.25016403,16.85058212,10.49892235,6.434435368,0.707328558,101.9406738,4.788864136,5.995042324,255.464447,254.2953796,14.14367676,70.85942078,Winter,0
1/13/2034,13.21615696,16.81806374,10.46210003,6.418056488,0.709471643,101.9339142,4.791504383,5.999182224,255.6520691,254.5019684,14.10416985,70.87220764,Winter,0
1/14/2034,13.18298912,16.78653717,10.42596149,6.402032375,0.711274803,101.926651,4.794276237,6.003504753,255.815506,254.6809387,14.06584549,70.88334656,Winter,0
1/15/2034,13.15075302,16.75613022,10.39057636,6.386431694,0.712716162,101.9189377,4.797141075,6.007964134,255.9524841,254.8299408,14.02876949,70.89285278,Winter,0
1/16/2034,13.11954975,16.72697449,10.35602188,6.371321678,0.71377641,101.9108276,4.800059319,6.012514591,256.0609436,254.9467773,13.99301338,70.90072632,Winter,0
1/17/2034,13.08949184,16.69921684,10.32238579,6.356771469,0.714439213,101.9023743,4.80299139,6.017107487,256.1390686,255.0295563,13.95864868,70.90696716,Winter,0
1/18/2034,13.06068897,16.67299461,10.28975105,6.342848778,0.714692175,101.893631,4.805895805,6.02169466,256.1853638,255.0767059,13.92575836,70.91159058,Winter,0
1/19/2034,13.03325844,16.64845657,10.2582159,6.329622269,0.714525759,101.8846512,4.808734417,6.026228428,256.1985474,255.0868835,13.89441681,70.91461182,Winter,0
1/20/2034,13.0073204,16.6257534,10.22787476,6.317155838,0.713934481,101.8754883,4.811466217,6.030659676,256.1776123,255.059082,13.86470795,70.91603851,Winter,0
1/21/2034,12.98298836,16.60503197,10.19882488,6.305513382,0.712915957,101.8662033,4.814054966,6.034942627,256.1218262,254.9925995,13.83670998,70.91587067,Winter,0
1/22/2034,12.96039009,16.58643341,10.17116737,6.29475069,0.711471975,101.8568497,4.816462517,6.039030552,256.0307922,254.8871307,13.81050491,70.91412354,Winter,0
1/23/2034,12.93963623,16.57009888,10.14500141,6.284928322,0.70960772,101.8474808,4.818653584,6.042880535,255.9043732,254.7426147,13.78616714,70.91081238,Winter,0
1/24/2034,12.92084503,16.5561676,10.12042713,6.276094437,0.707332015,101.8381577,4.820594311,6.046448708,255.7427368,254.5593262,13.76377487,70.90594482,Winter,0
1/25/2034,12.90412521,16.54476547,10.09753609,6.268293381,0.704657197,101.8289185,4.822253704,6.049695492,255.5463104,254.3378143,13.74339867,70.89953613,Winter,0
1/26/2034,12.88958263,16.53601265,10.07642841,6.261569023,0.70159924,101.8198242,4.823601723,6.052584171,255.3157806,254.0790253,13.72510815,70.89159393,Winter,0
1/27/2034,12.87731361,16.53002357,10.05718613,6.255952835,0.698177159,101.8109207,4.824612617,6.05507946,255.052124,253.7841034,13.7089653,70.88213348,Winter,0
1/28/2034,12.86741257,16.52689743,10.03990173,6.251476765,0.694413066,101.8022461,4.825261116,6.057148933,254.7565308,253.4544983,13.69502831,70.87117004,Winter,0
1/29/2034,12.85996342,16.52672386,10.02464867,6.248159885,0.690332055,101.7938461,4.825526237,6.058764935,254.430481,253.0919037,13.68335152,70.85873413,Winter,0
1/30/2034,12.8550396,16.52957916,10.01150227,6.246021748,0.685961425,101.7857513,4.825389862,6.059901714,254.0755768,252.6982422,13.6739769,70.84481812,Winter,0
1/31/2034,12.85270977,16.53552628,10.00052929,6.24506855,0.681331098,101.7780075,4.8248353,6.060537338,253.693573,252.2756042,13.66694641,70.82946777,Winter,0
2/1/2034,12.85302734,16.54462051,9.99178791,6.245306015,0.676473081,101.7706375,4.823850632,6.060652733,253.2865143,251.8263245,13.66229248,70.81268311,Winter,0
2/2/2034,12.85603523,16.5568943,9.985331535,6.246730328,0.671420753,101.7636719,4.822425842,6.060234547,252.8564606,251.3528442,13.66003609,70.79450226,Winter,0
2/3/2034,12.86177444,16.57237244,9.981199265,6.249333858,0.666208684,101.7571182,4.82055378,6.059269428,252.4055939,250.8576355,13.66020012,70.77494812,Winter,0
2/4/2034,12.87026501,16.59106064,9.979431152,6.253099442,0.660872638,101.7509995,4.818230629,6.057750225,251.936264,250.3434448,13.66278839,70.75404358,Winter,0
2/5/2034,12.88151932,16.61295319,9.980050087,6.258008003,0.655448854,101.7453384,4.81545496,6.055673122,251.4506836,249.812851,13.66780758,70.73182678,Winter,0
2/6/2034,12.89554024,16.63803101,9.983076096,6.264033318,0.64997381,101.7401276,4.812228203,6.053036213,250.9512329,249.2686462,13.67524815,70.70832825,Winter,0
2/7/2034,12.91231823,16.66625977,9.9885149,6.271143913,0.644483685,101.7353668,4.808555126,6.049841404,250.4402008,248.7134247,13.68509865,70.68359375,Winter,0
2/8/2034,12.93183327,16.69758797,9.996368408,6.279307365,0.639013946,101.7310715,4.804441452,6.046094418,249.9198914,248.1499786,13.69734001,70.65763092,Winter,0
2/9/2034,12.95405579,16.73195648,10.0066309,6.288482666,0.63359946,101.7272186,4.79989624,6.041802406,249.3925018,247.5807343,13.71194458,70.63050842,Winter,0
2/10/2034,12.97894669,16.76929474,10.01928234,6.298628807,0.628273487,101.723793,4.794930935,6.036977291,248.8601074,247.008255,13.72887707,70.60224915,Winter,0
2/11/2034,13.00645542,16.80950928,10.03430176,6.309700489,0.623067617,101.7207947,4.789557934,6.031632423,248.3247528,246.4347839,13.74810028,70.57291412,Winter,0
2/12/2034,13.03652477,16.85251427,10.05165577,6.321651936,0.618011653,101.7181854,4.783792496,6.025782585,247.788208,245.8625793,13.76956558,70.5425415,Winter,0
2/13/2034,13.06908607,16.89819908,10.07130623,6.334433079,0.613132894,101.7159576,4.777650833,6.01944685,247.252182,245.2935791,13.79322433,70.51118469,Winter,0
2/14/2034,13.10407066,16.94645309,10.09320831,6.347995758,0.608456135,101.7140732,4.771150112,6.012644291,246.7181854,244.7295532,13.81902313,70.47888184,Winter,0
2/15/2034,13.14139557,16.99715233,10.11731052,6.362289429,0.60400337,101.7124939,4.764309406,6.005396366,246.1874542,244.1720734,13.84689808,70.4457016,Winter,0
2/16/2034,13.18097305,17.05017281,10.14355564,6.377264977,0.599793673,101.7111969,4.757148743,5.99772644,245.6610718,243.6224518,13.87679005,70.41168976,Winter,0
2/17/2034,13.22271824,17.1053791,10.17188454,6.392872334,0.5958426,101.710144,4.749689102,5.989658833,245.1398621,243.0816956,13.90863228,70.37689209,Winter,0
2/18/2034,13.26652908,17.1626358,10.20223141,6.409063816,0.592162549,101.7092819,4.741951466,5.981217861,244.6244507,242.5506439,13.94235516,70.34138489,Winter,0
2/19/2034,13.31231308,17.22180557,10.23452759,6.425794601,0.588762343,101.7085876,4.733957767,5.972430229,244.1152191,242.0297852,13.97789192,70.3052063,Winter,0
2/20/2034,13.35996819,17.28274536,10.2687006,6.443021774,0.585647345,101.7080002,4.725729942,5.963321686,243.6122437,241.5193024,14.01517296,70.26841736,Winter,0
2/21/2034,13.40939331,17.34531975,10.30467606,6.460702419,0.582819223,101.707489,4.717289448,5.953919888,243.1153717,241.0192413,14.05412483,70.2310791,Winter,0
2/22/2034,13.46048832,17.40938568,10.34238338,6.47880125,0.580276191,101.7069931,4.708659649,5.944251537,242.6242828,240.5291901,14.09467888,70.1932373,Winter,0
2/23/2034,13.51314926,17.47480774,10.38174152,6.497282028,0.578012824,101.7064819,4.69986105,5.934342861,242.138382,240.048584,14.13676548,70.15496063,Winter,0
2/24/2034,13.56727791,17.54145622,10.42267704,6.516116619,0.576020241,101.7058945,4.690916061,5.924221039,241.6567688,239.5765533,14.18031597,70.11629486,Winter,0
2/25/2034,13.62277603,17.60919571,10.46511841,6.53527689,0.57428652,101.7052002,4.681844711,5.913912773,241.1784515,239.1119843,14.22526836,70.0772934,Winter,0
2/26/2034,13.67954731,17.67790794,10.50898743,6.554741859,0.572796226,101.7043457,4.672668457,5.903443336,240.7021637,238.6535492,14.27155495,70.03800964,Winter,0
2/27/2034,13.73750496,17.74747467,10.55421352,6.574494362,0.571531355,101.7032928,4.663407326,5.892838001,240.2264862,238.1996918,14.31911659,69.99848175,Winter,0
2/28/2034,13.79655457,17.81778526,10.60072899,6.594519615,0.57047087,101.7019958,4.654079914,5.882121086,239.7498779,237.7486267,14.36789894,69.95877838,Winter,0
3/1/2034,13.85661888,17.88873863,10.6484642,6.614809036,0.569591582,101.7004242,4.644705296,5.871317863,239.2705078,237.2984314,14.41784382,69.91892242,Spring,1
3/2/2034,13.9176178,17.9602375,10.69735432,6.635359764,0.568868041,101.6985245,4.635300636,5.860449314,238.7866058,236.8470459,14.4689045,69.87897491,Spring,1
3/3/2034,13.97947884,18.03220177,10.74734116,6.656169415,0.568272889,101.6962814,4.625883102,5.849537849,238.2962036,236.3922119,14.52103519,69.83895874,Spring,1
3/4/2034,14.04213905,18.10455132,10.79836941,6.677244186,0.567777395,101.6936569,4.616469383,5.838604927,237.7973022,235.9317322,14.57419395,69.79891205,Spring,1
3/5/2034,14.10553551,18.17722511,10.8503828,6.698589802,0.567351639,101.6906204,4.607074261,5.827670097,237.2878571,235.4631348,14.62834549,69.75887299,Spring,1
3/6/2034,14.16961479,18.25016212,10.90333843,6.720220566,0.566965044,101.687149,4.597712517,5.816751957,236.7657623,234.9840851,14.68345547,69.71887207,Spring,1
3/7/2034,14.23433113,18.32331657,10.95718861,6.742149353,0.566586494,101.6832275,4.58839798,5.805869579,236.2289886,234.4921722,14.73949814,69.67892456,Spring,1
3/8/2034,14.29964066,18.39665413,11.01189518,6.76439476,0.566184878,101.6788483,4.579144001,5.795039654,235.6754761,233.9849548,14.79644966,69.63905334,Spring,1
3/9/2034,14.36551285,18.47014046,11.06742382,6.786976337,0.565729618,101.6739807,4.569962502,5.784276962,235.1033173,233.4601746,14.85428905,69.59928131,Spring,1
3/10/2034,14.43191528,18.5437603,11.12374592,6.809919357,0.565190732,101.6686325,4.560866356,5.773598194,234.5106201,232.9155273,14.91300201,69.55961609,Spring,1
3/11/2034,14.49882889,18.61750603,11.18083286,6.833246708,0.564539433,101.662796,4.551864624,5.763017178,233.8956299,232.3489075,14.97257805,69.5200882,Spring,1
3/12/2034,14.56623459,18.69137573,11.23866272,6.856985092,0.5637483,101.6564789,4.542970181,5.752545834,233.2567444,231.7583008,15.03301048,69.48068237,Spring,1
3/13/2034,14.63412285,18.76537132,11.29722309,6.88116169,0.562791646,101.6496735,4.534192085,5.742199421,232.592453,231.1418457,15.09429169,69.44141388,Spring,1
3/14/2034,14.70248795,18.83950806,11.35649586,6.905802727,0.561646223,101.6424103,4.525539875,5.731987476,231.9015503,230.4979401,15.15642357,69.40227509,Spring,1
3/15/2034,14.77132416,18.91380501,11.4164753,6.930937767,0.560290873,101.6346893,4.517023087,5.721921444,231.1829071,229.8250885,15.21940804,69.36327362,Spring,1
3/16/2034,14.84064102,18.98828697,11.47714996,6.95659256,0.558707237,101.6265335,4.508650303,5.712012768,230.4356689,229.1221008,15.28324604,69.32440186,Spring,1
3/17/2034,14.91043854,19.06298447,11.53852081,6.982793808,0.556879938,101.6179657,4.500430107,5.702270508,229.6591797,228.3879395,15.34794521,69.28565216,Spring,1
3/18/2034,14.98073196,19.13793182,11.60058594,7.009566307,0.554796457,101.6090164,4.492370605,5.69270277,228.8530426,227.6219635,15.41351223,69.24701691,Spring,1
3/19/2034,15.05153084,19.21316719,11.6633482,7.036932468,0.552447855,101.5997086,4.484479904,5.683320045,228.0170898,226.8236694,15.47995567,69.20848083,Spring,1
3/20/2034,15.12284851,19.28872871,11.72680855,7.064914227,0.549828351,101.5900879,4.476764679,5.674128532,227.151413,225.9928436,15.54728317,69.17004395,Spring,1
3/21/2034,15.19470406,19.36465454,11.79097366,7.093531609,0.546935678,101.5801773,4.469233036,5.665136337,226.2562866,225.1296387,15.61550808,69.13167572,Spring,1
3/22/2034,15.26711082,19.44099236,11.85585308,7.122798443,0.543771088,101.5700302,4.461890697,5.656350136,225.3323364,224.2344055,15.68463707,69.09337616,Spring,1
3/23/2034,15.34008789,19.5177803,11.92145061,7.152729511,0.54033941,101.5596771,4.454745293,5.64777565,224.3803864,223.3078003,15.75467873,69.05511475,Spring,1
3/24/2034,15.41365433,19.59506226,11.98777866,7.183334351,0.53664887,101.5491638,4.447802544,5.639418602,223.401474,222.3507233,15.82564259,69.01690674,Spring,1
3/25/2034,15.4878273,19.67287254,12.054842,7.21462059,0.532711029,101.5385437,4.441068172,5.631284237,222.3968964,221.3643646,15.89753532,68.97869873,Spring,1
3/26/2034,15.56262398,19.75125122,12.12265396,7.246590614,0.528540909,101.5278549,4.434547424,5.623376369,221.3681793,220.3501892,15.97036552,68.94050598,Spring,1
3/27/2034,15.63805771,19.83023071,12.19122028,7.279245377,0.524156392,101.5171432,4.428244591,5.615698814,220.3170166,219.3098755,16.04413414,68.90229797,Spring,1
3/28/2034,15.71414566,19.90984344,12.26054764,7.312581539,0.519578397,101.5064697,4.42216444,5.608253956,219.2453003,218.2453003,16.11884499,68.86406708,Spring,1
3/29/2034,15.79089546,19.99011421,12.33064747,7.346591949,0.51483047,101.4958725,4.416309834,5.601043224,218.1551056,217.1585999,16.19449997,68.82580566,Spring,1
3/30/2034,15.86832237,20.0710659,12.40152359,7.381266594,0.509938478,101.4853973,4.410683632,5.59406805,217.0485992,216.0520325,16.27109909,68.78749847,Spring,1
3/31/2034,15.94643211,20.15271759,12.47318363,7.416592598,0.504930496,101.4750977,4.405288219,5.58732748,215.9281616,214.9280853,16.34863663,68.74913788,Spring,1
4/1/2034,16.02523041,20.2350769,12.54562855,7.452554703,0.499836236,101.4650192,4.400124073,5.580821514,214.7961731,213.7893219,16.42710876,68.71072388,Spring,1
4/2/2034,16.10472107,20.31815529,12.61886692,7.489132881,0.494686842,101.4552078,4.395190239,5.574547291,213.6551819,212.638443,16.50650787,68.67224121,Spring,1
4/3/2034,16.1849041,20.40195465,12.69289589,7.526307106,0.489514619,101.4457092,4.39048624,5.568500042,212.5077362,211.4781952,16.58682632,68.63368225,Spring,1
4/4/2034,16.26577759,20.48647308,12.76771927,7.564053535,0.484352171,101.436554,4.386010647,5.562675476,211.356369,210.3114471,16.66805458,68.59505463,Spring,1
4/5/2034,16.34734344,20.57170296,12.84333801,7.602349758,0.479232699,101.4277954,4.381757259,5.557066441,210.2036743,209.1410217,16.75017548,68.55635071,Spring,1
4/6/2034,16.42959023,20.65762901,12.91974926,7.641167641,0.474189013,101.4194565,4.377722263,5.551665306,209.0522003,207.9697571,16.83317947,68.51758575,Spring,1
4/7/2034,16.51251221,20.74423599,12.99695396,7.680480003,0.46925348,101.4115829,4.373898506,5.546463013,207.9044037,206.8004761,16.91704941,68.47874451,Spring,1
4/8/2034,16.59610367,20.83150673,13.07494545,7.720261097,0.464457303,101.4042053,4.370278358,5.541447163,206.7627411,205.6359253,17.00177002,68.43983459,Spring,1
4/9/2034,16.68034935,20.91941643,13.15372467,7.760481834,0.459830403,101.3973389,4.36685133,5.536604881,205.6294556,204.478714,17.08732605,68.40086365,Spring,1
4/10/2034,16.76524162,21.00793839,13.23328781,7.80111742,0.455400854,101.3910141,4.363605499,5.531921864,204.5067139,203.3314667,17.17369461,68.36183929,Spring,1
4/11/2034,16.85076904,21.09704018,13.31363106,7.842140198,0.451194733,101.3852615,4.360527992,5.527381897,203.3965759,202.1965179,17.26086807,68.32275391,Spring,1
4/12/2034,16.93691826,21.18669319,13.3947525,7.883526802,0.447235346,101.3800812,4.35760355,5.522964954,202.3008423,201.0761108,17.34882355,68.28361511,Spring,1
4/13/2034,17.02368164,21.27686691,13.47664833,7.925252914,0.443543375,101.3755035,4.354816437,5.518652916,201.2212219,199.97229,17.43754959,68.24442291,Spring,1
4/14/2034,17.11104393,21.3675251,13.5593195,7.967299461,0.440136045,101.371521,4.352147102,5.51442337,200.1591644,198.8869171,17.52702904,68.20518494,Spring,1
4/15/2034,17.1989994,21.45863914,13.64276314,8.009647369,0.437027633,101.3681488,4.349576473,5.510251522,199.1158752,197.8216248,17.61725235,68.16589355,Spring,1
4/16/2034,17.28753853,21.55017662,13.72698212,8.052282333,0.43422848,101.365387,4.347082138,5.506113529,198.092453,196.7777557,17.70820427,68.12654114,Spring,1
4/17/2034,17.37665367,21.64210701,13.81197739,8.095191956,0.431744933,101.3632355,4.344641209,5.501982689,197.0896301,195.7564697,17.79988098,68.08714294,Spring,1
4/18/2034,17.46634865,21.73440361,13.89775372,8.138364792,0.429579526,101.3616867,4.342228889,5.497829914,196.108017,194.7586823,17.89227486,68.0476532,Spring,1
4/19/2034,17.55661583,21.82704544,13.98431778,8.18180275,0.427730709,101.3607254,4.339819431,5.493626595,195.1478577,193.7849884,17.98538589,68.00808716,Spring,1
4/20/2034,17.64746475,21.92001534,14.07167721,8.225500107,0.426192641,101.3603516,4.337385654,5.489341736,194.2093048,192.8358002,18.07921219,67.96841431,Spring,1
4/21/2034,17.73889542,22.01329041,14.15984631,8.269462585,0.424955308,101.3605423,4.334898949,5.48494339,193.2921753,191.9112091,18.17375565,67.92860413,Spring,1
4/22/2034,17.83092308,22.10686684,14.24883461,8.313696861,0.424004376,101.3612823,4.332330704,5.480400085,192.3961334,191.0110779,18.26903152,67.8886261,Spring,1
4/23/2034,17.9235611,22.20074081,14.33866215,8.358215332,0.423321486,101.3625412,4.329650402,5.475678921,191.5205688,190.1350098,18.36504745,67.84844971,Spring,1
4/24/2034,18.01682663,22.29491234,14.42934608,8.40303421,0.422884315,101.3643112,4.326828957,5.470745564,190.6647034,189.2824097,18.4618187,67.80802155,Spring,1
4/25/2034,18.11074638,22.38938904,14.52090836,8.448173523,0.422666699,101.3665543,4.32383585,5.465568066,189.8275299,188.4524231,18.55936623,67.76729584,Spring,1
4/26/2034,18.20534134,22.48418617,14.6133728,8.493656158,0.422638595,101.3692398,4.320640087,5.460112095,189.0079193,187.6439667,18.65771484,67.72621155,Spring,1
4/27/2034,18.30064964,22.57933044,14.70676994,8.539513588,0.422766715,101.372345,4.317212105,5.45434618,188.2045898,186.855835,18.75689316,67.68469238,Spring,1
4/28/2034,18.39670753,22.67484665,14.80112648,8.585771561,0.423014671,101.3758316,4.313522339,5.44823885,187.4161224,186.0866394,18.85692978,67.64266968,Spring,1
4/29/2034,18.49354935,22.77077293,14.89647579,8.632470131,0.423343122,101.3796768,4.309541702,5.441757679,186.6409302,185.3347778,18.95786667,67.60004425,Spring,1
4/30/2034,18.59122658,22.86715317,14.99285412,8.679642677,0.423710614,101.3838348,4.305243492,5.434874535,185.8774414,184.5985565,19.05973816,67.55673218,Spring,1
5/1/2034,18.6897831,22.96403694,15.09029484,8.727329254,0.424073249,101.3882751,4.300600529,5.427560806,185.1239624,183.8762817,19.16259003,67.51263428,Spring,1
5/2/2034,18.7892704,23.06148529,15.18883801,8.77557373,0.424385548,101.3929672,4.295588493,5.419791698,184.3787994,183.1660614,19.26646423,67.46762848,Spring,1
5/3/2034,18.88974571,23.15955544,15.28852081,8.824415207,0.424601048,101.3978729,4.290185452,5.411543846,183.6402588,182.4660187,19.37141418,67.42160034,Spring,1
5/4/2034,18.99126244,23.25831985,15.38938618,8.87389946,0.424672395,101.4029541,4.284370422,5.402796268,182.906601,181.7742615,19.47748566,67.37441254,Spring,1
5/5/2034,19.09388351,23.35785484,15.49147034,8.924070358,0.424551874,101.4081802,4.278125763,5.393529415,182.1762085,181.088913,19.58473206,67.32592773,Spring,1
5/6/2034,19.19766617,23.45823669,15.59481621,8.974969864,0.424192101,101.4135132,4.271435738,5.383730412,181.4475555,180.4081573,19.69320679,67.27601624,Spring,1
5/7/2034,19.30267525,23.55954933,15.69946384,9.026641846,0.423546165,101.4189301,4.264288425,5.373386383,180.7191315,179.7301636,19.80296326,67.22450256,Spring,1
5/8/2034,19.40896416,23.66187859,15.80544949,9.079128265,0.4225685,101.4243851,4.25667429,5.362490177,179.989624,179.05336,19.91405296,67.17123413,Spring,1
5/9/2034,19.51659966,23.76531219,15.91281223,9.132464409,0.421214998,101.4298553,4.248588085,5.351038456,179.2577972,178.3761292,20.02652931,67.11605835,Spring,1
5/10/2034,19.62563705,23.8699398,16.02158546,9.186689377,0.419443786,101.4353104,4.240027428,5.339028835,178.5226593,177.697113,20.14044571,67.05879211,Spring,1
5/11/2034,19.73613548,23.97584915,16.1317997,9.241832733,0.417215317,101.4407196,4.230994225,5.326467037,177.783371,177.0150909,20.25584793,66.99925995,Spring,1
5/12/2034,19.84814835,24.08313179,16.24348259,9.297925949,0.414493084,101.4460602,4.22149229,5.313361168,177.0392456,176.3290253,20.37278366,66.93728638,Spring,1
5/13/2034,19.96172142,24.19187164,16.35665894,9.354990959,0.411244005,101.4513092,4.211532116,5.299723148,176.2899475,175.6380615,20.49129105,66.87269592,Spring,1
5/14/2034,20.0769062,24.30215836,16.47134972,9.413045883,0.407438606,101.4564438,4.201125622,5.285571098,175.5352173,174.9416351,20.61141968,66.80530548,Spring,1
5/15/2034,20.19373894,24.4140625,16.58756638,9.47210598,0.403051466,101.4614487,4.190289974,5.270925522,174.775116,174.2393646,20.73319244,66.73492432,Spring,1
5/16/2034,20.31225395,24.527668,16.70532036,9.532176971,0.398061454,101.4662933,4.179046631,5.255812168,174.0099335,173.5311127,20.85664177,66.66139221,Spring,1
5/17/2034,20.43248177,24.6430378,16.82460976,9.593259811,0.392452091,101.4709702,4.167419434,5.240262508,173.2402039,172.8170166,20.98179054,66.58450317,Spring,1
5/18/2034,20.55443573,24.76023865,16.94543648,9.655348778,0.386211812,101.4754715,4.155437469,5.224309921,172.4667206,172.0974579,21.10865402,66.50411987,Spring,1
5/19/2034,20.67813301,24.87932014,17.06778526,9.718431473,0.379333735,101.4797745,4.143132687,5.207992077,171.6904755,171.3731079,21.23723984,66.42004395,Spring,1
5/20/2034,20.80357552,25.00032806,17.19163513,9.782485962,0.371816337,101.4838791,4.130540848,5.191352844,170.912735,170.6448212,21.3675518,66.33213806,Spring,1
5/21/2034,20.93075752,25.12329865,17.3169651,9.847486496,0.363663107,101.4877777,4.117700577,5.174437523,170.1349945,169.9137268,21.49957848,66.24023438,Spring,1
5/22/2034,21.05966377,25.24825478,17.44373512,9.913395882,0.354882658,101.4914551,4.104654789,5.15729475,169.3589172,169.1812286,21.6333065,66.14419556,Spring,1
5/23/2034,21.19026566,25.37521172,17.57191086,9.980175018,0.345488995,101.4949188,4.091446877,5.139978409,168.5864563,168.4488983,21.76870918,66.04389954,Spring,1
5/24/2034,21.32253265,25.50416756,17.70143127,10.04777336,0.335500866,101.4981613,4.078125,5.122543335,167.8196106,167.7185211,21.905756,65.93921661,Spring,1
5/25/2034,21.45641899,25.63511086,17.83224297,10.11613274,0.324942142,101.5011826,4.064738274,5.105045795,167.0606232,166.9921265,22.04440308,65.83004761,Spring,1
5/26/2034,21.59186172,25.76802063,17.96427917,10.18519211,0.313841283,101.5039902,4.051338196,5.087546825,166.3118896,166.2718353,22.18459702,65.71629333,Spring,1
5/27/2034,21.72879982,25.90285683,18.0974617,10.254879,0.302231431,101.5065765,4.037978172,5.070106983,165.5758057,165.5599365,22.32627869,65.59790039,Spring,1
5/28/2034,21.86715698,26.03956795,18.23170662,10.32512093,0.290149719,101.5089569,4.024711132,5.052787781,164.8550262,164.8588867,22.46937752,65.47479248,Spring,1
5/29/2034,22.00684166,26.17809105,18.36692238,10.39583302,0.277637422,101.5111313,4.011592388,5.035653114,164.1520538,164.1711426,22.61381149,65.34693909,Spring,1
5/30/2034,22.14775658,26.31834793,18.50301361,10.46693039,0.264739275,101.5131073,3.998675585,5.01876545,163.4695587,163.4992981,22.75949478,65.21433258,Spring,1
5/31/2034,22.28979492,26.46024704,18.63986778,10.5383215,0.251502991,101.5148849,3.986016273,5.002186775,162.8101196,162.8459015,22.90632629,65.07696533,Spring,1
6/1/2034,22.43284225,26.60368919,18.77737808,10.60991096,0.237979352,101.5164795,3.973667383,4.985980511,162.1763458,162.2135925,23.05420685,64.93487549,Summer,2
6/2/2034,22.57677269,26.74855423,18.91542244,10.68160152,0.2242212,101.5178986,3.961681843,4.97020483,161.5707397,161.6048889,23.20301819,64.78808594,Summer,2
6/3/2034,22.72145081,26.89471626,19.05387688,10.75329208,0.210283324,101.5191498,3.950111389,4.954919338,160.995636,161.0222626,23.35264206,64.63668823,Summer,2
6/4/2034,22.86674118,27.04203606,19.19261169,10.82487965,0.19622165,101.5202408,3.939004421,4.940180302,160.4533539,160.4681244,23.50294876,64.48077393,Summer,2
6/5/2034,23.01249313,27.19036293,19.33149338,10.89626217,0.182093203,101.5211792,3.928407431,4.926039696,159.9459534,159.9447174,23.65380859,64.3204422,Summer,2
6/6/2034,23.15855217,27.33953857,19.47038651,10.96733665,0.167954907,101.5219727,3.918364525,4.912549496,159.4753571,159.4541473,23.80508423,64.15584564,Summer,2
6/7/2034,23.3047657,27.48939896,19.60914803,11.03800011,0.153863847,101.5226364,3.908916473,4.899752617,159.0432434,158.9982605,23.95662689,63.98714066,Summer,2
6/8/2034,23.45096779,27.63976097,19.74764061,11.10815334,0.139876336,101.5231628,3.900099754,4.887692928,158.651001,158.5787964,24.10829163,63.81451416,Summer,2
6/9/2034,23.59699631,27.79044914,19.8857193,11.17769814,0.126047269,101.5235748,3.891947031,4.8764081,158.2998352,158.1971741,24.25993347,63.63817596,Summer,2
6/10/2034,23.74268532,27.94127464,20.02324295,11.24654007,0.112430088,101.5238724,3.884487152,4.865927696,157.9905853,157.854538,24.41139603,63.45835876,Summer,2
6/11/2034,23.88786888,28.09204292,20.1600666,11.31458664,0.099075824,101.5240631,3.877743959,4.856280804,157.7238312,157.5518036,24.5625267,63.2753067,Summer,2
6/12/2034,24.03237534,28.24256516,20.29605484,11.38175774,0.086033173,101.5241547,3.87173605,4.84748745,157.4998169,157.289505,24.71317101,63.08929443,Summer,2
6/13/2034,24.17604065,28.39264297,20.43106651,11.44797039,0.07334765,101.5241394,3.866477966,4.839562893,157.3184052,157.0679016,24.86317635,62.90061951,Summer,2
6/14/2034,24.31870461,28.54207993,20.56496429,11.51315117,0.061061408,101.5240402,3.861978531,4.832517147,157.1791992,156.8869629,25.01239014,62.70959473,Summer,2
6/15/2034,24.46020317,28.69067955,20.6976223,11.57723427,0.049212713,101.5238495,3.858240604,4.826352596,157.0814209,156.7462158,25.1606636,62.51654053,Summer,2
6/16/2034,24.60038376,28.83825111,20.82891273,11.64016247,0.037836149,101.5235672,3.855262518,4.821065903,157.0238953,156.6448975,25.30784798,62.32181549,Summer,2
6/17/2034,24.73908806,28.98460579,20.95871544,11.70188332,0.026961694,101.523201,3.853036404,4.816648483,157.0052032,156.5818939,25.45380402,62.12577438,Summer,2
6/18/2034,24.87617874,29.12955475,21.08691788,11.76235771,0.016614977,101.5227585,3.851549625,4.813083649,157.023468,156.5557709,25.59838676,61.92879868,Summer,2
6/19/2034,25.01151657,29.27292252,21.21341133,11.82154942,0.006816828,101.5222244,3.850783587,4.810348988,157.0765686,156.5647736,25.74146652,61.73126221,Summer,2
6/20/2034,25.14496803,29.41453362,21.33809853,11.87943554,-0.002416665,101.5216141,3.850714922,4.808418274,157.1621094,156.6067047,25.8829155,61.53357315,Summer,2
6/21/2034,25.27641296,29.55422401,21.460886,11.93600273,-0.011073864,101.5209122,3.851314545,4.807255745,157.2773132,156.6792297,26.02261353,61.33614349,Summer,2
6/22/2034,25.40573502,29.69184113,21.58169174,11.99124432,-0.019148501,101.520134,3.852549076,4.8068223,157.4191589,156.7796326,26.16044617,61.13936615,Summer,2
6/23/2034,25.53283501,29.82723618,21.70044136,12.04516411,-0.0266388,101.5192642,3.854380131,4.80707407,157.5843964,156.9049225,26.29630661,60.94367218,Summer,2
6/24/2034,25.65761566,29.96027184,21.8170681,12.09777641,-0.033547521,101.5183105,3.856765032,4.807960033,157.7695313,157.0518494,26.43009186,60.7494812,Summer,2
6/25/2034,25.77999115,30.09082603,21.93151665,12.14910221,-0.039882202,101.5172653,3.859657764,4.809425831,157.9709015,157.2170715,26.56171799,60.55721283,Summer,2
6/26/2034,25.89989281,30.21878242,22.04374123,12.19917297,-0.045654312,101.5161285,3.863007307,4.811413765,158.1847229,157.3969269,26.69109726,60.36728668,Summer,2
6/27/2034,26.01725388,30.34403992,22.15370178,12.24802971,-0.05087975,101.5149002,3.866760492,4.813860416,158.4070587,157.5876465,26.8181572,60.18012238,Summer,2
6/28/2034,26.13202095,30.46650696,22.26136971,12.29571533,-0.055577759,101.5135803,3.870861292,4.816700459,158.6338348,157.7854004,26.94283295,59.9961319,Summer,2
6/29/2034,26.24415398,30.58611107,22.36672974,12.34228802,-0.059771258,101.5121613,3.875251532,4.819867134,158.8610382,157.9862518,27.06505966,59.8157196,Summer,2
6/30/2034,26.35361862,30.70278168,22.46976662,12.38780689,-0.063486077,101.510643,3.879870653,4.823289394,159.0845947,158.1861572,27.18480301,59.63928604,Summer,2
7/1/2034,26.46039391,30.81646729,22.57047653,12.43233967,-0.066750422,101.5090256,3.884658337,4.826895237,159.3004761,158.3812103,27.30200577,59.46721268,Summer,2
7/2/2034,26.56446457,30.92712212,22.66886711,12.47595787,-0.06959489,101.507309,3.889551401,4.830614567,159.504776,158.5674896,27.41664505,59.2998848,Summer,2
7/3/2034,26.66582489,31.03471947,22.76494789,12.51873684,-0.072051346,101.5054932,3.894488573,4.834372997,159.6936188,158.7411346,27.52869034,59.13765717,Summer,2
7/4/2034,26.76447868,31.13923454,22.85873985,12.56075859,-0.074153244,101.5035858,3.899407387,4.838099957,159.8634033,158.8983917,27.63811874,58.98088074,Summer,2
7/5/2034,26.86043739,31.24066162,22.95026588,12.60210228,-0.075934455,101.5015717,3.904247284,4.841724873,160.0106354,159.0357971,27.74492645,58.82988739,Summer,2
7/6/2034,26.95372009,31.33899498,23.0395565,12.64285278,-0.077428944,101.4994736,3.908949375,4.845178604,160.1321564,159.1499939,27.84909821,58.68498993,Summer,2
7/7/2034,27.04434776,31.43424606,23.12664795,12.68309593,-0.078670308,101.4972763,3.91345644,4.848394394,160.2249908,159.2378998,27.95063019,58.54647827,Summer,2
7/8/2034,27.13234901,31.52642441,23.21157837,12.72291183,-0.079691,101.4949951,3.917713642,4.851309776,160.2865143,159.2966766,28.04953384,58.4146347,Summer,2
7/9/2034,27.21775818,31.61555672,23.294384,12.76238537,-0.080522507,101.49263,3.92166996,4.853864193,160.3144684,159.3238831,28.14580536,58.289711,Summer,2
7/10/2034,27.30060959,31.70166969,23.37511253,12.80159283,-0.081193969,101.4901886,3.925276995,4.856002808,160.3069,159.3173828,28.23945618,58.17193604,Summer,2
7/11/2034,27.38093948,31.78479576,23.45380592,12.8406105,-0.081732124,101.4876709,3.928491592,4.857674599,160.2623444,159.2753754,28.33049393,58.06153107,Summer,2
7/12/2034,27.4587841,31.86496353,23.53050423,12.87951183,-0.082160875,101.4850998,3.931273937,4.858833313,160.179718,159.1965485,28.4189415,57.95867157,Summer,2
7/13/2034,27.53418541,31.94221687,23.60525513,12.91836071,-0.082500957,101.4824677,3.933588982,4.859438896,160.0583038,159.0798798,28.50479507,57.86353302,Summer,2
7/14/2034,27.60718346,32.01659012,23.67809868,12.9572134,-0.082769305,101.4797897,3.9354074,4.85945797,159.8979187,158.9249115,28.58807755,57.77625275,Summer,2
7/15/2034,27.67780495,32.08811951,23.74906731,12.99612617,-0.082978807,101.4770813,3.936705828,4.858863354,159.6988373,158.7316132,28.66879654,57.69695282,Summer,2
7/16/2034,27.74608803,32.15684128,23.81819916,13.03514004,-0.083137833,101.47435,3.937464714,4.857633114,159.4617462,158.5003204,28.74695969,57.62573242,Summer,2
7/17/2034,27.81206322,32.22279739,23.88552666,13.07429314,-0.083250508,101.4716034,3.937672853,4.855752468,159.187851,158.2319336,28.82257462,57.56266403,Summer,2
7/18/2034,27.87574768,32.28600311,23.95107079,13.11360836,-0.083315745,101.4688492,3.937322378,4.853215218,158.8787689,157.9277344,28.89564133,57.50780106,Summer,2
7/19/2034,27.93716049,32.34649658,24.01485443,13.15310287,-0.083327934,101.4661179,3.936412811,4.850021839,158.5366364,157.5895386,28.96616364,57.46116638,Summer,2
7/20/2034,27.996315,32.40429306,24.07688332,13.19278145,-0.083275951,101.4634018,3.934949875,4.846178055,158.1639252,157.219574,29.0341301,57.42278671,Summer,2
7/21/2034,28.05321312,32.45940399,24.13716888,13.23264027,-0.083143823,101.4607239,3.932945013,4.84169817,157.7636719,156.8204498,29.09953308,57.39263916,Summer,2
7/22/2034,28.10785294,32.51183701,24.19570541,13.27266312,-0.082910538,101.4580994,3.930415869,4.836604595,157.3391724,156.3952637,29.16235352,57.37069702,Summer,2
7/23/2034,28.16022301,32.5615921,24.25248528,13.31282234,-0.08255022,101.4555435,3.92738533,4.830924034,156.894165,155.9474487,29.22257996,57.35691071,Summer,2
7/24/2034,28.21030617,32.60865784,24.30748749,13.35308075,-0.08203163,101.453064,3.923882008,4.824691772,156.432724,155.480835,29.28016663,57.35121155,Summer,2
7/25/2034,28.25806618,32.65301132,24.36068726,13.3933897,-0.081319548,101.450676,3.919939756,4.817948341,155.959259,154.9995575,29.33509445,57.35352325,Summer,2
7/26/2034,28.30347824,32.6946373,24.41204834,13.43368912,-0.080373898,101.4483871,3.915597677,4.810740471,155.478363,154.5080719,29.38731384,57.36374664,Summer,2
7/27/2034,28.34648514,32.73348236,24.46152687,13.47391033,-0.079150915,101.4462204,3.910900116,4.80312109,154.9949951,154.0110626,29.43677902,57.38176346,Summer,2
7/28/2034,28.38703918,32.76951218,24.50907135,13.51397228,-0.07760299,101.444191,3.905893326,4.795147419,154.5141602,153.5134125,29.48343658,57.40746307,Summer,2
7/29/2034,28.42507553,32.80266571,24.55462074,13.55378437,-0.075679161,101.4422913,3.900630474,4.786880493,154.0410919,153.0202637,29.52723312,57.4406929,Summer,2
7/30/2034,28.4605217,32.83287811,24.59810829,13.59325027,-0.073325641,101.4405518,3.895165205,4.778388023,153.5811005,152.5368042,29.56808853,57.48131561,Summer,2
7/31/2034,28.49330521,32.86008072,24.6394558,13.63226414,-0.070486777,101.4389801,3.889555216,4.76973772,153.1395416,152.0682831,29.60594559,57.52917862,Summer,2
8/1/2034,28.52333832,32.88418961,24.67857933,13.67070961,-0.067104787,101.4375763,3.883860826,4.761002064,152.7217865,151.6200714,29.64072037,57.58411407,Summer,2
8/2/2034,28.55052567,32.90511322,24.71539879,13.70846748,-0.063120872,101.4363632,3.878144026,4.752256393,152.3330688,151.1974335,29.67233658,57.64595032,Summer,2
8/3/2034,28.5747757,32.92276382,24.74981308,13.74541283,-0.058475628,101.4353333,3.872465611,4.743575096,151.9786072,150.805603,29.70070648,57.71450806,Summer,2
8/4/2034,28.59598732,32.93703842,24.78172302,13.78141499,-0.053109903,101.4345093,3.866889715,4.735034466,151.6634369,150.4496307,29.72574615,57.78961945,Summer,2
8/5/2034,28.61405182,32.94782639,24.81102753,13.81633854,-0.046965126,101.4338837,3.861478806,4.726711273,151.392395,150.134552,29.74736023,57.87108612,Summer,2
8/6/2034,28.62886047,32.95503235,24.83762169,13.85004711,-0.039984152,101.4334641,3.85629487,4.718680859,151.1700745,149.8650055,29.76546097,57.95872879,Summer,2
8/7/2034,28.6403141,32.95853043,24.8613987,13.88240528,-0.03211192,101.4332581,3.851398706,4.711016655,151.0007172,149.6454315,29.779953,58.05236053,Summer,2
8/8/2034,28.64829826,32.95822525,24.88224792,13.91327381,-0.023296133,101.4332733,3.846848726,4.703791618,150.8882904,149.4800262,29.79075623,58.15179443,Summer,2
8/9/2034,28.65270424,32.95399475,24.90006256,13.94251919,-0.013487689,101.4334946,3.842701197,4.697074413,150.8363647,149.3725281,29.79776382,58.25683975,Summer,2
8/10/2034,28.65342712,32.94573212,24.91473198,13.97000313,-0.002641589,101.4339371,3.839009285,4.69093132,150.8480835,149.3263397,29.80090332,58.36730957,Summer,2
8/11/2034,28.65036774,32.93333435,24.92615891,13.99559784,0.009282792,101.4345932,3.835822105,4.685422897,150.9261475,149.3444519,29.80008316,58.48301697,Summer,2
8/12/2034,28.64343262,32.91669464,24.93423843,14.01917648,0.022320671,101.435463,3.833185434,4.680606365,151.0727386,149.4293518,29.79521942,58.60377502,Summer,2
8/13/2034,28.63252258,32.89572525,24.93886948,14.04061794,0.036501788,101.4365387,3.831139088,4.676533222,151.2896118,149.5831299,29.78624344,58.72940826,Summer,2
8/14/2034,28.61756134,32.87033463,24.93997192,14.05981064,0.051849611,101.4378204,3.829719543,4.673248768,151.5779572,149.8072662,29.77309036,58.85973358,Summer,2
8/15/2034,28.59847069,32.84044647,24.93745613,14.07664585,0.068380974,101.4393005,3.828957319,4.67079401,151.9384613,150.1027679,29.75569153,58.9945755,Summer,2
8/16/2034,28.57518959,32.80598831,24.9312458,14.09103012,0.086105585,101.440979,3.828876495,4.669201374,152.3711395,150.4700928,29.73400116,59.13375092,Summer,2
8/17/2034,28.54766083,32.76691055,24.921278,14.1028738,0.105026208,101.4428482,3.829496384,4.668496132,152.8755951,150.9091644,29.70797348,59.27709961,Summer,2
8/18/2034,28.51584435,32.72316742,24.9074955,14.11209869,0.125137344,101.4448929,3.83082962,4.668698311,153.4508209,151.4193726,29.67757797,59.42444611,Summer,2
8/19/2034,28.47971153,32.67473221,24.8898468,14.11863995,0.146426275,101.447113,3.83288312,4.669819832,154.0952454,151.9994965,29.64279175,59.57563019,Summer,2
8/20/2034,28.43924332,32.62158203,24.8683033,14.12244225,0.168871745,101.4494934,3.835655928,4.671863079,154.8067932,152.6478577,29.60360336,59.73047256,Summer,2
8/21/2034,28.39444351,32.56372452,24.84284019,14.12346363,0.192444563,101.4520264,3.839142323,4.674826622,155.58284,153.3621368,29.56001282,59.88882446,Summer,2
8/22/2034,28.34532356,32.50118256,24.81344414,14.12167358,0.217107564,101.4547119,3.843329668,4.678698063,156.4202423,154.1396637,29.512043,60.05051804,Summer,2
8/23/2034,28.29191208,32.43398666,24.78012466,14.11705399,0.242815241,101.4575348,3.848199129,4.683459282,157.3154144,154.9771576,29.45971298,60.21539307,Summer,2
8/24/2034,28.23425484,32.36219025,24.74289131,14.10960102,0.269514441,101.4604797,3.853725433,4.689085007,158.2643127,155.8708801,29.40306854,60.38329315,Summer,2
8/25/2034,28.17241287,32.28586578,24.70177841,14.09932137,0.297144026,101.4635468,3.859878063,4.695542336,159.2625122,156.8167419,29.34215927,60.55404663,Summer,2
8/26/2034,28.10646057,32.20510483,24.65682793,14.08623886,0.325635552,101.4667206,3.866621017,4.702791214,160.3051147,157.8102264,29.27705765,60.72750092,Summer,2
8/27/2034,28.0364933,32.12001801,24.60809708,14.07038403,0.354913294,101.4699936,3.873911858,4.710786343,161.3869934,158.8464203,29.2078476,60.90348816,Summer,2
8/28/2034,27.96261978,32.03072739,24.55565643,14.05180264,0.384894907,101.4733582,3.88170433,4.719475746,162.5027008,159.920166,29.13461685,61.08184814,Summer,2
8/29/2034,27.88496017,31.93737602,24.49959373,14.03055382,0.41549167,101.4768066,3.889948368,4.728802204,163.6465607,161.0260315,29.05747604,61.26241302,Summer,2
8/30/2034,27.80365181,31.84012985,24.43999863,14.00670433,0.446609169,101.4803238,3.898588181,4.738703251,164.8126831,162.1583557,28.97654724,61.44500732,Summer,2
8/31/2034,27.71884918,31.73916435,24.37698364,13.98033142,0.478147745,101.4839096,3.907566071,4.749113083,165.9950867,163.3112946,28.89196014,61.6294632,Summer,2
9/1/2034,27.63071632,31.63467026,24.31067085,13.95152569,0.510003209,101.4875488,3.916820765,4.759960175,167.1876678,164.4790039,28.80385971,61.81559753,Autumn,3
9/2/2034,27.53942871,31.52685547,24.24118996,13.92038441,0.542067349,101.4912491,3.926288843,4.771172523,168.3843689,165.6554718,28.71240616,62.00322723,Autumn,3
9/3/2034,27.44517326,31.41594124,24.16868401,13.88701248,0.574228942,101.4949951,3.935905457,4.782674313,169.5790863,166.8347168,28.61775589,62.19216537,Autumn,3
9/4/2034,27.34815025,31.30216217,24.09329987,13.85152054,0.606374264,101.4987793,3.94560504,4.794387817,170.7659149,168.0108795,28.52008438,62.38222122,Autumn,3
9/5/2034,27.24855995,31.18575668,24.01519775,13.81402969,0.63838774,101.502594,3.955320597,4.806236744,171.9389496,169.1781769,28.41957474,62.57319641,Autumn,3
9/6/2034,27.1466198,31.06698036,23.93454361,13.7746582,0.670152962,101.5064468,3.964986563,4.81814146,173.0925751,170.3309479,28.31641388,62.76487732,Autumn,3
9/7/2034,27.04254723,30.94608307,23.85150528,13.73353672,0.701553583,101.5103302,3.974537849,4.830024719,174.2214508,171.4638062,28.21079254,62.95706177,Autumn,3
9/8/2034,26.93655968,30.82333374,23.76625633,13.69078922,0.732473612,101.5142365,3.983910799,4.841812611,175.3205414,172.5716858,28.10290909,63.1495285,Autumn,3
9/9/2034,26.82888412,30.6989975,23.67897606,13.64654732,0.762798905,101.5181656,3.993044376,4.853429794,176.3850555,173.6497498,27.99296951,63.34206009,Autumn,3
9/10/2034,26.71974564,30.57334137,23.58984184,13.6009407,0.792417288,101.5221176,4.001879692,4.864806652,177.410675,174.6935577,27.88116455,63.5344162,Autumn,3
9/11/2034,26.60936165,30.44663048,23.49903107,13.55409527,0.821219921,101.5260849,4.010362625,4.87587595,178.3935699,175.6990967,27.76770782,63.72637939,Autumn,3
9/12/2034,26.49795723,30.31913185,23.40672302,13.5061388,0.849101365,101.5300751,4.018442154,4.886574745,179.3302917,176.6628265,27.65279007,63.91769409,Autumn,3
9/13/2034,26.385746,30.19109917,23.31308937,13.45719051,0.875961423,101.5340805,4.026072025,4.896846294,180.2179565,177.5815887,27.53661346,64.10813141,Autumn,3
9/14/2034,26.27293396,30.0627861,23.21830177,13.40736771,0.90170449,101.5381088,4.033210754,4.906637669,181.0541534,178.4528503,27.41936874,64.29743195,Autumn,3
9/15/2034,26.15972137,29.9344368,23.12251854,13.35678101,0.9262411,101.5421448,4.039823532,4.915903568,181.8370667,179.2745667,27.30125046,64.48535156,Autumn,3
9/16/2034,26.04630089,29.80628014,23.02589989,13.30553436,0.949488223,101.5462036,4.045878887,4.92460537,182.5654755,180.0452423,27.18243408,64.67163086,Autumn,3
9/17/2034,25.93284988,29.67853737,22.9285965,13.25372314,0.971369982,101.5502777,4.051354408,4.932710171,183.2387238,180.7639618,27.06309509,64.85601807,Autumn,3
9/18/2034,25.8195343,29.55140877,22.8307457,13.20143509,0.99181819,101.5543671,4.056231976,4.940192699,183.8567352,181.4303741,26.94339752,65.03824615,Autumn,3
9/19/2034,25.70651054,29.42508507,22.73247337,13.14874649,1.010772347,101.5584793,4.060503006,4.94703722,184.4200287,182.0447235,26.82349777,65.21807098,Autumn,3
9/20/2034,25.59390831,29.29973984,22.63389397,13.09572697,1.02818048,101.5625992,4.064162731,4.953232765,184.929718,182.6078339,26.70353317,65.39523315,Autumn,3
9/21/2034,25.48185539,29.17551804,22.5351162,13.04242992,1.043999195,101.5667267,4.067215919,4.958780289,185.3874969,183.121109,26.58363724,65.56947327,Autumn,3
9/22/2034,25.37044716,29.05255318,22.43622208,12.98890114,1.058194399,101.5708771,4.069671631,4.963685513,185.795639,183.5864563,26.46392441,65.74054718,Autumn,3
9/23/2034,25.25977516,28.93095398,22.33729362,12.93517685,1.070740581,101.5750275,4.071549416,4.967963696,186.1569366,184.0064392,26.34449768,65.90821838,Autumn,3
9/24/2034,25.14990044,28.81080818,22.23838806,12.88127518,1.081621766,101.5791855,4.072872162,4.97163868,186.4746857,184.3839874,26.22544861,66.07222748,Autumn,3
9/25/2034,25.04086876,28.69217873,22.13955307,12.82720947,1.090830922,101.5833511,4.073672771,4.974741459,186.7527313,184.7226563,26.10684204,66.23235321,Autumn,3
9/26/2034,24.93270874,28.57510757,22.04081535,12.77297688,1.098370552,101.5875092,4.073988438,4.977309704,186.995285,185.0263824,25.98874283,66.38837433,Autumn,3
9/27/2034,24.82542801,28.45960808,21.94218826,12.71856499,1.104251981,101.5916672,4.073863029,4.979392052,187.2069855,185.2994843,25.87118912,66.54006958,Autumn,3
9/28/2034,24.71900749,28.34567451,21.84367371,12.66394711,1.108495116,101.5958099,4.073346615,4.981039047,187.3929443,185.5467377,25.75421143,66.6872406,Autumn,3
9/29/2034,24.61342239,28.23327446,21.74524689,12.60909271,1.111129045,101.5999374,4.072494507,4.982312202,187.5584259,185.7731934,25.63780975,66.82969666,Autumn,3
9/30/2034,24.50861359,28.12235451,21.6468811,12.55395126,1.112190843,101.6040344,4.071367741,4.983276367,187.7090607,185.9842224,25.5219841,66.96725464,Autumn,3
10/1/2034,24.40451241,28.01283836,21.54852295,12.49846935,1.11172533,101.6081009,4.070031643,4.984003067,187.8506775,186.1853333,25.40671349,67.09976196,Autumn,3
10/2/2034,24.3010273,27.90462494,21.45011139,12.44258213,1.109784842,101.6121216,4.068552971,4.984567165,187.9892883,186.3823395,25.29196167,67.22706604,Autumn,3
10/3/2034,24.19805717,27.79759216,21.35157013,12.38621998,1.106428862,101.6160889,4.067005634,4.985050678,188.1309662,186.5810547,25.17767906,67.34902954,Autumn,3
10/4/2034,24.09547615,27.69160461,21.25281143,12.32929993,1.101723194,101.6200027,4.065464497,4.985536575,188.2818451,186.7873993,25.06380081,67.46555328,Autumn,3
10/5/2034,23.99314499,27.58649635,21.1537323,12.2717371,1.095739484,101.6238403,4.064005375,4.98611021,188.4480438,187.0073395,24.95024872,67.57653809,Autumn,3
10/6/2034,23.89092064,27.48209763,21.05422211,12.2134409,1.088554502,101.627594,4.062707901,4.986860752,188.6356354,187.2467041,24.83694077,67.68190002,Autumn,3
10/7/2034,23.78863525,27.37821388,20.95415878,12.15431786,1.080249548,101.6312485,4.061649323,4.987877369,188.8505402,187.511261,24.72377396,67.78158569,Autumn,3
10/8/2034,23.68611908,27.27464104,20.85341263,12.09426975,1.070909977,101.6348038,4.060910225,4.989249706,189.098526,187.8065948,24.61063766,67.87557983,Autumn,3
10/9/2034,23.58319283,27.17116547,20.75184822,12.0331974,1.060624242,101.638237,4.060567379,4.991066933,189.385025,188.1381073,24.49742508,67.96385193,Autumn,3
10/10/2034,23.47966576,27.0675621,20.64932632,11.97100258,1.04948318,101.6415405,4.060697556,4.993416786,189.7153168,188.5108795,24.38400459,68.04641724,Autumn,3
10/11/2034,23.37534523,26.96359444,20.54569626,11.90758705,1.037579417,101.6446991,4.061376572,4.996384621,190.0942383,188.929657,24.27025223,68.12329102,Autumn,3
10/12/2034,23.27004051,26.85902977,20.44081497,11.84285545,1.025006533,101.6477051,4.062674046,5.000053406,190.5263214,189.3988953,24.15603638,68.1945343,Autumn,3
10/13/2034,23.16355515,26.75362778,20.33453369,11.77671623,1.011858225,101.6505432,4.064659595,5.004502773,191.0156097,189.9225616,24.0412178,68.26021576,Autumn,3
10/14/2034,23.05569458,26.64715004,20.22670555,11.70908356,0.99822861,101.6532059,4.067396641,5.009805202,191.5656738,190.5041962,23.9256649,68.32042694,Autumn,3
10/15/2034,22.94626427,26.53935623,20.11718369,11.63987446,0.984209955,101.6556854,4.070944309,5.016031265,192.1796112,191.1468353,23.80924225,68.37528229,Autumn,3
10/16/2034,22.83508301,26.43002129,20.00583267,11.56901741,0.969892859,101.6579666,4.075356007,5.023243427,192.8599854,191.8530121,23.69181633,68.4249115,Autumn,3
10/17/2034,22.72197151,26.31891441,19.8925209,11.49644661,0.955366135,101.6600494,4.08068037,5.03150034,193.6087799,192.6247406,23.57325745,68.46947479,Autumn,3
10/18/2034,22.60675621,26.20582581,19.77711868,11.42210579,0.940715253,101.6619186,4.086959839,5.040850639,194.4274445,193.4634094,23.45344353,68.50912476,Autumn,3
10/19/2034,22.48928452,26.09054565,19.65950966,11.34595013,0.926022053,101.6635742,4.094227791,5.051335812,195.3168182,194.3699036,23.33225441,68.54406738,Autumn,3
10/20/2034,22.36940765,25.97288513,19.53958893,11.26794624,0.911364734,101.6650085,4.102513313,5.062991142,196.2770996,195.3444519,23.20958138,68.57450867,Autumn,3
10/21/2034,22.24699593,25.85267639,19.41726303,11.18807125,0.896817148,101.6662216,4.111836433,5.075841427,197.3079529,196.3866882,23.08532333,68.60064697,Autumn,3
10/22/2034,22.12193298,25.72975349,19.29244995,11.10631561,0.882447779,101.6672134,4.122210503,5.089905739,198.408371,197.4957428,22.95939255,68.62273407,Autumn,3
10/23/2034,21.99412155,25.60398865,19.16508675,11.0226841,0.868320465,101.667984,4.133641243,5.105190277,199.5768738,198.6700592,22.83171082,68.64102173,Autumn,3
10/24/2034,21.86348343,25.47525978,19.03512001,10.93719101,0.854493558,101.668541,4.14612484,5.121695518,200.8112183,199.9075775,22.70220566,68.65574646,Autumn,3
10/25/2034,21.72995567,25.34347725,18.90251923,10.84987068,0.841019273,101.6688843,4.159651756,5.139410496,202.1087646,201.2055969,22.57083321,68.66720581,Autumn,3
10/26/2034,21.59350395,25.20856857,18.7672596,10.76076698,0.827944398,101.6690216,4.174202919,5.158316612,203.4662781,202.5610504,22.43754959,68.67565918,Autumn,3
10/27/2034,21.45411301,25.07049179,18.62935066,10.66993904,0.815309405,101.6689606,4.189753056,5.178385735,204.8799896,203.9701538,22.30233765,68.68139648,Autumn,3
10/28/2034,21.31178284,24.92922592,18.48881149,10.57745934,0.803148985,101.6687164,4.206267357,5.199581623,206.3457031,205.4288025,22.16518402,68.68470764,Autumn,3
10/29/2034,21.16654396,24.78477669,18.34567451,10.48341751,0.791491628,101.6683121,4.223706245,5.221857548,207.8587494,206.9324188,22.02610016,68.68588257,Autumn,3
10/30/2034,21.01844406,24.63717842,18.20000076,10.38791084,0.780359924,101.6677475,4.242019653,5.245160103,209.414032,208.4760284,21.88511086,68.68521118,Autumn,3
10/31/2034,20.86755943,24.48649025,18.05186462,10.29105282,0.769770324,101.6670456,4.261154652,5.269427299,211.0061798,210.0542755,21.74225616,68.68301392,Autumn,3
11/1/2034,20.71398735,24.332798,17.90136147,10.19297123,0.759734035,101.6662369,4.281048775,5.294589996,212.6294861,211.6615143,21.59759521,68.6795578,Autumn,3
11/2/2034,20.55783653,24.17621231,17.74860382,10.09379959,0.750256538,101.665329,4.301635742,5.320570469,214.2779846,213.2919159,21.45120049,68.67514038,Autumn,3
11/3/2034,20.39925766,24.01687431,17.5937233,9.993690491,0.741338074,101.66436,4.322842121,5.347287655,215.9454498,214.9393158,21.30316162,68.67006683,Autumn,3
11/4/2034,20.23840141,23.85493851,17.43687057,9.89279747,0.732973874,101.6633453,4.344592571,5.374652863,217.6255798,216.5975342,21.15358162,68.66459656,Autumn,3
11/5/2034,20.07545471,23.69059563,17.27820778,9.791290283,0.725154877,101.662323,4.366804123,5.402570724,219.3119507,218.2601929,21.00258255,68.65901184,Autumn,3
11/6/2034,19.9106102,23.52404976,17.11791611,9.689342499,0.717867553,101.6613159,4.38939333,5.43094492,220.9981232,219.9209747,20.85029602,68.65357208,Autumn,3
11/7/2034,19.74408722,23.3555336,16.95619011,9.587133408,0.711094737,101.660347,4.412271023,5.459672928,222.6776276,221.5734863,20.6968689,68.64853668,Autumn,3
11/8/2034,19.57611656,23.18529129,16.79323959,9.48484993,0.704815865,101.659462,4.435348988,5.488650322,224.3440857,223.211441,20.5424614,68.64414215,Autumn,3
11/9/2034,19.40694618,23.01358795,16.62928581,9.382684708,0.699007511,101.6586838,4.458535194,5.51777029,225.9912262,224.8287048,20.38723946,68.640625,Autumn,3
11/10/2034,19.23683548,22.84070778,16.46455956,9.280828476,0.69364363,101.6580429,4.481736183,5.546925545,227.6129761,226.4192505,20.23138809,68.63819122,Autumn,3
11/11/2034,19.0660553,22.6669426,16.29930115,9.179475784,0.688696504,101.6575851,4.504861832,5.576006889,229.2034912,227.977356,20.07509232,68.63704681,Autumn,3
11/12/2034,18.89488029,22.49259567,16.13375854,9.07882309,0.684136569,101.6573257,4.52781868,5.604906559,230.7571869,229.4975128,19.91854858,68.63738251,Autumn,3
11/13/2034,18.7236042,22.31798935,15.96818924,8.979061127,0.679933548,101.6573105,4.550516605,5.633518696,232.2687225,230.9745941,19.76196289,68.63935089,Autumn,3
11/14/2034,18.55251312,22.14344025,15.80284786,8.880381584,0.676056325,101.6575699,4.572866917,5.661736965,233.7332458,232.4037323,19.60553741,68.64311981,Autumn,3
11/15/2034,18.38190651,21.96927261,15.63799763,8.782968521,0.672473907,101.6581345,4.594785213,5.689461231,235.1462097,233.7805939,19.44948387,68.64881897,Autumn,3
11/16/2034,18.21207619,21.79582024,15.47389984,8.68700695,0.669155478,101.6590271,4.616187096,5.716591835,236.5035248,235.1011658,19.29401398,68.65655518,Autumn,3
11/17/2034,18.0433197,21.62340355,15.31081581,8.592666626,0.666070998,101.6602859,4.636995316,5.743034363,237.8015289,236.3619232,19.13934326,68.66644287,Autumn,3
11/18/2034,17.87592888,21.45235252,15.14900589,8.500116348,0.663191319,101.6619339,4.657134533,5.7687006,239.0370941,237.559845,18.98567581,68.67855072,Autumn,3
11/19/2034,17.71018982,21.28298569,14.98871994,8.409511566,0.660489261,101.6639938,4.676536083,5.793506145,240.2075043,238.6924286,18.83322144,68.69294739,Autumn,3
11/20/2034,17.54637909,21.11561203,14.83021069,8.321002007,0.657939017,101.6664963,4.695135117,5.817373753,241.3106537,239.7576599,18.68218613,68.70967102,Autumn,3
11/21/2034,17.38477325,20.95053482,14.67371368,8.234722137,0.655517042,101.6694489,4.712874889,5.840232849,242.3449402,240.7540131,18.53276443,68.72875977,Autumn,3
11/22/2034,17.22562408,20.78804207,14.51946354,8.150794983,0.653201997,101.6728745,4.729702473,5.862019539,243.3092346,241.680603,18.38515282,68.75020599,Autumn,3
11/23/2034,17.06918526,20.62841415,14.36767769,8.06933403,0.650975168,101.676796,4.745572567,5.882677555,244.2030029,242.5370178,18.23953056,68.77401733,Autumn,3
11/24/2034,16.91568565,20.47190666,14.21856689,7.990436554,0.648820758,101.6812057,4.760447502,5.902158737,245.0261536,243.323349,18.09607124,68.8001709,Autumn,3
11/25/2034,16.76534462,20.31876183,14.0723238,7.914186954,0.646725416,101.6861267,4.774295807,5.9204216,245.7792206,244.0402527,17.95493698,68.82862854,Autumn,3
11/26/2034,16.6183567,20.16920471,13.92912865,7.840654373,0.644678771,101.6915588,4.787092209,5.937436581,246.4631805,244.6888733,17.81628418,68.85932922,Autumn,3
11/27/2034,16.47491074,20.0234375,13.78914738,7.76989603,0.642673731,101.6974945,4.798820496,5.953178406,247.0795135,245.2708435,17.68024635,68.89221191,Autumn,3
11/28/2034,16.33516502,19.88163567,13.6525259,7.701950073,0.640705764,101.7039413,4.809470177,5.967634201,247.6300354,245.7881775,17.5469532,68.92720032,Autumn,3
11/29/2034,16.19926071,19.74396133,13.51939583,7.636843681,0.638773441,101.7108841,4.819038868,5.980795383,248.1171875,246.2434845,17.41651726,68.96419525,Autumn,3
11/30/2034,16.06731987,19.6105442,13.38986874,7.574586391,0.636878014,101.7183151,4.827531815,5.992665768,248.5436707,246.6396484,17.28903389,69.00309753,Autumn,3
12/1/2034,15.9394455,19.48149681,13.26403904,7.515174866,0.635023475,101.7262115,4.83495903,6.00325489,248.9126282,246.9799042,17.16458893,69.04380798,Winter,0
12/2/2034,15.81571198,19.35689926,13.14198303,7.458589554,0.633216262,101.7345657,4.841340065,6.012580872,249.2274933,247.267868,17.04325104,69.08618164,Winter,0
12/3/2034,15.69617844,19.23681641,13.02375793,7.404801369,0.631465077,101.7433472,4.846698284,6.020670891,249.4919739,247.5074768,16.92506981,69.13011932,Winter,0
12/4/2034,15.5808754,19.12127876,12.90939808,7.353761196,0.629780889,101.7525253,4.851065159,6.02755785,249.710022,247.702774,16.8100872,69.17546082,Winter,0
12/5/2034,15.46982384,19.01029587,12.79892254,7.305412292,0.628176332,101.7620773,4.854477406,6.03328228,249.8858643,247.8580933,16.6983223,69.22208405,Winter,0
12/6/2034,15.3630085,18.90385628,12.69233608,7.259684563,0.626665413,101.7719574,4.856976986,6.037890911,250.0237885,247.9779358,16.58978844,69.26983643,Winter,0
12/7/2034,15.26040268,18.80192184,12.58961678,7.216495514,0.625263572,101.782135,4.85861063,6.041438103,250.1283112,248.0668793,16.48447418,69.318573,Winter,0
12/8/2034,15.1619606,18.70442963,12.49073029,7.175754547,0.623987138,101.792572,4.859428883,6.043981552,250.2038269,248.1294708,16.38236237,69.36814117,Winter,0
12/9/2034,15.06761169,18.61130142,12.39562511,7.137359619,0.622852921,101.8032227,4.85948801,6.045585155,250.2549286,248.1704102,16.28341866,69.418396,Winter,0
12/10/2034,14.97727394,18.52243614,12.30423355,7.101202965,0.621878147,101.8140335,4.858845711,6.046317577,250.286087,248.1942749,16.18759537,69.46918488,Winter,0
12/11/2034,14.89084244,18.43771172,12.21646976,7.067165852,0.621079624,101.8249588,4.857564449,6.04624939,250.3017731,248.2055359,16.09483719,69.52036285,Winter,0
12/12/2034,14.80820465,18.35699272,12.1322403,7.035128593,0.620473921,101.8359528,4.855707645,6.045454979,250.3062744,248.2085876,16.00507164,69.57177734,Winter,0
12/13/2034,14.72922516,18.28012466,12.05143547,7.004961967,0.620076835,101.8469543,4.853340149,6.044012547,250.3037567,248.2076721,15.91822243,69.62329102,Winter,0
12/14/2034,14.65376282,18.2069416,11.97393227,6.976536751,0.619903326,101.8579178,4.850528717,6.041999817,250.2981873,248.2067413,15.83420086,69.67474365,Winter,0
12/15/2034,14.58165932,18.13726425,11.89960098,6.949717999,0.619966507,101.8687897,4.847341537,6.039496422,250.2933197,248.2095337,15.75290966,69.72602081,Winter,0
12/16/2034,14.51276016,18.07090569,11.82830048,6.924373627,0.620277941,101.8795013,4.843844414,6.036582947,250.2926025,248.219574,15.6742506,69.77697754,Winter,0
12/17/2034,14.44688797,18.00766754,11.75988388,6.900367737,0.620847285,101.8900146,4.840104103,6.03333807,250.2993317,248.2399902,15.59811211,69.82749939,Winter,0
12/18/2034,14.38386536,17.94735146,11.69419861,6.877566338,0.621681988,101.9002609,4.836186409,6.029840946,250.3162689,248.2735901,15.52438164,69.87744904,Winter,0
12/19/2034,14.32351303,17.88974953,11.6310854,6.855839729,0.622787297,101.9101944,4.832154274,6.02616787,250.3460236,248.3228607,15.45294762,69.92671204,Winter,0
12/20/2034,14.26565361,17.83465576,11.57038593,6.83506012,0.624165535,101.919754,4.828070164,6.02239418,250.3907623,248.3898773,15.38369083,69.97519684,Winter,0
12/21/2034,14.21009445,17.78186607,11.51193714,6.815103531,0.625816405,101.9289017,4.823992252,6.018590927,250.4522858,248.4763489,15.31649399,70.02278137,Winter,0
12/22/2034,14.15666199,17.73117256,11.45557976,6.795851707,0.627737045,101.9375687,4.819976807,6.014826775,250.5320892,248.5835419,15.25124168,70.06938171,Winter,0
12/23/2034,14.1051712,17.68237877,11.40114784,6.777193069,0.629921317,101.9457245,4.816076279,6.011167049,250.6311188,248.7123871,15.18781662,70.11489868,Winter,0
12/24/2034,14.05545425,17.63529205,11.34848881,6.75902319,0.632360101,101.9533234,4.812338829,6.007671356,250.7500916,248.8632965,15.12610722,70.15927124,Winter,0
12/25/2034,14.00733757,17.58972359,11.29744816,6.74124527,0.635041535,101.9603119,4.808809757,6.004395962,250.889267,249.0364075,15.06600666,70.20240784,Winter,0
12/26/2034,13.96066284,17.54550362,11.24787903,6.723768234,0.637950718,101.9666595,4.805528164,6.001390457,251.0485535,249.2313538,15.007411,70.24424744,Winter,0
12/27/2034,13.91527748,17.5024662,11.19964123,6.706515312,0.641070008,101.9723358,4.802530289,5.998701572,251.227478,249.4474335,14.95022202,70.284729,Winter,0
12/28/2034,13.8710413,17.46045685,11.15259838,6.689414978,0.64437896,101.9773102,4.799846172,5.996367931,251.4251709,249.6835632,14.89435005,70.3237915,Winter,0
12/29/2034,13.82782173,17.41934586,11.10663128,6.672405243,0.647854447,101.9815445,4.797502995,5.99442482,251.6404877,249.938324,14.83971405,70.36139679,Winter,0
12/30/2034,13.78550434,17.37900925,11.06162357,6.655436516,0.6514709,101.9850311,4.795519352,5.992897987,251.8719025,250.2099304,14.78623581,70.39749908,Winter,0
12/31/2034,13.74398041,17.3393383,11.01746941,6.638465881,0.655200839,101.9877396,4.793912411,5.991811275,252.1177216,250.4963226,14.73385239,70.43206787,Winter,0
1/1/2035,13.70315933,17.30024719,10.97407627,6.621465206,0.659014642,101.9896774,4.792692184,5.991180897,252.3758392,250.7951813,14.68250179,70.46505737,Winter,0
1/2/2035,13.66296482,17.26166153,10.93136978,6.604412079,0.662881017,101.9908142,4.791864395,5.991016388,252.6439819,251.1038818,14.63214207,70.49645996,Winter,0
1/3/2035,13.62333584,17.22352982,10.88927364,6.587296486,0.66676724,101.9911652,4.791429996,5.991321087,252.9196472,251.4196777,14.58273315,70.52622986,Winter,0
1/4/2035,13.58422375,17.18581772,10.8477354,6.570116997,0.670639634,101.9907303,4.791384697,5.992094517,253.2001953,251.739563,14.53424931,70.55438232,Winter,0
1/5/2035,13.54559231,17.14850044,10.80670929,6.552882195,0.674463749,101.9895096,4.791719913,5.993330002,253.4827881,252.0604401,14.4866724,70.58088684,Winter,0
1/6/2035,13.50742817,17.11158752,10.76616669,6.535607338,0.678204656,101.9875259,4.792422771,5.995013237,253.7645874,252.3791504,14.43999577,70.60572815,Winter,0
1/7/2035,13.46973133,17.0750885,10.72609234,6.51831913,0.681827605,101.984787,4.793475628,5.997128487,254.0425873,252.6923523,14.39422226,70.62891388,Winter,0
1/8/2035,13.43250656,17.03904343,10.68647575,6.501050949,0.685297787,101.9813156,4.794858456,5.999651432,254.313736,252.9968109,14.34936333,70.6504364,Winter,0
1/9/2035,13.39578724,17.00349617,10.64732838,6.483839989,0.688581467,101.9771423,4.796545506,6.002555847,254.5750885,253.2892303,14.3054409,70.67028809,Winter,0
1/10/2035,13.35960484,16.96851921,10.60866356,6.466734886,0.691645682,101.9723053,4.798509598,6.005811691,254.8236542,253.566391,14.2624855,70.68846893,Winter,0
1/11/2035,13.32401562,16.93418694,10.57051659,6.44978714,0.69445914,101.9668274,4.800720215,6.009383678,255.0565948,253.8251495,14.22053528,70.70498657,Winter,0
1/12/2035,13.28908539,16.90059471,10.53292561,6.433053017,0.696991801,101.9607468,4.803143978,6.013233185,255.2709961,254.0625,14.17963791,70.71984863,Winter,0
1/13/2035,13.25488281,16.86784935,10.49594212,6.416595459,0.699216068,101.9541168,4.805746078,6.017320156,255.4643097,254.2755737,14.13984776,70.73304749,Winter,0
1/14/2035,13.22149658,16.83606339,10.4596262,6.400476933,0.701106369,101.9469757,4.808488369,6.021600723,255.6340179,254.4617004,14.10122108,70.74460602,Winter,0
1/15/2035,13.18901825,16.80536461,10.42404461,6.384763718,0.702640116,101.9393692,4.811333656,6.026031017,255.7777863,254.6183777,14.06382561,70.7545166,Winter,0
1/16/2035,13.15754795,16.77588272,10.38927746,6.369524002,0.703797221,101.9313583,4.814242363,6.030562878,255.8935547,254.743454,14.0277319,70.76280212,Winter,0
1/17/2035,13.12719345,16.74776268,10.35540104,6.354827881,0.704560757,101.9229813,4.817174911,6.035149574,255.9794464,254.8349457,13.99301338,70.76944733,Winter,0
1/18/2035,13.09806442,16.72114182,10.32250881,6.340742111,0.704917133,101.9143066,4.820089817,6.03974247,256.0338135,254.8911133,13.95974731,70.7744751,Winter,0
1/19/2035,13.07028008,16.69617081,10.29068947,6.327334881,0.704856396,101.9053802,4.822948456,6.044294357,256.0553894,254.9106293,13.92801094,70.77789307,Winter,0
1/20/2035,13.04395866,16.67299461,10.26003838,6.314672947,0.704371631,101.8962555,4.825710773,6.048756123,256.0430298,254.8923798,13.89788628,70.77972412,Winter,0
1/21/2035,13.01921272,16.6517601,10.23065853,6.302818298,0.703459918,101.887001,4.828338623,6.053080559,255.996048,254.8356476,13.86945343,70.779953,Winter,0
1/22/2035,12.996171,16.63261795,10.20264339,6.291831017,0.702121973,101.877655,4.830794811,6.057220936,255.9138489,254.7399292,13.84279251,70.77859497,Winter,0
1/23/2035,12.97494507,16.61570549,10.17609692,6.281768799,0.700362027,101.8682861,4.833043575,6.061134815,255.7962646,254.6051636,13.81797981,70.77568054,Winter,0
1/24/2035,12.95565224,16.60116196,10.15111446,6.27268219,0.698188126,101.8589478,4.835049152,6.064776897,255.6434021,254.4315186,13.79509449,70.77119446,Winter,0
1/25/2035,12.93840408,16.58911514,10.12779427,6.264619827,0.695611715,101.8496857,4.836782455,6.068108082,255.4556122,254.2194824,13.77420902,70.76516724,Winter,0
1/26/2035,12.92330647,16.57969093,10.10622978,6.257621765,0.692647934,101.8405457,4.838210583,6.071089745,255.2335358,253.9699249,13.75538921,70.75761414,Winter,0
1/27/2035,12.91046143,16.57300186,10.08651352,6.251727104,0.689314961,101.8315887,4.839308262,6.073686123,254.9780579,253.6839294,13.73870468,70.74853516,Winter,0
1/28/2035,12.89995956,16.56915092,10.06873226,6.246962547,0.685634136,101.8228531,4.840049267,6.075864792,254.6903381,253.3628235,13.72421169,70.73794556,Winter,0
1/29/2035,12.89188957,16.56822968,10.05296326,6.243354797,0.681629837,101.8143845,4.840412617,6.077596664,254.3717499,253.0083008,13.71196461,70.72586823,Winter,0
1/30/2035,12.88632965,16.57032204,10.03928471,6.240919113,0.677328885,101.8062134,4.840378284,6.078855515,254.0238647,252.6222229,13.70201111,70.71232605,Winter,0
1/31/2035,12.88334465,16.57549286,10.02776337,6.239670753,0.672760665,101.798378,4.839929581,6.079618454,253.6484833,252.2066498,13.69439125,70.69732666,Winter,0
2/1/2035,12.88299656,16.58379555,10.01845932,6.239609718,0.667956412,101.7909088,4.839053154,6.079865456,253.2474976,251.7637939,13.68914032,70.68090057,Winter,0
2/2/2035,12.88532925,16.59527016,10.01142693,6.240738869,0.662949383,101.7838364,4.837738991,6.079581738,252.8229828,251.2961121,13.68628311,70.66307068,Winter,0
2/3/2035,12.89038467,16.6099453,10.00671196,6.243049145,0.657773912,101.7771759,4.835979462,6.078753948,252.377121,250.8061066,13.68584061,70.64385223,Winter,0
2/4/2035,12.89818382,16.62783051,10.0043478,6.246525288,0.652465522,101.7709503,4.833769321,6.077373981,251.9121552,250.296402,13.68782234,70.62328339,Winter,0
2/5/2035,12.90874481,16.64892387,10.00436974,6.251150608,0.647060335,101.7651749,4.831106186,6.075437069,251.4304352,249.7696381,13.69223309,70.60139465,Winter,0
2/6/2035,12.92207527,16.67321014,10.00679111,6.25689888,0.641594648,101.7598495,4.827992439,6.072939396,250.9342346,249.2286072,13.69906998,70.57821655,Winter,0
2/7/2035,12.93816566,16.70065308,10.01162624,6.263741493,0.636104941,101.754982,4.824430466,6.069883823,250.4258881,248.6758881,13.70831966,70.5537796,Winter,0
2/8/2035,12.95699978,16.73121071,10.01887798,6.271644592,0.630626798,101.7505646,4.820425987,6.066274166,249.9076843,248.1142273,13.71996498,70.52812195,Winter,0
2/9/2035,12.97854805,16.76482582,10.02853775,6.280570984,0.625195324,101.7465973,4.815988064,6.062117577,249.3818817,247.5462189,13.73398209,70.50128174,Winter,0
2/10/2035,13.00277519,16.80142784,10.04059505,6.29047823,0.619844139,101.7430725,4.811126232,6.057425022,248.8505402,246.9743042,13.75033569,70.47331238,Winter,0
2/11/2035,13.02963543,16.84093475,10.05502415,6.301323891,0.614605367,101.7399673,4.805854321,6.052208424,248.3157501,246.4008942,13.76898956,70.44424438,Winter,0
2/12/2035,13.05907059,16.88325119,10.07179832,6.313058853,0.609509289,101.7372665,4.800185204,6.04648304,247.7793274,245.8281555,13.78989983,70.41412354,Winter,0
2/13/2035,13.09101677,16.92827415,10.09087849,6.325637817,0.6045838,101.7349472,4.794135571,6.040266991,247.243042,245.2581787,13.81301689,70.38300323,Winter,0
2/14/2035,13.12540054,16.97589874,10.11222076,6.339009285,0.59985435,101.7329712,4.787723064,6.03357935,246.7084045,244.6927643,13.83828354,70.35093689,Winter,0
2/15/2035,13.16214752,17.02599716,10.13578033,6.353125572,0.595343769,101.7313232,4.780965805,6.02644062,246.1767426,244.1335144,13.86564541,70.31796265,Winter,0
2/16/2035,13.20117188,17.07844925,10.16149426,6.367934227,0.591071725,101.7299652,4.773883343,6.018874168,245.6491699,243.5818176,13.8950386,70.2841568,Winter,0
2/17/2035,13.2423811,17.13312149,10.18931007,6.383388519,0.58705467,101.7288513,4.766496181,6.010903358,245.1266022,243.0387726,13.92640114,70.2495575,Winter,0
2/18/2035,13.28568745,17.18988037,10.21915817,6.399438858,0.583305836,101.7279434,4.758826256,6.002553463,244.6097107,242.5052338,13.95965958,70.21421814,Winter,0
2/19/2035,13.33098698,17.24858475,10.25097275,6.416038513,0.579835057,101.727211,4.750894547,5.993850231,244.098938,241.9817963,13.99475098,70.17819214,Winter,0
2/20/2035,13.37818336,17.30909538,10.28468323,6.433145523,0.576648533,101.7266006,4.742722988,5.984819412,243.5943604,241.46875,14.03160095,70.14155579,Winter,0
2/21/2035,13.42717648,17.37127495,10.32021523,6.450716972,0.573748648,101.7260742,4.734333992,5.975488186,243.0960083,240.9660797,14.07014084,70.10435486,Winter,0
2/22/2035,13.47786236,17.4349823,10.35749531,6.468714714,0.571134746,101.7255783,4.725749016,5.965883732,242.6035461,240.4735413,14.11030102,70.0666275,Winter,0
2/23/2035,13.53014183,17.5000782,10.39644909,6.487102509,0.568802118,101.7250748,4.716990471,5.956032753,242.116394,239.9906616,14.15201187,70.02845764,Winter,0
2/24/2035,13.5839138,17.56642914,10.43699837,6.505851746,0.566742837,101.7245178,4.708080292,5.945961475,241.6338043,239.516571,14.19520378,69.98988342,Winter,0
2/25/2035,13.63907719,17.63390923,10.47906876,6.524933815,0.564945757,101.7238541,4.699038506,5.935698032,241.1547699,239.0502625,14.23980999,69.95095825,Winter,0
2/26/2035,13.69554043,17.70238876,10.52258778,6.544323444,0.563396215,101.7230453,4.689887047,5.925266266,240.6781006,238.5904388,14.28577042,69.91174316,Winter,0
2/27/2035,13.75320816,17.77175331,10.56748199,6.564004898,0.562076747,101.7220459,4.680644989,5.914692402,240.2024231,238.1355896,14.3330183,69.87227631,Winter,0
2/28/2035,13.8119936,17.84188843,10.61367989,6.58396244,0.560967326,101.7208099,4.671332836,5.904001713,239.726181,237.6839752,14.38150024,69.83261108,Winter,0
3/1/2035,13.87181187,17.9126873,10.66111565,6.604187489,0.560045063,101.7193069,4.661967754,5.893217087,239.2476807,237.2337646,14.43115997,69.79279327,Spring,1
3/2/2035,13.93258286,17.98406029,10.70972443,6.624671936,0.559285045,101.7174988,4.652568817,5.882363319,238.7650909,236.7828827,14.48194504,69.75285339,Spring,1
3/3/2035,13.9942379,18.05591393,10.75944424,6.645417213,0.558660388,101.7153397,4.643153191,5.871460915,238.2765045,236.3291473,14.53381348,69.71286011,Spring,1
3/4/2035,14.05670166,18.12817574,10.81021404,6.666424751,0.558142781,101.7128143,4.633737087,5.860530853,237.7799377,235.870285,14.58671951,69.67282104,Spring,1
3/5/2035,14.11992073,18.20077324,10.86198902,6.687701702,0.557702422,101.709877,4.624336243,5.849594593,237.2733002,235.4039307,14.640625,69.63276672,Spring,1
3/6/2035,14.18383408,18.27364922,10.91471195,6.709260464,0.557309031,101.7065201,4.614964485,5.838670731,236.7545624,234.9277496,14.69549751,69.59275818,Spring,1
3/7/2035,14.24839401,18.34675217,10.96834087,6.731112957,0.556931317,101.7027206,4.605637074,5.827777863,236.2216492,234.4392395,14.75131035,69.55279541,Spring,1
3/8/2035,14.31356049,18.42004585,11.02283669,6.753277302,0.556538463,101.6984482,4.596366405,5.816933155,235.6725006,233.9360809,14.8080349,69.51290131,Spring,1
3/9/2035,14.37929344,18.49349785,11.07816505,6.775774002,0.556099415,101.6937027,4.587165833,5.806152344,235.1051941,233.4159088,14.86565399,69.47309875,Spring,1
3/10/2035,14.44556618,18.56708908,11.13428879,6.798624039,0.555584192,101.6884766,4.578046799,5.795451164,234.517807,232.8764496,14.92414951,69.43341827,Spring,1
3/11/2035,14.5123539,18.64080238,11.1911869,6.821852207,0.554963589,101.6827621,4.569020748,5.784844398,233.9085388,232.3154907,14.98351192,69.3938446,Spring,1
3/12/2035,14.57963562,18.71463966,11.24883556,6.845486641,0.554209828,101.6765671,4.560098648,5.774344444,233.2757568,231.7310791,15.04372883,69.35441589,Spring,1
3/13/2035,14.64740562,18.78860283,11.30721378,6.869550228,0.553296864,101.6698837,4.551290035,5.763965607,232.6179504,231.1212616,15.10480118,69.31510925,Spring,1
3/14/2035,14.71565056,18.86270142,11.36631012,6.894073486,0.552200675,101.6627274,4.542606354,5.753718853,231.9338074,230.4843292,15.16671848,69.27593994,Spring,1
3/15/2035,14.78436852,18.93695641,11.42611217,6.919081688,0.550899684,101.6551208,4.534054756,5.743615627,231.2221985,229.8188629,15.22949028,69.23690033,Spring,1
3/16/2035,14.85356522,19.01139069,11.48661423,6.94460392,0.549374759,101.6470718,4.525645256,5.733666897,230.482193,229.1234894,15.29311371,69.19799805,Spring,1
3/17/2035,14.92324257,19.08603096,11.54781055,6.970665932,0.547609627,101.6386108,4.51738596,5.723881721,229.7130585,228.3972168,15.35759735,69.15921783,Spring,1
3/18/2035,14.99341202,19.16091347,11.60970211,6.997292995,0.545591235,101.6297531,4.50928545,5.714269638,228.9143372,227.6392517,15.42294502,69.12055969,Spring,1
3/19/2035,15.06408119,19.23607254,11.67228889,7.024508476,0.54330951,101.6205292,4.501351833,5.704839706,228.0858459,226.8490601,15.48917007,69.08200073,Spring,1
3/20/2035,15.13526917,19.31154823,11.73557377,7.052335739,0.540758073,101.6109848,4.493591785,5.695600033,227.2275696,226.0263824,15.55627441,69.04353333,Spring,1
3/21/2035,15.20698738,19.3873806,11.79956436,7.080791473,0.537933707,101.6011429,4.486013889,5.686556816,226.3397675,225.1712341,15.62427616,69.00515747,Spring,1
3/22/2035,15.27925491,19.4636116,11.86426353,7.109894753,0.534836829,101.5910492,4.478623867,5.677718639,225.4229584,224.2839661,15.69317627,68.96682739,Spring,1
3/23/2035,15.35208702,19.5402832,11.92968178,7.139659882,0.531471252,101.5807495,4.471428394,5.669091225,224.4779205,223.3651276,15.76299095,68.92857361,Spring,1
3/24/2035,15.42550468,19.61743736,11.99582577,7.17009449,0.527844489,101.5702667,4.464434147,5.660678864,223.5056305,222.4155426,15.83372307,68.89035034,Spring,1
3/25/2035,15.49952698,19.69511223,12.06270504,7.201210022,0.523967266,101.5596695,4.457647324,5.652488708,222.5073547,221.4364014,15.90538311,68.85214233,Spring,1
3/26/2035,15.57416344,19.77334595,12.13032913,7.233008862,0.519853592,101.548996,4.451072216,5.644524097,221.4845123,220.4290466,15.97797775,68.81394196,Spring,1
3/27/2035,15.64943695,19.85217285,12.19870472,7.265492916,0.515520811,101.5382843,4.444714546,5.636788368,220.438797,219.3950958,16.05151176,68.77574158,Spring,1
3/28/2035,15.72536087,19.93162346,12.26784229,7.298658371,0.51098901,101.5275955,4.438578129,5.629284859,219.3720093,218.33638,16.1259861,68.73751831,Spring,1
3/29/2035,15.80194473,20.01172638,12.33774757,7.332501411,0.506281257,101.5169754,4.432667255,5.622015953,218.2862244,217.2550049,16.20140457,68.69926453,Spring,1
3/30/2035,15.87920189,20.09250641,12.4084301,7.367010593,0.501422763,101.5064621,4.426983833,5.614981651,217.183609,216.153183,16.27776718,68.6609726,Spring,1
3/31/2035,15.95713997,20.17398071,12.47989273,7.402175903,0.496441036,101.4961166,4.421530724,5.608182907,216.0664215,215.0333252,16.35507202,68.62261963,Spring,1
4/1/2035,16.03576469,20.25616264,12.55214024,7.437979698,0.491365433,101.4859772,4.41630888,5.601618767,214.9371033,213.8980103,16.43330956,68.58422089,Spring,1
4/2/2035,16.11508179,20.33906174,12.62518024,7.474406242,0.486226916,101.4760971,4.411317825,5.595285892,213.7981262,212.7499084,16.51247787,68.54575348,Spring,1
4/3/2035,16.19509125,20.42268181,12.6990118,7.511434555,0.481057286,101.4665146,4.406556606,5.589182377,212.6520233,211.5917511,16.59256935,68.50721741,Spring,1
4/4/2035,16.27579498,20.50701904,12.77363777,7.549039841,0.475889325,101.4572754,4.402023792,5.583302498,211.5014191,210.4263458,16.67356873,68.46861267,Spring,1
4/5/2035,16.35718727,20.59207153,12.8490572,7.587201118,0.470756024,101.44841,4.397715092,5.577640533,210.3488159,209.2565765,16.75547028,68.42993164,Spring,1
4/6/2035,16.4392643,20.67782402,12.92527103,7.625889778,0.465690315,101.4399643,4.39362669,5.572188854,209.1967926,208.0852661,16.83825493,68.39117432,Spring,1
4/7/2035,16.52202034,20.76426506,13.00227547,7.665081978,0.460724831,101.4319687,4.389750957,5.566937447,208.0478516,206.9152374,16.92190933,68.35234833,Spring,1
4/8/2035,16.60544205,20.85137177,13.0800705,7.704748154,0.455890864,101.4244614,4.386080265,5.56187582,206.9044189,205.7492371,17.00641823,68.3134613,Spring,1
4/9/2035,16.6895256,20.93912506,13.15865421,7.744862556,0.451218903,101.4174652,4.382605553,5.556991577,205.7688293,204.5899811,17.09176445,68.27450562,Spring,1
4/10/2035,16.77425766,21.02749443,13.2380209,7.785396099,0.446737558,101.4110107,4.379315853,5.552270889,204.6432648,203.4399872,17.17793465,68.23548889,Spring,1
4/11/2035,16.85962868,21.11645508,13.31817055,7.82632494,0.442473263,101.4051132,4.376197338,5.547696114,203.5297852,202.3017578,17.26490784,68.19641876,Spring,1
4/12/2035,16.9456234,21.20597458,13.39909649,7.867622375,0.438450128,101.3997879,4.373236656,5.543250561,202.4303131,201.1775055,17.35266876,68.15729523,Spring,1
4/13/2035,17.03223228,21.29602051,13.48080063,7.909265995,0.434689492,101.3950577,4.370416641,5.538914204,201.3464813,200.0693665,17.44120407,68.11811829,Spring,1
4/14/2035,17.11944771,21.38655853,13.56327629,7.951234341,0.431209594,101.3909225,4.36771965,5.534666061,200.2799377,198.9792175,17.5304966,68.07888794,Spring,1
4/15/2035,17.2072525,21.47756195,13.64652824,7.993507862,0.428025395,101.3873978,4.365126133,5.530481815,199.2318573,197.9087524,17.62053299,68.03961182,Spring,1
4/16/2035,17.29564667,21.56899643,13.73055172,8.036071777,0.425148129,101.3844833,4.362615108,5.526338577,198.2033844,196.8594208,17.71130371,68.00028229,Spring,1
4/17/2035,17.38462257,21.66083336,13.81535339,8.078913689,0.422585219,101.3821793,4.360163689,5.522208214,197.1953278,195.8323822,17.80280304,67.96089172,Spring,1
4/18/2035,17.47417068,21.75304222,13.90093422,8.122022629,0.4203403,101.3804779,4.357746124,5.518063068,196.2083588,194.8286438,17.89501572,67.92142487,Spring,1
4/19/2035,17.56429482,21.84559822,13.98729897,8.165393829,0.418412715,101.3793793,4.355338573,5.513875484,195.2428436,193.8489075,17.98794746,67.88188171,Spring,1
4/20/2035,17.65499687,21.9384861,14.07446098,8.209026337,0.416797817,101.3788528,4.35291338,5.509613991,194.2988892,192.8935547,18.08159447,67.84223938,Spring,1
4/21/2035,17.74628258,22.03168678,14.16242504,8.252922058,0.415486395,101.3789063,4.35044241,5.505247116,193.3764343,191.9628143,18.17596054,67.80245972,Spring,1
4/22/2035,17.83815956,22.12519073,14.25120831,8.297087669,0.414465427,101.379509,4.347897053,5.500743389,192.475174,191.0566101,18.27105141,67.76252747,Spring,1
4/23/2035,17.93064308,22.21898842,14.34082317,8.341533661,0.413717479,101.3806458,4.345247746,5.496069431,191.5945435,190.1745911,18.36687851,67.72240448,Spring,1
4/24/2035,18.02375221,22.31308556,14.43129253,8.386276245,0.41322127,101.3822861,4.342464924,5.491191864,190.7338409,189.3161774,18.46345901,67.68204498,Spring,1
4/25/2035,18.11750221,22.40748215,14.52263165,8.431331635,0.41295141,101.3844147,4.339517117,5.486078739,189.8920898,188.4806061,18.560812,67.6414032,Spring,1
4/26/2035,18.21192741,22.50219917,14.61486721,8.476727486,0.412878871,101.3869934,4.336375237,5.480696201,189.0682068,187.6669006,18.65895844,67.60040283,Spring,1
4/27/2035,18.30705452,22.5972538,14.7080307,8.52248764,0.412971169,101.3899918,4.333007813,5.475010395,188.2609406,186.8738098,18.75792694,67.55900574,Spring,1
4/28/2035,18.40291977,22.69267464,14.80214214,8.56864357,0.413192749,101.3933868,4.329385757,5.46899128,187.4688873,186.1000061,18.85774612,67.51711273,Spring,1
4/29/2035,18.49956131,22.78849411,14.89724255,8.615227699,0.413504988,101.3971481,4.325480938,5.46260643,186.6905518,185.3439636,18.95845413,67.47464752,Spring,1
4/30/2035,18.59702492,22.88475609,14.99335957,8.662277222,0.413866758,101.4012299,4.321264744,5.455825806,185.9242706,184.6040192,19.0600872,67.43151855,Spring,1
5/1/2035,18.69535637,22.98151016,15.09053135,8.709833145,0.414234728,101.4056091,4.316709995,5.44862318,185.168457,183.878418,19.16268921,67.38763428,Spring,1
5/2/2035,18.79460716,23.07880974,15.18879414,8.757932663,0.414563954,101.4102402,4.311793327,5.440970421,184.4213867,183.1653442,19.26630402,67.34286499,Spring,1
5/3/2035,18.8948307,23.17671967,15.28818893,8.806621552,0.414808154,101.4150925,4.306489468,5.432844162,183.6813354,182.4629364,19.37097931,67.29710388,Spring,1
5/4/2035,18.99608231,23.27530479,15.38875484,8.855940819,0.414920002,101.4201355,4.300779819,5.424222946,182.9466095,181.7692871,19.47676468,67.25021362,Spring,1
5/5/2035,19.0984211,23.37463951,15.49053001,8.905935287,0.414851904,101.4253311,4.294643402,5.4150877,182.2155609,181.0825195,19.58371353,67.20207214,Spring,1
5/6/2035,19.20190811,23.47480011,15.59355831,8.95664978,0.414556295,101.4306412,4.28806591,5.405422688,181.486618,180.4007721,19.69187737,67.15252686,Spring,1
5/7/2035,19.30660248,23.57587242,15.69787598,9.008125305,0.413986236,101.4360352,4.281033993,5.395215988,180.758255,179.7222595,19.80130768,67.10142517,Spring,1
5/8/2035,19.41256523,23.67793846,15.80352402,9.06040287,0.413095653,101.4414825,4.273537636,5.384459019,180.0291138,179.0453186,19.91205788,67.0486145,Spring,1
5/9/2035,19.51986122,23.78108788,15.91053867,9.113523483,0.4118402,101.4469528,4.265570164,5.373145103,179.2980042,178.3683167,20.02418518,66.99393463,Spring,1
5/10/2035,19.62854195,23.8854084,16.01895523,9.167523384,0.410177201,101.4524155,4.257127762,5.361275196,178.5637665,177.6898956,20.13773537,66.93720245,Spring,1
5/11/2035,19.73867035,23.99098969,16.12880707,9.222434044,0.408066571,101.45784,4.248211861,5.348850727,177.825592,177.0087128,20.25276184,66.87825012,Spring,1
5/12/2035,19.85029984,24.09792137,16.24011993,9.278287888,0.405471057,101.4631958,4.238826752,5.335879803,177.0827332,176.3237457,20.36930847,66.81690979,Spring,1
5/13/2035,19.96347809,24.20628929,16.35292244,9.335107803,0.402356654,101.4684753,4.228979588,5.32237339,176.3347321,175.634079,20.48742294,66.75299072,Spring,1
5/14/2035,20.07825851,24.31617928,16.46723175,9.392913818,0.398692876,101.4736404,4.218683243,5.308347702,175.5813751,174.9390717,20.60713959,66.68630981,Spring,1
5/15/2035,20.19467354,24.42767334,16.58306694,9.451721191,0.394453347,101.4786758,4.207952976,5.293823719,174.8226013,174.238266,20.72849846,66.61669922,Spring,1
5/16/2035,20.31276512,24.54084778,16.70043564,9.511539459,0.389615685,101.4835587,4.196809292,5.278824329,174.0586548,173.5315094,20.85152817,66.5439682,Spring,1
5/17/2035,20.43255997,24.65577126,16.81934357,9.572369576,0.384162486,101.4882813,4.185276031,5.263381004,173.2900085,172.8188477,20.97624969,66.46794128,Spring,1
5/18/2035,20.55408096,24.77250671,16.939785,9.634207726,0.378080785,101.4928284,4.173379898,5.247525692,172.5173492,172.1006012,21.10268402,66.38844299,Spring,1
5/19/2035,20.67734528,24.89111519,17.06175232,9.697042465,0.371362507,101.4971848,4.16115284,5.231295109,171.7416992,171.3773651,21.23083878,66.30530548,Spring,1
5/20/2035,20.80234909,25.01163673,17.18523026,9.760856628,0.364004791,101.5013351,4.148629189,5.21473217,170.9642029,170.6499786,21.36071968,66.21836853,Spring,1
5/21/2035,20.92909813,25.13411331,17.31019402,9.825622559,0.356009871,101.5052872,4.135847092,5.197881699,170.1863098,169.9194489,21.4923172,66.12748718,Spring,1
5/22/2035,21.05757523,25.25857162,17.43660927,9.891310692,0.347385198,101.5090179,4.122848034,5.180790901,169.4096527,169.1871643,21.6256218,66.03250122,Spring,1
5/23/2035,21.18775749,25.38502693,17.56443596,9.957876205,0.338143289,101.5125351,4.109676361,5.163513184,168.6360931,168.4546509,21.76060867,65.93327332,Spring,1
5/24/2035,21.31961441,25.51348305,17.6936264,10.02527428,0.328301698,101.515831,4.096378326,5.146101952,167.86763,167.7236023,21.89725113,65.82969666,Spring,1
5/25/2035,21.45309639,25.64393234,17.82412148,10.09345055,0.317883104,101.5189133,4.083003521,5.128614426,167.1064758,166.9960022,22.03549957,65.72164917,Spring,1
5/26/2035,21.58815765,25.77635384,17.95585823,10.16234016,0.306914836,101.5217667,4.069602013,5.11111021,166.3549347,166.2739716,22.17531586,65.60905457,Spring,1
5/27/2035,21.72472954,25.91071129,18.08876038,10.23187828,0.295428902,101.5244141,4.05622673,5.093649864,165.6154785,165.5597839,22.31662941,65.49182129,Spring,1
5/28/2035,21.86273766,26.04695892,18.2227478,10.30198765,0.283461511,101.5268478,4.042931557,5.076294422,164.8906097,164.8557587,22.4593811,65.36990356,Spring,1
5/29/2035,22.00209999,26.18503761,18.35773087,10.37259102,0.271052748,101.529068,4.029770851,5.05910778,164.1829529,164.1644592,22.60348892,65.24324036,Spring,1
5/30/2035,22.14271736,26.32486725,18.49361038,10.4435997,0.25824663,101.5310898,4.016798019,5.042152405,163.4951019,163.4884033,22.74886703,65.11181641,Spring,1
5/31/2035,22.28448486,26.46636772,18.63028717,10.51492691,0.245090291,101.5329208,4.004068851,5.025490761,162.8296509,162.8301697,22.89542389,64.97564697,Spring,1
6/1/2035,22.42729378,26.60943604,18.76764297,10.58647633,0.231633648,101.5345612,3.991637707,5.009185314,162.1892242,162.1923218,23.04305267,64.83472443,Summer,2
6/2/2035,22.5710144,26.75395393,18.90556717,10.65814972,0.217929065,101.536026,3.979556799,4.993296623,161.5763245,161.5774689,23.19164276,64.6891098,Summer,2
6/3/2035,22.71551895,26.89980507,19.04393005,10.72984982,0.204030886,101.5373154,3.967877626,4.977883339,160.9934082,160.9881287,23.34107208,64.53885651,Summer,2
6/4/2035,22.86067009,27.0468483,19.18260574,10.80147266,0.189994827,101.5384521,3.956650734,4.963002682,160.4427032,160.4266357,23.49122238,64.38405609,Summer,2
6/5/2035,23.00631714,27.19493866,19.32146454,10.87291622,0.175877675,101.5394211,3.945921898,4.948708057,159.9264069,159.89534,23.64195633,64.224823,Summer,2
6/6/2035,23.15231514,27.34391594,19.4603672,10.94407654,0.161736488,101.5402527,3.935736656,4.935050011,159.4464417,159.3963776,23.79314041,64.0612793,Summer,2
6/7/2035,23.29850578,27.49362183,19.59917641,11.01485443,0.147628367,101.540947,3.926136017,4.922076225,159.0045319,158.9316406,23.94462967,63.89358521,Summer,2
6/8/2035,23.44472694,27.64387512,19.7377491,11.08514309,0.133609623,101.5415115,3.917158365,4.90982914,158.6022339,158.5029449,24.09628105,63.7219162,Summer,2
6/9/2035,23.59081459,27.79450035,19.87594414,11.15484905,0.119735971,101.5419464,3.908836842,4.898346424,158.2406921,158.1117401,24.24794197,63.5464859,Summer,2
6/10/2035,23.73660278,27.94530678,20.01362038,11.22387505,0.106060907,101.5422745,3.901200771,4.887662411,157.9209137,157.7592773,24.39946175,63.36751556,Summer,2
6/11/2035,23.88192749,28.09610939,20.15063095,11.29212952,0.09263628,101.5424881,3.894276857,4.877804756,157.6434937,157.4464569,24.5506897,63.18524551,Summer,2
6/12/2035,24.02661896,28.24671173,20.28684235,11.35952759,0.079511397,101.5426025,3.888083696,4.868796825,157.408783,157.1740417,24.70146942,62.99994659,Summer,2
6/13/2035,24.17051315,28.39691925,20.4221096,11.42598629,0.066732436,101.5426178,3.882637024,4.860654354,157.2167664,156.942276,24.85165024,62.81191254,Summer,2
6/14/2035,24.31344032,28.54653549,20.55629921,11.49143124,0.05434259,101.5425339,3.877947092,4.853387833,157.0670624,156.7511749,25.00107574,62.62144089,Summer,2
6/15/2035,24.45524597,28.695364,20.68927765,11.55579472,0.042381216,101.542366,3.874018908,4.847002983,156.9590149,156.6004333,25.14959717,62.42886353,Summer,2
6/16/2035,24.59576988,28.84321022,20.82092285,11.61901665,0.030883649,101.5421066,3.870851278,4.841497421,156.8915405,156.4893494,25.29706955,62.23452759,Summer,2
6/17/2035,24.73485756,28.98988533,20.95110893,11.68104362,0.019881053,101.5417633,3.868438482,4.836863518,156.8632813,156.4169159,25.44334412,62.0387764,Summer,2
6/18/2035,24.87236595,29.13520241,21.07972145,11.74183273,0.009400204,101.5413437,3.86676836,4.833087444,156.8724976,156.3817291,25.58828354,61.84199905,Summer,2
6/19/2035,25.00815392,29.27898216,21.20665359,11.80134773,-0.000536813,101.5408325,3.865823984,4.830147743,156.9171295,156.3820953,25.73175049,61.6445694,Summer,2
6/20/2035,25.14208794,29.42104912,21.33179855,11.85956287,-0.009912563,101.5402374,3.865583181,4.828019142,156.994812,156.4160309,25.87361908,61.44688416,Summer,2
6/21/2035,25.27404594,29.56123543,21.4550705,11.91646004,-0.018714784,101.5395584,3.866019249,4.826668262,157.1028595,156.4811401,26.01376724,61.24934387,Summer,2
6/22/2035,25.40390778,29.69938278,21.57637787,11.97203255,-0.026935387,101.5388031,3.86709857,4.82605648,157.238327,156.5748444,26.15207672,61.05236053,Summer,2
6/23/2035,25.53157234,29.83534622,21.69564819,12.02628231,-0.034571651,101.5379562,3.868784428,4.826141357,157.398056,156.6941986,26.2884407,60.85636139,Summer,2
6/24/2035,25.65694046,29.9689846,21.8128109,12.07922077,-0.041625276,101.5370178,3.871034861,4.826873779,157.5785522,156.8360291,26.42275238,60.66175842,Summer,2
6/25/2035,25.7799263,30.10016823,21.92781067,12.1308651,-0.048102487,101.5360031,3.873805285,4.828199863,157.7762299,156.9970093,26.55492783,60.46897125,Summer,2
6/26/2035,25.90045357,30.22878647,22.0405941,12.18124676,-0.0540139,101.5348892,3.877045155,4.830062866,157.9873047,157.1735687,26.68487549,60.27841568,Summer,2
6/27/2035,26.0184536,30.35472679,22.15112495,12.23040199,-0.059374459,101.5336838,3.880702734,4.832400799,158.20784,157.3619232,26.81251907,60.09052277,Summer,2
6/28/2035,26.13387489,30.47790146,22.2593689,12.27837563,-0.064202264,101.5323792,3.884722471,4.835148811,158.4339142,157.5582886,26.93779755,59.90570068,Summer,2
6/29/2035,26.24666977,30.59822464,22.36530495,12.32522202,-0.068519562,101.5309906,3.889045715,4.838240623,158.6613922,157.758728,27.06064224,59.7243576,Summer,2
6/30/2035,26.35680389,30.7156353,22.46892357,12.37099838,-0.072351523,101.5294952,3.893613577,4.841605186,158.8862305,157.9592743,27.18100739,59.54689026,Summer,2
7/1/2035,26.46425438,30.8300724,22.57021523,12.41577148,-0.075725704,101.5279007,3.898364544,4.845171928,159.1044006,158.155899,27.29885101,59.37369537,Summer,2
7/2/2035,26.56899834,30.94148827,22.66918373,12.45960903,-0.078672044,101.5262146,3.903236866,4.848870277,159.3119507,158.3447266,27.41413498,59.20514297,Summer,2
7/3/2035,26.67103767,31.04985046,22.76583862,12.50259113,-0.081222527,101.5244217,3.908168793,4.85262537,159.5050354,158.5218811,27.52682877,59.0416069,Summer,2
7/4/2035,26.77036667,31.15513802,22.86020279,12.54479408,-0.083409965,101.5225372,3.91309762,4.856366634,159.6799011,158.6835785,27.63691711,58.88343811,Summer,2
7/5/2035,26.86699867,31.25733757,22.95229149,12.58630085,-0.085268125,101.520546,3.917963028,4.860023975,159.8330994,158.8262634,27.74437714,58.73097229,Summer,2
7/6/2035,26.96094704,31.35644531,23.04213905,12.6271925,-0.08683116,101.5184708,3.922705173,4.863526821,159.961319,158.9465637,27.84920883,58.58451843,Summer,2
7/7/2035,27.05223656,31.45246315,23.12977791,12.66755295,-0.088132508,101.5162964,3.927266121,4.866808414,160.0615692,159.0413055,27.95140457,58.44438171,Summer,2
7/8/2035,27.14089394,31.54541016,23.21524429,12.70746899,-0.089205541,101.5140381,3.931591272,4.869804382,160.1311798,159.1076202,28.05096054,58.31084442,Summer,2
7/9/2035,27.22694588,31.6353054,23.29857826,12.74701977,-0.090081461,101.5116882,3.935627222,4.872454643,160.1677094,159.1429443,28.14788818,58.18416977,Summer,2
7/10/2035,27.31043053,31.72216797,23.37982178,12.78628635,-0.090790384,101.5092697,3.939326048,4.874701977,160.1691895,159.14505,28.24219513,58.06458664,Summer,2
7/11/2035,27.39138794,31.806036,23.45901871,12.82534504,-0.091359384,101.5067749,3.942642212,4.876494884,160.1340027,159.1120453,28.33388519,57.9523201,Summer,2
7/12/2035,27.46985054,31.88694,23.53621483,12.86426926,-0.09181349,101.5042114,3.945536137,4.877785206,160.0609741,159.0425262,28.42297745,57.84755707,Summer,2
7/13/2035,27.54586411,31.96492004,23.61144638,12.90312386,-0.092174008,101.5015945,3.947970867,4.878532887,159.9492798,158.9353943,28.50947952,57.75047302,Summer,2
7/14/2035,27.61945724,32.04000854,23.68476105,12.94197178,-0.092458919,101.4989319,3.949916601,4.878702164,159.798645,158.7900543,28.59340668,57.66121674,Summer,2
7/15/2035,27.69066811,32.11224747,23.75619698,12.98086548,-0.092682146,101.4962311,3.951346874,4.878262997,159.6091766,158.6062927,28.67476273,57.57991409,Summer,2
7/16/2035,27.75953865,32.18166733,23.82578659,13.01985073,-0.092853233,101.4934998,3.952242136,4.877192974,159.381485,158.3844299,28.75356674,57.50666809,Summer,2
7/17/2035,27.82608414,32.24831009,23.89356041,13.05896568,-0.092977434,101.4907532,3.952588558,4.87547636,159.1166687,158.1252289,28.82981491,57.44155121,Summer,2
7/18/2035,27.8903389,32.31219864,23.95955086,13.09823799,-0.093054928,101.4880066,3.952377558,4.873103619,158.8162231,157.829834,28.90351868,57.38463593,Summer,2
7/19/2035,27.95231628,32.37337112,24.02376938,13.13768578,-0.093081117,101.48526,3.951607704,4.870073318,158.4821167,157.499939,28.97467804,57.33594513,Summer,2
7/20/2035,28.01203537,32.43183899,24.08623695,13.17731953,-0.093046412,101.4825439,3.950282335,4.866391182,158.1167908,157.1376953,29.04328537,57.29550171,Summer,2
7/21/2035,28.06949997,32.48761749,24.1469593,13.21713448,-0.092936099,101.4798584,3.948411465,4.862068653,157.723114,156.745575,29.10932922,57.26329803,Summer,2
7/22/2035,28.12470436,32.54072189,24.20593262,13.25711918,-0.092730418,101.4772186,3.946011543,4.857125759,157.3043518,156.3265686,29.17280197,57.23930359,Summer,2
7/23/2035,28.17764473,32.59114838,24.26315498,13.29724693,-0.092404574,101.4746399,3.94310379,4.851589203,156.86409,155.884079,29.2336731,57.22348404,Summer,2
7/24/2035,28.22830009,32.63888931,24.31860161,13.33748436,-0.091928735,101.4721375,3.939715862,4.845490932,156.4063568,155.4217987,29.29192734,57.21577072,Summer,2
7/25/2035,28.27664566,32.68392563,24.37225723,13.37778568,-0.091268554,101.4697266,3.935880184,4.838871479,155.9354706,154.9437714,29.34752274,57.21608734,Summer,2
7/26/2035,28.322649,32.72623444,24.4240818,13.41809368,-0.090385303,101.4674149,3.931634188,4.831774712,155.4559784,154.4544067,29.40042114,57.22434235,Summer,2
7/27/2035,28.36626053,32.76577377,24.47403145,13.4583416,-0.089235991,101.4652176,3.92702055,4.824253082,154.9727936,153.9583282,29.4505806,57.24042511,Summer,2
7/28/2035,28.40743446,32.80251694,24.52206802,13.49845123,-0.087773882,101.46315,3.922086716,4.816362858,154.4908295,153.4603729,29.49794769,57.26421356,Summer,2
7/29/2035,28.44610596,32.83639145,24.56812286,13.53833485,-0.085948929,101.4612198,3.916882992,4.808163166,154.0153046,152.9656219,29.5424614,57.29557419,Summer,2
7/30/2035,28.48220825,32.86734772,24.61212921,13.57789707,-0.083708048,101.4594421,3.911462545,4.799720287,153.5515594,152.4792328,29.58406067,57.33436584,Summer,2
7/31/2035,28.51566505,32.89530945,24.65402031,13.61703396,-0.080995828,101.4578247,3.905883551,4.791102886,153.1048889,152.0065002,29.62267685,57.38043213,Summer,2
8/1/2035,28.54639053,32.92019653,24.69371033,13.65563297,-0.077755108,101.4563751,3.900204897,4.782382011,152.6806793,151.5527039,29.65822983,57.43361664,Summer,2
8/2/2035,28.57430077,32.94192886,24.73111153,13.69357491,-0.073927291,101.4551163,3.894487143,4.773631573,152.2842102,151.1231689,29.69064331,57.4937439,Summer,2
8/3/2035,28.59929276,32.96040726,24.76613617,13.73073578,-0.069452941,101.4540405,3.88879323,4.76492691,151.9207001,150.7231598,29.71982956,57.56063843,Summer,2
8/4/2035,28.62127304,32.97553635,24.79868317,13.76698399,-0.064272784,101.4531631,3.883185863,4.756343842,151.5952606,150.3577728,29.74570847,57.63412476,Summer,2
8/5/2035,28.64013481,32.98720551,24.82864952,13.80219078,-0.058328204,101.4524841,3.877727985,4.747959137,151.3127441,150.0320129,29.76818848,57.71401978,Summer,2
8/6/2035,28.65576744,32.99531555,24.85593224,13.83621502,-0.051561542,101.4520111,3.872481585,4.739848614,151.0778351,149.7506409,29.78717804,57.80014038,Summer,2
8/7/2035,28.66807175,32.99975586,24.88042259,13.86892605,-0.043917231,101.4517593,3.867507935,4.732086182,150.8948517,149.5181885,29.8025856,57.89229202,Summer,2
8/8/2035,28.67693138,33.00041199,24.90201569,13.90017986,-0.035342027,101.4517136,3.862865925,4.724744797,150.7678375,149.3388519,29.8143158,57.99029541,Summer,2
8/9/2035,28.68224335,32.99716949,24.92059708,13.929842,-0.025786193,101.4518814,3.858612776,4.717895031,150.70047,149.2165375,29.82228088,58.09395218,Summer,2
8/10/2035,28.68389702,32.98992538,24.93606567,13.95777893,-0.015203353,101.4522705,3.85480237,4.711601734,150.6959991,149.1547546,29.82639694,58.20308304,Summer,2
8/11/2035,28.68179512,32.97856903,24.94830894,13.98385811,-0.003552132,101.4528732,3.851484537,4.705928802,150.7572632,149.1564941,29.8265686,58.31749725,Summer,2
8/12/2035,28.67583656,32.96300125,24.95723534,14.00795174,0.009204464,101.4536896,3.848706007,4.70093441,150.8865356,149.2245178,29.8227272,58.43701172,Summer,2
8/13/2035,28.66592598,32.94312286,24.96273804,14.02993965,0.023097279,101.4547119,3.846508503,4.696670532,151.0857086,149.3609161,29.814785,58.56143951,Summer,2
8/14/2035,28.65198326,32.91884613,24.96472931,14.04970455,0.038151469,101.4559479,3.844929457,4.693185806,151.3561096,149.5673523,29.80268097,58.69061279,Summer,2
8/15/2035,28.63393402,32.89008713,24.96312523,14.06713963,0.054385658,101.4573822,3.844000578,4.690520287,151.6985016,149.8449249,29.78635025,58.82433701,Summer,2
8/16/2035,28.61170578,32.85677719,24.95784569,14.08214474,0.071811557,101.4590073,3.843747377,4.688708782,152.1131897,150.1943054,29.76573563,58.96244812,Summer,2
8/17/2035,28.58524323,32.8188591,24.94882584,14.09462929,0.090433337,101.4608307,3.844190598,4.68778038,152.5997772,150.6154785,29.74079514,59.10477066,Summer,2
8/18/2035,28.55450249,32.77628326,24.93599892,14.10451698,0.110247821,101.4628296,3.845344782,4.687754154,153.1574249,151.1079712,29.71149445,59.25113297,Summer,2
8/19/2035,28.51944923,32.72901917,24.91932106,14.11173439,0.131243989,101.465004,3.847217798,4.688644886,153.784729,151.6707611,29.67780685,59.40137482,Summer,2
8/20/2035,28.4800663,32.67705154,24.89875412,14.1162262,0.153402716,101.4673462,3.849810839,4.690458298,154.4797211,152.3022461,29.63972092,59.55532074,Summer,2
8/21/2035,28.43634796,32.62037277,24.87426949,14.11794567,0.176696807,101.4698486,3.85311985,4.693192005,155.2399292,153.0003052,29.597229,59.7128067,Summer,2
8/22/2035,28.38830376,32.55899811,24.84585953,14.11686134,0.20109123,101.472496,3.857133389,4.696837902,156.0623016,153.7622986,29.550354,59.87368011,Summer,2
8/23/2035,28.3359642,32.49296188,24.81352043,14.11294937,0.226542443,101.4752808,3.861834526,4.701378345,156.9433899,154.5851135,29.49910736,60.03777313,Summer,2
8/24/2035,28.27936363,32.42230606,24.77726173,14.10620499,0.252999127,101.4781952,3.867199183,4.706790924,157.8792572,155.4651642,29.44353485,60.20493317,Summer,2
8/25/2035,28.21856117,32.34711075,24.73711586,14.09663105,0.280402303,101.4812317,3.873198509,4.71304369,158.8655548,156.3983917,29.38368988,60.37498474,Summer,2
8/26/2035,28.1536293,32.26745224,24.69312096,14.08424664,0.308685124,101.4843826,3.879797697,4.720098495,159.8975525,157.3804321,29.31962967,60.5477829,Summer,2
8/27/2035,28.08465576,32.18343353,24.64532852,14.06908131,0.3377738,101.4876328,3.8869555,4.727911949,160.970108,158.4064178,29.25143814,60.72315216,Summer,2
8/28/2035,28.01174736,32.09518051,24.59380722,14.05117607,0.367587537,101.4909744,3.894627333,4.736433029,162.0778809,159.4712677,29.17920303,60.90093613,Summer,2
8/29/2035,27.93502235,32.00283051,24.53864098,14.0305872,0.398039162,101.4944,3.902763605,4.745605946,163.2152405,160.5696259,29.10303116,61.08096313,Summer,2
8/30/2035,27.85461235,31.90654182,24.47991943,14.00738049,0.429035604,101.4979019,3.911309481,4.755369186,164.376358,161.6958771,29.02303314,61.26306915,Summer,2
8/31/2035,27.77066994,31.80648613,24.4177494,13.98163128,0.460478514,101.5014725,3.920208454,4.765658379,165.5552673,162.8442383,28.93935013,61.44707489,Summer,2
9/1/2035,27.68335152,31.70285606,24.35224915,13.95342445,0.492264748,101.5050964,3.929399967,4.77640295,166.7458801,164.0087891,28.85211563,61.63280487,Autumn,3
9/2/2035,27.59283638,31.59585381,24.28354836,13.92285824,0.524287045,101.5087814,3.938820839,4.787530899,167.9421234,165.1836243,28.76148224,61.82007599,Autumn,3
9/3/2035,27.49930191,31.48569489,24.21178436,13.89003372,0.556434929,101.5125198,3.948406458,4.798967838,169.1379089,166.3627472,28.66761398,62.00870895,Autumn,3
9/4/2035,27.40295219,31.37260628,24.13710213,13.85506153,0.588595033,101.5162888,3.958091497,4.810635567,170.3272552,167.5402222,28.57068253,62.1985054,Autumn,3
9/5/2035,27.3039856,31.25683784,24.05966759,13.81805801,0.620652378,101.5201035,3.967809439,4.82245779,171.5042572,168.7102661,28.47086716,62.38926697,Autumn,3
9/6/2035,27.20261383,31.1386261,23.97963524,13.77914524,0.652490616,101.5239487,3.977493525,4.834356308,172.6632538,169.8671722,28.36834717,62.58079147,Autumn,3
9/7/2035,27.09905243,31.01823425,23.89717674,13.7384491,0.68399322,101.5278168,3.98707962,4.846251965,173.7988129,171.0055389,28.26332474,62.77287292,Autumn,3
9/8/2035,26.99352455,30.89592361,23.81246376,13.69609642,0.7150442,101.531723,3.996503115,4.85807085,174.905777,172.1201019,28.1559906,62.96529007,Autumn,3
9/9/2035,26.88624954,30.7719593,23.72567558,13.65221596,0.745528758,101.5356445,4.005702019,4.869737148,175.9793701,173.2060394,28.04654312,63.15782166,Autumn,3
9/10/2035,26.77745438,30.64660835,23.63698769,13.60693836,0.775334239,101.5395889,4.014617443,4.881180286,177.0151062,174.2588043,27.93518829,63.35024261,Autumn,3
9/11/2035,26.66736031,30.52013779,23.54657936,13.56039143,0.804350793,101.5435562,4.023193836,4.892332554,178.0090179,175.2742462,27.82212448,63.54232788,Autumn,3
9/12/2035,26.5561924,30.39281082,23.4546299,13.51270008,0.832472205,101.5475388,4.031378746,4.903130054,178.9575653,176.2487488,27.70755005,63.73383331,Autumn,3
9/13/2035,26.44416237,30.26488686,23.36131287,13.46398926,0.859596729,101.5515442,4.039124966,4.913512707,179.8577271,177.1790314,27.59167099,63.92451096,Autumn,3
9/14/2035,26.33148003,30.13662148,23.2667942,13.41437435,0.885627687,101.5555649,4.046390057,4.923429489,180.7070007,178.0623627,27.47467804,64.11411285,Autumn,3
9/15/2035,26.21834755,30.00825882,23.17124557,13.36396885,0.910473883,101.5596008,4.053136826,4.932830811,181.5033875,178.896637,27.35676193,64.30240631,Autumn,3
9/16/2035,26.10496521,29.88003349,23.07482338,13.31287766,0.934050739,101.563652,4.059333324,4.941676617,182.2455139,179.6802063,27.23810196,64.48911285,Autumn,3
9/17/2035,25.99150276,29.75216484,22.9776783,13.26119995,0.956280708,101.5677261,4.064956188,4.949933052,182.9325714,180.411972,27.11888123,64.67399597,Autumn,3
9/18/2035,25.8781414,29.62486458,22.87995148,13.20902348,0.977093279,101.5718079,4.069984913,4.957573414,183.5643616,181.0914307,26.99925613,64.85679626,Autumn,3
9/19/2035,25.76503181,29.49832344,22.78177071,13.15642738,0.996426046,101.5759125,4.074408054,4.964578152,184.1412506,181.71875,26.87939072,65.0372467,Autumn,3
9/20/2035,25.65231133,29.37271881,22.68325996,13.10348511,1.014225125,101.5800323,4.078220367,4.970937252,184.6642151,182.2945709,26.75942993,65.21509552,Autumn,3
9/21/2035,25.54011154,29.24820328,22.58452225,13.05025196,1.03044486,101.5841599,4.081424236,4.976645947,185.1347961,182.8201294,26.63950729,65.39009094,Autumn,3
9/22/2035,25.42853355,29.12491226,22.4856472,12.99677849,1.045048594,101.5883026,4.084028244,4.981710434,185.5550842,183.2972565,26.51973724,65.5619812,Autumn,3
9/23/2035,25.31766891,29.00296211,22.38672447,12.94309902,1.058008909,101.592453,4.086048126,4.986143112,185.9277954,183.728302,26.40023041,65.73052979,Autumn,3
9/24/2035,25.2075882,28.8824482,22.28780746,12.88924122,1.069307327,101.596611,4.087507248,4.989966869,186.2561188,184.1161804,26.28107834,65.89547729,Autumn,3
9/25/2035,25.0983429,28.76343536,22.18895149,12.83521557,1.078934669,101.6007767,4.088435173,4.993209362,186.5436859,184.4641876,26.16235733,66.05659485,Autumn,3
9/26/2035,24.98996544,28.6459713,22.09018707,12.78102589,1.086891055,101.6049347,4.088868141,4.995907307,186.794693,184.7762451,26.04412842,66.21365356,Autumn,3
9/27/2035,24.88246536,28.53007889,21.99153519,12.72666073,1.093185425,101.6090927,4.088848114,4.998106003,187.0136566,185.0566101,25.92643356,66.36645508,Autumn,3
9/28/2035,24.77583313,28.41575623,21.89299011,12.67209816,1.097835779,101.6132355,4.088424683,4.999856949,187.2055359,185.309845,25.8093071,66.51477051,Autumn,3
9/29/2035,24.67004204,28.30297852,21.79454422,12.61730576,1.100868821,101.6173706,4.08765173,5.001216888,187.3756256,185.5410309,25.69276428,66.65842438,Autumn,3
9/30/2035,24.5650444,28.19169426,21.69616508,12.5622406,1.102319717,101.6214752,4.086587906,5.002252102,187.5294495,185.7553864,25.57679749,66.79722595,Autumn,3
10/1/2035,24.46077538,28.0818367,21.59781075,12.5068512,1.102231264,101.6255493,4.085297108,5.003030777,187.6727753,185.9584351,25.46138954,66.93100739,Autumn,3
10/2/2035,24.35714531,27.97330666,21.49942207,12.45107174,1.100654244,101.6295853,4.083847523,5.003628731,187.811554,186.1559448,25.34651184,67.05962372,Autumn,3
10/3/2035,24.25405502,27.8659935,21.40092087,12.39483452,1.097646236,101.6335678,4.0823102,5.004124641,187.9519043,186.3536835,25.2321167,67.18293762,Autumn,3
10/4/2035,24.15139008,27.75975609,21.30222511,12.33806133,1.093271613,101.6374969,4.080760479,5.004601955,188.0999146,186.5575562,25.11814308,67.30082703,Autumn,3
10/5/2035,24.04901123,27.65444374,21.20323753,12.28066826,1.08760035,101.6413498,4.079273701,5.005145073,188.2617035,186.7735291,25.00452042,67.41320801,Autumn,3
10/6/2035,23.94677544,27.5498848,21.10384369,12.22256374,1.080708265,101.6451263,4.077928543,5.005843639,188.4433899,187.0074921,24.89115906,67.51997375,Autumn,3
10/7/2035,23.84452057,27.44589043,21.00393105,12.16365623,1.072675467,101.6488113,4.076802731,5.006785393,188.6509094,187.265213,24.77796173,67.62109375,Autumn,3
10/8/2035,23.74207878,27.34226036,20.903368,12.10384846,1.063586354,101.6523895,4.075975895,5.008059978,188.8900757,187.5523682,24.66483307,67.71650696,Autumn,3
10/9/2035,23.63927269,27.23878098,20.80202293,12.04304123,1.053528786,101.6558533,4.075526714,5.009757996,189.1664734,187.8743134,24.551651,67.80621338,Autumn,3
10/10/2035,23.53591156,27.13522911,20.69975281,11.98113632,1.042592883,101.6591873,4.07553196,5.011966705,189.4853516,188.2363129,24.43829346,67.89019775,Autumn,3
10/11/2035,23.43181038,27.03137398,20.59641266,11.91803551,1.030870914,101.662384,4.076066494,5.014771461,189.8516693,188.6431732,24.32463455,67.9684906,Autumn,3
10/12/2035,23.32677078,26.92698288,20.49185753,11.85364151,1.018456459,101.6654282,4.077203274,5.018258095,190.2700653,189.0993958,24.2105484,68.0411377,Autumn,3
10/13/2035,23.22059631,26.82181168,20.38594055,11.78786278,1.005443335,101.6683121,4.079010487,5.022504807,190.7446747,189.6091156,24.09589386,68.10820007,Autumn,3
10/14/2035,23.11309814,26.71562576,20.27851295,11.72061157,0.991925418,101.6710205,4.081553936,5.027586937,191.2792664,190.1759491,23.98053741,68.16976929,Autumn,3
10/15/2035,23.00407791,26.60818481,20.16942787,11.65180397,0.977995336,101.6735458,4.084893703,5.033576488,191.8769684,190.8030701,23.86434364,68.22595978,Autumn,3
10/16/2035,22.89335251,26.49925804,20.05854797,11.58136559,0.963744581,101.6758804,4.089085102,5.04053688,192.5404968,191.4931641,23.74718285,68.27688599,Autumn,3
10/17/2035,22.78073883,26.38861275,19.94573593,11.50922775,0.949262142,101.678009,4.094177246,5.048527718,193.272049,192.2483521,23.62891769,68.32269287,Autumn,3
10/18/2035,22.66606522,26.27603912,19.83086777,11.43533516,0.934634328,101.6799316,4.100214005,5.057600021,194.0731354,193.0701752,23.50942993,68.36355591,Autumn,3
10/19/2035,22.54917336,26.16132355,19.71382141,11.35963631,0.919944167,101.6816406,4.107231617,5.067798138,194.944809,193.959671,23.38859558,68.3996582,Autumn,3
10/20/2035,22.42990875,26.04427719,19.59448814,11.28209686,0.905270875,101.683136,4.115260601,5.079157829,195.8873596,194.9172058,23.26630211,68.43119812,Autumn,3
10/21/2035,22.30814362,25.92471886,19.4727726,11.20269108,0.890689135,101.6844025,4.124322891,5.091708183,196.90065,195.9426117,23.14244843,68.45838928,Autumn,3
10/22/2035,22.18375206,25.80249023,19.34858894,11.12140656,0.876269162,101.6854477,4.134433746,5.105467796,197.9837952,197.0350494,23.01694489,68.48147583,Autumn,3
10/23/2035,22.0566349,25.67744637,19.22186852,11.03824139,0.862075627,101.6862793,4.145599842,5.120446205,199.1354218,198.1932373,22.88970566,68.50067902,Autumn,3
10/24/2035,21.92671013,25.54946899,19.092556,10.95321274,0.848168433,101.686882,4.157820702,5.136646748,200.3535614,199.4151764,22.76066399,68.5162735,Autumn,3
10/25/2035,21.79391098,25.41845703,18.96061516,10.86634541,0.834601402,101.6872787,4.171088219,5.154060841,201.6355896,200.6983643,22.62976074,68.52851868,Autumn,3
10/26/2035,21.65819168,25.28433609,18.82602119,10.77768326,0.821422637,101.6874695,4.185385704,5.172671318,202.9784546,202.0397644,22.49695969,68.53770447,Autumn,3
10/27/2035,21.51953506,25.14705467,18.68877602,10.6872797,0.808674276,101.6874542,4.200688839,5.192453861,204.378479,203.4358368,22.36222839,68.54409027,Autumn,3
10/28/2035,21.37793732,25.00658417,18.54888916,10.59520531,0.796392202,101.6872635,4.216966152,5.213371754,205.831604,204.8825226,22.22556305,68.54797363,Autumn,3
10/29/2035,21.23342323,24.86292839,18.40639687,10.50154495,0.784606695,101.6868896,4.234177589,5.23538208,207.3332825,206.3753357,22.08695602,68.54965973,Autumn,3
10/30/2035,21.08603287,24.71611595,18.26135063,10.406394,0.773341775,101.6863632,4.252277374,5.258433342,208.8785095,207.9094238,21.94644165,68.54942322,Autumn,3
10/31/2035,20.93583679,24.56619263,18.11382103,10.30986214,0.762615442,101.6856995,4.271212578,5.282465458,210.4619751,209.4795227,21.80405045,68.5475769,Autumn,3
11/1/2035,20.78292465,24.41324234,17.96389961,10.21207428,0.752440095,101.6849136,4.290923119,5.307411194,212.0780487,211.0800781,21.65983582,68.54441071,Autumn,3
11/2/2035,20.62740707,24.25736618,17.8116951,10.11316204,0.742822766,101.6840286,4.311343193,5.333194733,213.7207794,212.7052307,21.51386261,68.54021454,Autumn,3
11/3/2035,20.46942139,24.09870148,17.65733337,10.01327324,0.733764708,101.683075,4.332401752,5.359735966,215.3841248,214.3489838,21.3662262,68.53527832,Autumn,3
11/4/2035,20.30911827,23.937397,17.50095749,9.912560463,0.725262642,101.6820679,4.354023457,5.386947632,217.061676,216.0050964,21.21702194,68.52987671,Autumn,3
11/5/2035,20.14667702,23.77363777,17.34273148,9.811190605,0.717308462,101.6810455,4.376128197,5.414736271,218.7471008,217.6672211,21.0663662,68.52429199,Autumn,3
11/6/2035,19.98228645,23.60762405,17.1828289,9.709335327,0.70988971,101.6800232,4.398630619,5.443006039,220.4339142,219.3290863,20.91438675,68.51879883,Autumn,3
11/7/2035,19.81616211,23.4395771,17.02144241,9.607174873,0.702990055,101.6790466,4.421444893,5.471654892,222.1156921,220.9842529,20.76123047,68.51363373,Autumn,3
11/8/2035,19.64853096,23.26974106,16.858778,9.504892349,0.696589768,101.6781387,4.444481373,5.500580311,223.7860107,222.6264038,20.60705185,68.50905609,Autumn,3
11/9/2035,19.47963715,23.09837914,16.6950531,9.402679443,0.69066608,101.67733,4.467648506,5.52967453,225.4385834,224.2494049,20.45201874,68.5052948,Autumn,3
11/10/2035,19.30973816,22.92576599,16.5304985,9.300727844,0.685193598,101.676651,4.490855217,5.558831215,227.0672302,225.8471985,20.29630661,68.50257874,Autumn,3
11/11/2035,19.13909721,22.75219345,16.36535072,9.199232101,0.680145025,101.6761475,4.514008045,5.58794117,228.6660767,227.4139252,20.1401062,68.501091,Autumn,3
11/12/2035,18.96799469,22.57796478,16.1998558,9.098384857,0.675491154,101.6758347,4.537015438,5.616896152,230.2294617,228.9440765,19.98360443,68.5010376,Autumn,3
11/13/2035,18.79671669,22.40339088,16.03426743,8.998382568,0.671201766,101.6757584,4.55978632,5.645590305,231.7520294,230.4324036,19.8270092,68.50259399,Autumn,3
11/14/2035,18.62555122,22.22879601,15.86884594,8.899414063,0.667246044,101.6759415,4.582231998,5.673916817,233.2287598,231.8739624,19.6705246,68.50588989,Autumn,3
11/15/2035,18.45479584,22.05450249,15.70384693,8.801668167,0.663592815,101.6764297,4.604266644,5.701773643,234.655014,233.2642822,19.51436043,68.51109314,Autumn,3
11/16/2035,18.28474426,21.8808403,15.53953648,8.705327034,0.660211265,101.6772385,4.625804901,5.729061604,236.0265808,234.5992584,19.35872459,68.51831818,Autumn,3
11/17/2035,18.11569023,21.7081356,15.37617683,8.610565186,0.657070935,101.6784058,4.64676857,5.755684376,237.3397369,235.8753052,19.20383072,68.52765656,Autumn,3
11/18/2035,17.94793129,21.53671265,15.21402168,8.517553329,0.654142797,101.6799469,4.667081833,5.781553268,238.5911865,237.0891724,19.04989243,68.53919983,Autumn,3
11/19/2035,17.78175354,21.36689568,15.05333328,8.426446915,0.651398778,101.6819077,4.686673641,5.806581974,239.7781219,238.2382965,18.89711761,68.55301666,Autumn,3
11/20/2035,17.61743546,21.19899368,14.89435482,8.337400436,0.64881289,101.6842957,4.705479145,5.830690861,240.8982544,239.3205261,18.74570847,68.56916046,Autumn,3
11/21/2035,17.4552536,21.03331566,14.73733425,8.25055027,0.646360993,101.6871338,4.72343874,5.853808403,241.9498749,240.3342285,18.59586716,68.58765411,Autumn,3
11/22/2035,17.29546738,20.87015343,14.58250046,8.166025162,0.644021034,101.6904373,4.74049902,5.875868797,242.9317322,241.2783051,18.44778442,68.60850525,Autumn,3
11/23/2035,17.13832855,20.70978355,14.43008041,8.083936691,0.64177388,101.6942291,4.756612778,5.896813393,243.8431549,242.1522675,18.30164719,68.63172913,Autumn,3
11/24/2035,16.98407173,20.55247116,14.28028107,8.004390717,0.639602661,101.6985168,4.771739483,5.916592598,244.6839447,242.9560699,18.15763092,68.65730286,Autumn,3
11/25/2035,16.83292198,20.39846611,14.13330269,7.927471638,0.637493551,101.7033157,4.78584671,5.935163975,245.454483,243.6902466,18.01590157,68.68519592,Autumn,3
11/26/2035,16.68507767,20.24799156,13.98933029,7.853254318,0.635435581,101.7086182,4.798908234,5.952493668,246.1555786,244.3558044,17.87661362,68.71533203,Autumn,3
11/27/2035,16.54072952,20.10125732,13.84853077,7.781798363,0.633420706,101.7144241,4.810904503,5.96855545,246.7886353,244.9542389,17.73991013,68.74768066,Autumn,3
11/28/2035,16.40004539,19.95844841,13.71105671,7.71314621,0.631443679,101.7207489,4.821824551,5.983333588,247.355423,245.4875641,17.60592079,68.78215027,Autumn,3
11/29/2035,16.26316833,19.81972885,13.57704163,7.6473279,0.629502416,101.7275696,4.831663609,5.996818066,247.8581543,245.9581146,17.47476006,68.81864929,Autumn,3
11/30/2035,16.13022804,19.68523598,13.44660473,7.584358215,0.627597451,101.7348785,4.840424061,6.009010315,248.2995453,246.3687439,17.34653091,68.85708618,Autumn,3
12/1/2035,16.00132751,19.55508614,13.31984425,7.524237156,0.625732243,101.7426605,4.848116398,6.019918442,248.6825562,246.7226563,17.2213192,68.89735413,Winter,0
12/2/2035,15.87655258,19.42937088,13.19683838,7.466947556,0.623912454,101.7509003,4.854756832,6.029558182,249.0106201,247.0233459,17.09919739,68.93933105,Winter,0
12/3/2035,15.75596619,19.30815506,13.07765007,7.412464142,0.622146428,101.7595749,4.860368729,6.037954807,249.2873535,247.2746582,16.9802227,68.98288727,Winter,0
12/4/2035,15.63960266,19.19147873,12.96232128,7.360740662,0.620444298,101.7686615,4.864980221,6.045138359,249.5166168,247.4806519,16.86443901,69.02789307,Winter,0
12/5/2035,15.52748871,19.07935715,12.85087681,7.31172657,0.618818581,101.7781219,4.868627548,6.051149368,249.7026062,247.6455231,16.7518692,69.07420349,Winter,0
12/6/2035,15.41961479,18.97178459,12.74331665,7.265349388,0.617282808,101.7879257,4.871350765,6.056032181,249.8496246,247.7738342,16.64252663,69.12168884,Winter,0
12/7/2035,15.31595993,18.86872673,12.63963413,7.221534729,0.615852177,101.7980347,4.873196125,6.059839249,249.9620209,247.8700562,16.53640938,69.17019653,Winter,0
12/8/2035,15.21648407,18.77013397,12.53979301,7.18019104,0.614542842,101.8084106,4.874213219,6.062628746,250.0444031,247.9388275,16.43350029,69.21957397,Winter,0
12/9/2035,15.12111855,18.67592239,12.44374752,7.141219616,0.613371491,101.8190079,4.874456882,6.064460754,250.1011658,247.984726,16.33376694,69.26966858,Winter,0
12/10/2035,15.02978706,18.58600235,12.35143471,7.104513168,0.612355173,101.8297806,4.873984337,6.065403938,250.1369171,248.0124359,16.23716927,69.32033539,Winter,0
12/11/2035,14.94239044,18.50025558,12.26277351,7.069957733,0.611510992,101.840683,4.872857094,6.06552887,250.1560364,248.0264435,16.14365005,69.37142944,Winter,0
12/12/2035,14.85881424,18.41854858,12.17767143,7.037432194,0.610855639,101.8516693,4.871137142,6.064908981,250.1629333,248.0311279,16.05314445,69.42280579,Winter,0
12/13/2035,14.77893448,18.34073257,12.0960207,7.006810188,0.610405087,101.8626709,4.868891716,6.063621521,250.1617889,248.0308075,15.96557331,69.47429657,Winter,0
12/14/2035,14.7026062,18.26664352,12.01770401,6.977962494,0.610174358,101.8736496,4.866185188,6.061743736,250.1566162,248.029541,15.88085365,69.52578735,Winter,0
12/15/2035,14.62968063,18.19610786,11.94259167,6.950754166,0.6101771,101.8845444,4.86308527,6.059355259,250.1512451,248.0310669,15.79888916,69.57711792,Winter,0
12/16/2035,14.55999374,18.12893677,11.87054634,6.925054073,0.610425472,101.8953094,4.859659195,6.056537151,250.1492004,248.0389862,15.7195816,69.62817383,Winter,0
12/17/2035,14.49337959,18.06493759,11.80142403,6.900725365,0.610929549,101.9058762,4.855973244,6.053367615,250.1537476,248.0565186,15.64282417,69.67880249,Winter,0
12/18/2035,14.4296627,18.00391197,11.73507023,6.877635479,0.611697376,101.9161911,4.852093697,6.049926281,250.1679077,248.0865784,15.56850147,69.72891235,Winter,0
12/19/2035,14.36865997,17.94565201,11.6713295,6.855652809,0.612734675,101.9262085,4.848085403,6.046289921,250.1942444,248.1316986,15.49650478,69.77835846,Winter,0
12/20/2035,14.31019402,17.8899498,11.61004066,6.834648132,0.614044607,101.9358673,4.844008446,6.042534828,250.2350464,248.1941376,15.42671394,69.82704163,Winter,0
12/21/2035,14.25407791,17.83660316,11.55104542,6.81449604,0.615627587,101.9451218,4.839923382,6.038732052,250.2922363,248.275589,15.35901451,69.87486267,Winter,0
12/22/2035,14.20012856,17.78540421,11.49417782,6.795079708,0.617481232,101.9539185,4.835887432,6.034952164,250.3673096,248.3775024,15.29328537,69.92172241,Winter,0
12/23/2035,14.14817047,17.73615456,11.43928146,6.776282787,0.619600236,101.962204,4.831953049,6.03126049,250.4614716,248.500885,15.22941399,69.96752167,Winter,0
12/24/2035,14.09802437,17.68865776,11.38619328,6.758001328,0.621976316,101.9699402,4.828170776,6.027718544,250.5754242,248.6462708,15.16728592,70.01218414,Winter,0
12/25/2035,14.04952431,17.6427269,11.33476448,6.740132332,0.624598384,101.9770889,4.824585915,6.024383068,250.7095642,248.8138428,15.10679436,70.05563354,Winter,0
12/26/2035,14.00250435,17.59818649,11.28483963,6.722589493,0.627452254,101.9836044,4.821238995,6.021306515,250.8638306,249.0033722,15.04783154,70.09780121,Winter,0
12/27/2035,13.95681,17.55486488,11.23628044,6.705287933,0.63052088,101.9894485,4.81816721,6.018533707,251.0378876,249.2142487,14.99029922,70.1386261,Winter,0
12/28/2035,13.91230011,17.5126133,11.18895245,6.688154221,0.633784473,101.9945984,4.815402031,6.016108513,251.2310028,249.4454956,14.93410683,70.17805481,Winter,0
12/29/2035,13.86883736,17.47129059,11.1427269,6.671127319,0.637220562,101.9990158,4.812970638,6.014064312,251.4420471,249.6957703,14.87916946,70.21601868,Winter,0
