Date,T2M,T2M_MAX,T2M_MIN,QV2M,PRECTOTCORR,PS,WS2M,WS10M,WD10M,WD2M,TS,RH2M,season,season_id
1/1/2026,10.326087,16.96547699,5.629263878,4.970468044,0.408091754,100.0911331,3.055190086,4.457452297,249.552063,251.7563934,9.884268761,67.7361908,Winter,0
1/2/2026,10.29640484,16.94086075,5.595090866,4.959838867,0.409587294,100.0918579,3.054544926,4.456874371,249.3362427,251.5864258,9.856229782,67.74494934,Winter,0
1/3/2026,10.26758957,16.91719055,5.561494827,4.949131012,0.411104649,100.0918121,3.053758621,4.456044674,249.1373444,251.4358673,9.829509735,67.74882507,Winter,0
1/4/2026,10.23961926,16.89447403,5.528407097,4.93832922,0.412626743,100.091011,3.052850246,4.454991817,248.9558716,251.3047028,9.804098129,67.7477417,Winter,0
1/5/2026,10.21249676,16.87272453,5.495789528,4.927423477,0.414136231,100.089447,3.051840305,4.453744888,248.7918701,251.1924133,9.780006409,67.74164581,Winter,0
1/6/2026,10.18624496,16.85199738,5.463618279,4.916414261,0.415616155,100.0871353,3.050751209,4.452334881,248.64505,251.0982208,9.757268906,67.73045349,Winter,0
1/7/2026,10.16090488,16.83235359,5.431890488,4.905308247,0.417049676,100.0840988,3.049603462,4.450790882,248.5146942,251.0209503,9.735940933,67.71408844,Winter,0
1/8/2026,10.13653755,16.81388474,5.400622368,4.894115925,0.418420672,100.0803528,3.048418522,4.449145317,248.3998566,250.959137,9.716088295,67.69250488,Winter,0
1/9/2026,10.11322403,16.79668808,5.369844437,4.882858276,0.419713825,100.0759277,3.047217846,4.44742775,248.2991333,250.9109955,9.697802544,67.66563416,Winter,0
1/10/2026,10.09106064,16.78089523,5.339611053,4.871560574,0.420914888,100.0708466,3.046022415,4.445667744,248.2110138,250.8744354,9.681191444,67.63343811,Winter,0
1/11/2026,10.07015896,16.76663208,5.309985161,4.860254288,0.42201066,100.0651398,3.04485321,4.443894386,248.1334839,250.8470764,9.666369438,67.59587097,Winter,0
1/12/2026,10.05064583,16.75405121,5.28105545,4.848976135,0.422989398,100.0588531,3.043730736,4.442136765,248.0644836,250.8264465,9.65346241,67.55288696,Winter,0
1/13/2026,10.03266144,16.74331093,5.252915382,4.837767124,0.423841178,100.0520248,3.042673588,4.440422535,248.0015259,250.8096924,9.642622948,67.50448608,Winter,0
1/14/2026,10.01635075,16.73458099,5.225676537,4.826672554,0.424557388,100.0447006,3.04170084,4.438775539,247.9421692,250.7939148,9.633990288,67.45063782,Winter,0
1/15/2026,10.00186729,16.72803307,5.19946003,4.815741539,0.425131798,100.0369186,3.040829659,4.437222004,247.8835907,250.7760925,9.627725601,67.39135742,Winter,0
1/16/2026,9.98938179,16.72384644,5.174396515,4.805026054,0.425559849,100.0287247,3.040075779,4.435783386,247.822998,250.7531128,9.623987198,67.32666016,Winter,0
1/17/2026,9.979057312,16.72220039,5.150627136,4.794580936,0.425839156,100.0201721,3.039454937,4.43448019,247.7574005,250.7216644,9.622938156,67.25657654,Winter,0
1/18/2026,9.971060753,16.72327423,5.128296852,4.784461498,0.42596966,100.011322,3.038979053,4.433330536,247.6837921,250.6785889,9.624745369,67.18115234,Winter,0
1/19/2026,9.965564728,16.72724533,5.107554436,4.774725914,0.425953418,100.0022125,3.038661003,4.432349682,247.5991364,250.6206207,9.629564285,67.10044861,Winter,0
1/20/2026,9.962733269,16.73428726,5.088559151,4.765432358,0.42579484,99.99290466,3.038510323,4.431551456,247.5004272,250.5446625,9.637560844,67.01455688,Winter,0
1/21/2026,9.962732315,16.74456406,5.071461678,4.756637096,0.425500661,99.98344421,3.038535118,4.430946827,247.3847046,250.447525,9.648880959,66.9235611,Winter,0
1/22/2026,9.965719223,16.75823021,5.056420326,4.748399734,0.425079644,99.97389221,3.038742065,4.430542946,247.2489624,250.3262329,9.663667679,66.82758331,Winter,0
1/23/2026,9.971843719,16.77544022,5.043587685,4.740775108,0.424542993,99.96429443,3.039134979,4.430344582,247.0904541,250.1779785,9.682062149,66.72675323,Winter,0
1/24/2026,9.981246948,16.79632187,5.033117294,4.733819962,0.423903883,99.95471191,3.039715767,4.430355072,246.9064941,250.000061,9.704187393,66.62121582,Winter,0
1/25/2026,9.994057655,16.82099724,5.025148392,4.727583885,0.42317757,99.9451828,3.040485382,4.430572987,246.6945496,249.7899628,9.730155945,66.5111618,Winter,0
1/26/2026,10.0103941,16.84957504,5.019826889,4.722118378,0.422381163,99.9357605,3.041442394,4.430995464,246.4522705,249.5454865,9.760065079,66.3967514,Winter,0
1/27/2026,10.03036594,16.8821373,5.01727581,4.717470169,0.421533436,99.92649078,3.042582989,4.431615829,246.1776123,249.2645416,9.794003487,66.27819061,Winter,0
1/28/2026,10.05405712,16.91876411,5.017621994,4.713684082,0.420654655,99.9174118,3.043900967,4.432425022,245.8686066,248.9454193,9.832034111,66.15570068,Winter,0
1/29/2026,10.08154678,16.95950699,5.020973206,4.71079731,0.419766605,99.90856934,3.045389652,4.433412075,245.5236359,248.5866241,9.874210358,66.02951813,Winter,0
1/30/2026,10.11288834,17.00440598,5.027432442,4.708846569,0.418892026,99.90000153,3.047039032,4.434562206,245.1412964,248.1869507,9.920572281,65.89987183,Winter,0
1/31/2026,10.14812469,17.05347061,5.037084579,4.707864761,0.418054461,99.89173889,3.048838615,4.435858727,244.72052,247.7455292,9.971134186,65.76702881,Winter,0
2/1/2026,10.18728065,17.10670853,5.050004005,4.707877159,0.4172782,99.88380432,3.050775528,4.437283993,244.2604523,247.261734,10.02589703,65.63124847,Winter,0
2/2/2026,10.23036289,17.16409302,5.066252708,4.708906174,0.41658777,99.87623596,3.052835941,4.438815594,243.7605896,246.7353516,10.08484077,65.49281311,Winter,0
2/3/2026,10.27736092,17.22558975,5.085875511,4.710968971,0.416007906,99.86904907,3.05500412,4.440432072,243.2206421,246.1663666,10.14793491,65.35201263,Winter,0
2/4/2026,10.32824421,17.2911396,5.108904839,4.714079857,0.415562898,99.86225891,3.057264328,4.442108631,242.6407013,245.55513,10.21512222,65.2091217,Winter,0
2/5/2026,10.38296604,17.36067009,5.135356903,4.718245029,0.415276766,99.85588074,3.059597969,4.44382,242.0211182,244.9023438,10.28633976,65.06443787,Winter,0
2/6/2026,10.44146729,17.43408966,5.165234566,4.723468304,0.415172547,99.84992218,3.061986923,4.445540428,241.3624725,244.2088623,10.36149979,64.91824341,Winter,0
2/7/2026,10.50366879,17.51128769,5.198525429,4.729747772,0.415272325,99.84439087,3.064412594,4.447241783,240.6656799,243.4759827,10.44050312,64.77085876,Winter,0
2/8/2026,10.56947613,17.59215164,5.235204697,4.737077713,0.415596843,99.83927917,3.066854954,4.448896408,239.9318848,242.7051544,10.52323627,64.62255096,Winter,0
2/9/2026,10.63878059,17.67654228,5.275227547,4.745447636,0.416165054,99.8345871,3.06929493,4.450476646,239.1624908,241.8981323,10.60957336,64.47361755,Winter,0
2/10/2026,10.71146965,17.76431274,5.31854248,4.754843712,0.416994333,99.83029938,3.071712971,4.451954842,238.3591766,241.0568542,10.69937515,64.32432556,Winter,0
2/11/2026,10.7874012,17.85531235,5.365080833,4.765244961,0.418099642,99.82640839,3.07408905,4.453303337,237.5236816,240.1835175,10.79249287,64.17494202,Winter,0
2/12/2026,10.86643982,17.94937134,5.414765358,4.776631355,0.419493824,99.82289886,3.076404572,4.45449543,236.6581421,239.2805176,10.88877487,64.02574921,Winter,0
2/13/2026,10.94843102,18.04632187,5.467504501,4.788976669,0.421187103,99.8197403,3.078640938,4.455505848,235.7646637,238.3503113,10.98805141,63.87697601,Winter,0
2/14/2026,11.03321552,18.14598465,5.523198128,4.802252769,0.423186958,99.81690979,3.08078146,4.456310749,234.8456573,237.3955994,11.09015465,63.72885513,Winter,0
2/15/2026,11.12063217,18.2481842,5.581736565,4.816427708,0.425498158,99.81438446,3.082808018,4.456886292,233.9035339,236.4191132,11.19491005,63.581604,Winter,0
2/16/2026,11.21050835,18.35273361,5.643001556,4.831468582,0.428122282,99.81212616,3.084706783,4.457212448,232.9408264,235.4237213,11.30214119,63.43541336,Winter,0
2/17/2026,11.30267143,18.45945168,5.706871033,4.847340584,0.431058109,99.81010437,3.086463928,4.457270622,231.9601593,234.4122772,11.41167545,63.29046249,Winter,0
2/18/2026,11.39694786,18.56816101,5.773210526,4.864004612,0.434300929,99.80828857,3.088066101,4.457044125,230.9641418,233.3876953,11.52333069,63.14691925,Winter,0
2/19/2026,11.49316788,18.67867851,5.84188652,4.881424904,0.437843204,99.80662537,3.089503765,4.456519604,229.9554749,232.35289,11.63693333,63.00490189,Winter,0
2/20/2026,11.59115696,18.79084015,5.912765503,4.899561882,0.441674054,99.80508423,3.09076786,4.455686092,228.9367065,231.3107452,11.75231838,62.86452866,Winter,0
2/21/2026,11.69074631,18.90447044,5.985699654,4.918375015,0.445779502,99.80361938,3.091851711,4.454535007,227.9105072,230.2640076,11.86931515,62.72589111,Winter,0
2/22/2026,11.79177284,19.01941681,6.060554504,4.93782711,0.450142622,99.80220032,3.092750549,4.453061581,226.879303,229.2154694,11.98777199,62.58904648,Winter,0
2/23/2026,11.89407921,19.13552666,6.137187004,4.957876205,0.454743266,99.80076599,3.09346199,4.451263905,225.8456116,228.1676636,12.10753155,62.45404434,Winter,0
2/24/2026,11.99751663,19.25266075,6.215459824,4.978487015,0.459558785,99.79927826,3.093986511,4.44914341,224.8116302,227.1231079,12.2284565,62.32089615,Winter,0
2/25/2026,12.10194111,19.37068939,6.29523468,4.99961853,0.464563608,99.7977066,3.094324589,4.446703911,223.7795868,226.0840454,12.35041332,62.18959427,Winter,0
2/26/2026,12.20721912,19.48949051,6.376381874,5.021238327,0.46972999,99.79599762,3.094482422,4.443953514,222.7514343,225.0526428,12.47328186,62.06011581,Winter,0
2/27/2026,12.31322956,19.60896683,6.458769798,5.043308735,0.47502768,99.79411316,3.094465256,4.440903187,221.7290497,224.0308685,12.59695435,61.93239212,Winter,0
2/28/2026,12.41985893,19.72901535,6.542284012,5.065796852,0.480424464,99.79201508,3.09428215,4.437567711,220.7140198,223.0203552,12.7213316,61.80635834,Winter,0
3/1/2026,12.52700901,19.8495636,6.626802444,5.088673592,0.485886633,99.78966522,3.09394455,4.433963776,219.7078247,222.0226593,12.84632683,61.68192291,Spring,1
3/2/2026,12.6345892,19.97053909,6.712221146,5.111907005,0.491378874,99.78703308,3.093464375,4.430111408,218.7116241,221.0390472,12.97187042,61.55896759,Spring,1
3/3/2026,12.74252319,20.09189224,6.798439026,5.135473251,0.496864855,99.78408051,3.092857838,4.426033974,217.7264557,220.0705109,13.09790134,61.43735504,Spring,1
3/4/2026,12.85075092,20.21357727,6.885363579,5.159346581,0.502307355,99.78078461,3.092141628,4.421756744,216.7530518,219.1178741,13.22437096,61.31694412,Spring,1
3/5/2026,12.95921326,20.33556938,6.972913742,5.183505058,0.507668853,99.77710724,3.091333389,4.417307854,215.7919617,218.1816101,13.35124588,61.19756699,Spring,1
3/6/2026,13.06788063,20.4578476,7.061013222,5.207930088,0.512911737,99.77304077,3.090454578,4.412717342,214.8435059,217.2620392,13.47850418,61.07905579,Spring,1
3/7/2026,13.17671776,20.58041,7.149600029,5.23260498,0.517998457,99.76855469,3.089525223,4.408017635,213.9077148,216.3591919,13.6061306,60.9612236,Spring,1
3/8/2026,13.28571224,20.70325851,7.23861599,5.257514954,0.522892416,99.76363373,3.088569641,4.403242111,212.9844666,215.4728088,13.73412895,60.84387207,Spring,1
3/9/2026,13.39485741,20.82640457,7.328021049,5.282649517,0.52755779,99.75827789,3.087610722,4.398426056,212.0733948,214.6025085,13.86250401,60.72680664,Spring,1
3/10/2026,13.50415802,20.94987869,7.417772293,5.307998657,0.53196013,99.75246429,3.08667326,4.393605709,211.1738586,213.7476196,13.99127769,60.60983658,Spring,1
3/11/2026,13.6136322,21.07370377,7.507846832,5.333555222,0.536066651,99.74620056,3.085781574,4.388816833,210.2851868,212.9073029,14.12047577,60.49275208,Spring,1
3/12/2026,13.72330093,21.19791794,7.59822464,5.359315872,0.539846659,99.73948669,3.084961891,4.384097099,209.4063568,212.0803986,14.25013161,60.37535477,Spring,1
3/13/2026,13.83319283,21.32256317,7.688896179,5.385277271,0.543271601,99.73232269,3.084238529,4.379483223,208.5362396,211.2657318,14.38028526,60.25744629,Spring,1
3/14/2026,13.94334984,21.44768143,7.779858589,5.411440372,0.54631561,99.72472382,3.083637238,4.375012398,207.6735687,210.4618988,14.51098347,60.13884354,Spring,1
3/15/2026,14.05381298,21.5733223,7.871117592,5.437804222,0.548955798,99.71669006,3.083182812,4.370720387,206.8169861,209.6673584,14.64226913,60.0193634,Spring,1
3/16/2026,14.16462803,21.69953156,7.962683678,5.464375019,0.551172256,99.70825958,3.082898617,4.366641045,205.96492,208.8803711,14.77419662,59.89884186,Spring,1
3/17/2026,14.27584934,21.82635498,8.054577827,5.491154671,0.552948475,99.69944,3.082807541,4.362808704,205.1157532,208.0992126,14.90681744,59.77711487,Spring,1
3/18/2026,14.38752937,21.95384216,8.146818161,5.51815033,0.55427134,99.69025421,3.082931995,4.359254837,204.2678528,207.3220367,15.04018211,59.6540451,Spring,1
3/19/2026,14.49972057,22.08203316,8.23943615,5.545367241,0.555131614,99.68073273,3.083292007,4.356009007,203.4194489,206.5469666,15.17433929,59.52949905,Spring,1
3/20/2026,14.6124773,22.2109642,8.33245945,5.572814941,0.555523634,99.6709137,3.083906174,4.353097916,202.5688324,205.7719727,15.30934048,59.40338516,Spring,1
3/21/2026,14.72585011,22.34066963,8.425928116,5.600499153,0.555445611,99.66082764,3.084791183,4.35054636,201.7141876,204.995163,15.44522476,59.27560043,Spring,1
3/22/2026,14.83989525,22.47117615,8.519873619,5.628430367,0.554899871,99.65050507,3.085962296,4.348375797,200.8538513,204.2145844,15.58203316,59.14608383,Spring,1
3/23/2026,14.95465469,22.60250282,8.614336967,5.656617165,0.553892374,99.63999176,3.087431908,4.346604824,199.9860382,203.4283447,15.71979904,59.01478958,Spring,1
3/24/2026,15.07017326,22.7346611,8.709358215,5.68506813,0.552433074,99.62932587,3.08921051,4.345248222,199.1091461,202.6345367,15.85854721,58.88168335,Spring,1
3/25/2026,15.1864872,22.86765289,8.804974556,5.713791847,0.550535738,99.61855316,3.091305733,4.344317436,198.2216187,201.8314056,15.99829769,58.74676895,Spring,1
3/26/2026,15.30362797,23.00146866,8.901222229,5.742796421,0.548217714,99.60771942,3.093721867,4.343821049,197.3220062,201.0172729,16.13906288,58.61006546,Spring,1
3/27/2026,15.42162037,23.13609505,8.998141289,5.772090912,0.54550004,99.59687042,3.096463203,4.343762398,196.408905,200.1905518,16.28084564,58.47161102,Spring,1
3/28/2026,15.54048824,23.27150345,9.09576416,5.801681042,0.542406917,99.58604431,3.099528313,4.344141006,195.4811554,199.349762,16.42363739,58.33147049,Spring,1
3/29/2026,15.66023636,23.40765953,9.194126129,5.831574917,0.538965881,99.57529449,3.102913857,4.344954014,194.5376282,198.4935913,16.56742668,58.18972015,Spring,1
3/30/2026,15.78087044,23.54451561,9.293254852,5.861778259,0.535207093,99.56465912,3.10661459,4.346193314,193.5774384,197.6208801,16.71218681,58.04647446,Spring,1
3/31/2026,15.9023838,23.68201637,9.393174171,5.892295837,0.531163573,99.55419922,3.110622406,4.347847462,192.5997772,196.7306213,16.85788345,57.90185165,Spring,1
4/1/2026,16.02476311,23.82009315,9.493910789,5.923130989,0.52687043,99.54394531,3.114924431,4.349900723,191.6041107,195.8219757,17.00447845,57.75598526,Spring,1
4/2/2026,16.147995,23.9586792,9.595479965,5.954288006,0.522364855,99.53394318,3.11950779,4.352334023,190.5899963,194.8942719,17.1519146,57.60903549,Spring,1
4/3/2026,16.27204514,24.09768486,9.697896957,5.985769272,0.517685533,99.52424622,3.124355793,4.35512495,189.5572357,193.947052,17.30013847,57.46116638,Spring,1
4/4/2026,16.39687538,24.23702812,9.801171303,6.017575264,0.512872517,99.51488495,3.129448891,4.358246326,188.5057373,192.9799805,17.44907761,57.31256104,Spring,1
4/5/2026,16.5224514,24.37660789,9.905310631,6.049706459,0.507966399,99.50589752,3.134766579,4.361670017,187.4356995,191.9929657,17.59866142,57.16341019,Spring,1
4/6/2026,16.64871788,24.516325,10.01031399,6.08216238,0.503008664,99.49732208,3.140284538,4.365362167,186.3474121,190.9860687,17.74881172,57.0139122,Spring,1
4/7/2026,16.77562523,24.65608025,10.11618233,6.114942551,0.498040378,99.48919678,3.145977974,4.369289398,185.2413483,189.9595337,17.89944077,56.86427307,Spring,1
4/8/2026,16.9031105,24.79575729,10.22290516,6.148043633,0.49310258,99.48154449,3.151818275,4.373412609,184.1181946,188.9137573,18.05046082,56.71468735,Spring,1
4/9/2026,17.03111458,24.93525887,10.33047676,6.181463242,0.488235265,99.47439575,3.157777786,4.377693176,182.9787903,187.8493042,18.20178032,56.56535721,Spring,1
4/10/2026,17.15956879,25.07446671,10.43887997,6.21519804,0.483477443,99.46778107,3.163826466,4.382089138,181.8240814,186.7669525,18.35330391,56.41649246,Spring,1
4/11/2026,17.28840637,25.21328354,10.54810429,6.24924469,0.478866398,99.4617157,3.169932365,4.386558056,180.6551361,185.667511,18.50493813,56.26829147,Spring,1
4/12/2026,17.41755486,25.35159683,10.65812588,6.283597946,0.474437594,99.4562149,3.176064014,4.391055584,179.4732513,184.5519867,18.6565876,56.12092972,Spring,1
4/13/2026,17.54694748,25.48931503,10.76892948,6.318253517,0.470224023,99.45129395,3.182188511,4.3955369,178.2797089,183.4215088,18.80816269,55.9745903,Spring,1
4/14/2026,17.67651367,25.62634087,10.88049126,6.353205681,0.466256201,99.44696808,3.18827343,4.399958134,177.0759888,182.277298,18.95957375,55.82942963,Spring,1
4/15/2026,17.80619049,25.76259232,10.99278927,6.388451576,0.462561518,99.44324493,3.194285393,4.40427351,175.8635254,181.1206665,19.11073685,55.68560028,Spring,1
4/16/2026,17.93591118,25.89798927,11.10580063,6.423985481,0.459164172,99.44012451,3.200192451,4.408438683,174.6439972,179.9529419,19.26156998,55.54322433,Spring,1
4/17/2026,18.06561852,26.03246307,11.21950626,6.459803581,0.456084847,99.43759918,3.205962181,4.412410736,173.4188995,178.7755737,19.41200829,55.40241623,Spring,1
4/18/2026,18.19525909,26.16596031,11.33388042,6.495900154,0.453340471,99.4356842,3.211562634,4.416145802,172.1899567,177.5900726,19.56198311,55.26325607,Spring,1
4/19/2026,18.32478333,26.29844284,11.4489069,6.532272339,0.450943947,99.43434906,3.216965199,4.419605255,170.9587402,176.3979034,19.71144104,55.1258049,Spring,1
4/20/2026,18.45415497,26.42987251,11.5645647,6.568915367,0.448904127,99.43360138,3.222140312,4.422748089,169.7269287,175.200531,19.86033821,54.99010468,Spring,1
4/21/2026,18.58333588,26.56023598,11.68084145,6.605826378,0.447225869,99.4334259,3.227060795,4.425539494,168.4960938,173.9994812,20.00864029,54.85615921,Spring,1
4/22/2026,18.71230507,26.68953705,11.79772186,6.643003464,0.44590947,99.43379974,3.231700897,4.427944183,167.2678375,172.7961731,20.15632439,54.72395325,Spring,1
4/23/2026,18.84104538,26.81778336,11.91520119,6.680443764,0.444950968,99.43470001,3.236038208,4.429931164,166.0435944,171.5921021,20.30338478,54.59343719,Spring,1
4/24/2026,18.96955872,26.94500923,12.03327084,6.718146324,0.444342226,99.43611908,3.240050316,4.431472778,164.8248596,170.3885498,20.44982147,54.46453476,Spring,1
4/25/2026,19.09784126,27.07126045,12.15193081,6.756109238,0.444070727,99.4380188,3.243718147,4.432543278,163.612915,169.1868896,20.59565163,54.33714676,Spring,1
4/26/2026,19.22591591,27.19660187,12.27118301,6.794332504,0.44411999,99.44038391,3.24702692,4.433121681,162.4090576,167.988327,20.74090385,54.21113205,Spring,1
4/27/2026,19.35380363,27.32110786,12.39103317,6.832816124,0.444469213,99.44317627,3.249960899,4.433190823,161.2143707,166.7940216,20.88562202,54.08633423,Spring,1
4/28/2026,19.48154068,27.44487572,12.5114994,6.871559143,0.44509396,99.44637299,3.252510071,4.432736397,160.0299225,165.605011,21.02986145,53.96255875,Spring,1
4/29/2026,19.60918045,27.56801414,12.63259029,6.910563469,0.445966125,99.44994354,3.254665375,4.431747913,158.8565674,164.4222565,21.1736908,53.83959198,Spring,1
4/30/2026,19.73677444,27.69064903,12.75433254,6.949828148,0.447054207,99.45385742,3.256422043,4.430220127,157.6950989,163.2466278,21.31719017,53.71719742,Spring,1
5/1/2026,19.86439323,27.81291008,12.87674809,6.989355087,0.448323578,99.45806885,3.257776737,4.428150654,156.5461426,162.0788116,21.46045494,53.59510422,Spring,1
5/2/2026,19.99210739,27.93495369,12.99987125,7.029145241,0.449736774,99.46256256,3.258729935,4.425540447,155.4101715,160.9194946,21.6035862,53.47302628,Spring,1
5/3/2026,20.12000656,28.05693817,13.12372875,7.069197655,0.451253921,99.46729279,3.259284496,4.42239666,154.2875824,159.7691956,21.74670029,53.35066223,Spring,1
5/4/2026,20.24818039,28.17903137,13.24836254,7.109513283,0.452833056,99.472229,3.259445667,4.418727398,153.1786194,158.6283264,21.88991928,53.22768402,Spring,1
5/5/2026,20.37672997,28.30141449,13.37380886,7.150091171,0.454430431,99.4773407,3.259222031,4.414546013,152.0833893,157.4971924,22.03337288,53.10376358,Spring,1
5/6/2026,20.50576019,28.42427063,13.50011158,7.190928459,0.456001133,99.48258972,3.258624077,4.409869671,151.0018616,156.3760376,22.17720032,52.97854996,Spring,1
5/7/2026,20.63537788,28.54779434,13.62731266,7.232025146,0.457499146,99.48794556,3.257665634,4.404716969,149.9339447,155.2649536,22.32154274,52.85168457,Spring,1
5/8/2026,20.76569748,28.67217064,13.75545979,7.273377419,0.458878249,99.49338531,3.256361008,4.399112225,148.8793945,154.1640472,22.46654892,52.72280884,Spring,1
5/9/2026,20.89683151,28.79759979,13.88459301,7.3149786,0.460091919,99.49886322,3.25472784,4.393080235,147.8379059,153.0732117,22.61236382,52.59155655,Spring,1
5/10/2026,21.02889824,28.92426872,14.01476574,7.356823921,0.46109435,99.50436401,3.252785683,4.386648655,146.809082,151.9924164,22.75913811,52.45756912,Spring,1
5/11/2026,21.16201401,29.05237389,14.14601421,7.3989048,0.461840242,99.50985718,3.250555038,4.37984848,145.7924652,150.9214935,22.90701675,52.32048798,Spring,1
5/12/2026,21.29628944,29.18209457,14.27838421,7.441210747,0.462285608,99.51531982,3.248058319,4.372712612,144.7875366,149.8602905,23.05615044,52.17996216,Spring,1
5/13/2026,21.43183136,29.31361389,14.41191578,7.48373127,0.462388396,99.52071381,3.245317936,4.365273476,143.7937317,148.8085327,23.20666885,52.03565979,Spring,1
5/14/2026,21.56874466,29.44709396,14.54663944,7.526449203,0.462108344,99.52603912,3.242359161,4.357566357,142.8104706,147.7660065,23.35871315,51.88725281,Spring,1
5/15/2026,21.70713043,29.58269501,14.68259144,7.569351196,0.461407721,99.53125763,3.239206314,4.349627495,141.8371887,146.7325134,23.51240921,51.73443985,Spring,1
5/16/2026,21.84707642,29.72056389,14.81979656,7.612417221,0.46025157,99.53635406,3.23588419,4.341492653,140.8732605,145.70784,23.66787148,51.57694244,Spring,1
5/17/2026,21.98866463,29.8608284,14.95827007,7.65562439,0.45860815,99.5413208,3.232418537,4.333198071,139.9181824,144.6917725,23.82520103,51.41449356,Spring,1
5/18/2026,22.13196373,30.0036068,15.09803295,7.698949814,0.456449002,99.54613495,3.228834152,4.32477951,138.9713898,143.6841278,23.98449326,51.24686813,Spring,1
5/19/2026,22.27702904,30.14898491,15.23908138,7.742367744,0.453749537,99.55078888,3.225155354,4.316272736,138.0324707,142.6848602,24.14582443,51.07386017,Spring,1
5/20/2026,22.42391014,30.29705048,15.38141727,7.785845757,0.450489014,99.55527496,3.22140646,4.307712078,137.1009674,141.6938934,24.3092556,50.89530945,Spring,1
5/21/2026,22.57263947,30.44784927,15.52502346,7.82935524,0.446650714,99.55957794,3.217609882,4.299129963,136.17659,140.7112427,24.47483635,50.71107483,Spring,1
5/22/2026,22.72323036,30.60142326,15.66988468,7.872859001,0.442222476,99.56369781,3.213788033,4.290557861,135.25914,139.73703,24.64259148,50.52106094,Spring,1
5/23/2026,22.87568474,30.75777817,15.81596661,7.916322708,0.437196344,99.56762695,3.209960461,4.282025337,134.3484802,138.7714539,24.81253052,50.32520676,Spring,1
5/24/2026,23.02998924,30.91691017,15.96322346,7.959705353,0.431568921,99.57135773,3.206146717,4.27355957,133.4445801,137.8148193,24.98464966,50.12348557,Spring,1
5/25/2026,23.18610954,31.07877541,16.11160851,8.002965927,0.425341427,99.57489777,3.202363014,4.265184402,132.5475922,136.8674927,25.15891266,49.91592789,Spring,1
5/26/2026,23.34399986,31.24331856,16.26105499,8.046062469,0.418519467,99.57823944,3.198625088,4.256922245,131.6577454,135.9300079,25.33527565,49.70259476,Spring,1
5/27/2026,23.50359344,31.4104557,16.41148758,8.088949203,0.411113292,99.58139038,3.194944859,4.248791695,130.7753906,135.0029602,25.51366997,49.48358154,Spring,1
5/28/2026,23.66480446,31.58008194,16.56282043,8.131579399,0.403137475,99.58435059,3.191332817,4.24080801,129.9010773,134.0870667,25.69400406,49.2590332,Spring,1
5/29/2026,23.82753754,31.75206184,16.71495819,8.173905373,0.394610882,99.58712769,3.1877985,4.232983589,129.0354156,133.1831512,25.87617302,49.02913666,Spring,1
5/30/2026,23.99167061,31.92625046,16.86779594,8.215880394,0.385556549,99.58972168,3.184346676,4.225328922,128.1792297,132.29216,26.06004715,48.79412079,Spring,1
5/31/2026,24.15707397,32.10246277,17.02121925,8.257453918,0.376001418,99.5921402,3.180981159,4.217847824,127.3333664,131.4151001,26.24548149,48.55424881,Spring,1
6/1/2026,24.32359886,32.28050995,17.1750946,8.298578262,0.365976155,99.59439087,3.17770195,4.210543633,126.4988708,130.5531464,26.4323082,48.30981827,Summer,2
6/2/2026,24.49108124,32.46017456,17.32929039,8.339203835,0.355514854,99.59647369,3.174509048,4.203415871,125.6769257,129.707428,26.62034988,48.0611763,Summer,2
6/3/2026,24.65934372,32.64121628,17.48366356,8.379282951,0.344654739,99.59840393,3.171397686,4.19645834,124.8687668,128.8792877,26.8094101,47.80868912,Summer,2
6/4/2026,24.82819748,32.82339478,17.63806152,8.418769836,0.333435744,99.60018921,3.168361664,4.189663887,124.075737,128.0700836,26.99927139,47.55277252,Summer,2
6/5/2026,24.99743652,33.00643921,17.79232407,8.457618713,0.321900755,99.60182953,3.165392399,4.183022499,123.2992935,127.2811737,27.18971252,47.29386139,Summer,2
6/6/2026,25.16685486,33.19007111,17.94629097,8.495785713,0.310094148,99.60334015,3.162478447,4.176518917,122.5409317,126.5140152,27.38049698,47.03242111,Summer,2
6/7/2026,25.33623123,33.37400055,18.09978867,8.533230782,0.298062474,99.60472107,3.159608364,4.170136452,121.8022385,125.7700882,27.5713768,46.76893616,Summer,2
6/8/2026,25.50533676,33.55792999,18.25264549,8.569915771,0.285853684,99.60598755,3.156766415,4.163856506,121.0847778,125.0508575,27.76209641,46.50391388,Summer,2
6/9/2026,25.67393684,33.74155426,18.40468216,8.605806351,0.273516417,99.60713196,3.153936863,4.15765667,120.390213,124.3577423,27.95239639,46.23789978,Summer,2
6/10/2026,25.84179688,33.92456436,18.55572891,8.640872002,0.261100292,99.60817719,3.151101589,4.1515131,119.7201385,123.6922302,28.14200783,45.97142029,Summer,2
6/11/2026,26.00867462,34.10664749,18.70559883,8.675085068,0.248654813,99.60912323,3.14824152,4.145400524,119.0761719,123.0556717,28.33066559,45.70504761,Summer,2
6/12/2026,26.17433548,34.28749466,18.85412407,8.708425522,0.236229375,99.60997009,3.145337105,4.139291286,118.4598618,122.4494324,28.51809502,45.43933105,Summer,2
6/13/2026,26.3385334,34.46679306,19.00112152,8.74087429,0.223872885,99.61071777,3.142366409,4.13315773,117.8727646,121.8747101,28.70403099,45.17483902,Summer,2
6/14/2026,26.50103951,34.64423752,19.14642334,8.772418976,0.21163325,99.61138916,3.139308929,4.126970768,117.3162613,121.3327026,28.88820648,44.91215134,Summer,2
6/15/2026,26.66161919,34.8195343,19.28985977,8.803055763,0.199557185,99.61196899,3.136142731,4.120699883,116.7917404,120.8244095,29.07036018,44.6518364,Summer,2
6/16/2026,26.82004738,34.99239349,19.43127823,8.832781792,0.187689573,99.6124649,3.132845879,4.11431694,116.300354,120.3507767,29.25024414,44.39444733,Summer,2
6/17/2026,26.97611046,35.16253662,19.57051086,8.861602783,0.176073581,99.61287689,3.129396915,4.107791901,115.8432617,119.9125137,29.42760468,44.14054489,Summer,2
6/18/2026,27.12959862,35.32970047,19.70742035,8.889531136,0.164749965,99.61321259,3.125775337,4.101095676,115.4213409,119.5102386,29.60221291,43.89066315,Summer,2
6/19/2026,27.28031158,35.49362946,19.84186554,8.916584015,0.15375717,99.61346436,3.121961117,4.094202042,115.0354004,119.1444168,29.77384186,43.64534378,Summer,2
6/20/2026,27.42807007,35.65409851,19.97371864,8.942785263,0.143130854,99.61363983,3.117934704,4.087083817,114.6859894,118.8152771,29.94228363,43.40508652,Summer,2
6/21/2026,27.57269859,35.81088257,20.1028614,8.968164444,0.132903844,99.61373138,3.113678932,4.079716682,114.3735504,118.52285,30.10733986,43.17038727,Summer,2
6/22/2026,27.71404457,35.96378326,20.22918701,8.992761612,0.123105876,99.61373901,3.109177113,4.072077751,114.0982132,118.266983,30.26883316,42.94169998,Summer,2
6/23/2026,27.85195923,36.11263275,20.35260582,9.016615868,0.113763317,99.61366272,3.104415417,4.064146996,113.8599854,118.0474014,30.42659378,42.71948242,Summer,2
6/24/2026,27.9863205,36.257267,20.47302818,9.039777756,0.104899637,99.6135025,3.09938097,4.055906773,113.6586151,117.8634567,30.58047867,42.50415039,Summer,2
6/25/2026,28.11701393,36.39754868,20.59039497,9.062302589,0.096534565,99.61325073,3.094063282,4.047342777,113.4936295,117.7144012,30.73035431,42.29608917,Summer,2
6/26/2026,28.24394798,36.53336334,20.70463943,9.08425045,0.088684931,99.61290741,3.0884552,4.038443565,113.364296,117.5992889,30.87611198,42.09566498,Summer,2
6/27/2026,28.36704826,36.66462708,20.81572914,9.105688095,0.081363894,99.61247253,3.082551003,4.0291996,113.2697067,117.5168991,31.01765823,41.90320587,Summer,2
6/28/2026,28.48625183,36.79125595,20.92362595,9.126684189,0.074581355,99.61193848,3.076348305,4.019607067,113.208725,117.4658585,31.15491295,41.7190094,Summer,2
6/29/2026,28.60151672,36.91320038,21.02832413,9.147315979,0.068344407,99.61131287,3.069846153,4.009663582,113.1799316,117.4445953,31.287817,41.54335785,Summer,2
6/30/2026,28.71281433,37.03043747,21.12980652,9.167660713,0.062656611,99.61058807,3.063047409,3.999372959,113.1817932,117.4512863,31.41633606,41.37648773,Summer,2
7/1/2026,28.82013512,37.14295578,21.22809792,9.187803268,0.057518952,99.60975647,3.055958748,3.988740206,113.2124786,117.4841003,31.54043961,41.21860504,Summer,2
7/2/2026,28.92348289,37.25076294,21.32320595,9.207827568,0.052929517,99.60882568,3.048586845,3.977775097,113.2700424,117.540863,31.66012383,41.06989288,Summer,2
7/3/2026,29.02287483,37.35388184,21.41517258,9.22782135,0.048884038,99.60778809,3.040943623,3.966492176,113.3522797,117.6193542,31.77539444,40.93050385,Summer,2
7/4/2026,29.11834526,37.45236206,21.50403214,9.24787426,0.045375932,99.60665131,3.033042908,3.954908133,113.4569397,117.717247,31.88627243,40.80056,Summer,2
7/5/2026,29.20993233,37.54626465,21.58984756,9.26807785,0.042396393,99.60540771,3.024901867,3.943044186,113.581543,117.8320847,31.99278831,40.68016815,Summer,2
7/6/2026,29.29769707,37.63564301,21.67266846,9.288521767,0.039935123,99.60407257,3.016539097,3.930924654,113.7235336,117.9612961,32.09498978,40.56939697,Summer,2
7/7/2026,29.38170242,37.72059631,21.75257111,9.309296608,0.037980251,99.60263062,3.007976532,3.918577194,113.8802414,118.1023331,32.19292831,40.46829987,Summer,2
7/8/2026,29.46201324,37.8012085,21.82962799,9.330492973,0.036518827,99.60109711,2.999238014,3.906033278,114.0489731,118.2525253,32.28667068,40.37689972,Summer,2
7/9/2026,29.53871918,37.87758255,21.90392113,9.352196693,0.035536774,99.59947205,2.990350246,3.893325567,114.2268829,118.4092712,32.37628174,40.29522324,Summer,2
7/10/2026,29.61189842,37.94981766,21.97552872,9.374493599,0.035019785,99.59775543,2.981341362,3.880491495,114.4112396,118.569931,32.46183777,40.22325897,Summer,2
7/11/2026,29.6816349,38.01802063,22.04454422,9.397462845,0.034952901,99.59596252,2.972240925,3.867569685,114.5992432,118.7319183,32.54341507,40.16098785,Summer,2
7/12/2026,29.74802399,38.08229828,22.11104965,9.421185493,0.035321519,99.59408569,2.963080883,3.854600668,114.788147,118.8927383,32.62108612,40.10838318,Summer,2
7/13/2026,29.81114388,38.14276505,22.17513657,9.445731163,0.036111407,99.59214783,2.953893661,3.841627359,114.9752274,119.0500031,32.69492722,40.06539917,Summer,2
7/14/2026,29.87108994,38.19951248,22.23688889,9.471168518,0.037308548,99.59014893,2.944713116,3.828694105,115.1579514,119.2013397,32.76501846,40.0320015,Summer,2
7/15/2026,29.92793846,38.25265121,22.29639053,9.497559547,0.038900126,99.58810425,2.935574055,3.815845728,115.3337708,119.3446426,32.8314209,40.00813293,Summer,2
7/16/2026,29.98177338,38.30226135,22.35371971,9.524957657,0.040874299,99.58601379,2.926510811,3.803126812,115.5004272,119.4779129,32.89420319,39.9937439,Summer,2
7/17/2026,30.03265953,38.34843063,22.40895081,9.55341053,0.043220706,99.58389282,2.91755867,3.790585041,115.6557007,119.5993881,32.95342255,39.98878479,Summer,2
7/18/2026,30.08066177,38.39123154,22.46215057,9.582957268,0.045930311,99.58174896,2.908751965,3.778264761,115.7976532,119.7074127,33.00912094,39.99319839,Summer,2
7/19/2026,30.1258297,38.43071747,22.51337242,9.613630295,0.048995871,99.57959747,2.90012598,3.766212463,115.9245071,119.8006439,33.06132889,40.00695038,Summer,2
7/20/2026,30.16821289,38.46693802,22.56266975,9.645452499,0.052412134,99.57745361,2.891713619,3.754471779,116.0347824,119.8780365,33.11008072,40.02999115,Summer,2
7/21/2026,30.20783424,38.49991989,22.61008453,9.678437233,0.056175608,99.57532501,2.883547783,3.743085146,116.1271973,119.9386444,33.15537643,40.06229401,Summer,2
7/22/2026,30.24471855,38.52967834,22.65564346,9.712589264,0.06028495,99.57322693,2.875659466,3.732095718,116.2008057,119.981926,33.19722366,40.10384369,Summer,2
7/23/2026,30.27886391,38.55620956,22.69936371,9.74790287,0.064740844,99.57117462,2.868077755,3.721540928,116.2548523,120.0076065,33.23559952,40.15461349,Summer,2
7/24/2026,30.31026649,38.57949829,22.74125099,9.7843647,0.069546185,99.56916809,2.860831738,3.711459637,116.2889709,120.0156631,33.27047348,40.21461487,Summer,2
7/25/2026,30.33889771,38.59949875,22.78129768,9.821949959,0.074705884,99.56723785,2.853945732,3.701884985,116.303093,120.0064316,33.30179596,40.28385162,Summer,2
7/26/2026,30.36472511,38.61615753,22.81948471,9.860624313,0.080226861,99.56538391,2.847443104,3.692848444,116.2974091,119.9804382,33.32950211,40.36235046,Summer,2
7/27/2026,30.3876915,38.62940598,22.85577774,9.900345802,0.086118005,99.56362915,2.84134531,3.684378624,116.2724838,119.9386063,33.35351944,40.45013428,Summer,2
7/28/2026,30.4077301,38.63914871,22.890131,9.941059113,0.092390008,99.56197357,2.835669041,3.676500082,116.229126,119.8821335,33.37375259,40.54725647,Summer,2
7/29/2026,30.424757,38.64527893,22.92248535,9.982701302,0.099055089,99.56044006,2.830430031,3.669233799,116.1685715,119.8124695,33.39009094,40.65378189,Summer,2
7/30/2026,30.43867874,38.64767838,22.95277023,10.0252037,0.106127195,99.55903625,2.825639725,3.662596226,116.0922623,119.7313766,33.40242004,40.76976776,Summer,2
7/31/2026,30.44939423,38.64620209,22.9808979,10.06848431,0.113621235,99.55776978,2.821306705,3.656601429,116.0019531,119.640831,33.41059494,40.89529419,Summer,2
8/1/2026,30.45677376,38.64070511,23.00677872,10.11245441,0.121553369,99.55665588,2.817436695,3.651257515,115.8997192,119.5431519,33.41448212,41.03044128,Summer,2
8/2/2026,30.46069336,38.63101959,23.03029823,10.15701962,0.129940212,99.55570221,2.814031124,3.646569729,115.7879028,119.4407654,33.41391754,41.1753006,Summer,2
8/3/2026,30.46100616,38.61698151,23.05134964,10.20207405,0.138799131,99.55491638,2.811089993,3.642538309,115.6689987,119.3364182,33.40873718,41.32997131,Summer,2
8/4/2026,30.45757675,38.59840012,23.06979942,10.24750996,0.148147434,99.55430603,2.808607101,3.639158964,115.5458984,119.2329788,33.39877319,41.49454498,Summer,2
8/5/2026,30.45023918,38.57509613,23.0855217,10.29320812,0.158002183,99.55387878,2.806575775,3.63642478,115.4215622,119.1335068,33.38384247,41.66912842,Summer,2
8/6/2026,30.43884277,38.54687119,23.0983696,10.33904934,0.168380275,99.55363464,2.804983616,3.634322643,115.2991867,119.0411835,33.36376953,41.85380554,Summer,2
8/7/2026,30.4232235,38.51354599,23.10820389,10.38490772,0.179297239,99.55358124,2.803817272,3.632837057,115.1820831,118.9592896,33.33836746,42.04866409,Summer,2
8/8/2026,30.40322113,38.47491455,23.11487389,10.43065071,0.190767899,99.5537262,2.803058147,3.631947994,115.0737228,118.8911972,33.30746078,42.25379181,Summer,2
8/9/2026,30.37866592,38.43079758,23.11822701,10.47614765,0.202805236,99.55406189,2.802686691,3.631631374,114.9776764,118.8403549,33.27087021,42.46926117,Summer,2
8/10/2026,30.34941101,38.38101578,23.11811638,10.52126217,0.215420455,99.55460358,2.802679062,3.631860256,114.897522,118.8101501,33.22842026,42.69512177,Summer,2
8/11/2026,30.31529808,38.32538986,23.11438942,10.56585693,0.228622511,99.55534363,2.803009987,3.632604122,114.8369217,118.804039,33.1799469,42.93141937,Summer,2
8/12/2026,30.27618027,38.2637558,23.10690117,10.60979557,0.242417872,99.55627441,2.803651333,3.633830309,114.799469,118.8253326,33.12529373,43.17816925,Summer,2
8/13/2026,30.23192024,38.19596863,23.09550095,10.65294075,0.256810218,99.55740356,2.804572105,3.635501385,114.788765,118.8773956,33.0643158,43.4353714,Summer,2
8/14/2026,30.18239403,38.12189865,23.08005714,10.69515228,0.271799982,99.55873108,2.805740833,3.637580156,114.8083267,118.9633026,32.99688339,43.70300293,Summer,2
8/15/2026,30.12748718,38.0414238,23.06044006,10.73630142,0.28738445,99.5602417,2.807123661,3.640025854,114.861496,119.0861359,32.92288589,43.98100662,Summer,2
8/16/2026,30.06710625,37.9544487,23.03652573,10.77625179,0.303556979,99.56193542,2.808685303,3.642796755,114.9515991,119.2487411,32.84222412,44.26929474,Summer,2
8/17/2026,30.00116539,37.86091232,23.00820732,10.81487656,0.320307553,99.56381226,2.810390472,3.645848513,115.0816956,119.4537811,32.75482559,44.56774902,Summer,2
8/18/2026,29.92960548,37.76074982,22.97538567,10.85205173,0.337621838,99.56585693,2.812200546,3.649137497,115.2546158,119.7036514,32.66062927,44.87621689,Summer,2
8/19/2026,29.85238075,37.65395355,22.93797493,10.8876543,0.355481416,99.56806183,2.814079762,3.652618408,115.4730682,120.0005188,32.55961227,45.19451141,Summer,2
8/20/2026,29.76946449,37.54052353,22.89590454,10.92157078,0.373863906,99.57043457,2.815989971,3.656246424,115.739418,120.3463135,32.45175934,45.52240372,Summer,2
8/21/2026,29.68086433,37.42049026,22.849123,10.95369434,0.392742306,99.57295227,2.817893982,3.659976482,116.0557709,120.74263,32.33709717,45.85962296,Summer,2
8/22/2026,29.58660126,37.29391479,22.79759026,10.983922,0.412085682,99.57561493,2.819754601,3.663764954,116.4239197,121.190712,32.21566772,46.20585632,Summer,2
8/23/2026,29.48671722,37.16090393,22.74128914,11.01215649,0.431858569,99.57840729,2.821536064,3.667567015,116.8453674,121.6915741,32.08753967,46.56075287,Summer,2
8/24/2026,29.38128471,37.02156067,22.68021202,11.038311,0.452021331,99.58132172,2.823203087,3.671341419,117.321228,122.245842,31.95281029,46.92391968,Summer,2
8/25/2026,29.27039719,36.87605286,22.61438179,11.06230545,0.472530335,99.58435822,2.82472229,3.675047636,117.8523483,122.8537598,31.81161308,47.2949295,Summer,2
8/26/2026,29.15418053,36.72455597,22.54383087,11.08406544,0.49333787,99.58750153,2.826061249,3.67864728,118.4391098,123.5152969,31.66410065,47.67329025,Summer,2
8/27/2026,29.03277588,36.56729126,22.46861839,11.10352898,0.514392495,99.59073639,2.827189922,3.682103634,119.0816116,124.2300186,31.5104599,48.05849457,Summer,2
8/28/2026,28.90634537,36.40449905,22.38881683,11.1206398,0.535639167,99.59407043,2.8280797,3.68538332,119.7795563,124.9972153,31.3508873,48.44996643,Summer,2
8/29/2026,28.77508163,36.2364502,22.30451584,11.13534737,0.557019651,99.59748077,2.828704834,3.688454866,120.5323105,125.8157196,31.18562508,48.84712601,Summer,2
8/30/2026,28.63920403,36.06343842,22.21583176,11.14761543,0.578472614,99.60096741,2.829041958,3.691290855,121.3388214,126.6841125,31.01493263,49.2493248,Summer,2
8/31/2026,28.49893761,35.88579559,22.12289238,11.15741062,0.599933982,99.60451508,2.829070568,3.693866253,122.1977386,127.6006546,30.83909035,49.65589905,Summer,2
9/1/2026,28.35453987,35.70385742,22.02584839,11.16471195,0.621337652,99.60812378,2.828772545,3.696159363,123.107338,128.5633087,30.65839767,50.06614685,Autumn,3
9/2/2026,28.20628548,35.51800537,21.92486,11.16950226,0.642615259,99.61178589,2.828132629,3.698153257,124.0656204,129.5696869,30.47318268,50.47932816,Autumn,3
9/3/2026,28.05445862,35.32860184,21.82010841,11.17177677,0.663697243,99.6155014,2.827138424,3.699832678,125.0702438,130.6172028,30.28378487,50.89469528,Autumn,3
9/4/2026,27.89936256,35.13607025,21.71178246,11.17153263,0.684512734,99.61924744,2.825782299,3.701188087,126.1185913,131.7030029,30.09056282,51.3114624,Autumn,3
9/5/2026,27.7413044,34.94081116,21.6000843,11.16877842,0.704990566,99.62303925,2.824057579,3.702212334,127.2077866,132.8240814,29.89388275,51.72882843,Autumn,3
9/6/2026,27.58062363,34.74325943,21.48523903,11.16352844,0.725059092,99.62685394,2.82196188,3.702902317,128.3347473,133.9771271,29.69412613,52.14598083,Autumn,3
9/7/2026,27.41763878,34.5438385,21.36746788,11.15580082,0.744647145,99.63069916,2.819496155,3.703258753,129.4961243,135.1587677,29.49168015,52.56209183,Autumn,3
9/8/2026,27.25269699,34.34298706,21.24700165,11.1456213,0.763684511,99.63456726,2.816663742,3.703286171,130.6885071,136.3655243,29.28693771,52.97633362,Autumn,3
9/9/2026,27.08612442,34.1411438,21.12407684,11.13302135,0.782102108,99.63846588,2.813471794,3.702992678,131.9082336,137.5937958,29.08029556,53.38786697,Autumn,3
9/10/2026,26.91827011,33.93873596,20.99894333,11.11803341,0.799832821,99.64237213,2.809929371,3.702389717,133.1516571,138.8399048,28.87214661,53.79586411,Autumn,3
9/11/2026,26.74946976,33.73619843,20.8718338,11.10070038,0.816811442,99.64630127,2.806050301,3.701492071,134.4149628,140.1002045,28.66287804,54.19950485,Autumn,3
9/12/2026,26.58004951,33.53394318,20.74300003,11.08106136,0.832975984,99.65024567,2.801849365,3.700318098,135.6943512,141.3710632,28.45287704,54.59796524,Autumn,3
9/13/2026,26.41033363,33.33237457,20.61268044,11.05916119,0.848267257,99.65420532,2.797344685,3.698888063,136.9860382,142.6489105,28.24251366,54.99046326,Autumn,3
9/14/2026,26.2406311,33.13188934,20.48110962,11.03504848,0.862629831,99.65818024,2.792557716,3.697226286,138.2863159,143.9302368,28.03215027,55.37622452,Autumn,3
9/15/2026,26.07123947,32.9328537,20.34851837,11.0087719,0.876012266,99.66217041,2.787509441,3.695358276,139.5915222,145.2116699,27.82213402,55.75449371,Autumn,3
9/16/2026,25.90244102,32.73560715,20.21512794,10.98038101,0.888367414,99.66616821,2.782226563,3.693313837,140.8980713,146.4900665,27.61278915,56.12456512,Autumn,3
9/17/2026,25.73450089,32.54048538,20.08115005,10.94992542,0.899652898,99.67018127,2.776734829,3.691122293,142.202652,147.7623749,27.40442467,56.48575211,Autumn,3
9/18/2026,25.56765747,32.34777832,19.94678497,10.91745472,0.909831405,99.67420959,2.771063328,3.688816309,143.5019989,149.0258179,27.19731903,56.83741379,Autumn,3
9/19/2026,25.40213203,32.15774536,19.8122139,10.88301945,0.918870687,99.67823792,2.765241623,3.686429977,144.7932281,150.2778625,26.99174118,57.17895126,Autumn,3
9/20/2026,25.23811913,31.97063065,19.6776123,10.84666824,0.926744401,99.68228912,2.759299755,3.683997393,146.0735474,151.5162811,26.78791046,57.5098114,Autumn,3
9/21/2026,25.07578659,31.78662682,19.54312515,10.80844688,0.933431625,99.68634033,2.753271103,3.681554794,147.3405762,152.7390747,26.58603668,57.82950211,Autumn,3
9/22/2026,24.91527939,31.60589981,19.40889549,10.76839924,0.938917279,99.69039917,2.747187138,3.679138184,148.5921173,153.9446411,26.3862896,58.13755417,Autumn,3
9/23/2026,24.75670433,31.42857552,19.27503014,10.72657013,0.943192482,99.69447327,2.741082191,3.676784039,149.8263855,155.1316528,26.18880463,58.43358994,Autumn,3
9/24/2026,24.60015297,31.25474167,19.14162827,10.68299866,0.946254015,99.69853973,2.734987736,3.674529076,151.0419006,156.2991943,25.99369621,58.71727371,Autumn,3
9/25/2026,24.44567108,31.08444786,19.00876045,10.63772297,0.948105156,99.70261383,2.72893858,3.672409534,152.2375641,157.44664,25.80103683,58.98832321,Autumn,3
9/26/2026,24.29328156,30.91771126,18.87648201,10.59077549,0.948754609,99.7066803,2.722966194,3.670460701,153.4125824,158.5737762,25.61086655,59.24652863,Autumn,3
9/27/2026,24.14298058,30.75449562,18.74481964,10.54218864,0.948217571,99.71074677,2.717103958,3.668717146,154.5666199,159.6807404,25.42319107,59.49172592,Autumn,3
9/28/2026,23.99472237,30.59474182,18.61377907,10.491992,0.946514487,99.71479797,2.711383343,3.667213202,155.699646,160.7680817,25.2379837,59.72384262,Autumn,3
9/29/2026,23.84844208,30.43834496,18.48334885,10.44020748,0.943671763,99.71882629,2.705834866,3.665980577,156.8120728,161.8366089,25.05518532,59.94284058,Autumn,3
9/30/2026,23.70403671,30.28516388,18.35349274,10.38685894,0.939720988,99.72283936,2.700488567,3.665050507,157.9046173,162.8875732,24.87470627,60.14876175,Autumn,3
10/1/2026,23.5613842,30.13502502,18.2241478,10.33196735,0.934699178,99.7268219,2.695372105,3.664451838,158.9784088,163.9225311,24.69642258,60.34170532,Autumn,3
10/2/2026,23.42032242,29.9877224,18.09523392,10.27554512,0.928647757,99.73075867,2.690513134,3.664211988,160.0349274,164.9434052,24.52017975,60.52182007,Autumn,3
10/3/2026,23.2806778,29.84300613,17.96665764,10.21760941,0.921613038,99.73465729,2.685936451,3.664356232,161.076004,165.9523163,24.34580231,60.68933868,Autumn,3
10/4/2026,23.14224434,29.70062065,17.83829689,10.15816975,0.913645327,99.7385025,2.681665421,3.66490674,162.1036987,166.9517822,24.17308235,60.8445282,Autumn,3
10/5/2026,23.00479698,29.56026268,17.71001816,10.09723663,0.904798806,99.74227905,2.677722931,3.665885448,163.1205139,167.9445038,24.001791,60.9877243,Autumn,3
10/6/2026,22.86808777,29.42161369,17.58166885,10.03481865,0.895130932,99.74598694,2.674127102,3.667309761,164.1290741,168.9334717,23.83167648,61.11930466,Autumn,3
10/7/2026,22.7318573,29.28433418,17.45308113,9.970921516,0.884702146,99.7496109,2.670897007,3.66919589,165.13237,169.9217682,23.66247559,61.23970795,Autumn,3
10/8/2026,22.59582901,29.14806938,17.32407951,9.90555191,0.873575389,99.75314331,2.668047905,3.671557426,166.1334839,170.912735,23.49389839,61.34940338,Autumn,3
10/9/2026,22.45971298,29.01244926,17.19447517,9.838717461,0.861815631,99.75657654,2.665593624,3.674405336,167.135788,171.9097748,23.32564926,61.4489212,Autumn,3
10/10/2026,22.32321167,28.87708664,17.06406593,9.770423889,0.849489272,99.7598877,2.663545609,3.677748203,168.1427155,172.9164581,23.15742111,61.53882217,Autumn,3
10/11/2026,22.18602371,28.74160385,16.93265343,9.700677872,0.836663842,99.76308441,2.661913395,3.681591988,169.1578064,173.9362793,22.98890305,61.61969376,Autumn,3
10/12/2026,22.04784393,28.60560036,16.80002594,9.629487038,0.823407531,99.76613617,2.660704613,3.685940742,170.1846924,174.9728394,22.81977463,61.69215775,Autumn,3
10/13/2026,21.90835953,28.46869469,16.66597748,9.556864738,0.809788644,99.7690506,2.659923553,3.690795422,171.2269897,176.0296783,22.64972496,61.75686264,Autumn,3
10/14/2026,21.76727676,28.33049393,16.5302906,9.482821465,0.795875013,99.77180481,2.659574986,3.696156025,172.2883606,177.11026,22.47843742,61.81448364,Autumn,3
10/15/2026,21.62429619,28.19062996,16.39276505,9.407374382,0.781733811,99.77440643,2.659659386,3.702018499,173.372345,178.2179565,22.30560875,61.86569977,Autumn,3
10/16/2026,21.4791317,28.04872894,16.25320053,9.330541611,0.767430723,99.77683258,2.660176277,3.708378792,174.4823914,179.3559265,22.13094139,61.91121292,Autumn,3
10/17/2026,21.33151054,27.90445328,16.1113987,9.252346992,0.753030002,99.77907562,2.661123276,3.71522975,175.6217957,180.5272522,21.95415306,61.95172119,Autumn,3
10/18/2026,21.18117142,27.75746536,15.96717167,9.17281723,0.738593757,99.78114319,2.662496567,3.722562313,176.7937469,181.7346649,21.77498055,61.98791885,Autumn,3
10/19/2026,21.02787971,27.60745621,15.82035923,9.091986656,0.724181652,99.78302002,2.664290905,3.730366707,178.0010986,182.9807281,21.59317207,62.02052307,Autumn,3
10/20/2026,20.87141037,27.45414734,15.67079449,9.009889603,0.70985043,99.78469849,2.666498661,3.738630772,179.2465668,184.2676697,21.40850258,62.0502243,Autumn,3
10/21/2026,20.71157265,27.29728508,15.51834011,8.926571846,0.695653975,99.78618622,2.669111729,3.747341633,180.532486,185.5973816,21.2207756,62.07770157,Autumn,3
10/22/2026,20.54819298,27.13664436,15.36286831,8.842082024,0.681642711,99.78748322,2.672120571,3.756485462,181.8609161,186.9714966,21.02980995,62.10361862,Autumn,3
10/23/2026,20.38112831,26.97203636,15.20428181,8.756472588,0.66786325,99.78857422,2.675513744,3.76604557,183.2335815,188.391098,20.83546638,62.12862015,Autumn,3
10/24/2026,20.21026421,26.80330467,15.04249096,8.669807434,0.654358745,99.78948212,2.679280281,3.776007652,184.6517792,189.8570099,20.63762474,62.1533432,Autumn,3
10/25/2026,20.03552055,26.63033295,14.87744236,8.582152367,0.641167998,99.79020691,2.68340683,3.786352873,186.1164551,191.3696747,20.43620491,62.1783638,Autumn,3
10/26/2026,19.85684395,26.45304108,14.70909595,8.493583679,0.62832582,99.79074097,2.687880516,3.797065258,187.6281586,192.9289551,20.23115921,62.20425797,Autumn,3
10/27/2026,19.67421913,26.27138901,14.53744411,8.404179573,0.615862906,99.79111481,2.692686558,3.808125973,189.1869049,194.5344086,20.02247047,62.23155212,Autumn,3
10/28/2026,19.48765945,26.08537674,14.36250401,8.314027786,0.603805542,99.7913208,2.697811604,3.819517374,190.7924194,196.1850739,19.81015968,62.26073837,Autumn,3
10/29/2026,19.29721642,25.89504242,14.18430996,8.223220825,0.592175841,99.79137421,2.703239918,3.831220388,192.4438477,197.8796082,19.59428024,62.2922821,Autumn,3
10/30/2026,19.10297775,25.70046806,14.00293827,8.131857872,0.580991685,99.79129791,2.708955765,3.843216419,194.1399841,199.6161804,19.37492561,62.32659149,Autumn,3
10/31/2026,18.90505981,25.50177193,13.81848049,8.040045738,0.570266604,99.79109955,2.714945316,3.855487347,195.8790894,201.3925323,19.15222168,62.36404037,Autumn,3
11/1/2026,18.70361328,25.29911804,13.6310606,7.947892189,0.560010254,99.79080963,2.721191406,3.868014097,197.6590271,203.2059631,18.92633057,62.40497208,Autumn,3
11/2/2026,18.49882317,25.09269905,13.44082165,7.855514526,0.550228238,99.79042816,2.727679253,3.880779028,199.4772491,205.0534363,18.69744492,62.44965363,Autumn,3
11/3/2026,18.29090881,24.88274956,13.24794292,7.76303196,0.540922523,99.78999329,2.73439312,3.893762827,201.33078,206.931427,18.4657917,62.49834824,Autumn,3
11/4/2026,18.08011436,24.66954422,13.05261707,7.670568466,0.53209126,99.78952789,2.741317272,3.906949043,203.2161865,208.8361206,18.23163223,62.55124664,Autumn,3
11/5/2026,17.86671829,24.45337868,12.85507202,7.578251839,0.523729444,99.78904724,2.748436928,3.92031908,205.1296844,210.7633057,17.99524879,62.60850143,Autumn,3
11/6/2026,17.65102196,24.23459435,12.6555481,7.486213684,0.515828907,99.78858185,2.755736351,3.933855534,207.0671844,212.7085419,17.75695992,62.67023087,Autumn,3
11/7/2026,17.4333477,24.01354408,12.45431232,7.394585609,0.508378565,99.78816223,2.763201237,3.947541952,209.0242767,214.6669464,17.51709938,62.73649597,Autumn,3
11/8/2026,17.21405029,23.79062271,12.251647,7.303503036,0.501364887,99.78781891,2.770815849,3.96136117,210.99617,216.6335602,17.2760334,62.80733109,Autumn,3
11/9/2026,16.99349976,23.56623268,12.04785919,7.213102341,0.494771957,99.78756714,2.778566837,3.975297213,212.9778748,218.6031342,17.03414154,62.88271713,Autumn,3
11/10/2026,16.77207565,23.34080887,11.84325886,7.123517036,0.488582045,99.7874527,2.786439419,3.989333868,214.9642029,220.570282,16.79182053,62.96260834,Autumn,3
11/11/2026,16.55018425,23.11478615,11.6381855,7.034884453,0.482775748,99.78749847,2.794420242,4.003455162,216.949707,222.5294647,16.54948616,63.04691696,Autumn,3
11/12/2026,16.32823753,22.88862801,11.43297291,6.947336197,0.477332264,99.78772736,2.802495003,4.017645359,218.9289398,224.4750366,16.30755806,63.13551331,Autumn,3
11/13/2026,16.10665512,22.66279793,11.22797775,6.861004829,0.472229838,99.78818512,2.810650349,4.031889439,220.8961792,226.401413,16.06646729,63.22825241,Autumn,3
11/14/2026,15.88585663,22.43776703,11.02355194,6.776018143,0.467446119,99.78888702,2.818873882,4.046171665,222.8458405,228.3028717,15.82664776,63.32494736,Autumn,3
11/15/2026,15.66627598,22.2140007,10.82005882,6.692501068,0.462958246,99.78986359,2.827151299,4.060476303,224.7721558,230.1738739,15.58853626,63.42539978,Autumn,3
11/16/2026,15.44833755,21.9919796,10.61785698,6.610574722,0.458743364,99.79115295,2.835470676,4.074789047,226.6695404,232.0088654,15.35256958,63.52935791,Autumn,3
11/17/2026,15.23246288,21.77215958,10.41731262,6.530352592,0.45477891,99.79276276,2.843819141,4.089093685,228.5323486,233.8025208,15.1191721,63.63657761,Autumn,3
11/18/2026,15.0190649,21.55499649,10.2187748,6.451945305,0.451042593,99.79473114,2.852183342,4.103374958,230.3552399,235.5496521,14.88876629,63.74678421,Autumn,3
11/19/2026,14.80854797,21.34093475,10.02260017,6.375452995,0.447513103,99.79708099,2.860552311,4.117618084,232.1328735,237.2452545,14.66175842,63.85969925,Autumn,3
11/20/2026,14.60130787,21.1303978,9.829125404,6.300972939,0.444169879,99.79982758,2.868911743,4.131805897,233.8602142,238.8846588,14.43854332,63.97500992,Autumn,3
11/21/2026,14.39771557,20.92379379,9.638683319,6.228590965,0.440993726,99.80299377,2.877250671,4.145923138,235.5324402,240.4634094,14.21949863,64.09240723,Autumn,3
11/22/2026,14.19812775,20.72151184,9.451587677,6.15838623,0.437966734,99.80658722,2.885555267,4.159953594,237.1450653,241.9774475,14.00498009,64.211586,Autumn,3
11/23/2026,14.00288105,20.52391052,9.268143654,6.090428829,0.435072362,99.8106308,2.893814087,4.1738801,238.6938324,243.4230347,13.79532242,64.33221436,Autumn,3
11/24/2026,13.81228733,20.33132172,9.088632584,6.024779797,0.432295978,99.81512451,2.902013779,4.187686443,240.1749725,244.7968597,13.59083652,64.45397186,Autumn,3
11/25/2026,13.62663174,20.14406013,8.91331768,5.961489677,0.429624557,99.82008362,2.910142422,4.20135355,241.5849609,246.0960236,13.3918066,64.57653809,Autumn,3
11/26/2026,13.44617748,19.9623909,8.742441177,5.90059948,0.427046925,99.82550812,2.918186665,4.214866161,242.9207611,247.3179932,13.19848537,64.69959259,Autumn,3
11/27/2026,13.2711544,19.78656006,8.576227188,5.842140675,0.424553752,99.83139801,2.926134109,4.228204727,244.1797791,248.4607849,13.01110077,64.82281494,Autumn,3
11/28/2026,13.10176563,19.61677551,8.414868355,5.786133766,0.422137558,99.8377533,2.933971882,4.241352081,245.359848,249.5228424,12.82984543,64.94590759,Autumn,3
11/29/2026,12.93817997,19.45321655,8.258535385,5.732589722,0.41979295,99.84455872,2.94168663,4.254288197,246.4592285,250.503067,12.65488338,65.068573,Autumn,3
11/30/2026,12.7805357,19.29601479,8.107374191,5.681507111,0.417516053,99.85180664,2.949266434,4.266996384,247.4766998,251.4008942,12.48634624,65.19050598,Autumn,3
12/1/2026,12.62894344,19.1452713,7.961503983,5.632878304,0.415305108,99.85948944,2.956697464,4.279456139,248.4115448,252.216156,12.32432938,65.31144714,Winter,0
12/2/2026,12.48347759,19.0010643,7.821015358,5.586681366,0.413159698,99.86758423,2.963966846,4.291649342,249.2634735,252.9492645,12.16889954,65.43112183,Winter,0
12/3/2026,12.34418106,18.86341858,7.68597126,5.54288578,0.411081254,99.87606049,2.97106266,4.303557396,250.0327301,253.6010742,12.02008915,65.54927063,Winter,0
12/4/2026,12.21106434,18.73233223,7.556409836,5.501452923,0.409072548,99.88491058,2.977972031,4.315161228,250.7199402,254.1728058,11.87789822,65.66566467,Winter,0
12/5/2026,12.08411121,18.60777283,7.432339668,5.462335587,0.407137662,99.89408875,2.984682083,4.326442242,251.3262787,254.6662598,11.74229527,65.7800827,Winter,0
12/6/2026,11.96326637,18.48966789,7.313743591,5.425474167,0.405281723,99.90357208,2.991181374,4.337382317,251.853363,255.0836182,11.61322308,65.89230347,Winter,0
12/7/2026,11.84845924,18.37792015,7.200577736,5.390804291,0.403510869,99.91332245,2.997457504,4.34796381,252.3032227,255.4274597,11.49058914,66.00214386,Winter,0
12/8/2026,11.73958015,18.27240372,7.092776299,5.358251572,0.401832104,99.9233017,3.003499985,4.358170509,252.6782227,255.7006989,11.37427711,66.10940552,Winter,0
12/9/2026,11.63650036,18.17295837,6.990244865,5.327738762,0.400252819,99.93347168,3.009297371,4.367984295,252.9812469,255.9066315,11.26414871,66.21393585,Winter,0
12/10/2026,11.53906059,18.07940865,6.892869949,5.29917717,0.398780823,99.94377899,3.014840603,4.377391338,253.2154236,256.0489197,11.16003323,66.31557465,Winter,0
12/11/2026,11.44708824,17.99154663,6.800513268,5.272474289,0.397424132,99.95419312,3.020118713,4.386375904,253.3842773,256.1314392,11.06174946,66.41418457,Winter,0
12/12/2026,11.36038208,17.9091568,6.713024139,5.247536182,0.396190584,99.96465302,3.025124073,4.394925594,253.4915009,256.1582947,10.96909046,66.50962067,Winter,0
12/13/2026,11.27873516,17.8319931,6.630227089,5.22426033,0.395087928,99.97512054,3.029848099,4.403028011,253.541214,256.1339111,10.88183403,66.60178375,Winter,0
12/14/2026,11.20191479,17.75979996,6.551931381,5.202541351,0.394123226,99.98553467,3.034285069,4.410672665,253.5375824,256.0627136,10.79974556,66.69055176,Winter,0
12/15/2026,11.12967873,17.69231796,6.477934837,5.182274818,0.393303216,99.99584961,3.038428307,4.417850494,253.4850616,255.9494171,10.72257805,66.77584076,Winter,0
12/16/2026,11.06177902,17.62926865,6.408023834,5.163351059,0.392633498,100.006012,3.042273045,4.424554348,253.3881378,255.7986603,10.65007591,66.85754395,Winter,0
12/17/2026,10.99795532,17.57036781,6.341972351,5.145661354,0.392118782,100.015976,3.045816898,4.430778503,253.2515106,255.6152496,10.58197784,66.93557739,Winter,0
12/18/2026,10.93794537,17.51534081,6.279549599,5.129096031,0.391762853,100.0256805,3.04905653,4.436519146,253.0797882,255.4039307,10.51802158,67.00987244,Winter,0
12/19/2026,10.88148785,17.46390152,6.220517159,5.113547325,0.391567945,100.0350723,3.051991463,4.441774845,252.8777466,255.1694183,10.45793819,67.08034515,Winter,0
12/20/2026,10.82831669,17.41576576,6.164638519,5.098908901,0.391535163,100.0441132,3.05462265,4.446546078,252.6499176,254.9163208,10.40147018,67.14693451,Winter,0
12/21/2026,10.77817535,17.37067032,6.11166954,5.085073948,0.391663998,100.052742,3.056952,4.450835228,252.401001,254.6491394,10.34835625,67.20956421,Winter,0
12/22/2026,10.73080349,17.32833672,6.061369896,5.071944237,0.391952485,100.0609207,3.058982372,4.454647541,252.1353607,254.3722534,10.29834652,67.26817322,Winter,0
12/23/2026,10.68596077,17.28852081,6.013507843,5.059419632,0.392397165,100.0686035,3.060719013,4.457989216,251.8573608,254.0897369,10.25119781,67.32270813,Winter,0
12/24/2026,10.64341164,17.25097656,5.967850685,5.04740715,0.392992914,100.0757446,3.062169075,4.460870266,251.5711517,253.8055115,10.20668507,67.37309265,Winter,0
12/25/2026,10.60293102,17.2154808,5.924178123,5.035820007,0.393733114,100.0823059,3.063339233,4.463301182,251.2805634,253.5232544,10.16458797,67.41925049,Winter,0
12/26/2026,10.56431198,17.18182755,5.882274628,5.024573803,0.394609421,100.0882416,3.064240456,4.465296268,250.9893036,253.2463379,10.12471008,67.46114349,Winter,0
12/27/2026,10.52736092,17.14982224,5.841941833,5.013593674,0.39561227,100.0935364,3.064882278,4.466870785,250.7007446,252.9777222,10.08686638,67.49868011,Winter,0
12/28/2026,10.49190235,17.11929321,5.80298996,5.002808094,0.396730542,100.0981445,3.065278053,4.468042374,250.4179382,252.7201538,10.05089474,67.53180695,Winter,0
12/29/2026,10.45778561,17.09010506,5.765245438,4.992153645,0.397951752,100.1020584,3.065441132,4.468831062,250.1436005,252.4759827,10.01664352,67.56044006,Winter,0
12/30/2026,10.42487144,17.06212616,5.72854805,4.981575966,0.399262339,100.1052322,3.065386295,4.469258785,249.880188,252.2471771,9.983996391,67.58452606,Winter,0
12/31/2026,10.39304543,17.03525543,5.692761421,4.971024513,0.40064767,100.1076736,3.065129757,4.469348431,249.6296997,252.0352783,9.952847481,67.60397339,Winter,0
1/1/2027,10.36221409,17.00941849,5.657753944,4.960458755,0.402092159,100.1093521,3.064689159,4.469124794,249.3938141,251.8415375,9.923117638,67.61871338,Winter,0
1/2/2027,10.33230877,16.98456192,5.623427391,4.949846268,0.403579533,100.1102676,3.064083099,4.468614578,249.1738281,251.6667938,9.894744873,67.62867737,Winter,0
1/3/2027,10.30327892,16.96065521,5.589693069,4.93915987,0.405093044,100.1104202,3.063329697,4.467844963,248.9706573,251.5113983,9.867695808,67.6337738,Winter,0
1/4/2027,10.27509975,16.93769836,5.556485176,4.92838192,0.406615555,100.1098022,3.062449932,4.466845512,248.7848206,251.3753815,9.841957092,67.63394165,Winter,0
1/5/2027,10.24776459,16.91570282,5.523750305,4.91750288,0.408129841,100.108429,3.061463833,4.465643883,248.6164856,251.2584229,9.817531586,67.62910461,Winter,0
1/6/2027,10.2212925,16.89471436,5.491471291,4.906520367,0.409618706,100.106308,3.060391903,4.464272022,248.4653778,251.1598053,9.794454575,67.6191864,Winter,0
1/7/2027,10.19571686,16.87479019,5.459630966,4.895436764,0.41106534,100.103447,3.05925703,4.462759018,248.3310089,251.0784607,9.772766113,67.60412598,Winter,0
1/8/2027,10.17109966,16.85601997,5.428242683,4.884264946,0.412453502,100.0998764,3.058079243,4.461135864,248.2123718,251.0129395,9.752539635,67.5838623,Winter,0
1/9/2027,10.14751434,16.83849716,5.397337914,4.873021126,0.413767487,100.0956192,3.056880474,4.459433556,248.1083221,250.9615479,9.733854294,67.55831909,Winter,0
1/10/2027,10.12505436,16.8223381,5.366963387,4.861730576,0.414992839,100.0906982,3.055682182,4.457681179,248.0171814,250.922287,9.71681118,67.52745819,Winter,0
1/11/2027,10.10382557,16.80768013,5.33717823,4.850423336,0.416116089,100.085144,3.054504395,4.455908775,247.9371948,250.8928833,9.701528549,67.4912262,Winter,0
1/12/2027,10.083951,16.79466629,5.308067322,4.839134216,0.417125106,100.0790024,3.053368568,4.454144478,247.866272,250.8708038,9.68813324,67.44960022,Winter,0
1/13/2027,10.06557083,16.78344727,5.279719353,4.827903748,0.41800952,100.0723038,3.052293301,4.45241642,247.802063,250.8533173,9.67675972,67.40255737,Winter,0
1/14/2027,10.04882813,16.77420235,5.252245903,4.816776752,0.41876027,100.0651016,3.051297665,4.450750828,247.7420349,250.837616,9.667564392,67.35006714,Winter,0
1/15/2027,10.03387642,16.76708984,5.225759506,4.805800438,0.419370681,100.0574265,3.050399303,4.449171543,247.6835175,250.8206177,9.660691261,67.2921524,Winter,0
1/16/2027,10.02087498,16.76229477,5.200397491,4.795025826,0.419835567,100.0493317,3.049614906,4.447702408,247.623703,250.7991791,9.656303406,67.22880554,Winter,0
1/17/2027,10.00999451,16.75999832,5.176290512,4.784507751,0.420152128,100.040863,3.048958778,4.446363449,247.5596466,250.7701569,9.654568672,67.1600647,Winter,0
1/18/2027,10.00139809,16.76037598,5.153585434,4.774301529,0.420319736,100.0320816,3.048446178,4.44517374,247.4883118,250.7303009,9.655647278,67.08596802,Winter,0
1/19/2027,9.995262146,16.76360703,5.132432938,4.764464378,0.420339882,100.0230331,3.048087597,4.444149494,247.406723,250.6763763,9.65969944,67.00658417,Winter,0
1/20/2027,9.991749763,16.76986694,5.112983704,4.755054474,0.420216352,100.0137711,3.047894001,4.443304539,247.3117981,250.6051941,9.66688633,66.92198181,Winter,0
1/21/2027,9.991026878,16.77931786,5.095398903,4.746129513,0.419955343,100.0043411,3.047874928,4.442650318,247.200592,250.5136261,9.677357674,66.83224487,Winter,0
1/22/2027,9.993250847,16.79212379,5.079829216,4.737747192,0.419565052,99.99481201,3.048035622,4.442195415,247.0701447,250.3986664,9.691268921,66.73750305,Winter,0
1/23/2027,9.998575211,16.80843353,5.066432953,4.72996521,0.419056147,99.98522186,3.048381329,4.441945553,246.9175568,250.2574005,9.708749771,66.63787079,Winter,0
1/24/2027,10.00714779,16.8283844,5.055356026,4.722836494,0.418441296,99.97562408,3.048915386,4.441904068,246.7402039,250.0871277,9.729931831,66.53350067,Winter,0
1/25/2027,10.01909447,16.85210228,5.046750069,4.716416359,0.417735308,99.96607971,3.049637794,4.442070007,246.5354919,249.8852997,9.754928589,66.42456055,Winter,0
1/26/2027,10.03454018,16.87969208,5.040752411,4.710753441,0.416954637,99.95662689,3.050548077,4.442442417,246.3010406,249.6496277,9.783843994,66.31121063,Winter,0
1/27/2027,10.05359459,16.91125298,5.037496567,4.705896378,0.416117936,99.9473114,3.051642895,4.443013668,246.0346527,249.3779907,9.816766739,66.19367218,Winter,0
1/28/2027,10.0763483,16.94685745,5.037106514,4.701890945,0.415244937,99.93818665,3.05291748,4.443777084,245.734375,249.0685577,9.853769302,66.07214355,Winter,0
1/29/2027,10.10288048,16.98656845,5.039698601,4.698775291,0.414357185,99.92928314,3.054364204,4.444720268,245.3985291,248.7197876,9.894906044,65.94685364,Winter,0
1/30/2027,10.1332531,17.03042412,5.045371056,4.696588516,0.413476974,99.92063904,3.055974007,4.445831299,245.0256653,248.3304443,9.940220833,65.8180542,Winter,0
1/31/2027,10.1675148,17.07844734,5.054217339,4.695362091,0.412627906,99.91229248,3.05773735,4.44709301,244.6145935,247.8995209,9.989731789,65.68598938,Winter,0
2/1/2027,10.20569038,17.13064194,5.066314697,4.695123196,0.411834002,99.90428162,3.059641361,4.448487759,244.1643982,247.4263458,10.04344273,65.55091858,Winter,0
2/2/2027,10.24779129,17.18699455,5.081724167,4.695895672,0.411119819,99.89661407,3.061672211,4.449994564,243.6744995,246.9105988,10.10134411,65.41312408,Winter,0
2/3/2027,10.29381275,17.24746704,5.100500107,4.697699547,0.410510004,99.88933563,3.063815117,4.451591969,243.1445923,246.3522644,10.16340733,65.27288818,Winter,0
2/4/2027,10.3437252,17.31201172,5.122674942,4.700546741,0.410029024,99.88243866,3.066053867,4.45325613,242.5746613,245.7515564,10.22957706,65.13048553,Winter,0
2/5/2027,10.39749527,17.3805542,5.148271561,4.704447746,0.40970096,99.8759613,3.068370819,4.4549613,241.9649353,245.1090546,10.29979515,64.98621368,Winter,0
2/6/2027,10.4550581,17.45301056,5.177292824,4.709406376,0.409549177,99.86989594,3.070747852,4.456682205,241.3159485,244.4256592,10.37397861,64.84037781,Winter,0
2/7/2027,10.51634312,17.52927399,5.209733963,4.715422153,0.409595937,99.86425781,3.073165894,4.458390713,240.6286163,243.7025146,10.45202732,64.69326782,Winter,0
2/8/2027,10.58125687,17.60923386,5.245567322,4.722490311,0.409862399,99.85903931,3.075605869,4.460059643,239.9039459,242.9409943,10.53383827,64.54516602,Winter,0
2/9/2027,10.64969921,17.69275665,5.284760475,4.730602264,0.410368025,99.85424042,3.078048706,4.461661339,239.1433258,242.1428375,10.61928844,64.39635468,Winter,0
2/10/2027,10.72155285,17.77969551,5.32725811,4.739743233,0.411130518,99.84986115,3.0804739,4.463167191,238.3482971,241.3099518,10.70823669,64.24712372,Winter,0
2/11/2027,10.79668617,17.86990356,5.37299633,4.749894142,0.412165523,99.84587097,3.082862377,4.464550972,237.5206909,240.4444275,10.80054188,64.0977478,Winter,0
2/12/2027,10.87496471,17.96321487,5.42190361,4.761037827,0.413486451,99.84226227,3.085194588,4.465784073,236.6624451,239.5486145,10.89604855,63.94848633,Winter,0
2/13/2027,10.95623207,18.05945778,5.473888397,4.773145676,0.415104121,99.83901978,3.087452888,4.466843128,235.7757568,238.6249542,10.99459171,63.79958344,Winter,0
2/14/2027,11.04033279,18.15845871,5.528852463,4.78619194,0.417026788,99.83611298,3.089618683,4.467700958,234.8628845,237.6761169,11.09600353,63.65127945,Winter,0
2/15/2027,11.12710857,18.26004028,5.586691856,4.800145149,0.419259876,99.83351135,3.091675282,4.468336105,233.9263153,236.7048035,11.20011234,63.50378418,Winter,0
2/16/2027,11.21638489,18.36401939,5.647286415,4.814972878,0.421805829,99.83119202,3.093607426,4.468726158,232.9685211,235.7138519,11.30674171,63.35731506,Winter,0
2/17/2027,11.30799198,18.47021484,5.71051693,4.830640316,0.424663961,99.82911682,3.09540081,4.468852997,231.9920807,234.7061462,11.41571522,63.21204376,Winter,0
2/18/2027,11.40175819,18.57844162,5.776249886,4.847109795,0.427830666,99.82724762,3.097043037,4.468699455,230.9996338,233.6846008,11.52685547,63.06813049,Winter,0
2/19/2027,11.4975071,18.68852425,5.844357491,4.864345074,0.431298971,99.82555389,3.098522663,4.468250275,229.9938812,232.6520844,11.63998985,62.9257164,Winter,0
2/20/2027,11.59506893,18.80029106,5.914696693,4.882306099,0.435058862,99.82398224,3.099831104,4.467494965,228.977417,231.611496,11.7549448,62.78491974,Winter,0
2/21/2027,11.69427204,18.9135704,5.987130165,4.900954247,0.439097136,99.82250977,3.100960255,4.466423988,227.9528351,230.5656586,11.87155533,62.64584351,Winter,0
2/22/2027,11.79495621,19.02819824,6.061518669,4.920249939,0.443397582,99.82107544,3.101905346,4.465031147,226.9226685,229.5173187,11.98966026,62.50854874,Winter,0
2/23/2027,11.89695644,19.14403152,6.137720108,4.940153599,0.447940856,99.81964874,3.102663994,4.46331501,225.8893585,228.469101,12.10910797,62.37308121,Winter,0
2/24/2027,12.00012589,19.26092339,6.215594292,4.960627556,0.452704966,99.8181839,3.103235245,4.461274624,224.8552399,227.4234619,12.22975349,62.23947144,Winter,0
2/25/2027,12.10431385,19.3787384,6.295006752,4.981633186,0.457665056,99.81663513,3.103620052,4.45891428,223.8225098,226.3828583,12.35146332,62.10771179,Winter,0
2/26/2027,12.20939064,19.49735832,6.375822067,5.003134251,0.462793738,99.81496429,3.103822231,4.456240654,222.7932129,225.3493652,12.47411728,61.97777557,Winter,0
2/27/2027,12.31522942,19.61667252,6.457914352,5.025094032,0.468061507,99.81312561,3.103847504,4.453264713,221.7692261,224.3249969,12.59759712,61.84962463,Winter,0
2/28/2027,12.42171574,19.73658752,6.541155815,5.047481537,0.473436624,99.81108856,3.103705406,4.449998856,220.7522278,223.3115082,12.72180557,61.72317886,Winter,0
3/1/2027,12.52874374,19.85701752,6.625434875,5.070262909,0.47888574,99.80880737,3.103404999,4.44645977,219.7436829,222.3104706,12.84665489,61.59835052,Spring,1
3/2/2027,12.63622284,19.97789383,6.710638046,5.093410492,0.484373868,99.8062439,3.102959633,4.442667961,218.7448883,221.3232727,12.97206688,61.47503662,Spring,1
3/3/2027,12.74407673,20.09915543,6.796666145,5.116895676,0.489864826,99.80337524,3.102383137,4.438643932,217.7568665,220.3508759,13.0979805,61.35309982,Spring,1
3/4/2027,12.85223389,20.22076035,6.883420944,5.140694141,0.495321721,99.80016327,3.101692677,4.434414387,216.7804871,219.3941956,13.22434521,61.2324028,Spring,1
3/5/2027,12.96064568,20.34267807,6.970820427,5.164783478,0.500706971,99.79658508,3.100905418,4.43000555,215.8162689,218.4537964,13.35112095,61.11278534,Spring,1
3/6/2027,13.06926537,20.46488762,7.0587883,5.189143181,0.505982995,99.7926178,3.100041866,4.425447464,214.8646393,217.5300598,13.47828388,60.99407578,Spring,1
3/7/2027,13.17805958,20.58737564,7.147259712,5.213757038,0.511112273,99.78823853,3.099123478,4.420772076,213.9256744,216.6230164,13.60582066,60.87608719,Spring,1
3/8/2027,13.28701496,20.71015167,7.236172676,5.238609314,0.516057849,99.78343201,3.098172188,4.416012287,212.9993286,215.7325592,13.73372364,60.75863266,Spring,1
3/9/2027,13.39612389,20.83322525,7.325484276,5.263689041,0.520783663,99.77818298,3.097211838,4.411202908,212.0852509,214.8583069,13.86200333,60.64151764,Spring,1
3/10/2027,13.5053854,20.95661354,7.41515255,5.288984299,0.525254905,99.77248383,3.09626627,4.4063797,211.1829224,213.9996338,13.99067688,60.52454376,Spring,1
3/11/2027,13.61481285,21.08034897,7.505148888,5.314490318,0.529438376,99.76633453,3.095361233,4.401579857,210.2915955,213.1557465,14.11976528,60.40750504,Spring,1
3/12/2027,13.72443008,21.20446014,7.595452309,5.340200424,0.533302724,99.75972748,3.094521046,4.396839142,209.4104004,212.3256073,14.24930286,60.29020309,Spring,1
3/13/2027,13.83426285,21.32899475,7.686051369,5.366111755,0.536818922,99.75267792,3.093770981,4.392195702,208.5382233,211.5080109,14.37932968,60.17243958,Spring,1
3/14/2027,13.94434834,21.45398903,7.776941299,5.392224312,0.539960444,99.74518585,3.093137264,4.387686253,207.6738434,210.7016296,14.50988579,60.05403137,Spring,1
3/15/2027,14.05473137,21.57949638,7.868124008,5.41853857,0.542703629,99.73725891,3.092643261,4.383345604,206.8158417,209.904892,14.64102077,59.93478775,Spring,1
3/16/2027,14.16545486,21.70555687,7.959612846,5.445056915,0.545027733,99.72892761,3.09231472,4.379209995,205.9628143,209.1161652,14.77278137,59.81454086,Spring,1
3/17/2027,14.27657032,21.8322258,8.051422119,5.471783638,0.546915293,99.72019958,3.092173576,4.375313282,205.1130829,208.3337555,14.9052248,59.69313431,Spring,1
3/18/2027,14.38813019,21.95954132,8.143572807,5.498724461,0.548352599,99.71110535,3.092242241,4.371686935,204.2650299,207.5557556,15.03839874,59.57040787,Spring,1
3/19/2027,14.50018692,22.08755302,8.236093521,5.525885582,0.549329102,99.70166779,3.092541218,4.368360996,203.4169159,206.7803192,15.1723547,59.44624329,Spring,1
3/20/2027,14.61279774,22.21629333,8.329012871,5.553274155,0.549838543,99.69191742,3.093090057,4.365364075,202.5670013,206.0054932,15.30713844,59.32052994,Spring,1
3/21/2027,14.72601318,22.34580421,8.422367096,5.580899239,0.549877942,99.6818924,3.093905926,4.36272049,201.7135468,205.2293243,15.44279957,59.19317627,Spring,1
3/22/2027,14.83988571,22.47610855,8.516191483,5.608767986,0.549448788,99.67163086,3.095004559,4.360452652,200.8547821,204.4498596,15.57937336,59.06409454,Spring,1
3/23/2027,14.95446301,22.60722733,8.610521317,5.636889935,0.548555911,99.66116333,3.096398354,4.358580589,199.9889832,203.6651917,15.7168951,58.9332428,Spring,1
3/24/2027,15.06978512,22.7391777,8.70539856,5.665273666,0.547208428,99.65052795,3.098098755,4.357118607,199.1145172,202.8734589,15.85539627,58.80059052,Spring,1
3/25/2027,15.18589687,22.87196159,8.800861359,5.693928242,0.545419097,99.63977814,3.100114346,4.356081009,198.2298126,202.0728455,15.99489498,58.66613388,Spring,1
3/26/2027,15.3028307,23.00557327,8.896947861,5.722862244,0.543204427,99.62895966,3.102449894,4.355475426,197.3333435,201.2616119,16.13540649,58.52987289,Spring,1
3/27/2027,15.42060947,23.13999748,8.993695259,5.752082825,0.540584505,99.61810303,3.105109692,4.355306625,196.4237366,200.4381561,16.27693367,58.39184952,Spring,1
3/28/2027,15.53925514,23.27521324,9.091140747,5.781599045,0.537582815,99.60726929,3.108093739,4.355576515,195.4997406,199.6010132,16.41947556,58.25211716,Spring,1
3/29/2027,15.65878105,23.41118622,9.189313889,5.811416149,0.534226,99.59649658,3.111399651,4.356281281,194.560257,198.7488403,16.56301689,58.11076736,Spring,1
3/30/2027,15.77919292,23.54787445,9.288248062,5.841542244,0.530543685,99.58583069,3.115022659,4.357415199,193.6042938,197.8803558,16.7075367,57.96788406,Spring,1
3/31/2027,15.9004879,23.6852169,9.38796711,5.87198019,0.526568115,99.57531738,3.118954182,4.358966827,192.631073,196.9945679,16.85300255,57.82359314,Spring,1
4/1/2027,16.02265739,23.82315826,9.488498688,5.90273571,0.52233398,99.56501007,3.123184204,4.360922337,191.6399536,196.0905609,16.9993782,57.67802048,Spring,1
4/2/2027,16.14567566,23.96162415,9.589857101,5.933812141,0.517877936,99.55493927,3.127698898,4.363262177,190.6304779,195.1677094,17.14660835,57.53132248,Spring,1
4/3/2027,16.26952362,24.10053444,9.692061424,5.965211868,0.51323837,99.54516602,3.132482529,4.365965843,189.6023865,194.2253876,17.29463959,57.38366699,Spring,1
4/4/2027,16.39416313,24.2397995,9.795121193,5.996936798,0.508454919,99.5357132,3.137516499,4.369008064,188.555603,193.2632751,17.44340706,57.23523331,Spring,1
4/5/2027,16.51955605,24.37932968,9.899044991,6.028986931,0.503568292,99.52662659,3.142779827,4.372358322,187.4901428,192.2812805,17.59283829,57.08620071,Spring,1
4/6/2027,16.64565468,24.5190239,10.00383186,6.06136179,0.498619497,99.51794434,3.148250103,4.375987053,186.4063873,191.2793427,17.74285698,56.93677521,Spring,1
4/7/2027,16.77240944,24.65877724,10.10948372,6.094060898,0.493650019,99.50970459,3.153901577,4.379858494,185.304718,190.2576752,17.89337349,56.78714752,Spring,1
4/8/2027,16.89975548,24.79848671,10.21599483,6.127081871,0.488700807,99.50193024,3.1597085,4.383936882,184.1857758,189.2166443,18.0443058,56.63752365,Spring,1
4/9/2027,17.02763367,24.93803978,10.32335567,6.160422325,0.483812183,99.49465942,3.165640831,4.388181686,183.0503387,188.1568146,18.19555664,56.4881134,Spring,1
4/10/2027,17.15598297,25.07733345,10.43155289,6.194078445,0.479023397,99.48790741,3.17166996,4.392552376,181.8993378,187.0788574,18.34704018,56.33911896,Spring,1
4/11/2027,17.28473091,25.21625519,10.54057121,6.228047848,0.474372268,99.48169708,3.177764893,4.397007465,180.7338562,185.9835968,18.49865341,56.19073486,Spring,1
4/12/2027,17.41380882,25.35470581,10.6503973,6.262324333,0.469894677,99.47605896,3.183892727,4.401502132,179.555069,184.8719788,18.65030861,56.04314804,Spring,1
4/13/2027,17.54314804,25.49258041,10.76100636,6.296904564,0.465624392,99.47099304,3.190022469,4.405992031,178.3643036,183.745163,18.80191231,55.89653015,Spring,1
4/14/2027,17.67267609,25.62978935,10.87238121,6.331783295,0.461592436,99.46652222,3.196120262,4.410431862,177.1629944,182.6042633,18.95337105,55.7510643,Spring,1
4/15/2027,17.80233002,25.76624107,10.98449707,6.366956711,0.457827061,99.46264648,3.202153683,4.414778233,175.9526062,181.450592,19.10460281,55.60688782,Spring,1
4/16/2027,17.93204498,25.90185738,11.09733391,6.402420044,0.454353273,99.45936584,3.208089828,4.41898489,174.7346649,180.2855072,19.2555275,55.46413803,Spring,1
4/17/2027,18.06176186,26.03656769,11.21086597,6.438166618,0.451192737,99.45669556,3.213896275,4.423008919,173.5108185,179.1104431,19.40607071,55.3229332,Spring,1
4/18/2027,18.19142532,26.1703167,11.32507515,6.474193573,0.448363245,99.45462799,3.219542503,4.426807404,172.2826691,177.9268341,19.5561657,55.18334579,Spring,1
4/19/2027,18.32098198,26.3030529,11.4399395,6.510497093,0.445878714,99.45315552,3.22499752,4.430339336,171.0518951,176.7361755,19.70575714,55.04546738,Spring,1
4/20/2027,18.45039368,26.4347477,11.55544281,6.547072411,0.443749219,99.45226288,3.230231762,4.43356514,169.8200684,175.5399475,19.85479927,54.90932846,Spring,1
4/21/2027,18.57962418,26.5653801,11.67156506,6.583917618,0.441980332,99.45194244,3.235218048,4.43644762,168.5888519,174.3396912,20.00325203,54.77494431,Spring,1
4/22/2027,18.70864868,26.69494438,11.78829765,6.621027946,0.440573663,99.45217896,3.239931107,4.438951969,167.359787,173.1368103,20.15109444,54.6423111,Spring,1
4/23/2027,18.83745003,26.823452,11.9056263,6.658402443,0.43952626,99.45294952,3.244345665,4.441046238,166.1344147,171.932785,20.29830933,54.51137161,Spring,1
4/24/2027,18.96601868,26.95092964,12.02354813,6.696040154,0.438831121,99.45423889,3.248441219,4.44270134,164.9141541,170.7289886,20.44490051,54.38207626,Spring,1
4/25/2027,19.09435844,27.07742119,12.14206028,6.733938217,0.438476652,99.45602417,3.252196789,4.443892002,163.7004089,169.5267487,20.59087944,54.25432205,Spring,1
4/26/2027,19.22248077,27.20298195,12.26116371,6.77209568,0.438447535,99.45827484,3.255596638,4.444595337,162.4944153,168.327301,20.73627281,54.12797546,Spring,1
4/27/2027,19.35041237,27.32769012,12.38086319,6.81051445,0.438723862,99.46096039,3.258625507,4.444793701,161.297348,167.1318207,20.88111877,54.00289154,Spring,1
4/28/2027,19.47818565,27.45163155,12.50117302,6.849192619,0.439282268,99.46406555,3.261271477,4.444470406,160.1102448,165.941391,21.02547264,53.87887955,Spring,1
4/29/2027,19.6058445,27.57491875,12.62210655,6.888131142,0.440095425,99.46754456,3.26352644,4.443616867,158.9340363,164.7570038,21.16939735,53.75573349,Spring,1
4/30/2027,19.73344231,27.69766426,12.74368382,6.927330971,0.441132694,99.47136688,3.265382767,4.442224026,157.7695313,163.5794983,21.31297112,53.63322067,Spring,1
5/1/2027,19.86104774,27.82000542,12.86592865,6.966792107,0.442360103,99.47550964,3.266838074,4.440289974,156.6173859,162.409668,21.45628548,53.51107788,Spring,1
5/2/2027,19.98873138,27.94208908,12.98887157,7.006516457,0.443740994,99.47993469,3.267891407,4.437814713,155.4781342,161.2481842,21.59943962,53.38902283,Spring,1
5/3/2027,20.11657524,28.06407166,13.11254215,7.046504021,0.445236027,99.48461151,3.268545151,4.434803009,154.3521881,160.0955963,21.74254608,53.26676178,Spring,1
5/4/2027,20.24467278,28.18612289,13.23697948,7.086752892,0.446803659,99.48950195,3.268804073,4.4312644,153.2397766,158.9523163,21.88572693,53.14396667,Spring,1
5/5/2027,20.37311935,28.30841637,13.3622179,7.127264977,0.448400646,99.49456787,3.268676281,4.427209377,152.1411285,157.8187256,22.02910995,53.02031708,Spring,1
5/6/2027,20.50201607,28.43113899,13.48830128,7.168038368,0.449982315,99.49978638,3.268170357,4.422655106,151.0561829,156.6950531,22.17283058,52.89545822,Spring,1
5/7/2027,20.63147545,28.55447197,13.61527538,7.209071159,0.45150283,99.50511932,3.267300606,4.417619705,149.9848633,155.5814667,22.31703186,52.76904297,Spring,1
5/8/2027,20.76161194,28.67861938,13.74318027,7.250358582,0.452916056,99.51054382,3.266080856,4.412125587,148.927002,154.4779968,22.46185684,52.64069748,Spring,1
5/9/2027,20.89253235,28.80376816,13.87206554,7.291898727,0.454175472,99.5160141,3.264528275,4.406197548,147.8822937,153.3846588,22.60745621,52.51007462,Spring,1
5/10/2027,21.02435684,28.93011093,14.00197124,7.333683968,0.455234885,99.52151489,3.262661457,4.399863243,146.8503418,152.3013763,22.75397682,52.37680435,Spring,1
5/11/2027,21.15719604,29.05783653,14.13294888,7.375706673,0.456049085,99.52700806,3.260500908,4.393152714,145.830719,151.2279968,22.90156746,52.24053192,Spring,1
5/12/2027,21.29117012,29.1871376,14.26503468,7.417957306,0.456573606,99.53247833,3.258068085,4.386097908,144.8229218,150.1643677,23.05036926,52.10090256,Spring,1
5/13/2027,21.42638779,29.31818962,14.39827061,7.460425377,0.45676589,99.5378952,3.255386829,4.378730774,143.8263855,149.1102448,23.20053101,51.95756912,Spring,1
5/14/2027,21.56295013,29.45116425,14.53269482,7.503095627,0.456585199,99.54323578,3.252480507,4.371087074,142.8405609,148.0654755,23.3521843,51.810215,Spring,1
5/15/2027,21.70095825,29.58622169,14.66833782,7.545953751,0.455993116,99.5484848,3.249373436,4.363203049,141.8648224,147.0297394,23.50545502,51.65853882,Spring,1
5/16/2027,21.84050751,29.72351074,14.80522633,7.588979721,0.454953969,99.55361938,3.246091366,4.355113983,140.8986053,146.0028687,23.66046333,51.50223541,Spring,1
5/17/2027,21.9816761,29.86316872,14.94338322,7.632154465,0.453435123,99.55861664,3.242659092,4.34685564,139.9413605,144.9846497,23.81731796,51.34104538,Spring,1
5/18/2027,22.12454033,30.00530434,15.08281994,7.675452232,0.451407433,99.56346893,3.239101887,4.338464737,138.9925537,143.9749451,23.97611046,51.17473221,Spring,1
5/19/2027,22.26916122,30.15002632,15.22354794,7.718849182,0.448845118,99.56816864,3.235444546,4.329977036,138.0516968,142.973587,24.13692665,51.0030899,Spring,1
5/20/2027,22.41558456,30.29741287,15.36556149,7.76231575,0.445726573,99.57269287,3.231711388,4.321426392,137.1183777,141.9805298,24.29982948,50.82594299,Spring,1
5/21/2027,22.5638485,30.44752502,15.50885296,7.805819511,0.442034036,99.57704163,3.227924824,4.312846661,136.1922455,140.9957886,24.46486855,50.64313889,Spring,1
5/22/2027,22.71397209,30.60040474,15.65340519,7.849328995,0.437754214,99.58120728,3.224106789,4.304269314,135.2730865,140.0194702,24.63207626,50.45457077,Spring,1
5/23/2027,22.86596298,30.75606537,15.79918385,7.892806053,0.432878077,99.58518219,3.220279217,4.295724869,134.3607025,139.051712,24.80147171,50.26017761,Spring,1
5/24/2027,23.01980591,30.9145031,15.94615078,7.93621254,0.427401036,99.58896637,3.216460228,4.287239552,133.4551239,138.0927887,24.97304726,50.05992508,Spring,1
5/25/2027,23.17547798,31.07569122,16.09425926,7.9795084,0.42132321,99.59255219,3.212667942,4.278839588,132.5563812,137.1430969,25.1467762,49.85382843,Spring,1
5/26/2027,23.33293152,31.23956871,16.24344635,8.022650719,0.41464904,99.59594727,3.208916664,4.27054739,131.6647186,136.203125,25.32262039,49.64192581,Spring,1
5/27/2027,23.49210739,31.4060688,16.39364052,8.065592766,0.407387763,99.59914398,3.205221176,4.26238203,130.7804565,135.2733917,25.50051498,49.42432404,Spring,1
5/28/2027,23.65291977,31.57508278,16.54475594,8.108291626,0.399552733,99.60215759,3.201591492,4.254360676,129.9040833,134.3546143,25.68037415,49.20114136,Spring,1
5/29/2027,23.81528473,31.74649048,16.69670296,8.150698662,0.391161829,99.60497284,3.198036671,4.246495247,129.0361938,133.4476471,25.86209679,48.97256851,Spring,1
5/30/2027,23.9790802,31.92013931,16.84937668,8.192765236,0.382237047,99.60761261,3.194563866,4.238797665,128.177536,132.5533447,26.04555702,48.73880386,Spring,1
5/31/2027,24.14417839,32.09586334,17.00266457,8.234444618,0.372804403,99.6100769,3.191176414,4.231272697,127.32901,131.672699,26.23061371,48.50011826,Spring,1
6/1/2027,24.31043816,32.27346802,17.15644073,8.27568531,0.362893611,99.61236572,3.187876225,4.223924637,126.4915848,130.8068085,26.41711044,48.25679779,Summer,2
6/2/2027,24.47769737,32.45275116,17.31056786,8.316440582,0.3525379,99.61449432,3.184661865,4.216752529,125.6663742,129.9569244,26.60486603,48.00917053,Summer,2
6/3/2027,24.64578056,32.63347626,17.46491241,8.356659889,0.341773838,99.61646271,3.181530476,4.209753036,124.8546677,129.1242828,26.79368973,47.75761032,Summer,2
6/4/2027,24.81450462,32.81539154,17.61931801,8.396299362,0.330640733,99.6182785,3.178476334,4.202919006,124.0577316,128.3102264,26.98336983,47.50251389,Summer,2
6/5/2027,24.98366737,32.99824524,17.77363014,8.435311317,0.319180548,99.61995697,3.175490856,4.196239948,123.2769852,127.5160904,27.1736908,47.24430847,Summer,2
6/6/2027,25.15306473,33.18175507,17.92768669,8.473653793,0.307437599,99.62149811,3.172564983,4.189703465,122.5139694,126.7433853,27.36441231,46.98345184,Summer,2
6/7/2027,25.32247162,33.36563873,18.0813179,8.511282921,0.29545778,99.62290955,3.169684887,4.183292866,121.770195,125.9934921,27.55529213,46.72042847,Summer,2
6/8/2027,25.49166298,33.54959869,18.2343502,8.548161507,0.283288717,99.62420654,3.166837692,4.176989079,121.0472794,125.2679367,27.74607658,46.45574951,Summer,2
6/9/2027,25.66041183,33.73332977,18.38661003,8.584253311,0.270978957,99.62538147,3.16400671,4.170771599,120.3468323,124.5681686,27.93650627,46.18992996,Summer,2
6/10/2027,25.82847977,33.91651917,18.53792,8.619527817,0.258577883,99.62644958,3.161174297,4.164616108,119.6704788,123.8956451,28.12631416,45.92351913,Summer,2
6/11/2027,25.99562836,34.09886551,18.68810272,8.653956413,0.246135026,99.62741852,3.158322334,4.158498287,119.0198288,123.2517166,28.31523705,45.65706635,Summer,2
6/12/2027,26.16161346,34.28004837,18.83697701,8.687516212,0.233699992,99.62828827,3.155430794,4.152390957,118.396492,122.637764,28.50299644,45.39112091,Summer,2
6/13/2027,26.32620049,34.45976257,18.984375,8.720189095,0.221321762,99.62906647,3.152479172,4.146265984,117.8019333,122.0550461,28.68933105,45.12628174,Summer,2
6/14/2027,26.489151,34.63769913,19.13011551,8.751961708,0.20904851,99.62975311,3.149445057,4.140095234,117.2376785,121.504776,28.87397003,44.8630867,Summer,2
6/15/2027,26.65023422,34.8135643,19.27403641,8.78282547,0.196927235,99.63034821,3.146307945,4.13384819,116.7050095,120.9879608,29.05665398,44.60212708,Summer,2
6/16/2027,26.80921936,34.98706055,19.41596985,8.812778473,0.185003385,99.630867,3.143045902,4.127495766,116.2052536,120.5055695,29.23712921,44.34395218,Summer,2
6/17/2027,26.9658947,35.15790558,19.55576515,8.841825485,0.173320577,99.63130188,3.139636993,4.121008873,115.7394867,120.0583878,29.41514397,44.08912659,Summer,2
6/18/2027,27.1200428,35.32583618,19.69326782,8.86997509,0.161920086,99.63166046,3.136060715,4.114358902,115.3087006,119.64711,29.59046173,43.83819199,Summer,2
6/19/2027,27.27146912,35.49060059,19.82834244,8.897244453,0.150841266,99.63193512,3.132296085,4.107516766,114.9136887,119.2721252,29.76285553,43.59168243,Summer,2
6/20/2027,27.41998291,35.65195084,19.96085358,8.923656464,0.140120178,99.63212585,3.128324509,4.100457191,114.55513,118.9337921,29.93211174,43.35011292,Summer,2
6/21/2027,27.56540871,35.80967712,20.09068298,8.949238777,0.129790366,99.6322403,3.124127388,4.093153954,114.2333908,118.6321869,30.09803391,43.11397552,Summer,2
6/22/2027,27.7075882,35.96356964,20.21772385,8.97402668,0.119882546,99.63227081,3.119688511,4.085585117,113.9487915,118.3672256,30.2604351,42.88374329,Summer,2
6/23/2027,27.84637642,36.11344528,20.34187698,8.998062134,0.110423744,99.63220978,3.114993095,4.077729225,113.7012939,118.1386108,30.41914177,42.65987396,Summer,2
6/24/2027,27.98163414,36.25914764,20.46305656,9.021392822,0.101438358,99.63207245,3.11002779,4.069568157,113.4907379,117.9458008,30.57400894,42.44277954,Summer,2
6/25/2027,28.11325455,36.40052795,20.58119011,9.044072151,0.092947014,99.63184357,3.104782104,4.061086178,113.3167038,117.7881088,30.72489929,42.23286819,Summer,2
6/26/2027,28.24113846,36.53746796,20.69622231,9.066157341,0.084967099,99.63152313,3.099247456,4.052271366,113.1785507,117.6646347,30.87169647,42.03050232,Summer,2
6/27/2027,28.36520195,36.6698761,20.80810356,9.087717056,0.077512816,99.63111115,3.093417645,4.043114185,113.0753708,117.5741882,31.01430321,41.83601761,Summer,2
6/28/2027,28.4853878,36.79766846,20.91680145,9.108816147,0.070594966,99.6306076,3.087289333,4.033608913,113.0061111,117.5154419,31.15263176,41.6497345,Summer,2
6/29/2027,28.60163689,36.92079163,21.02229881,9.12953186,0.064221129,99.63000488,3.080861568,4.023753166,112.9694214,117.4868851,31.28663254,41.47192383,Summer,2
6/30/2027,28.71393013,37.03920746,21.12458611,9.149941444,0.058395848,99.62929535,3.074137211,4.013548851,112.9637604,117.4867783,31.41624832,41.30283356,Summer,2
7/1/2027,28.82224464,37.15290833,21.22367287,9.170125961,0.053120703,99.62849426,3.067120075,4.003000736,112.9874039,117.5132523,31.54145813,41.14268494,Summer,2
7/2/2027,28.92658424,37.2618866,21.31957436,9.190171242,0.048394538,99.62758636,3.059817791,3.99211812,113.0384445,117.564209,31.6622467,40.99166107,Summer,2
7/3/2027,29.02696228,37.36617661,21.41232109,9.21016407,0.044213645,99.62657928,3.052241325,3.980912924,113.1147537,117.6375046,31.77861786,40.84992981,Summer,2
7/4/2027,29.12340927,37.46581268,21.50195694,9.230195045,0.040571906,99.62546539,3.04440403,3.969402313,113.2140198,117.7307739,31.89059067,40.71762085,Summer,2
7/5/2027,29.21596146,37.56084442,21.58852577,9.250351906,0.037461095,99.62425232,3.036321163,3.957606077,113.3338776,117.8415985,31.99819374,40.59482956,Summer,2
7/6/2027,29.30467606,37.65135193,21.67208862,9.270727158,0.034871351,99.62294006,3.028011799,3.945548296,113.4717636,117.967453,32.10147095,40.48164749,Summer,2
7/7/2027,29.38961411,37.73740387,21.75271416,9.291410446,0.032791063,99.621521,3.019496918,3.933254957,113.6250687,118.1057739,32.20046997,40.37812424,Summer,2
7/8/2027,29.47084618,37.8190918,21.83047676,9.312494278,0.031207543,99.62001038,3.010799885,3.920756817,113.7910156,118.253952,32.29525757,40.28430176,Summer,2
7/9/2027,29.54844284,37.89651489,21.90545082,9.334062576,0.030106977,99.6184082,3.001947403,3.908086777,113.9669189,118.4092865,32.38589859,40.20019531,Summer,2
7/10/2027,29.62249184,37.96977234,21.97772408,9.356203079,0.02947503,99.61671448,2.992965698,3.8952806,114.1499329,118.5692062,32.47245789,40.12580109,Summer,2
7/11/2027,29.69308281,38.03897476,22.04737854,9.378996849,0.029297033,99.61493683,2.983885288,3.882376909,114.3372879,118.7311325,32.55501938,40.06111526,Summer,2
7/12/2027,29.76030159,38.10422516,22.11450386,9.402523041,0.029558256,99.61308289,2.974737167,3.86941576,114.5261917,118.8924637,32.63365936,40.00609207,Summer,2
7/13/2027,29.8242321,38.16563034,22.17918587,9.426856995,0.030244067,99.61116028,2.965553284,3.856440067,114.7139969,119.0508194,32.70845032,39.96070862,Summer,2
7/14/2027,29.8849659,38.22330475,22.24151611,9.452066422,0.031340621,99.60917664,2.956368446,3.843492746,114.8980408,119.2038498,32.77947617,39.92491913,Summer,2
7/15/2027,29.94258308,38.27733231,22.3015728,9.478212357,0.032834731,99.60713959,2.947215557,3.830618143,115.0758209,119.3493729,32.84679794,39.89867401,Summer,2
7/16/2027,29.99716187,38.32781982,22.35943604,9.505353928,0.034714334,99.60505676,2.938129902,3.817862988,115.244957,119.4853287,32.91047668,39.88191986,Summer,2
7/17/2027,30.04877663,38.37483978,22.41518402,9.533538818,0.036968537,99.60294342,2.929146767,3.805272341,115.4032822,119.6099014,32.97058105,39.8746109,Summer,2
7/18/2027,30.09749413,38.4184761,22.46888542,9.56280899,0.039588105,99.60080719,2.920300484,3.792892694,115.5487213,119.7213974,33.02715302,39.87667847,Summer,2
7/19/2027,30.14336777,38.45878983,22.52059746,9.593198776,0.042565279,99.59866333,2.911625862,3.78076911,115.6795197,119.8184814,33.08023453,39.88809967,Summer,2
7/20/2027,30.18644142,38.49581909,22.57037163,9.624732018,0.045894302,99.59651184,2.903157234,3.768946171,115.7940598,119.8999023,33.12984467,39.90882874,Summer,2
7/21/2027,30.22675323,38.52960968,22.61825562,9.657424927,0.049571164,99.59438324,2.894926548,3.757467508,115.8910446,119.9647598,33.17600632,39.93881989,Summer,2
7/22/2027,30.26431847,38.56017685,22.66427612,9.691285133,0.053594019,99.5922699,2.886966228,3.746374607,115.9694138,120.0124207,33.21871567,39.97805023,Summer,2
7/23/2027,30.29915047,38.58751297,22.70845413,9.726309776,0.05796317,99.59020233,2.879305363,3.735707998,116.0284042,120.0425415,33.25796127,40.02651978,Summer,2
7/24/2027,30.3312397,38.61161804,22.75080109,9.762486458,0.062680714,99.58818817,2.871973038,3.725504637,116.0675507,120.0549774,33.29371643,40.08421326,Summer,2
7/25/2027,30.360569,38.63244247,22.79130936,9.799794197,0.067751266,99.58623505,2.864994526,3.715800047,116.0866394,120.0500107,33.32593155,40.15113831,Summer,2
7/26/2027,30.38710022,38.64994431,22.82996178,9.838199615,0.07318119,99.58436584,2.858394146,3.706626654,116.0858612,120.0281219,33.35454941,40.22731781,Summer,2
7/27/2027,30.41078568,38.66405106,22.86673355,9.877663612,0.078978851,99.58258057,2.852193356,3.69801259,116.0656815,119.9901733,33.37949753,40.31277466,Summer,2
7/28/2027,30.43156433,38.6746788,22.901577,9.918133736,0.085154496,99.5809021,2.846410275,3.689984083,116.0268555,119.937233,33.40068436,40.40756226,Summer,2
7/29/2027,30.44935417,38.68172455,22.93443871,9.959550858,0.091720045,99.57933807,2.841060638,3.682562828,115.9704666,119.870697,33.4180069,40.51173019,Summer,2
7/30/2027,30.46406364,38.68506622,22.9652462,10.00184631,0.098689102,99.57789612,2.836156845,3.675767183,115.897934,119.7922974,33.43135071,40.62534332,Summer,2
7/31/2027,30.47558975,38.68457413,22.99392509,10.04493904,0.106076129,99.57659912,2.831708908,3.669610262,115.8109436,119.7039185,33.44057846,40.74847794,Summer,2
8/1/2027,30.48381233,38.68009567,23.0203743,10.08874607,0.113897189,99.57544708,2.827723026,3.664103508,115.7114868,119.6077805,33.44555283,40.88120651,Summer,2
8/2/2027,30.48860931,38.67147827,23.04449654,10.13317204,0.122168742,99.57444763,2.824201584,3.659250975,115.6018372,119.5063248,33.44611359,41.02363205,Summer,2
8/3/2027,30.48984146,38.65854263,23.06617355,10.17811489,0.130908057,99.57362366,2.821144581,3.655055761,115.4844666,119.4021988,33.44210434,41.17584229,Summer,2
8/4/2027,30.48735809,38.6411171,23.085289,10.22346497,0.140132368,99.57296753,2.818547726,3.651514292,115.3621216,119.2982712,33.43335342,41.3379364,Summer,2
8/5/2027,30.48101425,38.61900711,23.10170364,10.26910973,0.149858907,99.57248688,2.816403866,3.648619413,115.2378082,119.1975098,33.41968155,41.51000214,Summer,2
8/6/2027,30.47064781,38.59203339,23.11528587,10.31492615,0.160104662,99.57219696,2.814703941,3.646360874,115.1146164,119.1030884,33.40090942,41.6921463,Summer,2
8/7/2027,30.45609856,38.56000137,23.12588501,10.36079216,0.170885503,99.57209778,2.813432217,3.6447227,114.9958878,119.01828,33.37685776,41.88445282,Summer,2
8/8/2027,30.43720436,38.52271652,23.13336182,10.40657616,0.18221648,99.57219696,2.812572956,3.643686533,114.8850098,118.9464264,33.34734726,42.08700562,Summer,2
8/9/2027,30.41380692,38.47998428,23.13755798,10.45214844,0.19411096,99.57248688,2.812106609,3.643229246,114.785553,118.8909454,33.31218719,42.29988098,Summer,2
8/10/2027,30.38574219,38.43163681,23.13832855,10.49737072,0.206580773,99.57297516,2.812010288,3.643324375,114.701088,118.8552628,33.27122116,42.52314758,Summer,2
8/11/2027,30.35285568,38.37748718,23.13551903,10.54210854,0.219635412,99.5736618,2.812259197,3.643942833,114.6352615,118.8428116,33.22426605,42.75682831,Summer,2
8/12/2027,30.31500053,38.31737137,23.12898254,10.5862236,0.233282015,99.57454681,2.81282568,3.645051479,114.5916748,118.8569412,33.17117691,43.0009613,Summer,2
8/13/2027,30.27203941,38.25113297,23.11857224,10.62957954,0.247524917,99.57563019,2.813679695,3.646615028,114.5739594,118.901001,33.1117897,43.2555542,Summer,2
8/14/2027,30.22384071,38.17864227,23.10415459,10.67203808,0.26236546,99.5769043,2.814789772,3.648595333,114.5856094,118.978157,33.04598236,43.52058411,Summer,2
8/15/2027,30.17029381,38.09978104,23.08559227,10.71346474,0.277801722,99.57836914,2.816122055,3.650953531,114.6300812,119.091507,32.97363663,43.79599762,Summer,2
8/16/2027,30.11128807,38.01444244,23.06276512,10.75372696,0.29382804,99.58001709,2.817642689,3.653646946,114.7106552,119.2439041,32.89464951,44.08172607,Summer,2
8/17/2027,30.04674149,37.9225502,23.03555298,10.79269505,0.310435295,99.58184814,2.819314957,3.656632423,114.8304825,119.4380798,32.80894089,44.37765503,Summer,2
8/18/2027,29.97659111,37.82404709,23.0038681,10.83024311,0.327610224,99.58384705,2.821102619,3.659866571,114.9924393,119.6765289,32.71644592,44.68363953,Summer,2
8/19/2027,29.90078354,37.71891022,22.96760941,10.86625004,0.345335394,99.58602142,2.822968006,3.663303614,115.1992569,119.9614792,32.61713791,44.99949646,Summer,2
8/20/2027,29.81929398,37.60713196,22.92671204,10.90059948,0.363589495,99.58834839,2.824873924,3.666899443,115.4534225,120.2948914,32.51099014,45.32501221,Summer,2
8/21/2027,29.73211288,37.48874664,22.88111305,10.93318176,0.38234669,99.59083557,2.826782703,3.670607805,115.757103,120.6784058,32.39802933,45.65991974,Summer,2
8/22/2027,29.63926125,37.36380005,22.83076859,10.96389198,0.401576996,99.59346008,2.828657627,3.674385548,116.1121445,121.1134644,32.27828598,46.00393677,Summer,2
8/23/2027,29.54077721,37.23238754,22.77565956,10.99263287,0.421246022,99.59622192,2.830462456,3.678188324,116.5201416,121.6010513,32.15182114,46.35669708,Summer,2
8/24/2027,29.43672371,37.09461212,22.71577644,11.01931572,0.441315264,99.59910583,2.83216095,3.681973696,116.982338,122.1419296,32.01873398,46.7178421,Summer,2
8/25/2027,29.32719231,36.95063019,22.65113258,11.04385662,0.461742014,99.60211182,2.833720684,3.685700893,117.4995651,122.7364197,31.87914276,47.08693314,Summer,2
8/26/2027,29.21229553,36.8006134,22.5817585,11.06618214,0.482479602,99.60522461,2.835107327,3.689330339,118.0724182,123.3845978,31.73319435,47.46350098,Summer,2
8/27/2027,29.09217072,36.64476776,22.50770378,11.08622551,0.503477514,99.60844421,2.836291313,3.692826033,118.7009735,124.0860825,31.58106422,47.84704208,Summer,2
8/28/2027,28.96697807,36.4833374,22.42904091,11.10392857,0.524681568,99.61174774,2.837243557,3.696152449,119.3851242,124.8402252,31.42295456,48.23700333,Summer,2
8/29/2027,28.83690453,36.31657028,22.34585571,11.11924076,0.546034157,99.61514282,2.837937355,3.69927907,120.1242371,125.646019,31.25909042,48.63280106,Summer,2
8/30/2027,28.70215988,36.14477539,22.258255,11.13212299,0.567474842,99.61860657,2.838348389,3.702176571,120.9174271,126.5020828,31.08973122,49.03380203,Summer,2
8/31/2027,28.56296921,35.96825409,22.16637039,11.14253902,0.588940263,99.62214661,2.838455677,3.704818726,121.7633743,127.4067993,30.91514397,49.43935013,Summer,2
9/1/2027,28.41958046,35.78736115,22.07033539,11.15046501,0.610364735,99.62574005,2.8382411,3.707184553,122.6604996,128.3581238,30.73563766,49.84874344,Autumn,3
9/2/2027,28.27226257,35.60244751,21.97031784,11.15588474,0.63168031,99.62939453,2.837687492,3.709254503,123.6068192,129.3537903,30.55152321,50.2612648,Autumn,3
9/3/2027,28.12129784,35.41389465,21.8664856,11.15878773,0.652817786,99.63308716,2.836783409,3.711014032,124.6001053,130.3912964,30.3631382,50.67615891,Autumn,3
9/4/2027,27.96698952,35.22210693,21.75903702,11.15917301,0.673706591,99.63683319,2.835517883,3.71245122,125.637764,131.4678192,30.17083931,51.09264755,Autumn,3
9/5/2027,27.8096447,35.02749634,21.64816093,11.15704536,0.694275558,99.64060974,2.83388567,3.713558674,126.717041,132.5803528,29.97498512,51.50993729,Autumn,3
9/6/2027,27.64958954,34.83047485,21.53408241,11.15241718,0.714453101,99.64441681,2.831882954,3.714332342,127.8348465,133.725708,29.77596092,51.92722321,Autumn,3
9/7/2027,27.48715019,34.63147736,21.4170208,11.14530659,0.734167814,99.64826202,2.829509735,3.714771509,128.9879608,134.9005585,29.57415199,52.34366989,Autumn,3
9/8/2027,27.32266045,34.43094635,21.29720688,11.13573837,0.753349423,99.6521225,2.826768398,3.714880943,130.1729126,136.1013641,29.36994743,52.75845718,Autumn,3
9/9/2027,27.15646553,34.22930908,21.17487526,11.12373924,0.77192843,99.65601349,2.823665142,3.714666605,131.3861694,137.324585,29.16374397,53.17074585,Autumn,3
9/10/2027,26.98890305,34.02700043,21.05027008,11.10934544,0.789836943,99.65991974,2.820209503,3.714139938,132.6239777,138.5665741,28.95593262,53.5797081,Autumn,3
9/11/2027,26.82030678,33.82445526,20.92363167,11.09259415,0.807009578,99.66384125,2.816413403,3.713314533,133.8826752,139.8236847,28.7469101,53.98451233,Autumn,3
9/12/2027,26.65101051,33.6220932,20.79520607,11.07352829,0.823383331,99.66778564,2.812291145,3.712207556,135.1584015,141.0922394,28.53705406,54.38433838,Autumn,3
9/13/2027,26.48133659,33.4203186,20.66523552,11.05218792,0.838898242,99.67173767,2.807860851,3.71083951,136.4473877,142.3686523,28.32674789,54.77840424,Autumn,3
9/14/2027,26.31160355,33.21952438,20.53395653,11.02862644,0.853497982,99.67571259,2.803142071,3.709233046,137.7458496,143.6494293,28.11635399,55.16592026,Autumn,3
9/15/2027,26.14210892,33.0200882,20.40159607,11.00288486,0.86713016,99.67969513,2.798157215,3.707414389,139.0501709,144.9311829,27.90621758,55.54613113,Autumn,3
9/16/2027,25.97313881,32.82236481,20.26838875,10.97501755,0.879746199,99.68369293,2.792930126,3.705410957,140.35672,146.2106018,27.69667435,55.9183197,Autumn,3
9/17/2027,25.80495834,32.6266861,20.13453865,10.94507408,0.891302824,99.68769836,2.787487984,3.703253269,141.6620789,147.4846954,27.48803711,56.28178406,Autumn,3
9/18/2027,25.63781929,32.43334579,20.00024986,10.91310215,0.901761234,99.69171906,2.781858921,3.700972795,142.963028,148.7506104,27.28059387,56.63588715,Autumn,3
9/19/2027,25.47194481,32.24262238,19.86571693,10.87915421,0.911088049,99.695755,2.776071548,3.698603153,144.256546,150.0057373,27.07460976,56.98000717,Autumn,3
9/20/2027,25.30753517,32.05476379,19.7311058,10.84327698,0.919255376,99.69979858,2.770157337,3.696179152,145.5398407,151.247757,26.87032318,57.313591,Autumn,3
9/21/2027,25.14477158,31.86996269,19.59658051,10.80551815,0.926240861,99.70384979,2.764147282,3.693735361,146.8103943,152.4746094,26.66794205,57.63611603,Autumn,3
9/22/2027,24.98379326,31.68840408,19.46227074,10.7659235,0.932027936,99.70790863,2.758074284,3.691308975,148.0660095,153.6846161,26.46764755,57.94711304,Autumn,3
9/23/2027,24.82472992,31.51021767,19.3283062,10.7245369,0.936606169,99.7119751,2.751970768,3.688935757,149.3047485,154.8763885,26.26958847,58.24618912,Autumn,3
9/24/2027,24.66766357,31.33550453,19.19477844,10.68139648,0.939971149,99.71604919,2.74587059,3.68665266,150.5250854,156.0488586,26.07387924,58.5329895,Autumn,3
9/25/2027,24.51266098,31.16432381,19.0617733,10.63654327,0.942124367,99.72011566,2.739807129,3.684495926,151.725769,157.2013397,25.88059998,58.80722427,Autumn,3
9/26/2027,24.35975075,30.99669647,18.92934227,10.59001064,0.943073034,99.72418976,2.733812332,3.682500839,152.9060059,158.3335571,25.68980598,59.06865311,Autumn,3
9/27/2027,24.20892715,30.83260536,18.79752541,10.54183102,0.94283092,99.72825623,2.727920055,3.680703163,154.0653076,159.4455566,25.5015049,59.31711197,Autumn,3
9/28/2027,24.06016541,30.67199516,18.66633034,10.49203396,0.941417098,99.73230743,2.722160816,3.679135799,155.2035675,160.5377197,25.31568718,59.55250549,Autumn,3
9/29/2027,23.91339684,30.51477242,18.53575134,10.44064522,0.938856542,99.73634338,2.716566563,3.677832603,156.3210754,161.6108551,25.13229561,59.7747879,Autumn,3
9/30/2027,23.76853561,30.3608017,18.405756,10.38768578,0.935179472,99.74036407,2.711166859,3.676824093,157.4185028,162.6660919,24.95124435,59.98397064,Autumn,3
10/1/2027,23.62545586,30.20992088,18.27628899,10.33317757,0.93042171,99.74434662,2.705990314,3.67614007,158.4968567,163.7048798,24.7724247,60.18014145,Autumn,3
10/2/2027,23.48401451,30.0619278,18.14727592,10.27713776,0.924623549,99.74830627,2.701064587,3.675807953,159.5575562,164.7290649,24.59568977,60.3634491,Autumn,3
10/3/2027,23.34403419,29.91659355,18.01862526,10.21957779,0.91783011,99.75221252,2.696414948,3.675853729,160.6022797,165.7407532,24.4208622,60.53408813,Autumn,3
10/4/2027,23.20531845,29.77364922,17.89022446,10.16051388,0.910090625,99.756073,2.692065716,3.676301003,161.6331329,166.7423553,24.24774933,60.69233322,Autumn,3
10/5/2027,23.06764412,29.6328125,17.7619381,10.0999527,0.901458561,99.75986481,2.688038826,3.677170515,162.6524048,167.736496,24.07612228,60.83849335,Autumn,3
10/6/2027,22.9307766,29.49376869,17.63361931,10.03790569,0.891990423,99.76359558,2.684354782,3.678482056,163.6627808,168.7260895,23.90574074,60.97293854,Autumn,3
10/7/2027,22.79445267,29.35618019,17.50510979,9.974377632,0.881746173,99.76724243,2.681031704,3.68025136,164.6670837,169.7142487,23.73633575,61.09608841,Autumn,3
10/8/2027,22.65839958,29.21969795,17.37622833,9.909376144,0.870787799,99.77079773,2.678085804,3.682492733,165.668457,170.7042389,23.56762886,61.20841599,Autumn,3
10/9/2027,22.52233124,29.08394814,17.24679184,9.842906952,0.859180212,99.77425385,2.675531864,3.685218573,166.6701355,171.6994476,23.39932632,61.31043243,Autumn,3
10/10/2027,22.38595581,28.94856071,17.11660385,9.77497673,0.846989095,99.77759552,2.673381329,3.688436747,167.6755676,172.7033691,23.23112297,61.40268326,Autumn,3
10/11/2027,22.24896812,28.81314278,16.98546219,9.705593109,0.8342821,99.78081512,2.671644688,3.692155123,168.6882935,173.7195587,23.06270599,61.48575211,Autumn,3
10/12/2027,22.111063,28.67730713,16.85315895,9.634762764,0.821127176,99.78391266,2.670329094,3.696377039,169.7118683,174.7516327,22.89376068,61.56025696,Autumn,3
10/13/2027,21.97193718,28.54066086,16.71948433,9.562498093,0.807592511,99.7868576,2.669440746,3.701105595,170.7499695,175.8030701,22.72397041,61.6268425,Autumn,3
10/14/2027,21.83128166,28.40282249,16.58422852,9.488807678,0.793746293,99.78965759,2.668983936,3.706339598,171.8062592,176.8773956,22.55302048,61.68617249,Autumn,3
10/15/2027,21.68880272,28.26340485,16.4471817,9.413709641,0.779655695,99.79229736,2.668959618,3.712077141,172.8842621,177.9779816,22.3806057,61.73892212,Autumn,3
10/16/2027,21.54420853,28.12204933,16.30814362,9.337223053,0.765386999,99.79476166,2.669368744,3.718313456,173.9874573,179.1081085,22.20642662,61.78579712,Autumn,3
10/17/2027,21.39722633,27.97839928,16.16691589,9.259366035,0.751004815,99.79705811,2.670208931,3.725042343,175.1192474,180.270813,22.03019524,61.82748413,Autumn,3
10/18/2027,21.24759293,27.83211708,16.02331734,9.180167198,0.736571729,99.79916382,2.671476364,3.732255697,176.2827454,181.4689484,21.8516407,61.8646965,Autumn,3
10/19/2027,21.09506035,27.68289185,15.87716389,9.099658012,0.722148061,99.80108643,2.673165798,3.739943027,177.4810181,182.7051392,21.67051315,61.89813614,Autumn,3
10/20/2027,20.93940544,27.53043175,15.72830296,9.017873764,0.707791507,99.8028183,2.675271034,3.748093367,178.7167053,183.9816895,21.4865799,61.92849731,Autumn,3
10/21/2027,20.78042412,27.3744812,15.576581,8.934857368,0.693556488,99.80435944,2.677783489,3.75669384,179.9923248,185.3005524,21.29963303,61.95646667,Autumn,3
10/22/2027,20.61794472,27.2148037,15.42187595,8.850654602,0.679494441,99.80569458,2.680694103,3.765730619,181.3099365,186.6634064,21.10949326,61.98271179,Autumn,3
10/23/2027,20.45181084,27.05120468,15.26407528,8.765320778,0.665652871,99.80684662,2.683992386,3.775188684,182.6714172,188.0715332,20.91600609,62.00788498,Autumn,3
10/24/2027,20.28190804,26.8835144,15.10309315,8.678913116,0.652075768,99.80780029,2.687666416,3.785051346,184.078125,189.5258484,20.71904755,62.03261948,Autumn,3
10/25/2027,20.10813904,26.71161461,14.9388628,8.591499329,0.638803184,99.80856323,2.691704273,3.795302868,185.5311127,191.0268097,20.51852989,62.05751038,Autumn,3
10/26/2027,19.93044853,26.53540611,14.77134228,8.50315094,0.625870764,99.8091507,2.696092606,3.805924892,187.0310211,192.5744476,20.31439209,62.08313751,Autumn,3
10/27/2027,19.74880981,26.35484695,14.60051632,8.413947105,0.613310456,99.80955505,2.700817108,3.816900253,188.5780487,194.168457,20.10661316,62.11003113,Autumn,3
10/28/2027,19.56323242,26.16992188,14.42639446,8.323974609,0.60114944,99.80980682,2.705863476,3.828210592,190.1719055,195.8079376,19.89520454,62.13870239,Autumn,3
10/29/2027,19.3737545,25.9806633,14.24900913,8.23332119,0.58941102,99.80989838,2.711217403,3.839837313,191.8119659,197.4916382,19.68021011,62.1696167,Autumn,3
10/30/2027,19.18045616,25.78713608,14.06842518,8.14208889,0.578114033,99.8098526,2.716863155,3.851761818,193.4970551,199.2178802,19.46171379,62.20319748,Autumn,3
10/31/2027,18.98344421,25.58945847,13.88472652,8.050378799,0.567273021,99.80968475,2.722785473,3.86396575,195.2256012,200.9845276,19.23983383,62.23983002,Autumn,3
11/1/2027,18.7828598,25.38777733,13.69803333,7.958299637,0.556898892,99.8094101,2.728969097,3.87643075,196.9955597,202.7889709,19.01472473,62.27985382,Autumn,3
11/2/2027,18.57888794,25.18227768,13.50848484,7.865966797,0.546997964,99.80905151,2.735397816,3.889137506,198.8044891,204.6282349,18.78656578,62.32357788,Autumn,3
11/3/2027,18.37173462,24.9731884,13.31624889,7.773498535,0.537573218,99.8086319,2.742056847,3.902068615,200.6494598,206.4989471,18.55558205,62.37125015,Autumn,3
11/4/2027,18.16163445,24.76076889,13.12151432,7.681018829,0.5286237,99.8081665,2.748929977,3.915205717,202.5272369,208.3973694,18.32202148,62.42308044,Autumn,3
11/5/2027,17.94886398,24.54531479,12.92450333,7.588653564,0.520145178,99.80769348,2.756001949,3.92853117,204.434082,210.3193207,18.08616638,62.4792366,Autumn,3
11/6/2027,17.73370934,24.32715034,12.72544956,7.49653244,0.512130201,99.80722046,2.76325798,3.942027807,206.3660278,212.2604675,17.84832001,62.53983688,Autumn,3
11/7/2027,17.51649857,24.10663414,12.52461529,7.404790878,0.504568458,99.80678558,2.770682335,3.955677986,208.3186493,214.2160492,17.60882187,62.60496521,Autumn,3
11/8/2027,17.297575,23.88414001,12.32228088,7.313558578,0.497447044,99.80641937,2.778261662,3.969465971,210.2872772,216.1811066,17.36802101,62.67465591,Autumn,3
11/9/2027,17.07729912,23.66007996,12.1187439,7.222974777,0.490750521,99.80614471,2.785979748,3.983374119,212.2670441,218.1504364,17.1262989,62.748909,Autumn,3
11/10/2027,16.85606003,23.43487167,11.91431808,7.133172989,0.484461665,99.80599213,2.793823242,3.997387409,214.2526855,220.1186981,16.88404846,62.8276825,Autumn,3
11/11/2027,16.63424683,23.20895767,11.70932961,7.044289589,0.478561312,99.80599213,2.801778316,4.011488438,216.2389069,222.0803986,16.64167786,62.91089249,Autumn,3
11/12/2027,16.41227341,22.98278809,11.50411987,6.956457138,0.473029137,99.80617523,2.809830666,4.025663376,218.2202301,224.0299072,16.39960861,62.99843216,Autumn,3
11/13/2027,16.19055748,22.75683403,11.29903507,6.869810104,0.467843562,99.80657196,2.817966938,4.039895535,220.1910248,225.9615936,16.15826797,63.09015274,Autumn,3
11/14/2027,15.96952629,22.53155708,11.09443474,6.784475327,0.462982237,99.8072052,2.826174736,4.054168701,222.1455994,227.8698273,15.91808891,63.18588257,Autumn,3
11/15/2027,15.74960136,22.30743408,10.89067459,6.700579643,0.458422571,99.8081131,2.834439754,4.068469524,224.0782928,229.7489624,15.67951202,63.28540802,Autumn,3
11/16/2027,15.53121376,22.08493042,10.68811798,6.618244171,0.454141557,99.80931854,2.842750072,4.082781792,225.9833984,231.5934753,15.44296741,63.38851166,Autumn,3
11/17/2027,15.31478024,21.86451721,10.48712254,6.537586212,0.450116634,99.81085205,2.851092339,4.097090244,227.855423,233.3979645,15.2088871,63.49494553,Autumn,3
11/18/2027,15.10072613,21.64664841,10.28805256,6.458715439,0.446325302,99.81272888,2.859454155,4.11137867,229.6887512,235.157196,14.97769356,63.60443115,Autumn,3
11/19/2027,14.88945103,21.43176842,10.09125328,6.381734848,0.442746073,99.81497955,2.867822647,4.125632763,231.4782104,236.8661499,14.74979973,63.71669769,Autumn,3
11/20/2027,14.68135738,21.22031212,9.897072792,6.306742668,0.439358145,99.81762695,2.876185894,4.139835835,233.2185669,238.5200195,14.52559948,63.83143616,Autumn,3
11/21/2027,14.47681808,21.01268768,9.705842018,6.233828545,0.436141998,99.82068634,2.884531021,4.153972149,234.9050293,240.1143188,14.30547714,63.94834137,Autumn,3
11/22/2027,14.27619648,20.80929184,9.517881393,6.163072586,0.433079302,99.82417297,2.892845631,4.16802597,236.5329437,241.6448822,14.08979702,64.06710815,Autumn,3
11/23/2027,14.07983398,20.61048698,9.333497047,6.094547749,0.430153221,99.82810211,2.901116848,4.181980133,238.0980682,243.1079254,13.8788929,64.18740082,Autumn,3
11/24/2027,13.88804817,20.41661835,9.15297699,6.028315544,0.427348614,99.83248138,2.909332752,4.195817947,239.5964508,244.4999847,13.67308712,64.30890656,Autumn,3
11/25/2027,13.70113468,20.22799492,8.976587296,5.964431763,0.42465207,99.83732605,2.917479992,4.20952177,241.0245209,245.8180542,13.47266674,64.43130493,Autumn,3
11/26/2027,13.51935768,20.04490471,8.804581642,5.902938843,0.422051936,99.84263611,2.925546646,4.223074436,242.3791351,247.0595245,13.27789688,64.55426025,Autumn,3
11/27/2027,13.34295559,19.86759186,8.637181282,5.843869686,0.419538409,99.84840393,2.933519363,4.236458778,243.6575775,248.2222748,13.08900833,64.67747498,Autumn,3
11/28/2027,13.17213917,19.69628143,8.474592209,5.787249088,0.417103589,99.85464478,2.941385746,4.24965477,244.8575439,249.3046417,12.90620613,64.80062866,Autumn,3
11/29/2027,13.00708961,19.531147,8.316987991,5.733088017,0.414741486,99.86133575,2.949132919,4.262646198,245.9772339,250.3054047,12.72965717,64.92342377,Autumn,3
11/30/2027,12.84794903,19.37234497,8.164523125,5.681391239,0.412447929,99.86847687,2.956747055,4.27541256,247.0152588,251.2238617,12.5595026,65.04557037,Autumn,3
12/1/2027,12.69483662,19.21998215,8.017318726,5.632150173,0.410220534,99.87605286,2.964216232,4.287936687,247.9708252,252.0597382,12.39584732,65.16677856,Winter,0
12/2/2027,12.5478344,19.07413673,7.875478745,5.585347176,0.408058703,99.88404083,2.971527576,4.300198078,248.8434753,252.8133392,12.23876762,65.28678894,Winter,0
12/3/2027,12.40699196,18.93484879,7.739068985,5.540955067,0.405963302,99.89243317,2.978668213,4.312179565,249.6333466,253.4853516,12.08829975,65.40534973,Winter,0
12/4/2027,12.27232838,18.80212402,7.608135223,5.498936653,0.403936833,99.90118408,2.985625267,4.323861122,250.3409882,254.0769653,11.94445419,65.52220917,Winter,0
12/5/2027,12.14384174,18.67593956,7.482691765,5.459244728,0.401983052,99.91028595,2.992386341,4.335224152,250.9674225,254.5898285,11.80721092,65.63713837,Winter,0
12/6/2027,12.02147484,18.55622864,7.36273098,5.421824455,0.400106817,99.91969299,2.998939037,4.346251488,251.5141296,255.0259857,11.67651272,65.74992371,Winter,0
12/7/2027,11.90516853,18.44290161,7.248213768,5.386613369,0.398314089,99.92938232,3.005272388,4.356924057,251.9830627,255.3879242,11.55227852,65.86038208,Winter,0
12/8/2027,11.79481983,18.33583832,7.13907814,5.353539467,0.396611631,99.93930817,3.011374474,4.367225647,252.3765564,255.6784973,11.43440056,65.9683075,Winter,0
12/9/2027,11.69029903,18.2348938,7.035240173,5.322524071,0.395006746,99.94943237,3.017233849,4.377139568,252.6972809,255.9009705,11.3227396,66.0735321,Winter,0
12/10/2027,11.59146786,18.13988686,6.936585426,5.29348278,0.393507153,99.9597168,3.022841454,4.386649132,252.9483795,256.0587769,11.21713638,66.17591095,Winter,0
12/11/2027,11.4981451,18.05062675,6.842989922,5.266324997,0.392120957,99.97010803,3.028186798,4.395740986,253.133194,256.1558533,11.11741543,66.27528381,Winter,0
12/12/2027,11.41014385,17.96688843,6.754300117,5.240954876,0.390855849,99.9805603,3.033260822,4.404400349,253.2554779,256.1962585,11.02336979,66.37152863,Winter,0
12/13/2027,11.32725334,17.88844109,6.67034626,5.217272758,0.389719784,99.99102783,3.038056374,4.412615776,253.3191833,256.1842346,10.93478394,66.46452332,Winter,0
12/14/2027,11.24924755,17.81502914,6.590942383,5.195174217,0.388720036,100.0014648,3.042565346,4.420375824,253.3284607,256.1243286,10.85142803,66.55415344,Winter,0
12/15/2027,11.17588615,17.74639511,6.515892029,5.174554825,0.387863189,100.0118103,3.046782494,4.427670956,253.2877502,256.0210876,10.77305222,66.64031982,Winter,0
12/16/2027,11.10692596,17.68226624,6.444979668,5.155305862,0.387155384,100.0220108,3.050702572,4.434494019,253.2015076,255.8792572,10.69940853,66.72291565,Winter,0
12/17/2027,11.04210949,17.62235451,6.377986908,5.137317657,0.386601567,100.0320282,3.054321289,4.440838337,253.0743408,255.703598,10.63023472,66.80187988,Winter,0
12/18/2027,10.98117161,17.56638718,6.314678192,5.120481491,0.386205614,100.0418015,3.057637215,4.446700096,252.9109802,255.4988251,10.56526661,66.87711334,Winter,0
12/19/2027,10.92385101,17.51407433,6.254821777,5.104688644,0.385970354,100.0512772,3.060648441,4.452077389,252.7160492,255.2696381,10.50424099,66.94854736,Winter,0
12/20/2027,10.86988163,17.4651413,6.19817543,5.089832306,0.385897011,100.0604095,3.063355446,4.456969738,252.4942627,255.0207977,10.44689178,67.01611328,Winter,0
12/21/2027,10.81900597,17.41930771,6.144500732,5.075806618,0.385985583,100.0691528,3.065760136,4.461379051,252.2501678,254.7567139,10.3929615,67.07974243,Winter,0
12/22/2027,10.77096558,17.37631035,6.093556404,5.062509537,0.386234403,100.077446,3.067864895,4.465310097,251.9883118,254.4818268,10.34220123,67.13937378,Winter,0
12/23/2027,10.72551537,17.33588791,6.045107841,5.049842834,0.386640519,100.0852585,3.069674492,4.468768597,251.7129974,254.2003174,10.29435825,67.19493103,Winter,0
12/24/2027,10.68241405,17.29779816,5.998918533,5.037711143,0.387198985,100.0925369,3.071195126,4.471763611,251.4284821,253.9161987,10.2492075,67.24635315,Winter,0
12/25/2027,10.64143372,17.2618103,5.954771042,5.026025772,0.38790378,100.0992432,3.072434902,4.474306107,251.1386261,253.6331482,10.20652676,67.2935791,Winter,0
12/26/2027,10.60237026,17.22771454,5.912444115,5.014701366,0.388746917,100.1053391,3.073401928,4.476408482,250.8472137,253.3545837,10.16611385,67.33653259,Winter,0
12/27/2027,10.56501865,17.19531059,5.871736526,5.003662109,0.389719129,100.1108017,3.074108124,4.478086472,250.5576477,253.0836029,10.12777805,67.37516785,Winter,0
12/28/2027,10.52920246,17.16443253,5.832455635,4.992833138,0.390809685,100.1155853,3.07456398,4.479357243,250.2731323,252.8230743,10.09134769,67.40940857,Winter,0
12/29/2027,10.49476528,17.13491821,5.794425964,4.982151985,0.392006338,100.1196671,3.074783325,4.480239868,249.9964905,252.5753479,10.05668068,67.43917084,Winter,0
12/30/2027,10.4615612,17.10664749,5.757481575,4.971560001,0.393295944,100.1230316,3.074781895,4.480755806,249.7301025,252.3424988,10.02364445,67.46440125,Winter,0
12/31/2027,10.42947102,17.07950974,5.721479416,4.961005211,0.39466399,100.1256561,3.074573994,4.480927467,249.4761963,252.1262665,9.992128372,67.48501587,Winter,0
1/1/2028,10.39839935,17.05341721,5.686288834,4.950447559,0.396095186,100.1275253,3.074178219,4.480779648,249.236557,251.9279175,9.962050438,67.50093842,Winter,0
1/2/2028,10.36826801,17.02832031,5.651801109,4.9398489,0.397573441,100.1286392,3.073611259,4.480338573,249.0124969,251.7483521,9.933342934,67.51210022,Winter,0
1/3/2028,10.33902359,17.00417709,5.617925644,4.929183006,0.399082005,100.1289749,3.072892666,4.479631424,248.805069,251.5880737,9.905966759,67.51842499,Winter,0
1/4/2028,10.31063175,16.98098183,5.584589005,4.918429375,0.400603861,100.1285553,3.072042942,4.478686333,248.6148682,251.4472504,9.879899979,67.51983643,Winter,0
1/5/2028,10.28308487,16.95874214,5.5517416,4.907576561,0.402121812,100.1273651,3.071081161,4.477532864,248.4421387,251.3256073,9.855145454,67.51625061,Winter,0
1/6/2028,10.25639153,16.9375,5.519349098,4.896619797,0.403618693,100.1254272,3.070029259,4.476200581,248.2867889,251.2224731,9.831725121,67.50761414,Winter,0
1/7/2028,10.23059082,16.91730499,5.487398148,4.885560036,0.405077398,100.122757,3.068907738,4.474719524,248.1482849,251.1369324,9.809686661,67.49385071,Winter,0
1/8/2028,10.20572853,16.89823532,5.455895424,4.874408722,0.406481713,100.1193619,3.06773901,4.473121643,248.0258484,251.0675964,9.789084435,67.47488403,Winter,0
1/9/2028,10.18187618,16.88038635,5.42486763,4.863180637,0.407815605,100.1152725,3.066543579,4.471435547,247.9182434,251.0128784,9.770005226,67.45066071,Winter,0
1/10/2028,10.15912247,16.86387634,5.394352913,4.851899147,0.409064442,100.1105118,3.065342903,4.469693184,247.8240662,250.9707642,9.752542496,67.42114258,Winter,0
1/11/2028,10.13757515,16.84882927,5.364415169,4.840593338,0.410214424,100.1051178,3.064157963,4.467923164,247.7414856,250.9391174,9.73680687,67.38624573,Winter,0
1/12/2028,10.11735249,16.83539009,5.335126877,4.829297066,0.411253005,100.0991135,3.063009739,4.466154099,247.6684875,250.915451,9.722927094,67.34597778,Winter,0
1/13/2028,10.09858608,16.8237114,5.30657959,4.818047523,0.412169456,100.0925522,3.061917782,4.464414597,247.602829,250.8971252,9.711036682,67.30029297,Winter,0
1/14/2028,10.08141899,16.81395149,5.278874397,4.806889534,0.41295436,100.0854721,3.060900211,4.462731361,247.5420074,250.8812256,9.70127964,67.24916077,Winter,0
1/15/2028,10.06600094,16.80629158,5.252132416,4.795870781,0.413600415,100.0779037,3.059976101,4.461128235,247.4833679,250.8648224,9.69381237,67.19260406,Winter,0
1/16/2028,10.05249882,16.80089951,5.226474762,4.785040855,0.414102018,100.0699158,3.059161663,4.459629536,247.4241486,250.8448181,9.68878746,67.13061523,Winter,0
1/17/2028,10.04107285,16.79796219,5.202040672,4.77445364,0.414455861,100.0615387,3.058472157,4.458255768,247.3614349,250.8179932,9.686375618,67.06321716,Winter,0
1/18/2028,10.03188992,16.7976532,5.178969383,4.764164448,0.414660633,100.0528259,3.057922363,4.457026958,247.2922211,250.7811432,9.686736107,66.99046326,Winter,0
1/19/2028,10.02512264,16.80015564,5.15741539,4.754229546,0.414717376,100.0438385,3.057524681,4.455960274,247.2134705,250.7310181,9.690027237,66.91238403,Winter,0
1/20/2028,10.02093983,16.80564117,5.137525558,4.744707108,0.414629281,100.0346222,3.057289124,4.455069542,247.1221771,250.664444,9.696415901,66.82907867,Winter,0
1/21/2028,10.01950264,16.81428146,5.119462013,4.735655785,0.414401889,100.025238,3.057225227,4.454366684,247.0153046,250.5782623,9.706054688,66.74061584,Winter,0
1/22/2028,10.02097607,16.82623482,5.10337162,4.727131844,0.414043039,100.0157242,3.057340622,4.453861237,246.8899384,250.4694366,9.719090462,66.64710999,Winter,0
1/23/2028,10.0255127,16.84165573,5.089418411,4.719194889,0.413562685,100.0061417,3.057639599,4.453559875,246.7431335,250.3349915,9.735666275,66.5486908,Winter,0
1/24/2028,10.03325939,16.86068153,5.077746391,4.71189785,0.412973017,99.99654388,3.058125973,4.453465939,246.5722351,250.1722412,9.755912781,66.44549561,Winter,0
1/25/2028,10.04435158,16.88344765,5.068511009,4.70529604,0.412288368,99.98698425,3.058802128,4.453580379,246.374588,249.9785461,9.779945374,66.337677,Winter,0
1/26/2028,10.05891037,16.91006088,5.061847687,4.699439049,0.411524683,99.97750092,3.05966568,4.453900814,246.1477509,249.7515106,9.807872772,66.22541809,Winter,0
1/27/2028,10.07705116,16.94062042,5.057897568,4.694376945,0.410700172,99.96814728,3.060714722,4.454423904,245.8895569,249.4890442,9.839784622,66.10890198,Winter,0
1/28/2028,10.09887314,16.97520828,5.056778908,4.690154076,0.409834296,99.95896912,3.061944962,4.455139637,245.5979156,249.1892395,9.875761986,65.98835754,Winter,0
1/29/2028,10.1244545,17.01388741,5.058615685,4.686812878,0.408948094,99.95000458,3.063349247,4.456039906,245.2711487,248.8504333,9.915863037,65.86398315,Winter,0
1/30/2028,10.15386486,17.05670547,5.06350708,4.684390068,0.408063918,99.94129944,3.064919472,4.457109928,244.9076233,248.4713287,9.960128784,65.73603821,Winter,0
1/31/2028,10.18715096,17.10368347,5.071554184,4.682920456,0.407204807,99.93287659,3.066645145,4.4583354,244.5062103,248.0508575,10.00858688,65.60475922,Winter,0
2/1/2028,10.2243433,17.15483856,5.082832336,4.682432175,0.406394809,99.92477417,3.068515301,4.459698677,244.0658722,247.5883179,10.06125069,65.47041321,Winter,0
2/2/2028,10.26546383,17.21015358,5.097406387,4.68295002,0.405658424,99.91702271,3.070516109,4.461179733,243.5859528,247.083252,10.11810684,65.33328247,Winter,0
2/3/2028,10.31050777,17.26959991,5.115340233,4.684494972,0.405020207,99.90963745,3.072632313,4.462756634,243.0660553,246.5355225,10.17913342,65.19361877,Winter,0
2/4/2028,10.35945129,17.33312988,5.136662483,4.687080383,0.404504746,99.90264893,3.074848652,4.464406013,242.5061035,245.9453278,10.24428177,65.05173492,Winter,0
2/5/2028,10.41226101,17.40068245,5.161401749,4.690716743,0.404136211,99.89606476,3.077147484,4.466104031,241.9062653,245.3132477,10.31349468,64.90790558,Winter,0
2/6/2028,10.46888065,17.47216797,5.189567566,4.695411682,0.403938174,99.88990021,3.079511642,4.467823029,241.2670593,244.6399689,10.38669205,64.76243591,Winter,0
2/7/2028,10.52924347,17.54749298,5.221154213,4.701163292,0.403933287,99.88414764,3.081921101,4.469537258,240.5892029,243.9266205,10.46378803,64.61561584,Winter,0
2/8/2028,10.59325886,17.62653732,5.256141663,4.707968712,0.404142976,99.87882996,3.084357738,4.471219063,239.8737488,243.1745453,10.54466915,64.46772766,Winter,0
2/9/2028,10.6608305,17.70918274,5.294499397,4.715821266,0.40458703,99.87392426,3.086801052,4.472839832,239.1219788,242.3853912,10.62922192,64.31907654,Winter,0
2/10/2028,10.73184299,17.79528427,5.336175919,4.724705696,0.405283809,99.86943817,3.089232445,4.474372387,238.3354034,241.5610046,10.717309,64.16992188,Winter,0
2/11/2028,10.80617142,17.88468933,5.381113052,4.734606266,0.406249315,99.86535645,3.091631889,4.47578907,237.5157318,240.7033997,10.80879021,64.02055359,Winter,0
2/12/2028,10.88367176,17.97724152,5.429232597,4.745503426,0.407497615,99.86165619,3.093980312,4.477062702,236.664978,239.8149414,10.90350914,63.87124252,Winter,0
2/13/2028,10.9642067,18.07276535,5.48045826,4.757372856,0.409040242,99.85832214,3.09625864,4.478167057,235.7851868,238.8980255,11.00130939,63.72222519,Winter,0
2/14/2028,11.04761696,18.17109489,5.534687996,4.770187378,0.410886079,99.85533142,3.09844923,4.479077816,234.8786316,237.9552307,11.10202122,63.57374954,Winter,0
2/15/2028,11.13374043,18.27204895,5.59181881,4.78391695,0.413041174,99.85266113,3.100534439,4.479770184,233.9477386,236.9892578,11.20547104,63.42603302,Winter,0
2/16/2028,11.22240639,18.37544632,5.651734352,4.798529625,0.415508837,99.85027313,3.102499008,4.480223656,232.9950104,236.0029602,11.31148815,63.27929306,Winter,0
2/17/2028,11.31344604,18.48110199,5.714317322,4.813989639,0.418289155,99.8481369,3.104329109,4.480418205,232.0229797,234.999176,11.41989136,63.13370132,Winter,0
2/18/2028,11.40668869,18.58883858,5.779438972,4.830262661,0.421379238,99.84622192,3.10600996,4.480336189,231.034317,233.9808044,11.53050804,62.98943329,Winter,0
2/19/2028,11.50195885,18.69847298,5.846963882,4.847310066,0.424772948,99.84448242,3.107531071,4.479962349,230.0316315,232.9507599,11.64315987,62.84663773,Winter,0
2/20/2028,11.5990839,18.80983353,5.916758537,4.865093231,0.428461105,99.84288788,3.108882904,4.479284286,229.0175934,231.9119415,11.75767422,62.70543289,Winter,0
2/21/2028,11.6978941,18.92275047,5.988683701,4.883574009,0.432431161,99.84139252,3.110056877,4.478292942,227.9948273,230.867157,11.87388611,62.56591034,Winter,0
2/22/2028,11.79822254,19.03705978,6.062596321,4.902710915,0.43666777,99.83995056,3.111049175,4.476981163,226.9658051,229.8191833,11.99163151,62.42816544,Winter,0
2/23/2028,11.89990807,19.15260315,6.138357162,4.922466278,0.441152275,99.83853149,3.111854553,4.475345612,225.9330597,228.7706604,12.11075878,62.29224014,Winter,0
2/24/2028,12.00279903,19.26924324,6.215825081,4.942800999,0.445863426,99.83707428,3.112472534,4.473385811,224.8989258,227.7241974,12.23111725,62.15816498,Winter,0
2/25/2028,12.10674477,19.38684082,6.294866562,4.963676929,0.450776964,99.83555603,3.112903118,4.471104622,223.8656616,226.6820984,12.35257149,62.02594376,Winter,0
2/26/2028,12.2116127,19.5052681,6.37534523,4.985057831,0.455866188,99.83391571,3.113150597,4.468509197,222.8353119,225.646637,12.47500134,61.89555359,Winter,0
2/27/2028,12.31727314,19.62442017,6.457127571,5.006906509,0.461102068,99.8321228,3.113219738,4.465607643,221.8098602,224.6197968,12.59828377,61.76696014,Winter,0
2/28/2028,12.42360401,19.74419212,6.540095329,5.029189587,0.466453403,99.83013916,3.113118649,4.462412834,220.7909546,223.6034546,12.7223196,61.64009476,Winter,0
2/29/2028,12.53050613,19.86450005,6.624124527,5.051875591,0.471887231,99.82791901,3.112856865,4.458940506,219.7801666,222.5991821,12.84701729,61.51487732,Winter,0
3/1/2028,12.63788128,19.98526955,6.709105492,5.074934959,0.477368951,99.82543182,3.112446308,4.455209732,218.7788391,221.6083832,12.97229481,61.3911972,Spring,1
3/2/2028,12.74564934,20.1064415,6.794935226,5.098337173,0.482862681,99.82264709,3.111900806,4.451241493,217.7880402,220.6322021,13.09808922,61.26892853,Spring,1
3/3/2028,12.85373688,20.22796249,6.881518364,5.122059822,0.488331586,99.81952667,3.111237049,4.447060585,216.80867,219.6715393,13.2243433,61.14793396,Spring,1
3/4/2028,12.96208858,20.34980583,6.968764305,5.14607811,0.493738294,99.81604004,3.110472679,4.44269371,215.8414001,218.7270355,13.35101891,61.02806473,Spring,1
3/5/2028,13.07065678,20.47194099,7.056598663,5.170372486,0.499045193,99.81217194,3.109626293,4.438169956,214.8865814,217.7990875,13.47808743,60.90914154,Spring,1
3/6/2028,13.17941189,20.59436417,7.144947052,5.194924355,0.504214644,99.80789185,3.108719349,4.433521271,213.9444733,216.8878632,13.60553169,60.79099274,Spring,1
3/7/2028,13.28832912,20.7170639,7.233757019,5.219718456,0.509209573,99.80319214,3.107774258,4.428779125,213.0149536,215.9933167,13.73334312,60.67342377,Spring,1
3/8/2028,13.3973999,20.84006119,7.32297039,5.244742393,0.513993561,99.79805756,3.106813908,4.423978806,212.0978546,215.1150665,13.86152744,60.5562439,Spring,1
3/9/2028,13.50662136,20.96337128,7.412553787,5.269984722,0.51853168,99.79247284,3.105862617,4.419156075,211.1926575,214.2525635,13.99009991,60.43925095,Spring,1
3/10/2028,13.6160059,21.08701324,7.502469063,5.295437813,0.522790134,99.78643799,3.104944706,4.414346695,210.2986755,213.4050598,14.11908245,60.32224655,Spring,1
3/11/2028,13.72557354,21.21102905,7.592698097,5.321097374,0.526737034,99.77994537,3.104085922,4.40958786,209.4150238,212.5715942,14.24850464,60.20503235,Spring,1
3/12/2028,13.83534813,21.33545303,7.683223724,5.34695816,0.530342877,99.77300262,3.103311062,4.404916763,208.5407257,211.7509918,14.37840462,60.08739853,Spring,1
3/13/2028,13.94536972,21.46032906,7.774041176,5.373021126,0.533580422,99.765625,3.102645874,4.400369644,207.6744995,210.941925,14.50882339,59.96916962,Spring,1
3/14/2028,14.0556736,21.58570099,7.865147591,5.39928484,0.536425233,99.75780487,3.102115154,4.395984173,206.8150482,210.1429138,14.63980865,59.85015106,Spring,1
3/15/2028,14.16630459,21.71162415,7.956560135,5.425751686,0.538855851,99.74957275,3.101742268,4.391793728,205.9608917,209.3523865,14.77140903,59.7301712,Spring,1
3/16/2028,14.27731705,21.83813286,8.048287392,5.452425957,0.540853977,99.74094391,3.10155201,4.387834549,205.1105042,208.5685425,14.90367794,59.60906601,Spring,1
3/17/2028,14.38876057,21.96528435,8.140351295,5.479311943,0.54240495,99.73193359,3.101566315,4.384137154,204.262207,207.7896118,15.03666401,59.48668289,Spring,1
3/18/2028,14.50069046,22.09311676,8.232776642,5.506417751,0.543497443,99.72257996,3.101806164,4.380733967,203.4142456,207.0137482,15.17041969,59.36288834,Spring,1
3/19/2028,14.61315632,22.22167206,8.325594902,5.533748627,0.544124067,99.71290588,3.102291107,4.377651691,202.5649567,206.2389374,15.30499363,59.23757553,Spring,1
3/20/2028,14.72621536,22.35098648,8.41883564,5.561313629,0.544281006,99.70294952,3.103038311,4.374917984,201.7125549,205.4632721,15.44042969,59.11063766,Spring,1
3/21/2028,14.83991909,22.48109055,8.512537003,5.589120865,0.543968678,99.69274139,3.104064941,4.372554302,200.8552704,204.6848145,15.57677174,58.98199463,Spring,1
3/22/2028,14.95431519,22.61200523,8.606738091,5.617178917,0.543190956,99.68231964,3.105383873,4.370581627,199.991394,203.9016571,15.71405411,58.85158539,Spring,1
3/23/2028,15.06944942,22.7437458,8.701475143,5.645496368,0.541956127,99.67172241,3.10700655,4.369016171,199.1192627,203.1118469,15.85230827,58.71939087,Spring,1
3/24/2028,15.18536091,22.8763237,8.796789169,5.674082279,0.540275872,99.66099548,3.108942986,4.367871284,198.2372437,202.3135986,15.99155617,58.58537674,Spring,1
3/25/2028,15.30208397,23.00972557,8.892715454,5.702945709,0.538165808,99.65019226,3.111197948,4.367156982,197.3438568,201.5051727,16.13181305,58.44956589,Spring,1
3/26/2028,15.41964912,23.14394951,8.989295959,5.732094288,0.535645127,99.63934326,3.113777161,4.366878986,196.4376526,200.6849518,16.27308655,58.31198502,Spring,1
3/27/2028,15.53807735,23.27897263,9.086562157,5.761535645,0.53273648,99.62849426,3.116680145,4.367038727,195.5173645,199.8513641,16.41537666,58.17266846,Spring,1
3/28/2028,15.65738297,23.41476059,9.184551239,5.791277885,0.529465795,99.61769867,3.119905949,4.367635727,194.5818481,199.0030518,16.55867004,58.03171921,Spring,1
3/29/2028,15.77757549,23.55127144,9.283289909,5.821324348,0.525861919,99.60700226,3.123449802,4.368662834,193.6301117,198.1387329,16.70294571,57.88920593,Spring,1
3/30/2028,15.89865017,23.6884594,9.3828125,5.85168457,0.521956444,99.59645081,3.127305031,4.370111465,192.6612396,197.2573853,16.84818077,57.74525452,Spring,1
3/31/2028,16.02059937,23.8262558,9.483136177,5.882360458,0.517783642,99.58609009,3.13146162,4.371967316,191.6746674,196.358017,16.99433136,57.59999084,Spring,1
4/1/2028,16.14340782,23.96459579,9.584289551,5.913356781,0.513379574,99.57595825,3.135906696,4.374213219,190.6697998,195.4398956,17.14135551,57.45355988,Spring,1
4/2/2028,16.2670517,24.10340309,9.686280251,5.944675446,0.508782148,99.56610107,3.140624523,4.376828194,189.6463776,194.5024719,17.2891922,57.30612564,Spring,1
4/3/2028,16.39149666,24.24258995,9.789126396,5.976318359,0.504030883,99.55656433,3.145597935,4.379787922,188.604248,193.5453796,17.43778229,57.15786743,Spring,1
4/4/2028,16.51670647,24.38206291,9.892832756,6.00828743,0.499166191,99.54738617,3.150806427,4.383064747,187.543457,192.5683289,17.5870533,57.00896835,Spring,1
4/5/2028,16.64263535,24.5217247,9.997403145,6.040581226,0.494229108,99.53860474,3.156226635,4.38662672,186.4642334,191.5713501,17.73693085,56.85962296,Spring,1
4/6/2028,16.76922607,24.66147232,10.10283852,6.073199272,0.489260972,99.53024292,3.161835194,4.390440941,185.3669891,190.5545807,17.88733101,56.71002197,Spring,1
4/7/2028,16.89643288,24.80120277,10.20913696,6.106140137,0.484302849,99.52235413,3.167605877,4.394470692,184.2523041,189.5183868,18.03816986,56.56037903,Spring,1
4/8/2028,17.02418518,24.94080734,10.31628513,6.139401436,0.47939533,99.51495361,3.173509598,4.398678303,183.1209259,188.4631958,18.18934822,56.41090012,Spring,1
4/9/2028,17.15242386,25.0801754,10.4242754,6.172978878,0.474577993,99.50806427,3.179517746,4.403021812,181.9736938,187.3896637,18.34078217,56.2617836,Spring,1
4/10/2028,17.28107643,25.21920013,10.53308964,6.206870079,0.469889015,99.50172424,3.18559885,4.407459259,180.8117371,186.298645,18.49237442,56.11322784,Spring,1
4/11/2028,17.41007805,25.35777664,10.64271641,6.241070271,0.465364814,99.49593353,3.191721916,4.411948204,179.6361542,185.1910553,18.6440258,55.96541595,Spring,1
4/12/2028,17.53935623,25.49580765,10.75313091,6.275574684,0.461039633,99.49073029,3.197854042,4.416442871,178.4482727,184.0679169,18.79565048,55.8185463,Spring,1
4/13/2028,17.66884613,25.63318825,10.86431599,6.310379982,0.4569453,99.48610687,3.203962803,4.420899868,177.2494354,182.9304047,18.94715309,55.67277908,Spring,1
4/14/2028,17.79847527,25.76983833,10.97624874,6.345479965,0.453110814,99.48207855,3.210015297,4.425273895,176.0411682,181.7798309,19.09845161,55.52826691,Spring,1
4/15/2028,17.9281826,25.90567017,11.08890724,6.380870819,0.449562073,99.47865295,3.215978622,4.429519653,174.8249817,180.6174469,19.24946022,55.38515091,Spring,1
4/16/2028,18.05790329,26.04061317,11.20226669,6.416547775,0.446321368,99.47583008,3.221820831,4.433593273,173.6024628,179.4447479,19.40010452,55.24354553,Spring,1
4/17/2028,18.18758202,26.17460632,11.31630898,6.452505112,0.443407625,99.47360992,3.227509975,4.437452316,172.3752441,178.2631073,19.55031586,55.10354996,Spring,1
4/18/2028,18.31716919,26.30760193,11.4310112,6.488739014,0.440835774,99.47199249,3.233015537,4.441054821,171.1449585,177.0740814,19.70004082,54.96524048,Spring,1
4/19/2028,18.44662285,26.43955803,11.54635715,6.52524662,0.438616753,99.4709549,3.238307953,4.444360256,169.9132385,175.8791351,19.84922218,54.82866287,Spring,1
4/20/2028,18.57590294,26.57045746,11.66232681,6.562024117,0.436757445,99.4704895,3.243358612,4.447331905,168.6817169,174.6797333,19.99782372,54.69384003,Spring,1
4/21/2028,18.70498085,26.70028877,11.77890682,6.599068642,0.435260296,99.47058868,3.248142242,4.449934006,167.4519806,173.4773865,20.14582062,54.56076813,Spring,1
4/22/2028,18.83383751,26.8290596,11.8960886,6.636378288,0.434123546,99.47122955,3.252633572,4.452133656,166.2255402,172.2735138,20.29319191,54.42941284,Spring,1
4/23/2028,18.96246338,26.95678902,12.01386261,6.673949242,0.433341265,99.47239685,3.256810665,4.453901291,165.003891,171.0695343,20.4399395,54.29971695,Spring,1
4/24/2028,19.09086037,27.0835228,12.13222694,6.711782455,0.432902992,99.47406006,3.260653019,4.455210209,163.7883759,169.8667755,20.58606911,54.17158508,Spring,1
4/25/2028,19.21903801,27.20931053,12.25118065,6.749876022,0.432794183,99.47618866,3.264143467,4.456037521,162.5803375,168.6665192,20.73160553,54.0449028,Spring,1
4/26/2028,19.34701347,27.33422279,12.37073231,6.788228989,0.432996184,99.47877502,3.267265797,4.456363201,161.3809357,167.4699554,20.87658691,53.9195137,Spring,1
4/27/2028,19.474823,27.45834732,12.49088764,6.826842308,0.433486551,99.48177338,3.270008564,4.456171989,160.1912537,166.2781677,21.02105522,53.79525375,Spring,1
4/28/2028,19.60250282,27.5817852,12.61166382,6.865715981,0.434238702,99.48516083,3.272362232,4.455451965,159.0122375,165.0921631,21.16508102,53.67191315,Spring,1
4/29/2028,19.73011208,27.7046566,12.73307705,6.904850006,0.435223013,99.48890686,3.274318218,4.454194069,157.8447418,163.9128571,21.30873489,53.54926682,Spring,1
4/30/2028,19.85770988,27.82708359,12.85515404,6.944246292,0.436406255,99.49297333,3.275874615,4.452395439,156.6894379,162.7410583,21.45210457,53.42705536,Spring,1
5/1/2028,19.98536491,27.94921875,12.97791862,6.983904839,0.437752336,99.49732971,3.277028084,4.450055122,155.546936,161.5774231,21.59528923,53.30500412,Spring,1
5/2/2028,20.11316109,28.07121086,13.10140419,7.023825645,0.439222634,99.5019455,3.277781963,4.447176933,154.4176178,160.4225616,21.7383976,53.18282318,Spring,1
5/3/2028,20.24118614,28.19322777,13.22564411,7.064009666,0.440776139,99.50678253,3.278138638,4.443768978,153.3018341,159.2769012,21.88154984,53.06019592,Spring,1
5/4/2028,20.36953545,28.31544495,13.35068035,7.104455948,0.442369938,99.5118103,3.278105736,4.439841747,152.1996918,158.1408844,22.02486992,52.93679428,Spring,1
5/5/2028,20.49831009,28.43803978,13.47654819,7.14516449,0.443959683,99.51699066,3.277694225,4.4354105,151.1113434,157.0147247,22.16849327,52.8122673,Spring,1
5/6/2028,20.6276207,28.56120682,13.60329533,7.186132431,0.445499808,99.52230072,3.276913643,4.430493832,150.0366364,155.8985748,22.31255913,52.68627167,Spring,1
5/7/2028,20.75757408,28.68513298,13.73096371,7.227356911,0.446944207,99.52770233,3.275780201,4.425112247,148.9754486,154.7925873,22.45721626,52.55844879,Spring,1
5/8/2028,20.88828659,28.81001091,13.85959911,7.268834114,0.448246419,99.53316498,3.274309158,4.419290066,147.9274445,153.6967316,22.60260582,52.42842865,Spring,1
5/9/2028,21.01987457,28.93603516,13.98924541,7.310558319,0.449360132,99.53865814,3.272519112,4.413054943,146.8923798,152.6109467,22.74888229,52.29585648,Spring,1
5/10/2028,21.15245247,29.06340027,14.1199522,7.35252285,0.450239807,99.54415894,3.270429611,4.406435013,145.8697205,151.5350952,22.89619064,52.16036606,Spring,1
5/11/2028,21.28613091,29.19228935,14.25175571,7.394717216,0.450840831,99.54963684,3.268063068,4.3994627,144.8590088,150.4690552,23.04467773,52.02159882,Spring,1
5/12/2028,21.42102623,29.32288742,14.38470173,7.437131882,0.451120108,99.55506897,3.265441895,4.392170906,143.8596954,149.4125824,23.19448662,51.87922668,Spring,1
5/13/2028,21.55724144,29.45536423,14.51882458,7.479753494,0.451036334,99.56043243,3.262588978,4.384593487,142.8712463,148.3654785,23.34575272,51.73291397,Spring,1
5/14/2028,21.69488144,29.58988953,14.6541605,7.522566795,0.450550556,99.56570435,3.259530067,4.376766205,141.8930664,147.3274994,23.49860954,51.58234406,Spring,1
5/15/2028,21.83403587,29.72660637,14.79073429,7.565552711,0.449626356,99.57086945,3.256289482,4.368724346,140.9245148,146.2984467,23.65317154,51.42721939,Spring,1
5/16/2028,21.97479439,29.86565971,14.92857265,7.608691216,0.448230356,99.57590485,3.252892494,4.360505104,139.9650879,145.2780914,23.80955696,51.26727295,Spring,1
5/17/2028,22.11722755,30.00716591,15.06769085,7.651961327,0.446332395,99.58079529,3.249364376,4.352144241,139.0142059,144.2662506,23.96785545,51.10226822,Spring,1
5/18/2028,22.26140594,30.15123177,15.2080946,7.695336342,0.44390592,99.58553314,3.245729446,4.343677044,138.0714111,143.2628174,24.12815857,50.93197632,Spring,1
5/19/2028,22.40737152,30.29794884,15.34978771,7.738787651,0.440928251,99.59010315,3.242012501,4.335138798,137.1362305,142.2677155,24.29053307,50.75621796,Spring,1
5/20/2028,22.55517578,30.44737434,15.49276257,7.78228569,0.437380612,99.59449768,3.238237381,4.326563835,136.2083282,141.2808685,24.45503616,50.57483673,Spring,1
5/21/2028,22.70483398,30.59955788,15.63700008,7.825797081,0.433248669,99.59870911,3.234425545,4.31798315,135.2874451,140.3024292,24.62170029,50.38772202,Spring,1
5/22/2028,22.85635757,30.75452423,15.78247356,7.869285583,0.428522199,99.6027298,3.23059845,4.309427261,134.3734131,139.3325043,24.79054832,50.19478989,Spring,1
5/23/2028,23.00974083,30.91226959,15.92915249,7.912713051,0.423195541,99.60655975,3.226775646,4.300924778,133.4661102,138.3713684,24.96157837,49.9960022,Spring,1
5/24/2028,23.16495514,31.07277107,16.07697868,7.956041336,0.41726771,99.61019897,3.222975254,4.29250145,132.5656433,137.419342,25.13477325,49.79136276,Spring,1
5/25/2028,23.32196999,31.23598671,16.22590256,7.999224663,0.410741895,99.61363983,3.219212055,4.284180164,131.6721802,136.4768524,25.31009483,49.58090973,Spring,1
5/26/2028,23.48072052,31.4018364,16.37585068,8.042222023,0.403626323,99.61688232,3.215501308,4.275981426,130.786026,135.5444946,25.48748398,49.36471176,Spring,1
5/27/2028,23.64113426,31.5702343,16.52674484,8.084985733,0.395933211,99.61994171,3.211853981,4.267922401,129.9076233,134.6229401,25.66686058,49.14291,Spring,1
5/28/2028,23.80312157,31.74105453,16.6784935,8.12747097,0.387679398,99.62281036,3.208280563,4.260017395,129.0375519,133.7129211,25.84812737,48.91566849,Spring,1
5/29/2028,23.9665699,31.91415977,16.83099747,8.16962719,0.378885776,99.62549591,3.204786301,4.252276421,128.1764984,132.8153381,26.03116798,48.68317795,Spring,1
5/30/2028,24.13135529,32.08938599,16.9841404,8.211407661,0.369577438,99.62799835,3.201377392,4.244708538,127.3253632,131.9311829,26.21583939,48.44569778,Spring,1
5/31/2028,24.29733849,32.26654053,17.13780594,8.252761841,0.359783232,99.63033295,3.198055267,4.237316132,126.4850464,131.0615387,26.40199089,48.20350647,Spring,1
6/1/2028,24.46436501,32.44541931,17.29186058,8.293642998,0.349535435,99.63249969,3.194819927,4.230100155,125.6566849,130.2075348,26.58944893,47.95692444,Summer,2
6/2/2028,24.63225937,32.6258049,17.44616318,8.334001541,0.338869929,99.63450623,3.19166851,4.223058224,124.8414612,129.3704529,26.77802467,47.70631027,Summer,2
6/3/2028,24.80084038,32.80744934,17.60056686,8.373790741,0.327825218,99.63636017,3.188595295,4.216183662,124.0406952,128.55159,26.96751213,47.4520607,Summer,2
6/4/2028,24.96991158,32.99009705,17.75491905,8.412963867,0.316442758,99.63807678,3.185594082,4.209466934,123.2557755,127.7523575,27.15769386,47.19459152,Summer,2
6/5/2028,25.13927078,33.17346954,17.90905571,8.451477051,0.304766268,99.63964844,3.182653904,4.202896118,122.4881821,126.974144,27.34833717,46.93434906,Summer,2
6/6/2028,25.30869484,33.35728455,18.06280899,8.48928833,0.292841166,99.64109039,3.179763794,4.196455956,121.7394485,126.2184143,27.53919983,46.67182541,Summer,2
6/7/2028,25.4779644,33.54125214,18.21600723,8.526357651,0.280714929,99.64241791,3.176909447,4.190126896,121.0111771,125.4866333,27.73003387,46.40750885,Summer,2
6/8/2028,25.64684677,33.72506714,18.36847496,8.562649727,0.268435717,99.64362335,3.174075603,4.183889866,120.3049622,124.780304,27.9205761,46.14192581,Summer,2
6/9/2028,25.81510544,33.90842438,18.52004051,8.59813118,0.256052852,99.64471436,3.171245575,4.1777215,119.6224365,124.1008224,28.11056519,45.87561035,Summer,2
6/10/2028,25.9825058,34.09101105,18.67052269,8.632773399,0.243615851,99.64570618,3.168400764,4.171597004,118.9652176,123.4496002,28.29973221,45.60911179,Summer,2
6/11/2028,26.14880371,34.27251434,18.8197403,8.666552544,0.231174216,99.64659882,3.165521145,4.165489197,118.3348846,122.8280334,28.48781013,45.34299088,Summer,2
6/12/2028,26.31376457,34.45262146,18.96752357,8.699448586,0.21877718,99.6473999,3.162586212,4.159371376,117.7330246,122.2374115,28.67452621,45.07781982,Summer,2
6/13/2028,26.47714615,34.63103485,19.11369514,8.73144722,0.206473261,99.64810944,3.159574509,4.153214455,117.1610336,121.6789169,28.85961342,44.81416321,Summer,2
6/14/2028,26.63871574,34.80744171,19.25808525,8.762537956,0.194309637,99.64873505,3.15646553,4.146989346,116.6203613,121.1536407,29.04281235,44.55258942,Summer,2
6/15/2028,26.79824829,34.98155975,19.40053177,8.792718887,0.182332292,99.6492691,3.153236389,4.140666485,116.1122513,120.6625824,29.2238636,44.29366302,Summer,2
6/16/2028,26.95551872,35.15309143,19.54087448,8.82199192,0.170585215,99.64972687,3.149866581,4.134215832,115.6379013,120.2065353,29.4025135,44.03794861,Summer,2
6/17/2028,27.11031914,35.32177734,19.67896461,8.850364685,0.159110442,99.65010071,3.146333694,4.127609253,115.1982803,119.7862167,29.57852745,43.78599548,Summer,2
6/18/2028,27.26244354,35.48735046,19.81465721,8.87785244,0.147947639,99.65039063,3.142618179,4.120817661,114.7942734,119.4021301,29.75167274,43.53833008,Summer,2
6/19/2028,27.41170502,35.64958191,19.94782257,8.904477119,0.137133822,99.65060425,3.138700485,4.113814831,114.4265213,119.0546265,29.92173576,43.29548264,Summer,2
6/20/2028,27.55791855,35.80823517,20.07833481,8.930262566,0.126703203,99.65074158,3.134561539,4.106575012,114.0955734,118.7438354,30.0885067,43.05793762,Summer,2
6/21/2028,27.70092392,35.96310043,20.20608139,8.955245972,0.116687194,99.65078735,3.130184174,4.099074364,113.8016586,118.4697189,30.25180244,42.82618713,Summer,2
6/22/2028,27.84057045,36.11399841,20.33096313,8.979464531,0.107113793,99.65075684,3.125554085,4.091291904,113.5449142,118.232048,30.41144943,42.60068512,Summer,2
6/23/2028,27.97672272,36.26075745,20.45289612,9.002966881,0.098007955,99.65063477,3.120657444,4.083209038,113.3251495,118.030365,30.56728935,42.38185883,Summer,2
6/24/2028,28.10926437,36.40322876,20.57179642,9.025803566,0.089391395,99.6504364,3.115482807,4.074808598,113.1420364,117.8639908,30.71918488,42.17011642,Summer,2
6/25/2028,28.23809052,36.54129028,20.68760872,9.048031807,0.081282146,99.65013885,3.110021114,4.066077709,112.9949799,117.7320251,30.86701775,41.96582413,Summer,2
6/26/2028,28.36311531,36.67483521,20.80027962,9.0697155,0.073695347,99.64974976,3.104265213,4.057006836,112.8831558,117.6334381,31.01067734,41.76934814,Summer,2
6/27/2028,28.48427391,36.80379105,20.90977669,9.090923309,0.066642575,99.64926147,3.098211765,4.047588825,112.8055191,117.566925,31.15008736,41.58098221,Summer,2
6/28/2028,28.601511,36.92808533,21.01607132,9.111727715,0.060132142,99.64868927,3.091859341,4.037821293,112.7608337,117.5309753,31.28517151,41.40103149,Summer,2
6/29/2028,28.71479607,37.04767609,21.11916542,9.132205963,0.054169443,99.64801025,3.085208416,4.027703285,112.7475662,117.5239258,31.41588593,41.22974014,Summer,2
6/30/2028,28.82410622,37.16255569,21.21904945,9.152440071,0.048756778,99.64723206,3.07826376,4.017240524,112.7640839,117.5439224,31.54220009,41.06732941,Summer,2
7/1/2028,28.92943764,37.27271652,21.31574631,9.172511101,0.043893628,99.64634705,3.071032047,4.006440639,112.8084412,117.5889816,31.66409492,40.91401672,Summer,2
7/2/2028,29.03080368,37.37817383,21.40927887,9.192509651,0.039576862,99.64536285,3.063522816,3.995314598,112.8786316,117.6568832,31.78156853,40.76995087,Summer,2
7/3/2028,29.12822914,37.47897339,21.49968529,9.212522507,0.035801053,99.64427948,3.055749416,3.983878613,112.9723892,117.7453842,31.89463806,40.63526917,Summer,2
7/4/2028,29.22175217,37.57515335,21.58701515,9.232638359,0.032558382,99.64308929,3.047726154,3.972151756,113.0873337,117.8520508,32.00333405,40.51009369,Summer,2
7/5/2028,29.31142235,37.66678238,21.67132568,9.252951622,0.029839374,99.64179993,3.039471626,3.960156918,113.2209473,117.974411,32.10768509,40.39450073,Summer,2
7/6/2028,29.397295,37.75394058,21.75267982,9.273550987,0.027632948,99.64041138,3.031005859,3.947919846,113.3706512,118.1098557,32.20774841,40.28855896,Summer,2
7/7/2028,29.47944641,37.83671188,21.83115005,9.294525146,0.025926413,99.63892365,3.022352219,3.935469866,113.5337219,118.2557907,32.30358124,40.19230652,Summer,2
7/8/2028,29.55794334,37.91518784,21.90681458,9.315963745,0.024706449,99.63733673,3.013535976,3.922839403,113.7073746,118.4095917,32.39524841,40.10577393,Summer,2
7/9/2028,29.63287544,37.98947906,21.9797554,9.337952614,0.023958752,99.63566589,3.004583836,3.910063982,113.8888702,118.5686264,32.48282242,40.02895355,Summer,2
7/10/2028,29.70432281,38.05968094,22.05005646,9.36057663,0.023668624,99.63391113,2.99552536,3.897181034,114.0754013,118.7302856,32.56637955,39.96183777,Summer,2
7/11/2028,29.77237511,38.12591171,22.11780548,9.38391304,0.023821432,99.63208008,2.986391068,3.884230614,114.2641907,118.891983,32.64599228,39.90440369,Summer,2
7/12/2028,29.83711624,38.18827057,22.18309021,9.408037186,0.024402443,99.63017273,2.977213383,3.871254206,114.4525146,119.0513306,32.72174454,39.85661697,Summer,2
7/13/2028,29.89864159,38.24686432,22.24599838,9.433021545,0.025397586,99.62820435,2.968025208,3.858295202,114.6377335,119.2059021,32.79369736,39.81843185,Summer,2
7/14/2028,29.95703125,38.30179977,22.30661774,9.458928108,0.026793476,99.62617493,2.958861351,3.845398664,114.8172836,119.3534851,32.86193848,39.78981018,Summer,2
7/15/2028,30.01236343,38.35316086,22.36502075,9.485816002,0.02857778,99.62410736,2.949755669,3.832609177,114.9888306,119.4920197,32.92652512,39.77068329,Summer,2
7/16/2028,30.06471443,38.40103912,22.42129135,9.513736725,0.030739287,99.62200165,2.94074297,3.81997323,115.150032,119.6195984,32.98751831,39.76101303,Summer,2
7/17/2028,30.11414909,38.44551849,22.4754982,9.542732239,0.033268329,99.61986542,2.931859493,3.807536602,115.2988892,119.7345123,33.04496765,39.760746,Summer,2
7/18/2028,30.16072845,38.48665237,22.52770424,9.572838783,0.036156684,99.61772156,2.923139095,3.795344591,115.4335022,119.8353119,33.09891891,39.76983643,Summer,2
7/19/2028,30.2045002,38.5245018,22.57795715,9.604084015,0.039398175,99.61557007,2.914615631,3.783442736,115.5522385,119.9207382,33.14939499,39.78823853,Summer,2
7/20/2028,30.24549675,38.5591011,22.62631035,9.636486053,0.042988289,99.61343384,2.906322479,3.771873474,115.653717,119.9898376,33.19641876,39.81591797,Summer,2
7/21/2028,30.28375244,38.59046936,22.67279434,9.670054436,0.046924762,99.6113205,2.898291588,3.760680676,115.7368469,120.0418396,33.23999405,39.85283661,Summer,2
7/22/2028,30.31926537,38.61861801,22.71743393,9.704788208,0.051207166,99.60923767,2.890552998,3.749903679,115.8007202,120.0763397,33.28010559,39.89900208,Summer,2
7/23/2028,30.35204124,38.64352798,22.76023483,9.740679741,0.055837274,99.60720825,2.883136272,3.739581108,115.8448486,120.0932007,33.31673431,39.95438385,Summer,2
7/24/2028,30.38206291,38.66517639,22.80120277,9.777706146,0.060819071,99.60523987,2.876066685,3.729748726,115.8689423,120.0925598,33.34984207,40.01900482,Summer,2
7/25/2028,30.40929794,38.68351364,22.84032249,9.815840721,0.066158436,99.60334778,2.869369984,3.720439672,115.8731232,120.0748291,33.37936401,40.0928688,Summer,2
7/26/2028,30.43370247,38.69848251,22.8775692,9.855044365,0.071863264,99.60153961,2.863067627,3.711683273,115.8577118,120.0407944,33.40523911,40.17599869,Summer,2
7/27/2028,30.45521355,38.70998764,22.91289711,9.89526844,0.077943355,99.59983063,2.857178211,3.703506231,115.8234711,119.9914703,33.42737579,40.26845169,Summer,2
7/28/2028,30.47375679,38.71794128,22.94626236,9.936454773,0.084410258,99.59823608,2.851718903,3.695931435,115.7713699,119.9282074,33.44567871,40.37026978,Summer,2
7/29/2028,30.48924255,38.72222137,22.97759056,9.97853756,0.091277108,99.59677124,2.846703053,3.68897748,115.702713,119.8525925,33.46002579,40.48151398,Summer,2
7/30/2028,30.50157928,38.72270203,23.00680923,10.02143955,0.098558158,99.59542847,2.842140198,3.682660341,115.6191483,119.7664948,33.47029495,40.60225677,Summer,2
7/31/2028,30.51063919,38.71923447,23.03382111,10.06507683,0.106269218,99.59423828,2.838038445,3.676989794,115.5226288,119.672081,33.47634125,40.73258209,Summer,2
8/1/2028,30.51630783,38.71166611,23.05854034,10.10935688,0.114426538,99.59320831,2.834400654,3.671973705,115.4152985,119.5717316,33.47802353,40.87257385,Summer,2
8/2/2028,30.51844025,38.69982529,23.08084106,10.15417862,0.123047315,99.59233093,2.831227779,3.66761446,115.2995834,119.4680252,33.47517395,41.02233124,Summer,2
8/3/2028,30.51690102,38.68354034,23.10060692,10.19943905,0.132148743,99.59163666,2.828516483,3.663909674,115.1782379,119.3637619,33.46762466,41.18194199,Summer,2
8/4/2028,30.51153755,38.66261673,23.11770821,10.24502087,0.141748115,99.59111023,2.826260567,3.660854101,115.0541229,119.2619095,33.4552002,41.35150909,Summer,2
8/5/2028,30.50219345,38.63687897,23.13201141,10.29080582,0.151862547,99.59077454,2.824450493,3.658437729,114.9303589,119.1656265,33.43772125,41.5311203,Summer,2
8/6/2028,30.48870468,38.60612869,23.14337349,10.33667088,0.16250813,99.59062958,2.82307291,3.656646252,114.8101883,119.0780792,33.41500473,41.72088242,Summer,2
8/7/2028,30.47091484,38.57017136,23.15164185,10.38248825,0.173700273,99.59067535,2.82211256,3.655461311,114.6970215,119.0026703,33.38687515,41.92086792,Summer,2
8/8/2028,30.44865227,38.52882385,23.15667343,10.42812538,0.1854527,99.59091949,2.821549892,3.654861689,114.594368,118.9427795,33.3531456,42.13116074,Summer,2
8/9/2028,30.4217701,38.48189545,23.15831375,10.47344971,0.197777674,99.59135437,2.821363449,3.654821634,114.5058289,118.901825,33.31364822,42.35181427,Summer,2
8/10/2028,30.39010239,38.42921066,23.15641403,10.51832008,0.210685343,99.59199524,2.821528435,3.655312061,114.4349747,118.8832397,33.26820374,42.58288956,Summer,2
8/11/2028,30.35350418,38.37060165,23.15082169,10.5626049,0.22418341,99.59283447,2.822018147,3.656301498,114.3855057,118.8904114,33.21665955,42.82440948,Summer,2
8/12/2028,30.31183243,38.3059082,23.14139748,10.60616207,0.238277048,99.59386444,2.822803497,3.657754421,114.3609772,118.9266815,33.15885925,43.07639313,Summer,2
8/13/2028,30.26495743,38.2349968,23.12799072,10.64885807,0.252968222,99.59509277,2.823852062,3.65963459,114.364975,118.9952774,33.09467316,43.33881378,Summer,2
8/14/2028,30.21275139,38.15773392,23.11047745,10.69055557,0.268255919,99.59651184,2.82513237,3.661902189,114.4009171,119.0992813,33.02397156,43.61164093,Summer,2
8/15/2028,30.15512085,38.07402039,23.08872604,10.73112106,0.284135431,99.59811401,2.826609135,3.664515495,114.4721756,119.2416534,32.94665527,43.89479828,Summer,2
8/16/2028,30.09196854,37.98377228,23.06262398,10.77042484,0.300598562,99.59989929,2.82824707,3.66743207,114.5818787,119.4251785,32.86262894,44.18818665,Summer,2
8/17/2028,30.02322578,37.88692856,23.03206444,10.80833912,0.317633003,99.60186005,2.830008984,3.670608282,114.7330475,119.6523361,32.77183914,44.49167252,Summer,2
8/18/2028,29.94883537,37.7834549,22.99695587,10.84474373,0.335222453,99.60398865,2.831859112,3.673998833,114.928421,119.9254379,32.67423248,44.8050766,Summer,2
8/19/2028,29.86876488,37.67333603,22.9572258,10.8795166,0.353346586,99.60627747,2.833757877,3.677558899,115.1705399,120.2465515,32.56980133,45.12820435,Summer,2
8/20/2028,29.78300858,37.55659866,22.91280556,10.91255093,0.371980608,99.60871887,2.835669518,3.681243896,115.4616394,120.6174393,32.45853806,45.46079254,Summer,2
8/21/2028,29.69157028,37.43328094,22.86364937,10.94373894,0.391095698,99.61131287,2.837556362,3.685008049,115.8037033,121.0394897,32.34048462,45.80255508,Summer,2
8/22/2028,29.59449005,37.30347443,22.80973434,10.9729805,0.410658509,99.61403656,2.839382172,3.688808918,116.198349,121.5138626,32.21569443,46.15316772,Summer,2
8/23/2028,29.49182129,37.1672821,22.75104332,11.00018501,0.430631548,99.61689758,2.841110706,3.692602634,116.6468658,122.0413589,32.0842514,46.51225662,Summer,2
8/24/2028,29.38364983,37.02483368,22.68758965,11.02526951,0.450973153,99.61987305,2.842707634,3.696347713,117.1502609,122.6224518,31.9462719,46.87940216,Summer,2
8/25/2028,29.27008057,36.87630844,22.6193924,11.04815578,0.471637607,99.62296295,2.844141006,3.700005293,117.7091751,123.257225,31.80189896,47.25415039,Summer,2
8/26/2028,29.15125084,36.72190094,22.54650497,11.06877613,0.492575377,99.62615204,2.845378399,3.703537703,118.3238373,123.9454117,31.65129662,47.63599777,Summer,2
8/27/2028,29.02730942,36.56183624,22.4689827,11.08706951,0.513733089,99.62944031,2.846390724,3.706909657,118.9941254,124.6864929,31.49465942,48.02441025,Summer,2
8/28/2028,28.89843941,36.39638519,22.38692093,11.10298347,0.535054207,99.6328125,2.847151756,3.710089207,119.7195816,125.4794998,31.33221436,48.41880417,Summer,2
8/29/2028,28.76483917,36.22581482,22.30041313,11.11647606,0.556478679,99.63626099,2.847635269,3.713046074,120.4993362,126.3231354,31.16419983,48.81856537,Summer,2
8/30/2028,28.62673759,36.05044556,22.20958328,11.12751102,0.577943981,99.63977814,2.847820759,3.715754509,121.3322601,127.2158432,30.99089432,49.22303772,Summer,2
8/31/2028,28.48437119,35.87060547,22.11457443,11.13606167,0.599385023,99.64335632,2.847688198,3.718191385,122.2167358,128.1557159,30.81258965,49.63153458,Summer,2
9/1/2028,28.3380127,35.6866684,22.01553726,11.14210892,0.620734215,99.64699554,2.847220898,3.720336914,123.1509705,129.1405487,30.6295948,50.04334259,Autumn,3
9/2/2028,28.18793297,35.49898529,21.91264343,11.14564133,0.641922891,99.65068054,2.846405029,3.722174883,124.1327438,130.1678314,30.44224739,50.45771408,Autumn,3
9/3/2028,28.03443336,35.30797577,21.80607605,11.14665604,0.66288048,99.65441895,2.845230579,3.723693609,125.1595612,131.2348633,30.25089073,50.87387848,Autumn,3
9/4/2028,27.87781525,35.11402512,21.69604111,11.14515591,0.683536112,99.65818787,2.843690872,3.724883795,126.2286835,132.3386993,30.05589294,51.29104996,Autumn,3
9/5/2028,27.71840668,34.91756439,21.58274269,11.14115143,0.703818142,99.6619873,2.841780663,3.725741148,127.3371735,133.4761658,29.85762596,51.70841217,Autumn,3
9/6/2028,27.55653,34.71902466,21.46640396,11.13465881,0.723655283,99.66581726,2.83949995,3.726264238,128.4817657,134.6439514,29.65647507,52.12514496,Autumn,3
9/7/2028,27.39252281,34.51883698,21.34725571,11.12570286,0.742976725,99.66967773,2.836850166,3.726455212,129.6591034,135.8385925,29.45283127,52.54042816,Autumn,3
9/8/2028,27.22672462,34.31742859,21.22553253,11.11430836,0.76171273,99.6735611,2.833837032,3.72632122,130.8656158,137.0565491,29.24709129,52.95341873,Autumn,3
9/9/2028,27.05946922,34.11524963,21.10147095,11.1005106,0.77979517,99.67745972,2.830468178,3.725871086,132.0976563,138.2942047,29.03964233,53.36328888,Autumn,3
9/10/2028,26.89109802,33.91272736,20.975317,11.08434582,0.797157705,99.68138123,2.826756001,3.725118876,133.3514709,139.5478668,28.83088684,53.769207,Autumn,3
9/11/2028,26.72194862,33.71027374,20.84731674,11.06585312,0.813737035,99.68531799,2.822713852,3.724080801,134.6233063,140.8139038,28.62120628,54.17035675,Autumn,3
9/12/2028,26.55234146,33.50831604,20.71771049,11.04507828,0.829472005,99.68927002,2.818358421,3.722775698,135.909317,142.0886993,28.41097832,54.56593704,Autumn,3
9/13/2028,26.38259506,33.30724335,20.58673477,11.02206612,0.844305694,99.6932373,2.813710213,3.721226931,137.20578,143.3687134,28.20057106,54.95516205,Autumn,3
9/14/2028,26.2130127,33.10743713,20.45462799,10.99686527,0.858184338,99.69721985,2.808789253,3.719458342,138.5089417,144.6504974,27.99033737,55.33726883,Autumn,3
9/15/2028,26.04388237,32.90925598,20.3216095,10.96952438,0.871058762,99.70121765,2.803620815,3.717498779,139.8152618,145.9308014,27.78061676,55.71152115,Autumn,3
9/16/2028,25.87548256,32.71303177,20.18789864,10.9400959,0.882884085,99.70522308,2.798230171,3.715376854,141.1212311,147.206543,27.57172585,56.07723618,Autumn,3
9/17/2028,25.70806122,32.51908112,20.0537014,10.9086256,0.893620431,99.70923615,2.792644501,3.713123798,142.4235992,148.4747314,27.36395645,56.43373871,Autumn,3
9/18/2028,25.54184914,32.3276825,19.91921234,10.87516689,0.903232932,99.71327209,2.786893845,3.710772991,143.7192383,149.7327728,27.15758514,56.78041077,Autumn,3
9/19/2028,25.37705803,32.13908005,19.78460693,10.83976841,0.911692441,99.71730804,2.781008244,3.708359241,145.0053406,150.9782562,26.95285416,57.11667633,Autumn,3
9/20/2028,25.21386337,31.95349884,19.65004539,10.80247498,0.918975055,99.72135925,2.775019169,3.70591712,146.2793121,152.2091064,26.74997711,57.44200897,Autumn,3
9/21/2028,25.0524292,31.77111435,19.51566887,10.76333523,0.925063014,99.72541809,2.768958569,3.703482866,147.5388184,153.4234619,26.54914474,57.75592804,Autumn,3
9/22/2028,24.89287567,31.59207535,19.38160896,10.72239304,0.929944158,99.72948456,2.762859821,3.701093435,148.7819519,154.6198883,26.35051727,58.05802536,Autumn,3
9/23/2028,24.73530579,31.41648865,19.24796486,10.6796875,0.933612585,99.73355103,2.756755829,3.698783875,150.0070038,155.7972565,26.15420914,58.34792328,Autumn,3
9/24/2028,24.57978249,31.2444191,19.11482239,10.63525867,0.936068118,99.73762512,2.75067997,3.696592331,151.2127075,156.9548187,25.9603157,58.62532043,Autumn,3
9/25/2028,24.42634964,31.07590485,18.9822464,10.5891428,0.937317014,99.74169922,2.744665146,3.694553614,152.3981171,158.0921021,25.76889992,58.88996506,Autumn,3
9/26/2028,24.27500534,30.91093254,18.85027122,10.5413723,0.937371016,99.74575806,2.738743782,3.692703009,153.5626831,159.2091217,25.57997704,59.14168167,Autumn,3
9/27/2028,24.12573051,30.74946213,18.71891975,10.49197674,0.936248004,99.74981689,2.73294878,3.691075563,154.7061615,160.3061676,25.39354324,59.38035202,Autumn,3
9/28/2028,23.97847366,30.59140015,18.58819008,10.44098377,0.933971405,99.75386047,2.727310181,3.689702988,155.8288269,161.3839874,25.20955086,59.60591125,Autumn,3
9/29/2028,23.83314514,30.43663216,18.45805168,10.38841438,0.930570424,99.75788116,2.721859455,3.688618183,156.9311829,162.4435577,25.02792358,59.81836319,Autumn,3
9/30/2028,23.68963242,30.28499603,18.32845879,10.33429241,0.926079214,99.76187897,2.71662426,3.687850475,158.0142059,163.4863129,24.84855843,60.01777267,Autumn,3
10/1/2028,23.54779625,30.13630295,18.19934082,10.27863407,0.920537114,99.76583862,2.711633205,3.687427521,159.0791626,164.5139771,24.67131615,60.20428085,Autumn,3
10/2/2028,23.4074688,29.99032402,18.07061005,10.22145367,0.913987935,99.76976013,2.706912518,3.687376499,160.1277161,165.5285645,24.49603081,60.37806702,Autumn,3
10/3/2028,23.26845551,29.84681129,17.94215775,10.1627636,0.906480193,99.77363586,2.702486038,3.687721491,161.1618042,166.5324402,24.32250977,60.53937912,Autumn,3
10/4/2028,23.13054466,29.70547485,17.81385612,10.10257626,0.898066044,99.77745056,2.698376656,3.688483715,162.1837463,167.5281677,24.15053177,60.68852997,Autumn,3
10/5/2028,22.99349976,29.56601334,17.68556023,10.04090023,0.888801515,99.78118896,2.694604874,3.689682722,163.1960754,168.5186157,23.97986412,60.82586288,Autumn,3
10/6/2028,22.85706329,29.42809486,17.55711365,9.977741241,0.878745496,99.7848587,2.691189766,3.691336155,164.2016296,169.5068665,23.81023979,60.95179749,Autumn,3
10/7/2028,22.72096825,29.29136848,17.42834473,9.913107872,0.867959738,99.78843689,2.688148499,3.693458319,165.2034302,170.4960632,23.64138603,61.06678772,Autumn,3
10/8/2028,22.58493233,29.15547371,17.29906273,9.84700489,0.856508255,99.79192352,2.685495377,3.696062088,166.2047119,171.4896393,23.47301102,61.1713295,Autumn,3
10/9/2028,22.4486618,29.02002907,17.16908264,9.779439926,0.844456851,99.79529572,2.683242798,3.699156761,167.2088776,172.4910736,23.30481148,61.26596832,Autumn,3
10/10/2028,22.31185722,28.884655,17.03819656,9.710418701,0.831872404,99.79854584,2.68140173,3.702749252,168.2194366,173.5038605,23.13647842,61.35127258,Autumn,3
10/11/2028,22.17420959,28.74895859,16.90620422,9.639949799,0.81882304,99.80167389,2.679980278,3.706845284,169.2399597,174.531601,22.96769333,61.42786407,Autumn,3
10/12/2028,22.03541374,28.61255455,16.77289009,9.568041801,0.805376947,99.80465698,2.678985119,3.711447001,170.2741089,175.5778656,22.79814529,61.49636841,Autumn,3
10/13/2028,21.8951683,28.47504616,16.63805008,9.494707108,0.791602254,99.80749512,2.678420067,3.71655488,171.3254852,176.6461639,22.62751579,61.55744553,Autumn,3
10/14/2028,21.75317383,28.33606339,16.50147057,9.419960022,0.777566493,99.81017303,2.678287506,3.722166777,172.3977356,177.7398834,22.45549393,61.61177826,Autumn,3
10/15/2028,21.60913849,28.19522667,16.36295128,9.343816757,0.763336122,99.81268311,2.67858839,3.728279114,173.4943237,178.8623199,22.28178215,61.66004944,Autumn,3
10/16/2028,21.46277809,28.05218124,16.22228813,9.266300201,0.74897629,99.81502533,2.679320812,3.734885693,174.6186371,180.0166016,22.10609055,61.70297241,Autumn,3
10/17/2028,21.31383133,27.90658379,16.07929802,9.187434196,0.734550297,99.81717682,2.680481911,3.741978407,175.773941,181.205658,21.92814064,61.74123764,Autumn,3
10/18/2028,21.16204262,27.7581234,15.93379879,9.10724926,0.720118701,99.81915283,2.682066441,3.749548435,176.9632568,182.4320679,21.74767876,61.77555466,Autumn,3
10/19/2028,21.0071888,27.60649681,15.78562832,9.025780678,0.705740154,99.82093048,2.684068203,3.757584095,178.1893616,183.6983185,21.56446838,61.80662155,Autumn,3
10/20/2028,20.84905624,27.45144463,15.63463688,8.943067551,0.691469789,99.8225174,2.686480045,3.766073465,179.4547577,185.006424,21.37829399,61.83512115,Autumn,3
10/21/2028,20.68746758,27.29271889,15.48068905,8.859157562,0.677359939,99.82390594,2.689291954,3.77500248,180.7617035,186.3581848,21.18896484,61.86174011,Autumn,3
10/22/2028,20.52226067,27.13011551,15.32367229,8.774100304,0.663458884,99.82509613,2.692494392,3.784356356,182.1120758,187.7548981,20.99632835,61.88711929,Autumn,3
10/23/2028,20.35330772,26.96346283,15.16348934,8.687955856,0.649811864,99.82610321,2.696075916,3.794119835,183.5073547,189.1976013,20.8002491,61.9119072,Autumn,3
10/24/2028,20.18051338,26.79262543,15.00007534,8.600787163,0.636459589,99.82691193,2.700023651,3.804275274,184.9487,190.6868591,20.60062599,61.93670273,Autumn,3
10/25/2028,20.00380707,26.61750221,14.8333807,8.512664795,0.623439014,99.82754517,2.704325199,3.8148067,186.4368591,192.2228699,20.39739799,61.96209335,Autumn,3
10/26/2028,19.82315636,26.43803024,14.66338253,8.423667908,0.610782921,99.8279953,2.708967209,3.825695276,187.9720917,193.8053284,20.19052887,61.98862076,Autumn,3
10/27/2028,19.63856125,26.25419617,14.49008274,8.333878517,0.598519802,99.82827759,2.713934898,3.836923599,189.5542908,195.4335327,19.98002434,62.01680756,Autumn,3
10/28/2028,19.45005035,26.06601334,14.31350803,8.243386269,0.586673737,99.82840729,2.719213486,3.848472834,191.1828918,197.1063232,19.76592064,62.04711533,Autumn,3
10/29/2028,19.25769806,25.87354851,14.13371563,8.152289391,0.575264871,99.82839966,2.724787235,3.86032486,192.8568573,198.8221436,19.54829025,62.07999039,Autumn,3
10/30/2028,19.06160164,25.67689514,13.95078754,8.060688972,0.564308763,99.82826233,2.730642319,3.872461081,194.574707,200.5788879,19.32724571,62.11582565,Autumn,3
10/31/2028,18.86189842,25.4761982,13.76483059,7.968691826,0.553817093,99.82801056,2.736762047,3.884861946,196.3345337,202.3741608,19.10292435,62.15497589,Autumn,3
11/1/2028,18.65875626,25.27163506,13.57598209,7.876411438,0.543797493,99.82767487,2.743130684,3.89751029,198.1339722,204.2050018,18.87550926,62.19775009,Autumn,3
11/2/2028,18.4523735,25.06341934,13.38439846,7.783966064,0.534253597,99.82726288,2.749733448,3.910386562,199.9702301,206.0682068,18.64520836,62.24441528,Autumn,3
11/3/2028,18.24298668,24.85180283,13.19027233,7.691476822,0.525185525,99.82681274,2.756554604,3.923474073,201.8401337,207.9600525,18.41226959,62.2951889,Autumn,3
11/4/2028,18.03085518,24.63707924,12.99380684,7.599070549,0.51658988,99.82633209,2.763578415,3.936753988,203.740097,209.8765411,18.17695808,62.35024643,Autumn,3
11/5/2028,17.81626892,24.41956329,12.79523945,7.506875992,0.508459806,99.82585907,2.770789623,3.950209856,205.6661377,211.813324,17.93958092,62.409729,Autumn,3
11/6/2028,17.59954262,24.19959831,12.59482574,7.415026665,0.500785947,99.82541656,2.778173923,3.963823318,207.6140289,213.7657623,17.70046234,62.47371674,Autumn,3
11/7/2028,17.38101196,23.97756195,12.39283943,7.323655128,0.493555784,99.82502747,2.785715103,3.977578163,209.5791016,215.7289276,17.45995331,62.54226685,Autumn,3
11/8/2028,17.16103935,23.75385284,12.18957233,7.232895851,0.486754566,99.82472229,2.793399811,3.991457939,211.5565338,217.6976776,17.21842575,62.61538315,Autumn,3
11/9/2028,16.94000244,23.52889061,11.98533916,7.142886162,0.480365515,99.82453918,2.801213741,4.005445957,213.541214,219.666748,16.97626877,62.6930275,Autumn,3
11/10/2028,16.71829605,23.30311203,11.78046131,7.053760529,0.474369884,99.82450104,2.809142113,4.019526958,215.527832,221.6305695,16.73388863,62.77514267,Autumn,3
11/11/2028,16.49632645,23.07696533,11.57527351,6.965653419,0.468747705,99.82463074,2.817171574,4.033684731,217.5108795,223.5836639,16.49170303,62.86161423,Autumn,3
11/12/2028,16.27450752,22.85091209,11.37012386,6.878697395,0.463477522,99.82497406,2.825288296,4.047903538,219.4848328,225.52034,16.25013924,62.95230484,Autumn,3
11/13/2028,16.05326271,22.62542343,11.16536999,6.793022156,0.458537251,99.82554626,2.833479404,4.062168598,221.4440155,227.4349823,16.0096302,63.04704666,Autumn,3
11/14/2028,15.83301926,22.40096474,10.96136284,6.708755493,0.453904331,99.8263855,2.841731071,4.076464176,223.3826904,229.3218994,15.77061081,63.14564514,Autumn,3
11/15/2028,15.61420822,22.17801285,10.7584734,6.626019478,0.449555814,99.82751465,2.850031376,4.090774536,225.2952423,231.1755676,15.53351974,63.24787903,Autumn,3
11/16/2028,15.39724827,21.95703316,10.55705452,6.544931412,0.445468962,99.82896423,2.858366489,4.105084896,227.1760254,232.9905701,15.29878235,63.35350418,Autumn,3
11/17/2028,15.18256092,21.73848724,10.35746861,6.465602875,0.441621304,99.83074951,2.866724491,4.119380474,229.019577,234.7615967,15.06682873,63.46225357,Autumn,3
11/18/2028,14.97055435,21.52281952,10.16007137,6.388140678,0.437991023,99.83290863,2.875092983,4.133644581,230.8204651,236.4835663,14.83807087,63.57385254,Autumn,3
11/19/2028,14.76162815,21.31046677,9.965202332,6.312643051,0.43455717,99.83544922,2.883458614,4.147861958,232.5735779,238.1516266,14.61291218,63.68799591,Autumn,3
11/20/2028,14.55616474,21.1018486,9.77320385,6.239201546,0.431299806,99.83840179,2.891809464,4.162016869,234.273941,239.7612305,14.39173698,63.80439377,Autumn,3
11/21/2028,14.35453224,20.89735794,9.584397316,6.167898655,0.428200364,99.84178162,2.900132656,4.176092625,235.9169159,241.308136,14.17491055,63.92272186,Autumn,3
11/22/2028,14.15707397,20.69737244,9.399091721,6.098809719,0.42524159,99.84559631,2.908415794,4.190073013,237.4981079,242.7883759,13.96278286,64.04266357,Autumn,3
11/23/2028,13.96411705,20.50223923,9.217577934,6.031999588,0.422407985,99.84986877,2.916646957,4.203941345,239.0135345,244.1984711,13.75567532,64.16389465,Autumn,3
11/24/2028,13.77595615,20.31227684,9.040133476,5.967523575,0.419685662,99.85459137,2.924812794,4.217680454,240.4594727,245.5352936,13.5538826,64.28610229,Autumn,3
11/25/2028,13.59287167,20.1277771,8.867009163,5.905429363,0.417062342,99.85978699,2.932900906,4.231272697,241.8327332,246.7961426,13.35767746,64.40895081,Autumn,3
11/26/2028,13.41510582,19.94900131,8.698438644,5.845751762,0.414528012,99.86544037,2.940897942,4.244700432,243.1304321,247.9787445,13.16729736,64.53213501,Autumn,3
11/27/2028,13.24287605,19.77616882,8.534626961,5.788516998,0.412074089,99.87156677,2.948792458,4.257945538,244.3502197,249.0813446,12.98295689,64.65531921,Autumn,3
11/28/2028,13.07637024,19.609478,8.375762939,5.733740807,0.409694314,99.87814331,2.956570148,4.270989418,245.490097,250.1025696,12.80482864,64.77824402,Autumn,3
11/29/2028,12.91574097,19.44908142,8.221999168,5.681427956,0.407383919,99.88517761,2.964219093,4.28381443,246.5486755,251.0416565,12.63306522,64.90057373,Autumn,3
11/30/2028,12.76111031,19.29509735,8.073471069,5.631574631,0.405140102,99.89263916,2.971725941,4.296400547,247.5249176,251.8981934,12.46777725,65.02204132,Autumn,3
12/1/2028,12.61257458,19.14762115,7.930280685,5.584164619,0.40296185,99.90052795,2.979077816,4.308729649,248.4183044,252.6723022,12.3090477,65.14237976,Winter,0
12/2/2028,12.47019005,19.00668907,7.792509079,5.539172173,0.4008497,99.90882111,2.986262321,4.320782661,249.2288361,253.364624,12.1569252,65.26132202,Winter,0
12/3/2028,12.33398342,18.8723259,7.66020298,5.496563911,0.398805678,99.9174881,2.993266106,4.332540512,249.956955,253.9762115,12.01142693,65.37863159,Winter,0
12/4/2028,12.20395184,18.74450684,7.533389091,5.456296444,0.39683333,99.92650604,3.000077248,4.343985081,250.6035461,254.5085754,11.87253571,65.49406433,Winter,0
12/5/2028,12.08006191,18.62318802,7.412057877,5.418313503,0.394937158,99.93583679,3.00668335,4.355097771,251.1700439,254.9636688,11.74020767,65.60740662,Winter,0
12/6/2028,11.96224785,18.50827408,7.296185493,5.382556438,0.393122911,99.94545746,3.013072491,4.365861416,251.6582184,255.3439178,11.61436653,65.71846008,Winter,0
12/7/2028,11.85041904,18.39966011,7.185710907,5.348955154,0.391397208,99.9553299,3.019233704,4.376256943,252.0703125,255.6520691,11.49490929,65.827034,Winter,0
12/8/2028,11.74445724,18.29720116,7.080557823,5.31743288,0.389767259,99.96540833,3.025154591,4.386269569,252.4089966,255.8912201,11.38170815,65.93295288,Winter,0
12/9/2028,11.64421749,18.20072746,6.980619431,5.28790617,0.388240606,99.9756546,3.030826092,4.395881653,252.6771545,256.0648499,11.27460766,66.03605652,Winter,0
12/10/2028,11.54953575,18.11004639,6.885773659,5.260286331,0.386825264,99.98602295,3.036237717,4.405078888,252.8781891,256.1767578,11.17343521,66.13618469,Winter,0
12/11/2028,11.4602232,18.02495193,6.795870781,5.234478951,0.38552916,99.99646759,3.041380882,4.413847923,253.0157623,256.2309265,11.07799053,66.23323059,Winter,0
12/12/2028,11.37607384,17.94520569,6.710749626,5.210383892,0.384360164,100.0069351,3.046246052,4.422174931,253.0937347,256.2315979,10.98806095,66.32704163,Winter,0
12/13/2028,11.29686928,17.87055969,6.630226135,5.18789959,0.383325636,100.0173798,3.050827503,4.430050373,253.1162109,256.1832275,10.90341854,66.41752625,Winter,0
12/14/2028,11.22237206,17.80075455,6.55410862,5.166920662,0.382432491,100.0277557,3.055118084,4.43746233,253.0876007,256.0903931,10.82382298,66.50456238,Winter,0
12/15/2028,11.15233707,17.73552513,6.482182503,5.147338867,0.381686926,100.038002,3.059113026,4.444404125,253.0122833,255.9577789,10.74902058,66.5880661,Winter,0
12/16/2028,11.08650494,17.67458725,6.414227486,5.129045486,0.381094187,100.0480652,3.06280756,4.450868607,252.8949432,255.7901001,10.67875385,66.66794586,Winter,0
12/17/2028,11.02462196,17.61765671,6.350021362,5.111932278,0.380658507,100.0579071,3.066199303,4.456851006,252.7401886,255.5921173,10.61275864,66.74412537,Winter,0
12/18/2028,10.96642113,17.56446075,6.28932476,5.095888615,0.380382866,100.0674591,3.069286823,4.462349415,252.5527191,255.3686523,10.55077267,66.81651306,Winter,0
12/19/2028,10.91163921,17.51470566,6.231898308,5.08080864,0.380268961,100.076683,3.072069645,4.467362881,252.3371887,255.1242828,10.49252987,66.88505554,Winter,0
12/20/2028,10.86001492,17.4681263,6.177504539,5.066584587,0.380317152,100.0855255,3.074549198,4.471892834,252.0982819,254.8635864,10.43776798,66.94967651,Winter,0
12/21/2028,10.81129074,17.42444229,6.125899315,5.053114891,0.380526185,100.0939407,3.076728821,4.475942612,251.8404083,254.5910034,10.38623619,67.01031494,Winter,0
12/22/2028,10.76521397,17.38339996,6.076847076,5.040299416,0.38089332,100.1018753,3.078611851,4.47951889,251.5681,254.3108063,10.33768845,67.0668869,Winter,0
12/23/2028,10.72154522,17.34474945,6.030116081,5.028042316,0.381414264,100.1092911,3.08020401,4.482628822,251.2854614,254.0269775,10.29188633,67.11935425,Winter,0
12/24/2028,10.68005943,17.30825806,5.985478401,5.016253471,0.382083178,100.1161423,3.081513405,4.485282898,250.996582,253.7433014,10.24860668,67.16763306,Winter,0
12/25/2028,10.64053345,17.27370453,5.942717552,5.00484705,0.382892489,100.1223984,3.082547665,4.487494469,250.7052155,253.4632874,10.20764446,67.21166229,Winter,0
12/26/2028,10.60276985,17.24089622,5.901622772,4.993742466,0.383833408,100.1280212,3.083317757,4.489276886,250.414917,253.1901855,10.16880512,67.25138855,Winter,0
12/27/2028,10.56658745,17.20964813,5.862002373,4.982868195,0.384895474,100.1329727,3.083834648,4.490647793,250.12883,252.9267578,10.13191605,67.28672791,Winter,0
12/28/2028,10.5318203,17.17980766,5.823676109,4.972155571,0.386066794,100.1372375,3.084112644,4.491625786,249.8499756,252.6756287,10.09682178,67.31761169,Winter,0
12/29/2028,10.49831867,17.15123749,5.786474228,4.961545944,0.387334466,100.1407852,3.084164619,4.492231369,249.5807953,252.4389191,10.06338787,67.34397888,Winter,0
12/30/2028,10.46595955,17.12382507,5.750248909,4.950986862,0.388684303,100.1435928,3.084006786,4.492486954,249.3236389,252.2183838,10.03149891,67.3657608,Winter,0
12/31/2028,10.43464279,17.09748077,5.714866638,4.940432549,0.390101194,100.1456528,3.083656311,4.492416382,249.0802612,252.0154724,10.00106716,67.38286591,Winter,0
1/1/2029,10.40428162,17.07213593,5.680211067,4.92984724,0.391569227,100.1469574,3.08313036,4.492046356,248.8522034,251.831131,9.972023964,67.3952179,Winter,0
1/2/2029,10.37481785,17.0477581,5.646191597,4.919200897,0.39307183,100.1474915,3.082448006,4.491402626,248.6405334,251.6660004,9.944317818,67.402771,Winter,0
1/3/2029,10.3462162,17.02432632,5.612724304,4.908470631,0.394591987,100.1472549,3.081628799,4.490514278,248.4459839,251.52034,9.917923927,67.40541077,Winter,0
1/4/2029,10.31845665,17.00184631,5.579758644,4.897643089,0.396112531,100.1462555,3.080693245,4.489409924,248.2688904,251.3939209,9.892839432,67.4030838,Winter,0
1/5/2029,10.29155254,16.98034859,5.547252655,4.886712074,0.397616237,100.1445084,3.079661846,4.488119602,248.1092224,251.2862244,9.869082451,67.39572144,Winter,0
1/6/2029,10.26552105,16.95988464,5.515192986,4.875677586,0.399086058,100.1420135,3.078556061,4.486673355,247.9665985,251.1964264,9.846692085,67.38323975,Winter,0
1/7/2029,10.24041653,16.94052505,5.483577728,4.864547729,0.400505453,100.1387939,3.077396393,4.4851017,247.84021,251.1231689,9.825725555,67.3655777,Winter,0
1/8/2029,10.21630383,16.92236519,5.452427864,4.853337288,0.40185836,100.1348801,3.076206207,4.483434677,247.7290497,251.0649567,9.806257248,67.34268188,Winter,0
1/9/2029,10.19326782,16.90550613,5.421779633,4.842066765,0.403129846,100.1302872,3.075004578,4.481703281,247.6316528,251.0199127,9.788379669,67.31448364,Winter,0
1/10/2029,10.17141056,16.89008141,5.391692162,4.830763817,0.404305786,100.1250458,3.073813915,4.479937553,247.5463715,250.9858704,9.772203445,67.28094482,Winter,0
1/11/2029,10.15084362,16.87622452,5.362235069,4.819460869,0.405373275,100.119194,3.072654724,4.478166103,247.4711609,250.960434,9.757846832,67.24201965,Winter,0
1/12/2029,10.13169956,16.86408997,5.333491325,4.808196068,0.406321198,100.1127701,3.071546555,4.476416588,247.4039154,250.9410248,9.745444298,67.19768524,Winter,0
1/13/2029,10.11411572,16.85383797,5.305567741,4.797011375,0.407139748,100.1058121,3.070508957,4.474716663,247.3421173,250.9248047,9.735138893,67.1479187,Winter,0
1/14/2029,10.09824944,16.84563446,5.278570175,4.785953045,0.407821119,100.0983658,3.069559574,4.473091125,247.2832031,250.9088287,9.72708416,67.0927124,Winter,0
1/15/2029,10.08425236,16.83966064,5.252630234,4.775071144,0.40835923,100.0904694,3.068716526,4.471564293,247.2243958,250.8900146,9.721437454,67.0320816,Winter,0
1/16/2029,10.07229137,16.83609009,5.22787571,4.764418602,0.408750206,100.0821838,3.067994595,4.470157623,247.1628265,250.8651886,9.718356133,66.96603394,Winter,0
1/17/2029,10.06253052,16.83510971,5.204452515,4.754048824,0.408992261,100.073555,3.067408562,4.468890667,247.0954895,250.8311615,9.718006134,66.89460754,Winter,0
1/18/2029,10.05514431,16.83689117,5.182504654,4.744019985,0.409085751,100.0646362,3.066971302,4.467781544,247.0194244,250.784668,9.720550537,66.81786346,Winter,0
1/19/2029,10.05029869,16.84161568,5.162183762,4.734389305,0.409033477,100.0554733,3.06669426,4.466845989,246.9315643,250.7225037,9.726151466,66.73584747,Winter,0
1/20/2029,10.04816055,16.84944916,5.143647194,4.725214958,0.408840239,100.0461197,3.066586971,4.466095448,246.8288574,250.6414795,9.73496151,66.64867401,Winter,0
1/21/2029,10.04889202,16.86056137,5.127051353,4.716553688,0.408513457,100.0366364,3.066657066,4.465539455,246.7083588,250.5386047,9.747136116,66.55641174,Winter,0
1/22/2029,10.0526495,16.87509918,5.112547874,4.708465099,0.408062369,100.0270615,3.06690979,4.465186596,246.567215,250.4108429,9.762814522,66.45921326,Winter,0
1/23/2029,10.05957985,16.89321518,5.100293159,4.701003075,0.407498807,100.0174637,3.067349434,4.465040684,246.4025726,250.2554169,9.782131195,66.35719299,Winter,0
1/24/2029,10.06982327,16.91503334,5.090434074,4.69422245,0.40683645,100.0078888,3.067977428,4.465103626,246.2118683,250.0696716,9.805206299,66.2505188,Winter,0
1/25/2029,10.08350468,16.94067383,5.083114624,4.688173771,0.406090885,99.99838257,3.06879425,4.465373039,245.9925232,249.8511963,9.832150459,66.13934326,Winter,0
1/26/2029,10.10074425,16.97024155,5.078472137,4.682909012,0.405279845,99.98899841,3.069797516,4.465845585,245.7423859,249.5977783,9.863059044,66.02388,Winter,0
1/27/2029,10.12163448,17.0038147,5.076637268,4.678472519,0.404422402,99.97976685,3.070982933,4.466514111,245.4593048,249.3074493,9.898014069,65.90431976,Winter,0
1/28/2029,10.14626789,17.04146767,5.077723503,4.674906731,0.40353924,99.9707489,3.072344303,4.46736908,245.1414185,248.9785461,9.937078476,65.78088379,Winter,0
1/29/2029,10.174716,17.08324432,5.081843376,4.672251225,0.402652353,99.96196747,3.073873997,4.468398094,244.7872314,248.6096191,9.980298042,65.65380859,Winter,0
1/30/2029,10.20702839,17.12918472,5.089092255,4.67054081,0.401784778,99.95347595,3.075562477,4.469586372,244.395401,248.1996002,10.02770996,65.52333832,Winter,0
1/31/2029,10.24324322,17.17929459,5.099554062,4.669804096,0.400960267,99.94528961,3.077397346,4.470917225,243.964859,247.7476044,10.07932186,65.38973999,Winter,0
2/1/2029,10.28338337,17.23357391,5.113300323,4.670068741,0.400203168,99.93744659,3.079366684,4.472370625,243.494873,247.2531738,10.13513088,65.25327301,Winter,0
2/2/2029,10.32744598,17.29198837,5.130389214,4.671354771,0.39953807,99.92996979,3.081455708,4.473925591,242.9850006,246.7161102,10.19511795,65.11421204,Winter,0
2/3/2029,10.37541771,17.35450554,5.150860786,4.673678875,0.398989618,99.92288208,3.083648682,4.475559235,242.4350433,246.1365356,10.2592411,64.97286224,Winter,0
2/4/2029,10.42726517,17.42105484,5.174743652,4.677052498,0.398582131,99.91619873,3.08592844,4.477247238,241.8451538,245.5148315,10.32744408,64.82949829,Winter,0
2/5/2029,10.48293877,17.4915657,5.202054977,4.681481838,0.398339331,99.90991974,3.088277817,4.478963852,241.2157288,244.8517609,10.39965343,64.6844101,Winter,0
2/6/2029,10.54237175,17.56594086,5.232787132,4.686970234,0.398284107,99.90406799,3.090677738,4.480681896,240.5474701,244.1483307,10.47578526,64.53788757,Winter,0
2/7/2029,10.60548496,17.64406967,5.266928673,4.693512917,0.398438185,99.89864349,3.093109131,4.482374191,239.8412781,243.4058075,10.55573177,64.39024353,Winter,0
2/8/2029,10.67217636,17.72582817,5.304447174,4.701104164,0.398821861,99.89363861,3.095553398,4.484013081,239.0984802,242.6257477,10.63937664,64.24175262,Winter,0
2/9/2029,10.74234104,17.81107712,5.345298767,4.709732056,0.399453849,99.88904572,3.097989559,4.485569954,238.3204193,241.809967,10.72659302,64.09269714,Winter,0
2/10/2029,10.81585121,17.89966965,5.389424324,4.719380379,0.400350809,99.88486481,3.10039854,4.487018585,237.5088806,240.9604797,10.81723976,63.94337082,Winter,0
2/11/2029,10.89257431,17.99144745,5.436758995,4.73003006,0.401527226,99.88106537,3.102761269,4.488329887,236.6656799,240.0794983,10.91116428,63.79401398,Winter,0
2/12/2029,10.97236538,18.08624649,5.487215996,4.741659164,0.402995318,99.8776474,3.10505867,4.489479542,235.7929535,239.1694489,11.00820923,63.64489746,Winter,0
2/13/2029,11.05507183,18.18389511,5.540703773,4.754240036,0.404764652,99.87457275,3.107273102,4.490440845,234.8928833,238.2328644,11.10820866,63.49626541,Winter,0
2/14/2029,11.14052868,18.28421021,5.597117424,4.767743111,0.406841993,99.87181854,3.109385967,4.491189957,233.9678497,237.2724609,11.21099091,63.34833908,Winter,0
2/15/2029,11.22857475,18.38701057,5.656352043,4.782138824,0.409231424,99.86936188,3.111382484,4.491704941,233.0203247,236.2909851,11.31638241,63.20133591,Winter,0
2/16/2029,11.31904125,18.49212265,5.718278885,4.797390938,0.41193375,99.86717224,3.113246918,4.491965771,232.052887,235.291275,11.42420673,63.05544281,Winter,0
2/17/2029,11.41174889,18.59935188,5.782777786,4.813464165,0.414946795,99.86520386,3.114966393,4.491954327,231.0681152,234.2762756,11.53428555,62.91083527,Winter,0
2/18/2029,11.5065279,18.70853043,5.849713326,4.830321312,0.418265373,99.86342621,3.116528511,4.491654396,230.0686951,233.2489014,11.64644527,62.76765442,Winter,0
2/19/2029,11.60320473,18.81947708,5.918954849,4.847924232,0.421880931,99.86180115,3.11792326,4.491054058,229.0572357,232.2119904,11.76050949,62.6260376,Winter,0
2/20/2029,11.7016077,18.93202019,5.99036026,4.866233826,0.425781876,99.8602829,3.119143009,4.490141392,228.0364075,231.1684265,11.87631321,62.48609161,Winter,0
2/21/2029,11.80157185,19.0459938,6.063789368,4.885210514,0.429953456,99.85883331,3.120180607,4.488910198,227.0086975,230.1210175,11.99368954,62.34789658,Winter,0
2/22/2029,11.90293407,19.16124535,6.139100075,4.90481472,0.434377879,99.85740662,3.121033192,4.487356186,225.9766846,229.072403,12.11248589,62.21151352,Winter,0
2/23/2029,12.00553799,19.27762222,6.216156006,4.925008774,0.439034522,99.85597229,3.121697903,4.485476971,224.9426727,228.0251617,12.23254967,62.07697296,Winter,0
2/24/2029,12.1092329,19.39499092,6.294816017,4.945753574,0.44389984,99.8544693,3.122175217,4.48327589,223.9089813,226.9817657,12.35374355,61.94428635,Winter,0
2/25/2029,12.2138834,19.51322365,6.374947548,4.967010498,0.448947817,99.8528595,3.122467995,4.480757713,222.8777466,225.9444275,12.4759407,61.81344604,Winter,0
2/26/2029,12.31935596,19.63220596,6.456413269,4.988745689,0.454149842,99.85111237,3.122581005,4.477931976,221.8508911,224.9152832,12.59902,61.68440628,Winter,0
2/27/2029,12.42553139,19.75183105,6.539099693,5.010923862,0.459475368,99.84918213,3.122521877,4.47480917,220.8301544,223.8961334,12.7228756,61.55712128,Winter,0
2/28/2029,12.5323,19.87200928,6.622872353,5.033512115,0.464891821,99.84702301,3.122299194,4.471404552,219.8172302,222.8887177,12.84741497,61.43149567,Winter,0
3/1/2029,12.63956356,19.99267197,6.707626343,5.056479931,0.470364839,99.84460449,3.1219244,4.467736244,218.8134308,221.8944397,12.97255516,61.3074379,Spring,1
3/2/2029,12.74724007,20.11374664,6.793253899,5.079799652,0.475858957,99.84189606,3.121411324,4.463825226,217.8199005,220.914505,13.09822464,61.18483353,Spring,1
3/3/2029,12.85525417,20.23518753,6.879655838,5.103444099,0.481337547,99.83885956,3.120775223,4.459695339,216.837616,219.9499054,13.22436714,61.06353378,Spring,1
3/4/2029,12.96354389,20.35694885,6.966744423,5.127390862,0.486763358,99.83547211,3.120034218,4.45537281,215.8672485,219.0012817,13.35094261,60.94339752,Spring,1
3/5/2029,13.07206345,20.47901535,7.054438591,5.151618004,0.492098778,99.83169556,3.119206429,4.450885296,214.9093018,218.0692139,13.47791481,60.8242569,Spring,1
3/6/2029,13.18077374,20.60136414,7.142665863,5.176106453,0.497306019,99.82752228,3.118313313,4.446264267,213.9640045,217.1538086,13.60526562,60.7059288,Spring,1
3/7/2029,13.28965092,20.72399712,7.231363297,5.200841427,0.502348065,99.82293701,3.117375374,4.441542625,213.0314026,216.2550812,13.73298454,60.58823395,Spring,1
3/8/2029,13.39868355,20.84691811,7.3204813,5.225809097,0.507188141,99.81790924,3.116416454,4.43675375,212.1112213,215.3728027,13.8610754,60.47097397,Spring,1
3/9/2029,13.50786591,20.97014618,7.409975052,5.250997066,0.511790931,99.81243134,3.115460396,4.431932926,211.2030945,214.506424,13.98954964,60.35395432,Spring,1
3/10/2029,13.61721039,21.09370422,7.499810219,5.276398659,0.516122341,99.80651093,3.114531994,4.427116871,210.3063812,213.6552734,14.11842728,60.23697662,Spring,1
3/11/2029,13.72673035,21.21762085,7.589962006,5.302007198,0.520150006,99.80013275,3.113656044,4.422341824,209.4202423,212.8183746,14.24773502,60.11982346,Spring,1
3/12/2029,13.83644867,21.34194183,7.6804142,5.327818871,0.523843765,99.79330444,3.112857819,4.417645454,208.5437012,211.9946747,14.37751293,60.00231934,Spring,1
3/13/2029,13.94640446,21.46669769,7.771158218,5.353830814,0.527175784,99.78603363,3.112163067,4.41306448,207.6755676,211.1828766,14.50779819,59.88425446,Spring,1
3/14/2029,14.056633,21.59194565,7.862194061,5.38004303,0.530120909,99.77832031,3.111596107,4.408634663,206.8145752,210.381485,14.6386385,59.76545334,Spring,1
3/15/2029,14.16718006,21.71772385,7.953529358,5.406459332,0.532656908,99.77019501,3.111182213,4.404392719,205.9592438,209.5889893,14.77008057,59.64572906,Spring,1
3/16/2029,14.27809238,21.84408188,8.045175552,5.433080673,0.534764707,99.76165771,3.110943794,4.400372028,205.1080475,208.8036346,14.90217686,59.5249176,Spring,1
3/17/2029,14.38942432,21.97106552,8.137151718,5.459914207,0.53642863,99.75274658,3.110904694,4.396606445,204.2593689,208.0236816,15.03497696,59.40286636,Spring,1
3/18/2029,14.50122452,22.09872627,8.229484558,5.486963749,0.537636638,99.74346924,3.111086369,4.393126488,203.411499,207.2471924,15.16853619,59.27944183,Spring,1
3/19/2029,14.61355209,22.22709656,8.322199821,5.514237881,0.538380206,99.73387909,3.111507893,4.389962196,202.5627289,206.4723206,15.30290031,59.15451431,Spring,1
3/20/2029,14.72645855,22.35622025,8.415334702,5.541743279,0.538654685,99.72398376,3.112188339,4.387138367,201.7112579,205.697052,15.43811798,59.02798843,Spring,1
3/21/2029,14.83999729,22.48612404,8.508916855,5.569489479,0.53845942,99.71383667,3.113143444,4.384680271,200.8553619,204.9195099,15.57422924,58.89977646,Spring,1
3/22/2029,14.95421505,22.61683464,8.602989197,5.597483635,0.537797511,99.70346069,3.114388466,4.382608414,199.9933014,204.1376648,15.71127319,58.76981735,Spring,1
3/23/2029,15.06915951,22.74836731,8.697587967,5.625735283,0.53667599,99.69290924,3.115934372,4.380939484,199.1233826,203.3497009,15.84928226,58.63806915,Spring,1
3/24/2029,15.18487263,22.88073349,8.792754173,5.654253483,0.535105765,99.68221283,3.117791176,4.37968874,198.2439575,202.5537262,15.98827839,58.5045166,Spring,1
3/25/2029,15.3013916,23.01393318,8.888524055,5.683047295,0.533101499,99.67142487,3.119966507,4.378865719,197.3535614,201.7480316,16.12828445,58.36915207,Spring,1
3/26/2029,15.41874409,23.14795303,8.984936714,5.712122917,0.530681491,99.66057587,3.12246418,4.37847805,196.4506989,200.9308777,16.26930237,58.23200226,Spring,1
3/27/2029,15.53695583,23.28277969,9.082026482,5.741490364,0.527867496,99.64972687,3.125286102,4.378529072,195.5340271,200.1007538,16.41133881,58.09312057,Spring,1
3/28/2029,15.6560421,23.41837692,9.179832458,5.771156788,0.524684727,99.63891602,3.128431797,4.379016876,194.6024323,199.2562714,16.55438232,57.95257187,Spring,1
3/29/2029,15.77600956,23.5547142,9.278382301,5.801127911,0.521161258,99.62818909,3.131896973,4.379937172,193.6548157,198.3960724,16.69841576,57.81043625,Spring,1
3/30/2029,15.89686394,23.69173622,9.377707481,5.831408501,0.517328143,99.61759949,3.13567543,4.381281376,192.6903381,197.5190582,16.84341431,57.66683197,Spring,1
3/31/2029,16.01859665,23.82938766,9.477828979,5.862005234,0.51321882,99.60717773,3.139757633,4.38303709,191.7082214,196.6242523,16.98933983,57.5218811,Spring,1
4/1/2029,16.14119339,23.96759987,9.578771591,5.892920494,0.508869052,99.59698486,3.14413166,4.385187149,190.7079773,195.7109222,17.13614845,57.37572861,Spring,1
4/2/2029,16.26463127,24.10629845,9.680553436,5.92415905,0.50431639,99.58705902,3.14878273,4.387712479,189.689209,194.7783508,17.28378868,57.22853088,Spring,1
4/3/2029,16.38887787,24.24539757,9.783184052,5.955720901,0.499599755,99.57743835,3.153694153,4.39058876,188.6517792,193.8261719,17.43219757,57.08046722,Spring,1
4/4/2029,16.51390076,24.38480759,9.886674881,5.987607956,0.494759649,99.56816864,3.158845425,4.393788338,187.5956116,192.854126,17.58130646,56.93170547,Spring,1
4/5/2029,16.63965225,24.52443314,9.991028786,6.019821167,0.489836723,99.5592804,3.164215565,4.397282124,186.5209808,191.8621521,17.73103905,56.78244781,Spring,1
4/6/2029,16.76608849,24.66416931,10.09625053,6.05235815,0.48487252,99.5508194,3.169779301,4.401036739,185.4281921,190.8503113,17.88131714,56.63289642,Spring,1
4/7/2029,16.89314461,24.80391121,10.20233059,6.08521843,0.479908079,99.54280853,3.175511837,4.405016422,184.3177948,189.8189087,18.03205299,56.48324966,Spring,1
4/8/2029,17.02076721,24.94355774,10.30926895,6.11839962,0.474984139,99.53527832,3.181385517,4.409182549,183.1904907,188.7684021,18.18315697,56.33370972,Spring,1
4/9/2029,17.14888763,25.08299637,10.41704941,6.151898384,0.470140666,99.52825928,3.1873703,4.413496017,182.0471497,187.6994324,18.3345356,56.18448257,Spring,1
4/10/2029,17.27744293,25.22211456,10.52566051,6.185711861,0.465416074,99.52178192,3.193436146,4.417914867,180.8887482,186.6126862,18.48609352,56.03576279,Spring,1
4/11/2029,17.40636444,25.36081505,10.6350832,6.219834805,0.460847348,99.51585388,3.199551582,4.422394276,179.7164764,185.5091248,18.637743,55.88775253,Spring,1
4/12/2029,17.53558159,25.49899101,10.74530506,6.254263878,0.456469357,99.51049805,3.205684662,4.426892281,178.5315399,184.3897552,18.78938293,55.7406311,Spring,1
4/13/2029,17.6650238,25.63654327,10.85629749,6.288993835,0.452314436,99.50572968,3.211802006,4.431363106,177.3353119,183.2557526,18.9409256,55.59457397,Spring,1
4/14/2029,17.79462433,25.77338409,10.96804619,6.324020386,0.448412478,99.50154877,3.217871666,4.435761929,176.1292572,182.1083069,19.09228134,55.44973373,Spring,1
4/15/2029,17.92431641,25.90942764,11.08052349,6.359339714,0.444790035,99.49797821,3.223860264,4.440043449,174.9149017,180.9487457,19.24336815,55.30625153,Spring,1
4/16/2029,18.054039,26.04459953,11.19371319,6.394945145,0.441470414,99.49500275,3.229735851,4.444164753,173.6938324,179.7784882,19.39410973,55.16426086,Spring,1
4/17/2029,18.1837368,26.17883492,11.30758572,6.430832863,0.438473314,99.49263763,3.235466003,4.448081493,172.4676208,178.5989685,19.54443741,55.0238533,Spring,1
4/18/2029,18.31335068,26.31208229,11.42212582,6.4669981,0.435814857,99.49085999,3.241020203,4.451751232,171.237915,177.4116516,19.69428825,54.88512039,Spring,1
4/19/2029,18.44284058,26.44430161,11.5373106,6.503437996,0.433506876,99.48967743,3.246368408,4.455134869,170.006424,176.2180176,19.84360886,54.74810791,Spring,1
4/20/2029,18.57216644,26.57546616,11.65312576,6.540148735,0.431557149,99.48907471,3.251482487,4.458193779,168.7747192,175.0195923,19.99236107,54.61284256,Spring,1
4/21/2029,18.70129585,26.7055645,11.76955318,6.577126503,0.429969519,99.48903656,3.256335258,4.460891247,167.5443726,173.8178558,20.14050865,54.47933197,Spring,1
4/22/2029,18.83021164,26.83459854,11.88658714,6.614369392,0.428743094,99.48954773,3.260901928,4.46319437,166.3169861,172.6142273,20.28804016,54.34755707,Spring,1
4/23/2029,18.95889664,26.96258736,12.00421333,6.651875496,0.427873015,99.4905777,3.26515913,4.465072632,165.0939789,171.410141,20.43494225,54.217453,Spring,1
4/24/2029,19.08735085,27.08956528,12.12242889,6.689642906,0.427349895,99.49211884,3.269086838,4.466498852,163.8768311,170.2069702,20.58122444,54.08893967,Spring,1
4/25/2029,19.21557617,27.21558189,12.24123573,6.727671623,0.427160293,99.49414063,3.272666931,4.467447758,162.6667938,169.0059662,20.72690582,53.96190643,Spring,1
4/26/2029,19.34360123,27.34070587,12.36063766,6.76595974,0.427286595,99.49661255,3.275883198,4.467900753,161.4651337,167.8083649,20.87201881,53.83621597,Spring,1
4/27/2029,19.4714489,27.46501732,12.48064041,6.804508209,0.427707136,99.49951172,3.278721809,4.467840195,160.2729187,166.6152802,21.01661301,53.711689,Spring,1
4/28/2029,19.59915924,27.58861923,12.60126019,6.843316078,0.428396553,99.50279999,3.281173229,4.467252731,159.0911713,165.4277649,21.16074371,53.58813858,Spring,1
4/29/2029,19.72677994,27.71162033,12.7225132,6.882385254,0.429325849,99.5064621,3.283229351,4.466130257,157.9207001,164.2467041,21.30448341,53.46533966,Spring,1
4/30/2029,19.85437202,27.83414459,12.84441948,6.92171669,0.430462569,99.51045227,3.284885406,4.464467049,156.7623138,163.0729523,21.44791412,53.34304047,Spring,1
5/1/2029,19.98200607,27.95633698,12.96701145,6.961308479,0.431771487,99.51473999,3.286139965,4.462262154,155.6165466,161.907196,21.59113503,53.22098541,Spring,1
5/2/2029,20.10976028,28.07835197,13.09031391,7.001164436,0.433214486,99.51929474,3.286993027,4.459517479,154.483902,160.7501068,21.73425293,53.09886551,Spring,1
5/3/2029,20.23771858,28.20034599,13.21436214,7.041282654,0.434751153,99.52407837,3.287448406,4.456241131,153.3647003,159.6021271,21.87738037,52.97637939,Spring,1
5/4/2029,20.36598015,28.32249641,13.33919239,7.081663132,0.436338961,99.52906036,3.287512779,4.452442646,152.2591705,158.4636536,22.02064514,52.85319901,Spring,1
5/5/2029,20.49463844,28.44498062,13.46485043,7.12230587,0.437933981,99.53421021,3.287194252,4.448135853,151.1673584,157.3349915,22.16417885,52.72898483,Spring,1
5/6/2029,20.62380219,28.56798363,13.59137249,7.163208961,0.439490765,99.53948975,3.286505222,4.443338394,150.0892639,156.2163544,22.30812263,52.60339355,Spring,1
5/7/2029,20.75358582,28.6917038,13.71880817,7.204370499,0.440963477,99.54486847,3.285458088,4.438070774,149.024704,155.1078186,22.45261765,52.47605896,Spring,1
5/8/2029,20.88409805,28.81632614,13.84719563,7.24578476,0.442305535,99.55031586,3.284069538,4.432356358,147.9734497,154.0094147,22.59781075,52.34662247,Spring,1
5/9/2029,21.01545525,28.94204712,13.97658634,7.287447929,0.443470716,99.55580902,3.282357693,4.426221371,146.9351654,152.9211273,22.74385262,52.21472168,Spring,1
5/10/2029,21.14777565,29.06905746,14.10702229,7.329353333,0.444413155,99.56130981,3.280341148,4.419695377,145.9094543,151.8428345,22.89088821,52.07999039,Spring,1
5/11/2029,21.28116798,29.19754982,14.23855114,7.371491432,0.44508794,99.56679535,3.27804184,4.412808418,144.8957977,150.7743225,23.03906822,51.94208145,Spring,1
5/12/2029,21.4157486,29.32770348,14.37120533,7.413851738,0.445451587,99.57224274,3.275482178,4.405592918,143.8937073,149.7154999,23.18853378,51.80064392,Spring,1
5/13/2029,21.5516243,29.45969582,14.50503254,7.456422806,0.445462346,99.57762146,3.272685051,4.398083687,142.9025726,148.6660614,23.33942223,51.6553421,Spring,1
5/14/2029,21.68889999,29.59369278,14.64006138,7.499189377,0.445080578,99.58292389,3.269675255,4.390315533,141.9218903,147.6258545,23.49186897,51.50586319,Spring,1
5/15/2029,21.82766724,29.72984695,14.77632427,7.542133331,0.44426927,99.58811188,3.266477585,4.382324219,140.951004,146.5945892,23.64599419,51.35190201,Spring,1
5/16/2029,21.96801758,29.86830521,14.91384411,7.585236549,0.442994118,99.5931778,3.263117313,4.374145508,139.9893188,145.572052,23.80191422,51.19319153,Spring,1
5/17/2029,22.1100235,30.0091877,15.05263996,7.628477097,0.441224337,99.59810638,3.259619713,4.365816593,139.036377,144.5580902,23.95972633,51.02946854,Spring,1
5/18/2029,22.25375938,30.15260506,15.19272137,7.67182827,0.43893221,99.60288239,3.256009102,4.357372761,138.0915833,143.5525818,24.11952209,50.86051941,Spring,1
5/19/2029,22.39927673,30.29865265,15.33409405,7.715263367,0.436094314,99.60749817,3.252310753,4.348849773,137.154541,142.5553741,24.28137398,50.68614197,Spring,1
5/20/2029,22.54661751,30.44739532,15.47674847,7.758751869,0.43269068,99.61193848,3.248548031,4.340280533,136.2248535,141.5664673,24.4453392,50.50617599,Spring,1
5/21/2029,22.69581032,30.59888649,15.62067318,7.80226326,0.428705931,99.61619568,3.244743347,4.331697941,135.3022461,140.5859528,24.61145973,50.32050323,Spring,1
5/22/2029,22.84686852,30.75315666,15.76584148,7.845761299,0.424128801,99.62026215,3.240918159,4.323133469,134.3864746,139.6138611,24.77976227,50.12903214,Spring,1
5/23/2029,22.99978638,30.91020775,15.91222095,7.88920784,0.418952465,99.62414551,3.237092018,4.31461525,133.4775085,138.6504822,24.95024872,49.93171692,Spring,1
5/24/2029,23.15455055,31.07002449,16.05976486,7.932563782,0.413174719,99.62783051,3.233284473,4.306169987,132.5753174,137.6961212,25.12290573,49.7285347,Spring,1
5/25/2029,23.31111908,31.23256493,16.20842171,7.975788116,0.406797916,99.63131714,3.229510784,4.297820568,131.6800995,136.7512207,25.29769707,49.51951981,Spring,1
5/26/2029,23.46944046,31.39776802,16.35811996,8.018836021,0.399828792,99.63461304,3.225785732,4.289589882,130.7920685,135.8162842,25.47457695,49.30475616,Spring,1
5/27/2029,23.62944412,31.5655365,16.50878716,8.061662674,0.392278641,99.6377182,3.222122192,4.281494617,129.9116974,134.8919373,25.65346527,49.08434296,Spring,1
5/28/2029,23.79104805,31.73576355,16.66033173,8.104222298,0.384163201,99.64063263,3.218528748,4.273549557,129.0394745,133.9789734,25.83427048,48.85844421,Spring,1
5/29/2029,23.95414352,31.90831184,16.8126564,8.146465302,0.375502378,99.64336395,3.215014458,4.265767574,128.1761017,133.0782166,26.01687622,48.62724686,Spring,1
5/30/2029,24.11860847,32.08302307,16.96565056,8.188344002,0.366320133,99.64591217,3.211584091,4.258154869,127.3223801,132.1905975,26.20115662,48.39098358,Spring,1
5/31/2029,24.28430557,32.25971222,17.11919594,8.229809761,0.356644511,99.64828491,3.208240032,4.250718594,126.4792786,131.3171997,26.38695335,48.14994049,Spring,1
6/1/2029,24.45108604,32.43818665,17.27316856,8.270813942,0.346506864,99.65049744,3.204983234,4.243459225,125.6477966,130.4591675,26.5741024,47.90442657,Summer,2
6/2/2029,24.61878014,32.61821747,17.42742157,8.311306953,0.335942268,99.65254211,3.201810837,4.236373901,124.8291855,129.6177521,26.76241875,47.65478516,Summer,2
6/3/2029,24.78720665,32.79956818,17.58181572,8.351243973,0.324988544,99.6544342,3.198719025,4.229458332,124.0246735,128.7942047,26.9516964,47.40140533,Summer,2
6/4/2029,24.95617676,32.981987,17.73619652,8.390575409,0.31368655,99.65618134,3.195700169,4.22270298,123.2356567,127.9899216,27.14172745,47.1446991,Summer,2
6/5/2029,25.12548256,33.16520691,17.89039993,8.429256439,0.30207932,99.65779114,3.192746162,4.216097355,122.4635849,127.2063293,27.33227539,46.88510895,Summer,2
6/6/2029,25.29491234,33.34893799,18.04426384,8.467247009,0.290212035,99.65926361,3.189844608,4.209625721,121.7099915,126.4448471,27.52310944,46.62310791,Summer,2
6/7/2029,25.46424103,33.53289795,18.19761848,8.504505157,0.278131604,99.66062164,3.186983109,4.203270912,120.9764481,125.7069397,27.71397209,46.35919189,Summer,2
6/8/2029,25.63324165,33.71678162,18.35028648,8.540994644,0.265886068,99.66184998,3.184145927,4.197012901,120.2645798,124.9940948,27.90461349,46.09387589,Summer,2
6/9/2029,25.8016777,33.90028,18.50209427,8.576681137,0.253524512,99.66297913,3.181316376,4.190829277,119.5759811,124.3077545,28.09476471,45.82769012,Summer,2
6/10/2029,25.96931458,34.08308792,18.65286064,8.611536026,0.241096333,99.66399384,3.17847681,4.184696674,118.9122696,123.6493683,28.28416443,45.56118774,Summer,2
6/11/2029,26.13591385,34.26489258,18.80241394,8.645533562,0.228651211,99.66490936,3.175607681,4.17858696,118.2750702,123.0202637,28.4725399,45.29492188,Summer,2
6/12/2029,26.30122948,34.44538116,18.95057106,8.67865181,0.216238469,99.66573334,3.172688484,4.172474861,117.665947,122.4217834,28.65962029,45.02945709,Summer,2
6/13/2029,26.46502686,34.62424469,19.09716034,8.710875511,0.20390673,99.66646576,3.169698238,4.166330338,117.08638,121.8551483,28.84513855,44.7653656,Summer,2
6/14/2029,26.62707138,34.80117798,19.24201202,8.742194176,0.191703737,99.66710663,3.166615486,4.160124779,116.537735,121.3214798,29.0288372,44.5032196,Summer,2
6/15/2029,26.78713608,34.97589111,19.38496208,8.772603035,0.179675564,99.66766357,3.16341877,4.153829575,116.0213852,120.8217697,29.2104454,44.24357605,Summer,2
6/16/2029,26.94499207,35.14809799,19.52584267,8.802102089,0.167866915,99.66814423,3.160085678,4.147413254,115.538475,120.3568954,29.38971901,43.98701477,Summer,2
6/17/2029,27.10042953,35.31752014,19.66451263,8.830698967,0.156320214,99.66854095,3.156595707,4.14084816,115.0900955,119.9276123,29.56641388,43.73406601,Summer,2
6/18/2029,27.25324059,35.48389816,19.80081367,8.858406067,0.145075858,99.66885376,3.152927876,4.134105206,114.6771164,119.5344162,29.74029922,43.48527908,Summer,2
6/19/2029,27.40323448,35.6469841,19.93462563,8.885243416,0.134171486,99.66908264,3.149062157,4.127157688,114.3002625,119.1777344,29.91114616,43.24117279,Summer,2
6/20/2029,27.5502243,35.80654907,20.06581116,8.911236763,0.123642042,99.66923523,3.144979954,4.119979382,113.9600601,118.8577499,30.07876205,43.0022583,Summer,2
6/21/2029,27.69404793,35.96238327,20.19425774,8.936416626,0.113519624,99.66931152,3.140664101,4.112545967,113.6568832,118.5744934,30.24294472,42.76902008,Summer,2
6/22/2029,27.83454704,36.11428833,20.31986809,8.960823059,0.103833139,99.66929626,3.136098385,4.104836464,113.3908234,118.3277664,30.40352058,42.54191589,Summer,2
6/23/2029,27.97158432,36.26209641,20.44254303,8.984498978,0.094608232,99.66919708,3.131269455,4.096829891,113.1618576,118.1171265,30.56032562,42.32138062,Summer,2
6/24/2029,28.10503769,36.40565491,20.56220818,9.007496834,0.085867435,99.66901398,3.12616539,4.088510036,112.9696121,117.9419785,30.71321869,42.10782623,Summer,2
6/25/2029,28.23480225,36.54483032,20.67879486,9.029871941,0.077629849,99.66873932,3.1207757,4.079863071,112.8136292,117.8015366,30.86207581,41.90164185,Summer,2
6/26/2029,28.36078644,36.67951202,20.79225731,9.051686287,0.069911227,99.66838074,3.115094185,4.070878029,112.6930771,117.6947098,31.00678635,41.70317841,Summer,2
6/27/2029,28.48291779,36.80962372,20.90254974,9.073005676,0.062724024,99.66791534,3.109115601,4.061547279,112.6070099,117.6203003,31.14726639,41.51276398,Summer,2
6/28/2029,28.60113907,36.93508148,21.00965118,9.093903542,0.056077387,99.66736603,3.102837563,4.051867008,112.5542068,117.5768509,31.28343773,41.33068085,Summer,2
6/29/2029,28.71541214,37.0558548,21.11354256,9.11445713,0.04997737,99.6667099,3.096261024,4.041836739,112.5332489,117.5627594,31.41524887,41.15719604,Summer,2
6/30/2029,28.82571793,37.17191315,21.21422958,9.134742737,0.04442722,99.66595459,3.089389324,4.031459332,112.5424652,117.5761871,31.54266739,40.99255371,Summer,2
7/1/2029,28.93204498,37.2832489,21.31171989,9.154847145,0.039426848,99.6651001,3.082228661,4.020742893,112.5800781,117.6151505,31.66566658,40.83694839,Summer,2
7/2/2029,29.03440094,37.38988495,21.40604019,9.174855232,0.034973979,99.66414642,3.074788094,4.009696484,112.6439972,117.6775665,31.78424263,40.69055176,Summer,2
7/3/2029,29.13280678,37.49184036,21.4972229,9.19485569,0.031063547,99.66308594,3.067079067,3.99833703,112.7320938,117.7611542,31.8984127,40.55351639,Summer,2
7/4/2029,29.22730064,37.58917236,21.58532143,9.214939117,0.02768839,99.66191864,3.05911684,3.986680508,112.8419571,117.8635178,32.00819397,40.4259491,Summer,2
7/5/2029,29.31792641,37.68193436,21.67037773,9.235193253,0.024839526,99.66065216,3.050918102,3.974750519,112.9711533,117.9821701,32.1136322,40.30796051,Summer,2
7/6/2029,29.4047451,37.77019882,21.75246429,9.255713463,0.022506008,99.6592865,3.042503357,3.962571144,113.1170654,118.1145859,32.21475983,40.19960022,Summer,2
7/7/2029,29.48782158,37.85405731,21.83164787,9.276584625,0.020675765,99.65782928,3.033894062,3.950171471,113.2770615,118.2581635,32.31164551,40.10092926,Summer,2
7/8/2029,29.5672245,37.93360138,21.90800667,9.297899246,0.019335514,99.65626526,3.025115967,3.937583447,113.448349,118.4102325,32.40435028,40.01196289,Summer,2
7/9/2029,29.6430397,38.00892639,21.98161888,9.319743156,0.018471083,99.65461731,3.016195297,3.92484045,113.6281281,118.5681915,32.492939,39.93270874,Summer,2
7/10/2029,29.7153492,38.08014297,22.05257225,9.342199326,0.018067967,99.65288544,3.007160187,3.911980867,113.8136749,118.7294388,32.57749176,39.86317444,Summer,2
7/11/2029,29.78424072,38.14735413,22.1209507,9.365350723,0.018111406,99.65106964,2.998042583,3.899043083,114.0021439,118.8913803,32.65808487,39.80332184,Summer,2
7/12/2029,29.84980392,38.21067047,22.18684387,9.389271736,0.018586667,99.64917755,2.988872528,3.886069298,114.190834,119.0515289,32.7347908,39.75312042,Summer,2
7/13/2029,29.91212463,38.27019882,22.2503376,9.414034843,0.019479575,99.64722443,2.979683876,3.87310195,114.3770752,119.2075043,32.80768967,39.7125473,Summer,2
7/14/2029,29.97128868,38.32603455,22.31152153,9.439705849,0.020776486,99.64521027,2.970510483,3.860185385,114.5582886,119.3570328,32.87685394,39.68153,Summer,2
7/15/2029,30.02737617,38.37828064,22.37047386,9.466342926,0.022464804,99.64315033,2.961386681,3.847365141,114.7320328,119.498024,32.94234848,39.66003799,Summer,2
7/16/2029,30.08046722,38.42702866,22.42727089,9.494000435,0.024532957,99.64105225,2.952347755,3.834686279,114.8960342,119.6284943,33.00423431,39.64801025,Summer,2
7/17/2029,30.13062668,38.47235107,22.481987,9.522724152,0.026970914,99.63892365,2.943428993,3.82219553,115.0481491,119.746727,33.06256485,39.64539719,Summer,2
7/18/2029,30.17791748,38.51431274,22.53468704,9.552550316,0.029770123,99.63677979,2.934664249,3.809938669,115.1865005,119.851181,33.11738586,39.65215302,Summer,2
7/19/2029,30.22238541,38.55298233,22.58542442,9.583508492,0.032923814,99.63463593,2.926088333,3.797959566,115.3093262,119.940567,33.16873169,39.66822815,Summer,2
7/20/2029,30.26407242,38.58838654,22.63424683,9.615620613,0.036427084,99.63249207,2.9177351,3.786303043,115.4152451,120.0138016,33.21661758,39.69359207,Summer,2
7/21/2029,30.30300713,38.62056351,22.68119621,9.648897171,0.040277075,99.63037109,2.909635544,3.775012255,115.5030365,120.0701447,33.26105499,39.72821045,Summer,2
7/22/2029,30.33921051,38.64951706,22.72629356,9.683340073,0.044472862,99.62828064,2.901821136,3.764127731,115.5718155,120.1090622,33.30203247,39.77206039,Summer,2
7/23/2029,30.37267303,38.67523956,22.76955795,9.718941689,0.049015831,99.62623596,2.894320965,3.753688097,115.6208878,120.1303177,33.33953857,39.82514191,Summer,2
7/24/2029,30.40338326,38.69770813,22.81098366,9.755687714,0.053909272,99.62425232,2.887162209,3.743730307,115.6500244,120.1340179,33.37352753,39.88745117,Summer,2
7/25/2029,30.43132019,38.7168808,22.85056877,9.793549538,0.059158538,99.62233734,2.880370617,3.734287024,115.6591492,120.1204987,33.40394974,39.95899963,Summer,2
7/26/2029,30.45643425,38.73269272,22.88828468,9.832489967,0.064771131,99.62050629,2.873967171,3.725389957,115.6485977,120.0904694,33.43074799,40.03981018,Summer,2
7/27/2029,30.47867584,38.74507523,22.92409706,9.872463226,0.07075642,99.61877441,2.867973328,3.71706605,115.6189499,120.0448532,33.4538269,40.12992859,Summer,2
7/28/2029,30.49797058,38.75392914,22.95795822,9.913415909,0.077125452,99.61714935,2.862404823,3.709338427,115.5712051,119.9849243,33.47309875,40.22939682,Summer,2
7/29/2029,30.51423073,38.75914001,22.98980331,9.955281258,0.083890967,99.61564636,2.857276917,3.702228069,115.506546,119.9122238,33.48844147,40.33827972,Summer,2
7/30/2029,30.52736473,38.76057816,23.01955414,9.997984886,0.091067053,99.61427307,2.852600574,3.695749998,115.4265594,119.8285751,33.49974823,40.45664215,Summer,2
7/31/2029,30.53725243,38.75811386,23.04713249,10.04144669,0.098669142,99.61304474,2.84838295,3.689917326,115.3330688,119.7360382,33.50686646,40.58456039,Summer,2
8/1/2029,30.54378128,38.75158691,23.07243156,10.08557606,0.106713273,99.61197662,2.844628811,3.684737444,115.2282028,119.6369095,33.509655,40.72212982,Summer,2
8/2/2029,30.54681587,38.74082947,23.09534836,10.13027191,0.11521659,99.6110611,2.841339588,3.680213451,115.1143799,119.5337906,33.50795364,40.86943817,Summer,2
8/3/2029,30.54620934,38.72567368,23.1157589,10.17543221,0.124196254,99.61031342,2.838513374,3.676345587,114.9941635,119.4294052,33.50159073,41.02657318,Summer,2
8/4/2029,30.5418129,38.7059288,23.13354301,10.2209444,0.133669525,99.60974884,2.836144447,3.673128605,114.8704453,119.3266678,33.49040222,41.19364166,Summer,2
8/5/2029,30.53347778,38.68141174,23.14855576,10.26669121,0.143653572,99.60936737,2.834224224,3.670553684,114.7462921,119.2286606,33.4742012,41.37073517,Summer,2
8/6/2029,30.52103996,38.65192795,23.16066551,10.31254864,0.154164925,99.60916901,2.83273983,3.668607235,114.6249161,119.1386261,33.45281219,41.55794907,Summer,2
8/7/2029,30.50433922,38.61729431,23.1697216,10.35838985,0.165219054,99.60916901,2.83167696,3.667273045,114.5096741,119.0598755,33.42605591,41.75537109,Summer,2
8/8/2029,30.48321152,38.57731247,23.17557716,10.40408516,0.176830202,99.60935974,2.831017017,3.66652894,114.4040756,118.9957962,33.39374161,41.96308136,Summer,2
8/9/2029,30.45749855,38.5317955,23.17808151,10.44949913,0.189011022,99.60974884,2.830738544,3.666351557,114.3116531,118.9497681,33.35570145,42.18114471,Summer,2
8/10/2029,30.42704391,38.48056412,23.17707825,10.49449635,0.201772183,99.6103363,2.830818176,3.666712523,114.2360535,118.9252625,33.31176376,42.40960693,Summer,2
8/11/2029,30.39169121,38.42345047,23.17242432,10.53893948,0.215122089,99.61112976,2.83122921,3.667579889,114.1808853,118.9257202,33.2617569,42.64851379,Summer,2
8/12/2029,30.35129738,38.36029434,23.16396904,10.58269215,0.229066491,99.61211395,2.831943512,3.668920755,114.1497955,118.9543915,33.20553589,42.89788055,Summer,2
8/13/2029,30.30573654,38.29095078,23.15157127,10.62561607,0.243608221,99.61328888,2.832929611,3.670697689,114.1463165,119.0146027,33.14295959,43.15769577,Summer,2
8/14/2029,30.25487518,38.21528625,23.1350975,10.66757584,0.258747101,99.61466217,2.834155083,3.672872305,114.1739807,119.1094818,33.0738945,43.42792892,Summer,2
8/15/2029,30.19861031,38.13319397,23.11441803,10.70843601,0.27447933,99.61621857,2.835586071,3.675403118,114.2360916,119.2420044,32.99823761,43.70850754,Summer,2
8/16/2029,30.13684464,38.04458618,23.08941269,10.74806786,0.290797532,99.61795807,2.837186813,3.678247929,114.3359146,119.4149857,32.91590118,43.9993515,Summer,2
8/17/2029,30.06950378,37.94939423,23.05997849,10.78634071,0.307690531,99.61987305,2.838921547,3.681363344,114.4764252,119.6309814,32.82680511,44.30032349,Summer,2
8/18/2029,29.99653053,37.84757614,23.02601433,10.82313347,0.32514295,99.6219635,2.840752602,3.684704542,114.6605148,119.8924408,32.73090744,44.6112709,Summer,2
8/19/2029,29.91788292,37.73912048,22.98744392,10.85832596,0.343135595,99.62421417,2.842643261,3.688226461,114.8907166,120.2013702,32.62817764,44.93198776,Summer,2
8/20/2029,29.83354759,37.6240387,22.94420242,10.8918047,0.361644715,99.62661743,2.844554901,3.691884279,115.1693802,120.559639,32.51861954,45.26223373,Summer,2
8/21/2029,29.74352646,37.50235748,22.89623451,10.92346382,0.380642474,99.62917328,2.846451283,3.695633173,115.4985199,120.9687881,32.40226364,45.60173798,Summer,2
8/22/2029,29.64785194,37.3741684,22.84350967,10.95320225,0.400096685,99.63186646,2.848295689,3.699428558,115.8798904,121.4300156,32.2791481,45.95017242,Summer,2
8/23/2029,29.54657555,37.23955536,22.78601456,10.98092461,0.4199709,99.63469696,2.85005188,3.703227997,116.3148041,121.9441757,32.14936066,46.30717468,Summer,2
8/24/2029,29.43976974,37.0986557,22.72374725,11.00654507,0.440224469,99.63764191,2.851685524,3.706989527,116.8044662,122.5118179,32.0130043,46.67234421,Summer,2
8/25/2029,29.32753944,36.95163345,22.65673447,11.02998924,0.460812718,99.64070129,2.853162289,3.710672379,117.3494415,123.1331635,31.87021255,47.04523849,Summer,2
8/26/2029,29.21001053,36.79867554,22.58501053,11.05117989,0.481687039,99.64386749,2.85445118,3.714239359,117.9501572,123.8080597,31.72114944,47.42536163,Summer,2
8/27/2029,29.08732796,36.64000702,22.5086422,11.07006073,0.502794921,99.64713287,2.855522633,3.717654467,118.606575,124.5359879,31.5660038,47.81218338,Summer,2
8/28/2029,28.95967102,36.47586823,22.42770576,11.0865736,0.524080694,99.65048218,2.856348515,3.7208848,119.3182831,125.3161087,31.40498543,48.20513916,Summer,2
8/29/2029,28.82723618,36.30654907,22.34230042,11.10067463,0.545485139,99.65391541,2.85690403,3.723900318,120.0845795,126.1472244,31.23834038,48.60361862,Summer,2
8/30/2029,28.69023705,36.13235474,22.25253868,11.11232758,0.566946268,99.6574173,2.857165813,3.726673126,120.9043274,127.0278625,31.06633377,49.00697327,Summer,2
8/31/2029,28.54891396,35.95360565,22.1585598,11.12150097,0.588399529,99.66098022,2.857114315,3.729179859,121.7761078,127.9561234,30.8892498,49.41453171,Summer,2
9/1/2029,28.40352631,35.77065277,22.06051254,11.12817574,0.609778106,99.66460419,2.856731892,3.731399775,122.698082,128.9299316,30.70739746,49.82558441,Autumn,3
9/2/2029,28.25435257,35.58387375,21.95856667,11.13233757,0.631013453,99.66828156,2.856004715,3.733316183,123.6681824,129.9468384,30.52110291,50.23938751,Autumn,3
9/3/2029,28.10167503,35.39365387,21.85290146,11.1339817,0.652035415,99.6720047,2.854920864,3.734915495,124.6839752,131.0042267,30.33071518,50.65517807,Autumn,3
9/4/2029,27.94581032,35.20039749,21.74371338,11.13311005,0.672773242,99.67575836,2.85347271,3.73618865,125.7428284,132.0991364,30.13659096,51.07216644,Autumn,3
9/5/2029,27.78706932,35.00452423,21.63120842,11.12973022,0.693155408,99.6795578,2.85165596,3.737128973,126.8417587,133.2285004,29.93910789,51.48955917,Autumn,3
9/6/2029,27.6257782,34.80646515,21.51561165,11.12385845,0.713110387,99.68338013,2.849467278,3.73773551,127.9776459,134.3890228,29.73863983,51.90653229,Autumn,3
9/7/2029,27.46227074,34.60664749,21.3971405,11.1155138,0.73256737,99.68723297,2.846909523,3.738009453,129.14711,135.577301,29.53558731,52.32225037,Autumn,3
9/8/2029,27.29689026,34.40550613,21.27603912,11.10472775,0.751456261,99.6911087,2.843986034,3.73795557,130.3466644,136.7897491,29.3303318,52.73589325,Autumn,3
9/9/2029,27.12996864,34.20347977,21.15254021,11.09152699,0.769708335,99.69500732,2.840705395,3.737583637,131.5726624,138.0228271,29.12327576,53.1466217,Autumn,3
9/10/2029,26.96184731,34.00099945,21.02689171,11.07594872,0.787256896,99.6989212,2.837078094,3.736905336,132.8214111,139.2728271,28.91480827,53.55360413,Autumn,3
9/11/2029,26.79285812,33.79849625,20.89933014,11.05803585,0.804037809,99.70285797,2.833116531,3.735937119,134.0890808,140.5361176,28.70532227,53.95602417,Autumn,3
9/12/2029,26.62333298,33.59637451,20.77009964,11.03782654,0.819989562,99.70681,2.828838348,3.734696865,135.3719025,141.8090515,28.49519539,54.35307312,Autumn,3
9/13/2029,26.4535923,33.39504242,20.63944435,11.01536942,0.835053623,99.71076965,2.824261189,3.733206511,136.6660919,143.0880737,28.28479958,54.74395752,Autumn,3
9/14/2029,26.28394127,33.19488525,20.50759506,10.99071121,0.849175811,99.71474457,2.819406033,3.73149085,137.9679413,144.3697662,28.07449341,55.12791061,Autumn,3
9/15/2029,26.11467361,32.9962616,20.37478447,10.96390152,0.862305641,99.71873474,2.814297199,3.729575872,139.2737885,145.6507416,27.86461067,55.50419998,Autumn,3
9/16/2029,25.9460659,32.79951859,20.2412281,10.93498898,0.874397159,99.72274017,2.808959007,3.727491856,140.5801849,146.9278717,27.65548325,55.87211227,Autumn,3
9/17/2029,25.77837753,32.60497284,20.10713577,10.90402603,0.885409236,99.72675323,2.803420067,3.725268364,141.8837128,148.1982117,27.44740868,56.2309761,Autumn,3
9/18/2029,25.61184311,32.41291046,19.97270203,10.87105942,0.895305753,99.73078156,2.797708035,3.722939253,143.1813354,149.4590454,27.24066162,56.58016205,Autumn,3
9/19/2029,25.44667816,32.22359085,19.83811188,10.83614063,0.904055893,99.7348175,2.791852951,3.720537901,144.4700623,150.7078857,27.03549957,56.91907501,Autumn,3
9/20/2029,25.28306961,32.03723145,19.70352173,10.79931641,0.911634624,99.73886871,2.785886765,3.718099356,145.7472839,151.9425354,26.83213997,57.24718857,Autumn,3
9/21/2029,25.1211834,31.85403633,19.56908798,10.76063442,0.918022692,99.74292755,2.779840946,3.715659857,147.0106354,153.1611786,26.63078308,57.56400681,Autumn,3
9/22/2029,24.96115112,31.67414856,19.43493843,10.7201395,0.92320627,99.74698639,2.773748875,3.713255405,148.2580109,154.3622284,26.43159103,57.86909866,Autumn,3
9/23/2029,24.80307388,31.4976902,19.30118179,10.6778698,0.927178144,99.75106049,2.767642975,3.710922956,149.4877167,155.5444489,26.23469353,58.16207123,Autumn,3
9/24/2029,24.6470356,31.32473946,19.16790581,10.63386917,0.929936528,99.75512695,2.761557102,3.708698273,150.6983643,156.7069855,26.04019165,58.44261551,Autumn,3
9/25/2029,24.49307823,31.15533447,19.03518295,10.58817196,0.931486249,99.75920105,2.755523682,3.706618071,151.8889313,157.84935,25.84815025,58.71047211,Autumn,3
9/26/2029,24.34121323,30.98948097,18.90305519,10.54081249,0.93183744,99.76326752,2.749576092,3.704717398,153.0587158,158.9714508,25.65860367,58.96543503,Autumn,3
9/27/2029,24.19142723,30.82714081,18.77154922,10.49182034,0.93100667,99.76732635,2.743746281,3.703030586,154.207489,160.0734558,25.47154999,59.20737457,Autumn,3
9/28/2029,24.04366875,30.66823769,18.64066315,10.44122505,0.929016054,99.77137756,2.73806572,3.701591492,155.3352966,161.1559601,25.28695297,59.43621445,Autumn,3
9/29/2029,23.8978672,30.51265907,18.51038361,10.38904667,0.925893188,99.77540588,2.732565403,3.700431824,156.442688,162.2199707,25.10474205,59.65193176,Autumn,3
9/30/2029,23.75391388,30.3602562,18.3806572,10.33531189,0.921671033,99.77940369,2.727273464,3.6995821,157.5304108,163.2667999,24.92482567,59.854599,Autumn,3
10/1/2029,23.61167336,30.21084404,18.25143051,10.28003502,0.916387618,99.7833786,2.722219467,3.699070454,158.5997467,164.2980499,24.7470665,60.04431534,Autumn,3
10/2/2029,23.47098541,30.0642128,18.122612,10.22323418,0.910085917,99.78730774,2.717428207,3.698924303,159.6522217,165.3156891,24.57130814,60.22126389,Autumn,3
10/3/2029,23.33166504,29.92010689,17.99410057,10.16491985,0.902813077,99.7911911,2.712925911,3.699167967,160.689743,166.3220062,24.39736557,60.38566971,Autumn,3
10/4/2029,23.1934967,29.77825546,17.86577415,10.10510731,0.894620419,99.79502106,2.708735466,3.699823856,161.7144775,167.3195343,24.22502518,60.53782272,Autumn,3
10/5/2029,23.05625725,29.63835526,17.73749161,10.04380131,0.885563135,99.79878235,2.704877377,3.700912237,162.7289734,168.3110199,24.05405235,60.6780777,Autumn,3
10/6/2029,22.9196949,29.50008202,17.60909653,9.981013298,0.875699222,99.80247498,2.70137167,3.702450275,163.7359314,169.2994995,23.88419342,60.80682373,Autumn,3
10/7/2029,22.78354263,29.36309242,17.48042488,9.916747093,0.865090013,99.80607605,2.698235512,3.704454422,164.7383728,170.2881622,23.71517181,60.92450333,Autumn,3
10/8/2029,22.64751816,29.22702408,17.35129166,9.851011276,0.853798807,99.80958557,2.695483685,3.706936359,165.7394714,171.2803345,23.54670715,61.03160858,Autumn,3
10/9/2029,22.51133537,29.09150314,17.22150421,9.783811569,0.84189105,99.81298828,2.693130016,3.709907532,166.7425995,172.2794647,23.37849236,61.12866592,Autumn,3
10/10/2029,22.37469101,28.95614815,17.09086609,9.715153694,0.82943362,99.81626892,2.691185474,3.71337533,167.7512054,173.2890778,23.21022034,61.21625137,Autumn,3
10/11/2029,22.2372818,28.82056999,16.95916748,9.64504528,0.816494048,99.81942749,2.689658165,3.717344999,168.7689209,174.3127747,23.0415802,61.29496002,Autumn,3
10/12/2029,22.09880447,28.68437767,16.8262043,9.573495865,0.803140819,99.82244873,2.688555717,3.721820354,169.7993164,175.3540649,22.87225151,61.36542511,Autumn,3
10/13/2029,21.95895004,28.54718399,16.69176292,9.500517845,0.789441824,99.82532501,2.6878829,3.726801395,170.8460541,176.4165192,22.70191956,61.42829895,Autumn,3
10/14/2029,21.81742096,28.40860176,16.55563927,9.426121712,0.775465071,99.82804108,2.687642574,3.732287884,171.912735,177.50354,22.53027534,61.48425293,Autumn,3
10/15/2029,21.67391777,28.26826286,16.41762161,9.350326538,0.761277199,99.83059692,2.687835217,3.738275766,173.0029144,178.618515,22.35701561,61.53397369,Autumn,3
10/16/2029,21.52816582,28.12580109,16.27751541,9.273150444,0.746943772,99.83297729,2.688459873,3.744759083,174.1199951,179.7645721,22.18184471,61.57816696,Autumn,3
10/17/2029,21.37989044,27.98087502,16.13512421,9.194619179,0.732528389,99.83518219,2.68951416,3.751731157,175.2672577,180.9446411,22.00448418,61.61753464,Autumn,3
10/18/2029,21.22883606,27.83315849,15.99026775,9.114761353,0.71809274,99.83719635,2.690993309,3.75918293,176.4477844,182.161499,21.8246727,61.65277481,Autumn,3
10/19/2029,21.07476807,27.68235016,15.84278011,9.033610344,0.703695655,99.8390274,2.692891598,3.767103195,177.664444,183.4176025,21.64216995,61.68458176,Autumn,3
10/20/2029,20.91747475,27.52817726,15.69250774,8.951203346,0.689393163,99.8406601,2.695201397,3.77548027,178.9198303,184.7150726,21.45675468,61.71366119,Autumn,3
10/21/2029,20.75676346,27.37038994,15.53930759,8.867588043,0.67523849,99.84209442,2.697914124,3.784300804,180.2161713,186.0557404,21.26823235,61.74068832,Autumn,3
10/22/2029,20.59247398,27.20877457,15.38306904,8.782812119,0.66128093,99.84333801,2.701020241,3.793550253,181.5555267,187.4411163,21.07643509,61.76631927,Autumn,3
10/23/2029,20.42446899,27.04314804,15.22368526,8.696933746,0.647566378,99.84439087,2.704507828,3.803212404,182.9394531,188.8722534,20.88122559,61.79119873,Autumn,3
10/24/2029,20.25264359,26.87336922,15.0610857,8.610013962,0.634136796,99.84525299,2.70836544,3.813271523,184.3692169,190.3498535,20.68249893,61.81593323,Autumn,3
10/25/2029,20.07691956,26.69932175,14.89521313,8.52212429,0.621030033,99.84592438,2.712580204,3.82371068,185.8456116,191.874176,20.48017502,61.84112549,Autumn,3
10/26/2029,19.89725494,26.52094269,14.72604275,8.433338165,0.608280003,99.84642029,2.71713829,3.834511757,187.3690948,193.4450684,20.27421761,61.86732101,Autumn,3
10/27/2029,19.71364403,26.33819771,14.55356312,8.343738556,0.595916152,99.84674835,2.722025871,3.845656633,188.9395752,195.0619354,20.06462097,61.89504242,Autumn,3
10/28/2029,19.52610779,26.15110016,14.37780476,8.253414154,0.583963871,99.8469162,2.727227688,3.857127905,190.5566711,196.7237244,19.85140991,61.92477798,Autumn,3
10/29/2029,19.33470917,25.95969391,14.19880962,8.162459373,0.572444022,99.84693909,2.732729435,3.868906021,192.2193909,198.4289398,19.63465309,61.95697021,Autumn,3
10/30/2029,19.13953781,25.76407814,14.01665783,8.07097435,0.561373472,99.84683228,2.738515377,3.880972385,193.9264526,200.1756744,19.41444778,61.99203491,Autumn,3
10/31/2029,18.94072151,25.56437492,13.83144665,7.979065895,0.550764859,99.84660339,2.744570255,3.893309355,195.6759796,201.9615784,19.19093323,62.03032303,Autumn,3
11/1/2029,18.73841858,25.36075974,13.64330578,7.886845589,0.540626705,99.84629059,2.750878334,3.905897141,197.4657745,203.7838287,18.96427345,62.07216644,Autumn,3
11/2/2029,18.53282738,25.15343475,13.45238972,7.794428825,0.530963719,99.84589386,2.757424355,3.918718338,199.2930908,205.6392517,18.73467064,62.117836,Autumn,3
11/3/2029,18.32416916,24.94264603,13.25887966,7.701939583,0.521776915,99.84545135,2.764192104,3.931754589,201.1549225,207.524292,18.50236702,62.16755676,Autumn,3
11/4/2029,18.11269569,24.72867012,13.0629797,7.609499931,0.51306361,99.84497833,2.771166325,3.944988251,203.047699,209.4350281,18.26762199,62.22153473,Autumn,3
11/5/2029,17.89869499,24.51181793,12.86491489,7.517241478,0.504818022,99.84449768,2.77833271,3.958401442,204.9676361,211.3671722,18.03073311,62.2798996,Autumn,3
11/6/2029,17.68247223,24.29243469,12.66493702,7.425292969,0.497031122,99.84403992,2.785674572,3.971976757,206.9104767,213.3161163,17.79201698,62.34275818,Autumn,3
11/7/2029,17.46436119,24.07087898,12.46331596,7.333789825,0.489691347,99.84363556,2.793178558,3.985697985,208.8716888,215.2770844,17.55182076,62.41016769,Autumn,3
11/8/2029,17.24471474,23.84755135,12.26034355,7.242864609,0.48278439,99.84331512,2.800828934,3.999547958,210.8464966,217.2449341,17.31051254,62.48213959,Autumn,3
11/9/2029,17.02390671,23.62285995,12.05632019,7.152654648,0.476294011,99.84309387,2.808611393,4.013510704,212.8298798,219.2144165,17.06847572,62.5586586,Autumn,3
11/10/2029,16.80233002,23.3972435,11.85157204,7.063295364,0.47020191,99.84301758,2.816512108,4.027569771,214.8164978,221.1800842,16.82611275,62.6396637,Autumn,3
11/11/2029,16.58038712,23.17114258,11.64643002,6.974920273,0.464488238,99.84310913,2.824517727,4.0417099,216.8009949,223.1363831,16.58383751,62.72505569,Autumn,3
11/12/2029,16.35848999,22.94502449,11.44123936,6.887664795,0.459132105,99.84339142,2.832613945,4.055915356,218.77771,225.0776978,16.34208107,62.81470871,Autumn,3
11/13/2029,16.13706207,22.71935081,11.23635197,6.801657677,0.454111487,99.84390259,2.840787411,4.070169926,220.7411346,226.9983673,16.10126495,62.90845108,Autumn,3
11/14/2029,15.91652966,22.49459267,11.03212643,6.717026711,0.449403852,99.84467316,2.849025726,4.084459305,222.6854858,228.8927307,15.86183262,63.00611115,Autumn,3
11/15/2029,15.69732094,22.27121925,10.82892132,6.633896828,0.444986373,99.84572601,2.857314587,4.098767281,224.605072,230.7552643,15.62421799,63.10745239,Autumn,3
11/16/2029,15.47985649,22.0497036,10.6271019,6.552386284,0.440836251,99.84709167,2.865642548,4.113079548,226.4943237,232.5804291,15.38885212,63.21225357,Autumn,3
11/17/2029,15.26456261,21.83050537,10.42702484,6.472607613,0.436930865,99.84879303,2.873996258,4.127380371,228.3476868,234.362915,15.15616417,63.32025146,Autumn,3
11/18/2029,15.05184937,21.61407471,10.22904491,6.394669533,0.433248222,99.85085297,2.882362843,4.141653538,230.159729,236.0976105,14.92656898,63.43115997,Autumn,3
11/19/2029,14.8421154,21.40085602,10.03351307,6.318671227,0.429767162,99.853302,2.890730381,4.155883789,231.9252625,237.7796173,14.70047283,63.54470444,Autumn,3
11/20/2029,14.63575268,21.19126511,9.840765953,6.244708061,0.426467478,99.85614777,2.899085999,4.170055866,233.6392822,239.4042511,14.47826481,63.66056442,Autumn,3
11/21/2029,14.43312931,20.98570633,9.65113163,6.172863007,0.423330247,99.85942078,2.907417297,4.18415308,235.2970276,240.9671783,14.26031876,63.77843857,Autumn,3
11/22/2029,14.2345953,20.78456116,9.464921951,6.103214264,0.420337826,99.86312866,2.91571188,4.198158741,236.8940582,242.4644165,14.04698563,63.89801025,Autumn,3
11/23/2029,14.04048252,20.58818436,9.282434464,6.03582859,0.4174743,99.86727905,2.923956871,4.212056637,238.4262543,243.8924103,13.83859348,64.01895142,Autumn,3
11/24/2029,13.85109806,20.39690018,9.103949547,5.970764637,0.414725333,99.87189484,2.93214035,4.225829601,239.8899078,245.2478027,13.63544655,64.14093781,Autumn,3
11/25/2029,13.66672039,20.21101189,8.929720879,5.908071518,0.412078291,99.87696838,2.940248966,4.239460468,241.2816162,246.5278778,13.43782139,64.26365662,Autumn,3
11/26/2029,13.48760414,20.03078079,8.759991646,5.847786903,0.409522593,99.88250732,2.948270321,4.252931118,242.598465,247.7302246,13.245965,64.38677979,Autumn,3
11/27/2029,13.31396961,19.85644341,8.59497261,5.789939404,0.407049268,99.88851166,2.95619154,4.266223431,243.8379059,248.852951,13.06009388,64.51000977,Autumn,3
11/28/2029,13.14601517,19.6882019,8.434854507,5.734547615,0.404651463,99.89498138,2.963999748,4.279319763,244.9979401,249.8946381,12.8803978,64.63301086,Autumn,3
11/29/2029,12.98390484,19.52621841,8.279803276,5.681619644,0.402324051,99.90190125,2.971682072,4.292200565,246.0769348,250.8543091,12.70703316,64.75552368,Autumn,3
11/30/2029,12.82776642,19.37062073,8.129955292,5.631152153,0.400063753,99.90925598,2.979225159,4.304848194,247.0738373,251.7314758,12.54011631,64.87724304,Autumn,3
12/1/2029,12.67770004,19.22150803,7.985423088,5.583132744,0.39786911,99.91704559,2.986617565,4.317243576,247.9879456,252.5261688,12.37974262,64.99787903,Winter,0
12/2/2029,12.53377438,19.07894135,7.846290588,5.537539005,0.3957403,99.92523193,2.993844509,4.329367161,248.8191681,253.2388611,12.22596455,65.11720276,Winter,0
12/3/2029,12.39601994,18.94293404,7.712614059,5.494338989,0.393679023,99.93380737,3.000895023,4.341200829,249.5678101,253.8704834,12.07881069,65.23493958,Winter,0
12/4/2029,12.26444817,18.81348801,7.58442688,5.453490257,0.391688287,99.94274139,3.007755756,4.352725506,250.2346954,254.4224701,11.93827057,65.35085297,Winter,0
12/5/2029,12.13902664,18.69054604,7.46172905,5.414941788,0.389772624,99.95200348,3.01441431,4.363923073,250.8210449,254.8967133,11.80430698,65.46473694,Winter,0
12/6/2029,12.01970387,18.57404327,7.344493866,5.378634453,0.387937307,99.96155548,3.020858765,4.374774933,251.3286285,255.2954102,11.67685318,65.5763855,Winter,0
12/7/2029,11.90638924,18.46386337,7.23267746,5.344500542,0.386188835,99.97136688,3.027077675,4.385264397,251.759491,255.6213074,11.55581284,65.68559265,Winter,0
12/8/2029,11.79897022,18.35988235,7.12620163,5.312466621,0.38453424,99.98139954,3.033059597,4.395374298,252.1162567,255.8773804,11.44106197,65.79219055,Winter,0
12/9/2029,11.69731617,18.26192856,7.024971962,5.282449245,0.382981002,99.99160767,3.038794518,4.405087948,252.4017639,256.0670776,11.33245277,65.89601135,Winter,0
12/10/2029,11.60126019,18.16982079,6.928863525,5.254361153,0.38153711,100.0019455,3.044271946,4.414390564,252.6192627,256.1940308,11.22981358,65.99690247,Winter,0
12/11/2029,11.51062393,18.08334732,6.837741852,5.22810936,0.380210429,100.0123749,3.049482822,4.423267841,252.7723236,256.2622375,11.13295555,66.09472656,Winter,0
12/12/2029,11.42520618,18.00228691,6.751441002,5.203596115,0.379008949,100.0228424,3.054418564,4.431706905,252.8648224,256.2758789,11.04166985,66.18936157,Winter,0
12/13/2029,11.34478664,17.9263916,6.669787407,5.180718422,0.377940118,100.0333023,3.059071541,4.439695358,252.9007874,256.2393494,10.95572662,66.28068542,Winter,0
12/14/2029,11.26913261,17.8554039,6.592585564,5.15937376,0.377011001,100.0436935,3.063435555,4.447224617,252.8845215,256.157196,10.87489223,66.36859131,Winter,0
12/15/2029,11.19800663,17.78905487,6.519633293,5.139452934,0.376228034,100.053978,3.067504406,4.454284191,252.8204651,256.0340881,10.79891491,66.45298767,Winter,0
12/16/2029,11.13115025,17.72706795,6.450706482,5.120847702,0.375596642,100.0640945,3.071274281,4.460868359,252.7131805,255.8747406,10.72753811,66.53378296,Winter,0
12/17/2029,11.06830406,17.66916275,6.385584831,5.103448868,0.375121415,100.0739975,3.07474184,4.466972351,252.567337,255.6839142,10.66050148,66.61089325,Winter,0
12/18/2029,11.00920773,17.6150589,6.32403183,5.087149143,0.37480554,100.0836258,3.077905655,4.4725914,252.3876038,255.4663239,10.59753704,66.68424225,Winter,0
12/19/2029,10.95359516,17.5644722,6.26581192,5.071837425,0.374651104,100.0929413,3.080764771,4.477725983,252.1786804,255.2267456,10.53838348,66.75374603,Winter,0
12/20/2029,10.90120697,17.51712036,6.210680962,5.057409286,0.374658823,100.1018829,3.083320141,4.482376575,251.9451599,254.9697266,10.48277664,66.81935883,Winter,0
12/21/2029,10.85177803,17.47273827,6.158401489,5.0437603,0.374827832,100.110405,3.08557415,4.48654604,251.6916351,254.699707,10.43045998,66.88098145,Winter,0
12/22/2029,10.80506611,17.43106079,6.108733177,5.030790329,0.375155777,100.1184616,3.087530613,4.49023962,251.4225006,254.4210052,10.38118935,66.938591,Winter,0
12/23/2029,10.76081657,17.39183426,6.061444283,5.018403053,0.375638753,100.1260071,3.089195251,4.493465424,251.1420898,254.1377258,10.33472061,66.99208832,Winter,0
12/24/2029,10.71880627,17.35482407,6.016304016,5.006505013,0.376271307,100.1330109,3.090574265,4.496232986,250.8544006,253.853714,10.29083061,67.04141235,Winter,0
12/25/2029,10.67880726,17.31980705,5.973093033,4.995010376,0.377046287,100.1394196,3.091676712,4.498553276,250.5633392,253.572464,10.24930859,67.08651733,Winter,0
12/26/2029,10.64062405,17.28657913,5.931599617,4.983838081,0.377955258,100.1452026,3.092511654,4.500441551,250.2724304,253.2973175,10.20995522,67.12732697,Winter,0
12/27/2029,10.60406208,17.25495911,5.891630173,4.972912788,0.378988057,100.150322,3.093091011,4.501914024,249.9850311,253.0312347,10.17259407,67.16377258,Winter,0
12/28/2029,10.56895351,17.22478104,5.852995872,4.962165356,0.380133241,100.1547623,3.093427181,4.502987862,249.7040863,252.7768402,10.13706398,67.19577789,Winter,0
12/29/2029,10.53515053,17.19590378,5.815526962,4.951535702,0.381378084,100.1584854,3.09353447,4.503684521,249.4322815,252.5363007,10.10322666,67.22328186,Winter,0
12/30/2029,10.50251579,17.16820908,5.779070854,4.940968513,0.382708758,100.1614838,3.093427181,4.504024982,249.1719055,252.3115845,10.07096195,67.24621582,Winter,0
12/31/2029,10.4709444,17.14160538,5.743489265,4.930416584,0.384110421,100.1637344,3.093123436,4.504034042,248.924942,252.1041412,10.04017353,67.26449585,Winter,0
1/1/2030,10.44035244,17.11601639,5.708662033,4.919842243,0.385567158,100.1652222,3.092639446,4.503736019,248.6929169,251.9151154,10.01078796,67.27804565,Winter,0
1/2/2030,10.41066933,17.09139633,5.674489021,4.909213066,0.387062699,100.165947,3.091994286,4.503158569,248.4770966,251.7451477,9.982748985,67.2868042,Winter,0
1/3/2030,10.38185501,17.06772995,5.640892982,4.898505211,0.388580054,100.1659088,3.091207981,4.50232935,248.2781982,251.5946045,9.956028938,67.29067993,Winter,0
1/4/2030,10.3538847,17.04500961,5.607806206,4.887703896,0.390102178,100.1651001,3.090299606,4.501276016,248.0967255,251.4634094,9.930617332,67.28959656,Winter,0
1/5/2030,10.32676125,17.02326202,5.575188637,4.87679863,0.391611695,100.1635361,3.089290142,4.500029087,247.9327393,251.3511353,9.906525612,67.28350067,Winter,0
1/6/2030,10.30051041,17.00253296,5.543016434,4.865788937,0.393091589,100.161232,3.088200569,4.49861908,247.7858887,251.2569427,9.883789063,67.27230835,Winter,0
1/7/2030,10.27517033,16.98289108,5.511289597,4.854682446,0.394525081,100.1581879,3.087052822,4.497075558,247.6555634,251.1796722,9.862460136,67.25595093,Winter,0
1/8/2030,10.25080299,16.96442032,5.480019569,4.843490124,0.395896077,100.1544495,3.085867882,4.495429993,247.5407104,251.1178741,9.842607498,67.23435974,Winter,0
1/9/2030,10.22748756,16.94722748,5.449242592,4.832232475,0.397189289,100.1500168,3.084667206,4.493711948,247.4400177,251.0697327,9.824322701,67.20748901,Winter,0
1/10/2030,10.20532513,16.93143082,5.419008255,4.820934772,0.398390323,100.1449356,3.083471775,4.491951942,247.3518677,251.0331573,9.807710648,67.17529297,Winter,0
1/11/2030,10.18442345,16.91716766,5.38938427,4.809628487,0.399486035,100.1392365,3.08230257,4.490178585,247.274353,251.0058136,9.792888641,67.13772583,Winter,0
1/12/2030,10.16491032,16.90458679,5.360452652,4.798350334,0.400464803,100.1329498,3.081180096,4.48842144,247.2053375,250.9851685,9.779982567,67.09474182,Winter,0
1/13/2030,10.14692593,16.89384842,5.332313538,4.787141323,0.401316583,100.1261215,3.080122948,4.486706734,247.1424103,250.968399,9.769143105,67.04634094,Winter,0
1/14/2030,10.13061523,16.88512039,5.305073738,4.776046753,0.402032852,100.1187897,3.0791502,4.485060215,247.0830231,250.952652,9.760509491,66.99249268,Winter,0
1/15/2030,10.11613178,16.87857056,5.278858185,4.765115738,0.402607232,100.1110077,3.078279018,4.483506203,247.0244751,250.934845,9.754244804,66.93321228,Winter,0
1/16/2030,10.10364628,16.87438583,5.253793716,4.754400253,0.403035253,100.1028137,3.077525139,4.482068062,246.9638519,250.9118347,9.750506401,66.86851501,Winter,0
1/17/2030,10.0933218,16.87273788,5.230025291,4.743955135,0.403314561,100.0942688,3.076904297,4.480764866,246.8982697,250.8803864,9.74946022,66.7984314,Winter,0
1/18/2030,10.08532524,16.87381363,5.207694054,4.733835697,0.403445095,100.0854111,3.076428413,4.479614735,246.824646,250.8372955,9.751265526,66.7230072,Winter,0
1/19/2030,10.07982922,16.87778473,5.186952591,4.724100113,0.403428853,100.0763016,3.076110363,4.478633881,246.7400208,250.7793579,9.756084442,66.64230347,Winter,0
1/20/2030,10.07699776,16.88482666,5.167955399,4.714806557,0.403270274,100.0669937,3.075959682,4.477835655,246.6412964,250.7033844,9.764080048,66.55641174,Winter,0
1/21/2030,10.0769968,16.89509964,5.150859833,4.706011772,0.402976066,100.0575409,3.075984478,4.477231026,246.5255585,250.6062469,9.775401115,66.46540833,Winter,0
1/22/2030,10.07998371,16.90876961,5.135816574,4.697774887,0.402555048,100.0479813,3.076191425,4.476827145,246.3898163,250.4849548,9.790186882,66.36943054,Winter,0
1/23/2030,10.08610821,16.92597771,5.12298584,4.690150261,0.402018368,100.0383911,3.076584339,4.47662878,246.231308,250.3366852,9.808582306,66.26860809,Winter,0
1/24/2030,10.09551144,16.94686127,5.11251545,4.68319416,0.401379287,100.028801,3.077165127,4.476638794,246.0473328,250.1587677,9.830706596,66.16307068,Winter,0
1/25/2030,10.10832214,16.97153473,5.104547501,4.676958084,0.400652975,100.0192719,3.077934742,4.476857185,245.8354034,249.9487152,9.856675148,66.05300903,Winter,0
1/26/2030,10.12465858,17.00011063,5.099225044,4.671492577,0.399856567,100.0098495,3.078891754,4.477279663,245.5931396,249.7042084,9.886584282,65.93859863,Winter,0
1/27/2030,10.14463043,17.03267288,5.096674919,4.666844368,0.39900884,100.0005798,3.080032349,4.477900028,245.3184662,249.4232635,9.920523643,65.82004547,Winter,0
1/28/2030,10.16832161,17.06930161,5.097021103,4.663058281,0.398130119,99.99150085,3.081350327,4.478709698,245.0094452,249.1041412,9.958553314,65.69755554,Winter,0
1/29/2030,10.19581127,17.11004639,5.100372314,4.660171509,0.397242039,99.98266602,3.082838535,4.479696274,244.6644897,248.7453461,10.00073051,65.57136536,Winter,0
1/30/2030,10.22715378,17.15494156,5.106830597,4.658220768,0.396367431,99.97409058,3.084488392,4.480846405,244.2821503,248.3456726,10.04709244,65.44172668,Winter,0
1/31/2030,10.26238918,17.20401001,5.116482735,4.65723896,0.395529896,99.96582794,3.086287975,4.482142925,243.8613892,247.9042358,10.09765434,65.30888367,Winter,0
2/1/2030,10.30154514,17.25724411,5.129402161,4.657251358,0.394753635,99.957901,3.088224888,4.483567715,243.4013214,247.4204559,10.15241623,65.17310333,Winter,0
2/2/2030,10.34462738,17.31463242,5.145650864,4.658280373,0.394063205,99.95033264,3.090285301,4.485099792,242.9014435,246.8940735,10.21136093,65.03466797,Winter,0
2/3/2030,10.39162636,17.37612534,5.16527462,4.66034317,0.393483311,99.94313812,3.09245348,4.48671627,242.361496,246.3250885,10.27445507,64.89385986,Winter,0
2/4/2030,10.4425087,17.441679,5.18830204,4.663454056,0.393038303,99.93635559,3.094713688,4.48839283,241.7815704,245.7138672,10.34164429,64.75097656,Winter,0
2/5/2030,10.49723148,17.51120758,5.214755058,4.667619705,0.392752171,99.92997742,3.097047329,4.490104198,241.1619873,245.0610504,10.41285896,64.60629272,Winter,0
2/6/2030,10.55573177,17.58462715,5.244631767,4.672842503,0.392647922,99.92401886,3.099436283,4.491824627,240.5033264,244.3675842,10.48801899,64.46009827,Winter,0
2/7/2030,10.61793327,17.66182709,5.277924538,4.679122925,0.39274773,99.91847992,3.101861954,4.493525982,239.8065491,243.6347046,10.56702328,64.31271362,Winter,0
2/8/2030,10.68374157,17.74269104,5.314600945,4.686451912,0.393072218,99.91337585,3.104304314,4.495180607,239.0727386,242.8638611,10.64975548,64.16439819,Winter,0
2/9/2030,10.75304604,17.82707977,5.354625702,4.694822311,0.393640459,99.90867615,3.106744766,4.496760845,238.30336,242.0568542,10.73609257,64.01546478,Winter,0
2/10/2030,10.82573414,17.91485023,5.397939682,4.704217911,0.394469738,99.90439606,3.109162331,4.49823904,237.5000305,241.2155762,10.82589531,63.86617661,Winter,0
2/11/2030,10.90166569,18.00584793,5.444479942,4.71461916,0.395575076,99.90050507,3.11153841,4.499587536,236.664566,240.3422394,10.91901207,63.71680069,Winter,0
2/12/2030,10.98070526,18.09990883,5.494161606,4.726005554,0.396969229,99.89698792,3.113853931,4.500779629,235.798996,239.4392395,11.01529503,63.56760406,Winter,0
2/13/2030,11.06269646,18.19686127,5.54690361,4.738350868,0.398662478,99.89382935,3.116090775,4.501790047,234.9055328,238.5090485,11.11457157,63.41883087,Winter,0
2/14/2030,11.14748096,18.29652214,5.602595329,4.751626968,0.400662392,99.89100647,3.11823082,4.502594948,233.9865112,237.5543213,11.21667385,63.27070618,Winter,0
2/15/2030,11.23489761,18.39872169,5.661135674,4.765802383,0.402973592,99.88847351,3.120257378,4.50317049,233.0443878,236.5778351,11.32142925,63.12345505,Winter,0
2/16/2030,11.32477379,18.5032711,5.722398758,4.780842781,0.405597746,99.88622284,3.12215662,4.503496647,232.0816803,235.5824432,11.42866135,62.97726822,Winter,0
2/17/2030,11.41693592,18.60999107,5.786269188,4.796714783,0.408533514,99.88420105,3.123913288,4.503554821,231.1010132,234.5709991,11.53819561,62.83232117,Winter,0
2/18/2030,11.51121235,18.71869659,5.852607727,4.813378811,0.411776334,99.88237762,3.125515461,4.5033288,230.1049957,233.5464172,11.64985085,62.68877029,Winter,0
2/19/2030,11.60743332,18.82921791,5.921285629,4.830799103,0.415318608,99.88071442,3.126953125,4.502803802,229.0963135,232.5116119,11.76345348,62.54675293,Winter,0
2/20/2030,11.70542145,18.94137573,5.992164612,4.848936081,0.419149458,99.87918091,3.12821722,4.501970291,228.0775604,231.4694672,11.87883854,62.4063797,Winter,0
2/21/2030,11.80501175,19.05500793,6.065098763,4.867749214,0.423254937,99.87771606,3.129301071,4.500819206,227.0513458,230.42276,11.9958353,62.26774216,Winter,0
2/22/2030,11.90603828,19.1699543,6.139953613,4.887201309,0.427617997,99.87628937,3.130199909,4.499345779,226.0201874,229.3741913,12.11429214,62.13090515,Winter,0
2/23/2030,12.0083437,19.28606415,6.216585159,4.907251358,0.432218701,99.87485504,3.13091135,4.497548103,224.9864655,228.3263855,12.2340517,61.99589539,Winter,0
2/24/2030,12.11178207,19.40319824,6.294857979,4.927861214,0.43703419,99.87337494,3.131435871,4.495427608,223.9524841,227.2818298,12.35497665,61.86274719,Winter,0
2/25/2030,12.2162056,19.52122688,6.374632835,4.948993683,0.442039043,99.87179565,3.131773949,4.49298811,222.9204407,226.2427826,12.47693539,61.73144531,Winter,0
2/26/2030,12.32148457,19.640028,6.455780029,4.970612526,0.447205395,99.87008667,3.131931782,4.490237713,221.8922882,225.2113647,12.59980202,61.60196686,Winter,0
2/27/2030,12.427495,19.75950241,6.538167953,4.992682934,0.452503055,99.86820984,3.131914616,4.487187862,220.8699036,224.1895752,12.72347355,61.47424698,Winter,0
2/28/2030,12.53412342,19.87955475,6.621682167,5.015171051,0.457899898,99.86611176,3.13173151,4.483852386,219.8548737,223.1790771,12.84785175,61.34820938,Winter,0
3/1/2030,12.6412735,20.00009918,6.706201553,5.038047791,0.463362068,99.8637619,3.131393909,4.480247974,218.8486786,222.1813965,12.97284698,61.22377777,Spring,1
3/2/2030,12.74885368,20.12107849,6.791620255,5.061281204,0.468854338,99.86112976,3.130914211,4.476396084,217.8525085,221.1977692,13.09839058,61.10081863,Spring,1
3/3/2030,12.85678768,20.24242783,6.877836227,5.08484745,0.47434026,99.85817719,3.130307198,4.472318172,216.8673096,220.229248,13.2244215,60.97920609,Spring,1
3/4/2030,12.96501446,20.36411667,6.964761734,5.108720779,0.47978282,99.85487366,3.129590988,4.468040943,215.8939209,219.2765961,13.35089111,60.85879898,Spring,1
3/5/2030,13.0734787,20.48610687,7.052310944,5.132879257,0.485144317,99.85120392,3.128782749,4.463591576,214.9328308,218.340332,13.47776508,60.73942184,Spring,1
3/6/2030,13.18214607,20.60838699,7.140411377,5.157304287,0.490387172,99.84712982,3.127903461,4.459001541,213.984375,217.4207611,13.60502434,60.62090683,Spring,1
3/7/2030,13.2909832,20.73094559,7.228996277,5.181979179,0.495473891,99.84264374,3.12697506,4.454301834,213.0485687,216.5178833,13.7326498,60.50307465,Spring,1
3/8/2030,13.39997768,20.8537941,7.318014145,5.206889153,0.50036782,99.83773041,3.126019001,4.44952631,212.1253357,215.6315308,13.86064816,60.38572311,Spring,1
3/9/2030,13.50912285,20.97694206,7.407418251,5.232023716,0.505033255,99.83236694,3.125060081,4.444710255,211.2142334,214.7612305,13.98902416,60.2686615,Spring,1
3/10/2030,13.61842346,21.10041618,7.497170448,5.257372856,0.509435534,99.82656097,3.12412262,4.439889431,210.314743,213.9063416,14.11779785,60.15168762,Spring,1
3/11/2030,13.72789764,21.22424316,7.587244034,5.282930374,0.513542116,99.82029724,3.123230934,4.435100555,209.4260559,213.0659943,14.24699593,60.03460312,Spring,1
3/12/2030,13.83756638,21.34845543,7.677622795,5.308690071,0.517322063,99.81357574,3.122411251,4.430380821,208.5472107,212.2391205,14.37665176,59.91720581,Spring,1
3/13/2030,13.94745827,21.47310066,7.768293381,5.334651947,0.520747006,99.80641174,3.121687889,4.425767422,207.6770935,211.4244537,14.50680542,59.79929733,Spring,1
3/14/2030,14.05761528,21.59821701,7.859256744,5.360814571,0.523791015,99.79881287,3.121086597,4.421297073,206.8144379,210.6206207,14.63750362,59.68069839,Spring,1
3/15/2030,14.16807652,21.72386169,7.950514793,5.387179375,0.526431203,99.79078674,3.120632172,4.417004585,205.95784,209.8260498,14.76879025,59.56121445,Spring,1
3/16/2030,14.27889347,21.85006905,8.042081833,5.413749218,0.528647661,99.78234863,3.120347977,4.412925243,205.1057739,209.039093,14.90071678,59.4406929,Spring,1
3/17/2030,14.39011478,21.97689438,8.133974075,5.44052887,0.53042388,99.77352905,3.120256901,4.409092903,204.2566071,208.2579498,15.03333759,59.31896591,Spring,1
3/18/2030,14.50179482,22.10437965,8.226216316,5.467524529,0.531746805,99.76434326,3.120381355,4.405539036,203.4087219,207.4807587,15.16670227,59.19589615,Spring,1
3/19/2030,14.61398506,22.23257065,8.318834305,5.49474144,0.532607019,99.75482941,3.120741367,4.402293682,202.5603027,206.7056885,15.30085945,59.07135391,Spring,1
3/20/2030,14.72674179,22.36150169,8.411857605,5.52218914,0.532999039,99.74501038,3.121355534,4.399382114,201.7096863,205.9306946,15.43585968,58.94524002,Spring,1
3/21/2030,14.84011555,22.49120712,8.505326271,5.549873352,0.532921016,99.73491669,3.122240543,4.396830559,200.8550415,205.1538849,15.57174492,58.81745148,Spring,1
3/22/2030,14.95415974,22.62171173,8.599272728,5.577804565,0.532375276,99.72459412,3.123411655,4.394659996,199.9947052,204.3733063,15.70855331,58.68793869,Spring,1
3/23/2030,15.06892014,22.75304031,8.693736076,5.605991364,0.531367779,99.71408081,3.124881268,4.392889023,199.1268921,203.5870667,15.8463192,58.55664063,Spring,1
3/24/2030,15.18443775,22.88519669,8.788757324,5.634442329,0.529908478,99.70342255,3.12665987,4.391532421,198.2500153,202.7932587,15.98506737,58.42353821,Spring,1
3/25/2030,15.30075169,23.01818848,8.884372711,5.663166046,0.528011143,99.69264984,3.128755093,4.390601635,197.3624725,201.9901276,16.1248188,58.28862381,Spring,1
3/26/2030,15.41789246,23.15200806,8.980620384,5.69217062,0.525693178,99.6818161,3.131171703,4.390105247,196.4628601,201.1759949,16.26558304,58.1519165,Spring,1
3/27/2030,15.53588581,23.28663254,9.077539444,5.721465111,0.522975445,99.67095947,3.133912563,4.39004612,195.5497894,200.3492889,16.4073658,58.01346207,Spring,1
3/28/2030,15.65475273,23.42204094,9.175162315,5.751055717,0.519882321,99.66013336,3.136977196,4.390425682,194.6220093,199.5084839,16.55015755,57.87332153,Spring,1
3/29/2030,15.77450085,23.55819702,9.273524284,5.780949593,0.516441286,99.64938354,3.140363216,4.391238213,193.6784821,198.6523132,16.69394684,57.73157501,Spring,1
3/30/2030,15.89513588,23.69505501,9.372652054,5.811152458,0.512682498,99.6387558,3.14406395,4.392477989,192.7182922,197.7796173,16.83870506,57.5883255,Spring,1
3/31/2030,16.01664925,23.83255386,9.472572327,5.841670036,0.508638978,99.62828827,3.148071766,4.39413166,191.7406616,196.8893585,16.98440361,57.4437027,Spring,1
4/1/2030,16.13902855,23.97063255,9.573307991,5.872505188,0.504345894,99.61803436,3.152373791,4.396184921,190.7449646,195.9806976,17.1309967,57.2978363,Spring,1
4/2/2030,16.26225853,24.10921478,9.67487812,5.903662205,0.499840319,99.60803986,3.15695715,4.398618698,189.7308655,195.0529938,17.27843475,57.15088654,Spring,1
4/3/2030,16.38630867,24.24822426,9.777294159,5.935143471,0.495160967,99.59833527,3.161805153,4.401408672,188.6980896,194.1057587,17.42665672,57.00301743,Spring,1
4/4/2030,16.51114082,24.38756561,9.880569458,5.966949463,0.490347892,99.588974,3.166898727,4.404530525,187.6466064,193.1387024,17.57559967,56.85441208,Spring,1
4/5/2030,16.63671684,24.52714539,9.984707832,5.999080658,0.485441834,99.57998657,3.172215939,4.407954216,186.5765533,192.1516876,17.72518158,56.70526123,Spring,1
4/6/2030,16.76298332,24.66686249,10.08971214,6.031536579,0.480484039,99.57141113,3.177733898,4.411646843,185.4882813,191.1447906,17.87533188,56.55576324,Spring,1
4/7/2030,16.88989067,24.80661583,10.19557953,6.06431675,0.475515813,99.56328583,3.183426857,4.415573597,184.3822174,190.1182709,18.02596092,56.40612411,Spring,1
4/8/2030,17.01737595,24.94629478,10.30230427,6.097417831,0.470577955,99.55563354,3.189267635,4.419697285,183.259079,189.0724792,18.17698097,56.25653839,Spring,1
4/9/2030,17.14538002,25.08579445,10.40987301,6.13083744,0.46571067,99.54849243,3.195227623,4.423977375,182.1196442,188.0080261,18.32830048,56.10720825,Spring,1
4/10/2030,17.27383423,25.2250061,10.51827812,6.164572239,0.460952848,99.54187012,3.201275826,4.428373337,180.9649353,186.9256744,18.47982407,55.95834732,Spring,1
4/11/2030,17.40267181,25.36382103,10.62750149,6.198618889,0.456341833,99.53580475,3.207381725,4.432842255,179.79599,185.8262329,18.63145828,55.81014252,Spring,1
4/12/2030,17.53181839,25.50213623,10.73752403,6.232971668,0.451912999,99.53030396,3.213513374,4.437339783,178.6141052,184.7107239,18.78310776,55.66278458,Spring,1
4/13/2030,17.66121292,25.63985252,10.84832668,6.267627716,0.447699428,99.52539063,3.219637871,4.441821575,177.4205627,183.5802307,18.93468285,55.51644135,Spring,1
4/14/2030,17.79077911,25.77688026,10.95988941,6.302580833,0.443731636,99.52106476,3.22572279,4.446242332,176.2168427,182.4360199,19.0860939,55.37128067,Spring,1
4/15/2030,17.92045593,25.91312981,11.07218742,6.337826729,0.440036952,99.51733398,3.231734753,4.450557709,175.0043793,181.2793884,19.237257,55.22745132,Spring,1
4/16/2030,18.05017662,26.04852486,11.18519878,6.373360634,0.436639607,99.51421356,3.237641811,4.454722881,173.7848511,180.1116638,19.38809013,55.08507538,Spring,1
4/17/2030,18.17988396,26.18300247,11.29890442,6.40917778,0.433560282,99.51169586,3.243411541,4.458694458,172.5597534,178.9343262,19.53852654,54.94426727,Spring,1
4/18/2030,18.30952454,26.31649971,11.41327953,6.445274353,0.430815876,99.50977325,3.249011993,4.46243,171.3308105,177.7487946,19.68850136,54.80510712,Spring,1
4/19/2030,18.43904877,26.44897842,11.52830505,6.481646538,0.428419352,99.50844574,3.254414558,4.465889454,170.0995941,176.5566254,19.8379612,54.66765594,Spring,1
4/20/2030,18.5684185,26.58041,11.64396286,6.518289566,0.426379561,99.50769806,3.259589672,4.469032764,168.8677979,175.3592529,19.98685837,54.53195572,Spring,1
4/21/2030,18.69760132,26.71077347,11.7602396,6.555200577,0.424701303,99.50751495,3.264510155,4.471823215,167.6369629,174.1582031,20.13516045,54.39801025,Spring,1
4/22/2030,18.82657051,26.84007263,11.87712097,6.592377663,0.423384845,99.50788879,3.269150734,4.474228382,166.4086914,172.954895,20.28284645,54.26580429,Spring,1
4/23/2030,18.95531082,26.96832085,11.9946003,6.629817963,0.422426403,99.50879669,3.273487568,4.476215363,165.1844482,171.750824,20.42990494,54.13528824,Spring,1
4/24/2030,19.08382416,27.09554672,12.11266994,6.667520523,0.421817631,99.51020813,3.277499199,4.477756977,163.9657135,170.5472717,20.57633972,54.0063858,Spring,1
4/25/2030,19.2121067,27.22179985,12.23132992,6.705483437,0.421546191,99.51211548,3.281167507,4.478827953,162.7537842,169.3456116,20.72217178,53.8789978,Spring,1
4/26/2030,19.34017944,27.34713745,12.35058022,6.743706703,0.421595424,99.51447296,3.28447628,4.47940588,161.5499115,168.1470642,20.8674221,53.75298309,Spring,1
4/27/2030,19.46806908,27.47164726,12.47043228,6.782190323,0.421944588,99.51727295,3.287410259,4.479475498,160.3552551,166.9527588,21.01214218,53.62818527,Spring,1
4/28/2030,19.59580612,27.59541321,12.59089661,6.820933342,0.422569424,99.52046967,3.289959431,4.479020596,159.1707764,165.7637329,21.15638161,53.50440979,Spring,1
4/29/2030,19.72344589,27.71855354,12.71198845,6.859937668,0.423441559,99.52404022,3.292114735,4.478032589,157.9974365,164.5809784,21.30021095,53.38144302,Spring,1
4/30/2030,19.85103989,27.84118462,12.83372974,6.899202347,0.424529642,99.52794647,3.293871403,4.476504803,156.8359528,163.4053345,21.44370842,53.25904846,Spring,1
5/1/2030,19.97865677,27.96344948,12.95614624,6.93873024,0.425798982,99.53216553,3.295226097,4.474434853,155.6869965,162.2375336,21.5869751,53.13695526,Spring,1
5/2/2030,20.10637283,28.08549118,13.07926846,6.97851944,0.427212179,99.53665161,3.296179295,4.471825123,154.5510254,161.0782166,21.73010635,53.01487732,Spring,1
5/3/2030,20.2342701,28.20747566,13.20312595,7.018571854,0.428729355,99.54138184,3.296733856,4.468680382,153.4284515,159.9279175,21.87322044,52.89251328,Spring,1
5/4/2030,20.36244583,28.32956886,13.32775974,7.058887482,0.430308461,99.54631805,3.296895027,4.465011597,152.3194885,158.7870483,22.01643944,52.76953506,Spring,1
5/5/2030,20.49099541,28.45195198,13.45320797,7.09946537,0.431905866,99.55142975,3.296671391,4.460830688,151.2242432,157.6559143,22.15989304,52.64561462,Spring,1
5/6/2030,20.62002563,28.57481003,13.57950687,7.140302658,0.433476508,99.55667877,3.296073914,4.45615387,150.1427155,156.5347595,22.30372047,52.520401,Spring,1
5/7/2030,20.74964333,28.69833183,13.70670986,7.181399345,0.434974611,99.56204224,3.295114994,4.451001167,149.0747986,155.4236755,22.4480629,52.39353561,Spring,1
5/8/2030,20.87996101,28.82271004,13.83485508,7.222751617,0.436353654,99.56747437,3.293810368,4.445396423,148.0202484,154.3227692,22.59306908,52.26465988,Spring,1
5/9/2030,21.01109695,28.94813728,13.96399212,7.264352798,0.437567383,99.5729599,3.2921772,4.439364433,146.9787598,153.2319489,22.73888397,52.13340759,Spring,1
5/10/2030,21.14316368,29.07480621,14.09416294,7.30619812,0.438569754,99.57846069,3.290235043,4.432932854,145.9499359,152.1511536,22.88565826,51.99942017,Spring,1
5/11/2030,21.27627945,29.20291138,14.22541142,7.348278999,0.439315617,99.58395386,3.288004398,4.426133156,144.9333191,151.0802155,23.03353691,51.86233902,Spring,1
5/12/2030,21.41055298,29.33263397,14.35778332,7.390584946,0.439761043,99.58940887,3.285507679,4.418996811,143.9283905,150.0190125,23.18267059,51.72181702,Spring,1
5/13/2030,21.54609489,29.46414948,14.49131298,7.433105469,0.439863801,99.59481049,3.282767296,4.411557674,142.9345856,148.9672546,23.33319092,51.57751083,Spring,1
5/14/2030,21.6830101,29.59763336,14.62603855,7.475823402,0.439583778,99.60012817,3.279808521,4.403851032,141.9513245,147.9247284,23.48523331,51.42910385,Spring,1
5/15/2030,21.82139587,29.7332325,14.76199055,7.518725395,0.438883126,99.60534668,3.276655674,4.395911694,140.9780426,146.8912354,23.63892937,51.27629089,Spring,1
5/16/2030,21.96134186,29.87110138,14.89919376,7.561792374,0.437727034,99.61045074,3.273333549,4.387776852,140.0141449,145.8665619,23.79438972,51.11879349,Spring,1
5/17/2030,22.10292816,30.01136589,15.03766918,7.604999542,0.436083585,99.61540985,3.269867897,4.379482269,139.0590363,144.8504944,23.95172119,50.9563446,Spring,1
5/18/2030,22.24622726,30.15414238,15.17743015,7.648324966,0.433924466,99.62023163,3.266283512,4.371063709,138.1122437,143.8428497,24.11101151,50.78871918,Spring,1
5/19/2030,22.39129257,30.29952431,15.31848049,7.691741943,0.431224972,99.62488556,3.262604713,4.362557411,137.1733246,142.8435822,24.27234459,50.61571503,Spring,1
5/20/2030,22.53817558,30.44758797,15.46081448,7.735219955,0.427964389,99.62936401,3.25885582,4.353996277,136.2418365,141.8526154,24.43577576,50.43716049,Spring,1
5/21/2030,22.68690491,30.59838676,15.60442257,7.778729439,0.424126178,99.63367462,3.255059242,4.345414162,135.3174591,140.8699646,24.60135651,50.25292587,Spring,1
5/22/2030,22.8374958,30.75196075,15.74928379,7.8222332,0.419697881,99.63778687,3.251237392,4.33684206,134.4000092,139.895752,24.76911163,50.06291199,Spring,1
5/23/2030,22.98995018,30.90831757,15.89536381,7.865696907,0.414671749,99.641716,3.247409821,4.328310013,133.4893341,138.9301758,24.93905067,49.8670578,Spring,1
5/24/2030,23.14425468,31.06744766,16.04262352,7.909079552,0.409044325,99.64544678,3.243596077,4.319843769,132.5854492,137.9735413,25.11116982,49.66534042,Spring,1
5/25/2030,23.30037498,31.2293148,16.19100761,7.952340126,0.402816832,99.64898682,3.239812374,4.311468601,131.6884613,137.0262146,25.28543282,49.45777893,Spring,1
5/26/2030,23.4582634,31.39385605,16.34045219,7.995436668,0.395994902,99.65233612,3.236074448,4.303206444,130.7986145,136.0887299,25.46179581,49.2444458,Spring,1
5/27/2030,23.61785889,31.5609951,16.49088287,8.038323402,0.388588697,99.65548706,3.232394218,4.295075893,129.9162445,135.1616669,25.64018822,49.02543259,Spring,1
5/28/2030,23.7790699,31.73061943,16.64221764,8.080953598,0.38061291,99.65844727,3.228782654,4.287092209,129.0419464,134.2457886,25.82052422,48.80088425,Spring,1
5/29/2030,23.94180298,31.90260124,16.79435539,8.123279572,0.372086287,99.66122437,3.22524786,4.279267788,128.1762848,133.3418732,26.00269127,48.5709877,Spring,1
5/30/2030,24.10593605,32.07678223,16.94719505,8.165254593,0.363031983,99.66381836,3.221796036,4.271613121,127.3200836,132.450882,26.18656731,48.33597183,Spring,1
5/31/2030,24.27133751,32.25299835,17.10061646,8.206828117,0.353476882,99.66623688,3.218430519,4.264132023,126.4742203,131.5738373,26.37200165,48.09609985,Spring,1
6/1/2030,24.4378643,32.43104553,17.25449181,8.247952461,0.343451589,99.66847992,3.21515131,4.256828308,125.6397476,130.7118683,26.55882645,47.85166931,Summer,2
6/2/2030,24.60534668,32.61071014,17.40868759,8.288578033,0.332990289,99.67057037,3.211958408,4.249700069,124.8177795,129.8661499,26.74687004,47.60302734,Summer,2
6/3/2030,24.77360725,32.79175568,17.56306267,8.328658104,0.322130144,99.67250061,3.208847046,4.242742538,124.0096207,129.0380096,26.93592834,47.35054016,Summer,2
6/4/2030,24.94246101,32.97393036,17.71746063,8.368144989,0.310911208,99.67428589,3.205811024,4.235948563,123.2165909,128.2288055,27.12579155,47.09462357,Summer,2
6/5/2030,25.11170197,33.15697479,17.87172318,8.406993866,0.29937616,99.67592621,3.202841759,4.229306221,122.4401474,127.4398956,27.31623268,46.83571625,Summer,2
6/6/2030,25.2811203,33.34060669,18.02568817,8.445159912,0.287569523,99.6774292,3.199927807,4.222803116,121.6817932,126.6727371,27.50701714,46.57427216,Summer,2
6/7/2030,25.45049667,33.52453995,18.17918587,8.48260498,0.275537878,99.67881775,3.197057724,4.21642065,120.9430923,125.9288101,27.69789505,46.3107872,Summer,2
6/8/2030,25.6196022,33.70846558,18.33204269,8.51928997,0.263329118,99.6800766,3.194215775,4.210140705,120.2256393,125.2095795,27.88861656,46.04577255,Summer,2
6/9/2030,25.78820038,33.89209366,18.48408127,8.55518055,0.250991851,99.68122864,3.191386223,4.203940392,119.5310669,124.5164719,28.07891655,45.77975464,Summer,2
6/10/2030,25.95606041,34.07510376,18.63512802,8.590246201,0.238575712,99.68227386,3.188550949,4.197797298,118.8609924,123.8509521,28.26852798,45.51327515,Summer,2
6/11/2030,26.12294006,34.25718689,18.78499794,8.624459267,0.226130232,99.68321228,3.185691357,4.191684723,118.2170334,123.2143936,28.45718384,45.24689484,Summer,2
6/12/2030,26.28859901,34.43803024,18.93352318,8.657799721,0.213704795,99.68405914,3.182786465,4.185575485,117.6007156,122.6081619,28.64461327,44.98117828,Summer,2
6/13/2030,26.45279884,34.61733246,19.08051872,8.690248489,0.20134832,99.68481445,3.179815769,4.179441929,117.0136185,122.0334396,28.83055115,44.71669388,Summer,2
6/14/2030,26.61530495,34.79477692,19.22582054,8.721793175,0.1891087,99.68547821,3.176758289,4.17325449,116.4571381,121.4914246,29.01472473,44.45400238,Summer,2
6/15/2030,26.77588463,34.9700737,19.36925888,8.752429962,0.17703259,99.68605804,3.173592091,4.166984081,115.9326019,120.9831314,29.19688034,44.19368744,Summer,2
6/16/2030,26.93431091,35.14292908,19.51067543,8.782155991,0.165164992,99.68655396,3.170295238,4.160601139,115.4412079,120.5094986,29.37676239,43.93629837,Summer,2
6/17/2030,27.09037399,35.31307602,19.64990997,8.810976982,0.153548986,99.68696594,3.166846275,4.154076099,114.9841156,120.0712357,29.55412483,43.68239594,Summer,2
6/18/2030,27.24386215,35.48023987,19.78681755,8.838905334,0.142225385,99.68730164,3.163224697,4.147380352,114.5622101,119.6689682,29.72873306,43.43252182,Summer,2
6/19/2030,27.39457703,35.64416885,19.92126274,8.865958214,0.131232589,99.68756104,3.159410477,4.14048624,114.1762619,119.3031387,29.90036201,43.18719482,Summer,2
6/20/2030,27.54233551,35.80463409,20.05311775,8.892159462,0.120606236,99.68772888,3.155384064,4.133368015,113.8268661,118.973999,30.06880569,42.94693756,Summer,2
6/21/2030,27.68696404,35.96141815,20.18225861,8.917539597,0.110379249,99.68782043,3.151128292,4.126000881,113.5144043,118.681572,30.23386002,42.7122345,Summer,2
6/22/2030,27.82831001,36.11432648,20.30858612,8.942134857,0.100581296,99.68782806,3.146626472,4.11836195,113.23909,118.425705,30.39535332,42.48355103,Summer,2
6/23/2030,27.96622467,36.26316833,20.43200111,8.965989113,0.091238767,99.68775177,3.141864777,4.110431194,113.0008392,118.2061005,30.55311203,42.26133728,Summer,2
6/24/2030,28.10058594,36.4078064,20.55242729,8.989151955,0.08237505,99.68759155,3.13683033,4.102191448,112.799469,118.0221786,30.70699883,42.04600143,Summer,2
6/25/2030,28.23127937,36.54808807,20.66979027,9.011676788,0.074009977,99.68733978,3.131512642,4.093627453,112.6344833,117.8731232,30.85687447,41.83794403,Summer,2
6/26/2030,28.35821342,36.68390656,20.78403854,9.033624649,0.066160373,99.68699646,3.12590456,4.084727287,112.5051727,117.7580109,31.00263214,41.63751984,Summer,2
6/27/2030,28.48131371,36.81516266,20.89512634,9.055062294,0.05883934,99.68656158,3.120000362,4.075483799,112.4105606,117.6756439,31.14417648,41.44506073,Summer,2
6/28/2030,28.60051537,36.94179153,21.00302505,9.076058388,0.052056801,99.68603516,3.113797665,4.065890789,112.3495865,117.624588,31.28143311,41.26086426,Summer,2
6/29/2030,28.71578217,37.06373596,21.10771942,9.096690178,0.045819823,99.68540192,3.107295513,4.055947781,112.3207932,117.6033173,31.41433716,41.08520889,Summer,2
6/30/2030,28.82707977,37.18097687,21.20920563,9.117035866,0.040132027,99.68467712,3.100497246,4.045657158,112.3226471,117.6100082,31.54285431,40.91833878,Summer,2
7/1/2030,28.93440056,37.29349518,21.30749321,9.137177467,0.034994364,99.68384552,3.093408108,4.035024166,112.3533325,117.642807,31.66695786,40.76045609,Summer,2
7/2/2030,29.03774834,37.40129852,21.40260506,9.157201767,0.030404931,99.68291473,3.086036205,4.024059296,112.4108963,117.699585,31.78664207,40.61174393,Summer,2
7/3/2030,29.13713837,37.50442505,21.49456978,9.177194595,0.02635945,99.68188477,3.078392982,4.012776375,112.4931335,117.7780838,31.9019146,40.4723587,Summer,2
7/4/2030,29.2326088,37.60290527,21.58343124,9.197249413,0.022851313,99.68074036,3.070492268,4.00119257,112.5977936,117.8759766,32.01279068,40.34241486,Summer,2
7/5/2030,29.32419777,37.69680023,21.66924667,9.217453003,0.019871838,99.67950439,3.062351227,3.989328384,112.7223969,117.9908066,32.11930847,40.2220192,Summer,2
7/6/2030,29.41196251,37.7861824,21.75206566,9.237896919,0.017410535,99.67816162,3.053988457,3.977208853,112.8643875,118.120018,32.22150803,40.11124802,Summer,2
7/7/2030,29.49596405,37.87113953,21.83197021,9.258671761,0.015455699,99.67672729,3.045425415,3.964861631,113.0210953,118.261055,32.31945038,40.01014709,Summer,2
7/8/2030,29.57627869,37.95175171,21.9090271,9.279867172,0.013994241,99.67518616,3.036687374,3.952317238,113.189827,118.4112473,32.41319275,39.91875458,Summer,2
7/9/2030,29.65298462,38.02812195,21.98331833,9.301570892,0.013012186,99.6735611,3.027800083,3.939610004,113.3677444,118.5679932,32.5028038,39.83707428,Summer,2
7/10/2030,29.72616196,38.10035324,22.05492783,9.323866844,0.01249523,99.67184448,3.018790722,3.926775694,113.5521011,118.728653,32.58835983,39.76511002,Summer,2
7/11/2030,29.79590034,38.16855621,22.12394333,9.346837044,0.012428346,99.67005157,3.009690285,3.913853884,113.740097,118.8906403,32.66993332,39.7028389,Summer,2
7/12/2030,29.86228752,38.23283386,22.19044876,9.370559692,0.012796965,99.66818237,3.000530243,3.900884867,113.9290009,119.0514603,32.74760437,39.65023422,Summer,2
7/13/2030,29.92540932,38.29330063,22.25453568,9.395105362,0.013586818,99.66624451,2.991343021,3.887911797,114.1161041,119.208725,32.82144547,39.60725403,Summer,2
7/14/2030,29.98535538,38.35005188,22.31628799,9.420542717,0.014783962,99.66424561,2.982162952,3.874978542,114.2988129,119.3600616,32.89153671,39.57385254,Summer,2
7/15/2030,30.0422039,38.4031868,22.37578964,9.446933746,0.016375538,99.6621933,2.973023415,3.862129688,114.4746475,119.5033646,32.95794296,39.54998779,Summer,2
7/16/2030,30.09603882,38.45279694,22.43311882,9.474331856,0.018349711,99.66010284,2.963960171,3.849411249,114.6412811,119.6366348,33.02072525,39.53559875,Summer,2
7/17/2030,30.14692497,38.49896622,22.48834991,9.502784729,0.02069612,99.65798187,2.95500803,3.83686924,114.7965775,119.75811,33.07994461,39.53063583,Summer,2
7/18/2030,30.19492531,38.54177094,22.54154587,9.532331467,0.02340569,99.65583801,2.946201324,3.824549198,114.9385071,119.8661346,33.13564301,39.53505325,Summer,2
7/19/2030,30.24009514,38.58125305,22.59277153,9.563004494,0.026471319,99.65369415,2.93757534,3.812496662,115.0653839,119.9593658,33.18785095,39.54880524,Summer,2
7/20/2030,30.28247643,38.61747742,22.64206886,9.594826698,0.029887548,99.65155029,2.929162979,3.800755501,115.1756363,120.0367355,33.23660278,39.57184219,Summer,2
7/21/2030,30.32209969,38.65045547,22.68948174,9.627811432,0.033651058,99.64942169,2.920996666,3.789369583,115.268074,120.097374,33.2818985,39.60414886,Summer,2
7/22/2030,30.35898399,38.68021774,22.73504066,9.661963463,0.037760362,99.64732361,2.913108826,3.77837944,115.3416595,120.1406479,33.32374191,39.64569473,Summer,2
7/23/2030,30.39312744,38.70674896,22.77876091,9.697277069,0.042216226,99.64526367,2.905527592,3.767825365,115.3957062,120.1663284,33.36212158,39.69646835,Summer,2
7/24/2030,30.42453194,38.73003387,22.8206501,9.733739853,0.047021635,99.64326477,2.898281097,3.757743597,115.4298248,120.174408,33.39699173,39.75646973,Summer,2
7/25/2030,30.45316315,38.75003433,22.86069679,9.771324158,0.052181296,99.6413269,2.891395092,3.748168945,115.4439468,120.1651535,33.42831802,39.82570648,Summer,2
7/26/2030,30.47899055,38.76669693,22.89888,9.809998512,0.057702277,99.63948059,2.884892941,3.739132643,115.4382706,120.1391602,33.45602417,39.90419769,Summer,2
7/27/2030,30.50195503,38.77994156,22.93517685,9.849720001,0.063593417,99.6377182,2.87879467,3.730663061,115.4133377,120.0973282,33.4800415,39.99198914,Summer,2
7/28/2030,30.52199554,38.78968811,22.9695282,9.890432358,0.06986545,99.63607025,2.873118401,3.722784519,115.3699799,120.0408401,33.50027466,40.08911133,Summer,2
7/29/2030,30.53902245,38.79581833,23.00188446,9.9320755,0.076530531,99.63453674,2.867879391,3.715517998,115.309433,119.971199,33.51660919,40.19563675,Summer,2
7/30/2030,30.55294418,38.79821396,23.03216553,9.974578857,0.083602645,99.63312531,2.863089085,3.708880663,115.2331161,119.8900986,33.52894211,40.31161499,Summer,2
7/31/2030,30.56365776,38.79674149,23.06029701,10.01785851,0.091096647,99.63186646,2.858756065,3.702885389,115.142807,119.7995529,33.537117,40.43714142,Summer,2
8/1/2030,30.5710392,38.79124069,23.08617783,10.06182957,0.099028751,99.63075256,2.854886055,3.697541952,115.0405731,119.7018738,33.54100418,40.57229614,Summer,2
8/2/2030,30.5749588,38.78155899,23.10969734,10.10639381,0.107415661,99.62979889,2.851480961,3.692854166,114.9287643,119.5994873,33.54043579,40.71715546,Summer,2
8/3/2030,30.57527161,38.76751709,23.13074684,10.15144825,0.116274543,99.62900543,2.848539352,3.688822508,114.8098526,119.4951401,33.53525925,40.87182617,Summer,2
8/4/2030,30.57184219,38.74893951,23.14919853,10.19688416,0.125622824,99.62839508,2.846056461,3.685443401,114.6867599,119.3917007,33.52529144,41.03639984,Summer,2
8/5/2030,30.56450462,38.72563171,23.1649189,10.24258232,0.135477602,99.62796783,2.844025135,3.68270874,114.5624237,119.2922287,33.51036453,41.21097946,Summer,2
8/6/2030,30.55310822,38.69741058,23.17776871,10.28842449,0.14585568,99.62772369,2.842432976,3.68060708,114.4400482,119.1999054,33.49028778,41.39565659,Summer,2
8/7/2030,30.53748894,38.66408157,23.187603,10.33428288,0.156772688,99.62767029,2.841266632,3.679121256,114.3229523,119.1180115,33.46488953,41.59052277,Summer,2
8/8/2030,30.51748466,38.62545395,23.19427109,10.38002586,0.168243304,99.62781525,2.840507507,3.678232193,114.2145767,119.0499191,33.43398285,41.79564667,Summer,2
8/9/2030,30.49293137,38.58133698,23.19762611,10.4255228,0.180280641,99.62815857,2.840136051,3.677915812,114.1185532,118.9990768,33.39738846,42.01111603,Summer,2
8/10/2030,30.46367645,38.53155136,23.19751549,10.47063637,0.192895859,99.62870026,2.840128422,3.678144455,114.0383759,118.9688721,33.35493851,42.23697662,Summer,2
8/11/2030,30.42956161,38.47592545,23.19378662,10.51523113,0.206097946,99.62943268,2.84045887,3.678888559,113.9777985,118.9627609,33.30646515,42.47327423,Summer,2
8/12/2030,30.3904438,38.4142952,23.18629646,10.55916977,0.219893306,99.63037109,2.841100693,3.680114269,113.9403229,118.9840546,33.25181198,42.72002411,Summer,2
8/13/2030,30.34618568,38.34650803,23.17490005,10.602314,0.234285638,99.63150024,2.842021465,3.681785822,113.9296417,119.0361176,33.19083405,42.97722626,Summer,2
8/14/2030,30.29665947,38.27243423,23.15945435,10.64452744,0.249275416,99.63282013,2.843190193,3.683864355,113.9491806,119.1220322,33.12340546,43.24485779,Summer,2
8/15/2030,30.24175262,38.1919632,23.13983727,10.68567562,0.264859855,99.63433075,2.844573021,3.686310291,114.0023727,119.2448578,33.04940796,43.52285767,Summer,2
8/16/2030,30.18137169,38.1049881,23.11592293,10.72562599,0.281032443,99.6360321,2.846135139,3.689081192,114.092453,119.4074631,32.96874619,43.8111496,Summer,2
8/17/2030,30.11543083,38.01145172,23.08760452,10.7642498,0.297782987,99.63790131,2.847839832,3.692132711,114.2225494,119.6125031,32.88134384,44.10960388,Summer,2
8/18/2030,30.04387093,37.91128922,23.05478287,10.80142498,0.315097213,99.63994598,2.849649906,3.695421934,114.3954697,119.8623734,32.78714752,44.41807556,Summer,2
8/19/2030,29.96664619,37.80449295,23.01737213,10.8370285,0.332956821,99.64215851,2.851529121,3.698902607,114.6139221,120.1592407,32.68613434,44.73636627,Summer,2
8/20/2030,29.88372993,37.69105911,22.97530174,10.87094498,0.35133931,99.64452362,2.853439331,3.702530861,114.8802719,120.5050354,32.57827759,45.06425476,Summer,2
8/21/2030,29.79512787,37.57102966,22.92852211,10.90306854,0.370217741,99.64704132,2.855343342,3.706260681,115.1966248,120.9013519,32.46361923,45.401474,Summer,2
8/22/2030,29.70086479,37.44445801,22.87698746,10.9332962,0.389561087,99.64970398,2.85720396,3.710048914,115.5647736,121.3494415,32.34218597,45.74771118,Summer,2
8/23/2030,29.60098267,37.31143951,22.82068634,10.96153069,0.409333974,99.65249634,2.858985424,3.713851452,115.9862213,121.850296,32.21405792,46.10260773,Summer,2
8/24/2030,29.49555016,37.17209625,22.75961113,10.9876852,0.429496735,99.6554184,2.860652447,3.717625618,116.4620819,122.404541,32.07933044,46.46577454,Summer,2
8/25/2030,29.38466263,37.02658844,22.6937809,11.01167965,0.4500058,99.65844727,2.86217165,3.721332073,116.9932098,123.0124817,31.93813324,46.83678055,Summer,2
8/26/2030,29.26844597,36.87509155,22.62322807,11.03344059,0.470813304,99.66159058,2.863510609,3.724931479,117.5799637,123.6740189,31.7906208,47.2151413,Summer,2
8/27/2030,29.14703941,36.71782684,22.54801559,11.05290318,0.49186793,99.66483307,2.864639282,3.728388071,118.2224731,124.3887482,31.63697815,47.60034561,Summer,2
8/28/2030,29.02061081,36.55503845,22.46821404,11.070014,0.513114631,99.66815948,2.86552906,3.73166728,118.9204102,125.1559372,31.47740746,47.99182129,Summer,2
8/29/2030,28.88934708,36.38698578,22.38391304,11.08472157,0.534495115,99.67156982,2.866154194,3.734739304,119.6731644,125.9744415,31.31214523,48.38897705,Summer,2
8/30/2030,28.75346756,36.213974,22.29522896,11.09698963,0.555948019,99.67505646,2.866491795,3.737575293,120.4796753,126.8428345,31.14145279,48.79117584,Summer,2
8/31/2030,28.61320305,36.03633499,22.20229149,11.10678482,0.577409387,99.67860413,2.866519928,3.740150213,121.3385925,127.7593765,30.9656086,49.19775009,Summer,2
9/1/2030,28.46880531,35.85439682,22.1052475,11.11408615,0.598812997,99.68222046,2.866221905,3.7424438,122.2482147,128.7220306,30.78491783,49.60799789,Autumn,3
9/2/2030,28.32055092,35.66853714,22.0042572,11.11887741,0.620090723,99.68588257,2.865581989,3.744437218,123.2064743,129.7284241,30.59970284,50.02118301,Autumn,3
9/3/2030,28.16872215,35.47914124,21.89950562,11.12115097,0.641172707,99.68959045,2.864587784,3.746117115,124.2110977,130.7759247,30.41030502,50.43654633,Autumn,3
9/4/2030,28.01362228,35.28660583,21.79117775,11.12090683,0.661988199,99.69334412,2.863231659,3.747472525,125.2594528,131.8617249,30.21708298,50.85331345,Autumn,3
9/5/2030,27.85556984,35.09135056,21.67948341,11.11815262,0.682465971,99.6971283,2.861506939,3.748496532,126.3486633,132.9828033,30.02040291,51.27067947,Autumn,3
9/6/2030,27.69488716,34.89379883,21.56463814,11.11290264,0.702534437,99.70094299,2.859411716,3.749186754,127.4756012,134.135849,29.82064819,51.68783569,Autumn,3
9/7/2030,27.53190231,34.69437408,21.44686508,11.10517502,0.72212261,99.70479584,2.856945515,3.749542952,128.6369934,135.3174896,29.6182003,52.10394669,Autumn,3
9/8/2030,27.36696243,34.49352264,21.32639885,11.0949955,0.741159976,99.70866394,2.854113102,3.749570608,129.829361,136.5242462,29.41345787,52.51818466,Autumn,3
9/9/2030,27.20038795,34.29167938,21.20347595,11.0823946,0.759577572,99.71255493,2.850921154,3.749276876,131.0491028,137.7525177,29.20681572,52.92971802,Autumn,3
9/10/2030,27.03253555,34.08927155,21.07834053,11.06740856,0.777308226,99.71646881,2.847378731,3.748674154,132.292511,138.9986267,28.99866676,53.33771515,Autumn,3
9/11/2030,26.8637352,33.88673401,20.95123291,11.05007458,0.794286907,99.72039795,2.84349966,3.74777627,133.5558167,140.2589264,28.78939819,53.7413559,Autumn,3
9/12/2030,26.69431305,33.68447876,20.82239914,11.03043556,0.810451448,99.72434235,2.839298725,3.746602297,134.8352051,141.5297852,28.57939529,54.1398201,Autumn,3
9/13/2030,26.52459717,33.48291397,20.69207764,11.00853634,0.825742662,99.728302,2.834794521,3.745172501,136.1269226,142.8076324,28.36903381,54.5323143,Autumn,3
9/14/2030,26.35489655,33.28242493,20.56050682,10.98442364,0.840105176,99.73227692,2.830007076,3.743510485,137.4271851,144.0889587,28.15867043,54.91807556,Autumn,3
9/15/2030,26.18550491,33.08338928,20.42791748,10.95814705,0.85348773,99.73625946,2.824958801,3.741642952,138.7323761,145.3703918,27.94865227,55.29634476,Autumn,3
9/16/2030,26.01670647,32.88614655,20.29452705,10.92975521,0.865842819,99.74026489,2.819675922,3.739598036,140.0389252,146.6487885,27.73930931,55.66641617,Autumn,3
9/17/2030,25.84876633,32.69102478,20.16054726,10.89929867,0.877128303,99.74427795,2.814184189,3.737406731,141.3435059,147.9210968,27.53094292,56.02760696,Autumn,3
9/18/2030,25.68192291,32.4983139,20.02618217,10.86682987,0.887306869,99.74829865,2.808512688,3.735100746,142.642868,149.1845398,27.32383919,56.37926483,Autumn,3
9/19/2030,25.51639748,32.30828476,19.89161301,10.8323946,0.896346152,99.75233459,2.802690983,3.732714176,143.934082,150.4365845,27.11826134,56.72080231,Autumn,3
9/20/2030,25.35238457,32.12117004,19.75701141,10.79604244,0.904219806,99.75637817,2.796749592,3.73028183,145.2144165,151.6749878,26.91443062,57.05166626,Autumn,3
9/21/2030,25.19005203,31.93716621,19.62252426,10.75782108,0.91090709,99.76042938,2.790720463,3.727838993,146.4814301,152.8977966,26.71255684,57.37135315,Autumn,3
9/22/2030,25.02954292,31.7564373,19.48829079,10.71777344,0.916392684,99.76449585,2.784636497,3.725422621,147.7329712,154.103363,26.51280785,57.67940903,Autumn,3
9/23/2030,24.87096977,31.5791111,19.35442734,10.67594528,0.920667827,99.76856232,2.778531551,3.723068237,148.9672546,155.2903748,26.31532669,57.97544098,Autumn,3
9/24/2030,24.71441841,31.40527916,19.22102737,10.63237286,0.92372936,99.77263641,2.772437096,3.720813513,150.1827545,156.4579163,26.12021828,58.25912476,Autumn,3
9/25/2030,24.55993652,31.23498726,19.08815765,10.58709717,0.925580561,99.77670288,2.766387463,3.718693495,151.378418,157.6053619,25.92755699,58.53017426,Autumn,3
9/26/2030,24.40754509,31.06824684,18.95587921,10.54014969,0.926230073,99.78077698,2.760415554,3.716744661,152.5534668,158.7324982,25.7373867,58.78837967,Autumn,3
9/27/2030,24.25724411,30.90503502,18.82421684,10.4915638,0.925692976,99.78483582,2.754553318,3.715001583,153.7074738,159.8394623,25.54971123,59.03358078,Autumn,3
9/28/2030,24.1089859,30.74527931,18.69317818,10.4413662,0.923989952,99.78888702,2.748832703,3.7134974,154.8404999,160.9268036,25.36450386,59.26569366,Autumn,3
9/29/2030,23.96270752,30.58888435,18.56274796,10.38958168,0.921147168,99.79292297,2.743284225,3.712265015,155.9529266,161.9953308,25.18170547,59.48469162,Autumn,3
9/30/2030,23.81830215,30.43570137,18.43289185,10.33623409,0.917196453,99.79692841,2.737937927,3.711334705,157.0454865,163.0462952,25.00122452,59.69061661,Autumn,3
10/1/2030,23.67564774,30.28556442,18.303545,10.2813406,0.912174582,99.80091095,2.732821465,3.710736275,158.1192627,164.0812531,24.82294273,59.88355637,Autumn,3
10/2/2030,23.53458786,30.13825798,18.17463303,10.22491932,0.906123221,99.80485535,2.727962494,3.710496426,159.1758118,165.1021271,24.64669991,60.06367493,Autumn,3
10/3/2030,23.39494133,29.99354553,18.04605675,10.1669836,0.899088502,99.80875397,2.723385811,3.710640192,160.2168579,166.1110382,24.47232246,60.23118973,Autumn,3
10/4/2030,23.25650978,29.85115814,17.91769409,10.10754395,0.891120732,99.81259155,2.719115257,3.711191177,161.2445831,167.1105042,24.29960251,60.38637924,Autumn,3
10/5/2030,23.11906052,29.71080017,17.78941536,10.04661083,0.88227427,99.81637573,2.715172291,3.712169409,162.2613678,168.1032257,24.12830925,60.52957535,Autumn,3
10/6/2030,22.98235321,29.57215118,17.66106606,9.984192848,0.872606397,99.82008362,2.711576462,3.713594198,163.2699585,169.0921936,23.95819664,60.6611557,Autumn,3
10/7/2030,22.84612274,29.43487358,17.53247833,9.920295715,0.862177551,99.82370758,2.708346367,3.715480089,164.2732239,170.0804901,23.78899384,60.78155899,Autumn,3
10/8/2030,22.71009254,29.29860878,17.40347862,9.854926109,0.851050794,99.82723999,2.705497265,3.717841625,165.274353,171.0714569,23.62041855,60.89125443,Autumn,3
10/9/2030,22.57397842,29.16298676,17.27387238,9.78809166,0.839291096,99.83066559,2.703042984,3.720689297,166.2766418,172.0684967,23.45216942,60.99077606,Autumn,3
10/10/2030,22.43747711,29.02762604,17.14346504,9.719798088,0.826964736,99.83398438,2.700994968,3.724032402,167.2835693,173.0751801,23.28394127,61.08067322,Autumn,3
10/11/2030,22.30028915,28.89214134,17.01205063,9.650052071,0.814139307,99.83717346,2.699362755,3.727876425,168.2986603,174.0950012,23.1154213,61.1615448,Autumn,3
10/12/2030,22.16210747,28.75613976,16.87942505,9.578861237,0.800882995,99.84023285,2.698153973,3.732224941,169.3255463,175.1315613,22.94629478,61.23400879,Autumn,3
10/13/2030,22.02262497,28.61923218,16.74537468,9.506238937,0.787264109,99.84313965,2.697372913,3.737079859,170.3678589,176.1884003,22.77624512,61.29871368,Autumn,3
10/14/2030,21.88154221,28.48103333,16.60968781,9.432196617,0.773350477,99.84590149,2.697024345,3.742440224,171.4292297,177.2689819,22.60495758,61.35633469,Autumn,3
10/15/2030,21.73856163,28.34116554,16.47216415,9.356749535,0.759209216,99.84849548,2.697108746,3.748302937,172.5131989,178.3766785,22.43212891,61.40755463,Autumn,3
10/16/2030,21.59339714,28.19926834,16.33259773,9.27991581,0.744906127,99.85092163,2.697625637,3.754663229,173.6232452,179.5146484,22.25746155,61.45306396,Autumn,3
10/17/2030,21.44577599,28.05498886,16.1907959,9.201721191,0.730505407,99.8531723,2.698572636,3.76151371,174.7626495,180.6859589,22.08067322,61.49357224,Autumn,3
10/18/2030,21.29543686,27.90800095,16.04657173,9.122191429,0.716069162,99.85523224,2.699945927,3.76884675,175.9346008,181.8933868,21.9015007,61.5297699,Autumn,3
10/19/2030,21.14214516,27.75799179,15.89975643,9.041360855,0.701657057,99.85710907,2.701740265,3.776650906,177.1419525,183.1394501,21.71969032,61.56237793,Autumn,3
10/20/2030,20.98567581,27.60468483,15.7501936,8.959263802,0.687325835,99.85879517,2.703948021,3.78491497,178.3874207,184.4263916,21.53502274,61.59207535,Autumn,3
10/21/2030,20.82583809,27.44782257,15.59773922,8.875946045,0.67312938,99.8602829,2.706561089,3.793626308,179.6733398,185.7561188,21.34729576,61.61955261,Autumn,3
10/22/2030,20.66245842,27.28718185,15.44226742,8.791456223,0.659118116,99.86157227,2.709569931,3.802769423,181.00177,187.130188,21.15633011,61.64546967,Autumn,3
10/23/2030,20.49539185,27.12257385,15.28367901,8.705846786,0.645338714,99.8626709,2.712963104,3.812329769,182.3744354,188.5498199,20.96198654,61.67047501,Autumn,3
10/24/2030,20.32452774,26.95384216,15.12189007,8.619181633,0.631834209,99.8635788,2.716729641,3.822291851,183.7926331,190.0157318,20.7641449,61.69519424,Autumn,3
10/25/2030,20.149786,26.78087234,14.95684147,8.531527519,0.618643463,99.86429596,2.720855713,3.83263731,185.2573395,191.5283966,20.56272507,61.72021484,Autumn,3
10/26/2030,19.97110939,26.60358047,14.78849506,8.442957878,0.605801284,99.86483765,2.725329876,3.843349457,186.7690125,193.087677,20.35767937,61.74610901,Autumn,3
10/27/2030,19.78848457,26.42192841,14.61684322,8.353553772,0.593338311,99.86520386,2.730135918,3.85441041,188.327774,194.6931305,20.14899063,61.77340317,Autumn,3
10/28/2030,19.60192299,26.23591423,14.44190121,8.263401985,0.581281006,99.86540985,2.735260963,3.865801334,189.9332733,196.343811,19.93667984,61.80258942,Autumn,3
10/29/2030,19.41148186,26.04557991,14.26370907,8.172595024,0.569651246,99.86547089,2.740689278,3.877504587,191.5847321,198.0383301,19.7208004,61.83413315,Autumn,3
10/30/2030,19.21724319,25.85100555,14.08233738,8.081232071,0.55846709,99.86538696,2.746405602,3.889500856,193.280838,199.7749023,19.50144577,61.86844254,Autumn,3
10/31/2030,19.01932526,25.65231133,13.8978796,7.989419937,0.547742009,99.86519623,2.752394676,3.901771545,195.0199585,201.5512543,19.27874374,61.90589142,Autumn,3
11/1/2030,18.81787682,25.44965553,13.7104578,7.897266388,0.537485659,99.86489868,2.758640766,3.914298534,196.7998962,203.3646698,19.05285072,61.94682312,Autumn,3
11/2/2030,18.61308861,25.24323654,13.52022076,7.804888725,0.527703702,99.86452484,2.765128613,3.927063227,198.6181183,205.2121582,18.82396507,61.99150467,Autumn,3
11/3/2030,18.40517235,25.03328705,13.32734013,7.712406158,0.518397927,99.86408997,2.77184248,3.940047264,200.4716339,207.0901489,18.59231186,62.04020309,Autumn,3
11/4/2030,18.19437981,24.82008171,13.13201618,7.619942665,0.509566665,99.86361694,2.778767109,3.95323348,202.3570404,208.9948425,18.35815239,62.09309769,Autumn,3
11/5/2030,17.98098373,24.60391617,12.93446922,7.527626038,0.501204908,99.86313629,2.785886288,3.966603279,204.2705383,210.9220276,18.12176895,62.15035248,Autumn,3
11/6/2030,17.76528549,24.38513184,12.73494625,7.435587883,0.493304312,99.86267853,2.793185711,3.980139971,206.2080688,212.8672638,17.88347816,62.21208191,Autumn,3
11/7/2030,17.54761314,24.16408348,12.53370857,7.343959808,0.485854,99.86225891,2.800650597,3.993826151,208.1651306,214.8256683,17.64361954,62.27834702,Autumn,3
11/8/2030,17.32831573,23.9411602,12.33104515,7.252877235,0.478840292,99.86190796,2.808265209,4.007645607,210.1370239,216.7922821,17.40255356,62.34918594,Autumn,3
11/9/2030,17.1077652,23.71677208,12.12725639,7.16247654,0.472247392,99.86166382,2.816016197,4.021581173,212.1187286,218.7618713,17.16065979,62.42457199,Autumn,3
11/10/2030,16.88634109,23.49134445,11.92265797,7.072891235,0.466057479,99.86154175,2.823888779,4.035618305,214.1050568,220.7290192,16.91834068,62.50445938,Autumn,3
11/11/2030,16.66444969,23.26532555,11.71758175,6.984258652,0.460251153,99.86158752,2.831869602,4.049739361,216.0905609,222.6881866,16.67600632,62.58876801,Autumn,3
11/12/2030,16.44250298,23.03916359,11.51237106,6.896710396,0.454807669,99.86182404,2.839944363,4.063929558,218.0697937,224.6337585,16.43407822,62.67736435,Autumn,3
11/13/2030,16.22092056,22.81333542,11.30737591,6.810379028,0.449705243,99.86227417,2.848099709,4.078173637,220.0370483,226.5601044,16.19298744,62.77010345,Autumn,3
11/14/2030,16.00012207,22.58830261,11.10295105,6.725392342,0.444921523,99.86297607,2.856323242,4.092455864,221.9866943,228.4616089,15.95316792,62.8667984,Autumn,3
11/15/2030,15.78054047,22.3645401,10.89945602,6.641876221,0.440433681,99.86396027,2.864600658,4.106760502,223.9130096,230.3325958,15.71505642,62.96725082,Autumn,3
11/16/2030,15.56260204,22.14251709,10.69725513,6.559948921,0.436218798,99.865242,2.872920036,4.121072769,225.8103943,232.1675873,15.47908974,63.07121277,Autumn,3
11/17/2030,15.34672737,21.92269707,10.49671078,6.479727745,0.432254314,99.86685944,2.881268501,4.135377884,227.6732025,233.9612732,15.24569225,63.17842865,Autumn,3
11/18/2030,15.13332939,21.70553207,10.2981739,6.401319504,0.428518027,99.86882782,2.889633179,4.149659634,229.4960938,235.7084045,15.01528549,63.28863907,Autumn,3
11/19/2030,14.92281246,21.49147034,10.10199833,6.324827194,0.424988568,99.87117767,2.898001671,4.163902283,231.2737427,237.404007,14.78827858,63.40155029,Autumn,3
11/20/2030,14.71557236,21.28093529,9.90852356,6.250347137,0.421645343,99.87392426,2.906361103,4.178090096,233.0010834,239.0433807,14.56506348,63.51686096,Autumn,3
11/21/2030,14.51198101,21.07432938,9.718082428,6.177965164,0.418469191,99.87708282,2.914700031,4.192207336,234.6732941,240.6221161,14.34601879,63.63426208,Autumn,3
11/22/2030,14.31239319,20.87205124,9.530985832,6.107760429,0.415442109,99.8806839,2.923004627,4.206237793,236.2859192,242.1361694,14.13149929,63.75343704,Autumn,3
11/23/2030,14.11714554,20.67444611,9.347542763,6.039803028,0.412547797,99.88471985,2.931263447,4.220164299,237.8347168,243.5817566,13.92184162,63.8740654,Autumn,3
11/24/2030,13.92655277,20.48186111,9.168029785,5.974153996,0.409771383,99.88922119,2.939463139,4.233970165,239.3158264,244.9555817,13.71735668,63.99582291,Autumn,3
11/25/2030,13.74089718,20.29459763,8.992715836,5.910863876,0.407099962,99.8941803,2.947591782,4.247637749,240.7258453,246.2547455,13.51832676,64.11838531,Autumn,3
11/26/2030,13.56044292,20.1129303,8.821840286,5.849973679,0.4045223,99.8996048,2.955636501,4.26115036,242.061615,247.4767151,13.32500458,64.24143982,Autumn,3
11/27/2030,13.38541889,19.93709755,8.655625343,5.79151535,0.402029127,99.90549469,2.963583469,4.274489403,243.3206635,248.6195068,13.13762093,64.3646698,Autumn,3
11/28/2030,13.21603012,19.76731491,8.494265556,5.735507965,0.399612993,99.91184235,2.971421242,4.287635803,244.5007019,249.6815491,12.95636559,64.48776245,Autumn,3
11/29/2030,13.05244446,19.60375214,8.33793354,5.681963921,0.397268385,99.91864777,2.97913599,4.300572872,245.6000671,250.6617889,12.78140259,64.61042023,Autumn,3
11/30/2030,12.89480019,19.44655228,8.186770439,5.63088131,0.394991517,99.92590332,2.986715794,4.313280582,246.6175537,251.5596161,12.61286545,64.73236084,Autumn,3
12/1/2030,12.74320793,19.2958107,8.040902138,5.582252502,0.392780513,99.93357849,2.994146824,4.325740814,247.5524139,252.3748779,12.45084953,64.853302,Winter,0
12/2/2030,12.59774208,19.15160179,7.90041256,5.536055565,0.390635133,99.94167328,3.001416683,4.337934017,248.4043579,253.1080017,12.29541874,64.97296906,Winter,0
12/3/2030,12.45844555,19.01395416,7.765370369,5.492260933,0.388556719,99.95015717,3.00851202,4.349841595,249.173584,253.7597961,12.14660931,65.09112549,Winter,0
12/4/2030,12.32532978,18.88286972,7.635807037,5.450827599,0.386548012,99.95899963,3.015421391,4.361445427,249.8607941,254.331543,12.00441837,65.20751953,Winter,0
12/5/2030,12.1983757,18.75831032,7.511737823,5.411709785,0.384613067,99.9681778,3.022131443,4.37272644,250.4671631,254.8250122,11.86881447,65.32192993,Winter,0
12/6/2030,12.07753086,18.64020538,7.393139839,5.374848366,0.382757127,99.97766113,3.028630733,4.383666515,250.9942169,255.2423401,11.73974323,65.43415833,Winter,0
12/7/2030,11.96272469,18.52845955,7.279975891,5.34017849,0.380986333,99.9874115,3.034906864,4.394248009,251.444046,255.5861969,11.61710835,65.54399109,Winter,0
12/8/2030,11.8538456,18.4229393,7.172172546,5.307626247,0.379307508,99.99739075,3.040949345,4.404454708,251.8190918,255.8594055,11.50079727,65.65126038,Winter,0
12/9/2030,11.75076485,18.32349777,7.069643021,5.277112961,0.377728224,100.0075607,3.046747208,4.414268494,252.1221008,256.0653687,11.39066887,65.75578308,Winter,0
12/10/2030,11.65332603,18.22994614,6.972268105,5.248551369,0.376256257,100.0178757,3.052289963,4.42367506,252.3562775,256.2076416,11.28655338,65.85742188,Winter,0
12/11/2030,11.56135273,18.14208412,6.879912376,5.221848488,0.374899507,100.0282822,3.057568073,4.432660103,252.5251312,256.2901611,11.18826866,65.95603943,Winter,0
12/12/2030,11.47464657,18.05969238,6.792421341,5.196910381,0.373666048,100.0387497,3.062573433,4.441209793,252.63237,256.3170471,11.09561062,66.05147552,Winter,0
12/13/2030,11.39299965,17.98253059,6.709625244,5.173634529,0.372563332,100.0492096,3.067297459,4.44931221,252.6820679,256.2926331,11.00835323,66.14363098,Winter,0
12/14/2030,11.31618023,17.91033936,6.631329536,5.15191555,0.371598691,100.0596237,3.071734428,4.456956863,252.6784515,256.2214661,10.92626572,66.23240662,Winter,0
12/15/2030,11.24394417,17.84285736,6.557333946,5.131649017,0.37077865,100.0699463,3.075877666,4.464134693,252.6259155,256.1081238,10.84909725,66.31768799,Winter,0
12/16/2030,11.17604256,17.77980423,6.487421989,5.112725258,0.370108902,100.0801086,3.079722881,4.470838547,252.529007,255.9573975,10.77659607,66.3993988,Winter,0
12/17/2030,11.11221981,17.7209053,6.421370506,5.095035553,0.369594216,100.090065,3.083266258,4.477062702,252.3923645,255.7739868,10.708498,66.47743225,Winter,0
12/18/2030,11.05221081,17.6658783,6.358948708,5.07847023,0.369238257,100.0997696,3.08650589,4.482803345,252.2206726,255.5626373,10.64454174,66.55171967,Winter,0
12/19/2030,10.99575329,17.6144371,6.299915314,5.062922478,0.36904335,100.109169,3.089440823,4.488058567,252.0186005,255.3281403,10.58445835,66.62220001,Winter,0
12/20/2030,10.94258213,17.56630516,6.244036674,5.0482831,0.369010568,100.1182022,3.09207201,4.492830276,251.790802,255.0750275,10.52799034,66.68878174,Winter,0
12/21/2030,10.89243984,17.5212059,6.191066742,5.034448624,0.369139433,100.1268387,3.09440136,4.497119427,251.5418396,254.8078613,10.4748764,66.75141907,Winter,0
12/22/2030,10.84506893,17.47887421,6.140769005,5.021318436,0.369427919,100.1350174,3.096431732,4.50093174,251.2762299,254.5309753,10.42486572,66.81003571,Winter,0
12/23/2030,10.80022621,17.4390583,6.092905045,5.008793831,0.36987257,100.1427002,3.09816885,4.504273891,250.9982452,254.2484589,10.37771702,66.86456299,Winter,0
12/24/2030,10.75767612,17.40151596,6.04724884,4.996781349,0.370468318,100.1498337,3.099618435,4.507154465,250.7120056,253.9642334,10.33320427,66.91493988,Winter,0
12/25/2030,10.71719551,17.3660183,6.003575325,4.985194206,0.371208489,100.156395,3.100788593,4.509585381,250.4214172,253.6819916,10.29110813,66.96110535,Winter,0
12/26/2030,10.67857742,17.33236504,5.961673737,4.973948002,0.372084856,100.1623383,3.101689816,4.51157999,250.1301727,253.4050598,10.25122929,67.00299072,Winter,0
12/27/2030,10.64162445,17.30035782,5.921339035,4.962967873,0.373087704,100.1676254,3.102331638,4.513154984,249.8415985,253.1364288,10.21338654,67.0405426,Winter,0
12/28/2030,10.60616779,17.26983261,5.882388115,4.952182293,0.374205917,100.1722412,3.102727413,4.514326572,249.5587921,252.878891,10.17741394,67.07365417,Winter,0
12/29/2030,10.57205009,17.24064255,5.844641685,4.941527843,0.375427157,100.1761475,3.102890491,4.515115738,249.2844543,252.6347046,10.14316559,67.10229492,Winter,0
12/30/2030,10.53913593,17.21266365,5.807947159,4.930950165,0.376737744,100.1793289,3.102835655,4.515543461,249.0210419,252.405899,10.11051559,67.12637329,Winter,0
12/31/2030,10.50731087,17.18579102,5.772158623,4.920398712,0.378123105,100.1817627,3.102579117,4.515632629,248.7705536,252.1940002,10.07936764,67.14582825,Winter,0
1/1/2031,10.47647858,17.15995407,5.737153053,4.909832954,0.379567564,100.1834488,3.102138519,4.51540947,248.5346832,252.0002747,10.04963779,67.16056824,Winter,0
1/2/2031,10.44657326,17.13509941,5.702824593,4.899220467,0.381054938,100.1843643,3.101532459,4.514898777,248.314682,251.8254852,10.02126503,67.1705246,Winter,0
1/3/2031,10.41754341,17.1111927,5.669091225,4.888534069,0.382568449,100.1845169,3.100779057,4.514129639,248.1115112,251.6701202,9.994215965,67.17562866,Winter,0
1/4/2031,10.38936424,17.08823586,5.635881424,4.877757072,0.38409102,100.1838989,3.099899292,4.513129234,247.9256744,251.5341034,9.968476295,67.17579651,Winter,0
1/5/2031,10.36203003,17.0662384,5.603149414,4.866877556,0.385605276,100.1825256,3.098913193,4.511928082,247.7573395,251.4171448,9.944050789,67.17095947,Winter,0
1/6/2031,10.33555698,17.04525375,5.570869446,4.855894566,0.38709417,100.180397,3.09784174,4.510556221,247.6062164,251.3185272,9.920973778,67.16104889,Winter,0
1/7/2031,10.30998135,17.02532959,5.539029121,4.844810963,0.388540804,100.1775436,3.09670639,4.509043217,247.4718475,251.2371674,9.899285316,67.14598083,Winter,0
1/8/2031,10.2853651,17.00655746,5.507639885,4.833639145,0.389928907,100.1739731,3.095528603,4.50742054,247.3532562,251.1716614,9.879058838,67.12570953,Winter,0
1/9/2031,10.26177883,16.98903275,5.476737022,4.822395325,0.391242921,100.1697083,3.094329834,4.505717278,247.2491455,251.120285,9.860374451,67.10017395,Winter,0
1/10/2031,10.23931885,16.9728775,5.446361542,4.811104774,0.392468244,100.1647873,3.093131065,4.503965378,247.1580353,251.0810089,9.843330383,67.06930542,Winter,0
1/11/2031,10.21809101,16.95821762,5.416577339,4.799797535,0.393591464,100.1592407,3.091954231,4.502192974,247.078064,251.0516052,9.828047752,67.03308105,Winter,0
1/12/2031,10.19821644,16.94520187,5.387465477,4.788508415,0.39460054,100.1530991,3.090817928,4.500428677,247.0071411,251.0295258,9.814653397,66.99145508,Winter,0
1/13/2031,10.17983627,16.93398285,5.359117508,4.777277946,0.395484924,100.1464005,3.089742661,4.498701096,246.9429169,251.0120392,9.803278923,66.94441223,Winter,0
1/14/2031,10.16309261,16.92473984,5.331645012,4.766150951,0.396235704,100.1391907,3.088747025,4.497035027,246.8829193,250.9963226,9.794083595,66.891922,Winter,0
1/15/2031,10.14814091,16.91762924,5.305158615,4.755174637,0.396846086,100.1315155,3.087848663,4.495456219,246.8244019,250.9793396,9.787211418,66.83400726,Winter,0
1/16/2031,10.13513947,16.91283417,5.279795647,4.744400024,0.397310972,100.1234207,3.087064266,4.493986607,246.7645874,250.957901,9.78282547,66.7706604,Winter,0
1/17/2031,10.12425995,16.91053772,5.25568676,4.73388195,0.397627592,100.1149597,3.086408138,4.492648125,246.7005005,250.928894,9.781088829,66.70191956,Winter,0
1/18/2031,10.11566257,16.91091347,5.232983589,4.723675728,0.3977952,100.1061783,3.085895061,4.491458416,246.6291809,250.8890228,9.782166481,66.62782288,Winter,0
1/19/2031,10.10952663,16.91414642,5.211830139,4.713838577,0.397815317,100.0971222,3.085536957,4.490433693,246.5475769,250.8350983,9.786218643,66.5484314,Winter,0
1/20/2031,10.10601425,16.92040253,5.192382813,4.704429626,0.397691786,100.0878601,3.085343838,4.489589214,246.4526672,250.763916,9.793406487,66.46382904,Winter,0
1/21/2031,10.10529137,16.92985535,5.174795151,4.695504189,0.397430748,100.0784378,3.085324287,4.488934517,246.3414612,250.672348,9.803877831,66.37409973,Winter,0
1/22/2031,10.10751534,16.94266129,5.159228325,4.687122345,0.397040457,100.0689011,3.085484982,4.488480091,246.2109985,250.5573883,9.817788124,66.27935791,Winter,0
1/23/2031,10.1128397,16.95897293,5.145829201,4.679339409,0.396531552,100.0593109,3.085830688,4.488229752,246.0584412,250.4161377,9.835268974,66.17971802,Winter,0
1/24/2031,10.12141228,16.97891998,5.134754181,4.67221117,0.3959167,100.0497208,3.086364746,4.488188267,245.881073,250.2458496,9.856451035,66.0753479,Winter,0
1/25/2031,10.13335896,17.00263977,5.126146317,4.665790558,0.395210683,100.0401688,3.087087154,4.488354683,245.6763458,250.0440216,9.881447792,65.96640778,Winter,0
1/26/2031,10.14880466,17.03022957,5.120150566,4.66012764,0.394430101,100.0307159,3.087997437,4.488726616,245.4418945,249.8083496,9.910364151,65.85306549,Winter,0
1/27/2031,10.16785908,17.06179047,5.116892815,4.655270576,0.393593341,100.0214081,3.089092255,4.489298344,245.1754913,249.5367126,9.943286896,65.73552704,Winter,0
1/28/2031,10.19061375,17.09739304,5.116504669,4.651265144,0.392720371,100.0122757,3.09036684,4.490060806,244.8752289,249.2272797,9.980289459,65.61399841,Winter,0
1/29/2031,10.21714497,17.13710403,5.119094849,4.64814949,0.39183256,100.0033722,3.091813564,4.491004944,244.5393829,248.8785095,10.0214262,65.4887085,Winter,0
1/30/2031,10.24751854,17.18096161,5.124769211,4.645962715,0.390952408,99.99472809,3.093423843,4.492115498,244.1665192,248.489151,10.06674099,65.35990906,Winter,0
1/31/2031,10.28178024,17.22898483,5.13361454,4.64473629,0.39010337,99.98638916,3.09518671,4.493377686,243.7554474,248.0582428,10.11625099,65.22784424,Winter,0
2/1/2031,10.31995583,17.28118134,5.145712852,4.644497395,0.389309436,99.97837067,3.097090721,4.494771957,243.3052673,247.5850677,10.16996193,65.09277344,Winter,0
2/2/2031,10.36205578,17.33753204,5.161122322,4.645269871,0.388595283,99.97071075,3.099121571,4.496278763,242.8153687,247.0693359,10.22786427,64.95497131,Winter,0
2/3/2031,10.40807724,17.39800644,5.179898262,4.647073746,0.387985438,99.96342468,3.101264954,4.497876644,242.2854767,246.5109711,10.28992748,64.81473541,Winter,0
2/4/2031,10.45799065,17.46254921,5.202073097,4.64992094,0.387504488,99.95653534,3.103503704,4.499540329,241.7154999,245.9102783,10.35609722,64.67233276,Winter,0
2/5/2031,10.51175976,17.5310936,5.22767067,4.653821945,0.387176365,99.95005035,3.105820179,4.501245975,241.1057892,245.2677765,10.42631531,64.52807617,Winter,0
2/6/2031,10.56932259,17.60354614,5.256690979,4.658781052,0.387024581,99.94399261,3.108197212,4.502966404,240.4568329,244.5843811,10.50049877,64.38223267,Winter,0
2/7/2031,10.6306076,17.67981339,5.289133072,4.664796829,0.387071341,99.93834686,3.110615253,4.504674911,239.7694702,243.8612366,10.57854748,64.23511505,Winter,0
2/8/2031,10.69552135,17.75977135,5.324966431,4.671864986,0.387337804,99.93313599,3.113055706,4.506344318,239.0447998,243.0997162,10.66035843,64.08701324,Winter,0
2/9/2031,10.76396465,17.84329605,5.364159584,4.679976463,0.38784346,99.9283371,3.115498066,4.507945538,238.2841797,242.3015594,10.7458086,63.93820572,Winter,0
2/10/2031,10.83581829,17.930233,5.406656265,4.689117432,0.388605922,99.9239502,3.11792326,4.509451866,237.4891663,241.4686584,10.83475685,63.78898239,Winter,0
2/11/2031,10.91095161,18.02044106,5.452394485,4.699268818,0.389640957,99.91996002,3.120311737,4.510835171,236.6615448,240.6031494,10.92706203,63.63960266,Winter,0
2/12/2031,10.9892292,18.11375046,5.501301765,4.710412025,0.390961885,99.91635895,3.122643948,4.512068748,235.8033142,239.7073364,11.02256775,63.49033737,Winter,0
2/13/2031,11.07049656,18.20999527,5.553284645,4.722519875,0.392579526,99.91310883,3.124902248,4.51312685,234.9166107,238.7836761,11.12111092,63.34143448,Winter,0
2/14/2031,11.15459728,18.30899811,5.608250618,4.735566139,0.394502252,99.91020203,3.127068043,4.513985157,234.0037537,237.8348236,11.22252369,63.19313049,Winter,0
2/15/2031,11.24137306,18.41057587,5.666088104,4.749519348,0.39673534,99.90760803,3.129124641,4.514620304,233.0671539,236.8635254,11.3266325,63.04563904,Winter,0
2/16/2031,11.33065033,18.51455688,5.72668457,4.764347076,0.399281234,99.90528107,3.131056786,4.515010357,232.109375,235.8725739,11.43326187,62.89916992,Winter,0
2/17/2031,11.42225647,18.62075043,5.789914131,4.780014515,0.402139395,99.90320587,3.13285017,4.515137196,231.1329346,234.8648682,11.54223537,62.75389481,Winter,0
2/18/2031,11.51602268,18.72897911,5.855648041,4.796483994,0.405306101,99.9013443,3.134492397,4.514983177,230.1405029,233.8433228,11.65337467,62.60998154,Winter,0
2/19/2031,11.61177063,18.83906174,5.923753738,4.813719749,0.408774376,99.89964294,3.135972023,4.51453495,229.1347504,232.8108063,11.76651001,62.46757126,Winter,0
2/20/2031,11.70933342,18.95082855,5.994094849,4.831680298,0.412534267,99.89807892,3.137280464,4.51377964,228.1182709,231.7702179,11.88146496,62.32677841,Winter,0
2/21/2031,11.80853653,19.06410599,6.066527367,4.850328445,0.416572541,99.89659882,3.138409615,4.512708187,227.093689,230.7243805,11.99807453,62.18769836,Winter,0
2/22/2031,11.9092207,19.17873764,6.140916824,4.869624138,0.420872957,99.89516449,3.139355183,4.511315823,226.0635223,229.6760406,12.11617947,62.05039978,Winter,0
2/23/2031,12.01122189,19.29457092,6.21711731,4.889528275,0.425416291,99.89373779,3.140113354,4.509599209,225.0301971,228.6278229,12.23562813,61.91493225,Winter,0
2/24/2031,12.11439037,19.41146088,6.294993401,4.910002708,0.430180371,99.89227295,3.140684605,4.507558823,223.9960938,227.5821838,12.35627365,61.78132629,Winter,0
2/25/2031,12.21857929,19.52927399,6.374403954,4.931007385,0.435140431,99.89072418,3.141069412,4.505198479,222.9633636,226.5415649,12.47798347,61.64956665,Winter,0
2/26/2031,12.32365608,19.64789581,6.455221176,4.95250845,0.440269142,99.88905334,3.141271591,4.50252533,221.9340668,225.5080872,12.60063648,61.51963043,Winter,0
2/27/2031,12.42949486,19.76721191,6.537311554,4.974468231,0.445536941,99.88722229,3.14129734,4.499548435,220.91008,224.4837189,12.72411633,61.39147568,Winter,0
2/28/2031,12.53598022,19.88712692,6.62055397,4.996855736,0.450912088,99.88517761,3.141154766,4.496283054,219.8930969,223.4702301,12.84832573,61.26502991,Winter,0
3/1/2031,12.64300919,20.00755692,6.704833984,5.019637108,0.456361175,99.88289642,3.140854359,4.492744446,218.884552,222.4691925,12.97317505,61.14020157,Spring,1
3/2/2031,12.75048828,20.12842941,6.790036201,5.042784691,0.461849272,99.88033295,3.140408993,4.488951683,217.8857422,221.4819946,13.09858608,61.01688766,Spring,1
3/3/2031,12.85834122,20.24969482,6.876064301,5.066269875,0.467340231,99.87746429,3.139832497,4.484928608,216.8977356,220.5095978,13.22450066,60.8949585,Spring,1
3/4/2031,12.96649933,20.37129784,6.962819099,5.09006834,0.472797155,99.87425232,3.139142036,4.480698109,215.9213409,219.5529175,13.35086441,60.77425385,Spring,1
3/5/2031,13.07491016,20.49321747,7.050219536,5.114157677,0.478182405,99.87068176,3.138354778,4.476289749,214.9571228,218.6125183,13.47764111,60.65463638,Spring,1
3/6/2031,13.18352985,20.61542511,7.138187408,5.13851738,0.48345843,99.86670685,3.137491703,4.47173214,214.0055084,217.6887817,13.60480309,60.53592682,Spring,1
3/7/2031,13.29232597,20.73791504,7.226657867,5.163131237,0.488587707,99.86232758,3.136572838,4.467056274,213.0665588,216.7817383,13.73233986,60.41794205,Spring,1
3/8/2031,13.40127945,20.86068726,7.315570831,5.187983513,0.493533254,99.85752106,3.135621548,4.462296963,212.140213,215.8912811,13.86024284,60.30048752,Spring,1
3/9/2031,13.51038837,20.98376274,7.404882431,5.21306324,0.498259097,99.85227203,3.134661198,4.457487106,211.22612,215.0170135,13.98852348,60.18336868,Spring,1
3/10/2031,13.61965084,21.10715103,7.494550705,5.238358498,0.50273031,99.84657288,3.13371563,4.452664375,210.3237762,214.158371,14.11719608,60.06639481,Spring,1
3/11/2031,13.72907734,21.23088455,7.584547043,5.263864517,0.506913781,99.84042358,3.132810593,4.447864056,209.4324646,213.3144684,14.24628544,59.94935608,Spring,1
3/12/2031,13.83869553,21.35499954,7.67484951,5.289574623,0.510778129,99.83382416,3.131970406,4.443123817,208.5512543,212.4843292,14.37582207,59.83205795,Spring,1
3/13/2031,13.94852734,21.47953033,7.765449524,5.315486908,0.514294326,99.82676697,3.131220818,4.4384799,207.6791077,211.666748,14.50584984,59.71429825,Spring,1
3/14/2031,14.05861378,21.60452652,7.856337547,5.341599464,0.517435908,99.8192749,3.130586624,4.433970451,206.8146973,210.8603516,14.63640594,59.59588242,Spring,1
3/15/2031,14.16899681,21.73003387,7.947522163,5.367912769,0.520179033,99.81135559,3.130092621,4.42963028,205.9567261,210.0635834,14.76753998,59.47664261,Spring,1
3/16/2031,14.27971935,21.85609627,8.039010048,5.394431114,0.522503078,99.80301666,3.12976408,4.425494194,205.1036682,209.2748871,14.89930344,59.35639572,Spring,1
3/17/2031,14.39083576,21.98276138,8.130821228,5.421157837,0.524390757,99.79429626,3.129622936,4.421597481,204.2539368,208.4924774,15.03174686,59.23498535,Spring,1
3/18/2031,14.50239468,22.11008072,8.222970009,5.44809866,0.525828004,99.7851944,3.129691601,4.417971134,203.4058838,207.7144775,15.1649189,59.11226273,Spring,1
3/19/2031,14.61445141,22.23808861,8.315491676,5.475259781,0.526804566,99.77575684,3.129990578,4.414645195,202.557785,206.9390411,15.29887486,58.98809433,Spring,1
3/20/2031,14.72706223,22.36683273,8.408410072,5.502648354,0.527313948,99.7660141,3.130539417,4.411648273,201.7078552,206.1642151,15.4336586,58.8623848,Spring,1
3/21/2031,14.84027863,22.49634171,8.501765251,5.530273438,0.527353406,99.75598907,3.131355286,4.409004688,200.8544006,205.3880463,15.56931973,58.73502731,Spring,1
3/22/2031,14.9541502,22.62664413,8.595588684,5.558142185,0.526924193,99.74571991,3.132453918,4.406736851,199.9956055,204.6085968,15.70589352,58.60594559,Spring,1
3/23/2031,15.06872749,22.75776482,8.689919472,5.586264133,0.526031315,99.73525238,3.133847713,4.404864311,199.129837,203.8239136,15.84341526,58.47509766,Spring,1
3/24/2031,15.18405056,22.88971519,8.784795761,5.614647865,0.524683833,99.72462463,3.135548115,4.403403282,198.2553711,203.0321808,15.98191547,58.34244156,Spring,1
3/25/2031,15.30016232,23.02249908,8.880259514,5.643302441,0.522894502,99.71387482,3.137563705,4.402365208,197.3706665,202.2315674,16.12141418,58.20798492,Spring,1
3/26/2031,15.41709518,23.15611076,8.976345062,5.672236443,0.520679832,99.70304871,3.139899254,4.401759624,196.4741974,201.4203339,16.26192665,58.07172394,Spring,1
3/27/2031,15.53487396,23.29053497,9.073093414,5.701457977,0.518059909,99.69219971,3.142559528,4.401590824,195.5645905,200.5969086,16.40345383,57.93370056,Spring,1
3/28/2031,15.65352058,23.42575264,9.170538902,5.730974197,0.515058279,99.68135834,3.145543098,4.401860237,194.6405945,199.7597504,16.54599571,57.79397583,Spring,1
3/29/2031,15.77304649,23.56172562,9.268712044,5.760790825,0.511701405,99.67058563,3.14884901,4.402565479,193.7011108,198.9075623,16.68953705,57.65261841,Spring,1
3/30/2031,15.89345741,23.69841194,9.367646217,5.790916443,0.50801909,99.65991974,3.152472019,4.403699398,192.7451477,198.0390778,16.83405685,57.50973511,Spring,1
3/31/2031,16.01475334,23.8357563,9.467366219,5.821354389,0.504043579,99.64941406,3.156403542,4.405251026,191.7719421,197.1532898,16.97952271,57.36544418,Spring,1
4/1/2031,16.13692093,23.97369576,9.567896843,5.852110386,0.499809444,99.63909912,3.160633564,4.407206059,190.780838,196.2492828,17.12589836,57.21987534,Spring,1
4/2/2031,16.2599411,24.11216354,9.669255257,5.88318634,0.495353371,99.62903595,3.165148258,4.409546852,189.7713318,195.3264313,17.27312851,57.07318115,Spring,1
4/3/2031,16.38378906,24.25107193,9.771460533,5.914586067,0.490713745,99.61925507,3.169931889,4.412250519,188.7432404,194.3841095,17.42116165,56.92552185,Spring,1
4/4/2031,16.50842857,24.3903389,9.874519348,5.946310997,0.485930324,99.60980225,3.174965858,4.415291786,187.6964569,193.4220123,17.56992912,56.77708435,Spring,1
4/5/2031,16.63382149,24.52986717,9.978443146,5.97836113,0.481043696,99.60072327,3.180229187,4.418642998,186.6310272,192.4399872,17.71936035,56.62805557,Spring,1
4/6/2031,16.75992012,24.66956139,10.08323002,6.010735989,0.476094931,99.59204102,3.185699463,4.422271252,185.5472412,191.4380646,17.86937523,56.47862625,Spring,1
4/7/2031,16.88667297,24.80931282,10.18888283,6.043435097,0.471125454,99.58380127,3.191351414,4.426143169,184.4456024,190.4163971,18.01989365,56.32899857,Spring,1
4/8/2031,17.01402092,24.9490242,10.29539204,6.07645607,0.466176212,99.57602692,3.19715786,4.430221081,183.3266296,189.3753662,18.17082596,56.17937469,Spring,1
4/9/2031,17.14189911,25.08857727,10.40275383,6.109796524,0.461287618,99.56874847,3.203090191,4.434465885,182.1912079,188.315567,18.3220768,56.02996445,Spring,1
4/10/2031,17.27024651,25.22787094,10.51094913,6.143452644,0.456498832,99.56199646,3.209119797,4.438837051,181.0401917,187.2375793,18.47355843,55.88097,Spring,1
4/11/2031,17.39899445,25.36679459,10.61996937,6.177422047,0.451847702,99.55579376,3.215214252,4.443291664,179.8747101,186.1423187,18.62517357,55.73258591,Spring,1
4/12/2031,17.52807426,25.5052433,10.7297945,6.211698532,0.447370112,99.55014801,3.221342087,4.447786331,178.6959381,185.0307007,18.77682877,55.58499908,Spring,1
4/13/2031,17.65741158,25.64311981,10.84040451,6.246278763,0.443099797,99.54508209,3.227471828,4.452275753,177.5051727,183.9038544,18.92843056,55.4383812,Spring,1
4/14/2031,17.78693962,25.78032684,10.95177841,6.281158447,0.43906787,99.54061127,3.233569622,4.456716537,176.3038483,182.7629852,19.0798912,55.29291534,Spring,1
4/15/2031,17.91659355,25.91678047,11.06389523,6.316331863,0.435302526,99.53673553,3.239603043,4.461061954,175.0934601,181.609314,19.23112297,55.14873886,Spring,1
4/16/2031,18.04631042,26.05239487,11.1767292,6.351794243,0.431828707,99.53346252,3.245539188,4.465269089,173.8755341,180.4442291,19.38204575,55.00598907,Spring,1
4/17/2031,18.1760273,26.18710709,11.29026413,6.387540817,0.428668141,99.53079224,3.251345634,4.469293594,172.6516876,179.269165,19.53259087,54.86478424,Spring,1
4/18/2031,18.30568886,26.32085228,11.40447235,6.423567772,0.425838649,99.52872467,3.256991863,4.473091602,171.4235229,178.085556,19.68268585,54.72520065,Spring,1
4/19/2031,18.43524742,26.4535923,11.51933765,6.459871292,0.423354149,99.52724457,3.262446404,4.476624012,170.192749,176.8948975,19.8322773,54.58731842,Spring,1
4/20/2031,18.56465912,26.58528519,11.6348381,6.496446609,0.421224624,99.52635193,3.267681599,4.479849339,168.9609222,175.6986694,19.98131752,54.4511795,Spring,1
4/21/2031,18.69388962,26.71591759,11.75096321,6.533291817,0.419455707,99.52603149,3.272667408,4.482731819,167.7297058,174.4984131,20.12977219,54.31679916,Spring,1
4/22/2031,18.82291412,26.84548187,11.86769295,6.570402145,0.418049037,99.52626801,3.277380466,4.485236168,166.5006409,173.2955475,20.27761459,54.18416214,Spring,1
4/23/2031,18.95171356,26.97398949,11.98502445,6.607776642,0.417001694,99.5270462,3.281795025,4.487330437,165.2752686,172.0915222,20.42482948,54.05322266,Spring,1
4/24/2031,19.08028412,27.10146904,12.10294628,6.645414352,0.416306525,99.52833557,3.285890579,4.488985538,164.0550232,170.8877106,20.57142067,53.92392731,Spring,1
4/25/2031,19.20862198,27.22795868,12.22145844,6.683312416,0.415952116,99.53011322,3.289646149,4.490176201,162.8412628,169.6854858,20.7173996,53.7961731,Spring,1
4/26/2031,19.33674622,27.35351944,12.34056282,6.721469879,0.41592294,99.53236389,3.293045521,4.490880013,161.6352844,168.4860229,20.86279297,53.66983032,Spring,1
4/27/2031,19.46467781,27.47822762,12.46026134,6.759888649,0.416199297,99.53505707,3.296074867,4.4910779,160.4382019,167.2905426,21.00763893,53.54474258,Spring,1
4/28/2031,19.5924511,27.60217094,12.58057117,6.798566818,0.416757703,99.5381546,3.298720837,4.490755081,159.2510986,166.1001129,21.15199089,53.42073059,Spring,1
4/29/2031,19.72010803,27.72545433,12.70150471,6.837505341,0.417570889,99.54163361,3.3009758,4.489901066,158.0749054,164.9157257,21.29591751,53.29758453,Spring,1
4/30/2031,19.84770966,27.84820366,12.82308292,6.876706123,0.418608099,99.54546356,3.302832127,4.488508224,156.9104004,163.7382202,21.43949127,53.17507172,Spring,1
5/1/2031,19.97531128,27.97054291,12.94532776,6.916167259,0.419835508,99.54960632,3.304287434,4.486574173,155.758255,162.5683899,21.58280563,53.05292892,Spring,1
5/2/2031,20.10299683,28.09262657,13.06826973,6.955890656,0.421216398,99.55403137,3.305340767,4.484098911,154.6190033,161.4069061,21.72595978,52.93087387,Spring,1
5/3/2031,20.23084068,28.21460915,13.19194126,6.99587822,0.422711432,99.55870056,3.305994511,4.481087685,153.493042,160.2543182,21.86906624,52.80861282,Spring,1
5/4/2031,20.35893822,28.33666039,13.31637669,7.03612709,0.424279064,99.563591,3.306253433,4.477548599,152.380661,159.1110382,22.01224709,52.68581772,Spring,1
5/5/2031,20.48738289,28.45895195,13.4416151,7.076639175,0.425876081,99.56866455,3.306125164,4.473494053,151.2819824,157.9774475,22.15563011,52.56217194,Spring,1
5/6/2031,20.61628151,28.58167648,13.56770039,7.117412567,0.42745769,99.57387543,3.305620193,4.468939781,150.1970367,156.8537903,22.29935074,52.43731308,Spring,1
5/7/2031,20.74574089,28.70501137,13.69467258,7.158445358,0.428978264,99.579216,3.304749966,4.463903904,149.1257172,155.7401886,22.44355202,52.31089401,Spring,1
5/8/2031,20.87587738,28.82915688,13.82257938,7.19973278,0.430391461,99.58463287,3.303530216,4.458410263,148.0678711,154.6367188,22.588377,52.18254852,Spring,1
5/9/2031,21.00679779,28.95430565,13.95146275,7.241272926,0.431650847,99.59010315,3.301977634,4.452481747,147.0231476,153.5433807,22.73397636,52.05192566,Spring,1
5/10/2031,21.13862228,29.08064651,14.08137035,7.283058167,0.43271032,99.59560394,3.300110817,4.446147919,145.9911957,152.460083,22.88049698,51.91865921,Spring,1
5/11/2031,21.27146149,29.20837593,14.21234417,7.325080872,0.433524489,99.60110474,3.297950268,4.439436913,144.9715729,151.3867188,23.02808762,51.78238297,Spring,1
5/12/2031,21.40543556,29.33767509,14.34443378,7.367331505,0.43404904,99.60657501,3.295517445,4.43238163,143.9637756,150.3230896,23.17689133,51.6427536,Spring,1
5/13/2031,21.54065132,29.46872902,14.47766781,7.409799576,0.434241354,99.61199188,3.292836189,4.425014973,142.9672394,149.2689667,23.32705116,51.49942017,Spring,1
5/14/2031,21.67721367,29.60170174,14.61209202,7.452469826,0.434060633,99.61733246,3.289929867,4.41737175,141.9814148,148.2241974,23.47870255,51.35206985,Spring,1
5/15/2031,21.81522369,29.73676109,14.74773312,7.49532795,0.433468521,99.62257385,3.286823273,4.409487247,141.0056763,147.1884766,23.63197517,51.20038986,Spring,1
5/16/2031,21.95477104,29.87404823,14.88462543,7.53835392,0.432429433,99.62770844,3.283540726,4.401398182,140.0394592,146.1615906,23.78698349,51.04408646,Spring,1
5/17/2031,22.09593964,30.0137043,15.02278042,7.581528664,0.430910558,99.63270569,3.280108452,4.393139839,139.0822144,145.1433716,23.94383812,50.88289642,Spring,1
5/18/2031,22.23880577,30.15583992,15.16221905,7.624827385,0.428882807,99.63756561,3.276551723,4.384748936,138.1334076,144.133667,24.10263062,50.71658325,Spring,1
5/19/2031,22.38342476,30.30056381,15.30294514,7.668224335,0.426320523,99.64225769,3.272893906,4.376261234,137.1925507,143.132309,24.26344681,50.54494095,Spring,1
5/20/2031,22.52985001,30.44795036,15.44496059,7.711689949,0.423201978,99.64678955,3.269160748,4.367711067,136.2592316,142.1392517,24.42634964,50.36779404,Spring,1
5/21/2031,22.67811394,30.59806252,15.58825207,7.75519371,0.41950947,99.65113831,3.265374184,4.359131336,135.3331299,141.1545105,24.5913887,50.18498993,Spring,1
5/22/2031,22.82823753,30.75094032,15.73280239,7.798703194,0.415229619,99.65530396,3.261556149,4.350553989,134.4139557,140.1781921,24.75859642,49.99642181,Spring,1
5/23/2031,22.98022842,30.90660286,15.87858105,7.842180252,0.410353452,99.65927887,3.257728577,4.342008591,133.5015717,139.210434,24.92799187,49.80202866,Spring,1
5/24/2031,23.13407135,31.0650425,16.02555084,7.885587692,0.404876441,99.66305542,3.253909588,4.33352375,132.595993,138.2515106,25.09956741,49.60177994,Spring,1
5/25/2031,23.28974342,31.22622681,16.17365837,7.928882599,0.398798615,99.66664124,3.250117302,4.325123787,131.6972656,137.3018188,25.27329636,49.39567947,Spring,1
5/26/2031,23.44719696,31.39010811,16.32284546,7.972024918,0.392124504,99.67003632,3.246366024,4.316831589,130.8055725,136.3618469,25.44914055,49.18378067,Spring,1
5/27/2031,23.60637283,31.55660629,16.47303772,8.014966965,0.384863168,99.67324066,3.242670536,4.308665752,129.9213257,135.4321136,25.62703323,48.96617508,Spring,1
5/28/2031,23.76718521,31.72562027,16.62415314,8.057665825,0.377028137,99.67624664,3.239040852,4.300644398,129.0449371,134.5133514,25.8068943,48.7429924,Spring,1
5/29/2031,23.92954826,31.89702797,16.77610207,8.100072861,0.368637264,99.67906952,3.235486507,4.292779446,128.177063,133.606369,25.98861694,48.51441956,Spring,1
5/30/2031,24.09334564,32.07067871,16.92877579,8.142140388,0.359712511,99.68170929,3.232013226,4.285081387,127.3183975,132.7120667,26.17207718,48.28065491,Spring,1
5/31/2031,24.25844383,32.24639893,17.08206367,8.183818817,0.350279838,99.68416595,3.228625774,4.277557373,126.4698792,131.8314209,26.35713387,48.0419693,Spring,1
6/1/2031,24.4247036,32.42401123,17.23583794,8.225059509,0.340369076,99.6864624,3.225325584,4.270208359,125.6324387,130.9655304,26.5436306,47.79864883,Summer,2
6/2/2031,24.59196091,32.60328674,17.38996696,8.265814781,0.330013335,99.68858337,3.222111225,4.263036728,124.807251,130.1156464,26.73138809,47.55102158,Summer,2
6/3/2031,24.76004601,32.78401184,17.54430962,8.306035042,0.319249243,99.69055176,3.218979836,4.256037235,123.9955215,129.2830048,26.92020798,47.29946136,Summer,2
6/4/2031,24.92877007,32.96593094,17.69871712,8.345674515,0.308116168,99.69237518,3.215925694,4.249203205,123.1985855,128.4689484,27.10988998,47.04436493,Summer,2
6/5/2031,25.09793282,33.14878082,17.85302734,8.38468647,0.296656013,99.69404602,3.212940216,4.242524624,122.4178391,127.6748123,27.30021095,46.78616333,Summer,2
6/6/2031,25.26732826,33.33229828,18.00708389,8.423027992,0.284912974,99.69558716,3.210014343,4.235987663,121.6548233,126.9020844,27.49093056,46.5253067,Summer,2
6/7/2031,25.43673515,33.51618195,18.1607151,8.46065712,0.272933185,99.69700623,3.207134247,4.229577065,120.9110489,126.1522141,27.68181229,46.26228333,Summer,2
6/8/2031,25.60592842,33.70013809,18.31374931,8.497535706,0.260764122,99.69829559,3.204287052,4.223273277,120.1881332,125.4266586,27.87259674,45.99759674,Summer,2
6/9/2031,25.77467728,33.88386536,18.46600723,8.53362751,0.248454392,99.69947052,3.20145607,4.217055321,119.4876938,124.7268906,28.06302643,45.73178101,Summer,2
6/10/2031,25.9427433,34.06706238,18.61731911,8.568902016,0.236053288,99.70054626,3.198623657,4.210900784,118.8113327,124.0543671,28.25283432,45.46537018,Summer,2
6/11/2031,26.10989189,34.24940491,18.76749992,8.603330612,0.223610446,99.70150757,3.195771694,4.204782486,118.1606827,123.4104385,28.4417572,45.19891357,Summer,2
6/12/2031,26.27587891,34.43058777,18.91637611,8.636890411,0.211175442,99.70237732,3.192880154,4.198675156,117.5373535,122.7964859,28.6295166,44.93297958,Summer,2
6/13/2031,26.44046402,34.61029816,19.0637722,8.669563293,0.198797196,99.70315552,3.189928532,4.192550182,116.9427872,122.213768,28.81585121,44.66812897,Summer,2
6/14/2031,26.60341454,34.78823853,19.20951462,8.701335907,0.186523944,99.70384216,3.186894417,4.186379433,116.3785324,121.6634979,29.00049019,44.40493774,Summer,2
6/15/2031,26.76449776,34.96409988,19.35343361,8.732199669,0.174402654,99.70444489,3.183757305,4.180131912,115.8458633,121.1466827,29.18317413,44.14397812,Summer,2
6/16/2031,26.92348289,35.13759613,19.49536896,8.762152672,0.162478805,99.70496368,3.180495262,4.173779964,115.3461075,120.6642914,29.36364937,43.88580322,Summer,2
6/17/2031,27.08016014,35.30844116,19.63516235,8.791199684,0.150795996,99.70539856,3.177086353,4.167293549,114.8803406,120.2171097,29.54166222,43.63098145,Summer,2
6/18/2031,27.23430824,35.47637177,19.77266693,8.819350243,0.13939552,99.70574951,3.173510075,4.160642624,114.4495544,119.8058319,29.71698189,43.38004303,Summer,2
6/19/2031,27.38573456,35.64113617,19.90774155,8.846618652,0.128316671,99.70602417,3.169745445,4.153800964,114.0545654,119.4308472,29.8893795,43.13353729,Summer,2
6/20/2031,27.53424835,35.80249023,20.04025269,8.873031616,0.117595553,99.7062149,3.165773869,4.146740913,113.6959839,119.092514,30.05863571,42.89196777,Summer,2
6/21/2031,27.67967415,35.96021271,20.17008209,8.898612976,0.107265808,99.70632935,3.161576748,4.139438152,113.3742676,118.7909088,30.22455406,42.65583038,Summer,2
6/22/2031,27.82185364,36.11410522,20.29712296,8.923400879,0.097357959,99.70635986,3.157138348,4.131869316,113.0896454,118.5259476,30.38695335,42.42559814,Summer,2
6/23/2031,27.96063995,36.26398468,20.42127609,8.947436333,0.087899186,99.70630646,3.152442455,4.124013424,112.8421707,118.2973328,30.54566002,42.20172119,Summer,2
6/24/2031,28.09589958,36.40968323,20.54245567,8.970767021,0.078913771,99.7061615,3.14747715,4.115852356,112.6315918,118.1045227,30.7005291,41.98463058,Summer,2
6/25/2031,28.22751999,36.55106354,20.66058922,8.99344635,0.070422426,99.70593262,3.142231464,4.107370377,112.4575806,117.9468307,30.85141945,41.77471924,Summer,2
6/26/2031,28.3554039,36.68800735,20.77561951,9.01553154,0.062442545,99.70561981,3.136696815,4.098555565,112.3194046,117.8233566,30.99821663,41.57235336,Summer,2
6/27/2031,28.47946739,36.8204155,20.88750267,9.037091255,0.054988265,99.70520782,3.130867004,4.089398384,112.2162476,117.7329102,31.14082336,41.37787247,Summer,2
6/28/2031,28.59965324,36.94820404,20.99620056,9.058190346,0.048070379,99.70469666,3.124738693,4.079893112,112.146965,117.6741638,31.27915192,41.19158173,Summer,2
6/29/2031,28.71590042,37.07132721,21.10169601,9.078906059,0.041696541,99.70409393,3.118311405,4.070037365,112.1102753,117.645607,31.41315269,41.01377487,Summer,2
6/30/2031,28.82819557,37.18974304,21.20398521,9.09931469,0.03587126,99.70339203,3.111586571,4.05983305,112.1046143,117.6455002,31.54276848,40.8446846,Summer,2
7/1/2031,28.93651009,37.30344391,21.30307198,9.11950016,0.030596115,99.70259094,3.104569435,4.049285412,112.1282806,117.6719742,31.66797829,40.68453979,Summer,2
7/2/2031,29.04084778,37.41242218,21.39897156,9.139545441,0.025869953,99.70168304,3.097267151,4.038402081,112.1792984,117.7229309,31.78876686,40.53351974,Summer,2
7/3/2031,29.14122772,37.516716,21.4917202,9.159538269,0.021689059,99.70067596,3.089690685,4.027197361,112.2556076,117.7962112,31.90513802,40.39178085,Summer,2
7/4/2031,29.23767471,37.61634827,21.58135223,9.179568291,0.018047284,99.69956207,3.08185339,4.015686512,112.3548813,117.8894958,32.01711273,40.25946808,Summer,2
7/5/2031,29.3302269,37.71138382,21.66792488,9.199726105,0.01493654,99.698349,3.073770523,4.003890514,112.4747314,118.0003204,32.1247139,40.1366806,Summer,2
7/6/2031,29.4189415,37.80189514,21.75148773,9.220101357,0.012346762,99.69702911,3.065461159,3.991832733,112.6126175,118.1261749,32.22799301,40.02349854,Summer,2
7/7/2031,29.50387955,37.88794327,21.83211327,9.240785599,0.01026651,99.69561768,3.056946278,3.979539156,112.7659225,118.2645187,32.32699203,39.9199791,Summer,2
7/8/2031,29.58510971,37.9696312,21.90987396,9.261868477,0.008682957,99.69410706,3.048249245,3.967041254,112.9318695,118.412674,32.42177963,39.8261528,Summer,2
7/9/2031,29.66270828,38.04705429,21.98484993,9.283436775,0.007582391,99.69249725,3.039396763,3.954370975,113.1077728,118.5680084,32.51241684,39.74204636,Summer,2
7/10/2031,29.73675728,38.12031174,22.05712128,9.305577278,0.006950476,99.69080353,3.030415058,3.941565037,113.2907867,118.7279282,32.59897614,39.66765594,Summer,2
7/11/2031,29.80734825,38.18951035,22.12677765,9.328371048,0.006772479,99.68903351,3.021334648,3.928661346,113.4781418,118.8898544,32.68153763,39.60296631,Summer,2
7/12/2031,29.87456512,38.25476456,22.19390106,9.35189724,0.00703367,99.68717957,3.012186527,3.915700197,113.6670532,119.0511932,32.76017761,39.54794312,Summer,2
7/13/2031,29.93849754,38.31616974,22.25858498,9.376231194,0.00771948,99.68525696,3.00300312,3.902724504,113.8548584,119.2095413,32.83497238,39.50255966,Summer,2
7/14/2031,29.99922943,38.37384033,22.32091522,9.40144062,0.008816035,99.68327332,2.993817806,3.889776707,114.0389175,119.3625717,32.90599442,39.46677399,Summer,2
7/15/2031,30.05684471,38.42786789,22.38097191,9.427586555,0.010310146,99.68123627,2.984664917,3.87690258,114.2166748,119.5080948,32.97331619,39.44052505,Summer,2
7/16/2031,30.1114254,38.47835541,22.43883514,9.454728127,0.012189746,99.67915344,2.975579262,3.864147186,114.3858185,119.6440506,33.03699493,39.42377472,Summer,2
7/17/2031,30.16304207,38.52537918,22.49458122,9.482913017,0.014443951,99.6770401,2.966596127,3.851556778,114.544136,119.7686234,33.0970993,39.41645813,Summer,2
7/18/2031,30.21175957,38.5690155,22.54828453,9.512183189,0.017063487,99.67490387,2.957749844,3.839176893,114.6895981,119.8801193,33.15367508,39.41853333,Summer,2
7/19/2031,30.2576313,38.60932922,22.59999466,9.542572975,0.020040726,99.67275238,2.949075222,3.827053547,114.8203735,119.977211,33.20675659,39.42995453,Summer,2
7/20/2031,30.30070686,38.64635849,22.64977074,9.57410717,0.023369716,99.67060852,2.940606594,3.815230608,114.9349365,120.0586243,33.25636292,39.45067596,Summer,2
7/21/2031,30.34101868,38.68014908,22.69765282,9.606799126,0.027046544,99.66847229,2.932375908,3.803751707,115.0319061,120.1234818,33.30252457,39.48067093,Summer,2
7/22/2031,30.37858391,38.71070862,22.74367332,9.640659332,0.031069433,99.66636658,2.924415588,3.792659044,115.1102905,120.1711426,33.34523773,39.51990891,Summer,2
7/23/2031,30.413414,38.73805237,22.78785133,9.675683975,0.035438582,99.66429901,2.916754723,3.781991959,115.1692581,120.2012634,33.38448334,39.56837463,Summer,2
7/24/2031,30.44550514,38.76215363,22.8302002,9.711860657,0.040156163,99.66227722,2.909422398,3.771788836,115.2084045,120.2136993,33.42023468,39.62606049,Summer,2
7/25/2031,30.47483444,38.78297806,22.87070656,9.749168396,0.045226708,99.66033173,2.902443886,3.762084246,115.2274933,120.2087326,33.45245361,39.69299316,Summer,2
7/26/2031,30.50136566,38.80047989,22.90936089,9.787574768,0.050656602,99.6584549,2.895843506,3.752910852,115.226738,120.1868439,33.48106766,39.76916885,Summer,2
7/27/2031,30.52505112,38.81459045,22.94613266,9.827036858,0.05645426,99.65666962,2.889642715,3.744297028,115.2065353,120.1488953,33.50601959,39.85462952,Summer,2
7/28/2031,30.54582977,38.8252182,22.9809742,9.867507935,0.062629908,99.65499115,2.883859634,3.736268282,115.1677094,120.0959549,33.52720261,39.94941711,Summer,2
7/29/2031,30.56361961,38.83226395,23.013834,9.908925056,0.069195457,99.65342712,2.878509521,3.728847265,115.1113205,120.0294266,33.54452515,40.05358124,Summer,2
7/30/2031,30.57832909,38.83560562,23.0446434,9.951220512,0.076164477,99.6519928,2.873606205,3.722051144,115.0387878,119.951004,33.55786896,40.16719818,Summer,2
7/31/2031,30.58985519,38.83511353,23.07332039,9.99431324,0.083551541,99.65068817,2.869158268,3.715894699,114.9518051,119.8626404,33.56709671,40.29032898,Summer,2
8/1/2031,30.59807777,38.83063507,23.0997715,10.03812027,0.091372602,99.64953613,2.865172386,3.710387468,114.8523483,119.76651,33.57207489,40.42306519,Summer,2
8/2/2031,30.60287476,38.82201385,23.12389374,10.08254623,0.099644192,99.64854431,2.861650944,3.705535412,114.742691,119.6650467,33.57263184,40.56548691,Summer,2
8/3/2031,30.604105,38.80908203,23.14557266,10.12748909,0.108383477,99.64771271,2.858593941,3.701340199,114.6253204,119.560936,33.5686264,40.71769333,Summer,2
8/4/2031,30.60162354,38.79165268,23.1646862,10.17283916,0.11760775,99.64705658,2.855997086,3.697798252,114.5029755,119.4569931,33.55987167,40.87978363,Summer,2
8/5/2031,30.59527969,38.76954651,23.18110275,10.21848392,0.127334327,99.64658356,2.853853226,3.694903851,114.3786621,119.3562317,33.5461998,41.05185699,Summer,2
8/6/2031,30.58491325,38.74257278,23.19468117,10.2643013,0.137580082,99.64629364,2.852153301,3.692645073,114.2554703,119.2618103,33.52742767,41.23400116,Summer,2
8/7/2031,30.570364,38.71053696,23.20528221,10.31016636,0.148360953,99.64619446,2.850881577,3.691007137,114.1367416,119.1769791,33.50337601,41.42630768,Summer,2
8/8/2031,30.5514698,38.67325211,23.21275902,10.35595131,0.159691885,99.64628601,2.850022316,3.68997097,114.0258636,119.1051483,33.47386551,41.62886047,Summer,2
8/9/2031,30.52807236,38.63052368,23.21695709,10.40152168,0.171586379,99.64657593,2.849555969,3.689513445,113.9264069,119.0496674,33.43870926,41.84173584,Summer,2
8/10/2031,30.50000572,38.58217239,23.21772766,10.44674587,0.184056222,99.64706421,2.849459648,3.689608574,113.8419418,119.0139847,33.39773941,42.06499481,Summer,2
8/11/2031,30.46712112,38.52802277,23.21491623,10.49148273,0.197110862,99.64775848,2.849708557,3.690227032,113.7761154,119.0015335,33.35078812,42.29868317,Summer,2
8/12/2031,30.42926598,38.46790695,23.20838165,10.53559875,0.210757464,99.64864349,2.85027504,3.691335917,113.7325516,119.0156631,33.29769516,42.54281616,Summer,2
8/13/2031,30.38630486,38.40167236,23.19797134,10.57895374,0.225000322,99.64971924,2.851129055,3.692899227,113.7148209,119.0597229,33.23830795,42.79740906,Summer,2
8/14/2031,30.33810616,38.32918167,23.1835537,10.62141228,0.239840895,99.65099335,2.852239132,3.69487977,113.7264862,119.1368866,33.17250061,43.06243896,Summer,2
8/15/2031,30.28455734,38.25031662,23.16498947,10.66283894,0.255277127,99.65245819,2.853571415,3.69723773,113.7709351,119.2502289,33.10015488,43.33785248,Summer,2
8/16/2031,30.22555351,38.16498184,23.14216423,10.70310116,0.271303505,99.65411377,2.855092049,3.699931145,113.851532,119.402626,33.02117157,43.62358093,Summer,2
8/17/2031,30.16100693,38.07308578,23.11495209,10.74206924,0.28791073,99.65593719,2.856764317,3.702916861,113.9713364,119.5968018,32.93546295,43.91950989,Summer,2
8/18/2031,30.09085655,37.97458649,23.08326721,10.77961731,0.305085599,99.65794373,2.858551979,3.70615077,114.1332932,119.8352509,32.8429718,44.22548676,Summer,2
8/19/2031,30.01504898,37.86944962,23.04700851,10.81562424,0.322810829,99.66011047,2.860417366,3.709588051,114.3401108,120.1202011,32.74365616,44.54134369,Summer,2
8/20/2031,29.93355942,37.75767517,23.00610924,10.84997368,0.34106493,99.66244507,2.862323284,3.713183403,114.5942993,120.4536133,32.63751221,44.86685944,Summer,2
8/21/2031,29.84637833,37.63928986,22.96051025,10.88255596,0.359822154,99.66492462,2.864232063,3.716892242,114.8979568,120.8371277,32.52455139,45.2017746,Summer,2
8/22/2031,29.75352669,37.51433945,22.91016769,10.91326618,0.379052401,99.66754913,2.866107464,3.720669985,115.2529984,121.2721863,32.40480423,45.545784,Summer,2
8/23/2031,29.65504265,37.38292313,22.85505486,10.94200706,0.398721457,99.67031097,2.867911816,3.724472523,115.6609955,121.7597733,32.27833939,45.89855194,Summer,2
8/24/2031,29.55098915,37.24515152,22.79517365,10.96869087,0.418790698,99.67320251,2.86961031,3.728257895,116.1231918,122.3006516,32.14525604,46.25968933,Summer,2
8/25/2031,29.44145584,37.10116577,22.73052979,10.99323177,0.439217448,99.6762085,2.871170044,3.731985092,116.640419,122.8951416,32.00566101,46.62878418,Summer,2
8/26/2031,29.32655907,36.9511528,22.6611557,11.01555729,0.459955037,99.67932129,2.872556686,3.735614777,117.2132721,123.5432968,31.85971451,47.00535583,Summer,2
8/27/2031,29.20643425,36.79531097,22.58710098,11.03559971,0.480952919,99.68253326,2.873740673,3.739109993,117.841835,124.2448044,31.70758247,47.38889694,Summer,2
8/28/2031,29.08124352,36.63387299,22.50844002,11.05330276,0.502156913,99.68584442,2.87469244,3.742436886,118.5259857,124.9989471,31.54947472,47.77885818,Summer,2
8/29/2031,28.95116997,36.46710587,22.42525291,11.06861591,0.523509562,99.68923187,2.875386238,3.74556303,119.2650986,125.8047409,31.38561058,48.1746521,Summer,2
8/30/2031,28.81642532,36.29531097,22.33765411,11.08149719,0.544950306,99.69270325,2.875797749,3.748460531,120.0582809,126.6608276,31.21625137,48.57565308,Summer,2
8/31/2031,28.67723465,36.1187973,22.24576569,11.09191322,0.566415727,99.69623566,2.875905037,3.751103163,120.9042358,127.5655289,31.04166412,48.98120117,Summer,2
9/1/2031,28.53384399,35.93789673,22.1497345,11.09983921,0.58784014,99.69983673,2.87569046,3.753468752,121.8013611,128.5168457,30.86215782,49.3905983,Autumn,3
9/2/2031,28.38652802,35.75298691,22.04971313,11.10525894,0.609155774,99.70348358,2.875136852,3.75553894,122.747673,129.5125275,30.67804146,49.80311584,Autumn,3
9/3/2031,28.23556328,35.56443787,21.9458828,11.10816193,0.63029325,99.70718384,2.874232769,3.757297993,123.7409592,130.5500031,30.48965836,50.21800995,Autumn,3
9/4/2031,28.08125496,35.37264633,21.83843231,11.10854721,0.651182055,99.71092224,2.872967243,3.758735657,124.7786179,131.6265411,30.29735947,50.6344986,Autumn,3
9/5/2031,27.92391014,35.17803192,21.72756004,11.10641956,0.671750903,99.71469879,2.871335506,3.759843111,125.8578949,132.7390747,30.10150719,51.05179214,Autumn,3
9/6/2031,27.76385307,34.98101044,21.61348152,11.10179138,0.691928446,99.71851349,2.869332314,3.760616541,126.9757233,133.8844299,29.90248108,51.46907425,Autumn,3
9/7/2031,27.60141373,34.78201675,21.49641991,11.09468079,0.711643279,99.72235107,2.866959095,3.761055946,128.1288147,135.0592804,29.70067215,51.88552094,Autumn,3
9/8/2031,27.43692398,34.58148193,21.37660599,11.08511257,0.730824888,99.72621918,2.864217758,3.761165142,129.3137817,136.2600861,29.49646759,52.30030823,Autumn,3
9/9/2031,27.27073097,34.37984467,21.25427437,11.0731144,0.749403775,99.73010254,2.861114502,3.760951042,130.5270233,137.4833069,29.29026222,52.71259689,Autumn,3
9/10/2031,27.10316658,34.17753983,21.12966919,11.05871964,0.767312348,99.73400879,2.85765934,3.760423899,131.7648621,138.725296,29.08245277,53.12155914,Autumn,3
9/11/2031,26.93457222,33.97499466,21.00302887,11.0419693,0.784484982,99.73793793,2.853862762,3.759598732,133.0235291,139.9824066,28.87343025,53.52636337,Autumn,3
9/12/2031,26.76527596,33.77262878,20.87460518,11.02290249,0.800858736,99.74187469,2.849740505,3.758491755,134.2992706,141.2509613,28.66357422,53.92619324,Autumn,3
9/13/2031,26.59560204,33.57085419,20.74463272,11.00156307,0.816373706,99.74583435,2.845310211,3.75712347,135.5882416,142.5273895,28.45326805,54.32025909,Autumn,3
9/14/2031,26.42586899,33.37006378,20.61335564,10.97800064,0.830973446,99.74980164,2.840591431,3.755517483,136.886734,143.8081512,28.24287415,54.7077713,Autumn,3
9/15/2031,26.25637436,33.17062759,20.48099518,10.95226002,0.844605446,99.75378418,2.835606575,3.753698349,138.1910248,145.0899048,28.03273773,55.08798218,Autumn,3
9/16/2031,26.08740425,32.97290421,20.34778786,10.9243927,0.857221663,99.75778198,2.830379486,3.751695395,139.4975739,146.3693237,27.8231945,55.46017075,Autumn,3
9/17/2031,25.91922379,32.77722168,20.21393585,10.89444828,0.868778229,99.76179504,2.82493782,3.749537468,140.8029327,147.6434174,27.61455727,55.8236351,Autumn,3
9/18/2031,25.75208282,32.58388519,20.07964897,10.86247635,0.879236639,99.76581573,2.819308281,3.747257233,142.1038971,148.9093323,27.40711403,56.17773819,Autumn,3
9/19/2031,25.58620834,32.39316177,19.94511414,10.82852745,0.888563514,99.76984406,2.813520908,3.744887829,143.3973999,150.1644592,27.20112801,56.52186203,Autumn,3
9/20/2031,25.42180061,32.20529938,19.81050491,10.79265118,0.89673084,99.77388763,2.807606697,3.742463112,144.6807098,151.4064789,26.99684334,56.85544586,Autumn,3
9/21/2031,25.25903511,32.02050018,19.6759758,10.7548933,0.903716326,99.77793884,2.801596642,3.740019798,145.9512482,152.6333313,26.7944622,57.17796707,Autumn,3
9/22/2031,25.0980587,31.83893776,19.54166985,10.7152977,0.909503341,99.78200531,2.795523643,3.737592936,147.2068634,153.843338,26.59416771,57.48896408,Autumn,3
9/23/2031,24.93899536,31.66075516,19.40770149,10.67391014,0.914081633,99.78607178,2.789420128,3.735220194,148.4456024,155.0351105,26.39610863,57.78804398,Autumn,3
9/24/2031,24.78192902,31.48604202,19.27417755,10.63077068,0.917446613,99.79013824,2.783320427,3.732937098,149.6659393,156.2075806,26.2003994,58.07484055,Autumn,3
9/25/2031,24.62692642,31.3148613,19.1411705,10.58591843,0.919599712,99.79421234,2.777256489,3.730780125,150.8666229,157.3600616,26.00712013,58.34907532,Autumn,3
9/26/2031,24.47401619,31.14723587,19.00874138,10.5393858,0.920548379,99.79827881,2.771261692,3.728785038,152.046875,158.4923096,25.81632614,58.61050415,Autumn,3
9/27/2031,24.3231926,30.98314285,18.87692261,10.49120617,0.920306325,99.80234528,2.765369415,3.726987362,153.2061615,159.6042786,25.62802505,58.85896683,Autumn,3
9/28/2031,24.17443085,30.82253265,18.74572945,10.44140816,0.918892562,99.80639648,2.759610176,3.725420237,154.3444214,160.6964417,25.44220734,59.09435654,Autumn,3
9/29/2031,24.02766228,30.665308,18.61514854,10.39001942,0.916331947,99.81044006,2.754015923,3.724116802,155.4619293,161.769577,25.25881386,59.31663895,Autumn,3
9/30/2031,23.88280106,30.51134109,18.4851532,10.33705997,0.912654936,99.81445313,2.748616219,3.72310853,156.5593567,162.8247833,25.07776451,59.5258255,Autumn,3
10/1/2031,23.7397213,30.36045837,18.35568619,10.28255177,0.907897055,99.8184433,2.743440151,3.72242403,157.6377411,163.8636017,24.89894485,59.72199249,Autumn,3
10/2/2031,23.59827805,30.21246719,18.22667313,10.22651196,0.902098954,99.82239532,2.738513947,3.72209239,158.69841,164.8877869,24.72220802,59.90530014,Autumn,3
10/3/2031,23.45829773,30.06712914,18.09802437,10.16895294,0.895305455,99.82630157,2.733864307,3.722138166,159.7431335,165.8994751,24.54738235,60.07594299,Autumn,3
10/4/2031,23.31958389,29.92418861,17.96962166,10.10988808,0.88756609,99.83016205,2.729515076,3.722585201,160.7739868,166.9010773,24.37426949,60.23418808,Autumn,3
10/5/2031,23.18190956,29.78334999,17.8413353,10.0493269,0.878934026,99.83396149,2.725488186,3.723454952,161.7932739,167.8952179,24.20264244,60.38034439,Autumn,3
10/6/2031,23.04504013,29.64430618,17.71301842,9.987278938,0.869465888,99.83768463,2.721804142,3.724766016,162.8036346,168.8848114,24.03226089,60.51478958,Autumn,3
10/7/2031,22.9087162,29.50671577,17.5845089,9.923750877,0.859221578,99.84133148,2.718481064,3.726535797,163.8079681,169.8729706,23.86285591,60.63793945,Autumn,3
10/8/2031,22.77266502,29.37023544,17.45562553,9.858750343,0.848263264,99.84488678,2.715535641,3.72877717,164.8093109,170.8629608,23.69414902,60.75026703,Autumn,3
10/9/2031,22.63659668,29.23448563,17.32618904,9.792281151,0.836655557,99.8483429,2.712981224,3.731502533,165.8110046,171.8581696,23.52584457,60.85228348,Autumn,3
10/10/2031,22.50021935,29.0990963,17.19600105,9.724351883,0.82446456,99.85168457,2.710830688,3.734721184,166.8164215,172.8620911,23.35764313,60.9445343,Autumn,3
10/11/2031,22.36323166,28.96368217,17.06485939,9.654967308,0.811757565,99.8549118,2.709093571,3.738439322,167.8291473,173.8782959,23.18922424,61.02760315,Autumn,3
10/12/2031,22.22532845,28.82784271,16.93255615,9.584137917,0.798602581,99.85800171,2.707778454,3.742661476,168.8527374,174.9103546,23.02028084,61.102108,Autumn,3
10/13/2031,22.08620071,28.69120026,16.79888153,9.511872292,0.785067916,99.86095428,2.706890106,3.747389555,169.8908539,175.961792,22.85049057,61.16869354,Autumn,3
10/14/2031,21.9455471,28.55335999,16.66362572,9.438182831,0.771221757,99.86374664,2.706433296,3.752624035,170.947113,177.0361176,22.67954063,61.22802353,Autumn,3
10/15/2031,21.80306625,28.41394424,16.5265789,9.363084793,0.75713104,99.86638641,2.706409454,3.75836134,172.025116,178.1367035,22.50712585,61.28077698,Autumn,3
10/16/2031,21.65847397,28.27258682,16.38754082,9.286596298,0.742862403,99.86885834,2.706818104,3.764597893,173.1283112,179.2668304,22.33294678,61.32764816,Autumn,3
10/17/2031,21.51149178,28.12893677,16.246315,9.208740234,0.72848022,99.87114716,2.707658291,3.77132678,174.2601013,180.4295349,22.15671539,61.36933517,Autumn,3
10/18/2031,21.36185837,27.98265266,16.10271454,9.129541397,0.714047194,99.8732605,2.708925724,3.778539658,175.4235992,181.6276703,21.97816086,61.40654755,Autumn,3
10/19/2031,21.20932579,27.83342934,15.956563,9.049031258,0.699623525,99.87518311,2.710615158,3.786227226,176.6218719,182.8638611,21.79703331,61.43998718,Autumn,3
10/20/2031,21.05367088,27.68096924,15.80769825,8.967247963,0.685266852,99.87691498,2.712720394,3.794377565,177.8575592,184.1404114,21.61310005,61.47034836,Autumn,3
10/21/2031,20.89468956,27.52501869,15.65598011,8.884231567,0.671031952,99.87844849,2.715232849,3.802978277,179.1331787,185.4592743,21.42615318,61.49831772,Autumn,3
10/22/2031,20.73220825,27.36534119,15.50127316,8.800028801,0.656969905,99.87979126,2.718143463,3.81201458,180.4507904,186.8221283,21.23601341,61.52456284,Autumn,3
10/23/2031,20.56607628,27.20174217,15.34347439,8.714694023,0.643128335,99.88093567,2.721441746,3.821472883,181.8122711,188.2302551,21.04252625,61.54973602,Autumn,3
10/24/2031,20.39617348,27.0340519,15.18248844,8.628287315,0.629551172,99.88188934,2.725115776,3.831335783,183.2189789,189.6845703,20.8455677,61.57447052,Autumn,3
10/25/2031,20.22240448,26.8621521,15.01826,8.540873528,0.616278589,99.88265991,2.729153633,3.841587067,184.6719666,191.1855316,20.64505005,61.59936142,Autumn,3
10/26/2031,20.04471397,26.68594551,14.85073948,8.452525139,0.603346229,99.88323975,2.733541965,3.85220933,186.171875,192.7331696,20.44091225,61.62499237,Autumn,3
10/27/2031,19.86307526,26.50538445,14.67991543,8.363321304,0.590785861,99.88365173,2.738266468,3.863184452,187.7189026,194.3271637,20.23313332,61.65188599,Autumn,3
10/28/2031,19.67749596,26.32046127,14.50579166,8.273348808,0.578624904,99.88389587,2.743312836,3.874494791,189.3127747,195.9666595,20.0217247,61.68055344,Autumn,3
10/29/2031,19.48801994,26.13120079,14.32840824,8.182696342,0.566886485,99.88398743,2.748666763,3.886121511,190.9528198,197.6503601,19.80673027,61.71146774,Autumn,3
10/30/2031,19.2947197,25.93767548,14.14782238,8.091464043,0.555589378,99.88394165,2.754312515,3.898046255,192.6379395,199.3766022,19.58823395,61.74504852,Autumn,3
10/31/2031,19.09770775,25.73999596,13.96412563,7.999752998,0.544748485,99.8837738,2.760234833,3.910250187,194.3664703,201.1432495,19.36635399,61.78168106,Autumn,3
11/1/2031,18.89712524,25.53831673,13.77743053,7.907674789,0.534374297,99.88350677,2.766418457,3.92271471,196.1364288,202.9476929,19.14124489,61.82171249,Autumn,3
11/2/2031,18.69315338,25.33281517,13.58788395,7.815340996,0.524473369,99.88314819,2.772847176,3.935421944,197.945343,204.7869568,18.91308594,61.86543274,Autumn,3
11/3/2031,18.48600006,25.1237278,13.3956461,7.722872734,0.515048623,99.88272095,2.779506207,3.948352814,199.7903442,206.6576691,18.6821022,61.91310501,Autumn,3
11/4/2031,18.27589989,24.91130638,13.20091343,7.630393028,0.506099105,99.88226318,2.786379337,3.961490154,201.6681061,208.5560913,18.44854164,61.96493149,Autumn,3
11/5/2031,18.06312752,24.69585228,13.00390148,7.538027763,0.497620612,99.88178253,2.793451309,3.974815607,203.5749664,210.4780579,18.21268654,62.02108765,Autumn,3
11/6/2031,17.84797287,24.47768784,12.80484772,7.445906639,0.489605635,99.88130951,2.80070734,3.988312006,205.5068817,212.4191895,17.97484016,62.08169174,Autumn,3
11/7/2031,17.63076401,24.25717163,12.6040144,7.354164124,0.482043922,99.88088226,2.808131695,4.001962185,207.4595184,214.3747711,17.73534203,62.14681625,Autumn,3
11/8/2031,17.41183853,24.03467941,12.40167904,7.262932777,0.474922448,99.88050842,2.815711021,4.015749931,209.4281311,216.3398285,17.49454117,62.21651077,Autumn,3
11/9/2031,17.19156456,23.81061745,12.19814205,7.172348976,0.468225956,99.88023376,2.823429108,4.029658318,211.4078979,218.3091583,17.25281906,62.29076004,Autumn,3
11/10/2031,16.97032356,23.58541107,11.99371529,7.082547188,0.46193707,99.88008118,2.831272602,4.043671131,213.3935394,220.27742,17.01056862,62.36953354,Autumn,3
11/11/2031,16.74851036,23.35949326,11.78872776,6.993663788,0.456036747,99.88008118,2.839227676,4.057772636,215.3797913,222.2391205,16.76819801,62.45274734,Autumn,3
11/12/2031,16.52653885,23.13332748,11.58351707,6.905831337,0.450504541,99.88026428,2.847280025,4.071947575,217.3610992,224.1886292,16.52612877,62.5402832,Autumn,3
11/13/2031,16.30482292,22.90737152,11.37843323,6.819184303,0.445318937,99.88066101,2.855416298,4.086179256,219.3319092,226.1203156,16.28478813,62.6320076,Autumn,3
11/14/2031,16.08379173,22.68209648,11.17383194,6.733849525,0.440457672,99.88130188,2.863624096,4.100453377,221.2864532,228.0285492,16.04460907,62.72773361,Autumn,3
11/15/2031,15.86386585,22.45797157,10.97007275,6.649953842,0.435898006,99.88220978,2.871889114,4.114753723,223.2191467,229.9076843,15.80603218,62.82725906,Autumn,3
11/16/2031,15.64547825,22.23546982,10.76751423,6.567619324,0.431617022,99.88341522,2.880199432,4.12906599,225.1242676,231.7521973,15.56948662,62.9303627,Autumn,3
11/17/2031,15.42904472,22.0150547,10.56652164,6.486960411,0.427592039,99.8849411,2.888541698,4.143374443,226.9962769,233.5566864,15.3354063,63.03679657,Autumn,3
11/18/2031,15.21499062,21.79718399,10.36745071,6.408089638,0.423800766,99.88682556,2.896903515,4.157663345,228.8296356,235.315918,15.10421371,63.14628601,Autumn,3
11/19/2031,15.00371647,21.58230591,10.17065144,6.331109047,0.420221537,99.88907623,2.905272007,4.171916962,230.6190643,237.0248718,14.87631893,63.25854874,Autumn,3
11/20/2031,14.79562187,21.37084961,9.976469994,6.256117344,0.416833609,99.89172363,2.913635254,4.186120033,232.3594208,238.6787415,14.65211964,63.3732872,Autumn,3
11/21/2031,14.59108353,21.16322708,9.785240173,6.183202744,0.413617402,99.89477539,2.921980381,4.200256824,234.0458984,240.2730408,14.4319973,63.49019623,Autumn,3
11/22/2031,14.39046192,20.95983124,9.597278595,6.112446785,0.410554707,99.89826202,2.930294991,4.214310169,235.6737976,241.8036041,14.21631622,63.6089592,Autumn,3
11/23/2031,14.19409943,20.76102448,9.412896156,6.043921947,0.407628626,99.90219116,2.938566208,4.228264332,237.2389221,243.2666321,14.00541306,63.72925186,Autumn,3
11/24/2031,14.00231361,20.56715393,9.232374191,5.977689743,0.404824018,99.90657806,2.946782112,4.242102146,238.7373199,244.6587067,13.79960728,63.8507576,Autumn,3
11/25/2031,13.81539917,20.37853241,9.055986404,5.913805962,0.402127475,99.9114151,2.954929352,4.255805969,240.1653748,245.9767761,13.5991869,63.97315216,Autumn,3
11/26/2031,13.63362217,20.1954422,8.883979797,5.852313042,0.399527341,99.91672516,2.962996006,4.269359112,241.5200043,247.2182465,13.40441704,64.09611511,Autumn,3
11/27/2031,13.45722103,20.01813126,8.716580391,5.793243885,0.397013783,99.92250061,2.970968723,4.282742977,242.7984314,248.3810272,13.21552849,64.2193222,Autumn,3
11/28/2031,13.28640461,19.84681892,8.553988457,5.736623287,0.394579023,99.92873383,2.978835106,4.295939445,243.9984131,249.4633636,13.03272533,64.34248352,Autumn,3
11/29/2031,13.12135506,19.6816864,8.3963871,5.682462215,0.392216891,99.93543243,2.986582279,4.308930397,245.1180878,250.4641266,12.85617733,64.465271,Autumn,3
11/30/2031,12.96221447,19.52288055,8.243922234,5.630765438,0.389923334,99.94257355,2.994196415,4.321697235,246.1561432,251.3825684,12.6860218,64.5874176,Autumn,3
12/1/2031,12.8091011,19.37051964,8.096716881,5.581524849,0.387695968,99.95014191,3.001666069,4.334220886,247.1116791,252.2184601,12.52236748,64.70863342,Winter,0
12/2/2031,12.66209888,19.22467422,7.954877853,5.534721851,0.385534167,99.95813751,3.008976936,4.346482277,247.9843445,252.9720612,12.36528778,64.82865143,Winter,0
12/3/2031,12.52125645,19.08538628,7.81846714,5.490329742,0.383438736,99.96652222,3.016117573,4.358463764,248.7742004,253.6440887,12.21481991,64.94720459,Winter,0
12/4/2031,12.38659286,18.95266342,7.687534332,5.448310852,0.381412297,99.97528076,3.023074627,4.370144844,249.481842,254.2356873,12.07097435,65.0640564,Winter,0
12/5/2031,12.25810623,18.82647705,7.56208992,5.408618927,0.379458457,99.984375,3.029835701,4.381508827,250.1082764,254.7485504,11.93373013,65.1789856,Winter,0
12/6/2031,12.13574028,18.70676613,7.442130089,5.371198654,0.377582252,99.99378967,3.036388874,4.392535686,250.6549988,255.1847076,11.80303192,65.29177856,Winter,0
12/7/2031,12.01943302,18.5934391,7.32761097,5.335987568,0.375789523,100.003479,3.042721748,4.403208733,251.1239166,255.5466309,11.67879868,65.40223694,Winter,0
12/8/2031,11.90908432,18.48637772,7.218476295,5.302913666,0.374087036,100.0134048,3.048823357,4.413509846,251.5174103,255.8372192,11.56091976,65.51016235,Winter,0
12/9/2031,11.80456352,18.38542938,7.114636421,5.27189827,0.372482151,100.0235291,3.054683208,4.423423767,251.83815,256.0596619,11.4492588,65.61538696,Winter,0
12/10/2031,11.70573235,18.29042625,7.015983582,5.242856979,0.370982587,100.0338058,3.060290813,4.432933807,252.0892334,256.2174988,11.34365845,65.71775818,Winter,0
12/11/2031,11.61240959,18.20116425,6.922387123,5.215699196,0.369596332,100.0441971,3.065636158,4.442025185,252.2740479,256.3145752,11.24393749,65.81713104,Winter,0
12/12/2031,11.52440834,18.11742783,6.833699226,5.190329075,0.368331313,100.0546494,3.070710182,4.450684547,252.3963318,256.3549805,11.14988995,65.91338348,Winter,0
12/13/2031,11.44151878,18.03897858,6.749743462,5.166646957,0.367195189,100.0651245,3.075505733,4.458899975,252.4600067,256.3429565,11.06130409,66.00637817,Winter,0
12/14/2031,11.36351204,17.96556854,6.670340538,5.144548893,0.36619541,100.0755539,3.080014706,4.466660023,252.4693298,256.2830505,10.97794819,66.09600067,Winter,0
12/15/2031,11.2901516,17.8969326,6.595288277,5.123929024,0.365338624,100.0858994,3.084231853,4.473955154,252.4285889,256.1798401,10.89957142,66.18216705,Winter,0
12/16/2031,11.22119141,17.83280182,6.524377823,5.104680538,0.364630848,100.0961075,3.088151932,4.480778217,252.3423615,256.0379944,10.82592773,66.26477051,Winter,0
12/17/2031,11.15637493,17.772892,6.457383156,5.086691856,0.364077032,100.1061172,3.091770649,4.487122536,252.2152252,255.8623199,10.75675488,66.34373474,Winter,0
12/18/2031,11.09543705,17.71692276,6.394076347,5.069856644,0.363681078,100.1158905,3.095086575,4.492984295,252.0518341,255.6575317,10.69178677,66.41896057,Winter,0
12/19/2031,11.0381155,17.66461182,6.334218025,5.054063797,0.363445759,100.1253738,3.098097801,4.498361588,251.8569336,255.4283752,10.63076115,66.49040222,Winter,0
12/20/2031,10.98414707,17.61567879,6.277574539,5.039206982,0.363372386,100.1345062,3.100805283,4.503253937,251.6351166,255.1795044,10.57341099,66.55796814,Winter,0
12/21/2031,10.93327045,17.56984711,6.223897934,5.025180817,0.363460988,100.1432419,3.103209496,4.50766325,251.3910522,254.9154358,10.51948166,66.62159729,Winter,0
12/22/2031,10.88523006,17.52684784,6.172955513,5.011883736,0.363709837,100.1515427,3.105313778,4.511594296,251.1291809,254.640564,10.46872139,66.68122864,Winter,0
12/23/2031,10.83977985,17.48642731,6.124505997,4.999217033,0.364115894,100.1593475,3.107123852,4.515052795,250.8538818,254.3590698,10.42087746,66.73677826,Winter,0
12/24/2031,10.79667854,17.44833565,6.078316689,4.987085342,0.364674419,100.166626,3.108644485,4.51804781,250.5693207,254.0749512,10.3757267,66.78820801,Winter,0
12/25/2031,10.75569916,17.4123497,6.034168243,4.975399971,0.365379184,100.1733322,3.109884262,4.520590305,250.2794952,253.7918701,10.33304596,66.83542633,Winter,0
12/26/2031,10.71663475,17.37825012,5.99184227,4.964075565,0.366222352,100.1794357,3.110851288,4.52269268,249.9880676,253.5132904,10.29263401,66.87838745,Winter,0
12/27/2031,10.67928314,17.34584808,5.951135635,4.953036308,0.367194533,100.1848907,3.111557484,4.52437067,249.6985321,253.2423248,10.25429821,66.91702271,Winter,0
12/28/2031,10.6434679,17.31496811,5.91185379,4.942207336,0.36828509,100.1896744,3.11201334,4.525641918,249.4139862,252.981781,10.21786976,66.95126343,Winter,0
12/29/2031,10.60902977,17.28545761,5.87382412,4.931526184,0.369481772,100.1937637,3.112233162,4.526524544,249.1373291,252.7340698,10.18320274,66.9810257,Winter,0
12/30/2031,10.57582378,17.25718307,5.83687973,4.9209342,0.370771378,100.1971283,3.112231255,4.527040005,248.8709717,252.5012207,10.1501646,67.0062561,Winter,0
12/31/2031,10.54373646,17.23004532,5.800877571,4.91037941,0.372139454,100.1997528,3.112023354,4.527212143,248.6170807,252.2849884,10.11864853,67.02687073,Winter,0
1/1/2032,10.51266384,17.20395279,5.765687943,4.899821758,0.373570621,100.201622,3.111627579,4.527063847,248.3774109,252.0866699,10.08857059,67.04278564,Winter,0
1/2/2032,10.48253345,17.1788578,5.731199265,4.889223099,0.375048846,100.2027283,3.111060619,4.526623249,248.1533508,251.907074,10.05986309,67.05395508,Winter,0
1/3/2032,10.45328808,17.15471649,5.697322845,4.878557205,0.37655744,100.2030716,3.110342503,4.525915623,247.9459076,251.7468262,10.03248692,67.06027222,Winter,0
1/4/2032,10.42489529,17.13151932,5.66398716,4.867804527,0.378079325,100.2026443,3.109492302,4.524970531,247.755722,251.6059723,10.00641918,67.06169128,Winter,0
1/5/2032,10.39735031,17.10928154,5.631137848,4.856951714,0.379597276,100.2014618,3.108530521,4.523817062,247.5829926,251.4843292,9.981665611,67.05810547,Winter,0
1/6/2032,10.37065601,17.08803749,5.598747253,4.845993996,0.381094098,100.1995239,3.107478619,4.522484779,247.4276428,251.3811951,9.958244324,67.04946899,Winter,0
1/7/2032,10.34485531,17.06784248,5.566795349,4.834934235,0.382552803,100.196846,3.106357098,4.5210042,247.2891388,251.2956543,9.936205864,67.03569794,Winter,0
1/8/2032,10.31999397,17.0487709,5.535293579,4.823782921,0.383957118,100.1934509,3.10518837,4.519405365,247.1667023,251.2263031,9.915604591,67.01673126,Winter,0
1/9/2032,10.29614067,17.03092575,5.504264832,4.812554836,0.38529104,100.1893616,3.103992939,4.517720222,247.0590973,251.1716003,9.896524429,66.99250793,Winter,0
1/10/2032,10.27338696,17.01441383,5.473752022,4.801273346,0.386539847,100.1846008,3.102792263,4.515977383,246.96492,251.1294861,9.879061699,66.96299744,Winter,0
1/11/2032,10.25184059,16.99936676,5.44381237,4.789967537,0.387689799,100.1792068,3.101607323,4.514207363,246.8823395,251.0978394,9.863326073,66.92811584,Winter,0
1/12/2032,10.23161793,16.98592758,5.414525986,4.778671265,0.38872847,100.1732101,3.100459099,4.512438297,246.8093719,251.074173,9.849446297,66.88783264,Winter,0
1/13/2032,10.21285057,16.97424698,5.385975838,4.767421722,0.389644861,100.1666489,3.099366665,4.510698795,246.7436676,251.0558167,9.837555885,66.84214783,Winter,0
1/14/2032,10.19568348,16.96448898,5.358272552,4.756263733,0.390429795,100.1595612,3.098349571,4.50901556,246.6828613,251.0399628,9.827798843,66.79101563,Winter,0
1/15/2032,10.18026543,16.95682907,5.331528664,4.74524498,0.39107582,100.1520004,3.097425461,4.507412434,246.6242523,251.0235596,9.820331573,66.73445129,Winter,0
1/16/2032,10.16676331,16.9514389,5.305872917,4.734415054,0.391577452,100.1440048,3.096611023,4.505913734,246.565033,251.00354,9.815307617,66.67247009,Winter,0
1/17/2032,10.15533733,16.94849968,5.28143692,4.723827839,0.391931295,100.1356277,3.095921993,4.504539967,246.5023041,250.9767151,9.812895775,66.60507202,Winter,0
1/18/2032,10.1461544,16.9481926,5.258368492,4.713538647,0.392136067,100.1269226,3.095371723,4.503311157,246.433075,250.9398499,9.813256264,66.53231049,Winter,0
1/19/2032,10.13938808,16.95069313,5.236813545,4.703604698,0.392192811,100.1179352,3.094973564,4.502244473,246.3543549,250.8897705,9.816547394,66.45423889,Winter,0
1/20/2032,10.13520432,16.95618057,5.216924667,4.694081306,0.392104685,100.1087189,3.094738483,4.501353264,246.263031,250.8231812,9.822936058,66.3709259,Winter,0
1/21/2032,10.13376713,16.96481705,5.198860168,4.685030937,0.391877353,100.0993271,3.094674587,4.500650883,246.1561737,250.7369995,9.832573891,66.2824707,Winter,0
1/22/2032,10.13524055,16.97677231,5.182769775,4.676506996,0.391518444,100.0898132,3.094789982,4.500145435,246.0307617,250.6281586,9.845610619,66.18896484,Winter,0
1/23/2032,10.13977814,16.99219131,5.168816566,4.668569565,0.39103812,100.0802383,3.095088959,4.499844074,245.8840027,250.4937286,9.862186432,66.09054565,Winter,0
1/24/2032,10.14752483,17.01121902,5.157144547,4.661272049,0.390448451,100.0706406,3.095575809,4.499750614,245.713089,250.3309326,9.882432938,65.98734283,Winter,0
1/25/2032,10.15861607,17.03398514,5.147909164,4.654670238,0.389763743,100.0610733,3.096251488,4.499864578,245.5154572,250.1372833,9.90646553,65.87952423,Winter,0
1/26/2032,10.17317486,17.06059837,5.141245842,4.648813248,0.389000148,100.05159,3.09711504,4.500185013,245.2886353,249.9102478,9.934392929,65.76727295,Winter,0
1/27/2032,10.19131565,17.09115601,5.137295723,4.643751144,0.388175577,100.042244,3.098164082,4.500707626,245.0304108,249.6477509,9.966304779,65.65075684,Winter,0
1/28/2032,10.21313858,17.12574577,5.136178017,4.639528275,0.38730976,100.0330582,3.099394321,4.501424313,244.7387848,249.3479614,10.00228119,65.53020477,Winter,0
1/29/2032,10.23871994,17.1644249,5.13801384,4.636187077,0.386423558,100.0241013,3.100798607,4.502323627,244.4120026,249.00914,10.04238319,65.40583801,Winter,0
1/30/2032,10.26812935,17.20724106,5.142904282,4.633764267,0.385539323,100.0153885,3.102368832,4.503394127,244.0484924,248.6300507,10.08664799,65.27789307,Winter,0
1/31/2032,10.30141544,17.25422096,5.150952339,4.632294655,0.384680241,100.0069656,3.104094982,4.504619598,243.6470642,248.2095795,10.13510704,65.14660645,Winter,0
2/1/2032,10.33860874,17.30537415,5.162228584,4.631806374,0.383870274,99.99886322,3.105964661,4.505982876,243.2067261,247.7470398,10.18777084,65.01226807,Winter,0
2/2/2032,10.37972832,17.36069107,5.176804543,4.632324219,0.383133858,99.99111176,3.107965469,4.507463932,242.7268066,247.2419739,10.24462605,64.8751297,Winter,0
2/3/2032,10.42477226,17.4201355,5.194736481,4.633869171,0.382495612,99.98373413,3.110081673,4.509040833,242.2069092,246.6942444,10.30565262,64.73547363,Winter,0
2/4/2032,10.47371578,17.48366928,5.216060638,4.636454582,0.381980151,99.97674561,3.112298012,4.510690689,241.6469727,246.1040802,10.37080097,64.59358215,Winter,0
2/5/2032,10.52652645,17.55121994,5.24079895,4.640091896,0.381611615,99.97015381,3.114596844,4.512387753,241.0471344,245.4719696,10.44001389,64.44976044,Winter,0
2/6/2032,10.5831461,17.62270737,5.268965721,4.644785881,0.381413609,99.96398926,3.116960526,4.514107704,240.4079132,244.7986908,10.5132122,64.30429077,Winter,0
2/7/2032,10.64350796,17.69803047,5.300551414,4.650537968,0.381408691,99.95824432,3.119370461,4.515821457,239.7300568,244.0853424,10.59030724,64.15746307,Winter,0
2/8/2032,10.7075243,17.77707672,5.335539818,4.657342911,0.381618351,99.95291901,3.121807098,4.517502785,239.0146179,243.3332672,10.67118931,64.00958252,Winter,0
2/9/2032,10.77509499,17.85971832,5.373896599,4.665195465,0.382062495,99.94802094,3.124250412,4.519124031,238.2628326,242.5441132,10.75574207,63.86092377,Winter,0
2/10/2032,10.84610844,17.94582176,5.415574074,4.674079895,0.382759213,99.94353485,3.126682281,4.520656586,237.4762421,241.7197266,10.84382915,63.71177292,Winter,0
2/11/2032,10.92043591,18.03522491,5.460510254,4.683980465,0.383724719,99.9394455,3.129081249,4.522073269,236.6566162,240.8621216,10.93531036,63.56240463,Winter,0
2/12/2032,10.99793625,18.1277771,5.508630753,4.694877625,0.384973049,99.93574524,3.131429672,4.523346901,235.8058319,239.9736481,11.03002834,63.41309357,Winter,0
2/13/2032,11.07847214,18.22330093,5.559854507,4.706747055,0.386515677,99.93241119,3.133708,4.524451256,234.9260559,239.0567474,11.12782955,63.26407623,Winter,0
2/14/2032,11.16188145,18.32163239,5.614086151,4.719561577,0.388361514,99.92942047,3.13589859,4.525361538,234.0194855,238.1139526,11.22854137,63.11560059,Winter,0
2/15/2032,11.24800491,18.42258835,5.671216965,4.733291149,0.390516609,99.92675018,3.137983799,4.526054859,233.088623,237.1479797,11.3319912,62.96788788,Winter,0
2/16/2032,11.33667088,18.5259819,5.731133461,4.747903824,0.392984271,99.92436218,3.139948368,4.526507854,232.1358643,236.1616974,11.43800831,62.8211441,Winter,0
2/17/2032,11.42771053,18.63164139,5.793716431,4.763363838,0.395764589,99.92222595,3.141777992,4.526702404,231.1638641,235.1578979,11.54641151,62.67555237,Winter,0
2/18/2032,11.52095413,18.73937607,5.858837128,4.77963686,0.398854643,99.92031097,3.14345932,4.526620388,230.1751709,234.1395111,11.6570282,62.53128433,Winter,0
2/19/2032,11.61622334,18.84901237,5.926362991,4.796684265,0.402248353,99.9185791,3.144980431,4.526246548,229.1725159,233.1094818,11.76968002,62.38848877,Winter,0
2/20/2032,11.71334839,18.96037292,5.996156693,4.81446743,0.405936509,99.91698456,3.146332264,4.525568485,228.1584625,232.0706482,11.88419437,62.24728394,Winter,0
2/21/2032,11.81215954,19.07328796,6.068082809,4.832948208,0.409906566,99.91548157,3.147506714,4.524577141,227.1356812,231.0258789,12.00040627,62.1077652,Winter,0
2/22/2032,11.91248608,19.18759537,6.141994476,4.85208559,0.414143175,99.91404724,3.148498535,4.523264885,226.1066589,229.97789,12.11815071,61.97001648,Winter,0
2/23/2032,12.01417255,19.30314255,6.217755318,4.871840954,0.418627709,99.91262054,3.149303913,4.52162981,225.0739288,228.9293976,12.23727894,61.83409119,Winter,0
2/24/2032,12.11706352,19.41978073,6.295223236,4.892175674,0.42333883,99.91117096,3.149921894,4.51967001,224.0398102,227.8829193,12.35763645,61.70001984,Winter,0
2/25/2032,12.22101021,19.5373764,6.374264717,4.913051605,0.428252339,99.90964508,3.150352478,4.517389297,223.006546,226.8408203,12.47909355,61.5677948,Winter,0
2/26/2032,12.32587719,19.65580368,6.454742432,4.93443203,0.433341593,99.90801239,3.150599957,4.514792919,221.9761658,225.8053589,12.6015234,61.43740463,Winter,0
2/27/2032,12.43153667,19.77495575,6.536525726,4.956280708,0.438577503,99.90621948,3.150669098,4.511891842,220.9507141,224.7785187,12.72480392,61.308815,Winter,0
2/28/2032,12.53786945,19.89473152,6.619492531,4.978563786,0.443928838,99.90423584,3.150568008,4.508696556,219.9318085,223.7621765,12.84883976,61.1819458,Winter,0
2/29/2032,12.64477158,20.01503754,6.703522682,5.00124979,0.449362695,99.90201569,3.150306225,4.505224705,218.9210205,222.7579041,12.97353649,61.05672836,Winter,0
3/1/2032,12.75214672,20.13580894,6.788502693,5.024309158,0.454844385,99.8995285,3.149895668,4.501493931,217.919693,221.7671051,13.09881496,60.93304825,Spring,1
3/2/2032,12.85991478,20.25697708,6.874334335,5.047711849,0.460338056,99.89673615,3.149350166,4.497525215,216.928894,220.7909241,13.22460842,60.81077957,Spring,1
3/3/2032,12.96800232,20.37850189,6.960915565,5.071434021,0.465806991,99.89361572,3.148686409,4.493344784,215.9495239,219.8302612,13.3508625,60.689785,Spring,1
3/4/2032,13.07635212,20.50034332,7.048163414,5.095452309,0.471213698,99.89012909,3.147922039,4.488977909,214.9822388,218.8857574,13.47753906,60.56991577,Spring,1
3/5/2032,13.18492126,20.62248039,7.135995865,5.119746685,0.476520568,99.88626099,3.147075653,4.484454632,214.0274353,217.9578247,13.60460758,60.4509964,Spring,1
3/6/2032,13.29367638,20.74489975,7.224346161,5.144298553,0.48168999,99.88198853,3.146168709,4.47980547,213.0853271,217.0465851,13.73205185,60.33284378,Spring,1
3/7/2032,13.40259457,20.8676033,7.313153267,5.169092655,0.486684948,99.87728882,3.145223618,4.475063324,212.155838,216.1520386,13.85986233,60.21527481,Spring,1
3/8/2032,13.51166439,20.99059868,7.402369499,5.194116592,0.491469026,99.87214661,3.144263268,4.470263481,211.2387085,215.2737885,13.9880476,60.09809494,Spring,1
3/9/2032,13.6208849,21.11390686,7.491950989,5.219358921,0.496007085,99.86656189,3.143311977,4.465440273,210.3335114,214.4112701,14.11662006,59.98110199,Spring,1
3/10/2032,13.73027134,21.23754883,7.581867218,5.244812965,0.500265479,99.86052704,3.142394066,4.460631371,209.4395294,213.5637817,14.24560165,59.86410141,Spring,1
3/11/2032,13.83983803,21.36156845,7.672095299,5.270471573,0.504212439,99.85404205,3.141535282,4.455872536,208.5558929,212.7303314,14.37502384,59.74688339,Spring,1
3/12/2032,13.94961357,21.48598862,7.76262188,5.296333313,0.507818282,99.8470993,3.140760422,4.451200962,207.6815643,211.9097137,14.50492477,59.62925339,Spring,1
3/13/2032,14.05963421,21.61086655,7.853439331,5.322395325,0.511055887,99.83971405,3.140095234,4.44665432,206.8153687,211.100647,14.63534355,59.51102066,Spring,1
3/14/2032,14.16993809,21.73624039,7.9445467,5.348659039,0.513900638,99.83189392,3.139564514,4.442268372,205.9559021,210.301651,14.76632977,59.39200211,Spring,1
3/15/2032,14.28056908,21.86215973,8.035959244,5.375125885,0.516331255,99.8236618,3.139191628,4.438078403,205.1017761,209.5111084,14.8979311,59.27202225,Spring,1
3/16/2032,14.39158249,21.98867226,8.127686501,5.401800156,0.518329442,99.81503296,3.139001369,4.434118748,204.251358,208.7272644,15.03019714,59.15091705,Spring,1
3/17/2032,14.50302505,22.11582184,8.219749451,5.428686142,0.519880354,99.80603027,3.139015675,4.430421829,203.4030609,207.9483337,15.16318321,59.02853394,Spring,1
3/18/2032,14.61495495,22.24365616,8.312175751,5.45579195,0.520972908,99.79666901,3.139255524,4.427018166,202.5550995,207.1724548,15.29693985,58.90474319,Spring,1
3/19/2032,14.72742176,22.37220955,8.404993057,5.483122826,0.521599472,99.78700256,3.139740467,4.423936367,201.7058258,206.3976593,15.43151379,58.77942657,Spring,1
3/20/2032,14.8404808,22.50152588,8.498233795,5.510687828,0.521756411,99.77703857,3.140488148,4.42120266,200.8534088,205.621994,15.56694889,58.65248871,Spring,1
3/21/2032,14.95418358,22.63162804,8.591936111,5.538495064,0.521444082,99.76683044,3.141514301,4.418838501,199.9961243,204.8435516,15.70329094,58.52384567,Spring,1
3/22/2032,15.06857967,22.76254463,8.686136246,5.566553116,0.52066642,99.75640869,3.142833233,4.416865826,199.1322632,204.060379,15.84057331,58.39343643,Spring,1
3/23/2032,15.18371391,22.89428329,8.780874252,5.594870567,0.519431531,99.74581146,3.144456387,4.415299892,198.2601318,203.2705688,15.97882748,58.26124191,Spring,1
3/24/2032,15.29962635,23.02685928,8.876186371,5.623456478,0.517751276,99.73509216,3.146392345,4.41415596,197.3780975,202.4723358,16.11807632,58.12722778,Spring,1
3/25/2032,15.41634941,23.16026306,8.972113609,5.652320385,0.515641272,99.72428131,3.148647308,4.413441181,196.4847107,201.6638947,16.25833321,57.99141693,Spring,1
3/26/2032,15.53391361,23.294487,9.068693161,5.681468487,0.513120532,99.71343231,3.151226521,4.413163185,195.5785065,200.8436737,16.3996067,57.85383606,Spring,1
3/27/2032,15.6523428,23.42950821,9.165960312,5.710910797,0.510211885,99.70259094,3.154129505,4.413323402,194.6582336,200.0100861,16.54189682,57.71452332,Spring,1
3/28/2032,15.77164841,23.56529617,9.263948441,5.740652084,0.506941199,99.69179535,3.157355309,4.413919926,193.722702,199.1617737,16.6851902,57.57357025,Spring,1
3/29/2032,15.89183998,23.70181084,9.362688065,5.770699501,0.503337324,99.68109894,3.160899162,4.41494751,192.7709656,198.2974548,16.82946587,57.43106079,Spring,1
3/30/2032,16.01291466,23.83899498,9.462209702,5.801058769,0.499431908,99.67054749,3.164754868,4.416395664,191.8020935,197.4161072,16.97470093,57.28710556,Spring,1
3/31/2032,16.1348629,23.9767952,9.562534332,5.831734657,0.495259106,99.66017914,3.16891098,4.418251514,190.8155212,196.5167389,17.12085152,57.14184189,Spring,1
4/1/2032,16.25767326,24.11513519,9.663686752,5.86273098,0.490854949,99.6500473,3.173355579,4.420497417,189.8106537,195.5986176,17.26787376,56.99541092,Spring,1
4/2/2032,16.38131523,24.25394249,9.765678406,5.894049644,0.486257583,99.64019775,3.178073883,4.423112392,188.7872314,194.6611938,17.41571236,56.8479805,Spring,1
4/3/2032,16.5057621,24.39312744,9.868523598,5.925692558,0.481506318,99.63065338,3.183047295,4.426072598,187.7451019,193.7040863,17.56430244,56.69972229,Spring,1
4/4/2032,16.63097,24.5326004,9.972230911,5.957661629,0.476641655,99.62147522,3.188255787,4.429348946,186.6843109,192.7270508,17.71357536,56.55082321,Spring,1
4/5/2032,16.75690079,24.67226219,10.07680035,5.989955425,0.471704543,99.61269379,3.193675995,4.432910919,185.6051178,191.730072,17.863451,56.401474,Spring,1
4/6/2032,16.88349152,24.81200981,10.18223763,6.022573471,0.466736406,99.6043396,3.19928503,4.43672514,184.507843,190.7133026,18.01385117,56.25187302,Spring,1
4/7/2032,17.01069832,24.95173836,10.28853416,6.055514336,0.461778253,99.59644318,3.205055237,4.440755367,183.3931732,189.6771088,18.16469002,56.10223007,Spring,1
4/8/2032,17.13845062,25.09134293,10.39568329,6.088775635,0.456870764,99.58904266,3.210958958,4.444962025,182.2617798,188.6219177,18.31586838,55.95275497,Spring,1
4/9/2032,17.26668739,25.23071289,10.50367451,6.122353554,0.452053428,99.58216095,3.216967106,4.449306011,181.114563,187.5484161,18.46730232,55.80363464,Spring,1
4/10/2032,17.39534187,25.36973763,10.61248779,6.156244278,0.44736445,99.57581329,3.22304821,4.453743935,179.9525909,186.4573669,18.61889458,55.65507889,Spring,1
4/11/2032,17.52434158,25.50831604,10.72211456,6.190444946,0.442840219,99.57003021,3.229171276,4.458231926,178.7770386,185.3497772,18.77054596,55.507267,Spring,1
4/12/2032,17.65362167,25.64634514,10.83253002,6.224948883,0.438515037,99.56481934,3.235303402,4.462727547,177.5891266,184.2266388,18.92217064,55.36039734,Spring,1
4/13/2032,17.78311157,25.78372765,10.94371414,6.259754658,0.434420764,99.56019592,3.241412163,4.467184067,176.3903198,183.0891266,19.07367325,55.21463013,Spring,1
4/14/2032,17.91274071,25.92037582,11.0556469,6.294854164,0.430586249,99.5561676,3.247464657,4.471558094,175.1820374,181.9385376,19.22497177,55.07011795,Spring,1
4/15/2032,18.04244614,26.05620956,11.16830635,6.330245018,0.427037477,99.55274963,3.253427982,4.475803852,173.9658356,180.7761688,19.37598038,54.92700577,Spring,1
4/16/2032,18.17216682,26.19115067,11.28166485,6.365921974,0.423796773,99.54992676,3.259270191,4.479877472,172.7433167,179.6034698,19.52662277,54.78539658,Spring,1
4/17/2032,18.30184746,26.32514572,11.39570713,6.401879311,0.42088303,99.5477066,3.264959335,4.483736992,171.5161133,178.4218445,19.67683601,54.645401,Spring,1
4/18/2032,18.43143463,26.45813751,11.51040936,6.438113213,0.418311179,99.54608154,3.270464897,4.48733902,170.2858124,177.2328339,19.82656097,54.50709152,Spring,1
4/19/2032,18.56088829,26.59009743,11.62575531,6.474620819,0.416092157,99.54504395,3.275757313,4.490644455,169.0541077,176.0378571,19.97574234,54.37051392,Spring,1
4/20/2032,18.69016838,26.72099495,11.74172401,6.511398315,0.41423285,99.54458618,3.280808449,4.493616104,167.8225708,174.8384552,20.12434387,54.23569107,Spring,1
4/21/2032,18.81924438,26.85082626,11.85830593,6.548442841,0.412735671,99.54468536,3.285591602,4.496218681,166.5928345,173.6360779,20.27234077,54.10261917,Spring,1
4/22/2032,18.94810295,26.97959518,11.9754858,6.585752487,0.41159901,99.54532623,3.290082932,4.498418331,165.366394,172.432251,20.41971397,53.97126389,Spring,1
4/23/2032,19.07672882,27.10732651,12.09326077,6.623323441,0.410816669,99.5464859,3.294260025,4.500185966,164.1447449,171.2282562,20.56645966,53.84156799,Spring,1
4/24/2032,19.2051239,27.23406029,12.21162319,6.661156654,0.410378426,99.54814911,3.298102379,4.501494884,162.9292297,170.0254974,20.71258926,53.71343994,Spring,1
4/25/2032,19.33330154,27.35984802,12.33057976,6.699250221,0.410269618,99.55028534,3.301592827,4.50232172,161.7211914,168.8252411,20.85812569,53.58675385,Spring,1
4/26/2032,19.46127892,27.48476219,12.45012856,6.737603188,0.410471648,99.55286407,3.304715157,4.502647877,160.5217896,167.6286774,21.00310516,53.46136856,Spring,1
4/27/2032,19.58908463,27.60888481,12.57028675,6.776216507,0.410961986,99.55587006,3.307458401,4.502456188,159.3321075,166.4368896,21.14757538,53.3371048,Spring,1
4/28/2032,19.71676826,27.7323246,12.69106102,6.815091133,0.411714166,99.55925751,3.309811592,4.501736164,158.1530914,165.250885,21.29160118,53.21376419,Spring,1
4/29/2032,19.84437752,27.85519218,12.81247616,6.854224205,0.412698418,99.56299591,3.311767578,4.500478268,156.9855957,164.071579,21.43525505,53.09112167,Spring,1
4/30/2032,19.97197533,27.97762299,12.93455124,6.893620491,0.41388166,99.56706238,3.313323975,4.498679638,155.8303223,162.8997803,21.57862473,52.9689064,Spring,1
5/1/2032,20.09963036,28.09975624,13.05731678,6.933279037,0.415227771,99.57141876,3.314477444,4.496339321,154.6877899,161.736145,21.72180939,52.84685898,Spring,1
5/2/2032,20.22742462,28.22174835,13.18080044,6.973199844,0.416698068,99.57603455,3.315230846,4.493461132,153.5584869,160.5812836,21.86491585,52.72467422,Spring,1
5/3/2032,20.35544968,28.34376526,13.30504322,7.013383865,0.418251514,99.58087158,3.315587997,4.490053177,152.442688,159.4356232,22.00806808,52.60205078,Spring,1
5/4/2032,20.48380089,28.46598244,13.43007755,7.053830147,0.419845343,99.58589935,3.315555573,4.486125946,151.3405762,158.2996063,22.15138817,52.47864532,Spring,1
5/5/2032,20.61257553,28.58857727,13.5559473,7.094538689,0.421435118,99.59108734,3.315143585,4.481695175,150.2521973,157.1734467,22.29501343,52.35412216,Spring,1
5/6/2032,20.74188423,28.71174431,13.68269253,7.13550663,0.422975242,99.59638977,3.314363003,4.47677803,149.1775055,156.0572968,22.43907928,52.22812653,Spring,1
5/7/2032,20.87183952,28.83567047,13.81036282,7.17673111,0.424419612,99.60179138,3.313229561,4.471395969,148.1163025,154.9513092,22.58373451,52.10029984,Spring,1
5/8/2032,21.00255203,28.9605484,13.93899632,7.218208313,0.425721824,99.60725403,3.311758518,4.465574265,147.0683289,153.8554535,22.72912598,51.97027969,Spring,1
5/9/2032,21.13413811,29.08657265,14.06864452,7.259932518,0.426835537,99.61275482,3.309968472,4.459338665,146.0332336,152.7696686,22.87540245,51.83770752,Spring,1
5/10/2032,21.26671791,29.21393776,14.1993494,7.301897049,0.427715272,99.61825562,3.307878971,4.452719688,145.0105743,151.6938171,23.0227108,51.7022171,Spring,1
5/11/2032,21.40039635,29.34282684,14.33115482,7.344091415,0.428316265,99.62373352,3.305512428,4.445746899,143.9998627,150.6277618,23.17119789,51.56345367,Spring,1
5/12/2032,21.53529167,29.47342491,14.46410084,7.386506081,0.428595543,99.62916565,3.302891254,4.438455105,143.0005646,149.5713043,23.32100677,51.42107773,Spring,1
5/13/2032,21.67150688,29.60590363,14.59822178,7.429127693,0.428511769,99.63452911,3.300038338,4.430878162,142.0121002,148.5242004,23.47227478,51.27476501,Spring,1
5/14/2032,21.80914688,29.74042702,14.73355961,7.471940994,0.428025961,99.63980103,3.296979427,4.423050404,141.0339203,147.4862213,23.6251297,51.1241951,Spring,1
5/15/2032,21.94829941,29.87714577,14.8701334,7.51492691,0.427101761,99.6449585,3.293738842,4.415009022,140.0653687,146.4571991,23.7796917,50.96907043,Spring,1
5/16/2032,22.08905792,30.0161972,15.00797176,7.558066368,0.425705761,99.6499939,3.290341854,4.406789303,139.1059418,145.4368134,23.93607712,50.80913162,Spring,1
5/17/2032,22.231493,30.1577034,15.14708805,7.601335526,0.4238078,99.65488434,3.286813736,4.39842844,138.1550598,144.4249878,24.09437561,50.64411926,Spring,1
5/18/2032,22.37566948,30.30177116,15.28749371,7.644710541,0.421381354,99.65962219,3.283179283,4.389961243,137.2122803,143.4215393,24.25467873,50.47382736,Spring,1
5/19/2032,22.52163696,30.44848633,15.42918491,7.68816185,0.418403685,99.6641922,3.279462337,4.381423473,136.2770844,142.4264069,24.41705322,50.298069,Spring,1
5/20/2032,22.66944122,30.59790993,15.57215977,7.731659889,0.414856046,99.66858673,3.275686741,4.372848034,135.3491821,141.4395905,24.58155632,50.11669159,Spring,1
5/21/2032,22.81909943,30.75009537,15.71639729,7.77517128,0.410724074,99.67279816,3.271874905,4.364266872,134.428299,140.4611511,24.74822044,49.92957687,Spring,1
5/22/2032,22.97062302,30.90505791,15.86187267,7.818659782,0.405997604,99.67681885,3.26804781,4.355711937,133.514267,139.4912262,24.91706848,49.73664093,Spring,1
5/23/2032,23.12400436,31.06280708,16.00854874,7.86208725,0.400670946,99.68065643,3.264225006,4.347208977,132.6069641,138.5300903,25.08809853,49.53785324,Spring,1
5/24/2032,23.27922058,31.22331047,16.15637779,7.905415535,0.394743115,99.68428802,3.260424137,4.338785648,131.7064972,137.578064,25.26129341,49.33321381,Spring,1
5/25/2032,23.43623543,31.3865242,16.30529976,7.948598862,0.38821736,99.68772888,3.256661892,4.330463886,130.8130493,136.6355743,25.43661499,49.12276077,Spring,1
5/26/2032,23.59498596,31.55237579,16.45524979,7.991596222,0.381101727,99.690979,3.252950668,4.322265625,129.9268799,135.7032166,25.61400223,48.90657043,Spring,1
5/27/2032,23.7553997,31.72077179,16.60614204,8.034359932,0.373408616,99.69403076,3.249303341,4.3142066,129.0484772,134.781662,25.79338074,48.68476486,Spring,1
5/28/2032,23.91738701,31.89159393,16.75789261,8.076845169,0.365154833,99.69689941,3.245729923,4.306301594,128.1784058,133.8716431,25.97464752,48.45751953,Spring,1
5/29/2032,24.08083534,32.06469727,16.91039467,8.119001389,0.35636121,99.69958496,3.242235661,4.298561096,127.3173828,132.9740601,26.15768814,48.22503281,Spring,1
5/30/2032,24.24561882,32.23992157,17.06353951,8.16078186,0.347052902,99.70209503,3.238826752,4.290992737,126.466217,132.0899048,26.34235954,47.98754883,Spring,1
5/31/2032,24.41160393,32.41707611,17.21720314,8.20213604,0.337258607,99.704422,3.235504627,4.28360033,125.6259232,131.2202606,26.52851105,47.74536133,Spring,1
6/1/2032,24.57862854,32.59595871,17.37125969,8.24301815,0.3270109,99.70658875,3.232269287,4.276384354,124.7975464,130.3662567,26.71596909,47.4987793,Summer,2
6/2/2032,24.7465229,32.7763443,17.52556229,8.283376694,0.316345334,99.70860291,3.22911787,4.269342422,123.982338,129.5291748,26.90454483,47.24816132,Summer,2
6/3/2032,24.91510582,32.95798492,17.67996597,8.323165894,0.305300653,99.71045685,3.226044655,4.262468338,123.1815491,128.7103119,27.09403229,46.99391174,Summer,2
6/4/2032,25.08417702,33.14063263,17.83431816,8.362338066,0.293918192,99.71216583,3.223043442,4.255751133,122.3966293,127.9110794,27.28421402,46.73644257,Summer,2
6/5/2032,25.25353622,33.32400513,17.98845291,8.400852203,0.282241642,99.71373749,3.220103264,4.249180794,121.6290359,127.1328659,27.47485733,46.47620392,Summer,2
6/6/2032,25.42296028,33.50782394,18.1422081,8.438662529,0.270316631,99.71518707,3.217213154,4.242740154,120.8803253,126.3771362,27.66571999,46.21368408,Summer,2
6/7/2032,25.59222984,33.69178772,18.29540634,8.47573185,0.258190334,99.71650696,3.214358807,4.236411095,120.1520309,125.6453552,27.85655403,45.94935989,Summer,2
6/8/2032,25.76111031,33.87560654,18.44787407,8.512023926,0.245911151,99.7177124,3.21152544,4.230174541,119.445816,124.9390259,28.04709625,45.68377686,Summer,2
6/9/2032,25.92937088,34.05895996,18.59943771,8.547505379,0.233528256,99.71881104,3.208694935,4.224005699,118.7632904,124.2595444,28.23708534,45.41746521,Summer,2
6/10/2032,26.09677124,34.24154663,18.7499218,8.582147598,0.221091256,99.71980286,3.205850124,4.217881203,118.1060715,123.6083221,28.42625237,45.15096664,Summer,2
6/11/2032,26.26306915,34.42304993,18.8991375,8.615927696,0.208649665,99.7206955,3.202970505,4.211773396,117.4757385,122.9867783,28.61433029,44.88484955,Summer,2
6/12/2032,26.42802811,34.60316086,19.04692268,8.648822784,0.196252629,99.72149658,3.200035095,4.205656052,116.8738785,122.3961334,28.80104637,44.61967468,Summer,2
6/13/2032,26.59141159,34.78157043,19.19309235,8.680821419,0.183948681,99.72219849,3.197024345,4.199498653,116.3018951,121.8376389,28.98613358,44.35601425,Summer,2
6/14/2032,26.75298119,34.95798111,19.33748436,8.711913109,0.171785057,99.7228241,3.19391489,4.193273544,115.7612152,121.3123627,29.1693325,44.09444427,Summer,2
6/15/2032,26.91251183,35.13209534,19.47992897,8.742093086,0.159807742,99.72336578,3.190685749,4.186950684,115.2531052,120.8212814,29.35038376,43.83551788,Summer,2
6/16/2032,27.06978416,35.30362701,19.62027168,8.771367073,0.148060635,99.72381592,3.187315941,4.180500031,114.7787628,120.3652573,29.52903366,43.57980347,Summer,2
6/17/2032,27.22458458,35.47231293,19.75836182,8.799738884,0.136585891,99.72418976,3.183783054,4.173893452,114.3391342,119.9449387,29.70504761,43.32785034,Summer,2
6/18/2032,27.37670898,35.63789368,19.89405632,8.827227592,0.125423059,99.7244873,3.180068016,4.16710186,113.9351349,119.5608597,29.8781929,43.08018494,Summer,2
6/19/2032,27.52596855,35.80011749,20.02721977,8.853850365,0.114609204,99.72470093,3.176149845,4.16009903,113.5673752,119.2133484,30.04825401,42.83733368,Summer,2
6/20/2032,27.67218399,35.95877075,20.15773392,8.879636765,0.104178645,99.72483063,3.172010422,4.152859211,113.2364273,118.9025574,30.21502876,42.59979248,Summer,2
6/21/2032,27.81518936,36.11363983,20.28547859,8.904620171,0.094162606,99.72488403,3.167633533,4.145359039,112.9425125,118.6284485,30.3783226,42.36804199,Summer,2
6/22/2032,27.95483398,36.264534,20.41036224,8.92883873,0.084589235,99.72485352,3.163003922,4.13757658,112.6857681,118.3907776,30.53796959,42.14253616,Summer,2
6/23/2032,28.09098816,36.41129303,20.53229141,8.95234108,0.075483374,99.72473145,3.158106804,4.129493237,112.4660187,118.1890945,30.69380951,41.92370987,Summer,2
6/24/2032,28.22352791,36.55376434,20.65119553,8.975177765,0.066866837,99.72452545,3.152932167,4.121092796,112.2828903,118.0227127,30.84570503,41.71196747,Summer,2
6/25/2032,28.35235405,36.69182968,20.76700592,8.997406006,0.058757592,99.72422791,3.147470474,4.112361908,112.1358566,117.8907471,30.9935379,41.5076828,Summer,2
6/26/2032,28.47737885,36.8253746,20.87967873,9.019089699,0.051170796,99.72383881,3.141714573,4.103291512,112.0240097,117.79216,31.13719559,41.311203,Summer,2
6/27/2032,28.59853935,36.95433044,20.98917198,9.040297508,0.044117987,99.72335815,3.135661125,4.093873024,111.9463959,117.725647,31.27660751,41.12283325,Summer,2
6/28/2032,28.71577644,37.07862091,21.09547043,9.061101913,0.037607554,99.72277832,3.129308701,4.084105492,111.9016876,117.6897049,31.41169167,40.94288635,Summer,2
6/29/2032,28.82906151,37.19821548,21.19856262,9.081580162,0.031644855,99.7220993,3.122657776,4.073987484,111.888443,117.6826477,31.54240608,40.77159119,Summer,2
6/30/2032,28.93836975,37.31309128,21.29844856,9.101813316,0.026232192,99.72132111,3.11571312,4.063524723,111.9049377,117.7026443,31.66871834,40.60918808,Summer,2
7/1/2032,29.04370117,37.42325592,21.39514542,9.121886253,0.021369074,99.72044373,3.10848093,4.052724838,111.9493179,117.7477036,31.79061317,40.45587158,Summer,2
7/2/2032,29.14506912,37.52871323,21.48867798,9.14188385,0.017052274,99.71945953,3.100972652,4.041598797,112.0194855,117.8156052,31.90808868,40.3117981,Summer,2
7/3/2032,29.24249268,37.62950897,21.5790844,9.161896706,0.013276435,99.71836853,3.093198776,4.030162811,112.1132431,117.9041138,32.02116013,40.17712402,Summer,2
7/4/2032,29.33601761,37.72568512,21.66641426,9.182013512,0.010033828,99.71718597,3.085175514,4.018435955,112.2281876,118.0107727,32.12985229,40.05194473,Summer,2
7/5/2032,29.42568588,37.81732178,21.75072479,9.202325821,0.007314788,99.71588898,3.076920986,4.006441116,112.361824,118.1331329,32.23420334,39.93635559,Summer,2
7/6/2032,29.51155853,37.90447998,21.83207893,9.222925186,0.005108363,99.71450043,3.068455219,3.994204283,112.5115051,118.2685776,32.33427048,39.83041382,Summer,2
7/7/2032,29.59370995,37.98724747,21.91054916,9.243899345,0.003401826,99.7130127,3.059801579,3.981753826,112.6745758,118.4145126,32.43009949,39.73416138,Summer,2
7/8/2032,29.67220879,38.06572723,21.98621178,9.265337944,0.002181895,99.71143341,3.050985336,3.96912384,112.8482285,118.5683136,32.52177048,39.64762878,Summer,2
7/9/2032,29.74714088,38.14001465,22.0591526,9.287326813,0.001434198,99.70976257,3.042033195,3.956348181,113.0297241,118.7273483,32.60934448,39.57080841,Summer,2
7/10/2032,29.81858826,38.21022034,22.12945175,9.309950829,0.00114407,99.70800781,3.03297472,3.943465471,113.2162552,118.8890076,32.6928978,39.50369263,Summer,2
7/11/2032,29.88664055,38.2764473,22.19720268,9.333287239,0.001296845,99.70616913,3.023840904,3.930515051,113.4050522,119.050705,32.77251053,39.44625854,Summer,2
7/12/2032,29.95138168,38.33880615,22.26248741,9.357412338,0.001877857,99.70426941,3.014662743,3.917538166,113.5933685,119.2100372,32.84826279,39.39846802,Summer,2
7/13/2032,30.01290703,38.39740372,22.32539749,9.382395744,0.002873,99.7022934,3.005474567,3.904579401,113.7785873,119.364624,32.92021942,39.3602829,Summer,2
7/14/2032,30.07129669,38.45233536,22.38601303,9.408303261,0.004268889,99.70027161,2.996310711,3.891682863,113.9581451,119.512207,32.98845673,39.33165741,Summer,2
7/15/2032,30.12662697,38.50369644,22.44441986,9.435190201,0.00605316,99.69819641,2.987205029,3.878893614,114.1296921,119.6507416,33.05304337,39.31253815,Summer,2
7/16/2032,30.17897797,38.55157852,22.50069046,9.46310997,0.008214701,99.6960907,2.978192806,3.866257429,114.2908936,119.7783203,33.11404037,39.30286789,Summer,2
7/17/2032,30.22841454,38.59605026,22.5548954,9.492105484,0.010743743,99.6939621,2.969308853,3.853821039,114.439743,119.8932419,33.17148972,39.30259705,Summer,2
7/18/2032,30.2749939,38.63719177,22.60709953,9.522212982,0.013632132,99.69181061,2.960588455,3.841628551,114.5743713,119.9940338,33.22543716,39.31168747,Summer,2
7/19/2032,30.31876373,38.6750412,22.65735626,9.553458214,0.016873587,99.68966675,2.952064991,3.829726696,114.6930923,120.0794601,33.27591705,39.33008575,Summer,2
7/20/2032,30.35976219,38.7096405,22.70570755,9.585861206,0.020463701,99.68753052,2.943771839,3.818157911,114.7945786,120.1485596,33.32294083,39.35776901,Summer,2
7/21/2032,30.39801788,38.74100876,22.75219345,9.619428635,0.024400175,99.68540955,2.935740948,3.806964636,114.8777008,120.2005615,33.3665123,39.39469528,Summer,2
7/22/2032,30.43353081,38.76915359,22.79682922,9.654163361,0.028682612,99.68333435,2.928002357,3.796187878,114.9415894,120.2350616,33.40662766,39.44085312,Summer,2
7/23/2032,30.46630478,38.79406738,22.83963394,9.690052986,0.033312723,99.68130493,2.920585632,3.785865307,114.9857025,120.2519226,33.44325638,39.49623871,Summer,2
7/24/2032,30.49632835,38.81571579,22.88060188,9.727080345,0.038294483,99.67933655,2.913516045,3.776032925,115.009819,120.2512817,33.47636032,39.56085587,Summer,2
7/25/2032,30.52356148,38.83405304,22.9197216,9.76521492,0.043633848,99.67743683,2.906819344,3.76672411,115.0139847,120.233551,33.50588608,39.63471985,Summer,2
7/26/2032,30.547966,38.8490181,22.95696831,9.804418564,0.04933868,99.67562866,2.900516987,3.757967472,114.9985886,120.1995163,33.53176117,39.71785736,Summer,2
7/27/2032,30.56947899,38.86052704,22.99229622,9.844642639,0.055418771,99.67392731,2.894627571,3.74979043,114.964325,120.1501923,33.55389404,39.81030273,Summer,2
7/28/2032,30.58802223,38.86847687,23.02565956,9.885828972,0.061885666,99.67233276,2.889168262,3.742215395,114.9122238,120.0869293,33.57219696,39.91212082,Summer,2
7/29/2032,30.603508,38.87275696,23.05698776,9.927911758,0.06875249,99.67086029,2.884152412,3.735261917,114.8435745,120.0113144,33.58654404,40.02336502,Summer,2
7/30/2032,30.61584282,38.87323761,23.08620644,9.970813751,0.07603357,99.66952515,2.879589558,3.728944302,114.760025,119.9252167,33.59681702,40.14411163,Summer,2
7/31/2032,30.62490463,38.86977386,23.11322021,10.01445007,0.08374463,99.66833496,2.875487804,3.723274231,114.6634903,119.8308105,33.60286713,40.27443695,Summer,2
8/1/2032,30.63057137,38.86220551,23.13793755,10.05873108,0.091901988,99.66729736,2.871850014,3.718257666,114.5561523,119.7304535,33.60454559,40.41442871,Summer,2
8/2/2032,30.63270569,38.85036469,23.16023636,10.10355377,0.100522727,99.66642761,2.868677139,3.71389842,114.4404373,119.6267471,33.6016922,40.5641861,Summer,2
8/3/2032,30.63116646,38.83407974,23.18000412,10.14881325,0.109624125,99.66572571,2.865965843,3.710194111,114.3190918,119.5224838,33.59414291,40.72379303,Summer,2
8/4/2032,30.62580299,38.81315613,23.19710541,10.19439507,0.119223535,99.66520691,2.863709927,3.7071383,114.1949768,119.4206314,33.58171844,40.89336014,Summer,2
8/5/2032,30.61645889,38.78741837,23.21141052,10.24018097,0.129337952,99.66487122,2.861899853,3.704722166,114.0712204,119.3243561,33.5642395,41.07297897,Summer,2
8/6/2032,30.60296822,38.75666809,23.22277069,10.28604603,0.13998358,99.66471863,2.86052227,3.702930212,113.9510422,119.2368011,33.54152679,41.26273346,Summer,2
8/7/2032,30.58517838,38.72071075,23.23103905,10.3318634,0.151175678,99.6647644,2.85956192,3.701745749,113.8378754,119.1613922,33.51339722,41.46271896,Summer,2
8/8/2032,30.56291771,38.67935944,23.23607063,10.37750053,0.162928119,99.66500854,2.858999252,3.701146126,113.7352295,119.1014862,33.47966766,41.67301178,Summer,2
8/9/2032,30.53603363,38.63243484,23.23771095,10.42282391,0.175253123,99.66545105,2.858812809,3.701105595,113.6466827,119.0605469,33.44017029,41.89366913,Summer,2
8/10/2032,30.50436783,38.57975006,23.23581314,10.46769524,0.188160792,99.66608429,2.858977795,3.701596498,113.5758286,119.0419617,33.3947258,42.12474823,Summer,2
8/11/2032,30.46776962,38.52114105,23.23022079,10.5119791,0.20165883,99.66692352,2.859467506,3.702585459,113.5263596,119.0491333,33.34318161,42.36626434,Summer,2
8/12/2032,30.42609596,38.45644379,23.22079277,10.55553627,0.215752423,99.66795349,2.860252857,3.704038858,113.5018311,119.0854187,33.28538132,42.61824417,Summer,2
8/13/2032,30.37922287,38.38553238,23.20738983,10.59823322,0.230443627,99.66918182,2.861301899,3.705918789,113.5058289,119.1539993,33.22119141,42.88066864,Summer,2
8/14/2032,30.32701683,38.3082695,23.18987465,10.63992882,0.245731324,99.67060089,2.86258173,3.708186388,113.5417709,119.2580032,33.15049362,43.15349197,Summer,2
8/15/2032,30.26938629,38.22455978,23.16812515,10.68049622,0.261610895,99.67220306,2.864058495,3.710799456,113.6130295,119.4003754,33.07317352,43.43665314,Summer,2
8/16/2032,30.20623398,38.13431168,23.14202118,10.7198,0.278073967,99.67398834,2.86569643,3.713716507,113.7227554,119.5839005,32.989151,43.73003769,Summer,2
8/17/2032,30.13748932,38.03746414,23.11146355,10.75771332,0.295108378,99.6759491,2.867458344,3.716892719,113.8739014,119.811058,32.89835739,44.03352356,Summer,2
8/18/2032,30.06309891,37.93399048,23.07635498,10.79411697,0.312697917,99.6780777,2.869308472,3.720283031,114.0692978,120.0841599,32.80075455,44.34693146,Summer,2
8/19/2032,29.98303032,37.82387161,23.03662491,10.82889175,0.330822051,99.68036652,2.871207237,3.723843336,114.3113937,120.4052734,32.69632339,44.67005539,Summer,2
8/20/2032,29.89727402,37.70713806,22.99220276,10.86192513,0.349456072,99.68281555,2.873118877,3.727528095,114.6025162,120.7761612,32.58506012,45.0026474,Summer,2
8/21/2032,29.80583572,37.58382416,22.94304848,10.89311314,0.368571162,99.68540192,2.875005722,3.731292486,114.9445572,121.1982117,32.46700287,45.34440613,Summer,2
8/22/2032,29.70875359,37.45401764,22.88913345,10.9223547,0.388133913,99.68813324,2.876831532,3.735093355,115.3392029,121.6725845,32.34221268,45.69502258,Summer,2
8/23/2032,29.60608673,37.31781769,22.83044243,10.94956017,0.408106983,99.69098663,2.878560066,3.738886595,115.7877197,122.2000809,32.21076965,46.05410767,Summer,2
8/24/2032,29.49791336,37.17537308,22.76698875,10.97464371,0.428448588,99.6939621,2.880156994,3.742632151,116.2911377,122.7811737,32.07279205,46.4212532,Summer,2
8/25/2032,29.38434601,37.02684402,22.6987896,10.99753094,0.449113041,99.697052,2.881590366,3.746289492,116.850029,123.415947,31.92841911,46.79600143,Summer,2
8/26/2032,29.26551437,36.87243652,22.62590408,11.01815033,0.470050812,99.70024872,2.882827759,3.74982214,117.4646912,124.1041336,31.77781677,47.17784882,Summer,2
8/27/2032,29.14157486,36.71237183,22.54838181,11.03644371,0.491208553,99.70352936,2.883840561,3.753193855,118.1349792,124.8452148,31.62117958,47.56626129,Summer,2
8/28/2032,29.01270294,36.54692078,22.46632004,11.05235767,0.512529612,99.70690155,2.884600639,3.756373405,118.8604355,125.6382217,31.4587326,47.96065521,Summer,2
8/29/2032,28.87910271,36.3763504,22.37981033,11.06585026,0.533954144,99.71035004,2.885084629,3.759330034,119.6401901,126.4818573,31.29071999,48.36041641,Summer,2
8/30/2032,28.74100113,36.20098114,22.28898239,11.07688522,0.555419445,99.71386719,2.885270119,3.762038708,120.473114,127.3745651,31.11741447,48.76488876,Summer,2
8/31/2032,28.59863663,36.02114868,22.19397163,11.08543587,0.576860368,99.717453,2.885137558,3.764475822,121.3575897,128.3144379,30.93910789,49.17338562,Summer,2
9/1/2032,28.45227623,35.83720398,22.09493446,11.09148312,0.598209679,99.72109222,2.884670258,3.766621113,122.291832,129.2992706,30.75611305,49.58519363,Autumn,3
9/2/2032,28.30219841,35.6495285,21.99203873,11.09501553,0.619398236,99.72477722,2.883854389,3.76845932,123.2735977,130.3265533,30.56876755,49.99956894,Autumn,3
9/3/2032,28.1486969,35.45851135,21.88547516,11.09603024,0.640355885,99.728508,2.882680416,3.769977808,124.300415,131.3935852,30.37741089,50.41573334,Autumn,3
9/4/2032,27.99208069,35.26456451,21.77543831,11.09453011,0.661011457,99.73227692,2.881140232,3.771168232,125.3695374,132.497406,30.1824131,50.832901,Autumn,3
9/5/2032,27.83267212,35.06810379,21.6621418,11.09052563,0.681293607,99.73607635,2.879230022,3.772025585,126.4780273,133.6348877,29.98414421,51.25026321,Autumn,3
9/6/2032,27.67079353,34.86956024,21.54580307,11.08403301,0.701130748,99.73991394,2.87694931,3.772548199,127.6226196,134.8026733,29.78299522,51.66699982,Autumn,3
9/7/2032,27.50678825,34.66937256,21.42665482,11.07507801,0.72045213,99.74377441,2.874299526,3.772739649,128.7999573,135.9973145,29.57935143,52.08227921,Autumn,3
9/8/2032,27.34099007,34.4679718,21.30492783,11.06368256,0.739188194,99.74765015,2.871286392,3.772605419,130.0064697,137.2152863,29.37361145,52.49526978,Autumn,3
9/9/2032,27.17373466,34.26578903,21.18086815,11.04988575,0.757270634,99.7515564,2.867917538,3.772155523,131.2385101,138.4529266,29.16616249,52.90514374,Autumn,3
9/10/2032,27.00536346,34.06326294,21.05471611,11.03372002,0.774633169,99.75547791,2.86420536,3.771402836,132.4923553,139.7065887,28.957407,53.31105804,Autumn,3
9/11/2032,26.83621216,33.86081696,20.92671585,11.01522827,0.79121238,99.75941467,2.860163212,3.770365,133.7641602,140.9726257,28.74772644,53.71221161,Autumn,3
9/12/2032,26.6666069,33.65885544,20.7971096,10.99445248,0.80694741,99.7633667,2.855807781,3.769060135,135.0502014,142.247406,28.53749657,54.1077919,Autumn,3
9/13/2032,26.4968605,33.45778275,20.66613388,10.97144032,0.821781158,99.76733398,2.851159573,3.767510891,136.3466339,143.5274353,28.32709122,54.49701309,Autumn,3
9/14/2032,26.32727623,33.25797272,20.53402519,10.94623947,0.835659802,99.77131653,2.846238613,3.765742779,137.6498108,144.8092346,28.11685753,54.87911987,Autumn,3
9/15/2032,26.1581459,33.05979156,20.4010067,10.91889954,0.848534226,99.7753067,2.841070175,3.76378274,138.956131,146.0895233,27.90713692,55.25337219,Autumn,3
9/16/2032,25.98974609,32.86356735,20.26729584,10.88946915,0.86035949,99.77931213,2.835679531,3.761660814,140.2621155,147.3652649,27.698246,55.61908722,Autumn,3
9/17/2032,25.82232475,32.6696167,20.13310051,10.8579998,0.871095777,99.78333282,2.830094337,3.759407997,141.5644531,148.6334686,27.49047661,55.97558975,Autumn,3
9/18/2032,25.65611458,32.47821808,19.99861145,10.82454205,0.880708396,99.78736115,2.824343204,3.757057667,142.8601074,149.8914948,27.2841053,56.32226181,Autumn,3
9/19/2032,25.49132347,32.28961945,19.86400414,10.78914165,0.889167905,99.79140472,2.818457603,3.754643679,144.1461945,151.1369781,27.07937431,56.65852737,Autumn,3
9/20/2032,25.32812881,32.10403442,19.7294445,10.75185013,0.89645052,99.7954483,2.812468529,3.752201319,145.420166,152.3678284,26.87649727,56.98386002,Autumn,3
9/21/2032,25.16669273,31.92165375,19.59506607,10.71270943,0.902538419,99.79950714,2.806407928,3.749767303,146.6796722,153.5821838,26.6756649,57.2977829,Autumn,3
9/22/2032,25.00714111,31.74261284,19.46100807,10.67176723,0.907419622,99.80357361,2.800309181,3.747377396,147.9228058,154.7786102,26.47703743,57.5998764,Autumn,3
9/23/2032,24.84957123,31.56702423,19.32736206,10.6290617,0.91108799,99.80764771,2.794205189,3.745068312,149.1478577,155.9559784,26.2807312,57.88977432,Autumn,3
9/24/2032,24.69404793,31.39495659,19.19421959,10.58463383,0.913543522,99.81171417,2.78812933,3.742876291,150.3535614,157.1135406,26.08683586,58.16717148,Autumn,3
9/25/2032,24.54061508,31.22644234,19.0616436,10.538517,0.914792418,99.81578827,2.782114506,3.740837812,151.5389709,158.250824,25.89541817,58.4318161,Autumn,3
9/26/2032,24.38927078,31.06147194,18.92967033,10.49074745,0.914846361,99.81985474,2.776193619,3.738987446,152.703537,159.3678436,25.70649719,58.68353271,Autumn,3
9/27/2032,24.23999596,30.89999771,18.79831696,10.44135094,0.91372335,99.82391357,2.77039814,3.737359524,153.8470154,160.4648895,25.52006149,58.92220688,Autumn,3
9/28/2032,24.09273911,30.74193954,18.66758728,10.39035702,0.911446869,99.82794952,2.764759541,3.735987425,154.9696808,161.5427094,25.33607101,59.1477623,Autumn,3
9/29/2032,23.94741058,30.58716774,18.53744888,10.33778954,0.908045828,99.83197784,2.759308815,3.734902143,156.0720367,162.6022797,25.15444374,59.36021423,Autumn,3
9/30/2032,23.80389786,30.43553543,18.40785599,10.28366661,0.903554678,99.83596802,2.75407362,3.734134436,157.1550598,163.6450348,24.97507858,59.55962372,Autumn,3
10/1/2032,23.66205978,30.28684044,18.27873802,10.22800827,0.898012519,99.8399353,2.749083042,3.73371172,158.2200165,164.6726685,24.7978363,59.7461319,Autumn,3
10/2/2032,23.52173424,30.14086342,18.15000916,10.17082787,0.891463399,99.84385681,2.744361877,3.733660936,159.2685699,165.6872864,24.62254906,59.91991806,Autumn,3
10/3/2032,23.38272095,29.99734879,18.02155495,10.11213779,0.883955657,99.84772491,2.739935398,3.734005928,160.3026581,166.6911621,24.44902992,60.08123398,Autumn,3
10/4/2032,23.2448101,29.85601425,17.89325523,10.05195045,0.875541508,99.85153961,2.735826015,3.734767914,161.3246155,167.6868896,24.27705193,60.23038101,Autumn,3
10/5/2032,23.10776329,29.71655083,17.76495743,9.990274429,0.86627692,99.85528564,2.732054234,3.735967159,162.3369598,168.6773682,24.10638428,60.36771393,Autumn,3
10/6/2032,22.97132683,29.57863045,17.63651085,9.92711544,0.856220901,99.85895538,2.728639603,3.737620354,163.3424835,169.6655884,23.93675995,60.49365234,Autumn,3
10/7/2032,22.83523178,29.44190407,17.50774002,9.862482071,0.845435083,99.86253357,2.725597858,3.739742756,164.3442993,170.6547852,23.76790619,60.60863876,Autumn,3
10/8/2032,22.69919777,29.30600929,17.37846184,9.796379089,0.8339836,99.86601257,2.722944736,3.742346525,165.3455658,171.6483612,23.59953117,60.71318054,Autumn,3
10/9/2032,22.56292725,29.17056847,17.24847794,9.728814125,0.821932197,99.86938477,2.720692158,3.74544096,166.3497467,172.649765,23.43133163,60.80781937,Autumn,3
10/10/2032,22.42612076,29.03519249,17.11759567,9.6597929,0.809347749,99.87264252,2.718851089,3.749033689,167.3602905,173.6625824,23.26299858,60.89312363,Autumn,3
10/11/2032,22.28847504,28.89949799,16.98560333,9.589323997,0.796298444,99.87576294,2.717429638,3.753129482,168.3808441,174.6903381,23.09421349,60.96971512,Autumn,3
10/12/2032,22.14967918,28.76309013,16.8522892,9.517416954,0.782852352,99.87875366,2.716434479,3.757731438,169.4149628,175.7365875,22.92466545,61.03821945,Autumn,3
10/13/2032,22.00943375,28.62558556,16.71744728,9.444081306,0.769077718,99.88158417,2.715869427,3.762839079,170.4663696,176.8048859,22.75403404,61.09929657,Autumn,3
10/14/2032,21.86743927,28.48660088,16.58086777,9.369334221,0.755041838,99.88426208,2.715736866,3.768451214,171.5385895,177.8986053,22.58201599,61.1536293,Autumn,3
10/15/2032,21.72340202,28.34576416,16.44234848,9.293190956,0.740811467,99.88677979,2.71603775,3.774563313,172.6351929,179.0210571,22.40830231,61.20190048,Autumn,3
10/16/2032,21.57704353,28.20271683,16.30168724,9.2156744,0.726451755,99.88911438,2.716770172,3.781169653,173.759491,180.1753235,22.2326107,61.24482346,Autumn,3
10/17/2032,21.42809486,28.05712318,16.15869713,9.136808395,0.712025642,99.8912735,2.717931271,3.788262844,174.9148102,181.3643799,22.0546608,61.28308868,Autumn,3
10/18/2032,21.27630806,27.90866089,16.01319885,9.056623459,0.697594166,99.89324188,2.7195158,3.795832396,176.1041107,182.5907898,21.87419891,61.3174057,Autumn,3
10/19/2032,21.12145424,27.75703621,15.86502743,8.975154877,0.683215618,99.89501953,2.721517563,3.803868532,177.3302155,183.8570404,21.69098663,61.3484726,Autumn,3
10/20/2032,20.96332169,27.60198021,15.71403408,8.89244175,0.668945253,99.89660645,2.723929405,3.812357426,178.5956116,185.1651459,21.50481224,61.3769722,Autumn,3
10/21/2032,20.80173111,27.44325447,15.56008625,8.808531761,0.654835343,99.897995,2.726741314,3.821286917,179.9025726,186.5169067,21.315485,61.40359116,Autumn,3
10/22/2032,20.63652611,27.28065109,15.40306759,8.723474503,0.640934348,99.89919281,2.729943752,3.830640793,181.2529297,187.91362,21.12284851,61.42897034,Autumn,3
10/23/2032,20.46757317,27.11400032,15.24288845,8.637330055,0.627287269,99.90019226,2.733525276,3.840403795,182.6482086,189.3563232,20.92676735,61.45375824,Autumn,3
10/24/2032,20.29477692,26.94316101,15.07947445,8.550161362,0.613934994,99.90100861,2.737473011,3.850559711,184.0895538,190.8455811,20.72714615,61.47855759,Autumn,3
10/25/2032,20.11807251,26.7680397,14.91277981,8.462038994,0.600914478,99.90163422,2.741775036,3.86109066,185.577713,192.3815918,20.52391815,61.5039444,Autumn,3
10/26/2032,19.9374218,26.58856964,14.74277973,8.373042107,0.588258386,99.90208435,2.746416569,3.871979713,187.1129456,193.9640503,20.31704903,61.5304718,Autumn,3
10/27/2032,19.75282669,26.40473366,14.56947994,8.283252716,0.575995207,99.90237427,2.751384258,3.883207798,188.6951599,195.5922546,20.10654259,61.5586586,Autumn,3
10/28/2032,19.5643158,26.21655273,14.39290524,8.192761421,0.564149141,99.90250397,2.756662846,3.894757271,190.3237457,197.2650452,19.89243889,61.58896637,Autumn,3
10/29/2032,19.37196159,26.024086,14.21311474,8.101664543,0.552740276,99.90248871,2.762236595,3.906609297,191.9977112,198.9808655,19.67481041,61.62184525,Autumn,3
10/30/2032,19.17586708,25.82743263,14.03018475,8.010063171,0.541784167,99.90235138,2.768091679,3.918745279,193.7155914,200.7376099,19.45376396,61.65768051,Autumn,3
10/31/2032,18.97616386,25.62673569,13.8442297,7.918066025,0.531292558,99.90210724,2.77421093,3.931146383,195.4754028,202.5328827,19.2294445,61.69682693,Autumn,3
11/1/2032,18.7730217,25.42217255,13.6553793,7.825785637,0.521272898,99.90176392,2.780580044,3.943794489,197.274826,204.363739,19.00203133,61.73960495,Autumn,3
11/2/2032,18.56664085,25.21395493,13.46379566,7.733340263,0.511729002,99.90135956,2.787182808,3.956671,199.1110992,206.2269287,18.77172852,61.78626633,Autumn,3
11/3/2032,18.35725212,25.00234222,13.26966953,7.640851021,0.50266093,99.90090179,2.794003963,3.969758272,200.9810181,208.1187744,18.53878784,61.83703995,Autumn,3
11/4/2032,18.14512062,24.78761673,13.07320499,7.548444748,0.494065315,99.90042114,2.801027775,3.983038425,202.8809509,210.0352631,18.30347824,61.89210129,Autumn,3
11/5/2032,17.93053436,24.57009888,12.87463665,7.456250191,0.485935271,99.89994812,2.808238983,3.996494293,204.8070221,211.9720306,18.06610107,61.95158005,Autumn,3
11/6/2032,17.71380806,24.3501358,12.67422485,7.364400864,0.478261381,99.89950562,2.815623283,4.010107517,206.7548828,213.9244843,17.8269825,62.01557159,Autumn,3
11/7/2032,17.4952774,24.12809944,12.47223759,7.273029327,0.471031189,99.89911652,2.823164463,4.023862362,208.719986,215.8876495,17.58647346,62.0841217,Autumn,3
11/8/2032,17.27530289,23.90439224,12.26897144,7.18227005,0.464230001,99.89881897,2.830849648,4.037741661,210.6973877,217.8563995,17.34494591,62.15723419,Autumn,3
11/9/2032,17.05426788,23.67943001,12.06473637,7.092260361,0.457840919,99.89862823,2.838663101,4.051730156,212.6820831,219.8254547,17.10278893,62.23488617,Autumn,3
11/10/2032,16.83256149,23.45365143,11.85985947,7.003134727,0.451845348,99.89859009,2.846591473,4.065811157,214.6686859,221.7892914,16.86040878,62.31699371,Autumn,3
11/11/2032,16.61059189,23.22750092,11.65467167,6.915027618,0.44622311,99.89872742,2.854620457,4.079968929,216.6517487,223.7423859,16.61822319,62.40346527,Autumn,3
11/12/2032,16.38877296,23.00145149,11.44952297,6.828071594,0.440952897,99.89906311,2.862737656,4.094188213,218.6256866,225.6790466,16.37665939,62.49415588,Autumn,3
11/13/2032,16.16752625,22.77596092,11.24476814,6.742396355,0.436012685,99.89964294,2.870928764,4.108452797,220.5848694,227.5937042,16.13615036,62.58889771,Autumn,3
11/14/2032,15.9472847,22.55150414,11.04076195,6.658130646,0.431379765,99.90047455,2.879180431,4.122748375,222.5235443,229.4806213,15.89713097,62.6875,Autumn,3
11/15/2032,15.72847271,22.32855034,10.83787155,6.575393677,0.427031219,99.9016037,2.887480736,4.137058735,224.4360962,231.3342896,15.66003895,62.78973007,Autumn,3
11/16/2032,15.51151276,22.10757256,10.63645363,6.494305611,0.422944367,99.90305328,2.895816326,4.151369572,226.3168793,233.149292,15.42530155,62.89535522,Autumn,3
11/17/2032,15.29682541,21.88902283,10.43686771,6.414977074,0.419096768,99.90484619,2.904173851,4.165664673,228.1604156,234.9203339,15.19334793,63.00410461,Autumn,3
11/18/2032,15.08481979,21.6733551,10.23946762,6.337514877,0.415466458,99.90699768,2.912542343,4.17992878,229.961319,236.6423035,14.96459103,63.11570358,Autumn,3
11/19/2032,14.87589264,21.46100235,10.04460144,6.26201725,0.412032604,99.9095459,2.920907974,4.194146156,231.7144318,238.3103485,14.73943138,63.22985077,Autumn,3
11/20/2032,14.67043018,21.25238419,9.852602959,6.188575745,0.40877524,99.91249847,2.929258823,4.208300591,233.4147949,239.9199371,14.51825714,63.34624863,Autumn,3
11/21/2032,14.46879673,21.04789734,9.663795471,6.117272854,0.405675769,99.9158783,2.937582016,4.222376823,235.0577698,241.4668427,14.30143261,63.46457291,Autumn,3
11/22/2032,14.27133942,20.84791183,9.478488922,6.048183918,0.402716994,99.91969299,2.945865631,4.236357212,236.6389618,242.9470978,14.08930302,63.58451462,Autumn,3
11/23/2032,14.07838154,20.65277863,9.296977043,5.981373787,0.399883389,99.92395782,2.954096317,4.250225544,238.1543732,244.357193,13.88219547,63.70574951,Autumn,3
11/24/2032,13.89022064,20.46281433,9.119530678,5.916897774,0.397161037,99.92868805,2.962262154,4.26396513,239.6003265,245.6940155,13.68040276,63.82795334,Autumn,3
11/25/2032,13.70713711,20.2783165,8.946407318,5.854803562,0.394537747,99.93387604,2.970350266,4.277556896,240.9736023,246.9548645,13.48419762,63.95079803,Autumn,3
11/26/2032,13.52937126,20.0995388,8.777835846,5.795125961,0.392003417,99.93953705,2.978347301,4.290984631,242.2713165,248.1374664,13.29381657,64.07398224,Autumn,3
11/27/2032,13.35714054,19.92670822,8.61402607,5.737891197,0.389549553,99.94565582,2.986241817,4.304229736,243.4910736,249.2400665,13.10947609,64.19717407,Autumn,3
11/28/2032,13.19063473,19.76001549,8.455159187,5.683115005,0.387169719,99.95223999,2.994019508,4.317274094,244.6309814,250.2612915,12.9313488,64.32009125,Autumn,3
11/29/2032,13.03000546,19.59962082,8.301397324,5.630803108,0.384859324,99.95926666,3.001668453,4.330098629,245.6895294,251.2003937,12.75958443,64.44242859,Autumn,3
11/30/2032,12.87537575,19.44563675,8.152868271,5.58094883,0.382615507,99.96673584,3.009175301,4.342684746,246.6657867,252.0569153,12.59429646,64.56389618,Autumn,3
12/1/2032,12.72683907,19.29815674,8.009679794,5.533539772,0.380437315,99.97462463,3.016527176,4.355013847,247.5591583,252.8310242,12.4355669,64.68423462,Winter,0
12/2/2032,12.58445454,19.15722656,7.871906281,5.488547325,0.378325164,99.98291016,3.023711681,4.36706686,248.3697052,253.5233307,12.2834444,64.80317688,Winter,0
12/3/2032,12.44824886,19.02286339,7.739602089,5.445939064,0.376281142,99.99157715,3.030715466,4.378824711,249.0978088,254.1349182,12.13794708,64.92047882,Winter,0
12/4/2032,12.31821728,18.89504623,7.6127882,5.405670643,0.374308735,100.0005951,3.037526608,4.390269279,249.7444305,254.6672974,11.99905586,65.03591919,Winter,0
12/5/2032,12.1943264,18.7737236,7.491456032,5.367687702,0.372412562,100.0099335,3.04413271,4.401382446,250.3108978,255.1223907,11.86672783,65.14926147,Winter,0
12/6/2032,12.07651329,18.65880966,7.375582695,5.331930637,0.370598346,100.0195541,3.050522327,4.412145615,250.7991028,255.5026703,11.74088573,65.26031494,Winter,0
12/7/2032,11.96468353,18.5501976,7.265109062,5.298329353,0.368872643,100.0294266,3.056683064,4.422541618,251.2111816,255.810791,11.62142944,65.36888123,Winter,0
12/8/2032,11.85872269,18.44773865,7.159955978,5.266807079,0.367242634,100.039505,3.062603951,4.432553768,251.5498505,256.0499573,11.50822926,65.47480774,Winter,0
12/9/2032,11.75848293,18.35126495,7.060018539,5.237280369,0.36571601,100.0497513,3.068275452,4.442165852,251.8180084,256.2235718,11.40112972,65.57791138,Winter,0
12/10/2032,11.66379929,18.26058578,6.965171814,5.20966053,0.364300698,100.0601196,3.073687077,4.451363564,252.0190735,256.3354797,11.29995537,65.67804718,Winter,0
12/11/2032,11.57448769,18.17548943,6.875268936,5.183853149,0.363004595,100.0705566,3.078830242,4.460132122,252.1566162,256.3896484,11.20451069,65.77508545,Winter,0
12/12/2032,11.49033833,18.09574318,6.790147781,5.159758091,0.361835569,100.0810318,3.083695412,4.468459606,252.2345886,256.3903198,11.11458111,65.86889648,Winter,0
12/13/2032,11.41113472,18.02109909,6.70962429,5.137273788,0.360801041,100.0914764,3.08827734,4.476334095,252.2570648,256.3419495,11.02993774,65.9593811,Winter,0
12/14/2032,11.33663654,17.95129395,6.633506775,5.116294861,0.359907895,100.1018448,3.092567444,4.483746529,252.2284393,256.249115,10.95034218,66.04641724,Winter,0
12/15/2032,11.26660252,17.88606262,6.561579704,5.096713066,0.35916236,100.1120911,3.096562386,4.490687847,252.1531525,256.1164856,10.87554073,66.12992096,Winter,0
12/16/2032,11.20076942,17.82512474,6.493626595,5.078420639,0.358569622,100.1221619,3.10025692,4.497152805,252.0357971,255.948822,10.80527306,66.20980072,Winter,0
12/17/2032,11.13888741,17.76819229,6.429419518,5.061306477,0.358133912,100.1319962,3.103648663,4.503135681,251.8810272,255.7508698,10.73927879,66.2859726,Winter,0
12/18/2032,11.08068562,17.71499634,6.368722916,5.04526329,0.3578583,100.1415558,3.106736183,4.508633614,251.6935577,255.5273743,10.67729187,66.35836792,Winter,0
12/19/2032,11.02590466,17.66524506,6.311295509,5.030182838,0.357744396,100.1507797,3.109519005,4.513647556,251.4780426,255.2829742,10.61904907,66.4269104,Winter,0
12/20/2032,10.9742794,17.61866379,6.256902695,5.015958786,0.357792556,100.1596222,3.111999035,4.518177032,251.2391357,255.0223083,10.56428719,66.49153137,Winter,0
12/21/2032,10.92555332,17.57498169,6.205296516,5.00248909,0.35800159,100.1680298,3.114178181,4.522227287,250.9812622,254.7497253,10.51275635,66.55216217,Winter,0
12/22/2032,10.87947845,17.53393555,6.156245232,4.989673615,0.358368695,100.1759644,3.116061211,4.525803089,250.7089539,254.4695282,10.46420765,66.60873413,Winter,0
12/23/2032,10.83580971,17.49528694,6.109512329,4.977416515,0.358889669,100.1833801,3.11765337,4.528913021,250.4263458,254.1856995,10.41840649,66.66120148,Winter,0
12/24/2032,10.79432392,17.45879555,6.06487751,4.96562767,0.359558582,100.190239,3.118962765,4.531567574,250.1374664,253.9020081,10.37512684,66.70948792,Winter,0
12/25/2032,10.75479794,17.42424393,6.0221138,4.954221249,0.360367924,100.1964951,3.119997025,4.533778667,249.8460999,253.6220245,10.33416462,66.75351715,Winter,0
12/26/2032,10.7170372,17.39143372,5.981021881,4.943116665,0.361308813,100.2021103,3.120767117,4.535561562,249.5557709,253.3488922,10.29532528,66.79324341,Winter,0
12/27/2032,10.68085289,17.36018753,5.941399574,4.932242393,0.362370849,100.2070694,3.121284485,4.536931992,249.2697144,253.0854797,10.25843525,66.82858276,Winter,0
12/28/2032,10.64608479,17.33034515,5.903074265,4.92152977,0.363542229,100.2113266,3.121562004,4.537909985,248.9908295,252.8343506,10.22334194,66.85946655,Winter,0
12/29/2032,10.61258316,17.30177689,5.865871429,4.910920143,0.36480993,100.2148743,3.121613979,4.538515091,248.7216797,252.5976257,10.18990803,66.88583374,Winter,0
12/30/2032,10.58022499,17.27436447,5.829648018,4.900361061,0.366159737,100.2176895,3.121456146,4.538770676,248.4644928,252.3771057,10.15801907,66.90760803,Winter,0
12/31/2032,10.54890728,17.24801636,5.794265747,4.889806747,0.367576629,100.2197495,3.121105194,4.538700581,248.2211304,252.1741791,10.12758636,66.92471313,Winter,0
1/1/2033,10.5185461,17.22267342,5.759609222,4.879221439,0.369044632,100.2210464,3.12057972,4.538330555,247.9930573,251.9898529,10.09854317,66.93707275,Winter,0
1/2/2033,10.48908329,17.19829559,5.725588799,4.86857605,0.370547265,100.2215805,3.119897366,4.537687302,247.7813873,251.8247528,10.07083702,66.94461823,Winter,0
1/3/2033,10.46048069,17.17486572,5.692122459,4.857845306,0.372067392,100.221344,3.119078636,4.536798477,247.5868378,251.6790619,10.04444408,66.94726563,Winter,0
1/4/2033,10.43272114,17.1523819,5.659156799,4.847017765,0.373587936,100.2203522,3.118142605,4.535694599,247.4097595,251.5526428,10.01935959,66.94493866,Winter,0
1/5/2033,10.40581703,17.13088608,5.62665081,4.836086273,0.375091612,100.2185974,3.117111206,4.534404278,247.2500763,251.4449615,9.995602608,66.93756866,Winter,0
1/6/2033,10.37978554,17.11042023,5.594591141,4.825051785,0.376561493,100.2161102,3.116005421,4.532957554,247.1074524,251.3551331,9.973212242,66.9250946,Winter,0
1/7/2033,10.35468197,17.09106445,5.562975883,4.813921928,0.377980858,100.2128906,3.11484623,4.531385899,246.9810638,251.2819214,9.952245712,66.90742493,Winter,0
1/8/2033,10.33056927,17.07290268,5.531826019,4.802711487,0.379333794,100.2089691,3.113655567,4.529718876,246.8699036,251.2236786,9.932776451,66.88453674,Winter,0
1/9/2033,10.30753326,17.05604553,5.501177788,4.791440964,0.38060528,100.2043762,3.112453938,4.527987957,246.7725067,251.1786194,9.914899826,66.8563385,Winter,0
1/10/2033,10.285676,17.0406189,5.471090317,4.780138016,0.381781161,100.1991348,3.111263752,4.526222229,246.6872253,251.1446075,9.898722649,66.82279968,Winter,0
1/11/2033,10.26510906,17.02676392,5.441631317,4.768835068,0.38284871,100.1932831,3.110104084,4.524449825,246.61203,251.1191559,9.884366035,66.78387451,Winter,0
1/12/2033,10.245965,17.01462936,5.412889481,4.757570267,0.383796602,100.1868591,3.108995914,4.522701263,246.544754,251.0997467,9.871964455,66.73953247,Winter,0
1/13/2033,10.22838116,17.00437546,5.384964943,4.746385574,0.384615213,100.1799011,3.107958317,4.521000862,246.4829865,251.0835266,9.861658096,66.68977356,Winter,0
1/14/2033,10.21251488,16.99617004,5.357969284,4.735327244,0.385296494,100.1724548,3.107008934,4.519375324,246.424057,251.0675507,9.853604317,66.63456726,Winter,0
1/15/2033,10.1985178,16.99019814,5.332027435,4.724445343,0.385834634,100.164566,3.106165886,4.517848015,246.3652496,251.0487366,9.847956657,66.57393646,Winter,0
1/16/2033,10.18655586,16.98662949,5.307273865,4.713792801,0.386225641,100.1562805,3.105443954,4.516441822,246.3036804,251.0239258,9.844876289,66.50788879,Winter,0
1/17/2033,10.17679596,16.9856472,5.283849716,4.703423023,0.386467695,100.1476517,3.104857922,4.515174866,246.2363739,250.9898834,9.844525337,66.4364624,Winter,0
1/18/2033,10.1694088,16.98742867,5.261903763,4.693394184,0.386561185,100.1387253,3.104420662,4.514066219,246.1602936,250.9433899,9.84706974,66.35971069,Winter,0
1/19/2033,10.16456318,16.99215317,5.241580963,4.683764458,0.386508912,100.1295624,3.10414362,4.513130665,246.0723877,250.8812103,9.852671623,66.27770996,Winter,0
1/20/2033,10.16242504,16.99998856,5.223045349,4.674589634,0.386315674,100.1202087,3.104036331,4.512379646,245.9697418,250.8002319,9.861481667,66.19052124,Winter,0
1/21/2033,10.16315651,17.01109695,5.206448555,4.665928841,0.385988861,100.1107254,3.104106426,4.511824131,245.8492432,250.6973267,9.873655319,66.0982666,Winter,0
1/22/2033,10.16691399,17.02563858,5.19194603,4.657839298,0.385537803,100.1011581,3.10435915,4.511471272,245.7080688,250.5695648,9.889334679,66.00106812,Winter,0
1/23/2033,10.17384529,17.04375267,5.179690361,4.650377274,0.384974211,100.0915604,3.104798794,4.511325359,245.543457,250.4141541,9.908650398,65.89904785,Winter,0
1/24/2033,10.18408871,17.06557274,5.16983223,4.643596649,0.384311825,100.0819855,3.105427265,4.511387825,245.3527222,250.2283936,9.931725502,65.79237366,Winter,0
1/25/2033,10.19777012,17.09121132,5.162510872,4.63754797,0.38356632,100.0724792,3.10624361,4.511657238,245.1334076,250.009903,9.958670616,65.68119812,Winter,0
1/26/2033,10.21500969,17.12077713,5.157870293,4.632283211,0.38275528,100.0630875,3.107246876,4.512129784,244.8832397,249.7565002,9.989578247,65.56573486,Winter,0
1/27/2033,10.23589993,17.15435028,5.156035423,4.627846718,0.381897807,100.0538635,3.108432293,4.512798309,244.6001587,249.4661713,10.02453423,65.44616699,Winter,0
1/28/2033,10.26053333,17.19200516,5.157121658,4.62428093,0.381014675,100.044838,3.109793663,4.513653278,244.2822876,249.1372681,10.06359863,65.32273865,Winter,0
1/29/2033,10.28898144,17.23378181,5.161239624,4.621625423,0.380127817,100.0360641,3.111323357,4.514682293,243.9281158,248.7683563,10.1068182,65.19566345,Winter,0
1/30/2033,10.32129383,17.27972031,5.16849041,4.619915009,0.379260212,100.027565,3.113011837,4.515870571,243.5362549,248.3582916,10.15423012,65.06518555,Winter,0
1/31/2033,10.35750866,17.32983017,5.178952217,4.619178772,0.378435701,100.0193863,3.114846706,4.517201424,243.1057281,247.9063263,10.20584106,64.93158722,Winter,0
2/1/2033,10.39764786,17.3841095,5.192698479,4.61944294,0.377678573,100.0115433,3.116816044,4.518654823,242.6357269,247.411911,10.26165104,64.79512024,Winter,0
2/2/2033,10.44171143,17.44252777,5.209788322,4.62072897,0.377013475,100.0040665,3.118905067,4.520209789,242.1258698,246.8748169,10.32163811,64.65606689,Winter,0
2/3/2033,10.4896822,17.50504303,5.230258942,4.623053551,0.376465023,99.99697876,3.121098042,4.52184391,241.5759125,246.2952576,10.38576126,64.5147171,Winter,0
2/4/2033,10.54152966,17.57159424,5.254142761,4.626426697,0.376057535,99.99028778,3.1233778,4.523531914,240.9860382,245.6735687,10.45396423,64.37134552,Winter,0
2/5/2033,10.59720325,17.6421032,5.281453133,4.630856514,0.375814736,99.98401642,3.125727177,4.525248051,240.3565826,245.010498,10.5261755,64.22625732,Winter,0
2/6/2033,10.65663719,17.71648026,5.312185287,4.636344433,0.375759512,99.97816467,3.128127098,4.526966095,239.688324,244.3070526,10.60230637,64.07974243,Winter,0
2/7/2033,10.71974945,17.79460716,5.346325874,4.642887115,0.37591359,99.97273254,3.130558491,4.52865839,238.982132,243.5645294,10.68225193,63.93209839,Winter,0
2/8/2033,10.7864418,17.87636566,5.383845329,4.650478363,0.376297325,99.96772766,3.133002758,4.530297279,238.2393188,242.7844696,10.7658968,63.78360748,Winter,0
2/9/2033,10.85660553,17.9616127,5.424695015,4.659106255,0.376929253,99.9631424,3.135438919,4.53185463,237.4612885,241.968689,10.85311317,63.634552,Winter,0
2/10/2033,10.9301157,18.05020714,5.468823433,4.668754578,0.377826214,99.95895386,3.1378479,4.533302307,236.6497345,241.1192017,10.94375896,63.48522186,Winter,0
2/11/2033,11.0068388,18.14198685,5.516156197,4.679404259,0.379002631,99.95516205,3.140210629,4.534614563,235.8065491,240.2382507,11.03768444,63.33586502,Winter,0
2/12/2033,11.08662987,18.23678589,5.566614151,4.691033363,0.380470783,99.95173645,3.14250803,4.535763264,234.9338074,239.328186,11.13472939,63.1867485,Winter,0
2/13/2033,11.16933441,18.33443069,5.620100021,4.703614235,0.382240087,99.9486618,3.144722462,4.536724567,234.0337219,238.3915863,11.23472881,63.03812027,Winter,0
2/14/2033,11.25479317,18.43474579,5.676516533,4.71711731,0.384317458,99.94591522,3.146835327,4.537473679,233.1086884,237.4311829,11.33751106,62.89019012,Winter,0
2/15/2033,11.34283924,18.53754997,5.735748291,4.731513023,0.386706829,99.94345856,3.148831844,4.53798914,232.1611938,236.4496765,11.44290161,62.74318695,Winter,0
2/16/2033,11.43330574,18.64265823,5.79767704,4.746765137,0.389409155,99.94126129,3.150696278,4.538249969,231.1937408,235.4499969,11.55072689,62.59729385,Winter,0
2/17/2033,11.52601337,18.74988937,5.862174988,4.762838364,0.392422229,99.93930054,3.152415752,4.538238525,230.2089996,234.4349976,11.6608057,62.45268631,Winter,0
2/18/2033,11.62079239,18.85906982,5.929111481,4.779695511,0.395740777,99.93752289,3.153977871,4.537939072,229.2095795,233.407608,11.77296448,62.30950546,Winter,0
2/19/2033,11.71746922,18.97001457,5.998352051,4.797298431,0.399356306,99.9358902,3.15537262,4.537338257,228.1981201,232.3707123,11.88702965,62.16789246,Winter,0
2/20/2033,11.81587315,19.08255768,6.069758415,4.815608978,0.403257281,99.93437195,3.156592369,4.536425591,227.1772614,231.3271179,12.00283337,62.02794266,Winter,0
2/21/2033,11.91583633,19.1965332,6.143186569,4.83458519,0.407428861,99.93292236,3.157629967,4.535194874,226.1495819,230.2797089,12.12020874,61.88975143,Winter,0
2/22/2033,12.01719856,19.31178284,6.21849823,4.854189873,0.411853313,99.9315033,3.158482552,4.533639908,225.1175385,229.2311249,12.23900509,61.75336456,Winter,0
2/23/2033,12.11980247,19.42816162,6.295554161,4.874383926,0.416509926,99.93006134,3.159147263,4.531761646,224.0835571,228.1838989,12.35906887,61.61882782,Winter,0
2/24/2033,12.22349834,19.54552841,6.374214172,4.895127773,0.421375275,99.92855835,3.159625053,4.529560089,223.0498657,227.1404877,12.48026466,61.48613739,Winter,0
2/25/2033,12.32814789,19.66376114,6.454345703,4.916384697,0.426423222,99.92695618,3.159917355,4.527042389,222.0186005,226.1031799,12.60246181,61.35529709,Winter,0
2/26/2033,12.43362045,19.78274155,6.535812378,4.938119888,0.431625307,99.92520905,3.160030365,4.524216175,220.9917145,225.0740051,12.72553921,61.22626114,Winter,0
2/27/2033,12.53979683,19.90236664,6.618497849,4.960298061,0.436950833,99.92327118,3.159971237,4.521093369,219.9710388,224.0548553,12.84939575,61.09897232,Winter,0
2/28/2033,12.64656448,20.02254868,6.702270508,4.982886314,0.442367226,99.92111206,3.159748554,4.517689228,218.9580841,223.0474396,12.97393417,60.97335052,Winter,0
3/1/2033,12.75382996,20.14320946,6.787025452,5.00585413,0.447840273,99.91870117,3.15937376,4.514020443,217.9542847,222.0531464,13.09907436,60.84928894,Spring,1
3/2/2033,12.86150551,20.26428604,6.872652054,5.029173851,0.453334391,99.91598511,3.158860683,4.510109901,216.9607544,221.0732269,13.2247448,60.72668457,Spring,1
3/3/2033,12.96951866,20.38572311,6.959054947,5.052818298,0.458812982,99.91294861,3.15822506,4.505979538,215.9785004,220.1086273,13.3508873,60.60538483,Spring,1
3/4/2033,13.07780933,20.50748825,7.046142578,5.07676506,0.464238763,99.90956116,3.157483578,4.501657009,215.0081177,219.1600189,13.47746277,60.48525238,Spring,1
3/5/2033,13.18632793,20.62955284,7.133836746,5.100992203,0.469574153,99.90579224,3.156655788,4.497169495,214.0501862,218.2279358,13.60443497,60.36610794,Spring,1
3/6/2033,13.29503918,20.75190353,7.222063065,5.125480652,0.474781424,99.90161896,3.155762672,4.492548466,213.1048584,217.3125305,13.73178482,60.24777985,Spring,1
3/7/2033,13.40391541,20.87453461,7.310761452,5.150215626,0.47982347,99.89702606,3.154824734,4.487827301,212.1722565,216.4138031,13.8595047,60.13008499,Spring,1
3/8/2033,13.51294804,20.9974556,7.399878502,5.175183296,0.484663546,99.89199829,3.153865814,4.483037949,211.2520752,215.5315247,13.98759556,60.01282501,Spring,1
3/9/2033,13.62213135,21.12068176,7.489373207,5.200371742,0.489266336,99.88652802,3.152909756,4.478217125,210.3439484,214.6651764,14.11606979,59.89580536,Spring,1
3/10/2033,13.73147583,21.24424171,7.579206467,5.225772858,0.493597716,99.88059998,3.151981354,4.47340107,209.4472046,213.8139954,14.24494743,59.77882767,Spring,1
3/11/2033,13.84099579,21.36816025,7.669360161,5.251381874,0.49762544,99.87422943,3.151105404,4.468626499,208.5610962,212.9771118,14.37425518,59.66167831,Spring,1
3/12/2033,13.95071316,21.49247742,7.759811401,5.277193069,0.50131917,99.86740112,3.150307178,4.463929653,207.6845703,212.1533966,14.50403309,59.54417038,Spring,1
3/13/2033,14.06066895,21.61723709,7.850556374,5.303205013,0.504651189,99.86012268,3.149612427,4.459348202,206.8164215,211.3415985,14.63431835,59.4261055,Spring,1
3/14/2033,14.17089844,21.74248314,7.941591263,5.329417229,0.507596314,99.85241699,3.149045467,4.454918861,205.9554291,210.5402374,14.7651577,59.30730438,Spring,1
3/15/2033,14.2814455,21.86826134,8.032927513,5.35583353,0.510132313,99.84428406,3.148631573,4.450676441,205.1000977,209.7477112,14.89660072,59.18758392,Spring,1
3/16/2033,14.39235783,21.99461937,8.1245718,5.382454872,0.512240171,99.83574677,3.148393154,4.446656227,204.2489319,208.9623718,15.02869606,59.06676865,Spring,1
3/17/2033,14.50368977,22.12160492,8.216549873,5.409288406,0.513904095,99.82683563,3.14835453,4.442890644,203.4002228,208.1824036,15.16149712,58.94471741,Spring,1
3/18/2033,14.61548901,22.24926376,8.30888176,5.436337948,0.515112042,99.81756592,3.148535728,4.439410686,202.5523834,207.4059143,15.29505634,58.82129288,Spring,1
3/19/2033,14.72781658,22.37763596,8.40159893,5.463612556,0.515855551,99.80796814,3.148957253,4.436245918,201.7035828,206.6310425,15.42942047,58.69636917,Spring,1
3/20/2033,14.84072399,22.50675774,8.494730949,5.491117477,0.516130149,99.79808044,3.149637699,4.433423042,200.8521423,205.8557739,15.56463814,58.56983948,Spring,1
3/21/2033,14.95426273,22.63666153,8.588315964,5.518863678,0.515934885,99.78792572,3.150592804,4.43096447,199.9962158,205.0782166,15.70074844,58.4416275,Spring,1
3/22/2033,15.06848049,22.76737022,8.682388306,5.546857834,0.515272975,99.77755737,3.151837826,4.428892136,199.1341553,204.2963867,15.8377924,58.31167221,Spring,1
3/23/2033,15.18342495,22.89890671,8.776987076,5.575109959,0.514151394,99.76699829,3.153383732,4.427224159,198.2642365,203.5084229,15.97580147,58.17992401,Spring,1
3/24/2033,15.29913807,23.03127098,8.872152328,5.603627682,0.51258117,99.75630188,3.155241013,4.425972462,197.3848419,202.7124634,16.1147995,58.04636765,Spring,1
3/25/2033,15.41565609,23.16446877,8.967922211,5.632421494,0.510576904,99.74551392,3.157415867,4.425149918,196.4944153,201.9067535,16.2548027,57.91100311,Spring,1
3/26/2033,15.53300953,23.29849052,9.064334869,5.66149807,0.508156896,99.73467255,3.15991354,4.424762726,195.5915527,201.0895996,16.39582253,57.7738533,Spring,1
3/27/2033,15.65122128,23.43331528,9.161425591,5.690865517,0.50534296,99.72381592,3.162735462,4.424813271,194.6748962,200.259491,16.53785896,57.63497162,Spring,1
3/28/2033,15.77030659,23.56891441,9.259231567,5.720531464,0.502160132,99.71300507,3.165881157,4.425301075,193.7433014,199.4149628,16.68090248,57.49442291,Spring,1
3/29/2033,15.890275,23.70525169,9.357780457,5.75050211,0.498636723,99.70228577,3.169346333,4.426221371,192.7956696,198.5547943,16.82493591,57.35229111,Spring,1
3/30/2033,16.01112938,23.84227371,9.457105637,5.7807827,0.494803607,99.69168854,3.17312479,4.427566051,191.831192,197.6777802,16.96993446,57.20868683,Spring,1
3/31/2033,16.13286209,23.97992325,9.557227135,5.811379433,0.490694255,99.68127441,3.177206993,4.429321289,190.8490753,196.7829742,17.11585999,57.06373215,Spring,1
4/1/2033,16.25545883,24.11813927,9.6581707,5.84229517,0.486344486,99.67108154,3.18158102,4.431471825,189.8488312,195.8696442,17.26266861,56.91757965,Spring,1
4/2/2033,16.37889481,24.25683594,9.759950638,5.873533249,0.481791735,99.6611557,3.18623209,4.433996201,188.8300629,194.9370728,17.41030884,56.77038193,Spring,1
4/3/2033,16.50314331,24.39593697,9.862582207,5.9050951,0.477075219,99.65153503,3.191143513,4.436872959,187.7926331,193.9848938,17.55871773,56.62231827,Spring,1
4/4/2033,16.6281662,24.53534508,9.966072083,5.936982155,0.472235054,99.64225769,3.196294785,4.440072536,186.7364655,193.0128479,17.70782471,56.47356033,Spring,1
4/5/2033,16.75391769,24.67496872,10.07042694,5.969195366,0.467312187,99.63337708,3.201664925,4.443566322,185.6618347,192.020874,17.8575592,56.32429886,Spring,1
4/6/2033,16.88035202,24.8147049,10.17564774,6.001732349,0.462347955,99.62490845,3.207228661,4.447321415,184.569046,191.0090332,18.0078373,56.17474747,Spring,1
4/7/2033,17.00740814,24.95445061,10.2817297,6.034592628,0.457383454,99.61689758,3.212961674,4.451300621,183.4586487,189.9776459,18.15857315,56.02510071,Spring,1
4/8/2033,17.13503075,25.09409523,10.38866711,6.067773819,0.452459604,99.60936737,3.218834877,4.455467224,182.3313446,188.927124,18.30967712,55.87556076,Spring,1
4/9/2033,17.26315308,25.23353386,10.49644756,6.101272583,0.447616041,99.60235596,3.22481966,4.459780693,181.1880035,187.8581543,18.46105576,55.72633362,Spring,1
4/10/2033,17.39170837,25.37265205,10.60505676,6.13508606,0.442891479,99.59587097,3.230885506,4.464199066,180.0296326,186.7714081,18.61261368,55.57761383,Spring,1
4/11/2033,17.52062988,25.51135254,10.71448231,6.169209003,0.438322783,99.58994293,3.237000942,4.468678951,178.8573303,185.6678467,18.76426315,55.42960358,Spring,1
4/12/2033,17.64984703,25.64953041,10.82470226,6.20363903,0.433944792,99.5845871,3.243134022,4.473176479,177.6724091,184.5484772,18.91590118,55.28248215,Spring,1
4/13/2033,17.77928925,25.78708076,10.9356966,6.238368988,0.429789901,99.57981873,3.249251366,4.477647781,176.4761658,183.4144745,19.06744576,55.13642502,Spring,1
4/14/2033,17.90888786,25.92392159,11.04744339,6.273395538,0.425887913,99.57564545,3.255321026,4.482046127,175.2701263,182.2670288,19.2188015,54.99158478,Spring,1
4/15/2033,18.03858185,26.05996513,11.1599226,6.308713913,0.42226544,99.57206726,3.261309624,4.486328125,174.0557556,181.1074677,19.36988831,54.84810257,Spring,1
4/16/2033,18.16830444,26.19513702,11.27311039,6.344319344,0.418945819,99.56909943,3.267185211,4.490448952,172.834671,179.9372101,19.52062988,54.70611191,Spring,1
4/17/2033,18.29800034,26.32937241,11.38698387,6.380207062,0.415948749,99.56672668,3.272915363,4.494365215,171.6084747,178.7576904,19.67095757,54.56570816,Spring,1
4/18/2033,18.42761612,26.46261978,11.50152397,6.416372299,0.413290292,99.56495667,3.278469563,4.498035431,170.3787994,177.5703735,19.82080841,54.42697144,Spring,1
4/19/2033,18.55710602,26.5948391,11.61670971,6.452812195,0.410982251,99.56377411,3.283818245,4.501419067,169.1472778,176.3767395,19.97012901,54.28995895,Spring,1
4/20/2033,18.68643188,26.72600555,11.73252487,6.489522934,0.409032583,99.56317139,3.288931847,4.504477978,167.9155731,175.1783142,20.11888123,54.1546936,Spring,1
4/21/2033,18.81556129,26.85610199,11.84895229,6.526500702,0.407444954,99.56312561,3.293784618,4.507175446,166.6852264,173.9765778,20.26702881,54.02118683,Spring,1
4/22/2033,18.94447708,26.98513603,11.96598625,6.563743591,0.406218529,99.56363678,3.298351288,4.509478569,165.45784,172.7729492,20.41456032,53.88940811,Spring,1
4/23/2033,19.07316017,27.11312485,12.08361149,6.601249695,0.40534842,99.56467438,3.302608967,4.511357307,164.234848,171.5688629,20.5614624,53.75930405,Spring,1
4/24/2033,19.20161438,27.24010277,12.201828,6.639017105,0.4048253,99.56620789,3.306536674,4.512782574,163.0176849,170.3656769,20.7077446,53.63079071,Spring,1
4/25/2033,19.32984161,27.36611938,12.32063389,6.677045822,0.404635698,99.56822968,3.310116291,4.513732433,161.8076477,169.1646881,20.85342598,53.50375748,Spring,1
4/26/2033,19.45786667,27.49124336,12.44003582,6.715333939,0.40476203,99.5707016,3.313332081,4.514184952,160.6059875,167.9670868,20.99853897,53.37806702,Spring,1
4/27/2033,19.58571434,27.61555672,12.56003857,6.753882408,0.40518257,99.57360077,3.316171169,4.514124393,159.4137726,166.7740021,21.14313316,53.25354004,Spring,1
4/28/2033,19.71342468,27.73915672,12.68065929,6.792690277,0.405871987,99.57689667,3.318622589,4.513537407,158.2320251,165.5864868,21.28726387,53.12998962,Spring,1
4/29/2033,19.84104538,27.86215782,12.8019104,6.831760406,0.406801254,99.58055115,3.320678711,4.512414455,157.0615692,164.405426,21.43100166,53.0071907,Spring,1
4/30/2033,19.96863747,27.98468208,12.92381859,6.871090889,0.407938004,99.58454132,3.322334766,4.510751247,155.9031677,163.2316742,21.57443428,52.88489914,Spring,1
5/1/2033,20.09627151,28.10687637,13.0464077,6.910683632,0.409246922,99.58882904,3.323589325,4.508545876,154.7574005,162.065918,21.71765518,52.76283646,Spring,1
5/2/2033,20.22402382,28.22888947,13.16971302,6.950538635,0.41068989,99.59338379,3.32444191,4.505802155,153.6247559,160.9088287,21.86077309,52.64071655,Spring,1
5/3/2033,20.35198402,28.35088539,13.29375935,6.990656853,0.412226558,99.59816742,3.324898243,4.50252533,152.5055695,159.760849,22.00390053,52.51823044,Spring,1
5/4/2033,20.48024368,28.47303391,13.4185915,7.031037331,0.413814366,99.60314941,3.324962139,4.498726845,151.4000244,158.6223755,22.1471653,52.39505005,Spring,1
5/5/2033,20.60890198,28.59551811,13.54424763,7.071680069,0.415409386,99.60829926,3.324643612,4.494420052,150.3082275,157.4937286,22.29069901,52.27083969,Spring,1
5/6/2033,20.73806763,28.71852112,13.67076969,7.11258316,0.41696623,99.6135788,3.323954582,4.489622593,149.2301178,156.3750763,22.43464279,52.1452446,Spring,1
5/7/2033,20.86784935,28.84224129,13.79820538,7.153744698,0.418438882,99.61895752,3.322907448,4.484354973,148.1655731,155.2665405,22.57913589,52.01791,Spring,1
5/8/2033,20.99836349,28.96686363,13.92659473,7.195158958,0.41978094,99.62441254,3.321519375,4.478640556,147.1143036,154.1681366,22.7243309,51.88847351,Spring,1
5/9/2033,21.12972069,29.0925827,14.05598354,7.236822128,0.420946121,99.62989807,3.319807053,4.472506046,146.0760345,153.0798492,22.87037086,51.75657272,Spring,1
5/10/2033,21.26203918,29.21959305,14.18642139,7.278727531,0.42188859,99.63540649,3.317790508,4.465979576,145.0503082,152.0015564,23.01740837,51.62184525,Spring,1
5/11/2033,21.39543343,29.3480854,14.31794643,7.320865631,0.422563404,99.64089203,3.315491199,4.459092617,144.0366669,150.9330597,23.16558838,51.4839325,Spring,1
5/12/2033,21.53001404,29.47824097,14.45060444,7.363225937,0.422927052,99.64633179,3.312931061,4.451877594,143.0345612,149.8742218,23.31505585,51.34249496,Spring,1
5/13/2033,21.66588974,29.61023331,14.58442974,7.405797005,0.422937781,99.65171814,3.310134411,4.444367886,142.043457,148.8247833,23.46594238,51.19719315,Spring,1
5/14/2033,21.80316353,29.74423027,14.71946049,7.448563576,0.422555983,99.65701294,3.307124615,4.436599731,141.0627441,147.7845764,23.61838913,51.04771805,Spring,1
5/15/2033,21.94193268,29.88038445,14.85572338,7.491508484,0.421744645,99.66220093,3.303926945,4.428608418,140.0918579,146.7533112,23.77251434,50.89375687,Spring,1
5/16/2033,22.08227921,30.0188427,14.99324131,7.534611702,0.420469522,99.66727448,3.300566673,4.420429707,139.1301727,145.7307739,23.92843437,50.73504257,Spring,1
5/17/2033,22.22428894,30.15972519,15.13203907,7.577851295,0.418699712,99.67220306,3.297069073,4.412100792,138.1772308,144.7168274,24.08624458,50.57131958,Spring,1
5/18/2033,22.36802483,30.30314445,15.27211857,7.621202469,0.416407645,99.67697906,3.293458462,4.40365696,137.2324371,143.7113037,24.24604225,50.40237045,Spring,1
5/19/2033,22.51354218,30.44918823,15.41349316,7.664637566,0.413569719,99.68158722,3.289760113,4.395133972,136.2953949,142.7140961,24.40789413,50.22799301,Spring,1
5/20/2033,22.66088104,30.59793282,15.55614567,7.708126068,0.410166115,99.68602753,3.285997391,4.386564732,135.3657227,141.7251892,24.57185936,50.04803085,Spring,1
5/21/2033,22.81007576,30.74942398,15.70007229,7.751637459,0.406181306,99.69028473,3.282192707,4.377982616,134.4431,140.7446442,24.73797989,49.86235428,Spring,1
5/22/2033,22.96113205,30.90369225,15.84523869,7.795135498,0.401604176,99.69435883,3.278367519,4.369417667,133.5273285,139.772583,24.90628242,49.67088318,Spring,1
5/23/2033,23.11405182,31.06074333,15.99162006,7.838582039,0.3964279,99.69823456,3.274541378,4.360899448,132.6183624,138.8092194,25.07676697,49.47356796,Spring,1
5/24/2033,23.26881409,31.22056198,16.13916397,7.881937981,0.390650183,99.70191956,3.270733833,4.352453709,131.7161713,137.8548431,25.24942589,49.27038956,Spring,1
5/25/2033,23.42538452,31.38310432,16.28782082,7.925162315,0.38427335,99.70541382,3.266960144,4.344105244,130.8209534,136.9099579,25.42421722,49.06137848,Spring,1
5/26/2033,23.5837059,31.54830551,16.43751717,7.96821022,0.377304196,99.70870972,3.263235092,4.335874081,129.9329224,135.9750061,25.60109711,48.84660721,Spring,1
5/27/2033,23.74370956,31.7160759,16.58818626,8.011036873,0.369754016,99.71181488,3.259571552,4.327778816,129.0525513,135.0506592,25.77998543,48.62619781,Spring,1
5/28/2033,23.90531349,31.88630295,16.73972893,8.053595543,0.361638606,99.71472931,3.255978107,4.319833755,128.1803284,134.1376953,25.96078873,48.40029526,Spring,1
5/29/2033,24.06840706,32.05885315,16.8920536,8.0958395,0.352977782,99.717453,3.252463818,4.312051296,127.3169556,133.2369385,26.14339638,48.1690979,Spring,1
5/30/2033,24.23287201,32.23356247,17.04504776,8.137718201,0.343795568,99.72000122,3.249033451,4.304439545,126.4632568,132.3493195,26.32767677,47.93284225,Spring,1
5/31/2033,24.39857101,32.41025162,17.19859505,8.179184914,0.334119886,99.72238159,3.245689392,4.297002792,125.6201324,131.4759216,26.51347351,47.69179153,Spring,1
6/1/2033,24.56535149,32.58872223,17.35256577,8.220189095,0.323982328,99.72458649,3.242432594,4.289742947,124.7886734,130.6178894,26.70062256,47.44627762,Summer,2
6/2/2033,24.73304367,32.76875305,17.50682068,8.260682106,0.313417673,99.72663879,3.239260197,4.282657623,123.9700394,129.776474,26.888937,47.19664001,Summer,2
6/3/2033,24.90147209,32.95010376,17.66121292,8.300618172,0.302463979,99.72853088,3.236168385,4.275742054,123.1655502,128.9529266,27.07821655,46.94326019,Summer,2
6/4/2033,25.0704422,33.1325264,17.81559372,8.339949608,0.291161954,99.73027802,3.233149529,4.268987179,122.3765106,128.1486511,27.2682476,46.68655396,Summer,2
6/5/2033,25.239748,33.31574249,17.96979713,8.378630638,0.279554695,99.73188019,3.230195522,4.262381554,121.604454,127.3650513,27.45879555,46.42695999,Summer,2
6/6/2033,25.40917587,33.49947739,18.12366295,8.416621208,0.26768747,99.73336029,3.227293968,4.25590992,120.850853,126.603569,27.64962959,46.16495895,Summer,2
6/7/2033,25.57850456,33.68343735,18.27701569,8.453879356,0.255607009,99.73471069,3.224432468,4.249555111,120.1173248,125.8656616,27.84049225,45.90104675,Summer,2
6/8/2033,25.74750519,33.8673172,18.42968559,8.490368843,0.243361488,99.73594666,3.221595287,4.2432971,119.4054337,125.1528168,28.03113365,45.63572693,Summer,2
6/9/2033,25.91594315,34.0508194,18.58149147,8.526055336,0.230999917,99.73706818,3.218765736,4.237113953,118.716835,124.4664764,28.22128487,45.36954498,Summer,2
6/10/2033,26.08358002,34.23362732,18.73225975,8.560910225,0.218571767,99.73808289,3.21592617,4.230980396,118.0531235,123.8080902,28.41068268,45.1030426,Summer,2
6/11/2033,26.25017929,34.41542816,18.88181305,8.594907761,0.20612666,99.73900604,3.213057041,4.224871159,117.415947,123.1789856,28.59905815,44.8367691,Summer,2
6/12/2033,26.41549301,34.59591675,19.02997017,8.628026009,0.193713918,99.73982239,3.210137844,4.218758583,116.8068085,122.5805054,28.78614044,44.57131195,Summer,2
6/13/2033,26.57929039,34.77478027,19.17655945,8.66024971,0.181382179,99.74055481,3.207147598,4.212614536,116.2272339,122.0138702,28.97165871,44.30722046,Summer,2
6/14/2033,26.74133682,34.95171356,19.32141113,8.691568375,0.169179112,99.74120331,3.204064846,4.206409454,115.6785889,121.4802017,29.15535545,44.04507446,Summer,2
6/15/2033,26.90140152,35.12643433,19.46435928,8.721978188,0.157151014,99.74176025,3.20086813,4.200113773,115.1622391,120.9804916,29.33696556,43.78543472,Summer,2
6/16/2033,27.05925751,35.29863739,19.60524178,8.751476288,0.14534232,99.74223328,3.197535038,4.193697453,114.6793365,120.515625,29.51623917,43.528862,Summer,2
6/17/2033,27.21469498,35.46805954,19.74390984,8.78007412,0.133795664,99.74263,3.194045067,4.187132359,114.2309494,120.086319,29.69293404,43.27591705,Summer,2
6/18/2033,27.36750412,35.63443756,19.88021278,8.807781219,0.12255127,99.74294281,3.190377235,4.180389881,113.8179703,119.6931381,29.86681938,43.02713013,Summer,2
6/19/2033,27.51749802,35.7975235,20.01402283,8.834618568,0.111646861,99.74317932,3.186511517,4.173441887,113.441124,119.3364563,30.03767014,42.78302765,Summer,2
6/20/2033,27.66448975,35.95708847,20.14520836,8.860610962,0.101117484,99.74333191,3.182429314,4.166264057,113.1009216,119.0164719,30.20528221,42.54411316,Summer,2
6/21/2033,27.80831337,36.11292267,20.27365685,8.885790825,0.090995036,99.74340057,3.178113461,4.158830166,112.7977371,118.7332382,30.36946487,42.31087112,Summer,2
6/22/2033,27.94881248,36.26482773,20.39926338,8.910197258,0.081308551,99.74339294,3.173547745,4.151120663,112.5316772,118.4864883,30.53004074,42.08376694,Summer,2
6/23/2033,28.08585167,36.4126358,20.52194023,8.93387413,0.072083652,99.74329376,3.168718815,4.14311409,112.3027115,118.2758484,30.68684578,41.86323166,Summer,2
6/24/2033,28.21930122,36.55619049,20.64160538,8.956871033,0.063342884,99.74311066,3.16361475,4.134794235,112.1104889,118.1007004,30.83973885,41.64968109,Summer,2
6/25/2033,28.34906769,36.69536591,20.75819397,8.97924614,0.055105295,99.742836,3.15822506,4.126147747,111.954483,117.9602432,30.98859596,41.4434967,Summer,2
6/26/2033,28.47505188,36.83005524,20.87165451,9.001059532,0.047386672,99.74246979,3.152543545,4.117162228,111.833931,117.8534317,31.1333065,41.24502945,Summer,2
6/27/2033,28.59718323,36.9601593,20.98194885,9.022379875,0.040199436,99.74201202,3.14656496,4.107831955,111.7478638,117.7790222,31.27378654,41.05461502,Summer,2
6/28/2033,28.71540451,37.08562469,21.08904839,9.04327774,0.033552803,99.74145508,3.140286922,4.098151684,111.6950836,117.7355728,31.40995789,40.87253571,Summer,2
6/29/2033,28.82967758,37.20639038,21.19294167,9.063830376,0.027452815,99.74079895,3.133710384,4.088120937,111.6741028,117.721489,31.54176903,40.69905472,Summer,2
6/30/2033,28.93998146,37.32244873,21.29362679,9.084117889,0.021902636,99.74005127,3.126838684,4.07774353,111.683342,117.7349167,31.66918564,40.53440857,Summer,2
7/1/2033,29.04630852,37.4337883,21.3911171,9.104222298,0.016902229,99.73919678,3.11967802,4.067026615,111.720932,117.77388,31.79218483,40.37879944,Summer,2
7/2/2033,29.14866638,37.54042435,21.48543739,9.124229431,0.012449391,99.73823547,3.112237453,4.055981159,111.784874,117.8362885,31.91076279,40.2324028,Summer,2
7/3/2033,29.24707222,37.64237595,21.57662201,9.144229889,0.008538961,99.73717499,3.104528427,4.044620991,111.8729477,117.9198761,32.02493286,40.09536743,Summer,2
7/4/2033,29.34156609,37.73970795,21.66471672,9.164313316,0.005163836,99.73601532,3.096565723,4.032964706,111.9828262,118.0222397,32.13471603,39.96780777,Summer,2
7/5/2033,29.43219185,37.83246613,21.74977493,9.184568405,0.00231494,99.73474884,3.088367462,4.021034718,112.1120071,118.140892,32.24015045,39.84981537,Summer,2
7/6/2033,29.51901054,37.92073441,21.8318615,9.205086708,-1.86E-05,99.73338318,3.079952717,4.008855343,112.2579422,118.2733078,32.34128189,39.74145126,Summer,2
7/7/2033,29.60208511,38.00459671,21.91104698,9.225958824,-0.001848821,99.73191833,3.071343422,3.996455908,112.4179153,118.4168854,32.43816757,39.64278412,Summer,2
7/8/2033,29.68148994,38.08413696,21.98740578,9.247273445,-0.003189039,99.73036194,3.062565327,3.983867407,112.5892029,118.5689545,32.53086853,39.55381012,Summer,2
7/9/2033,29.75730324,38.15946579,22.06101799,9.269117355,-0.004053471,99.72871399,3.053644657,3.971124887,112.7689896,118.7269135,32.61946106,39.4745636,Summer,2
7/10/2033,29.82961273,38.23068237,22.13197136,9.291574478,-0.004456619,99.72697449,3.044610023,3.958265066,112.9545288,118.8881607,32.70401382,39.4050293,Summer,2
7/11/2033,29.89850616,38.29789352,22.2003479,9.314725876,-0.00441318,99.72515869,3.035491943,3.94532752,113.1429977,119.0501022,32.78460312,39.34517288,Summer,2
7/12/2033,29.96406937,38.36120987,22.26624298,9.338645935,-0.00393792,99.72327423,3.026321888,3.932353497,113.3316879,119.2102509,32.86131287,39.29497528,Summer,2
7/13/2033,30.02639008,38.42073822,22.32973671,9.363409042,-0.003045011,99.72131348,3.017133236,3.919386387,113.5179291,119.3662262,32.93421173,39.25439453,Summer,2
7/14/2033,30.08555412,38.47657013,22.39091873,9.389080048,-0.0017481,99.71930695,3.007959843,3.906469822,113.6991501,119.5157547,33.00337219,39.22338867,Summer,2
7/15/2033,30.14164162,38.52882004,22.44987297,9.415717125,-5.98E-05,99.71724701,2.99883604,3.893649101,113.8728943,119.6567459,33.06886673,39.20188904,Summer,2
7/16/2033,30.19473076,38.57756424,22.50667,9.443374634,0.00200837,99.7151413,2.989797115,3.880970716,114.0368881,119.7872162,33.13075256,39.18986511,Summer,2
7/17/2033,30.24489212,38.62288666,22.56138611,9.472098351,0.004446326,99.71302032,2.980878353,3.868479729,114.1890106,119.9054489,33.1890831,39.18724823,Summer,2
7/18/2033,30.29218102,38.66484833,22.61408615,9.501924515,0.007245569,99.71087646,2.972113609,3.85622263,114.3273544,120.0099182,33.24390793,39.19400787,Summer,2
7/19/2033,30.33664894,38.70351791,22.66482162,9.532883644,0.010399226,99.70872498,2.963537693,3.844243526,114.4501801,120.0992889,33.29524994,39.21007919,Summer,2
7/20/2033,30.37833786,38.73892593,22.71364594,9.564994812,0.013902497,99.70658112,2.95518446,3.832587481,114.5560989,120.1725311,33.34313583,39.23544312,Summer,2
7/21/2033,30.41727257,38.77110291,22.76059341,9.59827137,0.017752521,99.70446014,2.947084904,3.821296692,114.6438904,120.2288666,33.38757324,39.27005768,Summer,2
7/22/2033,30.45347404,38.80005646,22.80569267,9.632714272,0.02194831,99.70236969,2.939270496,3.81041193,114.7126694,120.2677689,33.42855453,39.31391144,Summer,2
7/23/2033,30.48693657,38.82577515,22.84895325,9.668316841,0.026491279,99.70032501,2.931770325,3.799972534,114.7617645,120.2890472,33.46606064,39.36699295,Summer,2
7/24/2033,30.5176487,38.84824371,22.89038277,9.705061913,0.031384684,99.69834137,2.924612045,3.790014267,114.7908783,120.2927399,33.50004959,39.42930222,Summer,2
7/25/2033,30.54558563,38.8674202,22.92996788,9.742922783,0.03663395,99.69642639,2.917819977,3.780571699,114.8000259,120.2792206,33.5304718,39.50084686,Summer,2
7/26/2033,30.57069969,38.88323212,22.96768188,9.781863213,0.042246543,99.69459534,2.911416531,3.771674395,114.7894516,120.2491913,33.55726624,39.58166122,Summer,2
7/27/2033,30.59294128,38.89561081,23.00349236,9.821837425,0.048231833,99.69286346,2.905422688,3.76335001,114.7598267,120.2035751,33.58034897,39.67177963,Summer,2
7/28/2033,30.61223412,38.90446472,23.03735542,9.862790108,0.054600868,99.6912384,2.899854183,3.755622864,114.712059,120.1436462,33.59962082,39.77124786,Summer,2
7/29/2033,30.62849617,38.90967178,23.06919861,9.904654503,0.061366346,99.68973541,2.894726276,3.74851203,114.6474228,120.0709457,33.61496735,39.88013458,Summer,2
7/30/2033,30.64162827,38.91111755,23.09895325,9.947359085,0.068542466,99.68836975,2.890049934,3.742034435,114.5674133,119.9872971,33.62626648,39.99849701,Summer,2
7/31/2033,30.65151787,38.90865326,23.12652969,9.990820885,0.076144554,99.68714142,2.885831833,3.736201525,114.4739456,119.8947601,33.63338852,40.12641144,Summer,2
8/1/2033,30.65804672,38.9021225,23.15183067,10.0349493,0.084188722,99.68606567,2.882078171,3.731021643,114.3690643,119.795639,33.63617706,40.26398087,Summer,2
8/2/2033,30.66108131,38.89136887,23.17474365,10.07964706,0.092692003,99.68515015,2.878788948,3.72649765,114.2552338,119.6925125,33.63446808,40.4112854,Summer,2
8/3/2033,30.66047287,38.87620926,23.1951561,10.1248064,0.101671629,99.6844101,2.875962734,3.722629786,114.1350174,119.5881271,33.62810898,40.56842422,Summer,2
8/4/2033,30.65607834,38.8564682,23.21294022,10.1703186,0.111144967,99.68383789,2.873593807,3.719413042,114.011322,119.4853897,33.61692047,40.73549652,Summer,2
8/5/2033,30.64774132,38.83195114,23.22795486,10.21606636,0.121129014,99.68345642,2.871673584,3.716837883,113.887146,119.3873825,33.60071945,40.91258621,Summer,2
8/6/2033,30.6353035,38.80246735,23.24006462,10.26192284,0.131640375,99.68326569,2.87018919,3.714891911,113.7657776,119.297348,33.57933426,41.09980011,Summer,2
8/7/2033,30.61860466,38.76783371,23.2491188,10.30776405,0.142694458,99.68325806,2.86912632,3.713557005,113.6505356,119.2185974,33.55257416,41.29722214,Summer,2
8/8/2033,30.59747696,38.72785187,23.25497627,10.35345936,0.154305607,99.68345642,2.868466377,3.712813377,113.5449371,119.1545181,33.52026367,41.50492859,Summer,2
8/9/2033,30.57176399,38.6823349,23.25747871,10.39887238,0.166486427,99.68384552,2.868187904,3.712635994,113.452507,119.10849,33.48222351,41.72299194,Summer,2
8/10/2033,30.54130936,38.63110352,23.25647736,10.44386959,0.179247603,99.68443298,2.868267536,3.712996483,113.3769073,119.0839844,33.43828201,41.95145798,Summer,2
8/11/2033,30.50595474,38.57398605,23.25182343,10.48831463,0.192597494,99.68521881,2.86867857,3.713864565,113.3217392,119.0844421,33.38827896,42.19036865,Summer,2
8/12/2033,30.46556282,38.51082993,23.24336624,10.53206635,0.206541866,99.686203,2.869392872,3.715204954,113.290657,119.1131134,33.33205414,42.43973541,Summer,2
8/13/2033,30.42000008,38.44148636,23.23097038,10.57499027,0.221083671,99.68737793,2.870378971,3.716982126,113.287178,119.1733246,33.26947784,42.69954681,Summer,2
8/14/2033,30.36914063,38.36582184,23.21449661,10.61695004,0.23622252,99.68875122,2.871604443,3.719156504,113.3148346,119.2682037,33.20041656,42.96977997,Summer,2
8/15/2033,30.31287575,38.28373337,23.19381523,10.65781116,0.251954764,99.69030762,2.873035431,3.721687317,113.3769531,119.4007263,33.12475967,43.25035858,Summer,2
8/16/2033,30.25111008,38.19512177,23.1688118,10.69744205,0.268272936,99.69204712,2.874636173,3.724532366,113.4767685,119.5737076,33.04241943,43.54119873,Summer,2
8/17/2033,30.18376923,38.09993362,23.13937378,10.73571587,0.285165906,99.69396973,2.876370907,3.727647543,113.6173019,119.7897034,32.95332336,43.84217834,Summer,2
8/18/2033,30.11079407,37.99811554,23.10541344,10.77250862,0.302618414,99.69605255,2.878201962,3.730988979,113.8013687,120.0511475,32.85742569,44.15312195,Summer,2
8/19/2033,30.03214836,37.88965988,23.06684303,10.80770016,0.320611,99.69830322,2.880092144,3.73451066,114.0315933,120.3600922,32.75469971,44.47383881,Summer,2
8/20/2033,29.94781303,37.77457428,23.02360153,10.84117985,0.33912012,99.70071411,2.882004261,3.738168716,114.3102341,120.7183609,32.6451416,44.80408478,Summer,2
8/21/2033,29.8577919,37.6529007,22.97563362,10.87283802,0.358117878,99.70326233,2.883901119,3.741917133,114.639389,121.1275101,32.52878189,45.14358521,Summer,2
8/22/2033,29.76211739,37.52470398,22.92290688,10.90257645,0.377572119,99.70596313,2.885745049,3.745712996,115.0207443,121.5887375,32.40566635,45.49201965,Summer,2
8/23/2033,29.66083908,37.39009094,22.86541176,10.93029881,0.397446334,99.70878601,2.88750124,3.749512434,115.4556808,122.1029053,32.27587891,45.84902573,Summer,2
8/24/2033,29.55403519,37.2491951,22.80314636,10.95592022,0.417699903,99.71173096,2.889134884,3.753273487,115.9453201,122.6705399,32.13952637,46.21419907,Summer,2
8/25/2033,29.44180489,37.10217285,22.73613167,10.97936344,0.438288182,99.71479797,2.890611649,3.756956816,116.4903183,123.2918854,31.99673271,46.58708954,Summer,2
8/26/2033,29.32427597,36.94921112,22.66440964,11.00055408,0.459162414,99.71796417,2.891900539,3.760523558,117.091011,123.9667816,31.8476696,46.96720886,Summer,2
8/27/2033,29.2015934,36.7905426,22.5880394,11.01943398,0.480270386,99.72122192,2.892971992,3.763938904,117.7474365,124.6947174,31.69252205,47.35403442,Summer,2
8/28/2033,29.07393646,36.62640381,22.50710487,11.0359478,0.501556098,99.72457123,2.893797874,3.767168999,118.459137,125.4748306,31.53150558,47.7469902,Summer,2
8/29/2033,28.94150162,36.45708847,22.42169762,11.05004978,0.522960544,99.72800446,2.89435339,3.770184517,119.2254562,126.3059464,31.36486053,48.14546967,Summer,2
8/30/2033,28.80450249,36.28289032,22.33193779,11.06170273,0.544421673,99.73150635,2.894615173,3.772957563,120.0451813,127.1865921,31.19285393,48.54882431,Summer,2
8/31/2033,28.6631794,36.10414124,22.23795891,11.07087517,0.565874994,99.7350769,2.894564152,3.77546382,120.9169617,128.1148529,31.01576805,48.95638657,Summer,2
9/1/2033,28.51779175,35.92119217,22.13991165,11.07754993,0.587253571,99.73870087,2.894181252,3.777684212,121.8389359,129.0886536,30.83391762,49.36743546,Autumn,3
9/2/2033,28.3686161,35.73440933,22.03796387,11.08171177,0.608488798,99.74237061,2.893453598,3.779600382,122.8090363,130.1055603,30.64762306,49.78124237,Autumn,3
9/3/2033,28.21593857,35.54418945,21.93230057,11.08335686,0.62951088,99.74609375,2.892370224,3.781199932,123.8248291,131.1629486,30.45723534,50.19703293,Autumn,3
9/4/2033,28.06007385,35.35093307,21.82311058,11.08248425,0.650248647,99.74985504,2.890922546,3.78247261,124.8836823,132.2578583,30.26311302,50.61401749,Autumn,3
9/5/2033,27.90133286,35.15506744,21.71060753,11.07910347,0.670630872,99.75364685,2.88910532,3.78341341,125.9826126,133.3872223,30.06562805,51.03141022,Autumn,3
9/6/2033,27.74004364,34.95700073,21.59501076,11.07323265,0.690585852,99.75747681,2.886916637,3.784019947,127.1184998,134.5477448,29.86515999,51.44838333,Autumn,3
9/7/2033,27.57653618,34.75718689,21.47653961,11.06488895,0.710042775,99.76132965,2.884358883,3.784293652,128.2879639,135.7360229,29.66210556,51.86410141,Autumn,3
9/8/2033,27.41115379,34.55604172,21.35543823,11.05410194,0.728931665,99.76520538,2.881435871,3.784240246,129.4875183,136.9484863,29.45685196,52.27774429,Autumn,3
9/9/2033,27.24423409,34.35401917,21.23193932,11.04090214,0.7471838,99.769104,2.878155231,3.783867836,130.7135162,138.1815491,29.24979401,52.68847275,Autumn,3
9/10/2033,27.07611275,34.15153885,21.10628891,11.02532387,0.764732301,99.77301788,2.874527454,3.783189774,131.962265,139.4315491,29.04132843,53.09545898,Autumn,3
9/11/2033,26.90712357,33.94902802,20.97872543,11.00741005,0.781513214,99.77694702,2.870565891,3.782221556,133.22995,140.6948395,28.83184242,53.49787521,Autumn,3
9/12/2033,26.73759842,33.7469101,20.84949684,10.98720074,0.797464848,99.78089905,2.866287708,3.780981064,134.5127716,141.9677734,28.62171555,53.89492416,Autumn,3
9/13/2033,26.56785774,33.545578,20.71884155,10.96474361,0.812529027,99.78486633,2.861710072,3.779490948,135.8069458,143.2467957,28.41131783,54.28580856,Autumn,3
9/14/2033,26.39820671,33.34542084,20.58699417,10.94008541,0.826651275,99.78884125,2.856855392,3.777774811,137.1087952,144.5284576,28.20101166,54.66976166,Autumn,3
9/15/2033,26.22893906,33.14679718,20.45418358,10.91327477,0.839781106,99.79283142,2.851746559,3.77586031,138.4146576,145.8094635,27.99113083,55.04605103,Autumn,3
9/16/2033,26.06033134,32.95005798,20.32062721,10.88436317,0.851872623,99.79683685,2.846408844,3.773775816,139.7210388,147.0865936,27.7820034,55.41396332,Autumn,3
9/17/2033,25.89264297,32.75551224,20.18653488,10.85340023,0.862884581,99.80084991,2.840869427,3.77155304,141.0245972,148.3569336,27.57392883,55.77282715,Autumn,3
9/18/2033,25.72610664,32.56344986,20.05210114,10.82043362,0.872781098,99.80487823,2.835157394,3.76922369,142.3221893,149.6177673,27.36718178,56.12201309,Autumn,3
9/19/2033,25.5609436,32.37413025,19.91750717,10.78551483,0.881531298,99.80891418,2.829302311,3.766821861,143.6109314,150.8666077,27.16201973,56.46092606,Autumn,3
9/20/2033,25.39733505,32.18777466,19.78292084,10.74869156,0.889110088,99.81295776,2.823336124,3.764383793,144.8881378,152.1012726,26.95866013,56.78903961,Autumn,3
9/21/2033,25.23544693,32.00457382,19.64848518,10.71000862,0.895498157,99.8170166,2.817290783,3.761944056,146.1514893,153.3199005,26.75730324,57.10585785,Autumn,3
9/22/2033,25.07541656,31.82468605,19.51433563,10.66951275,0.900681734,99.82108307,2.811198235,3.759539843,147.3988647,154.5209503,26.55811119,57.41094971,Autumn,3
9/23/2033,24.91733932,31.64822769,19.38057899,10.62724495,0.904653609,99.82514954,2.805092335,3.757206917,148.6286011,155.7031708,26.36121368,57.70392609,Autumn,3
9/24/2033,24.76130104,31.47527695,19.24730492,10.58324432,0.907411993,99.82922363,2.799006462,3.75498271,149.8392181,156.8657074,26.16671181,57.98446655,Autumn,3
9/25/2033,24.60734177,31.30587196,19.11458015,10.53754711,0.908961713,99.8332901,2.792973042,3.752902508,151.0297852,158.0080719,25.97467041,58.25232315,Autumn,3
9/26/2033,24.45547676,31.14001846,18.9824543,10.49018764,0.909312904,99.8373642,2.787025928,3.751001596,152.1995697,159.1301727,25.78512383,58.50728989,Autumn,3
9/27/2033,24.30569077,30.9776783,18.85094833,10.44119453,0.908482134,99.84142303,2.781195641,3.749315023,153.3483429,160.2321777,25.59807014,58.74922562,Autumn,3
9/28/2033,24.15793419,30.81877518,18.72006226,10.3905983,0.906491518,99.84546661,2.775515556,3.74787569,154.4761658,161.314682,25.41347313,58.97806549,Autumn,3
9/29/2033,24.01213264,30.66319656,18.5897789,10.33842182,0.903368592,99.84949493,2.770014763,3.746716261,155.5835419,162.3786926,25.23126221,59.19378662,Autumn,3
9/30/2033,23.86817741,30.51079369,18.4600563,10.28468513,0.899146497,99.85350037,2.764722824,3.74586606,156.6712646,163.4255219,25.05134583,59.39645004,Autumn,3
10/1/2033,23.72593689,30.36138344,18.33082962,10.22940922,0.893863082,99.85746765,2.759668827,3.745354891,157.7406006,164.4567719,24.87358665,59.58616638,Autumn,3
10/2/2033,23.58525085,30.21475029,18.2020092,10.17260838,0.887561381,99.86140442,2.754877567,3.745208263,158.7930756,165.474411,24.69782829,59.76311493,Autumn,3
10/3/2033,23.44592857,30.07064629,18.07349968,10.11429501,0.880288541,99.86528778,2.750375271,3.745452166,159.8305969,166.4807281,24.52388573,59.92752075,Autumn,3
10/4/2033,23.30776215,29.92879295,17.94517326,10.05448151,0.872095883,99.86911774,2.746184349,3.746108294,160.8553314,167.4782715,24.35154533,60.07967758,Autumn,3
10/5/2033,23.17052269,29.78889465,17.81689072,9.993175507,0.86303848,99.87287903,2.742326736,3.747196198,161.8698273,168.4697571,24.18057251,60.21992874,Autumn,3
10/6/2033,23.03396034,29.65061951,17.68849564,9.930387497,0.853174686,99.87656403,2.73882103,3.748734713,162.8767853,169.4582367,24.01071167,60.34867477,Autumn,3
10/7/2033,22.89780617,29.51362801,17.55982399,9.866121292,0.842565417,99.8801651,2.735684872,3.750738621,163.8792267,170.4468842,23.84169197,60.46635437,Autumn,3
10/8/2033,22.7617836,29.37755966,17.43068886,9.800385475,0.831274152,99.88367462,2.732933044,3.753220797,164.8803253,171.4390564,23.67322731,60.57345963,Autumn,3
10/9/2033,22.62560081,29.24204063,17.30090141,9.733185768,0.819366455,99.88707733,2.730579376,3.756191969,165.8834534,172.4381866,23.50501251,60.67051697,Autumn,3
10/10/2033,22.48895454,29.10668755,17.17026138,9.664527893,0.806909025,99.8903656,2.728634834,3.759659529,166.8920898,173.4477997,23.33674049,60.75810623,Autumn,3
10/11/2033,22.35154724,28.97110748,17.03856468,9.594420433,0.793969512,99.89351654,2.727107525,3.763629436,167.9097748,174.4714661,23.16809845,60.83681107,Autumn,3
10/12/2033,22.21306992,28.83491325,16.9056015,9.522871017,0.780616164,99.89653778,2.726005554,3.768104315,168.9401855,175.5127869,22.99876976,60.90727997,Autumn,3
10/13/2033,22.07321548,28.69771957,16.77116203,9.449892044,0.766917288,99.89941406,2.72533226,3.773085833,169.986908,176.5752411,22.82844162,60.97014999,Autumn,3
10/14/2033,21.93168449,28.55914116,16.63503647,9.375495911,0.752940416,99.90213776,2.725091934,3.778572083,171.0536194,177.662262,22.6567955,61.02610397,Autumn,3
10/15/2033,21.78818321,28.41879845,16.49702072,9.299699783,0.738752604,99.90468597,2.725284576,3.784559965,172.1437836,178.7772522,22.48353577,61.07582855,Autumn,3
10/16/2033,21.64243126,28.27633858,16.35691261,9.222524643,0.724419236,99.90707397,2.725909233,3.791043282,173.2608643,179.9232941,22.30836296,61.12001801,Autumn,3
10/17/2033,21.49415398,28.13141251,16.21452332,9.143993378,0.710003853,99.90927124,2.72696352,3.798015356,174.4081116,181.1033783,22.13100433,61.15938568,Autumn,3
10/18/2033,21.34309959,27.98369598,16.06966591,9.064135551,0.695568144,99.91129303,2.728442669,3.805467367,175.5886536,182.3202209,21.95119286,61.19462585,Autumn,3
10/19/2033,21.18903351,27.83288765,15.92217922,8.982984543,0.681171,99.91311646,2.730340958,3.813387394,176.8052979,183.5763397,21.76869011,61.2264328,Autumn,3
10/20/2033,21.03174019,27.67871666,15.77190304,8.900577545,0.666868567,99.91474915,2.732650757,3.821764708,178.0606842,184.8737946,21.58327484,61.25551224,Autumn,3
10/21/2033,20.8710289,27.52092743,15.6187067,8.816962242,0.652713895,99.9161911,2.735363483,3.830585003,179.3570251,186.2144623,21.3947525,61.28253937,Autumn,3
10/22/2033,20.70673943,27.35931206,15.46246433,8.732186317,0.638756394,99.91743469,2.738469601,3.839834213,180.6963959,187.5998383,21.20295525,61.30817413,Autumn,3
10/23/2033,20.53873444,27.19368362,15.30308437,8.646307945,0.625041723,99.91848755,2.741957188,3.849496841,182.080307,189.0309753,21.00774574,61.33304977,Autumn,3
10/24/2033,20.36690903,27.0239048,15.14048481,8.559389114,0.611612201,99.91934204,2.7458148,3.859555721,183.5100861,190.5085754,20.80901718,61.35778427,Autumn,3
10/25/2033,20.19118118,26.84985924,14.97461033,8.471498489,0.598505497,99.92002106,2.750029564,3.869995117,184.9864655,192.0328979,20.60669518,61.38298035,Autumn,3
10/26/2033,20.01152039,26.67148018,14.80543995,8.382712364,0.585755467,99.92051697,2.75458765,3.880795956,186.5099487,193.6037903,20.40073776,61.40917206,Autumn,3
10/27/2033,19.82790947,26.4887352,14.63296223,8.293113708,0.573391616,99.9208374,2.759475231,3.891941071,188.0804291,195.2206573,20.19113922,61.43689346,Autumn,3
10/28/2033,19.64037323,26.30163765,14.45720387,8.202788353,0.561439276,99.92100525,2.764677048,3.903412342,189.697525,196.882431,19.97793007,61.46662903,Autumn,3
10/29/2033,19.44897461,26.11023331,14.27820873,8.111834526,0.549919426,99.92102814,2.770178795,3.915189981,191.36026,198.5876617,19.76117325,61.49882507,Autumn,3
10/30/2033,19.25380135,25.91461563,14.09605694,8.020348549,0.538848937,99.92092133,2.775964737,3.927256346,193.0673065,200.3343964,19.54096794,61.53388977,Autumn,3
10/31/2033,19.05498314,25.71491432,13.91084385,7.928440094,0.528240263,99.92070007,2.782019615,3.939593315,194.8168335,202.1203003,19.31745148,61.57217407,Autumn,3
11/1/2033,18.85268402,25.51129723,13.72270489,7.836219788,0.518102169,99.92037964,2.788327694,3.952181578,196.6066284,203.9425507,19.0907917,61.61401749,Autumn,3
11/2/2033,18.64709091,25.30397415,13.53178883,7.743803978,0.508439183,99.91999054,2.794873714,3.965002537,198.43396,205.7979736,18.86119461,61.65968704,Autumn,3
11/3/2033,18.4384346,25.09318352,13.33827877,7.651313782,0.499252349,99.91954041,2.801641464,3.978039026,200.2957764,207.6830139,18.62888718,61.70941544,Autumn,3
11/4/2033,18.22696114,24.87920952,13.1423769,7.55887413,0.490539074,99.91906738,2.808615685,3.991272449,202.1885834,209.5937653,18.39414215,61.76338959,Autumn,3
11/5/2033,18.01295853,24.66235542,12.94431305,7.466615677,0.482293487,99.91859436,2.81578207,4.004685402,204.10849,211.5258789,18.15725136,61.82175064,Autumn,3
11/6/2033,17.79673767,24.44297028,12.74433422,7.374667168,0.474506557,99.9181366,2.823123932,4.018260956,206.0513153,213.4748383,17.91853714,61.88460922,Autumn,3
11/7/2033,17.57862473,24.22141457,12.54271412,7.283164024,0.467166752,99.91773224,2.830627918,4.031981945,208.012558,215.435791,17.67834091,61.95202255,Autumn,3
11/8/2033,17.35898018,23.99808693,12.33974075,7.192238808,0.460259825,99.91740417,2.838278294,4.045832157,209.987381,217.403656,17.4370327,62.02399826,Autumn,3
11/9/2033,17.13817215,23.77339935,12.13571835,7.102028847,0.453769386,99.91719055,2.846060753,4.059794903,211.9707336,219.3731384,17.19499588,62.10051346,Autumn,3
11/10/2033,16.91659546,23.54778099,11.93097019,7.012669563,0.447677284,99.91710663,2.853961468,4.07385397,213.9573669,221.3388062,16.9526329,62.18151474,Autumn,3
11/11/2033,16.69465256,23.32168198,11.72582912,6.924295425,0.441963643,99.91719818,2.861967087,4.087994099,215.9418182,223.2951202,16.71035767,62.26690674,Autumn,3
11/12/2033,16.47275543,23.09556389,11.52063656,6.837038994,0.43660751,99.91748047,2.870063305,4.102199078,217.9185944,225.2364197,16.46859932,62.35655975,Autumn,3
11/13/2033,16.25132751,22.86989021,11.31575012,6.751032829,0.431586921,99.91799927,2.878236771,4.116454601,219.8819885,227.157074,16.22778511,62.45030594,Autumn,3
11/14/2033,16.03079414,22.64512825,11.11152363,6.666401863,0.426879287,99.91876221,2.886475086,4.130743504,221.8263397,229.0514526,15.98835182,62.54796219,Autumn,3
11/15/2033,15.81158543,22.42175674,10.90831947,6.58327198,0.422461778,99.91981506,2.894763947,4.145051956,223.7459259,230.9139709,15.75073719,62.64930344,Autumn,3
11/16/2033,15.59412193,22.20023918,10.70649815,6.501760483,0.418311656,99.92118073,2.903091908,4.159363747,225.6351929,232.7391663,15.51537132,62.75410843,Autumn,3
11/17/2033,15.37882805,21.98104286,10.506423,6.421981812,0.4144063,99.92288208,2.911445618,4.17366457,227.4885406,234.521637,15.28268433,62.86210251,Autumn,3
11/18/2033,15.16611385,21.76461411,10.30844116,6.344043732,0.410723656,99.92494965,2.919812202,4.18793726,229.3005829,236.2563324,15.05308914,62.97301483,Autumn,3
11/19/2033,14.95638084,21.55139351,10.11291122,6.268045425,0.407242626,99.92739105,2.928179741,4.202167988,231.0661163,237.938324,14.82699299,63.0865593,Autumn,3
11/20/2033,14.75001717,21.34180069,9.920165062,6.19408226,0.403942913,99.93024445,2.936535358,4.216340065,232.7801361,239.562973,14.60478687,63.20241547,Autumn,3
11/21/2033,14.5473938,21.13624573,9.730529785,6.122237682,0.400805682,99.93350983,2.944866657,4.230437279,234.4378662,241.1259003,14.38683891,63.32028961,Autumn,3
11/22/2033,14.34885979,20.93509674,9.544319153,6.052588463,0.39781329,99.93721771,2.95316124,4.244443417,236.0349121,242.6231537,14.17350578,63.4398613,Autumn,3
11/23/2033,14.15474796,20.73871994,9.361832619,5.985202789,0.394949704,99.94137573,2.961406231,4.258340836,237.5671082,244.0511017,13.96511364,63.56080246,Autumn,3
11/24/2033,13.96536255,20.54743958,9.183347702,5.920138836,0.392200708,99.94598389,2.96958971,4.2721138,239.0307617,245.4065247,13.76196671,63.68279266,Autumn,3
11/25/2033,13.78098488,20.36154938,9.009119034,5.857445717,0.389553696,99.95105743,2.977698326,4.285744667,240.4224548,246.6865997,13.56434059,63.80550766,Autumn,3
11/26/2033,13.60186863,20.18132019,8.839389801,5.797161102,0.386998028,99.956604,2.985719681,4.299215317,241.7393188,247.8889313,13.37248516,63.92863464,Autumn,3
11/27/2033,13.4282341,20.0069809,8.674370766,5.739313602,0.384524703,99.96260834,2.9936409,4.312507629,242.9787598,249.0117035,13.18661404,64.05185699,Autumn,3
11/28/2033,13.26028061,19.8387394,8.514253616,5.683921814,0.382126898,99.96907043,3.001449108,4.325603962,244.1387939,250.05336,13.00691795,64.17486572,Autumn,3
11/29/2033,13.09816933,19.676754,8.359201431,5.630993843,0.379799455,99.9759903,3.009131432,4.338485241,245.2177887,251.013031,12.83355236,64.29737854,Autumn,3
11/30/2033,12.94203186,19.52116013,8.209353447,5.580526352,0.377539188,99.98335266,3.016674995,4.35113287,246.2146912,251.8901978,12.66663647,64.41909027,Autumn,3
12/1/2033,12.79196548,19.37204552,8.06482029,5.53250742,0.375344545,99.99113464,3.024066925,4.363527775,247.1287994,252.6848907,12.50626278,64.53973389,Winter,0
12/2/2033,12.64803886,19.22947693,7.925688744,5.486913681,0.373215735,99.99932861,3.031293869,4.37565136,247.960022,253.397583,12.35248375,64.65904999,Winter,0
12/3/2033,12.51028442,19.09347153,7.792012215,5.443713188,0.371154428,100.0079041,3.038344383,4.387485027,248.7086945,254.0292053,12.20533085,64.7767868,Winter,0
12/4/2033,12.37871361,18.96402359,7.663825035,5.402864456,0.369163722,100.0168304,3.045205116,4.399009705,249.3755493,254.581192,12.06479073,64.89270782,Winter,0
12/5/2033,12.25329208,18.84108353,7.541126251,5.364315987,0.367247999,100.0260925,3.05186367,4.410207272,249.9619293,255.0554352,11.93082714,65.0065918,Winter,0
12/6/2033,12.13396835,18.72457886,7.423892021,5.328008652,0.365412742,100.0356445,3.058308125,4.421059608,250.4694672,255.4541321,11.80337334,65.11824036,Winter,0
12/7/2033,12.02065372,18.61440086,7.312074661,5.293874741,0.36366424,100.0454559,3.064527035,4.431548595,250.9003754,255.7800293,11.68233204,65.22744751,Winter,0
12/8/2033,11.91323566,18.51041985,7.205599785,5.26184082,0.362009615,100.0554886,3.070508957,4.441658497,251.2571106,256.0361328,11.56758118,65.33404541,Winter,0
12/9/2033,11.81158161,18.41246796,7.104369164,5.231823444,0.360456437,100.0656967,3.076243877,4.451372147,251.5426178,256.2257996,11.45897293,65.43786621,Winter,0
12/10/2033,11.71552467,18.32035828,7.008262634,5.203735352,0.359012514,100.0760345,3.081721306,4.460674763,251.7601166,256.3527527,11.35633278,65.53875732,Winter,0
12/11/2033,11.62488842,18.23388672,6.917139053,5.177483559,0.357685894,100.0864639,3.086932182,4.46955204,251.9131927,256.4209595,11.25947762,65.63658142,Winter,0
12/12/2033,11.53947067,18.1528244,6.830840111,5.152970314,0.356484383,100.0969315,3.091867924,4.477990627,252.0056763,256.4346008,11.16818905,65.73121643,Winter,0
12/13/2033,11.45905209,18.076931,6.749184608,5.130092621,0.355415523,100.1073914,3.096520901,4.485979557,252.0416412,256.3981018,11.08224583,65.82254028,Winter,0
12/14/2033,11.38339806,18.00593948,6.671983719,5.108747959,0.354486465,100.1177902,3.100884914,4.493508339,252.0253448,256.315918,11.00141239,65.9104538,Winter,0
12/15/2033,11.31227112,17.93959045,6.599030495,5.088828087,0.353703469,100.128067,3.104953766,4.50056839,251.961319,256.1928101,10.92543411,65.99484253,Winter,0
12/16/2033,11.24541473,17.87760544,6.530104637,5.070221901,0.353072077,100.1381836,3.10872364,4.507153034,251.8540344,256.0334473,10.85405827,66.07563782,Winter,0
12/17/2033,11.18256855,17.81970215,6.46498394,5.05282402,0.352596819,100.1480865,3.112191677,4.51325655,251.7082062,255.8426361,10.78702164,66.15274048,Winter,0
12/18/2033,11.12347221,17.76559639,6.403429985,5.036523342,0.352280945,100.1577148,3.115355015,4.518876076,251.5284576,255.6250458,10.7240572,66.22608948,Winter,0
12/19/2033,11.06785965,17.71500778,6.345209122,5.021212101,0.352126539,100.1670303,3.11821413,4.524010181,251.3195038,255.3854675,10.66490269,66.29560089,Winter,0
12/20/2033,11.01547146,17.66765785,6.290079117,5.006783485,0.352134228,100.175972,3.120769501,4.528660774,251.0860138,255.1284485,10.6092968,66.36120605,Winter,0
12/21/2033,10.96604347,17.62327576,6.237799644,4.993134975,0.352303237,100.184494,3.12302351,4.532830238,250.832489,254.858429,10.55697918,66.4228363,Winter,0
12/22/2033,10.9193306,17.58160019,6.188132286,4.980164528,0.352631152,100.1925507,3.124979973,4.536524296,250.5633698,254.5797424,10.50770855,66.48044586,Winter,0
12/23/2033,10.87508106,17.54237175,6.140842438,4.967777252,0.353114218,100.2001038,3.126644611,4.539750099,250.2829437,254.2964478,10.46124077,66.53393555,Winter,0
12/24/2033,10.8330698,17.50536156,6.095702171,4.955879211,0.353746712,100.2070999,3.128023624,4.542517185,249.9952545,254.0124359,10.41735077,66.58327484,Winter,0
12/25/2033,10.79307175,17.47034454,6.052491188,4.944384575,0.354521751,100.2135086,3.129126072,4.544837952,249.7041931,253.7311859,10.37582874,66.62837219,Winter,0
12/26/2033,10.75488853,17.43711853,6.010998726,4.93321228,0.355430663,100.2192917,3.129961014,4.54672575,249.4132843,253.4560394,10.33647537,66.66917419,Winter,0
12/27/2033,10.71832657,17.4054966,5.971028328,4.922286987,0.356463462,100.2244186,3.130540371,4.548198223,249.125885,253.1899719,10.29911423,66.70561981,Winter,0
12/28/2033,10.68321896,17.37532043,5.93239212,4.911539555,0.357608676,100.2288513,3.130876541,4.54927206,248.8449554,252.9355621,10.26358414,66.73762512,Winter,0
12/29/2033,10.64941311,17.34644127,5.894926071,4.900909901,0.358853549,100.2325821,3.130983829,4.549968719,248.5731201,252.6950226,10.22974682,66.76513672,Winter,0
12/30/2033,10.61678123,17.31874657,5.858468056,4.890342712,0.360184222,100.2355804,3.130876541,4.550309658,248.3127899,252.4703064,10.19748211,66.78806305,Winter,0
12/31/2033,10.58520985,17.29214096,5.822887421,4.879790783,0.361585826,100.2378235,3.130572796,4.550318241,248.0657959,252.2628784,10.16669369,66.80635071,Winter,0
1/1/2034,10.55461693,17.26655388,5.788059235,4.869216919,0.363042593,100.2393188,3.130088806,4.550020695,247.833786,252.0738373,10.13730812,66.81990051,Winter,0
1/2/2034,10.52493477,17.24193382,5.753887177,4.858587265,0.364538103,100.2400436,3.129443645,4.549442768,247.6179504,251.9038696,10.10926914,66.82865143,Winter,0
1/3/2034,10.4961195,17.21826744,5.720290184,4.847880363,0.366055459,100.2399979,3.128657341,4.548613071,247.4190826,251.7533112,10.0825491,66.83252716,Winter,0
1/4/2034,10.46814919,17.19554901,5.687204361,4.837078094,0.367577553,100.2391968,3.127748966,4.547560215,247.2375946,251.6221313,10.05713749,66.83145142,Winter,0
1/5/2034,10.44102669,17.17380142,5.654584885,4.826172829,0.36908707,100.2376328,3.126739502,4.546313286,247.0736084,251.5098724,10.03304577,66.8253479,Winter,0
1/6/2034,10.41477489,17.15307236,5.622415543,4.815163136,0.370566994,100.235321,3.125649929,4.544903278,246.9267731,251.4156647,10.01030827,66.81415558,Winter,0
1/7/2034,10.38943481,17.13343048,5.590686798,4.804056644,0.372000515,100.2322845,3.124502182,4.543359756,246.7964172,251.3383942,9.988980293,66.79779816,Winter,0
1/8/2034,10.36506748,17.11495972,5.559417725,4.792864323,0.373371512,100.2285385,3.123317242,4.541714191,246.6815643,251.2765808,9.969127655,66.7762146,Winter,0
1/9/2034,10.34175205,17.09776306,5.528639793,4.781606674,0.374664694,100.2241135,3.122116089,4.539996147,246.5808868,251.2284546,9.950842857,66.74934387,Winter,0
1/10/2034,10.31958961,17.08197021,5.49840641,4.770308971,0.375865728,100.2190323,3.120921135,4.538236141,246.4927216,251.1918793,9.934230804,66.71714783,Winter,0
1/11/2034,10.29868889,17.06770706,5.468780518,4.759002686,0.376961499,100.2133255,3.11975193,4.536463261,246.4152222,251.1645355,9.919408798,66.67958069,Winter,0
1/12/2034,10.2791748,17.05512619,5.439850807,4.747724533,0.377940267,100.2070389,3.118629456,4.534705639,246.3461914,251.1438904,9.90650177,66.63659668,Winter,0
1/13/2034,10.26119137,17.044384,5.411712646,4.736515522,0.378791988,100.2002106,3.117572308,4.532990932,246.2832642,251.1271362,9.895662308,66.58818817,Winter,0
1/14/2034,10.24487972,17.03565598,5.384471893,4.725420952,0.379508257,100.1928864,3.11659956,4.531344414,246.223877,251.1113586,9.887029648,66.53434753,Winter,0
1/15/2034,10.23039722,17.02910614,5.358255386,4.714489937,0.380082697,100.1850967,3.115728378,4.529790878,246.165329,251.0935516,9.880764961,66.47506714,Winter,0
1/16/2034,10.21791172,17.02492142,5.333191872,4.703774929,0.380510688,100.1769104,3.114974499,4.528352261,246.1047058,251.0705566,9.877026558,66.41036987,Winter,0
1/17/2034,10.20758724,17.02327728,5.3094244,4.693329334,0.380789995,100.1683578,3.11435318,4.527048588,246.0391083,251.0391083,9.875979424,66.34028625,Winter,0
1/18/2034,10.19959068,17.02434921,5.287092209,4.683210373,0.3809205,100.1595078,3.113877773,4.525898457,245.9654999,250.9960327,9.877786636,66.26486206,Winter,0
1/19/2034,10.19409466,17.02832222,5.266350746,4.673474312,0.380904227,100.1503983,3.113559723,4.524918079,245.8808746,250.9380646,9.882605553,66.18415833,Winter,0
1/20/2034,10.1912632,17.03536224,5.247353554,4.664180756,0.380745679,100.1410904,3.113409042,4.524120331,245.782135,250.8621063,9.890600204,66.0982666,Winter,0
1/21/2034,10.19126129,17.04563904,5.230258942,4.655385971,0.380451471,100.1316299,3.113434315,4.523515224,245.6664124,250.7649689,9.901920319,66.00726318,Winter,0
1/22/2034,10.19424915,17.0593071,5.215215683,4.647149086,0.380030483,100.1220779,3.113640785,4.523111343,245.5307007,250.6436768,9.916707039,65.9112854,Winter,0
1/23/2034,10.2003727,17.07651711,5.202383995,4.63952446,0.379493833,100.1124802,3.114033699,4.522912979,245.3721619,250.4954224,9.935101509,65.81046295,Winter,0
1/24/2034,10.20977592,17.09739685,5.191912651,4.632568359,0.378854722,100.1028976,3.114614487,4.52292347,245.1882019,250.3175049,9.957226753,65.70492554,Winter,0
1/25/2034,10.22258759,17.12207413,5.183945656,4.626332283,0.378128409,100.0933685,3.115384102,4.523141861,244.9762573,250.1074066,9.983195305,65.59486389,Winter,0
1/26/2034,10.23892403,17.15064621,5.178621292,4.620866776,0.377332002,100.0839462,3.116341114,4.523563862,244.7340088,249.8629303,10.01310444,65.48045349,Winter,0
1/27/2034,10.25889587,17.18321228,5.176073074,4.616218567,0.376484245,100.0746765,3.117481709,4.524184704,244.4593201,249.5819855,10.04704285,65.36190033,Winter,0
1/28/2034,10.28258705,17.21983719,5.176417351,4.61243248,0.375605524,100.0655975,3.118799686,4.524993896,244.1503143,249.2628784,10.08507347,65.2394104,Winter,0
1/29/2034,10.31007671,17.26058197,5.17977047,4.609546185,0.374717474,100.0567551,3.120287895,4.525980473,243.8053436,248.904068,10.12725067,65.11322021,Winter,0
1/30/2034,10.34141827,17.30547905,5.186227798,4.607594967,0.373842895,100.0481873,3.121937752,4.527130604,243.4230194,248.5043945,10.17361164,64.98357391,Winter,0
1/31/2034,10.37665462,17.3545475,5.195881844,4.606613159,0.373005331,100.0399246,3.123737335,4.528427124,243.002243,248.0629578,10.22417355,64.85073853,Winter,0
2/1/2034,10.41581059,17.4077816,5.208799362,4.606625557,0.37222904,100.0319901,3.125674248,4.52985239,242.5422058,247.5791931,10.27893639,64.71495819,Winter,0
2/2/2034,10.45889282,17.465168,5.225049019,4.607655048,0.371538639,100.0244217,3.127734661,4.531383991,242.0422974,247.0527954,10.33788013,64.57652283,Winter,0
2/3/2034,10.50589085,17.52666473,5.244670868,4.609717369,0.370958745,100.0172348,3.12990284,4.533000469,241.5023804,246.4838104,10.40097427,64.43571472,Winter,0
2/4/2034,10.55677414,17.59221649,5.267700195,4.612829208,0.370513737,100.0104446,3.132163048,4.534677029,240.9224243,245.8725739,10.46816444,64.29282379,Winter,0
2/5/2034,10.61149597,17.66174698,5.29415226,4.616993904,0.370227575,100.0040665,3.134496689,4.536388874,240.3028412,245.2197876,10.53938103,64.14813995,Winter,0
2/6/2034,10.66999626,17.73516464,5.324029922,4.622217178,0.370123386,99.99810791,3.136885643,4.538108826,239.6441803,244.5263062,10.61454105,64.00195313,Winter,0
2/7/2034,10.73219872,17.81236458,5.357320786,4.628497124,0.370223165,99.9925766,3.139311314,4.539810181,238.947403,243.7934265,10.69354248,63.85456467,Winter,0
2/8/2034,10.79800606,17.89322662,5.394000053,4.635826111,0.370547652,99.9874649,3.141753674,4.541465282,238.2135925,243.0225983,10.77627563,63.70625305,Winter,0
2/9/2034,10.86731052,17.97761917,5.434023857,4.64419651,0.371115923,99.98277283,3.144194126,4.543045044,237.4442139,242.2155762,10.86261272,63.55731583,Winter,0
2/10/2034,10.93999863,18.06538773,5.477337837,4.65359211,0.371945173,99.97848511,3.146611691,4.544523716,236.6408844,241.3742981,10.95241451,63.40802765,Winter,0
2/11/2034,11.01593113,18.15638733,5.523878098,4.663993359,0.373050511,99.97459412,3.14898777,4.545871735,235.8054199,240.5009613,11.04553223,63.25865173,Winter,0
2/12/2034,11.09496975,18.25044632,5.573560715,4.675379753,0.374444664,99.97108459,3.151303291,4.547064304,234.9398499,239.5979614,11.14181519,63.10945511,Winter,0
2/13/2034,11.17696095,18.34739876,5.626301765,4.687725067,0.376137942,99.96792603,3.153539658,4.548074245,234.046402,238.6677551,11.24109173,62.96068192,Winter,0
2/14/2034,11.26174545,18.44705963,5.681993484,4.701001167,0.378137827,99.96509552,3.15568018,4.548879147,233.1273804,237.7130432,11.34319401,62.81255722,Winter,0
2/15/2034,11.3491621,18.54925919,5.740533829,4.715176582,0.380448997,99.96257019,3.157706738,4.549455166,232.1852417,236.736557,11.44794941,62.66530609,Winter,0
2/16/2034,11.43903637,18.65380859,5.801796913,4.73021698,0.383073151,99.96031189,3.15960598,4.549780846,231.2225647,235.7411652,11.5551815,62.51911926,Winter,0
2/17/2034,11.53120041,18.76052856,5.865667343,4.746088982,0.386008918,99.9582901,3.161362648,4.54983902,230.2418671,234.7297211,11.66471481,62.37417221,Winter,0
2/18/2034,11.62547779,18.86923599,5.932005882,4.762753487,0.389251769,99.9564743,3.162965298,4.549612522,229.2458496,233.7051392,11.77637005,62.23062134,Winter,0
2/19/2034,11.72169781,18.9797554,6.000683784,4.780173302,0.392794013,99.9548111,3.164402485,4.549088478,228.2371826,232.6703339,11.88997364,62.08860397,Winter,0
2/20/2034,11.81968689,19.09191513,6.07156086,4.79831028,0.396624893,99.95326996,3.16566658,4.54825449,227.2184296,231.6281891,12.0053587,61.94823074,Winter,0
2/21/2034,11.91927528,19.20554543,6.144496918,4.817124367,0.400730371,99.95180511,3.166750431,4.547103882,226.192215,230.5814667,12.12235451,61.8095932,Winter,0
2/22/2034,12.02030277,19.3204937,6.219349861,4.836576462,0.405093431,99.95037842,3.167649269,4.545630455,225.1610565,229.5329132,12.2408123,61.6727562,Winter,0
2/23/2034,12.12260914,19.43659973,6.295984268,4.856625557,0.409694105,99.94895172,3.168361187,4.543832302,224.1273193,228.4851074,12.36057091,61.53775024,Winter,0
2/24/2034,12.22604656,19.55373764,6.37425518,4.877235889,0.414509624,99.94746399,3.168885231,4.541711807,223.0933685,227.4405518,12.48149681,61.40459824,Winter,0
2/25/2034,12.33047009,19.67176437,6.454031944,4.898367882,0.419514507,99.94589233,3.169223309,4.539272308,222.0612946,226.4014893,12.60345554,61.27330017,Winter,0
2/26/2034,12.43574905,19.79056549,6.535177231,4.919986725,0.424680829,99.94418335,3.169381142,4.536522388,221.0331573,225.3700867,12.72632122,61.1438179,Winter,0
2/27/2034,12.54175758,19.9100399,6.617567062,4.942057133,0.42997852,99.94229889,3.169363976,4.533472061,220.0107574,224.3482819,12.84999371,61.01609802,Winter,0
2/28/2034,12.64838886,20.03009033,6.701079369,4.96454525,0.435375333,99.94020081,3.16918087,4.530136585,218.9957428,223.3377991,12.97437191,60.89006042,Winter,0
3/1/2034,12.75553894,20.15063858,6.785599709,4.987421989,0.440837473,99.93785095,3.168843269,4.52653265,217.9895325,222.3401031,13.09936714,60.76562881,Spring,1
3/2/2034,12.86311817,20.27161407,6.871016502,5.010655403,0.446329713,99.93521881,3.168363094,4.522679806,216.9933624,221.3564911,13.22491074,60.64266968,Spring,1
3/3/2034,12.97105312,20.39296722,6.957234383,5.034221649,0.451815665,99.93226624,3.167756557,4.518602371,216.0081635,220.3879547,13.3509407,60.52106094,Spring,1
3/4/2034,13.07927895,20.51465225,7.044158936,5.058094978,0.457258195,99.92897034,3.167040348,4.514325142,215.0347748,219.4353333,13.47741127,60.40065002,Spring,1
3/5/2034,13.18774319,20.63664627,7.131709099,5.082253456,0.462619692,99.92529297,3.166232109,4.509876251,214.0736847,218.4990692,13.60428524,60.28127289,Spring,1
3/6/2034,13.29641056,20.75892258,7.219808578,5.106678486,0.467862576,99.9212265,3.165352821,4.50528574,213.1252289,217.579483,13.73154354,60.16275787,Spring,1
3/7/2034,13.40524769,20.88148499,7.308395386,5.131353378,0.472949326,99.91674042,3.164424419,4.500586033,212.1894226,216.6766357,13.85916996,60.04492569,Spring,1
3/8/2034,13.51424217,21.00433159,7.397413254,5.156264305,0.477843255,99.91181946,3.163468361,4.495810509,211.2661896,215.7902527,13.98716831,59.92757416,Spring,1
3/9/2034,13.62338734,21.12748146,7.486816406,5.181397915,0.482508659,99.90646362,3.162509441,4.490994453,210.3551025,214.9199524,14.11554337,59.81051254,Spring,1
3/10/2034,13.73268795,21.25095367,7.576568604,5.206747532,0.486910969,99.90065002,3.16157198,4.48617363,209.4555969,214.0650635,14.24431801,59.69353867,Spring,1
3/11/2034,13.84216213,21.37477875,7.666642189,5.232304573,0.49101752,99.89438629,3.160680294,4.481384754,208.5669098,213.2247009,14.37351513,59.57645416,Spring,1
3/12/2034,13.95183086,21.49899292,7.75702095,5.258064747,0.494797528,99.88767242,3.159860611,4.476665497,207.6880646,212.3978424,14.50317192,59.45905685,Spring,1
3/13/2034,14.06172276,21.62363815,7.847691536,5.284026146,0.49822244,99.88050842,3.159137249,4.472052097,206.8179626,211.5831757,14.63332462,59.34115219,Spring,1
3/14/2034,14.17187977,21.74875641,7.9386549,5.31018877,0.501266479,99.87290192,3.158535957,4.467580795,205.955307,210.7793427,14.76402283,59.22254944,Spring,1
3/15/2034,14.282341,21.87439728,8.029912949,5.336553574,0.503906667,99.86487579,3.158081532,4.463288784,205.0986938,209.9848022,14.8953104,59.10306931,Spring,1
3/16/2034,14.39315796,22.00060654,8.121479988,5.363123417,0.506123066,99.85644531,3.157797337,4.459209442,204.2466278,209.1978149,15.02723694,58.98254395,Spring,1
3/17/2034,14.50437927,22.12743187,8.213373184,5.389903069,0.507899284,99.8476181,3.157706261,4.455377579,203.3974762,208.4166565,15.1598568,58.86082077,Spring,1
3/18/2034,14.6160593,22.25491905,8.305615425,5.416898727,0.509222209,99.83843994,3.157831192,4.451823235,202.5495758,207.6394806,15.29322243,58.73774719,Spring,1
3/19/2034,14.7282505,22.38310814,8.398231506,5.444115639,0.510082424,99.82891846,3.158190727,4.448577404,201.7011871,206.8644104,15.42737865,58.61320877,Spring,1
3/20/2034,14.84100723,22.51204109,8.491256714,5.471563339,0.510474443,99.81909943,3.158804893,4.445666313,200.8505402,206.0894318,15.56237984,58.48709106,Spring,1
3/21/2034,14.95438004,22.64174461,8.584723473,5.499247551,0.510396481,99.80901337,3.159689903,4.443114758,199.9959259,205.3126068,15.69826508,58.35930634,Spring,1
3/22/2034,15.06842518,22.77225113,8.678670883,5.527178764,0.509850681,99.7986908,3.160861015,4.440944672,199.1355591,204.5320282,15.83507347,58.22978973,Spring,1
3/23/2034,15.18318462,22.9035778,8.773133278,5.555365562,0.508843243,99.78817749,3.162331104,4.439173222,198.2677612,203.7457886,15.97283936,58.09849167,Spring,1
3/24/2034,15.29870224,23.03573608,8.868155479,5.583816528,0.507383883,99.7775116,3.16410923,4.437817097,197.3908691,202.9519958,16.11158752,57.96538925,Spring,1
3/25/2034,15.41501713,23.16872597,8.963769913,5.612540722,0.505486548,99.76673889,3.166204453,4.436886311,196.5033569,202.1488495,16.25133705,57.83047867,Spring,1
3/26/2034,15.53215694,23.30254364,9.060018539,5.641545296,0.503168583,99.75590515,3.168621063,4.436389446,195.603714,201.3347168,16.3921032,57.69376755,Spring,1
3/27/2034,15.6501503,23.43716812,9.156936646,5.67083931,0.500450909,99.74505615,3.171361923,4.436330795,194.6906433,200.5079956,16.53388596,57.55531311,Spring,1
3/28/2034,15.76901817,23.57257843,9.254561424,5.700429916,0.497357756,99.73423004,3.174427032,4.436709404,193.7628632,199.6672058,16.6766777,57.41517639,Spring,1
3/29/2034,15.88876534,23.70873451,9.352921486,5.730323792,0.49391675,99.72348022,3.177812576,4.437522888,192.8193665,198.8110352,16.82046509,57.27342606,Spring,1
3/30/2034,16.00940132,23.84559059,9.452050209,5.760526657,0.490157932,99.71284485,3.181513309,4.438761711,191.8591461,197.938324,16.96522522,57.13018417,Spring,1
3/31/2034,16.13091469,23.98309326,9.551969528,5.791044235,0.486114383,99.70238495,3.185521126,4.440415859,190.8815155,197.0480652,17.11092377,56.98555374,Spring,1
4/1/2034,16.25329399,24.12117004,9.6527071,5.821879387,0.481821269,99.69213104,3.189823151,4.442469597,189.8858337,196.1394196,17.25751686,56.83968735,Spring,1
4/2/2034,16.37652397,24.25975418,9.754275322,5.853036404,0.477315694,99.68212891,3.194406509,4.44490242,188.8717194,195.2117157,17.40495491,56.69273758,Spring,1
4/3/2034,16.50057411,24.39876175,9.856692314,5.88451767,0.472636372,99.67243195,3.199254513,4.447692871,187.8389435,194.2644958,17.55317688,56.54487228,Spring,1
4/4/2034,16.62540627,24.5381031,9.959967613,5.916323662,0.467823327,99.66306305,3.204348087,4.450815201,186.7874756,193.2974243,17.70211792,56.39626694,Spring,1
4/5/2034,16.75098228,24.67768288,10.06410599,5.948454857,0.462917238,99.65408325,3.209665298,4.454238415,185.7174072,192.3104095,17.85170364,56.24711609,Spring,1
4/6/2034,16.87724686,24.81739998,10.16911125,5.980910778,0.457959503,99.64550781,3.215183258,4.457931042,184.6291351,191.3035126,18.00185394,56.0976181,Spring,1
4/7/2034,17.00415421,24.95715332,10.27497768,6.013690948,0.452991247,99.63737488,3.220876217,4.461858273,183.5230713,190.2769623,18.15248108,55.94797516,Spring,1
4/8/2034,17.13164139,25.09683418,10.38170147,6.04679203,0.44805342,99.62973022,3.226716995,4.465981483,182.3999329,189.2312164,18.30350113,55.79838943,Spring,1
4/9/2034,17.25964546,25.23633194,10.48927212,6.080212116,0.443186104,99.62258148,3.232676983,4.470261574,181.260498,188.1667633,18.45482063,55.64906693,Spring,1
4/10/2034,17.38809967,25.37554359,10.59767628,6.113946438,0.438428253,99.6159668,3.238725185,4.474658012,180.1057892,187.0843964,18.60634422,55.50019836,Spring,1
4/11/2034,17.51693726,25.51435852,10.70689964,6.147994041,0.433817238,99.6098938,3.244831562,4.479126453,178.9368439,185.9849548,18.75797653,55.35199356,Spring,1
4/12/2034,17.64608383,25.65267181,10.81692314,6.182346344,0.429388463,99.60440063,3.250962734,4.483623981,177.7549591,184.8694458,18.90962791,55.20463562,Spring,1
4/13/2034,17.77547646,25.79039192,10.92772484,6.217002392,0.425174862,99.59947968,3.257087231,4.488105297,176.5614166,183.7389526,19.061203,55.05829239,Spring,1
4/14/2034,17.90504456,25.92741776,11.03928852,6.251955032,0.42120707,99.59515381,3.26317215,4.492526531,175.3576965,182.5947418,19.21261406,54.91313553,Spring,1
4/15/2034,18.03472137,26.0636692,11.15158653,6.287200928,0.417512387,99.59143066,3.269184113,4.496842384,174.1452637,181.4381104,19.36377525,54.76930237,Spring,1
4/16/2034,18.16444016,26.19906235,11.26459694,6.322734833,0.414115012,99.58831024,3.275091171,4.50100708,172.925705,180.2703857,19.51461029,54.62692642,Spring,1
4/17/2034,18.29414749,26.33353996,11.37830162,6.358551979,0.411035687,99.58578491,3.280860424,4.504978657,171.7006226,179.0930328,19.66504669,54.48611832,Spring,1
4/18/2034,18.42378807,26.4670372,11.49267769,6.394648552,0.40829128,99.5838623,3.28646183,4.508714676,170.4716644,177.9075165,19.81502151,54.34695816,Spring,1
4/19/2034,18.5533123,26.59951782,11.60770226,6.431020737,0.405894756,99.58253479,3.291863918,4.512173653,169.2404785,176.7153473,19.96448135,54.2095108,Spring,1
4/20/2034,18.68268394,26.73094749,11.72336197,6.467663765,0.403854966,99.58178711,3.297039032,4.515316963,168.0086517,175.5179749,20.11337662,54.07380676,Spring,1
4/21/2034,18.81186485,26.86131287,11.8396368,6.504574776,0.402176738,99.58161163,3.301959515,4.518107891,166.777832,174.316925,20.2616806,53.9398613,Spring,1
4/22/2034,18.94083405,26.99061012,11.95651913,6.541751862,0.40086028,99.58198547,3.306599617,4.520512581,165.5495453,173.1136169,20.4093647,53.80765533,Spring,1
4/23/2034,19.06957626,27.11885834,12.07399845,6.579192162,0.399901807,99.58288574,3.310936928,4.522500038,164.3253326,171.9095459,20.55642509,53.67713928,Spring,1
4/24/2034,19.19808769,27.24608231,12.1920681,6.616894722,0.399293065,99.58430481,3.314948559,4.524041176,163.1065674,170.7059937,20.70286179,53.54824066,Spring,1
4/25/2034,19.32637215,27.37233543,12.31072712,6.654857635,0.399021626,99.58620453,3.318617344,4.525111675,161.8946381,169.5043335,20.84869003,53.42085266,Spring,1
4/26/2034,19.45444489,27.49767494,12.42997837,6.693081856,0.399070859,99.58856964,3.32192564,4.525690556,160.6907654,168.3057861,20.99394226,53.29483795,Spring,1
4/27/2034,19.58233261,27.62218475,12.54982853,6.731564522,0.399420053,99.591362,3.324859619,4.525759697,159.496109,167.1114807,21.13866043,53.17003632,Spring,1
4/28/2034,19.71007156,27.74595261,12.67029476,6.770308495,0.400044829,99.59455872,3.327408791,4.525304794,158.3116302,165.9224548,21.28290176,53.04626465,Spring,1
4/29/2034,19.83771133,27.86909103,12.79138565,6.809311867,0.400916994,99.59812927,3.329564095,4.524316788,157.1382904,164.7397003,21.4267292,52.92329788,Spring,1
4/30/2034,19.96530533,27.99172401,12.91312885,6.848577499,0.402005047,99.60203552,3.331320763,4.522788525,155.9768066,163.5640717,21.57022858,52.80090332,Spring,1
5/1/2034,20.09292221,28.11398697,13.03554535,6.888104439,0.403274417,99.60625458,3.332675457,4.520719051,154.8278503,162.3962555,21.71349525,52.6788063,Spring,1
5/2/2034,20.22063828,28.23603058,13.15866756,6.927893639,0.404687583,99.61074829,3.333628654,4.518109322,153.6918793,161.2369385,21.85662651,52.55672836,Spring,1
5/3/2034,20.34853554,28.35801315,13.28252506,6.967946053,0.40620476,99.61547852,3.334183216,4.514965057,152.5693054,160.0866394,21.9997406,52.43436432,Spring,1
5/4/2034,20.47671127,28.48010635,13.40715885,7.008261681,0.407783866,99.62041473,3.334344387,4.511295795,151.4603424,158.945755,22.14295959,52.31138992,Spring,1
5/5/2034,20.60526085,28.60248947,13.53260517,7.048839569,0.4093813,99.6255188,3.33412075,4.507114887,150.365097,157.8146362,22.28641319,52.1874733,Spring,1
5/6/2034,20.73428917,28.72534752,13.65890598,7.089676857,0.410951972,99.63077545,3.333522797,4.502438068,149.2835693,156.6934814,22.43024063,52.06225586,Spring,1
5/7/2034,20.86390877,28.84886932,13.78610897,7.130773544,0.412450016,99.63613129,3.332564354,4.497285843,148.2156525,155.5823975,22.57458305,51.93538666,Spring,1
5/8/2034,20.99422455,28.97324562,13.91425419,7.172125816,0.413829088,99.64156342,3.331259727,4.491681099,147.1611023,154.4814911,22.71958733,51.80651474,Spring,1
5/9/2034,21.12536049,29.09867287,14.04338932,7.213726997,0.415042818,99.64704895,3.32962656,4.485648632,146.1196136,153.3906708,22.86540413,51.67526245,Spring,1
5/10/2034,21.25742912,29.2253437,14.17356014,7.255572319,0.416045189,99.65254974,3.327684402,4.479217529,145.0908203,152.3098755,23.01217842,51.54127502,Spring,1
5/11/2034,21.39054298,29.35344887,14.30481052,7.297653198,0.416791052,99.65804291,3.325453758,4.472417355,144.074173,151.2389374,23.16005707,51.40419006,Spring,1
5/12/2034,21.52481842,29.48316956,14.43718052,7.339959145,0.417236447,99.66349792,3.322957039,4.46528101,143.0692596,150.1777344,23.30918884,51.26366806,Spring,1
5/13/2034,21.66036034,29.61468887,14.57071209,7.382478714,0.417339206,99.66889954,3.320216656,4.45784235,142.0754547,149.1259766,23.45971107,51.11936569,Spring,1
5/14/2034,21.79727554,29.74816704,14.70543575,7.425197601,0.417059183,99.67422485,3.317257881,4.450135231,141.0921936,148.0834503,23.61175346,50.97095871,Spring,1
5/15/2034,21.93566132,29.8837719,14.84138775,7.468100548,0.416358531,99.67944336,3.314105034,4.442196369,140.1188965,147.0499573,23.76544952,50.81814957,Spring,1
5/16/2034,22.0756073,30.02163887,14.97859097,7.511166573,0.415202409,99.68453979,3.310782909,4.43406105,139.1549988,146.0252838,23.92090988,50.66064453,Spring,1
5/17/2034,22.2171936,30.16190529,15.11706829,7.554373741,0.41355896,99.68950653,3.307317257,4.425766468,138.1998901,145.0092163,24.07824135,50.49819565,Spring,1
5/18/2034,22.36049271,30.30467987,15.25682735,7.597699165,0.411399871,99.69432068,3.303732872,4.417347908,137.2531281,144.0015717,24.23753166,50.33057022,Spring,1
5/19/2034,22.50555801,30.45006371,15.39787769,7.641116142,0.408700436,99.69897461,3.300054073,4.40884161,136.3141785,143.0023041,24.39886475,50.15756989,Spring,1
5/20/2034,22.65244102,30.59812546,15.54021168,7.684594154,0.405439824,99.70346069,3.29630518,4.400280476,135.3826904,142.0113373,24.56229591,49.97901917,Spring,1
5/21/2034,22.80117035,30.74892616,15.68382168,7.728103638,0.401601583,99.70776367,3.292509079,4.39169836,134.458313,141.0286865,24.72787666,49.79477692,Spring,1
5/22/2034,22.95176125,30.90249825,15.82868099,7.771607399,0.397173315,99.71188354,3.288686752,4.383126736,133.540863,140.0544739,24.89563179,49.60476303,Spring,1
5/23/2034,23.10421562,31.05885696,15.97476292,7.815071106,0.392147183,99.71580505,3.284859657,4.374594212,132.630188,139.0888977,25.06557083,49.40890884,Spring,1
5/24/2034,23.25852013,31.21798515,16.12202072,7.858453751,0.38651976,99.71954346,3.281045437,4.366127968,131.7263184,138.1322632,25.23768997,49.20719528,Spring,1
5/25/2034,23.41464043,31.37985229,16.27040672,7.901714325,0.380292267,99.7230835,3.277261734,4.3577528,130.8293152,137.1849365,25.41195297,48.99963379,Spring,1
5/26/2034,23.57252884,31.54439354,16.41984749,7.944810867,0.373470306,99.72642517,3.273523808,4.349490643,129.9394684,136.2474518,25.58831406,48.78630066,Spring,1
5/27/2034,23.73212433,31.71153259,16.57028198,7.987697601,0.366064101,99.72957611,3.269843578,4.341360092,129.0570984,135.3203888,25.76670837,48.56728363,Spring,1
5/28/2034,23.89333534,31.88115883,16.72161674,8.030327797,0.358088315,99.73253632,3.266232014,4.333376408,128.1828003,134.4045105,25.94704437,48.34273911,Spring,1
5/29/2034,24.05606651,32.05313873,16.8737545,8.07265377,0.349561721,99.73531342,3.26269722,4.325552464,127.317131,133.5005951,26.12921143,48.11284256,Spring,1
5/30/2034,24.22020149,32.22732544,17.02659416,8.114629745,0.340507388,99.73790741,3.259245396,4.31789732,126.4609451,132.6096039,26.31308746,47.87782669,Spring,1
5/31/2034,24.38560295,32.40353775,17.18001366,8.156202316,0.330952257,99.74032593,3.255879879,4.310416698,125.6150742,131.7325439,26.4985218,47.63794708,Spring,1
6/1/2034,24.55212784,32.58158493,17.33389091,8.19732666,0.320927024,99.7425766,3.25260067,4.303112507,124.7806015,130.8705902,26.6853466,47.39352036,Summer,2
6/2/2034,24.71961212,32.76124573,17.4880867,8.237953186,0.310465664,99.74465942,3.249407768,4.295984268,123.9586334,130.0248718,26.87338829,47.14487839,Summer,2
6/3/2034,24.8878727,32.94229126,17.64246178,8.278032303,0.299605548,99.74658966,3.246296406,4.289027214,123.1504745,129.1967316,27.0624485,46.89239502,Summer,2
6/4/2034,25.05672646,33.12446976,17.79685974,8.317519188,0.288386613,99.74837494,3.243260384,4.282232761,122.3574677,128.3875275,27.25231171,46.63648224,Summer,2
6/5/2034,25.22596741,33.30751419,17.95112228,8.356367111,0.276851594,99.75001526,3.240291119,4.275590897,121.5810013,127.5986252,27.44275284,46.37756348,Summer,2
6/6/2034,25.39538574,33.49114609,18.10508728,8.394534111,0.265044987,99.75152588,3.237377167,4.269087315,120.82267,126.831459,27.63353729,46.1161232,Summer,2
6/7/2034,25.56476212,33.67507553,18.25858498,8.431979179,0.253013313,99.7529068,3.234507084,4.262705326,120.0839462,126.087532,27.82441521,45.85263824,Summer,2
6/8/2034,25.73386574,33.85900497,18.4114399,8.468664169,0.240804523,99.75417328,3.231665134,4.256424427,119.3665161,125.3683014,28.01513672,45.5876236,Summer,2
6/9/2034,25.90246582,34.04262924,18.56348038,8.504554749,0.228467286,99.75531769,3.228835583,4.250225067,118.6719284,124.6751938,28.20543671,45.3216095,Summer,2
6/10/2034,26.07032585,34.22563934,18.71452522,8.539620399,0.216051161,99.75636292,3.226000309,4.244081497,118.0018692,124.0096741,28.39504814,45.05512619,Summer,2
6/11/2034,26.23720551,34.40772247,18.86439705,8.573833466,0.203605637,99.75730896,3.223140717,4.237968922,117.3578873,123.3731155,28.58370399,44.78874969,Summer,2
6/12/2034,26.40286446,34.58856964,19.01291847,8.60717392,0.191180199,99.75814819,3.220235825,4.231859684,116.7415924,122.7668839,28.77113342,44.52303314,Summer,2
6/13/2034,26.56706238,34.76786804,19.15991783,8.639622688,0.178823709,99.7589035,3.217265606,4.225726128,116.1544724,122.1921616,28.9570713,44.25854492,Summer,2
6/14/2034,26.72957039,34.9453125,19.30521965,8.671167374,0.166584074,99.75956726,3.214207649,4.219539165,115.5979919,121.6501465,29.14124489,43.99585724,Summer,2
6/15/2034,26.89014816,35.12060928,19.44865608,8.701804161,0.15450801,99.76014709,3.211041451,4.21326828,115.0734558,121.1418533,29.3234005,43.73553848,Summer,2
6/16/2034,27.04857635,35.29347229,19.59007263,8.73153019,0.142640397,99.76065063,3.207744598,4.206885338,114.5820847,120.6682205,29.50328255,43.47814941,Summer,2
6/17/2034,27.20463943,35.46361542,19.72930908,8.760351181,0.131024405,99.76106262,3.204295635,4.200360298,114.1249695,120.2299576,29.68064499,43.22424698,Summer,2
6/18/2034,27.35812759,35.63077545,19.86621475,8.788280487,0.119700797,99.76139832,3.200674534,4.193664551,113.7030716,119.8276901,29.85525322,42.97437286,Summer,2
6/19/2034,27.50884247,35.79470444,20.00066185,8.815332413,0.108708031,99.76165009,3.196859837,4.186770916,113.3171158,119.4618607,30.02688217,42.72904968,Summer,2
6/20/2034,27.65659904,35.95517349,20.13251495,8.841533661,0.098081678,99.76182556,3.192833424,4.179652214,112.9677277,119.1327209,30.19532585,42.4887886,Summer,2
6/21/2034,27.80122948,36.11195755,20.26165771,8.866913795,0.087854698,99.76191711,3.188577652,4.17228508,112.6552658,118.8402939,30.36038017,42.25408936,Summer,2
6/22/2034,27.94257545,36.26486206,20.38798332,8.89151001,0.078056708,99.76192474,3.184075832,4.164646149,112.3799438,118.5844345,30.52187157,42.02540588,Summer,2
6/23/2034,28.08049011,36.41371155,20.51139832,8.915364265,0.068714179,99.76184845,3.179314137,4.156715393,112.1417007,118.36483,30.67963219,41.80318832,Summer,2
6/24/2034,28.21484947,36.55834198,20.63182449,8.938526154,0.059850499,99.76168823,3.17427969,4.148476124,111.9403305,118.1809006,30.83351898,41.58786011,Summer,2
6/25/2034,28.34554291,36.69862366,20.74918747,8.961050987,0.051485423,99.76143646,3.168962002,4.139911652,111.7753372,118.0318451,30.98339272,41.37979507,Summer,2
6/26/2034,28.47247887,36.83444214,20.86343765,8.982998848,0.043635789,99.76109314,3.16335392,4.131011963,111.6460266,117.9167328,31.1291523,41.17937088,Summer,2
6/27/2034,28.59557724,36.96570206,20.97452354,9.004436493,0.036314756,99.76065826,3.157450199,4.121767998,111.5514221,117.834343,31.27069664,40.98690796,Summer,2
6/28/2034,28.71478081,37.09233093,21.08242416,9.025432587,0.029532213,99.76012421,3.151247025,4.112175465,111.4904404,117.7833099,31.40795135,40.80271912,Summer,2
6/29/2034,28.8300457,37.21427536,21.18711662,9.046064377,0.023295235,99.7594986,3.144744873,4.102232456,111.4616699,117.7620392,31.54085732,40.62706375,Summer,2
6/30/2034,28.94134521,37.33151245,21.28860474,9.066410065,0.017607439,99.75876617,3.137946606,4.091941357,111.463501,117.7687302,31.66937447,40.46018982,Summer,2
7/1/2034,29.04866409,37.44403076,21.38689232,9.086551666,0.012469779,99.7579422,3.130857468,4.081308842,111.4941864,117.8015518,31.79347801,40.30230713,Summer,2
7/2/2034,29.15201378,37.55183411,21.48200226,9.106575966,0.007880345,99.75701141,3.123485565,4.070343494,111.5517502,117.8583069,31.91316223,40.15359497,Summer,2
7/3/2034,29.25140381,37.65496063,21.57396698,9.126569748,0.003834897,99.75597382,3.115842342,4.059060574,111.6340103,117.9368057,32.02843475,40.01420593,Summer,2
7/4/2034,29.34687424,37.75344086,21.66283035,9.146624565,0.00032676,99.75483704,3.107941628,4.047476768,111.7386475,118.0346985,32.13931274,39.88426971,Summer,2
7/5/2034,29.43846321,37.84733963,21.74864388,9.166827202,-0.002652748,99.75359344,3.099800587,4.035612583,111.8632736,118.1495285,32.24582672,39.76387024,Summer,2
7/6/2034,29.52622604,37.9367218,21.83146477,9.187271118,-0.005114051,99.7522583,3.091437817,4.023492813,112.0052414,118.2787399,32.34803009,39.65309906,Summer,2
7/7/2034,29.61022758,38.02167511,21.91136742,9.208046913,-0.007068855,99.75081635,3.082875252,4.011145592,112.161972,118.4197769,32.44596863,39.55200195,Summer,2
7/8/2034,29.69054222,38.10228729,21.9884243,9.229241371,-0.008530313,99.74928284,3.074136734,3.998601675,112.3306808,118.5699692,32.539711,39.46060944,Summer,2
7/9/2034,29.76724815,38.17865753,22.06271744,9.250945091,-0.009512368,99.74765778,3.065248966,3.985893965,112.5086136,118.7267227,32.62932587,39.37892914,Summer,2
7/10/2034,29.8404274,38.25089264,22.13432693,9.273241997,-0.010029357,99.74594116,3.056240082,3.973060131,112.692955,118.8873749,32.71487808,39.30696106,Summer,2
7/11/2034,29.91016579,38.31909561,22.20334053,9.296211243,-0.010096241,99.74414063,3.047140121,3.960137844,112.8809738,119.0493622,32.79645538,39.24468994,Summer,2
7/12/2034,29.97655106,38.38337326,22.26984787,9.319933891,-0.009727621,99.74227142,3.037979603,3.947169304,113.0698547,119.2101822,32.87412262,39.19208527,Summer,2
7/13/2034,30.03967476,38.44383621,22.33393288,9.344479561,-0.008937768,99.74033356,3.028792381,3.934196234,113.256958,119.3674469,32.94796753,39.14910889,Summer,2
7/14/2034,30.09962082,38.50058746,22.3956871,9.369916916,-0.007740625,99.73833466,3.019612312,3.921262741,113.4396667,119.5187836,33.01805878,39.1157074,Summer,2
7/15/2034,30.15646935,38.5537262,22.45518684,9.396307945,-0.006149048,99.73628235,3.010472775,3.908414125,113.615509,119.6620865,33.08446121,39.09183502,Summer,2
7/16/2034,30.21030426,38.60333633,22.51251793,9.423706055,-0.004174843,99.73419189,3.001409531,3.895695448,113.782135,119.7953568,33.1472435,39.0774498,Summer,2
7/17/2034,30.26119041,38.64950562,22.56774521,9.452158928,-0.001828434,99.73207092,2.99245739,3.883153677,113.9374313,119.916832,33.20646286,39.07248688,Summer,2
7/18/2034,30.30919075,38.6923027,22.62094307,9.481706619,0.000881137,99.72993469,2.983650684,3.870833397,114.079361,120.0248566,33.26216125,39.0769043,Summer,2
7/19/2034,30.35436058,38.73179245,22.67216682,9.512378693,0.003946733,99.7277832,2.9750247,3.858781099,114.2062378,120.1180878,33.3143692,39.09065628,Summer,2
7/20/2034,30.39674187,38.768013,22.72146797,9.544201851,0.007362962,99.72563934,2.966612339,3.847040176,114.3164902,120.1954575,33.36312103,39.11369324,Summer,2
7/21/2034,30.43636513,38.80099487,22.76888084,9.577186584,0.011126502,99.72351074,2.958446503,3.835653782,114.4089279,120.2560959,33.40841675,39.14599991,Summer,2
7/22/2034,30.47324753,38.83074951,22.81443977,9.611337662,0.01523581,99.72141266,2.950558186,3.824663877,114.4825134,120.2993698,33.45026016,39.18754578,Summer,2
7/23/2034,30.50739288,38.85728836,22.85816002,9.646651268,0.019691672,99.71935272,2.942976475,3.814109564,114.5365601,120.3250504,33.48863983,39.2383194,Summer,2
7/24/2034,30.53879547,38.88056946,22.9000473,9.683114052,0.024497049,99.71735382,2.935730457,3.804028034,114.5706787,120.333107,33.52351379,39.29832077,Summer,2
7/25/2034,30.56742668,38.90057373,22.9400959,9.720698357,0.029656708,99.71542358,2.928844452,3.794453144,114.5848007,120.3238754,33.55483627,39.36755371,Summer,2
7/26/2034,30.593256,38.91723251,22.97827911,9.759372711,0.035177689,99.71356964,2.9223423,3.78541708,114.5791245,120.2978897,33.58254242,39.44605255,Summer,2
7/27/2034,30.61622047,38.93047714,23.01457596,9.7990942,0.041068833,99.71181488,2.91624403,3.776947498,114.5541916,120.2560501,33.60655975,39.53383636,Summer,2
7/28/2034,30.63626099,38.94022369,23.0489254,9.83980751,0.047340833,99.7101593,2.910568237,3.769068718,114.5108566,120.1995773,33.62679291,39.63096619,Summer,2
7/29/2034,30.65328598,38.94635391,23.08128357,9.881449699,0.054005913,99.70862579,2.905328751,3.761802435,114.4502869,120.129921,33.64313507,39.73748779,Summer,2
7/30/2034,30.66720963,38.94875336,23.11156464,9.923952103,0.061078057,99.70722198,2.900538445,3.755164862,114.3739929,120.0488205,33.65545654,39.85346985,Summer,2
7/31/2034,30.6779232,38.94727707,23.13969421,9.967232704,0.068572089,99.70595551,2.896205425,3.749169827,114.2836609,119.9582748,33.66363525,39.97899628,Summer,2
8/1/2034,30.68530464,38.94178009,23.16557503,10.01120281,0.076504193,99.70484161,2.892335415,3.743825912,114.1814499,119.8605804,33.66751862,40.11414337,Summer,2
8/2/2034,30.68922424,38.93209839,23.18909454,10.05576801,0.084891073,99.70388794,2.888930321,3.739138126,114.0696182,119.7582092,33.66695786,40.2590065,Summer,2
8/3/2034,30.68953705,38.91805649,23.21014404,10.10082245,0.093749955,99.70310211,2.885988712,3.735106945,113.9507294,119.653862,33.6617775,40.41367722,Summer,2
8/4/2034,30.68610764,38.8994751,23.22859573,10.14625835,0.103098266,99.70249176,2.883506298,3.7317276,113.8276138,119.5504227,33.65180969,40.57825089,Summer,2
8/5/2034,30.67877007,38.87617111,23.24431801,10.19195652,0.112953044,99.70205688,2.881474495,3.728993177,113.7032928,119.4509506,33.63688278,40.75283051,Summer,2
8/6/2034,30.66737366,38.84794998,23.25716591,10.23779964,0.1233311,99.70182037,2.879882336,3.726891279,113.5809021,119.3586273,33.61680984,40.93750763,Summer,2
8/7/2034,30.65175438,38.81462097,23.26699829,10.28365707,0.134248093,99.70176697,2.878715992,3.725405693,113.4638138,119.2767334,33.59140778,41.13237,Summer,2
8/8/2034,30.63175011,38.77598953,23.27366829,10.32940006,0.145718724,99.70191193,2.877956867,3.724516153,113.3554382,119.2086411,33.5605011,41.33750153,Summer,2
8/9/2034,30.6071949,38.73187637,23.27702332,10.374897,0.15775606,99.70224762,2.877585411,3.724199772,113.259407,119.1577988,33.52391052,41.55296326,Summer,2
8/10/2034,30.57794189,38.68208694,23.27691269,10.42001057,0.170371279,99.70278931,2.877577782,3.724428892,113.1792297,119.127594,33.48146057,41.77882767,Summer,2
8/11/2034,30.54382706,38.62646484,23.27318573,10.46460533,0.183573335,99.70352936,2.877908707,3.725172758,113.1186523,119.1214828,33.43298721,42.01512146,Summer,2
8/12/2034,30.50470924,38.56483078,23.26569557,10.50854397,0.197368696,99.70446014,2.878550053,3.726398706,113.0811768,119.1427841,33.37833405,42.26187897,Summer,2
8/13/2034,30.46044922,38.49704361,23.25429535,10.55168915,0.211761057,99.70558929,2.879470825,3.728070021,113.0704956,119.1948395,33.31735611,42.51908112,Summer,2
8/14/2034,30.41092491,38.42297363,23.23885345,10.59390068,0.226750836,99.70691681,2.880639553,3.730148792,113.0900345,119.2807541,33.24992371,42.78670502,Summer,2
8/15/2034,30.35601807,38.34249878,23.21923447,10.63504982,0.24233526,99.70842743,2.882022381,3.732594728,113.1432266,119.4035797,33.17592621,43.06471252,Summer,2
8/16/2034,30.29563713,38.2555275,23.19532204,10.67500019,0.258507878,99.71012115,2.883584499,3.735365152,113.2333069,119.566185,33.09526825,43.35299683,Summer,2
8/17/2034,30.22969627,38.16198349,23.16700363,10.71362495,0.275258422,99.71199036,2.885289192,3.738416672,113.3634033,119.771225,33.00786591,43.65145111,Summer,2
8/18/2034,30.15813446,38.0618248,23.13418198,10.75080013,0.292572677,99.71404266,2.887099743,3.741705894,113.5363235,120.0210953,32.91366959,43.95992279,Summer,2
8/19/2034,30.08090782,37.95502853,23.09677124,10.7864027,0.310432255,99.71624756,2.888978481,3.745187044,113.7547836,120.3179703,32.81265259,44.27821732,Summer,2
8/20/2034,29.99799347,37.84159851,23.05469894,10.82031918,0.328814715,99.7186203,2.890888691,3.74881506,114.0211258,120.6637573,32.70479965,44.60610962,Summer,2
8/21/2034,29.90939331,37.72156525,23.00792122,10.8524437,0.347693175,99.721138,2.892792702,3.752545118,114.3374786,121.0600815,32.59013748,44.94332504,Summer,2
8/22/2034,29.81513023,37.59499359,22.95638466,10.8826704,0.367036521,99.72380066,2.89465332,3.756333113,114.7056503,121.5081635,32.46870804,45.28955841,Summer,2
8/23/2034,29.71524811,37.4619751,22.90008545,10.91090584,0.386809409,99.72659302,2.896434784,3.760135412,115.1270752,122.0090179,32.34057617,45.64445877,Summer,2
8/24/2034,29.6098156,37.32263565,22.83900642,10.93706036,0.40697214,99.72950745,2.898101807,3.763910055,115.6029587,122.5632858,32.20585251,46.00762558,Summer,2
8/25/2034,29.49892616,37.17712402,22.7731781,10.96105385,0.427481174,99.73254395,2.89962101,3.767616272,116.1340637,123.1712112,32.0646553,46.37863159,Summer,2
8/26/2034,29.38271141,37.02563095,22.70262718,10.98281479,0.448288739,99.73568726,2.900959969,3.771216154,116.7208405,123.8327408,31.91714096,46.75699615,Summer,2
8/27/2034,29.26130486,36.86836243,22.6274147,11.00227737,0.469343334,99.73892212,2.902088642,3.774672031,117.363327,124.5474701,31.76349831,47.14219666,Summer,2
8/28/2034,29.13487625,36.70557404,22.54760933,11.0193882,0.490590006,99.74224854,2.90297842,3.777951956,118.0612869,125.3146362,31.60392761,47.53367233,Summer,2
8/29/2034,29.00361252,36.53752136,22.46331215,11.03409576,0.51197052,99.7456665,2.903603554,3.781023741,118.8140182,126.1331635,31.43866539,47.93082809,Summer,2
8/30/2034,28.86773109,36.36451721,22.37462616,11.04636383,0.533423424,99.74914551,2.903941154,3.783859491,119.6205521,127.0015564,31.26797104,48.33302689,Summer,2
8/31/2034,28.72746849,36.18686676,22.2816906,11.05615902,0.554884851,99.75270081,2.903969288,3.78643465,120.479454,127.9180984,31.09212875,48.73960495,Summer,2
9/1/2034,28.58307076,36.00493622,22.18464661,11.06346035,0.576288462,99.75630951,2.903671265,3.788728237,121.3890686,128.8807526,30.91143799,49.14985275,Autumn,3
9/2/2034,28.43481636,35.81907654,22.08365631,11.06825066,0.597566187,99.75997162,2.903031349,3.790721655,122.3473282,129.887146,30.72622299,49.56303406,Autumn,3
9/3/2034,28.28298759,35.62967682,21.97890282,11.07052517,0.618648052,99.76368713,2.902037144,3.792401552,123.3519745,130.9346466,30.53682518,49.97840118,Autumn,3
9/4/2034,28.12789154,35.43714523,21.87057686,11.07028103,0.639463603,99.76743317,2.900681019,3.793756723,124.4003067,132.0204468,30.34360313,50.3951683,Autumn,3
9/5/2034,27.96983528,35.24188995,21.75888062,11.06752682,0.659941375,99.77121735,2.898956299,3.794780731,125.4895172,133.1415253,30.14692307,50.81253433,Autumn,3
9/6/2034,27.8091526,35.04433441,21.64403725,11.06227684,0.680009902,99.77503967,2.896861076,3.795470715,126.6164551,134.2945709,29.94716644,51.22968674,Autumn,3
9/7/2034,27.64616776,34.84490967,21.52626419,11.05454922,0.699598074,99.77888489,2.894394875,3.795827389,127.7778549,135.4762115,29.74472046,51.64580154,Autumn,3
9/8/2034,27.48122597,34.64406586,21.40579605,11.0443697,0.71863538,99.78275299,2.891562462,3.795854807,128.9702148,136.6829681,29.53997803,52.06003571,Autumn,3
9/9/2034,27.3146534,34.44221497,21.28287315,11.03176975,0.737052917,99.78665161,2.888370514,3.795561552,130.1899719,137.9112396,29.33333588,52.47157288,Autumn,3
9/10/2034,27.14680099,34.23981094,21.15773773,11.01678371,0.754783571,99.79055786,2.884828091,3.794958115,131.4333649,139.1573486,29.12518501,52.87956619,Autumn,3
9/11/2034,26.97799873,34.03726959,21.0306282,10.99944878,0.771762252,99.794487,2.88094902,3.794060707,132.6966705,140.4176483,28.91591835,53.28320694,Autumn,3
9/12/2034,26.80857849,33.83501816,20.90179825,10.97980976,0.787926853,99.7984314,2.876748085,3.792886496,133.976059,141.6885071,28.70591545,53.68167496,Autumn,3
9/13/2034,26.63886261,33.63345337,20.77147675,10.95790958,0.803218067,99.80239105,2.872243881,3.791456461,135.2677765,142.9663544,28.49555397,54.07416916,Autumn,3
9/14/2034,26.46916008,33.43296432,20.63990593,10.93379688,0.81758064,99.80636597,2.867456436,3.789794922,136.5680389,144.2476807,28.28519058,54.45992661,Autumn,3
9/15/2034,26.29976845,33.23392487,20.50731468,10.90752029,0.830963194,99.81035614,2.862408638,3.787927151,137.87323,145.5291138,28.07517242,54.8381958,Autumn,3
9/16/2034,26.13097191,33.03668213,20.37392426,10.87912941,0.843318284,99.81435394,2.857125282,3.785882235,139.1798096,146.8075104,27.86582756,55.20827103,Autumn,3
9/17/2034,25.96303177,32.84156036,20.23994637,10.84867382,0.854603767,99.818367,2.851633549,3.783691168,140.4843597,148.0798187,27.65746307,55.56945801,Autumn,3
9/18/2034,25.79618835,32.64884949,20.10558128,10.81620312,0.864782274,99.8223877,2.845962048,3.781384945,141.7837372,149.3432617,27.45035934,55.92111969,Autumn,3
9/19/2034,25.63066101,32.45882416,19.97101212,10.78176785,0.873821616,99.82642365,2.840140343,3.778998137,143.0749359,150.5953064,27.24477959,56.26265335,Autumn,3
9/20/2034,25.4666481,32.27170563,19.83640862,10.74541664,0.881695271,99.83047485,2.834198952,3.77656579,144.3552856,151.833725,27.04095078,56.5935173,Autumn,3
9/21/2034,25.30431557,32.08770752,19.70192146,10.70719528,0.888382435,99.83452606,2.828169823,3.774123192,145.6222839,153.0565186,26.839077,56.91320419,Autumn,3
9/22/2034,25.14380836,31.90697479,19.5676899,10.66714764,0.893868089,99.8385849,2.822086334,3.771706581,146.8738403,154.262085,26.639328,57.22126007,Autumn,3
9/23/2034,24.98523521,31.7296505,19.43382645,10.62531853,0.898143291,99.842659,2.815980911,3.769352674,148.1081085,155.4490967,26.44184494,57.51729584,Autumn,3
9/24/2034,24.82868385,31.55581665,19.30042458,10.58174801,0.901204824,99.84672546,2.809886456,3.767097473,149.3236389,156.6166229,26.24673843,57.8009758,Autumn,3
9/25/2034,24.67420197,31.38552475,19.16755676,10.53647137,0.903055966,99.85079956,2.803837299,3.764977932,150.5192719,157.7640839,26.05407715,58.0720253,Autumn,3
9/26/2034,24.52181053,31.21878433,19.03527641,10.48952484,0.903705478,99.85486603,2.797864914,3.763029099,151.6943207,158.8912201,25.86390686,58.33023071,Autumn,3
9/27/2034,24.37150955,31.0555706,18.90361595,10.44093704,0.90316844,99.8589325,2.792002678,3.761285543,152.8483429,159.9981842,25.67622948,58.57543182,Autumn,3
9/28/2034,24.22325134,30.8958149,18.77257729,10.39074039,0.901465416,99.8629837,2.786282063,3.759781837,153.981369,161.0855255,25.49102211,58.80755234,Autumn,3
9/29/2034,24.07697296,30.73941994,18.64214706,10.33895588,0.898622572,99.86701202,2.780734062,3.758548975,155.0937805,162.1540527,25.30822563,59.02654648,Autumn,3
9/30/2034,23.9325676,30.58624077,18.51228714,10.28560734,0.894671857,99.87102509,2.775387287,3.757619143,156.1863403,163.2050171,25.12774467,59.23246765,Autumn,3
10/1/2034,23.78991318,30.43610191,18.3829422,10.23071575,0.889649987,99.875,2.770270824,3.757020712,157.2601318,164.239975,24.94946289,59.42540741,Autumn,3
10/2/2034,23.6488533,30.28879738,18.25403023,10.17429352,0.883598685,99.8789444,2.765411854,3.756780624,158.3166656,165.260849,24.77322006,59.60552597,Autumn,3
10/3/2034,23.50920677,30.14408302,18.12545395,10.1163578,0.876563907,99.88284302,2.760835171,3.756924391,159.3577118,166.2697601,24.59884262,59.77304459,Autumn,3
10/4/2034,23.37077522,30.00169754,17.99709129,10.05691814,0.868596196,99.88668823,2.756564617,3.757475376,160.385437,167.2692261,24.42612267,59.92823029,Autumn,3
10/5/2034,23.23332596,29.86133766,17.86881447,9.995985031,0.859749675,99.89046478,2.752621651,3.758453846,161.4022217,168.2619476,24.25482941,60.07142639,Autumn,3
10/6/2034,23.09661865,29.72269058,17.74046516,9.933567047,0.850081801,99.89417267,2.749025822,3.759878159,162.4108124,169.2509155,24.0847168,60.20301056,Autumn,3
10/7/2034,22.96038628,29.58540916,17.61187744,9.869669914,0.839653015,99.89779663,2.745795727,3.761764526,163.4140778,170.239212,23.91551399,60.32341003,Autumn,3
10/8/2034,22.82435799,29.44914436,17.48287582,9.804300308,0.828526258,99.90132904,2.742946625,3.764125824,164.4152222,171.2301788,23.7469368,60.43310928,Autumn,3
10/9/2034,22.68824196,29.31352425,17.35326958,9.737465858,0.816766441,99.90476227,2.740492344,3.766973734,165.417511,172.2272186,23.57868767,60.53262711,Autumn,3
10/10/2034,22.55174065,29.17816353,17.22286415,9.669172287,0.804440022,99.90807343,2.738444328,3.770316839,166.4244232,173.233902,23.41045952,60.62252426,Autumn,3
10/11/2034,22.4145546,29.04267693,17.09144974,9.59942627,0.791614652,99.91126251,2.736812115,3.774160385,167.4395294,174.2537231,23.24194145,60.70339584,Autumn,3
10/12/2034,22.27636909,28.90667534,16.95882416,9.528236389,0.778358459,99.9143219,2.735603333,3.77850914,168.4664001,175.2902832,23.07281494,60.77586365,Autumn,3
10/13/2034,22.1368885,28.76976776,16.82477188,9.45561409,0.764739573,99.91723633,2.734822273,3.783364058,169.5087128,176.3471222,22.90276527,60.84056854,Autumn,3
10/14/2034,21.99580574,28.63156891,16.68908691,9.381570816,0.750825882,99.91999054,2.734473705,3.788724422,170.5700836,177.4277039,22.73147774,60.89818573,Autumn,3
10/15/2034,21.85282707,28.49170494,16.55156326,9.306123734,0.736684561,99.92259216,2.734558105,3.794587374,171.654068,178.5354004,22.55864906,60.94940567,Autumn,3
10/16/2034,21.70766258,28.34980583,16.41199684,9.229290009,0.722381592,99.92501831,2.735074997,3.800947189,172.7640991,179.6733856,22.3839817,60.99491501,Autumn,3
10/17/2034,21.56004143,28.20552826,16.2701931,9.15109539,0.707980812,99.92726135,2.736021996,3.807798147,173.9035187,180.8446808,22.20719337,61.03542328,Autumn,3
10/18/2034,21.4097023,28.05853844,16.12597084,9.071565628,0.693544567,99.92932892,2.737395287,3.815130711,175.0754547,182.0521088,22.02802086,61.07162476,Autumn,3
10/19/2034,21.2564106,27.90853119,15.97915554,8.990735054,0.679132462,99.93119812,2.739189625,3.822935343,176.2828217,183.2981873,21.84621048,61.10422897,Autumn,3
10/20/2034,21.09994125,27.75522041,15.8295927,8.908638,0.66480124,99.93288422,2.741397381,3.831199169,177.5282745,184.5851135,21.66154289,61.13392639,Autumn,3
10/21/2034,20.94010162,27.59836006,15.67713642,8.825320244,0.650604844,99.93437195,2.744010448,3.839910507,178.8142242,185.9148254,21.47381592,61.16140366,Autumn,3
10/22/2034,20.77672386,27.43771935,15.52166653,8.740830421,0.63659358,99.93566132,2.747018814,3.849053383,180.1426239,187.2889404,21.28285027,61.18732452,Autumn,3
10/23/2034,20.60965729,27.27311325,15.36307621,8.655220985,0.622814119,99.93675995,2.750412464,3.858614206,181.5153046,188.7085419,21.08850479,61.21232986,Autumn,3
10/24/2034,20.43879318,27.10437965,15.20128918,8.568555832,0.609309614,99.93766785,2.754178524,3.868576288,182.9334869,190.1744537,20.89066505,61.23704529,Autumn,3
10/25/2034,20.26404953,26.93140984,15.03623867,8.480900764,0.596118867,99.93839264,2.758305073,3.878921747,184.3981934,191.6871338,20.68924522,61.2620697,Autumn,3
10/26/2034,20.08537292,26.75411606,14.86789227,8.392332077,0.583276749,99.9389267,2.762778759,3.889633894,185.9098663,193.2463989,20.48419952,61.28796387,Autumn,3
10/27/2034,19.90274811,26.57246399,14.69623852,8.302927971,0.570813775,99.93930054,2.767585278,3.900694609,187.4686279,194.8518524,20.27551079,61.31525421,Autumn,3
10/28/2034,19.71619034,26.38645363,14.52129841,8.212776184,0.558756351,99.93950653,2.772710323,3.912085772,189.0741272,196.502533,20.0632,61.34444809,Autumn,3
10/29/2034,19.52574539,26.1961174,14.34310627,8.121969223,0.54712671,99.93955994,2.778138638,3.923788548,190.7255859,198.197052,19.84732056,61.37598801,Autumn,3
10/30/2034,19.33150864,26.00154495,14.16173458,8.030607224,0.535942495,99.93948364,2.783854961,3.935785055,192.4216919,199.9336243,19.62796593,61.41029358,Autumn,3
10/31/2034,19.13358879,25.80284691,13.9772768,7.938794136,0.525217414,99.93928528,2.789844036,3.948055983,194.1607971,201.7099762,19.4052639,61.44774628,Autumn,3
11/1/2034,18.93214226,25.60019302,13.789855,7.846640587,0.514961064,99.93898773,2.796090126,3.960582733,195.9407349,203.5234222,19.17937088,61.48867416,Autumn,3
11/2/2034,18.72735405,25.39377213,13.59961796,7.754262924,0.505179107,99.93861389,2.802577972,3.973347664,197.7589874,205.3708801,18.95048523,61.53335953,Autumn,3
11/3/2034,18.51943779,25.18382454,13.40673733,7.661780357,0.495873332,99.93817902,2.80929184,3.986331463,199.6124878,207.2488708,18.71883202,61.58205414,Autumn,3
11/4/2034,18.30864525,24.9706192,13.21141338,7.569316864,0.487042099,99.93771362,2.816216469,3.999517441,201.4978943,209.1535645,18.48467064,61.63495255,Autumn,3
11/5/2034,18.09524727,24.75445557,13.01386738,7.477000237,0.478680283,99.93723297,2.823335648,4.012887001,203.4113922,211.0807495,18.24828911,61.69220352,Autumn,3
11/6/2034,17.87955093,24.53566933,12.81434441,7.384962082,0.470779717,99.93676758,2.830635071,4.026423931,205.3489227,213.0259857,18.00999832,61.75393677,Autumn,3
11/7/2034,17.66187859,24.31462288,12.61310768,7.293334007,0.463329405,99.93634796,2.838099957,4.040110588,207.3059845,214.9843903,17.77013969,61.82020187,Autumn,3
11/8/2034,17.44257927,24.09169769,12.41044426,7.202251434,0.456315696,99.93600464,2.845714569,4.053929329,209.2778931,216.951004,17.52907372,61.89103699,Autumn,3
11/9/2034,17.22202873,23.86730766,12.20665455,7.111850739,0.449722797,99.93575287,2.853465557,4.067865849,211.259613,218.9205933,17.28717995,61.96642303,Autumn,3
11/10/2034,17.00060654,23.64188385,12.00205612,7.022265434,0.443532884,99.93563843,2.861338139,4.081902027,213.2459106,220.8877411,17.04486084,62.04631042,Autumn,3
11/11/2034,16.77871513,23.41586113,11.79698086,6.933632851,0.437726557,99.9356842,2.869318962,4.09602356,215.2314148,222.8469086,16.80252457,62.13061905,Autumn,3
11/12/2034,16.55676842,23.18970299,11.59177017,6.846084595,0.432283133,99.93591309,2.877393723,4.110213757,217.2106476,224.7924805,16.56059837,62.21921921,Autumn,3
11/13/2034,16.3351841,22.96387291,11.38677311,6.759754181,0.427180678,99.93637085,2.885549545,4.124457836,219.1779175,226.7188263,16.3195076,62.31195831,Autumn,3
11/14/2034,16.11438751,22.73884201,11.18234921,6.674766541,0.422396958,99.93707275,2.893772602,4.138740063,221.1275635,228.6203308,16.07968712,62.40864944,Autumn,3
11/15/2034,15.89480495,22.51507759,10.97885418,6.59125042,0.417909086,99.93804932,2.902050018,4.153044701,223.0538788,230.4913177,15.84157658,62.50910187,Autumn,3
11/16/2034,15.67686749,22.29305458,10.77665329,6.50932312,0.413694233,99.93933105,2.910369396,4.167357445,224.9512482,232.3263245,15.60560894,62.61306381,Autumn,3
11/17/2034,15.46099281,22.07323265,10.57610798,6.429101944,0.409729749,99.94094849,2.918717861,4.181662083,226.8140869,234.1199646,15.37221146,62.72028351,Autumn,3
11/18/2034,15.24759483,21.85607147,10.37757206,6.350693703,0.405993491,99.94291687,2.927082539,4.195943356,228.6369476,235.8670959,15.14180565,62.83049393,Autumn,3
11/19/2034,15.0370779,21.64200783,10.18139553,6.274201393,0.402463973,99.94526672,2.935451031,4.210186481,230.4146271,237.5626984,14.91479874,62.94340134,Autumn,3
11/20/2034,14.8298378,21.43147278,9.987922668,6.199721336,0.399120748,99.94801331,2.943810463,4.224374294,232.1419373,239.2021027,14.69158268,63.05871201,Autumn,3
11/21/2034,14.6262455,21.22486877,9.79747963,6.127339363,0.395944595,99.9511795,2.952149391,4.238491535,233.8141785,240.7808533,14.47253895,63.17611313,Autumn,3
11/22/2034,14.42665768,21.02258682,9.610384941,6.057134628,0.392917573,99.95477295,2.960453987,4.252521992,235.4267731,242.2948914,14.25802135,63.2952919,Autumn,3
11/23/2034,14.23141098,20.8249855,9.426939011,5.989177227,0.390023202,99.95881653,2.968712807,4.266448498,236.9755707,243.7404785,14.04836178,63.41592026,Autumn,3
11/24/2034,14.04081726,20.63239861,9.24742794,5.923528194,0.387246817,99.96331024,2.976912498,4.280254364,238.4566803,245.1143036,13.84387684,63.53767395,Autumn,3
11/25/2034,13.85516167,20.44513702,9.072113037,5.860238075,0.384575367,99.96826935,2.985041142,4.293922424,239.8666687,246.4134674,13.64484692,63.66024017,Autumn,3
11/26/2034,13.67470741,20.26346588,8.901238441,5.799347878,0.381997734,99.97369385,2.993085384,4.307435036,241.2024689,247.635437,13.45152473,63.78329849,Autumn,3
11/27/2034,13.49968433,20.08763504,8.735022545,5.740889549,0.379504561,99.97958374,3.001033306,4.320773125,242.4615173,248.7782288,13.26414013,63.90652466,Autumn,3
11/28/2034,13.33029556,19.91785049,8.573663712,5.684882164,0.377088428,99.98593903,3.008870602,4.333920479,243.6415558,249.8402863,13.08288479,64.02961731,Autumn,3
11/29/2034,13.16670895,19.75429153,8.417331696,5.631339073,0.374743789,99.99274445,3.01658535,4.346857071,244.7409515,250.8205109,12.90792274,64.15226746,Autumn,3
11/30/2034,13.00906467,19.59708786,8.266169548,5.580256462,0.372466952,99.99999237,3.024165154,4.359564781,245.7584076,251.718338,12.7393856,64.2742157,Autumn,3
12/1/2034,12.85747337,19.44634819,8.120299339,5.531627655,0.370255947,100.0076752,3.031596184,4.372024536,246.6932678,252.5335999,12.57736969,64.39514923,Winter,0
12/2/2034,12.71200752,19.30213928,7.979810715,5.485429764,0.368110567,100.0157623,3.038866043,4.384218216,247.5451813,253.2667084,12.4219389,64.51482391,Winter,0
12/3/2034,12.57271099,19.16449356,7.844768524,5.441635132,0.366032124,100.0242462,3.04596138,4.39612627,248.3144379,253.9185181,12.27312851,64.63298035,Winter,0
12/4/2034,12.43959427,19.0334053,7.715205193,5.400201797,0.364023417,100.0330887,3.05287075,4.407729626,249.0016479,254.4902496,12.13093758,64.74937439,Winter,0
12/5/2034,12.31264114,18.90884781,7.591136932,5.361083984,0.362088472,100.0422745,3.059580803,4.419011116,249.6079865,254.9837189,11.99533463,64.86378479,Winter,0
12/6/2034,12.1917963,18.79074097,7.472538948,5.324222565,0.360232562,100.0517578,3.066080093,4.429950714,250.1350708,255.401062,11.86626244,64.97601318,Winter,0
12/7/2034,12.07698917,18.67899704,7.359375,5.289552689,0.358461708,100.0615082,3.072356224,4.440532684,250.5849304,255.7449188,11.7436285,65.08584595,Winter,0
12/8/2034,11.96811008,18.5734787,7.251571655,5.257000446,0.356782913,100.0714874,3.078398705,4.45073843,250.9599609,256.018158,11.62731743,65.19311523,Winter,0
12/9/2034,11.86503029,18.47403336,7.149041176,5.22648716,0.355203658,100.0816498,3.084196568,4.460553169,251.2629547,256.2240906,11.51718807,65.29763794,Winter,0
12/10/2034,11.76759052,18.38048553,7.051665306,5.197925568,0.353731692,100.0919647,3.089739323,4.469959736,251.4971619,256.3663635,11.41307449,65.39927673,Winter,0
12/11/2034,11.67561817,18.29262161,6.959310532,5.171222687,0.352374971,100.1023788,3.095017433,4.478944302,251.6659851,256.4488831,11.31478882,65.49788666,Winter,0
12/12/2034,11.58891201,18.21023178,6.871819496,5.146285057,0.351141453,100.1128387,3.100022793,4.487493992,251.7732544,256.4757385,11.22212982,65.59333038,Winter,0
12/13/2034,11.50726509,18.13306808,6.789024353,5.123008728,0.350038737,100.1233063,3.104746819,4.495596409,251.8229218,256.451355,11.13487339,65.68548584,Winter,0
12/14/2034,11.43044472,18.06087685,6.710726738,5.101290703,0.349074125,100.1337204,3.109183788,4.503241062,251.8193359,256.3801575,11.05278492,65.77426147,Winter,0
12/15/2034,11.35820866,17.99339294,6.636732101,5.081023216,0.348254085,100.1440353,3.113327026,4.510419369,251.7667694,256.2668762,10.97561741,65.85954285,Winter,0
12/16/2034,11.29030704,17.93034363,6.566819191,5.062099934,0.347584307,100.1541977,3.117172241,4.517122746,251.6698914,256.1161194,10.90311623,65.94124603,Winter,0
12/17/2034,11.22648525,17.87144089,6.500768661,5.044410229,0.347069651,100.1641617,3.120715618,4.523346901,251.5332336,255.9327087,10.83501816,66.01928711,Winter,0
12/18/2034,11.1664753,17.81641769,6.438344955,5.027845383,0.346713662,100.1738586,3.12395525,4.529087543,251.3615417,255.7213745,10.7710619,66.09358215,Winter,0
12/19/2034,11.11001778,17.7649765,6.379313469,5.012296677,0.346518785,100.1832581,3.126890182,4.534343243,251.1594543,255.4868622,10.71097851,66.16404724,Winter,0
12/20/2034,11.05684662,17.71684265,6.323433876,4.997657299,0.346486002,100.1922989,3.12952137,4.539114475,250.9316559,255.2337646,10.65450954,66.2306366,Winter,0
12/21/2034,11.00670433,17.67174149,6.270464897,4.983822823,0.346614838,100.2009277,3.131850719,4.543404102,250.6827087,254.9665833,10.60139656,66.29327393,Winter,0
12/22/2034,10.95933342,17.6294136,6.220165253,4.970692635,0.346903294,100.2091064,3.133881092,4.547215939,250.4171143,254.6896667,10.55138588,66.35188293,Winter,0
12/23/2034,10.9144907,17.5895977,6.1723032,4.95816803,0.347348034,100.2167892,3.13561821,4.55055809,250.1390686,254.4071808,10.50423717,66.40641785,Winter,0
12/24/2034,10.87194157,17.55205345,6.126646042,4.946155548,0.347943753,100.2239304,3.137067795,4.553438663,249.8528595,254.1229553,10.45972443,66.45679474,Winter,0
12/25/2034,10.83146095,17.51655769,6.08297348,4.934568405,0.348683923,100.230484,3.13823843,4.555869579,249.5622864,253.8406982,10.41762733,66.50296021,Winter,0
12/26/2034,10.79284191,17.48290253,6.041071892,4.923322201,0.349560261,100.2364273,3.139139175,4.557864666,249.2710266,253.5637817,10.37774944,66.54484558,Winter,0
12/27/2034,10.75588894,17.45089722,6.00073719,4.912342072,0.350563109,100.2417221,3.139780998,4.559438705,248.9824524,253.295166,10.33990669,66.58238983,Winter,0
12/28/2034,10.72043228,17.4203701,5.961785316,4.901556492,0.351681352,100.2463303,3.140176773,4.560610771,248.699646,253.0375977,10.3039341,66.61550903,Winter,0
12/29/2034,10.68631554,17.39118195,5.924040794,4.890902042,0.352902621,100.2502365,3.140339851,4.561399937,248.4253082,252.7934265,10.26968575,66.64414978,Winter,0
12/30/2034,10.65340137,17.36320114,5.887345314,4.880324364,0.354213178,100.253418,3.140285015,4.561827183,248.1618958,252.5646362,10.23703766,66.66822815,Winter,0
12/31/2034,10.62157536,17.33633041,5.851556778,4.869773388,0.355598509,100.2558594,3.140028477,4.561917305,247.9114075,252.3527374,10.2058897,66.68768311,Winter,0
1/1/2035,10.59074211,17.31049156,5.816551208,4.859207153,0.357042998,100.2575378,3.139587879,4.561693192,247.6755371,252.1589966,10.176157,66.7024231,Winter,0
1/2/2035,10.5608387,17.2856369,5.782222748,4.848595619,0.358530372,100.2584534,3.138981819,4.561182976,247.4555511,251.9842377,10.14778519,66.71237946,Winter,0
1/3/2035,10.53180885,17.26173019,5.748490334,4.837908745,0.360043883,100.258606,3.138228416,4.560413837,247.2523651,251.8288422,10.12073612,66.71748352,Winter,0
1/4/2035,10.50362873,17.23877335,5.715280533,4.827131271,0.361566395,100.257988,3.137348652,4.55941391,247.0665436,251.6928253,10.09499645,66.71765137,Winter,0
1/5/2035,10.47629452,17.2167778,5.682547569,4.816251755,0.363080651,100.2566147,3.136362553,4.558212757,246.8981934,251.5758667,10.07057095,66.71281433,Winter,0
1/6/2035,10.44982243,17.19578934,5.650266647,4.805269241,0.364569545,100.2544937,3.135290623,4.55684042,246.7471008,251.4772491,10.04749393,66.70289612,Winter,0
1/7/2035,10.42424679,17.17586708,5.618427277,4.794185162,0.366016209,100.2516327,3.13415575,4.555327415,246.6127319,251.3959045,10.02580547,66.68783569,Winter,0
1/8/2035,10.39962959,17.15709686,5.587038994,4.783013344,0.367404342,100.2480621,3.132977962,4.553704262,246.4941101,251.3303833,10.00557899,66.66755676,Winter,0
1/9/2035,10.37604427,17.13957214,5.556135178,4.771769524,0.368718356,100.2438049,3.131779194,4.552001953,246.3900299,251.279007,9.986893654,66.64202118,Winter,0
1/10/2035,10.35358429,17.12341309,5.525758743,4.760478973,0.369943708,100.238884,3.130580902,4.550249577,246.2989044,251.2397308,9.96985054,66.61116028,Winter,0
1/11/2035,10.3323555,17.10875702,5.495975494,4.749171734,0.371066928,100.2333298,3.129403591,4.548477173,246.2189026,251.2103271,9.954567909,66.57493591,Winter,0
1/12/2035,10.31248093,17.09573936,5.466862679,4.737883091,0.372075975,100.2271881,3.128267288,4.546713352,246.147995,251.1882477,9.9411726,66.53330994,Winter,0
1/13/2035,10.29410076,17.08452225,5.438515663,4.726652145,0.372960329,100.2204895,3.12719202,4.544984818,246.0837708,251.1707611,9.92979908,66.48625946,Winter,0
1/14/2035,10.27735806,17.07527542,5.41104126,4.71552515,0.373711109,100.2132874,3.126196384,4.543319225,246.0237427,251.1550751,9.920603752,66.43377686,Winter,0
1/15/2035,10.2624054,17.06816483,5.38455677,4.704548836,0.374321491,100.2056122,3.125298023,4.541740417,245.9652405,251.1380615,9.913730621,66.37585449,Winter,0
1/16/2035,10.24940491,17.06336975,5.359192848,4.693774223,0.374786407,100.1975174,3.124513626,4.540270805,245.9054413,251.1166229,9.909344673,66.31251526,Winter,0
1/17/2035,10.23852444,17.0610733,5.335085869,4.683256149,0.375102967,100.1890488,3.123857498,4.538931847,245.8413544,251.0876007,9.90760994,66.24377441,Winter,0
1/18/2035,10.22992802,17.06145287,5.312380791,4.673049927,0.375270575,100.1802673,3.123344898,4.537742138,245.7700348,251.0477295,9.908688545,66.16967773,Winter,0
1/19/2035,10.22379112,17.06468201,5.291228294,4.66321373,0.375290722,100.1712189,3.122986317,4.536717892,245.688446,250.9938202,9.9127388,66.09028625,Winter,0
1/20/2035,10.22027874,17.07094193,5.27177906,4.653803825,0.375167191,100.1619568,3.122792721,4.535872936,245.5935516,250.9226379,9.91992569,66.00567627,Winter,0
1/21/2035,10.21955585,17.08039474,5.254193306,4.644878387,0.374906152,100.1525269,3.12277317,4.535219193,245.4822998,250.8310699,9.930397034,65.91595459,Winter,0
1/22/2035,10.22178078,17.09320068,5.23862648,4.636496544,0.374515861,100.1429977,3.122934341,4.53476429,245.3518524,250.7161102,9.944308281,65.82121277,Winter,0
1/23/2035,10.22710514,17.10950851,5.225227356,4.628713608,0.374006957,100.1334076,3.123280048,4.534514427,245.1992645,250.5748444,9.961789131,65.72157288,Winter,0
1/24/2035,10.23567677,17.12945938,5.214151382,4.621585369,0.373392165,100.1238098,3.123814106,4.534471989,245.0219269,250.4045715,9.982971191,65.61720276,Winter,0
1/25/2035,10.2476244,17.15317535,5.205545425,4.615164757,0.372686118,100.1142654,3.124536514,4.534638882,244.8171997,250.2027588,10.00796795,65.508255,Winter,0
1/26/2035,10.26306915,17.18076897,5.199548721,4.609501839,0.371905506,100.1048126,3.125446796,4.535010815,244.5827484,249.9670715,10.03688335,65.39492035,Winter,0
1/27/2035,10.28212357,17.21232605,5.196291924,4.604644775,0.371068776,100.0954971,3.126542091,4.535582542,244.3163605,249.6954346,10.0698061,65.27737427,Winter,0
1/28/2035,10.30487823,17.24793243,5.195903778,4.600639343,0.370195806,100.0863647,3.1278162,4.536345482,244.016098,249.3860016,10.10680866,65.15585327,Winter,0
1/29/2035,10.33140945,17.28763962,5.198493004,4.597523689,0.369307995,100.0774612,3.129262924,4.537289143,243.6802673,249.0372314,10.14794636,65.03056335,Winter,0
1/30/2035,10.36178303,17.33150101,5.20416832,4.595336914,0.368427843,100.0688248,3.130873203,4.538399696,243.3073883,248.6478882,10.19326115,64.90176392,Winter,0
1/31/2035,10.39604473,17.37952042,5.213012695,4.594110489,0.367578775,100.0604782,3.13263607,4.539661884,242.8963165,248.2169647,10.24277115,64.76969147,Winter,0
2/1/2035,10.43422031,17.43171883,5.225111008,4.593871593,0.366784811,100.0524673,3.134540081,4.541056156,242.446106,247.7437897,10.29648209,64.6346283,Winter,0
2/2/2035,10.47632122,17.48806763,5.240519524,4.59464407,0.366070688,100.0447998,3.13657093,4.542562962,241.9562378,247.2280426,10.35438347,64.49682617,Winter,0
2/3/2035,10.52234173,17.54854393,5.259297371,4.596448898,0.365460843,100.0375137,3.138713837,4.544160843,241.4263153,246.6697235,10.41644669,64.35658264,Winter,0
2/4/2035,10.57225513,17.6130867,5.281470299,4.599295616,0.364979863,100.0306244,3.140952587,4.545824528,240.856369,246.0690002,10.48261642,64.21418762,Winter,0
2/5/2035,10.6260252,17.68162918,5.307068825,4.603197098,0.364651799,100.024147,3.143269539,4.547529697,240.2466431,245.4264984,10.55283546,64.06993103,Winter,0
2/6/2035,10.68358707,17.75408554,5.336088181,4.608155251,0.364499986,100.0180817,3.145646572,4.549250603,239.5976868,244.743103,10.62701893,63.92409134,Winter,0
2/7/2035,10.74487209,17.83034897,5.368531227,4.614171028,0.364546776,100.0124435,3.148064613,4.55095911,238.9103241,244.0199585,10.70506668,63.77696609,Winter,0
2/8/2035,10.8097868,17.91030884,5.404362679,4.621239662,0.364813238,100.007225,3.150505066,4.55262804,238.1856689,243.2584381,10.78687763,63.62886429,Winter,0
2/9/2035,10.87822914,17.99383163,5.443557739,4.629350662,0.365318894,100.0024261,3.152947426,4.554229736,237.4250336,242.4602814,10.87232876,63.48005676,Winter,0
2/10/2035,10.95008278,18.0807724,5.486053467,4.638491631,0.366081357,99.99803925,3.155373096,4.555735588,236.6300201,241.6273804,10.96127701,63.33083344,Winter,0
2/11/2035,11.0252161,18.17097855,5.531793594,4.648643017,0.367116421,99.9940567,3.157761097,4.55711937,235.8023987,240.7618713,11.05358124,63.1814537,Winter,0
2/12/2035,11.10349464,18.26428986,5.580698967,4.659786224,0.36843732,99.990448,3.160093307,4.558352947,234.9441681,239.8660583,11.14908791,63.03218842,Winter,0
2/13/2035,11.18476105,18.36053085,5.632683754,4.671894073,0.37005499,99.98720551,3.162351608,4.559411526,234.0574646,238.9423981,11.24763107,62.88328552,Winter,0
2/14/2035,11.26886272,18.45953369,5.68764782,4.684940338,0.371977657,99.98429871,3.164517403,4.560269833,233.1446075,237.9935303,11.34904289,62.73498154,Winter,0
2/15/2035,11.3556385,18.56111526,5.745487213,4.698893547,0.374210745,99.98169708,3.166574001,4.560904026,232.2080231,237.0222473,11.4531517,62.5874939,Winter,0
2/16/2035,11.44491482,18.66509628,5.806081772,4.713721275,0.376756668,99.97937775,3.168506145,4.561295033,231.2502289,236.0312958,11.55978203,62.44102097,Winter,0
2/17/2035,11.53652191,18.77128983,5.869312286,4.729388714,0.3796148,99.97730255,3.17029953,4.561421394,230.2737885,235.0235901,11.66875458,62.29574585,Winter,0
2/18/2035,11.63028812,18.8795166,5.93504715,4.745858192,0.382781506,99.97543335,3.171941757,4.561267853,229.2813873,234.0020447,11.77989483,62.15183258,Winter,0
2/19/2035,11.72603703,18.98960114,6.003152847,4.763093948,0.386249781,99.97373962,3.173421383,4.560818672,228.275589,232.9695282,11.89302921,62.0094223,Winter,0
2/20/2035,11.82359791,19.10136414,6.07349205,4.781054974,0.390009701,99.97216797,3.174729824,4.560063362,227.2591248,231.9289398,12.00798512,61.86862946,Winter,0
2/21/2035,11.92280197,19.21464539,6.145925522,4.799702644,0.394048005,99.97068787,3.175858974,4.558992386,226.2345581,230.8831024,12.12459469,61.72954941,Winter,0
2/22/2035,12.02348614,19.32927513,6.22031498,4.81899929,0.398348421,99.96926117,3.176804543,4.557600021,225.2043762,229.8347626,12.24269962,61.59225464,Winter,0
2/23/2035,12.12548637,19.44510841,6.296515465,4.838902473,0.402891725,99.96783447,3.177562714,4.555883408,224.1710815,228.7865448,12.36214828,61.45678711,Winter,0
2/24/2035,12.22865486,19.56199646,6.374391556,4.859376907,0.407655805,99.96636963,3.178133965,4.553843021,223.1369476,227.740921,12.48279285,61.32317734,Winter,0
2/25/2035,12.33284378,19.67981339,6.453802109,4.880381584,0.412615895,99.96482086,3.178518772,4.551482677,222.104248,226.7003021,12.60450363,61.19141769,Winter,0
2/26/2035,12.43792057,19.7984314,6.534619331,4.901882648,0.417744607,99.96315002,3.178720951,4.548809528,221.0749207,225.6668091,12.72715664,61.06148529,Winter,0
2/27/2035,12.54375935,19.9177475,6.616709709,4.92384243,0.423012346,99.96131134,3.1787467,4.545833111,220.0509644,224.6424408,12.85063648,60.93332672,Winter,0
2/28/2035,12.65024567,20.03766251,6.699952126,4.946229935,0.428387493,99.95927429,3.178604126,4.542567253,219.0339508,223.628952,12.97484589,60.80688095,Winter,0
3/1/2035,12.75727367,20.1580925,6.784231186,4.969011307,0.43383655,99.95698547,3.178304195,4.539028645,218.0254211,222.6279297,13.09969425,60.68205261,Spring,1
3/2/2035,12.86475277,20.2789669,6.869434357,4.99215889,0.439324677,99.95442963,3.177858353,4.535236359,217.0265961,221.6407166,13.22510624,60.55874252,Spring,1
3/3/2035,12.97260666,20.40023041,6.955461502,5.015644073,0.444815636,99.95156097,3.17728138,4.531212807,216.03862,220.6683197,13.35101986,60.43680954,Spring,1
3/4/2035,13.08076382,20.52183723,7.042217255,5.039442539,0.45027253,99.948349,3.176591396,4.526982784,215.0621948,219.7116394,13.47738457,60.3161087,Spring,1
3/5/2035,13.18917561,20.64375305,7.129615784,5.063531876,0.45565781,99.94477081,3.175804138,4.522574425,214.0980072,218.7712402,13.60416031,60.19649124,Spring,1
3/6/2035,13.2977953,20.76596451,7.217585564,5.087891579,0.460933864,99.94080353,3.174941063,4.518016338,213.1463623,217.8475037,13.73132324,60.07777786,Spring,1
3/7/2035,13.40658951,20.88845253,7.306055069,5.112505913,0.466063142,99.93642426,3.174022198,4.513340473,212.2074127,216.9404602,13.85886002,59.95979309,Spring,1
3/8/2035,13.51554489,21.01122665,7.39496994,5.137357712,0.471008718,99.93161011,3.173071384,4.508580685,211.2810364,216.0500031,13.986763,59.84234238,Spring,1
3/9/2035,13.62465286,21.13430023,7.484279633,5.162438393,0.475734502,99.92636871,3.172110558,4.503771782,210.3669739,215.1757355,14.11504364,59.72522354,Spring,1
3/10/2035,13.73391533,21.25768852,7.57394886,5.18773365,0.480205745,99.92066956,3.171164989,4.498948574,209.4646454,214.3170929,14.24371624,59.60824585,Spring,1
3/11/2035,13.84334278,21.38142204,7.663944244,5.213239193,0.484389216,99.91452026,3.170259953,4.494148254,208.5733185,213.4731903,14.37280464,59.49120712,Spring,1
3/12/2035,13.95296001,21.50553513,7.754247665,5.238948822,0.488253564,99.90791321,3.169419765,4.489408016,207.6921082,212.6430511,14.50234222,59.373909,Spring,1
3/13/2035,14.06279278,21.63006783,7.844846725,5.264861107,0.491769761,99.90086365,3.168670177,4.484764099,206.8199615,211.8254547,14.63237,59.25614929,Spring,1
3/14/2035,14.17287827,21.75506592,7.935736656,5.290973663,0.494911313,99.89337158,3.168035984,4.48025465,205.9555511,211.0190735,14.76292515,59.13773727,Spring,1
3/15/2035,14.2832613,21.88056946,8.026919365,5.317286968,0.497654468,99.88544464,3.167542458,4.475914001,205.09758,210.2223358,14.89406013,59.01849365,Spring,1
3/16/2035,14.39398384,22.00663376,8.118408203,5.343805313,0.499978542,99.87711334,3.16721344,4.47177887,204.2445221,209.433609,15.02582264,58.89824677,Spring,1
3/17/2035,14.50510025,22.13329887,8.210219383,5.370532036,0.501866162,99.86838531,3.167072296,4.46788168,203.3947906,208.6511993,15.15826607,58.7768364,Spring,1
3/18/2035,14.61666012,22.2606163,8.302369118,5.397472858,0.503303409,99.85929108,3.167140961,4.464255333,202.5467377,207.8731995,15.29144001,58.65411377,Spring,1
3/19/2035,14.72871685,22.38862801,8.394890785,5.42463398,0.504279912,99.84985352,3.167439938,4.460929871,201.6986389,207.0977631,15.42539406,58.52994537,Spring,1
3/20/2035,14.84132767,22.51737022,8.487808228,5.452022552,0.504789352,99.84010315,3.167988777,4.457932472,200.8487091,206.322937,15.56017876,58.40423584,Spring,1
3/21/2035,14.95454311,22.6468811,8.58116436,5.479647636,0.504828811,99.83007813,3.168804646,4.455288887,199.9952545,205.5467682,15.69583893,58.27687836,Spring,1
3/22/2035,15.06841564,22.77718353,8.674986839,5.507516384,0.504399598,99.81980896,3.169903278,4.453021049,199.1364899,204.7673187,15.83241272,58.14780045,Spring,1
3/23/2035,15.18299294,22.90830231,8.769318581,5.535638332,0.50350672,99.80934143,3.171297073,4.451148987,198.2706909,203.9826508,15.96993446,58.0169487,Spring,1
3/24/2035,15.29831505,23.04025269,8.864193916,5.564022541,0.502159297,99.79871368,3.172997475,4.449687481,197.3962555,203.1909027,16.10843658,57.88430023,Spring,1
3/25/2035,15.4144268,23.17303467,8.959658623,5.59267664,0.500369906,99.78796387,3.175013065,4.448649883,196.5115204,202.3902893,16.24793434,57.74983597,Spring,1
3/26/2035,15.53135967,23.30664635,9.055743217,5.621611595,0.498155266,99.77714539,3.177348614,4.448043823,195.6150665,201.5790558,16.3884449,57.61357498,Spring,1
3/27/2035,15.6491394,23.44107246,9.152492523,5.650832176,0.495535344,99.76628876,3.180008888,4.447875023,194.7054443,200.7556152,16.52997398,57.47555161,Spring,1
3/28/2035,15.76778507,23.57628822,9.249936104,5.680348396,0.492533684,99.75545502,3.182992458,4.448144913,193.7814636,199.9184723,16.67251587,57.33582687,Spring,1
3/29/2035,15.88731098,23.71226311,9.348110199,5.710165024,0.48917684,99.74467468,3.186298847,4.448849678,192.8419647,199.0662842,16.81605721,57.19447327,Spring,1
3/30/2035,16.00772285,23.84894753,9.447043419,5.740290642,0.485494524,99.73401642,3.189921379,4.449983597,191.8860321,198.1977997,16.96057701,57.05158615,Spring,1
3/31/2035,16.12901878,23.98629379,9.546764374,5.770728588,0.481518954,99.72350311,3.193852901,4.451535225,190.912796,197.3120117,17.10604286,56.90729523,Spring,1
4/1/2035,16.25118637,24.12423515,9.647294044,5.801484585,0.477284819,99.7131958,3.198082924,4.453490734,189.9216919,196.4080048,17.25241852,56.76172638,Spring,1
4/2/2035,16.37420654,24.26269913,9.748654366,5.832560539,0.472828776,99.703125,3.202597618,4.455830574,188.9122009,195.4851532,17.39964867,56.6150322,Spring,1
4/3/2035,16.4980526,24.40160942,9.850857735,5.863960266,0.46818918,99.69334412,3.207381248,4.458534241,187.8841095,194.5428314,17.5476799,56.46737671,Spring,1
4/4/2035,16.62269402,24.54087448,9.953917503,5.895685196,0.463405728,99.68389893,3.212415218,4.461576462,186.8373108,193.5807343,17.69644928,56.31893539,Spring,1
4/5/2035,16.74808693,24.68040466,10.05784035,5.927735329,0.458519101,99.67481232,3.217678547,4.464927197,185.7718811,192.5987091,17.84588051,56.16990662,Spring,1
4/6/2035,16.87418556,24.82009697,10.16262817,5.960110188,0.453570336,99.66613007,3.223148823,4.46855545,184.6880951,191.5967865,17.99589539,56.02047729,Spring,1
4/7/2035,17.00093842,24.95985222,10.26827908,5.992809296,0.448600888,99.65789032,3.228800297,4.472426891,183.5864563,190.575119,18.1464138,55.87085342,Spring,1
4/8/2035,17.12828445,25.09956169,10.37479019,6.025830269,0.443651646,99.65011597,3.23460722,4.47650528,182.4674835,189.5340881,18.29734612,55.72122955,Spring,1
4/9/2035,17.25616455,25.23911476,10.48214912,6.059170723,0.438763052,99.64284515,3.240539551,4.480750084,181.3320618,188.4742584,18.44859695,55.57181931,Spring,1
4/10/2035,17.38451195,25.37840843,10.59034824,6.092827797,0.433974236,99.63609314,3.246569157,4.485121727,180.1810455,187.3963013,18.60007858,55.42282104,Spring,1
4/11/2035,17.51325989,25.51733017,10.69936848,6.126796722,0.429323137,99.62988281,3.252663612,4.48957634,179.015564,186.3010406,18.75169373,55.27443695,Spring,1
4/12/2035,17.64233971,25.65577888,10.80919266,6.161073685,0.424845546,99.62424469,3.258791924,4.49407053,177.836792,185.1894226,18.90334702,55.12685013,Spring,1
4/13/2035,17.77167702,25.7936573,10.91980267,6.195653439,0.420575261,99.61917877,3.264921188,4.498560429,176.6460266,184.0626068,19.05495071,54.98023605,Spring,1
4/14/2035,17.90120697,25.93086624,11.03117657,6.230532646,0.416543275,99.61470032,3.271018982,4.503000736,175.4447021,182.9217072,19.20641136,54.83476639,Spring,1
4/15/2035,18.03085899,26.06731796,11.14329433,6.265706062,0.412777901,99.61082458,3.277052402,4.50734663,174.234314,181.7680359,19.35764313,54.69059372,Spring,1
4/16/2035,18.16057396,26.20293236,11.25612736,6.301168442,0.409304112,99.60755157,3.282988548,4.511553288,173.0163879,180.602951,19.5085659,54.54784012,Spring,1
4/17/2035,18.29029274,26.33764267,11.36966324,6.336915016,0.406143576,99.60488129,3.288794994,4.515577316,171.7925415,179.427887,19.65911102,54.40663528,Spring,1
4/18/2035,18.4199543,26.47139168,11.48387051,6.372941971,0.403314054,99.60281372,3.294441223,4.519376278,170.5644073,178.244278,19.80920601,54.26705551,Spring,1
4/19/2035,18.54951096,26.60412788,11.59873676,6.409245491,0.400829554,99.60133362,3.29989624,4.522907734,169.3336029,177.0536194,19.95879555,54.12916946,Spring,1
4/20/2035,18.67892265,26.73582268,11.71423626,6.445820808,0.398700058,99.60044861,3.305130482,4.526133537,168.1017914,175.8573914,20.10783768,53.99303055,Spring,1
4/21/2035,18.80815506,26.86645508,11.83036232,6.482666016,0.396931142,99.60012817,3.310116768,4.529016018,166.8705597,174.657135,20.25629234,53.85865021,Spring,1
4/22/2035,18.93717766,26.99602127,11.94709206,6.519776344,0.395524472,99.60036469,3.314829826,4.531520367,165.64151,173.4542694,20.40413284,53.72601318,Spring,1
4/23/2035,19.065979,27.12452698,12.06442356,6.557150841,0.394477129,99.60113525,3.319244385,4.533614635,164.4161224,172.2502441,20.55134964,53.59508133,Spring,1
4/24/2035,19.19454956,27.25200462,12.18234348,6.594788551,0.39378193,99.60242462,3.323339939,4.535269737,163.1958923,171.0464325,20.69794083,53.46577835,Spring,1
4/25/2035,19.32288742,27.37849617,12.30085659,6.632686615,0.393427551,99.6042099,3.327095509,4.5364604,161.982132,169.8442078,20.84391785,53.33802414,Spring,1
4/26/2035,19.45100975,27.50405693,12.41995907,6.670844078,0.393398374,99.60646057,3.330495358,4.537164211,160.7761383,168.6447449,20.98931122,53.21168137,Spring,1
4/27/2035,19.57894135,27.62876701,12.53966045,6.709263802,0.393674731,99.60914612,3.333524227,4.537362099,159.5790558,167.4492645,21.13415909,53.08659363,Spring,1
4/28/2035,19.70671463,27.75270844,12.65996838,6.747941017,0.394233137,99.61225128,3.336170197,4.53703928,158.3919678,166.2588348,21.27851105,52.96258545,Spring,1
4/29/2035,19.83437347,27.87599373,12.78090382,6.786880493,0.395046294,99.61573029,3.338425159,4.536185265,157.2157593,165.0744476,21.42243576,52.83943939,Spring,1
4/30/2035,19.96197319,27.99873924,12.90247917,6.826080322,0.396083534,99.61955261,3.340281487,4.5347929,156.0512543,163.8969421,21.56601143,52.71692276,Spring,1
5/1/2035,20.08957672,28.12108231,13.02472591,6.865541458,0.397310913,99.62369537,3.341736794,4.532858372,154.8991089,162.7271118,21.70932579,52.59477997,Spring,1
5/2/2035,20.21726036,28.24316406,13.14766598,6.905264854,0.398691803,99.62812042,3.342790127,4.53038311,153.7598572,161.5656281,21.85247993,52.47272491,Spring,1
5/3/2035,20.34510612,28.36514854,13.27134037,6.945252419,0.400186837,99.63279724,3.343444347,4.527371883,152.6338959,160.4130402,21.9955864,52.35046768,Spring,1
5/4/2035,20.47320366,28.48719597,13.39577389,6.985501289,0.401754528,99.63768005,3.343702793,4.523832798,151.5215149,159.2697601,22.13876724,52.22767639,Spring,1
5/5/2035,20.60164833,28.60949135,13.52101421,7.026013374,0.403351516,99.6427536,3.343575001,4.519777775,150.4228363,158.1361694,22.28215027,52.10402298,Spring,1
5/6/2035,20.73054695,28.73221207,13.64709759,7.066786766,0.404933125,99.64797211,3.343069553,4.515223503,149.3378906,157.0124969,22.4258709,51.97916412,Spring,1
5/7/2035,20.86000633,28.85555077,13.77407169,7.107819557,0.406453669,99.65330505,3.342199326,4.51018858,148.2665863,155.8989105,22.57007027,51.85274506,Spring,1
5/8/2035,20.99014091,28.97969437,13.90197659,7.149106979,0.407866865,99.65872192,3.340980053,4.504694462,147.208725,154.7954407,22.71489716,51.72440338,Spring,1
5/9/2035,21.12106323,29.10484314,14.03086185,7.190647125,0.409126282,99.66419983,3.339426994,4.498766422,146.1640015,153.7021027,22.86049652,51.59378433,Spring,1
5/10/2035,21.25288582,29.23118401,14.16076946,7.232432365,0.410185754,99.66970062,3.337560177,4.492432117,145.1320648,152.6188202,23.00701523,51.46051025,Spring,1
5/11/2035,21.38572693,29.35891342,14.29174328,7.27445507,0.410999894,99.67519379,3.335399628,4.485721588,144.112442,151.5454407,23.15460587,51.32423401,Spring,1
5/12/2035,21.519701,29.48821449,14.42383099,7.316705704,0.411524445,99.68066406,3.332966805,4.478665829,143.1046295,150.4818115,23.30341148,51.18460464,Spring,1
5/13/2035,21.65491676,29.61926651,14.55706692,7.359173775,0.411716759,99.68608093,3.330285549,4.471299171,142.1081085,149.4276886,23.45357132,51.04127502,Spring,1
5/14/2035,21.79147911,29.75224113,14.69149113,7.401844978,0.411536038,99.69142151,3.327379227,4.463655949,141.1222687,148.3829041,23.6052227,50.89392471,Spring,1
5/15/2035,21.92948723,29.88729858,14.82713223,7.444702148,0.410943925,99.69667053,3.324272156,4.455771446,140.1465454,147.3471985,23.75849533,50.74224091,Spring,1
5/16/2035,22.06903648,30.02458763,14.96402264,7.487729073,0.409904808,99.70179749,3.320990086,4.447682381,139.1803131,146.3203125,23.91350365,50.5859375,Spring,1
5/17/2035,22.21020508,30.16424179,15.10217953,7.530902863,0.408385962,99.70680237,3.317558289,4.439424038,138.2230988,145.3020935,24.07035828,50.42475128,Spring,1
5/18/2035,22.35306931,30.30637932,15.24161816,7.574201584,0.406358242,99.71165466,3.314001083,4.431033134,137.2742615,144.2923889,24.22915077,50.25844193,Spring,1
5/19/2035,22.4976902,30.4511013,15.38234425,7.61759758,0.403795958,99.71635437,3.310343266,4.422545433,136.3334198,143.2910309,24.38996696,50.08679962,Spring,1
5/20/2035,22.64411545,30.59848785,15.5243578,7.661064148,0.400677383,99.7208786,3.306610107,4.413994789,135.4000854,142.2979736,24.55286789,49.90964508,Spring,1
5/21/2035,22.79237747,30.74860001,15.66764927,7.704567909,0.396984875,99.72522736,3.302823544,4.405415535,134.4739838,141.3132324,24.71790886,49.72684097,Spring,1
5/22/2035,22.94250107,30.90147972,15.8122015,7.748077393,0.392705083,99.72939301,3.299005508,4.396838188,133.5548096,140.3369293,24.88511658,49.53827667,Spring,1
5/23/2035,23.09449387,31.05713844,15.95797825,7.791554451,0.387828916,99.73336792,3.295177937,4.388293266,132.6424408,139.3691559,25.05451202,49.34388733,Spring,1
5/24/2035,23.24833679,31.21557999,16.10494995,7.834961891,0.382351875,99.7371521,3.291358948,4.379807949,131.7368469,138.4102325,25.22608757,49.14363861,Spring,1
5/25/2035,23.40400887,31.3767643,16.25305557,7.878256798,0.376274019,99.74073792,3.287566662,4.371407986,130.8381195,137.4605408,25.39981651,48.93753052,Spring,1
5/26/2035,23.5614624,31.5406456,16.40224457,7.921399117,0.369599909,99.744133,3.283815384,4.363115788,129.9464264,136.5205688,25.57566071,48.72563171,Spring,1
5/27/2035,23.72063637,31.70714569,16.55243492,7.964341164,0.362338573,99.74732971,3.280119896,4.354950428,129.0621796,135.5908356,25.75355339,48.50802612,Spring,1
5/28/2035,23.88145065,31.87615776,16.70355225,8.007040024,0.354503542,99.75033569,3.276490211,4.346929073,128.185791,134.6720734,25.93341446,48.28485107,Spring,1
5/29/2035,24.04381371,32.04756546,16.85549927,8.049448013,0.346112669,99.75315857,3.27293539,4.339063644,127.3179169,133.7650909,26.1151371,48.0562706,Spring,1
5/30/2035,24.20760918,32.22121429,17.00817299,8.091514587,0.337187886,99.75579834,3.269462585,4.331366062,126.4592514,132.8707886,26.29859734,47.82250595,Spring,1
5/31/2035,24.37270737,32.39694214,17.16146088,8.133193016,0.327755243,99.75826263,3.266075134,4.323841095,125.6107407,131.9901428,26.48365402,47.58382034,Spring,1
6/1/2035,24.53896904,32.57454681,17.31523705,8.174434662,0.31784445,99.76055145,3.262774944,4.316493034,124.7732925,131.1242676,26.67015076,47.34049988,Summer,2
6/2/2035,24.70622635,32.75382996,17.46936417,8.21518898,0.307488769,99.76268005,3.259560585,4.309321404,123.9481049,130.2743683,26.85790825,47.09287643,Summer,2
6/3/2035,24.87430954,32.93454742,17.62370872,8.255409241,0.296724677,99.76464844,3.256429195,4.302321434,123.1363754,129.4417267,27.04672813,46.84131622,Summer,2
6/4/2035,25.0430336,33.11647034,17.77811241,8.295048714,0.285591543,99.76646423,3.253375053,4.295487881,122.3394394,128.6276703,27.23641014,46.58621979,Summer,2
6/5/2035,25.21219635,33.29932022,17.93242645,8.334060669,0.274131447,99.7681427,3.250389576,4.288808823,121.5587158,127.8335342,27.42673111,46.32801056,Summer,2
6/6/2035,25.3815937,33.48283386,18.086483,8.372402191,0.262388408,99.76968384,3.247463703,4.282272339,120.7956848,127.0608292,27.61745071,46.06715775,Summer,2
6/7/2035,25.5510006,33.66671371,18.2401123,8.410031319,0.25040862,99.77109528,3.244583607,4.275861263,120.0519028,126.310936,27.80833244,45.80413818,Summer,2
6/8/2035,25.72019196,33.85067368,18.39314842,8.446909904,0.238239542,99.77238464,3.241736412,4.269557953,119.3289871,125.5853806,27.9991169,45.53945541,Summer,2
6/9/2035,25.88894272,34.03440475,18.54540634,8.483001709,0.225929797,99.7735672,3.23890543,4.26333952,118.6285706,124.8856125,28.18954659,45.27363586,Summer,2
6/10/2035,26.05700874,34.21759796,18.69671631,8.518276215,0.213528708,99.77463531,3.236073017,4.257184505,117.9521942,124.2130737,28.37935448,45.00722122,Summer,2
6/11/2035,26.22415733,34.39994431,18.84689713,8.552704811,0.201085851,99.77560425,3.233221054,4.251067162,117.3015594,123.5691605,28.56827545,44.74076843,Summer,2
6/12/2035,26.39014435,34.58112335,18.99577522,8.58626461,0.188650817,99.776474,3.230329514,4.244959354,116.6782074,122.9552078,28.75603485,44.47483063,Summer,2
6/13/2035,26.55472946,34.76084137,19.1431694,8.618937492,0.176272586,99.77724457,3.227377892,4.238834858,116.0836639,122.3724899,28.94236946,44.20998764,Summer,2
6/14/2035,26.71767998,34.93877411,19.28891182,8.650710106,0.163999364,99.77793884,3.224343777,4.232663631,115.5193939,121.8222198,29.12701035,43.9467926,Summer,2
6/15/2035,26.8787632,35.11463928,19.43283081,8.681573868,0.151878059,99.77853394,3.221206665,4.226416588,114.9867401,121.3054047,29.30969429,43.68582916,Summer,2
6/16/2035,27.03774834,35.28813171,19.57476616,8.711526871,0.139954209,99.77905273,3.217944622,4.22006464,114.486969,120.8230133,29.49016953,43.42765427,Summer,2
6/17/2035,27.19442368,35.45898056,19.71455956,8.740574837,0.128271416,99.77948761,3.214535713,4.213577747,114.0212173,120.3758316,29.66818237,43.17283249,Summer,2
6/18/2035,27.34857368,35.62691116,19.85206413,8.768724442,0.11687094,99.77984619,3.210959435,4.206927299,113.5904083,119.9645538,29.84350204,42.92189789,Summer,2
6/19/2035,27.5,35.79167175,19.98713684,8.795993805,0.10579212,99.78011322,3.207194805,4.200085163,113.1954193,119.5895691,30.01589775,42.67538452,Summer,2
6/20/2035,27.64851379,35.95302582,20.11964989,8.822404861,0.095071003,99.78031158,3.203223228,4.193025589,112.8368454,119.2512436,30.18515587,42.433815,Summer,2
6/21/2035,27.79393959,36.11075211,20.24947929,8.847988129,0.08474122,99.78042603,3.199026108,4.185722351,112.5151215,118.9496307,30.35107231,42.19767761,Summer,2
6/22/2035,27.93611908,36.26464844,20.37652206,8.872775078,0.074833371,99.78044891,3.194587708,4.178153515,112.2304993,118.6846695,30.51347351,41.967453,Summer,2
6/23/2035,28.07490349,36.41452026,20.50067139,8.896810532,0.065374635,99.78039551,3.189891815,4.170297623,111.9830246,118.4560547,30.67218018,41.74357605,Summer,2
6/24/2035,28.21016502,36.56021881,20.62185287,8.92014122,0.05638922,99.78025818,3.184926987,4.162136555,111.7724457,118.2632446,30.82704926,41.52648163,Summer,2
6/25/2035,28.34178543,36.70160294,20.73998833,8.942820549,0.047897872,99.7800293,3.179680824,4.153654575,111.5984344,118.1055527,30.97793961,41.3165741,Summer,2
6/26/2035,28.46966934,36.83854675,20.85501862,8.964905739,0.039917924,99.77970886,3.174146175,4.144839764,111.4602661,117.9820786,31.12473679,41.11420441,Summer,2
6/27/2035,28.59373283,36.97094727,20.96689796,8.986465454,0.032463647,99.77929688,3.168316364,4.135682583,111.3571014,117.8916321,31.26734161,40.91972351,Summer,2
6/28/2035,28.71391678,37.09874344,21.07559776,9.007564545,0.025545791,99.77879333,3.162188053,4.126177311,111.2878189,117.8328857,31.40567207,40.73343658,Summer,2
6/29/2035,28.83016586,37.22186279,21.18109322,9.028280258,0.019171953,99.77819061,3.155760765,4.116322041,111.2511292,117.8043289,31.53967094,40.55562592,Summer,2
6/30/2035,28.94246101,37.34027863,21.28338432,9.048689842,0.013346673,99.77748108,3.149035931,4.106117725,111.2454681,117.8042221,31.66928864,40.38653564,Summer,2
7/1/2035,29.05077553,37.45397949,21.38246727,9.068874359,0.008071528,99.77667999,3.142018795,4.095569134,111.2691345,117.8306961,31.79449844,40.22638702,Summer,2
7/2/2035,29.15511322,37.56295776,21.47837067,9.088920593,0.003345399,99.77577209,3.134716511,4.084686279,111.3201523,117.8816528,31.91528702,40.07537079,Summer,2
7/3/2035,29.25549316,37.66725159,21.5711174,9.108912468,-0.000835495,99.77476501,3.127140045,4.07348156,111.3964615,117.9549332,32.03165817,39.93363571,Summer,2
7/4/2035,29.35193825,37.76688385,21.66075134,9.128943443,-0.004477269,99.77365112,3.11930275,4.061970711,111.4957581,118.0482178,32.14363098,39.80132294,Summer,2
7/5/2035,29.44449234,37.8619194,21.74732208,9.149100304,-0.007588047,99.77243805,3.111219406,4.050174713,111.615593,118.1590424,32.25123596,39.67853165,Summer,2
7/6/2035,29.53320694,37.95243073,21.83088493,9.169475555,-0.010177824,99.77112579,3.102910519,4.038116455,111.7534714,118.2848969,32.35451126,39.56534958,Summer,2
7/7/2035,29.61814499,38.03847885,21.91151237,9.190159798,-0.012258044,99.76970673,3.094395638,4.025823116,111.9067764,118.4232178,32.45351028,39.46183014,Summer,2
7/8/2035,29.69937515,38.12017059,21.98927307,9.211242676,-0.013841597,99.76819611,3.085699081,4.013325214,112.0727463,118.5713959,32.54829788,39.36800766,Summer,2
7/9/2035,29.77697182,38.19759369,22.06424713,9.232810974,-0.014942163,99.76659393,3.076846123,4.000655174,112.2486267,118.7267303,32.63893509,39.2838974,Summer,2
7/10/2035,29.85102272,38.27085114,22.13652039,9.254951477,-0.015574111,99.76490021,3.067864418,3.987849236,112.4316635,118.8866501,32.7254982,39.20950699,Summer,2
7/11/2035,29.92161369,38.34004974,22.20617485,9.277745247,-0.015752107,99.76312256,3.058784008,3.974945784,112.6189957,119.0485764,32.80805969,39.14481735,Summer,2
7/12/2035,29.98883057,38.40529633,22.27330017,9.301271439,-0.015490917,99.76126862,3.049635887,3.961984396,112.80793,119.2099152,32.88669968,39.08979797,Summer,2
7/13/2035,30.05276299,38.46670914,22.33798218,9.325605392,-0.014805106,99.75934601,3.04045248,3.949008465,112.9957123,119.3682632,32.96149063,39.04441833,Summer,2
7/14/2035,30.11349487,38.52437592,22.40031242,9.350814819,-0.013708552,99.75736237,3.031267166,3.936061144,113.1797714,119.5212936,33.03251266,39.00862122,Summer,2
7/15/2035,30.17110825,38.57840729,22.46036911,9.376960754,-0.012214441,99.75532532,3.022114277,3.923186779,113.3575287,119.6668167,33.09983444,38.9823761,Summer,2
7/16/2035,30.22569084,38.62889481,22.51823235,9.404102325,-0.010334808,99.75324249,3.013028622,3.910431623,113.5266953,119.8027725,33.163517,38.96562576,Summer,2
7/17/2035,30.2773056,38.67591858,22.57398033,9.432287216,-0.008080604,99.75112915,3.004045486,3.897840738,113.6849899,119.9273453,33.22361755,38.95831299,Summer,2
7/18/2035,30.32602501,38.71955109,22.62768173,9.461557388,-0.005461067,99.74899292,2.995199203,3.88546133,113.830452,120.0388412,33.28019333,38.96038818,Summer,2
7/19/2035,30.37189674,38.75986481,22.67939377,9.491947174,-0.002483861,99.74684906,2.986524582,3.873337984,113.9612274,120.1359329,33.33327484,38.97180176,Summer,2
7/20/2035,30.41497231,38.79689407,22.72916985,9.523481369,0.000845129,99.74469757,2.978055954,3.861514568,114.0757904,120.2173462,33.38288498,38.99253082,Summer,2
7/21/2035,30.45528221,38.83068848,22.77705193,9.556174278,0.00452199,99.74256134,2.969825268,3.850035667,114.17276,120.2822037,33.42904663,39.02252197,Summer,2
7/22/2035,30.49284935,38.86124802,22.82307053,9.590034485,0.00854488,99.74045563,2.961864948,3.838943243,114.2511444,120.3298645,33.4717598,39.06175995,Summer,2
7/23/2035,30.52767944,38.88858795,22.86725044,9.625059128,0.012913996,99.73838806,2.954204082,3.828276396,114.310112,120.3599854,33.51100159,39.11022568,Summer,2
7/24/2035,30.55976868,38.91269302,22.90959549,9.661234856,0.017631575,99.7363739,2.946871758,3.818073034,114.3492584,120.3724213,33.54675293,39.16791534,Summer,2
7/25/2035,30.58909798,38.93351746,22.95010567,9.698542595,0.022702122,99.73442078,2.939893246,3.808368683,114.3683472,120.3674545,33.57896805,39.23484039,Summer,2
7/26/2035,30.6156311,38.95101929,22.98875809,9.736948013,0.028132016,99.73254395,2.933292866,3.799194813,114.3675919,120.3455658,33.60758972,39.3110199,Summer,2
7/27/2035,30.63931656,38.96512604,23.02553177,9.77641201,0.033929676,99.7307663,2.927092075,3.790580988,114.3473892,120.3076172,33.63253784,39.39648438,Summer,2
7/28/2035,30.66009521,38.9757576,23.0603714,9.816882133,0.040105324,99.72908783,2.921308994,3.782552958,114.3085632,120.2546768,33.65372467,39.49127197,Summer,2
7/29/2035,30.67788315,38.98279953,23.09323311,9.858299255,0.046670869,99.7275238,2.915959358,3.775131464,114.2521744,120.1881485,33.67105103,39.5954361,Summer,2
7/30/2035,30.69259453,38.9861412,23.1240387,9.900594711,0.053639926,99.72608185,2.911055565,3.768335581,114.1796417,120.109726,33.68439102,39.70904541,Summer,2
7/31/2035,30.70412064,38.98564911,23.1527195,9.943687439,0.06102699,99.72478485,2.906607628,3.762178898,114.092659,120.0213623,33.69361877,39.83218384,Summer,2
8/1/2035,30.71234131,38.98117447,23.1791687,9.987494469,0.068848014,99.72363281,2.902621746,3.756671906,113.9932022,119.9252319,33.69859314,39.96491241,Summer,2
8/2/2035,30.71714211,38.97255325,23.20329094,10.03192043,0.077119604,99.72263336,2.899100304,3.751819849,113.8835678,119.8237762,33.69915009,40.10733795,Summer,2
8/3/2035,30.71837044,38.95961761,23.22496986,10.07686329,0.085858919,99.72180176,2.896043301,3.747624159,113.7661743,119.7196426,33.69514084,40.25954437,Summer,2
8/4/2035,30.71588898,38.94219208,23.24408531,10.12221336,0.095083199,99.72114563,2.893446445,3.744082689,113.6438522,119.615715,33.68639374,40.42163849,Summer,2
8/5/2035,30.70954514,38.92008591,23.26049995,10.16785812,0.104809768,99.72067261,2.891303062,3.741188049,113.519516,119.5149536,33.67272186,40.59370422,Summer,2
8/6/2035,30.6991787,38.89311218,23.27408028,10.2136755,0.115055494,99.72038269,2.889602661,3.73892951,113.396347,119.4205322,33.65394974,40.7758522,Summer,2
8/7/2035,30.68462944,38.86107635,23.28468132,10.25954151,0.125836357,99.72028351,2.888330936,3.737291336,113.2775955,119.3357239,33.62990189,40.96816254,Summer,2
8/8/2035,30.66573524,38.82378769,23.29215622,10.30532551,0.137167305,99.72037506,2.887471676,3.736255169,113.1667404,119.2638702,33.60038376,41.1707077,Summer,2
8/9/2035,30.6423378,38.78106308,23.2963562,10.35089684,0.149061784,99.72067261,2.887005329,3.735797644,113.0672607,119.2083969,33.56522751,41.38358688,Summer,2
8/10/2035,30.61427116,38.73271179,23.29712296,10.39611912,0.161531597,99.72116089,2.886909485,3.735893011,112.9828186,119.1727066,33.52425766,41.60684967,Summer,2
8/11/2035,30.58138657,38.67856216,23.29431534,10.44085693,0.174586236,99.72184753,2.887157917,3.736511469,112.9169769,119.1602554,33.47730637,41.84053421,Summer,2
8/12/2035,30.54352951,38.61844635,23.28777885,10.484972,0.188232869,99.72273254,2.8877244,3.737619877,112.8734055,119.1743927,33.42421341,42.08467102,Summer,2
8/13/2035,30.5005703,38.55220795,23.27737045,10.5283289,0.202475742,99.72381592,2.888578415,3.739183664,112.8556747,119.2184448,33.36483002,42.3392601,Summer,2
8/14/2035,30.45236969,38.47972107,23.2629509,10.57078648,0.217316315,99.72509003,2.889688492,3.741163969,112.8673401,119.2956085,33.29902267,42.60429001,Summer,2
8/15/2035,30.39882278,38.40085602,23.24438858,10.61221313,0.232752547,99.72655487,2.891020775,3.743522167,112.9117889,119.4089508,33.22667694,42.87970352,Summer,2
8/16/2035,30.33981705,38.31551361,23.22155952,10.65247536,0.248778924,99.72820282,2.892541409,3.746215582,112.9923859,119.5613556,33.14768982,43.16543579,Summer,2
8/17/2035,30.27527237,38.22362137,23.1943512,10.69144344,0.265386164,99.73003387,2.894213676,3.749201059,113.1121902,119.7555237,33.0619812,43.46136093,Summer,2
8/18/2035,30.20512009,38.12512207,23.16266251,10.72899151,0.282561034,99.73203278,2.896001339,3.752435207,113.274147,119.9939728,32.96949005,43.76734161,Summer,2
8/19/2035,30.12931252,38.0199852,23.12640762,10.76499844,0.300286263,99.73420715,2.897866726,3.755872011,113.4809723,120.278923,32.87017822,44.08319855,Summer,2
8/20/2035,30.04782486,37.90821075,23.08550644,10.79934788,0.318540335,99.73653412,2.899772644,3.75946784,113.7351532,120.6123352,32.76403046,44.40871429,Summer,2
8/21/2035,29.96064377,37.78982544,23.03990746,10.83193016,0.337297559,99.73901367,2.901681423,3.76317668,114.0388107,120.9958496,32.65106964,44.74362564,Summer,2
8/22/2035,29.86779022,37.66487885,22.98956299,10.86264133,0.356527805,99.74164581,2.903556824,3.766954184,114.3938599,121.4309082,32.53132248,45.08763885,Summer,2
8/23/2035,29.76930809,37.53346252,22.93445396,10.89138222,0.376196861,99.74440002,2.905361176,3.770756721,114.801857,121.9185028,32.40486145,45.44040298,Summer,2
8/24/2035,29.66525459,37.3956871,22.87457085,10.91806507,0.396266103,99.74729156,2.907060146,3.774542332,115.2640457,122.4593735,32.27177429,45.80154419,Summer,2
8/25/2035,29.55572128,37.25170517,22.80992699,10.94260597,0.416692823,99.75029755,2.908619404,3.778269529,115.7812805,123.0538635,32.13218307,46.17063522,Summer,2
8/26/2035,29.44082451,37.10168839,22.74055481,10.96493149,0.437430441,99.75341034,2.910006046,3.781899214,116.3541336,123.7020187,31.98623466,46.54720688,Summer,2
8/27/2035,29.32069778,36.94584656,22.66650009,10.98497391,0.458428353,99.75662994,2.911190033,3.785394669,116.9827118,124.4035263,31.83410263,46.93074799,Summer,2
8/28/2035,29.19550705,36.78440857,22.58783722,11.00267792,0.479632378,99.75993347,2.912142277,3.788721085,117.6668396,125.1576691,31.67599487,47.32070923,Summer,2
8/29/2035,29.06543541,36.61764526,22.50465202,11.01798916,0.500985026,99.76332855,2.912836075,3.791847467,118.4059753,125.9634628,31.51213074,47.71650314,Summer,2
8/30/2035,28.93069077,36.44584656,22.41705322,11.03087139,0.522425711,99.7667923,2.913247108,3.794744968,119.1991348,126.8195343,31.34277153,48.11750412,Summer,2
8/31/2035,28.79149818,36.26933289,22.32516479,11.04128742,0.543891132,99.77033234,2.913354397,3.797387362,120.0451126,127.7242508,31.16818428,48.52305222,Summer,2
9/1/2035,28.64810944,36.08843231,22.22913361,11.04921341,0.565315545,99.77392578,2.91313982,3.799753189,120.942215,128.6755676,30.98867798,48.93244934,Autumn,3
9/2/2035,28.50079155,35.90352249,22.12911224,11.05463314,0.586631119,99.77757263,2.912586212,3.801823139,121.8885498,129.6712494,30.80456161,49.34496689,Autumn,3
9/3/2035,28.34982872,35.71497345,22.02528191,11.05753613,0.607768595,99.78127289,2.911682129,3.80358243,122.8818207,130.7087402,30.61617851,49.75986099,Autumn,3
9/4/2035,28.19551849,35.52318573,21.91783142,11.05792141,0.62865752,99.78501892,2.910416603,3.805019617,123.9194946,131.7852631,30.42387962,50.17634964,Autumn,3
9/5/2035,28.03817368,35.32857132,21.80695915,11.05579376,0.649226367,99.78879547,2.908784866,3.806127071,124.9987488,132.8977966,30.22802734,50.59364319,Autumn,3
9/6/2035,27.87811852,35.13154984,21.69288063,11.05116558,0.669403911,99.79260254,2.906781673,3.80690074,126.1165771,134.0431519,30.02900124,51.01092529,Autumn,3
9/7/2035,27.71567917,34.93255615,21.57581711,11.04405499,0.689118743,99.79644775,2.904408455,3.807340145,127.2696686,135.2179871,29.8271904,51.42737198,Autumn,3
9/8/2035,27.55118942,34.73202133,21.45600128,11.03448677,0.708300233,99.80030823,2.901667118,3.807449579,128.4546356,136.418808,29.62298775,51.84215927,Autumn,3
9/9/2035,27.38499641,34.53038025,21.33367157,11.02248764,0.726879239,99.80419922,2.898563862,3.807235241,129.6678772,137.6420288,29.41678238,52.25445175,Autumn,3
9/10/2035,27.21743202,34.32807922,21.20906448,11.00809383,0.744787753,99.80810547,2.8951087,3.806708336,130.9057159,138.8840179,29.20897293,52.663414,Autumn,3
9/11/2035,27.04883575,34.12553406,21.08242798,10.99134445,0.761960387,99.81202698,2.891312122,3.805882692,132.1643829,140.1411285,28.99995041,53.06821442,Autumn,3
9/12/2035,26.87953949,33.92316437,20.95400429,10.97227669,0.778334081,99.81597137,2.887190342,3.804775953,133.4401245,141.4096832,28.79009438,53.46804428,Autumn,3
9/13/2035,26.70986748,33.72138977,20.82403183,10.95093822,0.79384917,99.8199234,2.882759571,3.803408146,134.7290955,142.6861115,28.57978821,53.86211395,Autumn,3
9/14/2035,26.54013443,33.52059937,20.69275093,10.92737484,0.808448851,99.82389832,2.878040791,3.801801682,136.0275879,143.9668732,28.3693943,54.24962234,Autumn,3
9/15/2035,26.37063789,33.32116699,20.56039238,10.90163326,0.82208091,99.82788086,2.873055935,3.799983025,137.3318787,145.2486267,28.15925789,54.62983704,Autumn,3
9/16/2035,26.20166779,33.1234436,20.42718315,10.87376595,0.834697068,99.83187866,2.867828846,3.797979355,138.6384277,146.5280609,27.94971466,55.00202179,Autumn,3
9/17/2035,26.03348923,32.92775726,20.29333496,10.84382248,0.846253693,99.83588409,2.86238718,3.795821905,139.9437866,147.8021393,27.74107552,55.36548615,Autumn,3
9/18/2035,25.86634827,32.73442078,20.15904617,10.81185055,0.856712103,99.83990479,2.856757641,3.793541431,141.244751,149.0680542,27.53363228,55.71959305,Autumn,3
9/19/2035,25.70047379,32.54370117,20.02451134,10.7779026,0.866038978,99.84394073,2.850970268,3.791171789,142.538269,150.3231964,27.32764816,56.06371307,Autumn,3
9/20/2035,25.53606606,32.35583496,19.88990211,10.74202538,0.874206185,99.84798431,2.845056057,3.788747787,143.8215637,151.5652008,27.12336159,56.39729691,Autumn,3
9/21/2035,25.37330055,32.17103577,19.75537491,10.70426655,0.881191671,99.85203552,2.839046001,3.786303997,145.0921326,152.7920532,26.92098236,56.71981812,Autumn,3
9/22/2035,25.21232414,31.98947716,19.62106514,10.6646719,0.886978805,99.85609436,2.832973003,3.783877611,146.3477173,154.0020599,26.72068787,57.03082275,Autumn,3
9/23/2035,25.0532589,31.81129074,19.4871006,10.62328529,0.891557038,99.86016083,2.826869488,3.781504393,147.5864716,155.1938324,26.52262688,57.32989502,Autumn,3
9/24/2035,24.89619255,31.63657951,19.35357475,10.58014584,0.894921958,99.86423492,2.820769787,3.779221296,148.8067932,156.3663025,26.32691956,57.61669159,Autumn,3
9/25/2035,24.74118996,31.46539879,19.22056961,10.53529263,0.897075117,99.86830139,2.814705849,3.777064323,150.0074921,157.5187988,26.13364029,57.89092636,Autumn,3
9/26/2035,24.58828163,31.29777336,19.08813858,10.48875999,0.898023844,99.87237549,2.808711529,3.775069475,151.1877289,158.651001,25.94284821,58.15235519,Autumn,3
9/27/2035,24.43745804,31.13368034,18.95632172,10.44058037,0.897781789,99.87643433,2.802818775,3.773271799,152.3470306,159.7630005,25.75454521,58.40082169,Autumn,3
9/28/2035,24.28869629,30.97307014,18.82512665,10.39078331,0.896367967,99.88049316,2.797059536,3.771704197,153.4852753,160.8551636,25.56872749,58.6362114,Autumn,3
9/29/2035,24.14192581,30.8158474,18.69454765,10.33939362,0.893807352,99.88452911,2.791465282,3.770401239,154.6028137,161.928299,25.38533401,58.85848999,Autumn,3
9/30/2035,23.9970665,30.66187859,18.56455231,10.28643417,0.890130341,99.8885498,2.786065578,3.769392729,155.7002258,162.9835358,25.20428467,59.06767654,Autumn,3
10/1/2035,23.85398483,30.51099777,18.43508339,10.23192692,0.885372519,99.89253235,2.780889511,3.768708467,156.778595,164.0223236,25.02546501,59.26384354,Autumn,3
10/2/2035,23.71254349,30.36300278,18.30607224,10.17588615,0.879574358,99.89648438,2.775963306,3.768376827,157.8392639,165.046524,24.84872818,59.447155,Autumn,3
10/3/2035,23.57256317,30.21766853,18.17742157,10.11832619,0.872780919,99.90039825,2.771313667,3.768422365,158.8840179,166.058197,24.67390251,59.61779404,Autumn,3
10/4/2035,23.43384743,30.0747261,18.04902077,10.05926228,0.865041554,99.9042511,2.766964436,3.768869638,159.9148407,167.0597687,24.50078964,59.77603912,Autumn,3
10/5/2035,23.2961731,29.93388939,17.92073441,9.998701096,0.856409431,99.90805054,2.762937546,3.769739151,160.9341278,168.0539398,24.3291626,59.92219543,Autumn,3
10/6/2035,23.15930557,29.79484177,17.79241562,9.936654091,0.846941352,99.91178131,2.759253502,3.771050453,161.9444885,169.0435333,24.15877914,60.05664444,Autumn,3
10/7/2035,23.02298164,29.65725517,17.66390419,9.87312603,0.836696923,99.91542816,2.755930424,3.772819757,162.948822,170.0316925,23.98937607,60.17979431,Autumn,3
10/8/2035,22.88693047,29.52077103,17.53502464,9.808124542,0.825738668,99.91898346,2.752985001,3.775061369,163.9501648,171.021698,23.82066917,60.29212189,Autumn,3
10/9/2035,22.75086212,29.38502312,17.40558815,9.74165535,0.814130962,99.92243958,2.750430584,3.777786732,164.9518585,172.0168915,23.65236473,60.39413452,Autumn,3
10/10/2035,22.61448479,29.24963379,17.27540016,9.673727036,0.801939964,99.92578125,2.748280048,3.781005383,165.9572754,173.020813,23.48416328,60.48638535,Autumn,3
10/11/2035,22.4774971,29.11421776,17.14425659,9.604341507,0.789233029,99.92900085,2.746542931,3.784723759,166.9700012,174.0370178,23.3157444,60.56945419,Autumn,3
10/12/2035,22.33959198,28.9783802,17.01195526,9.533512115,0.776078045,99.93209839,2.745227814,3.788945913,167.9935913,175.0690765,23.14680099,60.64396286,Autumn,3
10/13/2035,22.20046616,28.84173775,16.87827873,9.46124649,0.76254338,99.93504333,2.744339466,3.793673992,169.0317078,176.1205139,22.97701073,60.71054459,Autumn,3
10/14/2035,22.05981064,28.70389748,16.74302292,9.38755703,0.748697102,99.93784332,2.743882656,3.798908234,170.0879669,177.1948395,22.8060627,60.76987457,Autumn,3
10/15/2035,21.91732979,28.56448174,16.6059761,9.312458992,0.734606504,99.94047546,2.743858814,3.804645538,171.1659698,178.2954254,22.63364601,60.82262802,Autumn,3
10/16/2035,21.77273941,28.42312622,16.46693993,9.235971451,0.720337868,99.94294739,2.744267464,3.810882568,172.2691803,179.4255524,22.45946503,60.86949921,Autumn,3
10/17/2035,21.62575722,28.27947426,16.3257122,9.158114433,0.705955684,99.94524384,2.745107651,3.817610979,173.4009552,180.5882568,22.28323555,60.91119003,Autumn,3
10/18/2035,21.4761219,28.13319206,16.18211174,9.078915596,0.691522539,99.94734955,2.746374607,3.824824095,174.5644531,181.7863922,22.10468102,60.9484024,Autumn,3
10/19/2035,21.32358932,27.98396683,16.03596306,8.99840641,0.67709887,99.94927216,2.748064518,3.832511425,175.7627258,183.022583,21.92355347,60.98183823,Autumn,3
10/20/2035,21.16793442,27.83150864,15.88709736,8.916622162,0.662742317,99.95100403,2.750169754,3.840662003,176.9984283,184.2991333,21.73962021,61.0121994,Autumn,3
10/21/2035,21.00895309,27.67555428,15.73537731,8.833605766,0.648507416,99.95253754,2.752682209,3.849262238,178.2740326,185.6179962,21.55267334,61.04016876,Autumn,3
10/22/2035,20.84647369,27.51587868,15.58067226,8.749403,0.63444525,99.95388031,2.755592823,3.858299017,179.5916595,186.9808502,21.36253357,61.06641388,Autumn,3
10/23/2035,20.68034172,27.35227776,15.4228735,8.664069176,0.620603681,99.95503235,2.758891106,3.86775732,180.953125,188.3889771,21.1690464,61.09158707,Autumn,3
10/24/2035,20.51043701,27.18459129,15.26188755,8.577661514,0.607026637,99.95598602,2.762565136,3.877619982,182.359848,189.8432922,20.97208786,61.11632538,Autumn,3
10/25/2035,20.33666992,27.01268959,15.09765911,8.490247726,0.593753994,99.95674896,2.766602993,3.887871504,183.8128204,191.3442535,20.7715683,61.14121628,Autumn,3
10/26/2035,20.15897751,26.836483,14.93013859,8.401899338,0.580821693,99.95733643,2.770991325,3.898493528,185.3127594,192.8918915,20.5674324,61.16684341,Autumn,3
10/27/2035,19.97733879,26.65592194,14.75931263,8.312696457,0.568261325,99.95774078,2.775715828,3.909468889,186.8597565,194.4859009,20.35965347,61.19373703,Autumn,3
10/28/2035,19.7917614,26.47099686,14.58519077,8.222723007,0.556100249,99.95799255,2.780762196,3.92077899,188.4536438,196.1253815,20.14824486,61.22240448,Autumn,3
10/29/2035,19.60228539,26.28174019,14.40780544,8.132071495,0.544361889,99.95808411,2.786116123,3.932405949,190.0936737,197.809082,19.93324852,61.25331879,Autumn,3
10/30/2035,19.40898514,26.08821297,14.22721958,8.040838242,0.533064842,99.95803833,2.791761875,3.944330692,191.7787933,199.5353241,19.7147541,61.28689957,Autumn,3
10/31/2035,19.21197128,25.89053535,14.04352474,7.949127197,0.522223949,99.95787048,2.797684193,3.956534624,193.5073242,201.3019562,19.49287415,61.3235321,Autumn,3
11/1/2035,19.01139069,25.6888504,13.85682964,7.857048988,0.511849701,99.95759583,2.803867817,3.968999147,195.2772827,203.1064148,19.26776314,61.36356354,Autumn,3
11/2/2035,18.80741882,25.48335457,13.66728115,7.764715195,0.501948833,99.95723724,2.810296535,3.981706142,197.0861969,204.9456787,19.03960609,61.4072876,Autumn,3
11/3/2035,18.6002655,25.27426338,13.4750433,7.672246933,0.492524028,99.95681763,2.816955566,3.994637251,198.9311981,206.816391,18.80862236,61.45495605,Autumn,3
11/4/2035,18.39016533,25.06184578,13.28031254,7.579767227,0.48357451,99.95635223,2.823828697,4.007773876,200.8089447,208.7148132,18.5750618,61.50678253,Autumn,3
11/5/2035,18.17739296,24.84638977,13.08329868,7.487401962,0.475095987,99.95587158,2.830900669,4.021099567,202.7158203,210.6367798,18.3392067,61.56293869,Autumn,3
11/6/2035,17.96223831,24.62822723,12.88424683,7.395280838,0.46708101,99.95540619,2.8381567,4.034596443,204.6477509,212.5779114,18.10136032,61.62354279,Autumn,3
11/7/2035,17.74502754,24.40770912,12.68341064,7.303538322,0.459519327,99.95497131,2.845581055,4.048246384,206.6003723,214.533493,17.86186218,61.68867111,Autumn,3
11/8/2035,17.52610397,24.1852169,12.48107815,7.212306976,0.452397883,99.9546051,2.853160381,4.062034607,208.568985,216.4985504,17.62106133,61.75836182,Autumn,3
11/9/2035,17.30583,23.96115303,12.27753925,7.121723175,0.445701391,99.95433044,2.860878468,4.075942516,210.5487518,218.4678802,17.37933922,61.83261108,Autumn,3
11/10/2035,17.084589,23.73594666,12.07311344,7.031921387,0.439412475,99.95417786,2.868721962,4.089955807,212.5343933,220.4361572,17.13708687,61.91138458,Autumn,3
11/11/2035,16.8627739,23.51003265,11.86812496,6.943037987,0.433512151,99.95417786,2.876677036,4.104056835,214.5206451,222.3978424,16.89471817,61.99459839,Autumn,3
11/12/2035,16.64080429,23.28386497,11.66291523,6.855205536,0.427980006,99.95436096,2.884729385,4.118231773,216.5019379,224.3473511,16.65264893,62.08213806,Autumn,3
11/13/2035,16.41908836,23.05791092,11.45783234,6.768558502,0.422794402,99.95475769,2.892865658,4.132463455,218.4727325,226.2790375,16.41130638,62.17385864,Autumn,3
11/14/2035,16.19805527,22.83263397,11.25323009,6.683223724,0.417933077,99.95539093,2.901073456,4.146737576,220.4273376,228.1872711,16.17112923,62.26958466,Autumn,3
11/15/2035,15.97813129,22.60851097,11.0494709,6.599328041,0.413373411,99.95629883,2.909338474,4.161038399,222.3600006,230.0664063,15.93255138,62.36911392,Autumn,3
11/16/2035,15.75974274,22.3860054,10.84691334,6.516993523,0.409092456,99.95750427,2.917648792,4.175350189,224.265152,231.9109344,15.69600677,62.47222137,Autumn,3
11/17/2035,15.54330921,22.16559219,10.64591789,6.43633461,0.405067503,99.95903778,2.925991058,4.189658642,226.1371307,233.7154083,15.46192646,62.57865143,Autumn,3
11/18/2035,15.32925606,21.94772148,10.44684887,6.357463837,0.401276141,99.96091461,2.934352875,4.203947544,227.9705048,235.4746399,15.23073292,62.68813705,Autumn,3
11/19/2035,15.11798096,21.73284531,10.25004959,6.280483246,0.397696912,99.96316528,2.942721367,4.21820116,229.7599182,237.1835938,15.00283909,62.80039978,Autumn,3
11/20/2035,14.90988636,21.52138519,10.05586815,6.205491543,0.394308984,99.96581268,2.951084614,4.232404709,231.5003052,238.8374634,14.77863884,62.91514206,Autumn,3
11/21/2035,14.70534801,21.31376457,9.864638329,6.132576942,0.391092807,99.96887207,2.959429264,4.246541023,233.1867371,240.4317627,14.55851841,63.03205109,Autumn,3
11/22/2035,14.50472641,21.11036682,9.67667675,6.061820984,0.388030112,99.9723587,2.967743874,4.260594368,234.8146667,241.962326,14.34283638,63.15081406,Autumn,3
11/23/2035,14.30836391,20.91156387,9.492294312,5.993296146,0.38510403,99.97628784,2.976015568,4.274548531,236.379776,243.425354,14.13193321,63.27110291,Autumn,3
11/24/2035,14.1165781,20.71769333,9.311772346,5.927063942,0.382299453,99.98066711,2.984231472,4.288386345,237.8781738,244.8174286,13.92612648,63.39260864,Autumn,3
11/25/2035,13.92966461,20.52907181,9.13538456,5.863180161,0.379602939,99.98551178,2.992378712,4.302090168,239.3062286,246.135498,13.72570705,63.5150032,Autumn,3
11/26/2035,13.74788761,20.34597778,8.963376999,5.801687241,0.377002776,99.99081421,3.000445366,4.315643311,240.6608582,247.3769684,13.53093624,63.63796616,Autumn,3
11/27/2035,13.57148552,20.16866684,8.795978546,5.742618084,0.374489248,99.99658966,3.008418083,4.329027176,241.9392853,248.5397186,13.34204769,63.76118088,Autumn,3
11/28/2035,13.4006691,19.99735641,8.633387566,5.685997963,0.372054428,100.0028305,3.016284943,4.342223644,243.139267,249.6220856,13.15924549,63.88433456,Autumn,3
11/29/2035,13.23561954,19.83222389,8.475785255,5.631836414,0.369692296,100.0095215,3.024031639,4.355214596,244.2589417,250.6228485,12.98269749,64.00712585,Autumn,3
11/30/2035,13.07647896,19.67341995,8.323318481,5.580140114,0.367398769,100.0166626,3.031645775,4.367981434,245.2969971,251.5413055,12.81254196,64.12927246,Autumn,3
12/1/2035,12.92336655,19.52105713,8.176115036,5.530899048,0.365171403,100.0242386,3.039115429,4.380505085,246.252533,252.3771973,12.64888668,64.25048828,Winter,0
12/2/2035,12.77636433,19.37521362,8.034274101,5.48409605,0.363009572,100.0322266,3.046426296,4.392766953,247.1251984,253.1307831,12.49180794,64.37049866,Winter,0
12/3/2035,12.63552189,19.23592377,7.897865295,5.439703941,0.360914141,100.0406113,3.053566933,4.404747963,247.9150543,253.8028107,12.34134007,64.48905182,Winter,0
12/4/2035,12.50085831,19.10319901,7.766931534,5.397685051,0.358887702,100.0493698,3.060523987,4.41642952,248.6226959,254.3944092,12.19749355,64.60591125,Winter,0
12/5/2035,12.37237167,18.97701263,7.641489029,5.357993126,0.356933892,100.0584717,3.067285061,4.427792549,249.2491302,254.9072723,12.06025028,64.72084045,Winter,0
12/6/2035,12.25000477,18.85730362,7.521526337,5.320572853,0.355057627,100.0678787,3.073838234,4.438819885,249.7958679,255.3434296,11.92955208,64.83363342,Winter,0
12/7/2035,12.13369846,18.74397659,7.407009125,5.285361767,0.353264928,100.0775681,3.080171108,4.449492931,250.2647705,255.705368,11.80531788,64.94408417,Winter,0
12/8/2035,12.02334976,18.63691521,7.297873497,5.252287865,0.35156244,100.0874939,3.086273193,4.459794044,250.6582642,255.9959412,11.68743992,65.05200958,Winter,0
12/9/2035,11.91882801,18.53596687,7.19403553,5.221272469,0.349957585,100.0976181,3.092132568,4.469707966,250.9790192,256.2184143,11.57577896,65.15724182,Winter,0
12/10/2035,11.81999683,18.44096375,7.095380783,5.192231178,0.348458022,100.1079025,3.097740173,4.479218006,251.2300873,256.3762207,11.4701786,65.25961304,Winter,0
12/11/2035,11.72667503,18.35170174,7.001785278,5.165073395,0.347071767,100.1182938,3.103085518,4.48830986,251.414917,256.4732971,11.3704567,65.3589859,Winter,0
12/12/2035,11.63867283,18.26796532,6.913097382,5.139703751,0.345806718,100.128746,3.108159542,4.496968746,251.5371857,256.5137024,11.27641106,65.45523071,Winter,0
12/13/2035,11.55578136,18.18951797,6.829141617,5.116021156,0.344670653,100.1392136,3.112955093,4.50518465,251.6008911,256.5016785,11.18782425,65.5482254,Winter,0
12/14/2035,11.47777653,18.11610413,6.74973774,5.093923092,0.343670875,100.1496429,3.117464066,4.512944221,251.6101837,256.4417725,11.10446739,65.6378479,Winter,0
12/15/2035,11.40441608,18.04747009,6.674687386,5.073304176,0.342814058,100.1599884,3.121681213,4.52023983,251.569458,256.338562,11.02609158,65.72401428,Winter,0
12/16/2035,11.33545589,17.98333931,6.603776932,5.054054737,0.342106223,100.1701965,3.125601292,4.527062416,251.4832153,256.1967163,10.95244789,65.80662537,Winter,0
12/17/2035,11.27063942,17.9234314,6.536782265,5.036066532,0.341552407,100.1802139,3.129220486,4.533406734,251.3560944,256.0210266,10.88327503,65.8855896,Winter,0
12/18/2035,11.20970154,17.86746025,6.473475456,5.019230843,0.341156483,100.1899872,3.132535934,4.53926897,251.192688,255.8162689,10.81830597,65.96081543,Winter,0
12/19/2035,11.15237904,17.81515121,6.413617134,5.003437996,0.340921164,100.1994629,3.135547161,4.544645786,250.9977875,255.5870819,10.75728035,66.03225708,Winter,0
12/20/2035,11.09841156,17.76621628,6.356972694,4.988581181,0.34084785,100.2085953,3.138254642,4.549538136,250.7759705,255.3382263,10.69993114,66.099823,Winter,0
12/21/2035,11.0475359,17.72038269,6.303296089,4.974555016,0.340936393,100.2173309,3.140658855,4.553947449,250.5319061,255.0741577,10.64600182,66.16345215,Winter,0
12/22/2035,10.99949455,17.67738342,6.252353668,4.961258411,0.341185242,100.2256317,3.142763615,4.557878494,250.2700195,254.7992706,10.59524059,66.22307587,Winter,0
12/23/2035,10.9540453,17.63696289,6.203903198,4.948591232,0.341591328,100.2334442,3.144573212,4.561336994,249.994751,254.5177765,10.54739761,66.27863312,Winter,0
12/24/2035,10.91094208,17.59887314,6.157714844,4.936459541,0.342149854,100.2407227,3.146093845,4.564332008,249.7101898,254.2336426,10.50224686,66.33005524,Winter,0
12/25/2035,10.86996365,17.56288528,6.113566399,4.92477417,0.342854619,100.2474289,3.147333622,4.566874504,249.4203491,253.950592,10.45956612,66.37727356,Winter,0
12/26/2035,10.83090019,17.52878952,6.071240425,4.913449764,0.343697757,100.2535248,3.148300648,4.568976879,249.1289215,253.6720276,10.41915321,66.42024231,Winter,0
12/27/2035,10.79354763,17.49638367,6.030531883,4.902410507,0.344669998,100.2589874,3.149006844,4.570655346,248.839386,253.4010468,10.38081741,66.45887756,Winter,0
12/28/2035,10.75773239,17.46550751,5.991252899,4.891581535,0.345760524,100.2637711,3.1494627,4.57192564,248.5548553,253.1405182,10.34438896,66.49311066,Winter,0
12/29/2035,10.72329521,17.43599319,5.953221321,4.880900383,0.346957207,100.2678528,3.149682522,4.572808266,248.2781982,252.8927917,10.30972195,66.52287292,Winter,0
