Date,T2M,T2M_MAX,T2M_MIN,QV2M,PRECTOTCORR,PS,WS2M,WS10M,WD10M,WD2M,TS,RH2M,season,season_id
1/1/2026,11.73054504,17.16425896,7.756821156,5.657233238,0.491568238,101.4462509,3.725956202,5.054543972,242.4851837,243.7922516,11.85891533,69.88358307,Winter,0
1/2/2026,11.69480133,17.13463593,7.715610981,5.642988205,0.493336707,101.4470596,3.723472834,5.052520752,242.3188629,243.6777496,11.81797409,69.90878296,Winter,0
1/3/2026,11.66036606,17.10608673,7.675477505,5.628714561,0.494965822,101.4470901,3.720802069,5.050247669,242.1719971,243.5795593,11.77851677,69.92858124,Winter,0
1/4/2026,11.62719345,17.0785923,7.63634634,5.614411354,0.496434152,101.4463425,3.717962027,5.047746181,242.0441895,243.4968414,11.74052811,69.94299316,Winter,0
1/5/2026,11.5952549,17.05215454,7.598176479,5.600084782,0.497720927,101.4448166,3.714970112,5.045040607,241.9346771,243.4285583,11.70400429,69.95201111,Winter,0
1/6/2026,11.56453896,17.02680206,7.560929775,5.585752487,0.498806804,101.442543,3.71184516,5.042152882,241.8423615,243.3731995,11.66896343,69.9556427,Winter,0
1/7/2026,11.53504753,17.00257301,7.524588585,5.571437836,0.499673933,101.4395294,3.708605289,5.039105892,241.7657471,243.3290558,11.6354332,69.95391846,Winter,0
1/8/2026,11.5067997,16.97952461,7.489145756,5.557169914,0.50030601,101.4357986,3.705269098,5.035923481,241.7030182,243.2940979,11.6034584,69.94688416,Winter,0
1/9/2026,11.47982597,16.95772934,7.454610825,5.542988777,0.50068891,101.4313812,3.701855659,5.032627583,241.6521301,243.2660217,11.57309723,69.9345932,Winter,0
1/10/2026,11.45417118,16.93727875,7.421007156,5.528934002,0.500810444,101.4263,3.698383331,5.029241562,241.6107025,243.2423553,11.5444231,69.91711426,Winter,0
1/11/2026,11.42989635,16.91827011,7.388369083,5.51505661,0.500660837,101.4205933,3.694869995,5.025787354,241.5761261,243.2204132,11.51751518,69.89450073,Winter,0
1/12/2026,11.4070673,16.90082169,7.356749058,5.501407623,0.500232995,101.4143066,3.691334486,5.022287369,241.5456085,243.1973419,11.49246597,69.86685944,Winter,0
1/13/2026,11.38576317,16.88505173,7.326205254,5.488044262,0.49952209,101.4074707,3.687794447,5.018761158,241.5162354,243.1702118,11.46937943,69.83427429,Winter,0
1/14/2026,11.36607742,16.87109375,7.296807289,5.4750247,0.498526454,101.4001312,3.684266567,5.015231133,241.4848938,243.1360321,11.44836426,69.79685974,Winter,0
1/15/2026,11.34810257,16.85908508,7.268636703,5.462411404,0.497246951,101.392334,3.68076849,5.011716843,241.4483948,243.0916748,11.429533,69.75471497,Winter,0
1/16/2026,11.33194447,16.84916878,7.241782188,5.450264931,0.495687693,101.3841324,3.677316189,5.008235931,241.4035645,243.0341187,11.41300869,69.70797729,Winter,0
1/17/2026,11.31771088,16.84148979,7.216341019,5.438651085,0.493855476,101.3755798,3.673924685,5.004808426,241.3470917,242.9603119,11.39891052,69.6567688,Winter,0
1/18/2026,11.30551338,16.83619308,7.19241333,5.427631378,0.491760135,101.3667221,3.670608997,5.001448631,241.2758179,242.8672791,11.38736534,69.60122681,Winter,0
1/19/2026,11.29546928,16.83342361,7.170110226,5.417268276,0.489414513,101.3576126,3.667382479,4.998173714,241.1865234,242.752121,11.37849617,69.54148865,Winter,0
1/20/2026,11.28768921,16.83332443,7.149540424,5.407622337,0.486834168,101.3482971,3.66425705,4.994996071,241.0761414,242.6121216,11.37242508,69.47772217,Winter,0
1/21/2026,11.28229141,16.83603096,7.130815506,5.398751259,0.484037519,101.3388519,3.661245584,4.991930485,240.9417267,242.4446716,11.36926746,69.41007996,Winter,0
1/22/2026,11.27938557,16.84167862,7.114053249,5.390711308,0.481045663,101.3293076,3.658356667,4.988986969,240.7804413,242.247345,11.36914158,69.3387146,Winter,0
1/23/2026,11.27908421,16.85038757,7.099365711,5.383554459,0.477881938,101.319725,3.655600071,4.986175537,240.5896149,242.0179596,11.37215424,69.2638092,Winter,0
1/24/2026,11.28148842,16.86227036,7.086864471,5.377329826,0.474572241,101.3101578,3.652983189,4.983504295,240.3668976,241.7545319,11.37840652,69.18553162,Winter,0
1/25/2026,11.2867012,16.87743759,7.076662064,5.372080803,0.471144378,101.3006592,3.650511742,4.980978012,240.1100464,241.4553375,11.38799,69.10406494,Winter,0
1/26/2026,11.29480553,16.89597321,7.068860531,5.367847443,0.467628032,101.2912674,3.648191214,4.978602409,239.8170624,241.1189117,11.40098572,69.01957703,Winter,0
1/27/2026,11.30589104,16.91795921,7.063565254,5.364663124,0.464054376,101.2820282,3.646024466,4.976379395,239.4863281,240.7440796,11.41746902,68.93227386,Winter,0
1/28/2026,11.32003403,16.94346237,7.06086874,5.362557411,0.460455924,101.272995,3.644013405,4.974309921,239.1163177,240.3299255,11.43749619,68.84233093,Winter,0
1/29/2026,11.33729362,16.97253036,7.060856819,5.361555099,0.456866115,101.2642059,3.642158031,4.97239399,238.7060089,239.8758392,11.46111965,68.74994659,Winter,0
1/30/2026,11.35772514,17.00520134,7.063611984,5.361673355,0.453318924,101.2556839,3.640457392,4.970626831,238.2544708,239.381485,11.48836994,68.65531921,Winter,0
1/31/2026,11.38137054,17.04149437,7.069207191,5.362926483,0.449848711,101.2474747,3.638908148,4.969005585,237.7612,238.846817,11.51927376,68.55863953,Winter,0
2/1/2026,11.40826416,17.08141136,7.077694893,5.365320206,0.446489781,101.2396088,3.6375072,4.967522621,237.2259369,238.27211,11.55383682,68.46009827,Winter,0
2/2/2026,11.43841839,17.12494469,7.089137554,5.368855953,0.443275958,101.2321014,3.636248827,4.966171265,236.6487427,237.6578827,11.59205723,68.3598938,Winter,0
2/3/2026,11.47184563,17.17206573,7.103570461,5.373531342,0.440240383,101.2249832,3.635124922,4.964939594,236.0299225,237.0048523,11.63390827,68.25823975,Winter,0
2/4/2026,11.50853729,17.22273064,7.121026516,5.379336834,0.437414855,101.2182617,3.634128571,4.96381855,235.3701019,236.3141327,11.67936897,68.15530396,Winter,0
2/5/2026,11.54847336,17.27688217,7.141522884,5.386259079,0.43483001,101.2119598,3.63324976,4.962795258,234.6701355,235.5869904,11.72838688,68.05130005,Winter,0
2/6/2026,11.59162712,17.33445358,7.165071964,5.39427948,0.432514429,101.2060776,3.632478714,4.961853981,233.9311676,234.8248749,11.78090572,67.94641876,Winter,0
2/7/2026,11.63795757,17.39535332,7.191666603,5.403375626,0.430494636,101.2006149,3.631803274,4.9609828,233.1545715,234.02948,11.83685398,67.84083557,Winter,0
2/8/2026,11.68740559,17.45948792,7.221296787,5.413520813,0.428794801,101.1955795,3.631211758,4.960163116,232.3418579,233.202652,11.89615059,67.73474121,Winter,0
2/9/2026,11.73990917,17.52674866,7.253937244,5.424686432,0.427436113,101.1909637,3.630690813,4.959379196,231.4948273,232.346405,11.95870304,67.62831116,Winter,0
2/10/2026,11.79540062,17.59701157,7.289549828,5.436837673,0.426436961,101.1867523,3.630227327,4.958612919,230.6154022,231.4628601,12.02441025,67.52172852,Winter,0
2/11/2026,11.85378742,17.67015266,7.328092575,5.449940681,0.425812453,101.18293,3.629807234,4.957846165,229.7056427,230.5542145,12.09316063,67.41514587,Winter,0
2/12/2026,11.9149828,17.74603081,7.369510174,5.463956833,0.425574183,101.1794891,3.629415274,4.957061291,228.7677612,229.6227722,12.16483307,67.30873108,Winter,0
2/13/2026,11.97888279,17.82450485,7.413734913,5.47884655,0.425730199,101.1763916,3.629038334,4.956238747,227.8040009,228.6708221,12.23930359,67.20262146,Winter,0
2/14/2026,12.04538155,17.90542412,7.460699081,5.494570732,0.426284641,101.1736298,3.628661394,4.955360413,226.8167572,227.7007141,12.31644058,67.09699249,Winter,0
2/15/2026,12.11436844,17.98863983,7.510320187,5.511088371,0.427237868,101.1711578,3.628270388,4.954408646,225.8083344,226.7147217,12.39610672,66.99195862,Winter,0
2/16/2026,12.18572044,18.07399559,7.562510967,5.528357983,0.428586394,101.1689529,3.627851486,4.953364372,224.781189,225.7151947,12.47816849,66.88763428,Winter,0
2/17/2026,12.25932312,18.1613369,7.617178917,5.546339035,0.430322558,101.1669769,3.627390862,4.95221138,223.7376556,224.7042999,12.56248283,66.78413391,Winter,0
2/18/2026,12.33504677,18.25050735,7.674224377,5.56498909,0.432434857,101.1651917,3.626876831,4.950932503,222.6800995,223.6841736,12.64890862,66.68157959,Winter,0
2/19/2026,12.41277122,18.34135628,7.733544827,5.584271431,0.434907705,101.1635666,3.626296759,4.949513435,221.6107483,222.6567993,12.73730564,66.58004761,Winter,0
2/20/2026,12.49236488,18.43373299,7.795033932,5.604148865,0.437721997,101.1620483,3.625640392,4.947938919,220.5317688,221.6240234,12.82753754,66.47961426,Winter,0
2/21/2026,12.57370567,18.5274868,7.858583927,5.624585629,0.440854758,101.1606064,3.624897957,4.94619751,219.445282,220.5876312,12.91946983,66.38035583,Winter,0
2/22/2026,12.6566658,18.62248802,7.924080372,5.645547867,0.444279373,101.1591873,3.624060631,4.944277763,218.3531647,219.5491028,13.01296806,66.28230286,Winter,0
2/23/2026,12.74112701,18.71859932,7.991416454,5.667003632,0.447966188,101.1577606,3.623121738,4.942169189,217.2572327,218.5098419,13.10790825,66.18550873,Winter,0
2/24/2026,12.82696915,18.81569672,8.060479164,5.688927174,0.451882213,101.1562653,3.622075796,4.939865112,216.1591187,217.470993,13.20417404,66.08999634,Winter,0
2/25/2026,12.91407967,18.91366196,8.131157875,5.711291313,0.455991924,101.1546707,3.620918512,4.93735981,215.060257,216.4335785,13.30164719,65.99577332,Winter,0
2/26/2026,13.00234795,19.01239395,8.203342438,5.734074116,0.460257202,101.1529388,3.619647264,4.934649467,213.9619293,215.3983002,13.40022659,65.90284729,Winter,0
2/27/2026,13.09167099,19.11179161,8.276930809,5.757257462,0.464637667,101.1510162,3.618262291,4.931732178,212.8651886,214.3657227,13.49981499,65.81118774,Winter,0
2/28/2026,13.18195152,19.2117691,8.351818085,5.780822754,0.469091386,101.14888,3.61676383,4.928610325,211.7709351,213.3362274,13.600317,65.72077179,Winter,0
3/1/2026,13.27310181,19.31225395,8.427905083,5.804759502,0.473574847,101.1464767,3.615155697,4.925284863,210.6798248,212.3098907,13.70166397,65.63156128,Spring,1
3/2/2026,13.36503792,19.4131794,8.50510025,5.829056263,0.478043675,101.1437759,3.613442421,4.921762466,209.5923767,211.2866669,13.80378342,65.54348755,Spring,1
3/3/2026,13.45767975,19.51449394,8.583312035,5.853707314,0.482452959,101.1407471,3.611629963,4.918049335,208.5088196,210.2662964,13.9066124,65.45649719,Spring,1
3/4/2026,13.55096626,19.6161499,8.662457466,5.878707886,0.486757427,101.1373672,3.609727859,4.914156914,207.429306,209.2483063,14.01010323,65.37051392,Spring,1
3/5/2026,13.64483452,19.71812439,8.742462158,5.904057503,0.490912348,101.1335983,3.607745409,4.910095215,206.3536987,208.2321014,14.11421585,65.28543854,Spring,1
3/6/2026,13.73923302,19.8203907,8.823252678,5.929756165,0.494873554,101.129425,3.605695009,4.905879498,205.2817688,207.2169037,14.21891975,65.20117188,Spring,1
3/7/2026,13.8341198,19.9229393,8.904761314,5.955807686,0.498598158,101.1248322,3.603589058,4.901525974,204.213089,206.2017822,14.32419205,65.11760712,Spring,1
3/8/2026,13.9294548,20.02576637,8.986935616,5.982218266,0.502044678,101.1197891,3.601443052,4.897052765,203.1470642,205.1857147,14.43001938,65.03463745,Spring,1
3/9/2026,14.02521324,20.12887955,9.069721222,6.008993149,0.505173802,101.1143036,3.599272966,4.892478466,202.0830688,204.1675568,14.53639984,64.95211792,Spring,1
3/10/2026,14.12137222,20.23229408,9.153071404,6.036142826,0.507948637,101.1083527,3.597096443,4.887825012,201.0202484,203.1461487,14.64333153,64.86994934,Spring,1
3/11/2026,14.2179184,20.33603096,9.236950874,6.063674927,0.51033479,101.101944,3.594932318,4.883116722,199.9577637,202.1201477,14.7508297,64.7879715,Spring,1
3/12/2026,14.31484032,20.44011307,9.321327209,6.091601372,0.512301385,101.0950699,3.592799425,4.878376007,198.8946228,201.0883484,14.85890388,64.70606232,Spring,1
3/13/2026,14.4121418,20.54457474,9.406172752,6.119931698,0.513820589,101.0877457,3.590718508,4.873628616,197.8297729,200.0493927,14.9675808,64.62407684,Spring,1
3/14/2026,14.50981712,20.64945412,9.491470337,6.148675919,0.514868557,101.0799713,3.588709831,4.868901253,196.7622528,199.0020142,15.07688522,64.54187775,Spring,1
3/15/2026,14.60787964,20.75478554,9.577204704,6.177845955,0.515425444,101.0717697,3.586794615,4.864219666,195.6909332,197.9449463,15.18684769,64.45932007,Spring,1
3/16/2026,14.70633698,20.86061096,9.663366318,6.207449913,0.515475452,101.0631485,3.584994316,4.859611511,194.6148529,196.8770599,15.29749489,64.37627411,Spring,1
3/17/2026,14.80520439,20.96696854,9.749950409,6.237496853,0.515007377,101.0541382,3.583330154,4.855102539,193.5329285,195.7972107,15.40886497,64.29261017,Spring,1
3/18/2026,14.90449905,21.07390213,9.836959839,6.267994881,0.514014423,101.044754,3.581823111,4.850721359,192.4442749,194.704422,15.52099419,64.20819092,Spring,1
3/19/2026,15.00423813,21.18144226,9.924395561,6.298949718,0.512494445,101.0350266,3.58049345,4.846493721,191.3479919,193.5978241,15.63391304,64.12289429,Spring,1
3/20/2026,15.10444069,21.28962708,10.01226711,6.330365658,0.510450006,101.0249939,3.579360723,4.84244442,190.2433167,192.4766998,15.74765778,64.03660583,Spring,1
3/21/2026,15.20512581,21.39849091,10.10058308,6.36224556,0.507888258,101.0146866,3.578443766,4.838600159,189.1295319,191.3404999,15.86225319,63.94922256,Spring,1
3/22/2026,15.30631447,21.50805283,10.18935585,6.394589901,0.504821122,101.0041428,3.577760458,4.834982872,188.0061188,190.188797,15.97773361,63.86064148,Spring,1
3/23/2026,15.40802383,21.61834145,10.27860165,6.427396297,0.501265049,100.9934006,3.577326775,4.831615448,186.8726349,189.0214081,16.09412193,63.77077484,Spring,1
3/24/2026,15.51026917,21.7293663,10.36833382,6.460661411,0.497240722,100.9824982,3.577157974,4.828517914,185.7288513,187.8383179,16.21143723,63.6795578,Spring,1
3/25/2026,15.61306381,21.84113693,10.45856857,6.494379044,0.492773265,100.9714813,3.577266693,4.82570982,184.5746002,186.6396942,16.32969284,63.58692169,Spring,1
3/26/2026,15.71642113,21.95365524,10.54932308,6.528539658,0.487891614,100.9604034,3.577664137,4.823206425,183.4099731,185.4259338,16.44890022,63.49281311,Spring,1
3/27/2026,15.82035065,22.06690979,10.64061165,6.56313324,0.482628644,100.949295,3.578359842,4.821022034,182.2351532,184.1976166,16.56906509,63.39719772,Spring,1
3/28/2026,15.92485619,22.18088722,10.73245335,6.598145485,0.477020442,100.9382095,3.579360723,4.819167614,181.0505676,182.9555664,16.69017792,63.30006409,Spring,1
3/29/2026,16.02993774,22.29556656,10.82486057,6.633563042,0.47110635,100.9272003,3.580671072,4.817651749,179.85672,181.7007446,16.81223106,63.20138931,Spring,1
3/30/2026,16.13559151,22.41091347,10.91784573,6.66936779,0.464928478,100.9162979,3.582292795,4.81648159,178.6543732,180.4343567,16.93521118,63.10120392,Spring,1
3/31/2026,16.24181557,22.52688789,11.01142311,6.705539703,0.458531022,100.9055634,3.58422637,4.815658569,177.4443665,179.1577454,17.05909157,62.99951172,Spring,1
4/1/2026,16.34859276,22.64344597,11.10560036,6.742060661,0.451960206,100.8950348,3.586468935,4.815182686,176.2277527,177.872467,17.1838398,62.89635849,Spring,1
4/2/2026,16.45591164,22.76053047,11.20038605,6.778908253,0.445263684,100.8847504,3.589015007,4.815051556,175.005661,176.5801697,17.30941772,62.79179764,Spring,1
4/3/2026,16.56374931,22.87807846,11.2957859,6.816058636,0.438490152,100.8747635,3.59185648,4.815257549,173.7794647,175.2827148,17.43578529,62.68590164,Spring,1
4/4/2026,16.67208481,22.99602127,11.3918047,6.853489399,0.431688666,100.8651047,3.594982862,4.815792084,172.5505219,173.9820251,17.56289291,62.57873917,Spring,1
4/5/2026,16.78089714,23.11429024,11.48844337,6.891177654,0.42490837,100.8558273,3.598381042,4.816642284,171.3203583,172.6801758,17.69068146,62.47041321,Spring,1
4/6/2026,16.89014816,23.23280334,11.58569908,6.929098606,0.41819793,100.8469467,3.602035522,4.817791939,170.0905609,171.3792267,17.81908989,62.36102295,Spring,1
4/7/2026,16.99980927,23.35148239,11.68357277,6.96723032,0.41160506,100.8385162,3.605928421,4.819221973,168.862793,170.0813904,17.94805717,62.25068665,Spring,1
4/8/2026,17.1098423,23.47023964,11.7820549,7.005548954,0.405175954,100.8305588,3.610038996,4.820910931,167.6387482,168.7888184,18.07751274,62.13953781,Spring,1
4/9/2026,17.22021675,23.58899307,11.88114357,7.044034958,0.398954988,100.8230972,3.614345074,4.822834969,166.4201355,167.5037384,18.20738602,62.02770615,Spring,1
4/10/2026,17.33088875,23.70765305,11.98082542,7.082667351,0.392984122,100.8161621,3.618821621,4.824966431,165.2086792,166.228302,18.33760071,61.91532898,Spring,1
4/11/2026,17.44182587,23.82613564,12.08109665,7.121428967,0.387302577,100.8097763,3.623442411,4.827275276,164.006073,164.9646301,18.46808624,61.8025589,Spring,1
4/12/2026,17.55298424,23.94435501,12.18194199,7.160303593,0.381946325,100.8039474,3.628179789,4.829730034,162.8139496,163.7147827,18.59876633,61.68954849,Spring,1
4/13/2026,17.66432762,24.06223488,12.28335476,7.199277878,0.376947761,100.7987061,3.633003473,4.832297325,161.6338806,162.4806671,18.7295723,61.57644653,Spring,1
4/14/2026,17.77582169,24.17969704,12.38532066,7.238341331,0.372335404,100.7940521,3.63788271,4.834941864,160.4673767,161.2641449,18.86042404,61.46341324,Spring,1
4/15/2026,17.8874321,24.29666901,12.48783016,7.277486801,0.368133634,100.7899933,3.642785788,4.837625504,159.3158112,160.0668335,18.99126053,61.3506012,Spring,1
4/16/2026,17.99912834,24.41309166,12.59087086,7.316709995,0.36436221,100.7865295,3.647679806,4.840312004,158.1804047,158.890274,19.122015,61.23815918,Spring,1
4/17/2026,18.1108799,24.52890587,12.69443512,7.35600996,0.36103633,100.7836761,3.652532101,4.842960358,157.0622864,157.7357483,19.25262833,61.12623978,Spring,1
4/18/2026,18.22266579,24.64406586,12.79851246,7.395390987,0.358166218,100.7814102,3.657307863,4.845533371,155.9623871,156.6043549,19.3830471,61.01497269,Spring,1
4/19/2026,18.33446693,24.75853539,12.9030962,7.434856892,0.355757207,100.7797394,3.661975384,4.847989082,154.881424,155.4969788,19.51322174,60.90449524,Spring,1
4/20/2026,18.44626808,24.87228775,13.00818348,7.474420071,0.353809386,100.7786484,3.666499853,4.850289345,153.8199921,154.4142456,19.643116,60.79493332,Spring,1
4/21/2026,18.5580616,24.98530769,13.11376953,7.51409483,0.352317959,100.7781219,3.670849323,4.85239315,152.7784576,153.3565369,19.77269554,60.68639374,Spring,1
4/22/2026,18.66984749,25.09759331,13.2198534,7.553898335,0.351272941,100.7781448,3.674991131,4.854264259,151.7569733,152.3240051,19.9019413,60.57897186,Spring,1
4/23/2026,18.78162956,25.20915794,13.32643986,7.59385252,0.350659281,100.7787094,3.678894997,4.855863094,150.7554169,151.3164978,20.03083611,60.4727478,Spring,1
4/24/2026,18.89342117,25.32002068,13.43353271,7.633981705,0.350457251,100.7797775,3.68253088,4.857154846,149.7735291,150.3336334,20.15938187,60.36779404,Spring,1
4/25/2026,19.00523949,25.43022156,13.54114342,7.674314976,0.350642055,100.7813339,3.685871124,4.858103752,148.8108063,149.3747864,20.28757858,60.26415634,Spring,1
4/26/2026,19.1171093,25.53980827,13.64928055,7.714883804,0.351184875,100.7833481,3.688889027,4.858677864,147.8665161,148.4390106,20.41545105,60.16187286,Spring,1
4/27/2026,19.22907066,25.64884567,13.75796223,7.755721092,0.352052122,100.7857971,3.691560268,4.858846664,146.9396973,147.5251465,20.54302216,60.06093979,Spring,1
4/28/2026,19.3411541,25.75741005,13.86720848,7.796864986,0.353206754,100.7886505,3.693863153,4.858582497,146.0292206,146.6318207,20.67033005,59.96136475,Spring,1
4/29/2026,19.45341492,25.86559105,13.97704124,7.83835268,0.35460791,100.7918777,3.695777416,4.857860088,145.133728,145.7574005,20.79742813,59.86310577,Spring,1
4/30/2026,19.56590271,25.97348976,14.08748436,7.880224705,0.356211513,100.7954483,3.697285891,4.856657028,144.251709,144.9000702,20.92437172,59.7661171,Spring,1
5/1/2026,19.67868042,26.08122253,14.19856739,7.922522545,0.357970834,100.799324,3.698373318,4.854953289,143.381485,144.057785,21.05122948,59.67033005,Spring,1
5/2/2026,19.79181671,26.18890953,14.31032372,7.965287685,0.359836638,100.8034744,3.699028969,4.852734566,142.521225,143.2283783,21.17808342,59.57564926,Spring,1
5/3/2026,19.90537834,26.29668617,14.42278767,8.008563042,0.361757934,100.8078766,3.69924283,4.849986076,141.6689606,142.4094849,21.30501556,59.48195648,Spring,1
5/4/2026,20.01944733,26.4046936,14.53599644,8.052389145,0.3636823,100.8124847,3.699008703,4.846699715,140.8226166,141.5987091,21.43212128,59.38912201,Spring,1
5/5/2026,20.13409996,26.5130825,14.64998627,8.09680748,0.365556449,100.8172607,3.698323727,4.842870712,139.980072,140.7934875,21.55950356,59.29698944,Spring,1
5/6/2026,20.24942398,26.62200928,14.76479816,8.141857147,0.367326647,100.8221893,3.697187901,4.838495255,139.1391449,139.9912415,21.68726349,59.20537949,Spring,1
5/7/2026,20.36550713,26.73163223,14.880476,8.187573433,0.36893937,100.8272247,3.695603132,4.833576202,138.2975769,139.1893311,21.81552315,59.11410141,Spring,1
5/8/2026,20.48243332,26.84211731,14.99705505,8.233992577,0.370341718,100.8323441,3.693575144,4.828117847,137.4532013,138.3851471,21.94439125,59.02294159,Spring,1
5/9/2026,20.60029411,26.95363045,15.11458111,8.281146049,0.371482015,100.8375092,3.691112757,4.82212925,136.6037903,137.5760803,22.07398796,58.9316864,Spring,1
5/10/2026,20.71917725,27.06632996,15.23309326,8.329059601,0.372310251,100.8427048,3.688226938,4.815621376,135.7472382,136.7596588,22.20443344,58.84008026,Spring,1
5/11/2026,20.83917236,27.1803875,15.35263062,8.377758026,0.372778445,100.8478851,3.684930801,4.808609962,134.8815155,135.9334564,22.33584785,58.74788284,Spring,1
5/12/2026,20.96035957,27.29595566,15.47322941,8.427257538,0.372841328,100.8530426,3.681240797,4.801114082,134.0046844,135.0951843,22.46834946,58.65481949,Spring,1
5/13/2026,21.08282471,27.41319275,15.59492397,8.477573395,0.372456729,100.858139,3.677175522,4.793153763,133.114975,134.2427216,22.6020546,58.56062317,Spring,1
5/14/2026,21.20664024,27.53224373,15.71774197,8.528713226,0.371586025,100.8631592,3.672755003,4.784752846,132.2107849,133.3741455,22.7370739,58.46501923,Spring,1
5/15/2026,21.33188057,27.65324974,15.841712,8.58067894,0.370194167,100.8680878,3.668001652,4.775938511,131.2906952,132.4877625,22.87351608,58.36772156,Spring,1
5/16/2026,21.45860672,27.77633476,15.96685696,8.633464813,0.368250668,100.8728943,3.662940025,4.766739368,130.3535309,131.5820923,23.01147652,58.26845169,Spring,1
5/17/2026,21.58687782,27.90161896,16.09318924,8.68706131,0.365729183,100.8775635,3.657594919,4.757184982,129.3983459,130.6559448,23.15104866,58.16691971,Spring,1
5/18/2026,21.71673965,28.02920532,16.22072029,8.741449356,0.362608403,100.8820877,3.651993752,4.747308731,128.4244537,129.7084503,23.29231262,58.06285095,Spring,1
5/19/2026,21.84823227,28.15918159,16.34945679,8.796607018,0.358871937,100.8864594,3.646163464,4.737143517,127.4314575,128.7390289,23.4353466,57.95597076,Spring,1
5/20/2026,21.98138237,28.29162216,16.47938919,8.852501869,0.35450843,100.8906555,3.640132189,4.726724148,126.4192581,127.7473907,23.58020401,57.84601593,Spring,1
5/21/2026,22.11620903,28.42657852,16.61051178,8.909095764,0.349511862,100.8946686,3.633928776,4.716085434,125.3880234,126.7336197,23.72693443,57.73272705,Spring,1
5/22/2026,22.25271797,28.56409454,16.74279976,8.966344833,0.343881458,100.8984985,3.627582073,4.705264091,124.338295,125.698143,23.8755722,57.61586761,Spring,1
5/23/2026,22.39090347,28.70418167,16.87623024,9.024198532,0.337621927,100.9021378,3.621120453,4.69429493,123.2708893,124.6417389,24.02613258,57.49521637,Spring,1
5/24/2026,22.53074265,28.84684944,17.01076508,9.082596779,0.330743194,100.9055786,3.61457181,4.683213711,122.1869507,123.5655365,24.17862701,57.37055588,Spring,1
5/25/2026,22.67220688,28.99207115,17.14635849,9.141479492,0.323260337,100.9088287,3.607963324,4.672055244,121.0879364,122.470993,24.33304024,57.24171448,Spring,1
5/26/2026,22.81524849,29.13980484,17.28295517,9.2007761,0.315193623,100.9118805,3.601321697,4.660852432,119.9756546,121.3599319,24.48934555,57.10851669,Spring,1
5/27/2026,22.95981026,29.28999519,17.42049408,9.26041317,0.306568086,100.9147339,3.594671726,4.649640083,118.8521652,120.2345276,24.64750099,56.97082138,Spring,1
5/28/2026,23.1058197,29.44255447,17.55890274,9.320310593,0.297413588,100.9173965,3.588037491,4.638446808,117.7198639,119.0972443,24.80744743,56.82853317,Spring,1
5/29/2026,23.25319481,29.59738541,17.69809914,9.380386353,0.287764221,100.9198685,3.581440687,4.62730217,116.5813828,117.9508362,24.96910858,56.68155289,Spring,1
5/30/2026,23.40183067,29.75436592,17.83799553,9.440554619,0.277658194,100.9221497,3.574901342,4.616235256,115.4396439,116.7983856,25.13239479,56.5298233,Spring,1
5/31/2026,23.55162621,29.91335869,17.97849464,9.500724792,0.267137498,100.9242554,3.568438053,4.605268955,114.2978058,115.6431961,25.29719353,56.37333298,Spring,1
6/1/2026,23.7024498,30.07419968,18.11948586,9.560806274,0.256247431,100.9261856,3.562066793,4.594425201,113.1591873,114.4888077,25.46339226,56.21208191,Summer,2
6/2/2026,23.85417747,30.23671913,18.26086044,9.620706558,0.245036095,100.927948,3.5558002,4.583724022,112.0273819,113.3389587,25.63084221,56.04610443,Summer,2
6/3/2026,24.00665665,30.4007206,18.40249825,9.68033123,0.233554304,100.9295425,3.549650192,4.57318306,110.9060211,112.1975708,25.79940224,55.8754921,Summer,2
6/4/2026,24.15973663,30.56599998,18.54426956,9.739587784,0.221854523,100.9309845,3.543625116,4.562813759,109.7989502,111.0686798,25.96890259,55.70033646,Summer,2
6/5/2026,24.31325531,30.73233795,18.68604279,9.798382759,0.209991142,100.9322815,3.537731171,4.552628994,108.710083,109.9564133,26.13916779,55.52077866,Summer,2
6/6/2026,24.46704102,30.8995018,18.8276844,9.856626511,0.198019311,100.9334335,3.531971931,4.54263401,107.6433411,108.8649673,26.31001282,55.33699799,Summer,2
6/7/2026,24.62091637,31.06724739,18.96904945,9.914233208,0.185994789,100.9344559,3.526347876,4.532833099,106.602684,107.7985611,26.48124504,55.14920425,Summer,2
6/8/2026,24.77469635,31.23532486,19.10999298,9.971115112,0.173973441,100.9353485,3.520857334,4.523229122,105.5920792,106.7613831,26.65265274,54.95762634,Summer,2
6/9/2026,24.92819595,31.40347672,19.25037384,10.02719498,0.16201058,100.9361191,3.515496492,4.51381731,104.6153793,105.7575226,26.82402992,54.76255035,Summer,2
6/10/2026,25.08122253,31.57144165,19.39003944,10.08239365,0.15016067,100.9367752,3.510258198,4.504594326,103.6763229,104.7910385,26.99515724,54.56427002,Summer,2
6/11/2026,25.23358727,31.73894882,19.52884293,10.13664627,0.138476729,100.9373245,3.505133867,4.495550156,102.7786407,103.8657532,27.16581726,54.3631134,Summer,2
6/12/2026,25.38508987,31.90573692,19.66663933,10.189888,0.127009794,100.937767,3.500112057,4.486675739,101.9257202,102.9853973,27.335783,54.15943909,Summer,2
6/13/2026,25.53554535,32.07153702,19.80327606,10.24206161,0.115808904,100.9381104,3.495179892,4.477955818,101.1208115,102.1534119,27.50483322,53.95363998,Summer,2
6/14/2026,25.68475723,32.2360878,19.9386158,10.29311943,0.10492003,100.9383545,3.490322351,4.46937418,100.3669357,101.3729858,27.67274475,53.74611664,Summer,2
6/15/2026,25.83254051,32.39912415,20.07251549,10.34302139,0.094386414,100.9385071,3.48552227,4.460912704,99.66682434,100.647049,27.83929825,53.53729248,Summer,2
6/16/2026,25.97871399,32.56040192,20.20484352,10.39173508,0.084247544,100.9385681,3.480761766,4.452550888,99.0228653,99.97814941,28.00427055,53.32762909,Summer,2
6/17/2026,26.12309647,32.71967316,20.33546638,10.43923759,0.074539408,100.9385452,3.476022005,4.444267273,98.43714142,99.36856842,28.16745377,53.11758041,Summer,2
6/18/2026,26.26552391,32.87670135,20.4642601,10.48551559,0.065294117,100.9384308,3.471282244,4.436037064,97.91137695,98.82010651,28.32864189,52.90763092,Summer,2
6/19/2026,26.40583038,33.03126907,20.59111023,10.53056526,0.056539476,100.9382324,3.466522217,4.427836895,97.44688416,98.33421326,28.48764038,52.69826508,Summer,2
6/20/2026,26.5438633,33.18315887,20.71590805,10.57439041,0.048299085,100.9379425,3.461720467,4.419640064,97.04459381,97.91191101,28.64425278,52.48999786,Summer,2
6/21/2026,26.67947769,33.33217621,20.83855247,10.61700821,0.04059172,100.9375687,3.456855297,4.411421299,96.70500946,97.55381012,28.79830933,52.28332138,Summer,2
6/22/2026,26.81254578,33.47814178,20.95895004,10.65844059,0.033432193,100.9371109,3.451906204,4.40315485,96.42825317,97.26000977,28.94964027,52.07875061,Summer,2
6/23/2026,26.94293976,33.62088394,21.07702446,10.69872284,0.026830412,100.9365616,3.446852446,4.394814014,96.21393585,97.03024292,29.09808731,51.87680054,Summer,2
6/24/2026,27.07055283,33.76026154,21.19269753,10.73789597,0.020791795,100.9359283,3.441673517,4.386374474,96.06130981,96.86369324,29.2435112,51.67797089,Summer,2
6/25/2026,27.19528961,33.89613724,21.30591393,10.77601147,0.015317427,100.9352036,3.436350822,4.377811432,95.96910858,96.7591629,29.38578224,51.48276901,Summer,2
6/26/2026,27.31706047,34.02840042,21.41662025,10.81313038,0.010404045,100.9343872,3.430866718,4.369102478,95.93574524,96.71497345,29.5247879,51.29168701,Summer,2
6/27/2026,27.43580055,34.1569519,21.52477837,10.84931946,0.006044339,100.9334717,3.425204754,4.360225677,95.95909882,96.72904205,29.66042519,51.10521698,Summer,2
6/28/2026,27.5514431,34.28171158,21.63035774,10.88465309,0.002226775,100.9324646,3.419350863,4.351161957,96.03675842,96.79884338,29.79261017,50.92382431,Summer,2
6/29/2026,27.66394424,34.40262222,21.7333374,10.91921139,-0.001063356,100.931366,3.413292885,4.341893196,96.16584778,96.9214859,29.92126656,50.7479744,Summer,2
6/30/2026,27.77327347,34.51963425,21.83371353,10.95308495,-0.003844523,100.9301682,3.407020092,4.33240509,96.34314728,97.09361267,30.04634285,50.57810211,Summer,2
7/1/2026,27.87940216,34.63272858,21.93148232,10.98636055,-0.006138122,100.9288712,3.400525093,4.322685719,96.56513977,97.31166077,30.16778946,50.41462708,Summer,2
7/2/2026,27.9823246,34.74188995,22.02665901,11.01913834,-0.007968125,100.9274826,3.393802643,4.312725067,96.82796478,97.57167053,30.28558159,50.25795746,Summer,2
7/3/2026,28.08203506,34.84711838,22.11926651,11.05151463,-0.009360932,100.9259872,3.386850119,4.302518845,97.12751007,97.86936951,30.39969635,50.1084671,Summer,2
7/4/2026,28.17855072,34.94844055,22.2093277,11.08359241,-0.010344777,100.9244003,3.379667759,4.292061806,97.45940399,98.2003479,30.51012802,49.96649933,Summer,2
7/5/2026,28.27189064,35.04587936,22.29688454,11.11547184,-0.010949171,100.9227219,3.372258902,4.281356812,97.81909943,98.55991364,30.61689186,49.83239746,Summer,2
7/6/2026,28.36207962,35.13948441,22.38197517,11.1472578,-0.011204834,100.9209442,3.364629745,4.270407677,98.2019043,98.94324493,30.71999359,49.70645142,Summer,2
7/7/2026,28.44915581,35.22930145,22.46465492,11.17905045,-0.01114283,100.9190826,3.356788874,4.259222507,98.60298157,99.34541321,30.81946564,49.58893585,Summer,2
7/8/2026,28.53316498,35.31539154,22.5449791,11.21095276,-0.010794473,100.9171295,3.348748684,4.247811794,99.01745605,99.76139832,30.91533279,49.48010254,Summer,2
7/9/2026,28.61414909,35.39782333,22.62300491,11.2430563,-0.010190608,100.9151001,3.340523958,4.23619175,99.44039917,100.1862106,31.00764275,49.3801651,Summer,2
7/10/2026,28.69216156,35.47666931,22.69879723,11.27545929,-0.009361274,100.9129868,3.332132578,4.224381447,99.86695099,100.6148453,31.09643745,49.28929901,Summer,2
7/11/2026,28.7672596,35.55200195,22.77241707,11.30824661,-0.008335076,100.9108124,3.323595047,4.212403297,100.2922745,101.0423889,31.18176842,49.20767975,Summer,2
7/12/2026,28.83949471,35.62390137,22.84393883,11.34150219,-0.007139225,100.9085693,3.314934731,4.200282574,100.7116776,101.4640503,31.26368141,49.1354332,Summer,2
7/13/2026,28.90892792,35.69244385,22.91342163,11.37529945,-0.005798626,100.9062729,3.306177616,4.188048363,101.1206055,101.8751984,31.34223557,49.07266235,Summer,2
7/14/2026,28.97561073,35.75770187,22.98093224,11.40970802,-0.004335824,100.903923,3.297350883,4.175733566,101.5147552,102.271431,31.41748428,49.0194397,Summer,2
7/15/2026,29.03959846,35.81975174,23.0465374,11.44478607,-0.002770347,100.9015427,3.288486004,4.163373947,101.890007,102.6486359,31.48946953,48.97581863,Summer,2
7/16/2026,29.10093689,35.87865067,23.11029053,11.4805851,-0.001118891,100.8991318,3.279613733,4.151005745,102.2425613,103.0029449,31.55824661,48.94181824,Summer,2
7/17/2026,29.1596756,35.93446732,23.17225075,11.51714325,0.000605575,100.8967056,3.270768166,4.138669968,102.5689697,103.3308182,31.62385941,48.91744614,Summer,2
7/18/2026,29.21584892,35.98724365,23.23246956,11.554492,0.002393413,100.8942719,3.261984348,4.1264081,102.8660965,103.6291809,31.68634033,48.90267944,Summer,2
7/19/2026,29.2694912,36.03702164,23.29098892,11.59264851,0.004239057,100.8918457,3.253298521,4.114264965,103.1312485,103.895256,31.74572372,48.89746857,Summer,2
7/20/2026,29.32062721,36.0838356,23.34784508,11.63162136,0.006140858,100.8894348,3.244746923,4.102285385,103.3620758,104.12677,31.80203247,48.90175247,Summer,2
7/21/2026,29.36927032,36.12769318,23.40306473,11.67140579,0.008101243,100.8870544,3.236367464,4.09051609,103.5567627,104.3218689,31.85527802,48.91545868,Summer,2
7/22/2026,29.41543198,36.16861343,23.45667267,11.7119875,0.010126646,100.8847198,3.228197098,4.079003334,103.7138901,104.4792023,31.90546608,48.93847656,Summer,2
7/23/2026,29.45910263,36.20657349,23.50867653,11.75333786,0.012227829,100.8824387,3.220273256,4.067794323,103.83255,104.5978622,31.95259094,48.9706955,Summer,2
7/24/2026,29.50027657,36.24155807,23.55908203,11.79541779,0.01441959,100.8802261,3.212632895,4.056936741,103.912323,104.6775055,31.99663162,49.01200485,Summer,2
7/25/2026,29.53892136,36.27353287,23.60787392,11.83817387,0.016720464,100.8780899,3.205311537,4.046476364,103.95327,104.7182541,32.03755569,49.06225586,Summer,2
7/26/2026,29.5750103,36.30243301,23.65503502,11.88154793,0.019153245,100.8760529,3.198343754,4.036459446,103.9560013,104.7207336,32.07534027,49.12131119,Summer,2
7/27/2026,29.60848999,36.32820129,23.70053673,11.92546272,0.021743923,100.874115,3.191762924,4.026928902,103.9215469,104.6861191,32.10991287,49.18901825,Summer,2
7/28/2026,29.63931084,36.35075378,23.74433708,11.96983624,0.024522137,100.8722992,3.185600281,4.017928123,103.8514862,104.6160202,32.14121246,49.26522064,Summer,2
7/29/2026,29.66739845,36.3699913,23.78638268,12.01457214,0.027520504,100.8706131,3.179884911,4.009497166,103.7478485,104.5125656,32.16917419,49.34975815,Summer,2
7/30/2026,29.69268036,36.38581085,23.82661438,12.0595665,0.030774565,100.8690643,3.174643755,4.001672745,103.6131287,104.3783188,32.19369507,49.44246674,Summer,2
7/31/2026,29.71506691,36.39809418,23.86495972,12.10470963,0.034322068,100.8676682,3.169900894,3.9944911,103.4502487,104.2162857,32.21469116,49.54319,Summer,2
8/1/2026,29.73446274,36.40670776,23.90133476,12.14987659,0.038202848,100.8664322,3.165677547,3.987982512,103.2625427,104.0299225,32.23204422,49.65175247,Summer,2
8/2/2026,29.75076866,36.41150665,23.93564796,12.19494438,0.042458262,100.8653641,3.161991835,3.982176304,103.0537567,103.8230133,32.24564362,49.76800537,Summer,2
8/3/2026,29.76386642,36.41234207,23.96780586,12.2397747,0.047130875,100.8644714,3.158858538,3.977095842,102.8279343,103.5996933,32.25535965,49.89178467,Summer,2
8/4/2026,29.77364349,36.4090538,23.99769592,12.28423119,0.052263726,100.8637619,3.156289101,3.972761631,102.5894623,103.3644257,32.26106262,50.0229454,Summer,2
8/5/2026,29.77997208,36.40148926,24.02520561,12.32817078,0.057900131,100.8632355,3.154290676,3.969190359,102.3429871,103.1218872,32.2626152,50.16132355,Summer,2
8/6/2026,29.78273582,36.38947296,24.05021667,12.37144566,0.064082906,100.862915,3.152867794,3.966392994,102.0933609,102.8770447,32.25987625,50.30678558,Summer,2
8/7/2026,29.78179359,36.37284088,24.07260513,12.41390991,0.070853993,100.8627853,3.152020216,3.964377403,101.8456497,102.6349792,32.25270081,50.45918274,Summer,2
8/8/2026,29.77703094,36.35142899,24.09223938,12.45541286,0.078253925,100.862854,3.151743889,3.963145256,101.6050491,102.4008865,32.24094391,50.61839294,Summer,2
8/9/2026,29.76830673,36.32506561,24.10899734,12.49580765,0.086321332,100.8631287,3.152031183,3.962695122,101.3767853,102.1800919,32.2244606,50.78428268,Summer,2
8/10/2026,29.75550652,36.29360199,24.12273788,12.53494644,0.095092297,100.8636093,3.152870893,3.963019133,101.1661987,101.9778976,32.20310974,50.95672989,Summer,2
8/11/2026,29.73849869,36.25688553,24.13333511,12.57268524,0.104600094,100.8642883,3.154247046,3.964105606,100.9785614,101.7995682,32.17675018,51.1356163,Summer,2
8/12/2026,29.71716881,36.21476364,24.14065933,12.60888386,0.114874408,100.8651733,3.156141281,3.965938807,100.8190613,101.6503296,32.14525604,51.3208313,Summer,2
8/13/2026,29.69141006,36.16711044,24.14458084,12.64340496,0.125941336,100.8662567,3.158529997,3.968497276,100.6928558,101.5352249,32.10848999,51.51226807,Summer,2
8/14/2026,29.66111183,36.11380768,24.14497948,12.6761198,0.137822419,100.8675385,3.16138792,3.971755505,100.604866,101.459198,32.06635284,51.70981216,Summer,2
8/15/2026,29.62619209,36.05475235,24.14173698,12.7069025,0.150534645,100.8690109,3.164685249,3.975683451,100.5598068,101.4268723,32.01872253,51.91337585,Summer,2
8/16/2026,29.58656311,35.98985672,24.13474464,12.73563957,0.164090082,100.8706741,3.16838932,3.980247736,100.5621567,101.4426956,31.96552467,52.12284088,Summer,2
8/17/2026,29.54215622,35.91905212,24.12389565,12.76222229,0.178495273,100.8725204,3.172464848,3.985409975,100.6161118,101.5107117,31.90666962,52.33811188,Summer,2
8/18/2026,29.49291992,35.8422966,24.10909653,12.78655338,0.193751395,100.8745422,3.176873922,3.99112916,100.7254562,101.6347122,31.84210014,52.55908203,Summer,2
8/19/2026,29.43881035,35.75956345,24.09026909,12.80854321,0.209853679,100.8767319,3.181576729,3.997361183,100.8936844,101.8179932,31.77176857,52.78565216,Summer,2
8/20/2026,29.37980843,35.67084503,24.06733894,12.82811451,0.226791352,100.8790894,3.18653059,4.004057884,101.1238556,102.0635223,31.69564629,53.0177002,Summer,2
8/21/2026,29.31590271,35.57616806,24.04024124,12.84519577,0.24454774,100.8815994,3.191691637,4.011169434,101.4185715,102.3737793,31.61373138,53.25511551,Summer,2
8/22/2026,29.24711037,35.47558212,24.00893593,12.85973549,0.263099819,100.8842545,3.197015285,4.018643856,101.7799988,102.7507935,31.52603149,53.49777222,Summer,2
8/23/2026,29.17345238,35.36916351,23.97338486,12.87168694,0.282418579,100.8870468,3.202454805,4.026427269,102.209816,103.196106,31.43257904,53.74553299,Summer,2
8/24/2026,29.09498215,35.25700378,23.93357086,12.88101578,0.302468896,100.8899689,3.207963943,4.034462929,102.7091827,103.7107162,31.33343124,53.9982605,Summer,2
8/25/2026,29.01176262,35.13923264,23.88949394,12.88770008,0.323209494,100.8930206,3.213495731,4.042695999,103.278801,104.2951736,31.2286644,54.25579834,Summer,2
8/26/2026,28.92388153,35.01601028,23.84115982,12.89173126,0.344593555,100.8961792,3.219003201,4.051070213,103.9187927,104.9495087,31.11837387,54.51797485,Summer,2
8/27/2026,28.83144569,34.88750076,23.78859901,12.89310741,0.366568357,100.8994446,3.224440098,4.059526443,104.6288147,105.6731949,31.00267792,54.78461075,Summer,2
8/28/2026,28.73457336,34.75392151,23.73185158,12.89184189,0.389076054,100.9028091,3.229760885,4.06801033,105.40802,106.4652176,30.88172531,55.05550003,Summer,2
8/29/2026,28.63340759,34.61549759,23.67097473,12.88795567,0.412053615,100.9062576,3.234921694,4.07646513,106.2550354,107.3240585,30.75567245,55.33042908,Summer,2
8/30/2026,28.5281105,34.47247314,23.60604477,12.88148499,0.435433358,100.9097977,3.239879608,4.08483696,107.1680222,108.2477798,30.62470436,55.60917282,Summer,2
8/31/2026,28.41885376,34.32512665,23.53714371,12.87246704,0.45914343,100.9134064,3.24459362,4.093072891,108.1446609,109.2339172,30.48902512,55.89147186,Summer,2
9/1/2026,28.30583,34.17375565,23.46437645,12.86095619,0.483108103,100.9170837,3.249025822,4.101123333,109.1822052,110.2796402,30.34885025,56.17705154,Autumn,3
9/2/2026,28.18925095,34.01867294,23.38785934,12.84700966,0.507248163,100.9208221,3.253139734,4.108938217,110.2774811,111.3816299,30.2044239,56.46562958,Autumn,3
9/3/2026,28.06932449,33.8602066,23.30771828,12.83069515,0.531481922,100.924614,3.256902695,4.116474152,111.4269485,112.5362778,30.05599976,56.75688553,Autumn,3
9/4/2026,27.94629097,33.69869614,23.22409058,12.8120842,0.555725098,100.9284592,3.260284424,4.123688221,112.6267014,113.7396088,29.90384483,57.05048752,Autumn,3
9/5/2026,27.82038879,33.53450775,23.13713074,12.7912569,0.579891741,100.9323502,3.263258219,4.130542278,113.8725662,114.987381,29.74824333,57.34609222,Autumn,3
9/6/2026,27.69186783,33.36800385,23.04699898,12.76829433,0.603894949,100.9362869,3.265800714,4.137001991,115.1600494,116.2750854,29.58948326,57.64332199,Autumn,3
9/7/2026,27.56098938,33.19955826,22.95385933,12.74328518,0.627647102,100.9402542,3.267892599,4.143035889,116.4844971,117.5980148,29.42786789,57.94178772,Autumn,3
9/8/2026,27.42800903,33.02954865,22.85788918,12.71631718,0.65106076,100.9442673,3.269518614,4.148618698,117.8410645,118.9513321,29.26370621,58.24108505,Autumn,3
9/9/2026,27.29319763,32.85835648,22.75926971,12.68748093,0.67404902,100.9483032,3.270667076,4.153728008,119.224762,120.3300781,29.09730721,58.54078674,Autumn,3
9/10/2026,27.15681076,32.68635559,22.65818787,12.65686607,0.696526647,100.9523773,3.271329403,4.15834713,120.6305313,121.7292557,28.9289856,58.84044647,Autumn,3
9/11/2026,27.01912498,32.51392746,22.55482483,12.62456608,0.718409777,100.9564743,3.271503687,4.162464142,122.0533447,123.1438446,28.759058,59.13960648,Autumn,3
9/12/2026,26.88039017,32.34143066,22.44937515,12.59066677,0.739617348,100.9605942,3.27118969,4.166070938,123.4881287,124.5689011,28.5878315,59.43779755,Autumn,3
9/13/2026,26.74086761,32.1692276,22.34201813,12.55525589,0.760071218,100.9647446,3.270392656,4.169166088,124.9299622,125.9995575,28.41561317,59.73454666,Autumn,3
9/14/2026,26.60080528,31.99765778,22.2329483,12.5184145,0.779696763,100.9689255,3.26912117,4.171751022,126.37397,127.4311142,28.24270439,60.0293541,Autumn,3
9/15/2026,26.46044159,31.82705688,22.12233925,12.4802227,0.798423529,100.9731216,3.267388582,4.17383337,127.8155518,128.8590546,28.06939316,60.32172775,Autumn,3
9/16/2026,26.3200016,31.6577301,22.01037216,12.44075298,0.816185653,100.9773407,3.265211821,4.175425053,129.2502441,130.2791138,27.89596176,60.61116028,Autumn,3
9/17/2026,26.17970085,31.48996735,21.89721298,12.40007019,0.832922041,100.9815903,3.262611389,4.176543236,130.6739044,131.6873016,27.72266769,60.89714432,Autumn,3
9/18/2026,26.03973961,31.32403755,21.78301811,12.35823727,0.848577082,100.9858551,3.259612083,4.1772089,132.0826874,133.0799408,27.54976845,61.17919159,Autumn,3
9/19/2026,25.90029716,31.16018295,21.66794395,12.31530666,0.863101125,100.9901352,3.256241083,4.177448273,133.4730988,134.4537506,27.37748909,61.45677948,Autumn,3
9/20/2026,25.76154327,30.99861336,21.55212593,12.27132225,0.876450539,100.9944382,3.252530336,4.177290916,134.84198,135.8058167,27.20604515,61.72942352,Autumn,3
9/21/2026,25.62361336,30.83951759,21.43569183,12.22632217,0.888587654,100.998764,3.248512268,4.17677021,136.1866608,137.1336365,27.03562164,61.99663162,Autumn,3
9/22/2026,25.48663902,30.68305206,21.31875229,12.18033314,0.899481654,101.0030975,3.244224787,4.175924301,137.5048523,138.4351654,26.86639404,62.25793076,Autumn,3
9/23/2026,25.35071945,30.52933884,21.20140839,12.13337803,0.9091084,101.0074463,3.239706516,4.174793243,138.7947693,139.7088318,26.6985054,62.51285934,Autumn,3
9/24/2026,25.21593666,30.37846756,21.08374405,12.08546543,0.917450488,101.0118027,3.234998465,4.173420906,140.0550537,140.9535065,26.53207588,62.76096344,Autumn,3
9/25/2026,25.08234596,30.23049927,20.96582603,12.03659821,0.924497306,101.0161667,3.230144501,4.171853065,141.2848663,142.1686401,26.36720085,63.00182343,Autumn,3
9/26/2026,24.94997597,30.08545494,20.84770203,11.98677158,0.930245042,101.0205307,3.225188732,4.170139313,142.4838867,143.3540344,26.20394516,63.23503113,Autumn,3
9/27/2026,24.81884193,29.94332695,20.72941208,11.93596745,0.934696972,101.0248947,3.220176697,4.168329239,143.6522522,144.5101013,26.04236031,63.46021652,Autumn,3
9/28/2026,24.6889267,29.80406952,20.61096764,11.88416481,0.937862694,101.0292435,3.215155602,4.166475296,144.7906036,145.6376801,25.88245583,63.67702103,Autumn,3
9/29/2026,24.56019402,29.66761208,20.49237061,11.83133316,0.93975842,101.0335846,3.210171938,4.16463089,145.9000702,146.7381134,25.72422409,63.88512421,Autumn,3
9/30/2026,24.43257523,29.53384018,20.37360191,11.77743244,0.940406919,101.0379028,3.205273151,4.162849426,146.9822845,147.8132019,25.56763268,64.08423615,Autumn,3
10/1/2026,24.30599403,29.40261841,20.25463295,11.72241974,0.939836502,101.0421906,3.200507164,4.161185265,148.0393066,148.8651581,25.41261482,64.27410126,Autumn,3
10/2/2026,24.18034554,29.2737751,20.1354084,11.66624451,0.938081622,101.0464478,3.195919275,4.159692764,149.0736084,149.896637,25.25909233,64.45450592,Autumn,3
10/3/2026,24.05549622,29.14711571,20.01586342,11.60885143,0.935182095,101.0506516,3.191555977,4.158424854,150.0881195,150.9106445,25.10695076,64.6252594,Autumn,3
10/4/2026,23.93130875,29.02241325,19.89591789,11.55018044,0.931182504,101.0548096,3.187462091,4.157435417,151.0860748,151.9105835,24.95606232,64.78622437,Autumn,3
10/5/2026,23.80761528,28.89941978,19.77548027,11.49016857,0.92613256,101.0588989,3.183680534,4.156774521,152.071106,152.900116,24.80627823,64.93730164,Autumn,3
10/6/2026,23.68423653,28.77786827,19.65444183,11.42875099,0.920085728,101.062912,3.18025279,4.156494141,153.0471191,153.8832245,24.65742683,65.07842255,Autumn,3
10/7/2026,23.56097984,28.6574688,19.53268051,11.36586094,0.913099289,101.0668488,3.177218676,4.156641006,154.01828,154.8640747,24.50931931,65.20957947,Autumn,3
10/8/2026,23.43763924,28.53791809,19.41007233,11.30143166,0.90523386,101.0706863,3.174615383,4.157260895,154.9889221,155.8470459,24.36175537,65.33078766,Autumn,3
10/9/2026,23.31399727,28.41889381,19.28647614,11.23539639,0.896552742,101.0744171,3.172477961,4.158397675,155.9635925,156.8366394,24.21452332,65.44210815,Autumn,3
10/10/2026,23.18982887,28.30006981,19.16175079,11.16769123,0.887121677,101.0780334,3.170838594,4.1600914,156.9469299,157.8374023,24.06739616,65.54367065,Autumn,3
10/11/2026,23.06490517,28.18110657,19.03574371,11.09825516,0.877007544,101.0815277,3.169726849,4.162379265,157.9436188,158.8539734,23.92014122,65.63559723,Autumn,3
10/12/2026,22.93898773,28.06166649,18.90830231,11.0270319,0.866279244,101.084877,3.169168234,4.165295124,158.958374,159.8909149,23.77251816,65.71809387,Autumn,3
10/13/2026,22.81184578,27.94140625,18.77927208,10.95396709,0.855005682,101.0880814,3.169186354,4.168869972,159.9958649,160.952774,23.62428474,65.79139709,Autumn,3
10/14/2026,22.68323708,27.81998444,18.64849472,10.87901592,0.843256354,101.0911407,3.169801712,4.173130035,161.0606232,162.0438995,23.47520256,65.85577393,Autumn,3
10/15/2026,22.55293846,27.69707108,18.51582146,10.80214024,0.831100404,101.0940247,3.171030521,4.178098679,162.157074,163.1685333,23.32503128,65.91151428,Autumn,3
10/16/2026,22.42071915,27.57234001,18.38109589,10.72330856,0.818606198,101.0967407,3.172885656,4.183794975,163.2894287,164.3306732,23.17352867,65.95899963,Autumn,3
10/17/2026,22.2863636,27.44547653,18.24417496,10.64249706,0.80584079,101.0992737,3.175377846,4.190233231,164.4616547,165.5340271,23.02047157,65.99858093,Autumn,3
10/18/2026,22.14966393,27.31618309,18.10492516,10.5596962,0.792869627,101.1016312,3.178512573,4.197424889,165.6774292,166.7819824,22.86564064,66.03066254,Autumn,3
10/19/2026,22.01042747,27.18418121,17.96321106,10.47490311,0.77975595,101.1037979,3.182293415,4.205376625,166.9400787,168.0776062,22.70882988,66.05570984,Autumn,3
10/20/2026,21.86847878,27.0492115,17.81892014,10.38812447,0.766561031,101.1057663,3.186719656,4.214091301,168.2525482,169.4235535,22.54984093,66.07416534,Autumn,3
10/21/2026,21.72364616,26.91103172,17.67194557,10.29938221,0.753343046,101.1075439,3.19178772,4.223567009,169.6174011,170.822052,22.38850212,66.08652496,Autumn,3
10/22/2026,21.57579613,26.7694397,17.52219772,10.20870876,0.740157247,101.1091309,3.197490692,4.233798981,171.0367126,172.2748566,22.22465515,66.0933075,Autumn,3
10/23/2026,21.42479897,26.62424469,17.36959648,10.11614895,0.727055192,101.110527,3.203818321,4.244777679,172.5121155,173.7832489,22.05816078,66.095047,Autumn,3
10/24/2026,21.2705555,26.47530174,17.21408844,10.02175808,0.71408546,101.1117325,3.210757971,4.256489754,174.0446777,175.3480072,21.88890266,66.09225464,Autumn,3
10/25/2026,21.11298943,26.32247925,17.05562782,9.925605774,0.701292574,101.1127625,3.21829319,4.268919945,175.635025,176.9693756,21.71678925,66.08551788,Autumn,3
10/26/2026,20.95204735,26.16569519,16.89418983,9.827775955,0.688717306,101.1136093,3.226405621,4.282046318,177.2831726,178.6470642,21.54175568,66.07539368,Autumn,3
10/27/2026,20.78769875,26.00489235,16.72977829,9.728359222,0.67639631,101.114296,3.235074282,4.295847893,178.9886322,180.3802643,21.36375427,66.06243896,Autumn,3
10/28/2026,20.61994171,25.84004784,16.56240654,9.627464294,0.664362431,101.1148224,3.244275331,4.310295105,180.7503815,182.167572,21.18277168,66.04723358,Autumn,3
10/29/2026,20.44880676,25.67117691,16.39211273,9.52520752,0.652644157,101.1152115,3.253983736,4.325361252,182.5667725,184.0071411,20.99881935,66.03034973,Autumn,3
10/30/2026,20.27433777,25.49832916,16.2189579,9.421719551,0.641266406,101.1154785,3.264171124,4.341012955,184.4356995,185.8964691,20.81193542,66.01234436,Autumn,3
10/31/2026,20.09662056,25.32158661,16.04302597,9.317138672,0.630249679,101.1156311,3.274808884,4.357215405,186.3544312,187.8326111,20.62219048,65.99377441,Autumn,3
11/1/2026,19.91575623,25.14107132,15.86441326,9.211615562,0.619610786,101.1156998,3.285865784,4.373933315,188.3197937,189.812149,20.42967033,65.97518158,Autumn,3
11/2/2026,19.73187828,24.95693398,15.68324757,9.105309486,0.609362662,101.1156998,3.297310114,4.39112711,190.3280792,191.8311615,20.23449898,65.95710754,Autumn,3
11/3/2026,19.54514122,24.76935959,15.49967289,8.998386383,0.599514902,101.115654,3.309108019,4.40875721,192.3751221,193.8852386,20.03682518,65.94004822,Autumn,3
11/4/2026,19.35573006,24.5785675,15.31385231,8.891020775,0.590073407,101.1155853,3.321225643,4.426781178,194.4562988,195.9696503,19.8368187,65.92451477,Autumn,3
11/5/2026,19.16384697,24.38480186,15.12596893,8.78339386,0.581041038,101.1155243,3.333627939,4.445157528,196.5666046,198.0792084,19.63467598,65.91096497,Autumn,3
11/6/2026,18.96972656,24.18834114,14.93623066,8.675691605,0.572417557,101.1154861,3.346280098,4.463840961,198.7006073,200.2084656,19.43061638,65.89984894,Autumn,3
11/7/2026,18.77361488,23.98948479,14.74485397,8.568105698,0.564200163,101.115509,3.359146118,4.482788086,200.8526306,202.3516083,19.2248764,65.8915863,Autumn,3
11/8/2026,18.57577896,23.78855705,14.55207157,8.460824966,0.556383431,101.1156235,3.372190714,4.501955032,203.0166626,204.5026398,19.01772308,65.88658142,Autumn,3
11/9/2026,18.37650681,23.58590698,14.3581419,8.354047775,0.54895997,101.1158524,3.385378599,4.521295547,205.1864929,206.6553497,18.80942917,65.88516235,Autumn,3
11/10/2026,18.17609978,23.38189507,14.16332245,8.247966766,0.541920304,101.1162262,3.398673773,4.540765762,207.3556824,208.80336,18.60029221,65.88768005,Autumn,3
11/11/2026,17.9748745,23.17690659,13.9678936,8.142777443,0.535253406,101.1167755,3.412041664,4.560320854,209.5176697,210.9402313,18.39061737,65.89441681,Autumn,3
11/12/2026,17.77315521,22.97133446,13.77213764,8.03867054,0.528946877,101.1175385,3.425448656,4.579916954,211.665863,213.0594635,18.1807251,65.90563202,Autumn,3
11/13/2026,17.57127953,22.76557922,13.57635117,7.935835361,0.522987604,101.1185303,3.438860655,4.599510193,213.7935638,215.1545715,17.97094345,65.92155457,Autumn,3
11/14/2026,17.36958885,22.56005096,13.38082981,7.83445406,0.517361403,101.1197891,3.452245712,4.619058609,215.8941956,217.219162,17.76160622,65.94235229,Autumn,3
11/15/2026,17.16843033,22.3551693,13.18588161,7.734706402,0.512053788,101.1213379,3.465572357,4.638522148,217.9611511,219.2468719,17.5530529,65.96819305,Autumn,3
11/16/2026,16.96815109,22.15133858,12.9918108,7.636762142,0.507050037,101.1232071,3.478809118,4.657858372,219.9881134,221.2316589,17.34562111,65.99917603,Autumn,3
11/17/2026,16.76910019,21.94898224,12.79892254,7.540784359,0.502335548,101.1254196,3.491927385,4.677030087,221.9687805,223.1675415,17.13965607,66.03538513,Autumn,3
11/18/2026,16.57162285,21.74849892,12.60752296,7.446926594,0.497895837,101.128006,3.504899263,4.695999146,223.8972168,225.0488892,16.93548775,66.07685089,Autumn,3
11/19/2026,16.37605476,21.55028534,12.41791058,7.355332375,0.493717045,101.1309814,3.517697573,4.71473074,225.7676849,226.8703918,16.73345184,66.12358093,Autumn,3
11/20/2026,16.18273354,21.35473442,12.23038006,7.266134262,0.489785939,101.1343689,3.530297279,4.733189583,227.5748291,228.6270447,16.53386688,66.17553711,Autumn,3
11/21/2026,15.99197769,21.16221046,12.04521751,7.179452419,0.486090183,101.1381836,3.542674541,4.75134325,229.3136292,230.3142242,16.33704948,66.23266602,Autumn,3
11/22/2026,15.80410004,20.97307205,11.86270332,7.095395088,0.482618243,101.1424408,3.554806471,4.769162655,230.9795227,231.9278412,16.14329338,66.29484558,Autumn,3
11/23/2026,15.6193924,20.78765488,11.6831007,7.014058113,0.479359776,101.1471481,3.566672087,4.786617279,232.5683289,233.4640961,15.95288849,66.36196899,Autumn,3
11/24/2026,15.43813515,20.60627174,11.50666142,6.935522556,0.476305634,101.1523209,3.578252554,4.803681374,234.0764008,234.9197998,15.76609993,66.43386841,Autumn,3
11/25/2026,15.26059532,20.42921638,11.33362389,6.859854221,0.473447829,101.1579666,3.589528322,4.820328712,235.5005341,236.2922211,15.58317947,66.51034546,Autumn,3
11/26/2026,15.08700943,20.2567482,11.16420937,6.787107468,0.470779657,101.1640778,3.600483894,4.836537361,236.838089,237.5791931,15.404356,66.59117889,Autumn,3
11/27/2026,14.91760445,20.08911324,10.99862385,6.717321396,0.468295515,101.1706543,3.611103058,4.852286339,238.0869904,238.7790222,15.22984314,66.67615509,Autumn,3
11/28/2026,14.75257874,19.92651749,10.83705044,6.650518894,0.465991199,101.1776962,3.621372461,4.867554665,239.2455902,239.890564,15.05982399,66.76498413,Autumn,3
11/29/2026,14.59211159,19.76914597,10.67965698,6.586709976,0.46386376,101.1851959,3.631279469,4.882326126,240.312973,240.9132843,14.8944664,66.85739136,Autumn,3
11/30/2026,14.4363575,19.61714554,10.52658844,6.525889874,0.461910963,101.1931381,3.640813112,4.896584511,241.2886047,241.8471222,14.73390388,66.95307159,Autumn,3
12/1/2026,14.28544426,19.47064018,10.37796974,6.468040466,0.460132003,101.2015076,3.649962664,4.910317421,242.1726685,242.6925812,14.57825851,67.05171204,Winter,0
12/2/2026,14.13947487,19.32971954,10.23390388,6.413128853,0.458526671,101.2102814,3.658720732,4.923510551,242.9657745,243.4506836,14.42761803,67.15296936,Winter,0
12/3/2026,13.99853516,19.19444656,10.09447193,6.361110687,0.457095742,101.2194366,3.667078972,4.936155319,243.6691589,244.1229706,14.28204918,67.2565155,Winter,0
12/4/2026,13.86267853,19.06484604,9.959733009,6.311927319,0.45584029,101.2289505,3.675030947,4.948242188,244.2845306,244.7114563,14.14159393,67.36197662,Winter,0
12/5/2026,13.7319355,18.9409256,9.829722404,6.265509605,0.45476228,101.2387848,3.682572365,4.959764481,244.8140564,245.2186279,14.00626755,67.4690094,Winter,0
12/6/2026,13.60631371,18.82265282,9.704461098,6.221777916,0.453863531,101.2489166,3.689698458,4.97071743,245.2603912,245.6473999,13.8760643,67.57722473,Winter,0
12/7/2026,13.48579407,18.70997047,9.583938599,6.180640697,0.45314616,101.2593002,3.696406841,4.981095791,245.6267395,246.0010986,13.75095367,67.68626404,Winter,0
12/8/2026,13.37034416,18.60280228,9.468129158,6.141998291,0.452612281,101.2698975,3.702694893,4.990898132,245.9165497,246.2833405,13.63088799,67.79576111,Winter,0
12/9/2026,13.25989723,18.50104141,9.356989861,6.105743408,0.452263504,101.2806702,3.708561659,5.000123024,246.1337585,246.4982147,13.51579285,67.90533447,Winter,0
12/10/2026,13.15437508,18.40455437,9.250449181,6.071760178,0.452101231,101.2915726,3.714007139,5.008770466,246.2825317,246.6499176,13.40557289,68.01462555,Winter,0
12/11/2026,13.05367279,18.31319237,9.148427963,6.039927483,0.452126056,101.3025513,3.719032049,5.016843319,246.3674011,246.7430267,13.30012131,68.1232605,Winter,0
12/12/2026,12.95768166,18.22679329,9.050825119,6.010118484,0.452337921,101.3135605,3.723638058,5.024343491,246.3930817,246.7822418,13.19931221,68.230896,Winter,0
12/13/2026,12.86626434,18.14516068,8.9575243,5.982204437,0.452735692,101.3245544,3.727827311,5.031275749,246.3645782,246.7724457,13.10300636,68.33717346,Winter,0
12/14/2026,12.77927208,18.06810188,8.868392944,5.956050873,0.453317195,101.3354721,3.731603622,5.037644863,246.286911,246.7185822,13.01104736,68.44174957,Winter,0
12/15/2026,12.69654655,17.99540329,8.783291817,5.931524277,0.454079121,101.3462753,3.73497057,5.043457985,246.1653137,246.6257019,12.92326927,68.54429626,Winter,0
12/16/2026,12.6179142,17.92684174,8.702065468,5.90848875,0.455016673,101.3569031,3.737934351,5.048722744,246.0050201,246.4988098,12.83950424,68.64451599,Winter,0
12/17/2026,12.54319954,17.86219788,8.624549866,5.886810303,0.456123561,101.3673019,3.740498543,5.053447723,245.8112183,246.3429413,12.75956917,68.74206543,Winter,0
12/18/2026,12.47221756,17.80122375,8.550575256,5.866355419,0.457392216,101.3774185,3.742671251,5.05764246,245.5891876,246.1629944,12.68327904,68.83668518,Winter,0
12/19/2026,12.40477753,17.74369812,8.479964256,5.846996307,0.458813339,101.387207,3.744459152,5.061317921,245.3439941,245.9637146,12.61044598,68.92808533,Winter,0
12/20/2026,12.34068298,17.68937683,8.41253376,5.828603745,0.460376024,101.3966141,3.745869875,5.064486504,245.0806274,245.7497559,12.54088211,69.01600647,Winter,0
12/21/2026,12.27974129,17.63803673,8.348101616,5.811058521,0.462067962,101.4055862,3.746912956,5.067159653,244.8039093,245.5255127,12.47440147,69.10020447,Winter,0
12/22/2026,12.22176552,17.58944511,8.286484718,5.794243336,0.463875026,101.4140854,3.747597218,5.069352627,244.5184021,245.295166,12.41081715,69.18045807,Winter,0
12/23/2026,12.16655922,17.54338455,8.227496147,5.778048515,0.465781808,101.4220581,3.747932911,5.071079254,244.2284546,245.0625916,12.34994984,69.25653839,Winter,0
12/24/2026,12.1139431,17.49965096,8.170957565,5.762371063,0.467771292,101.4294662,3.747931004,5.072354794,243.9381256,244.8313599,12.2916317,69.32826233,Winter,0
12/25/2026,12.06373405,17.45803833,8.116688728,5.747116089,0.469825178,101.4362717,3.747603655,5.073195934,243.6511383,244.6047211,12.23569584,69.39544678,Winter,0
12/26/2026,12.01577187,17.41836548,8.064520836,5.732196808,0.471924007,101.4424438,3.746962547,5.073619366,243.3708496,244.3856049,12.18199158,69.45793915,Winter,0
12/27/2026,11.96988487,17.38046265,8.014291763,5.717535019,0.474047154,101.447937,3.746021032,5.073643684,243.1003418,244.1764832,12.13036919,69.51559448,Winter,0
12/28/2026,11.92593098,17.34417343,7.96584177,5.703060627,0.476173103,101.4527283,3.744792938,5.073287487,242.8422241,243.9794769,12.08070755,69.56828308,Winter,0
12/29/2026,11.88376999,17.30936241,7.919032574,5.688715935,0.47827965,101.4567947,3.743292332,5.072569847,242.5986633,243.7963257,12.03288651,69.6158905,Winter,0
12/30/2026,11.84328079,17.27591133,7.8737216,5.674448013,0.480343997,101.4601135,3.741534472,5.071510315,242.3715668,243.6283722,11.98680496,69.6583252,Winter,0
12/31/2026,11.80435085,17.24371719,7.829791546,5.660218239,0.482343256,101.462677,3.739535093,5.070130825,242.162262,243.4764709,11.94237518,69.69552612,Winter,0
1/1/2027,11.7668848,17.21270561,7.787127972,5.645995617,0.484254181,101.4644623,3.737309933,5.068451405,241.9717407,243.3411713,11.89953041,69.72740173,Winter,0
1/2/2027,11.73080635,17.18280983,7.745640278,5.631756306,0.486053944,101.4654694,3.734876156,5.066493988,241.8005676,243.2225494,11.85821342,69.75395203,Winter,0
1/3/2027,11.69604778,17.15399361,7.705239773,5.617489815,0.487719953,101.4656906,3.732250929,5.064281464,241.6488495,243.1203308,11.81838799,69.77510071,Winter,0
1/4/2027,11.66256332,17.12623596,7.665864468,5.603194237,0.489230424,101.4651337,3.72945118,5.061834812,241.5163116,243.0338593,11.78003407,69.79086304,Winter,0
1/5/2027,11.63031769,17.09953117,7.627458572,5.588872433,0.490564495,101.4638062,3.726495981,5.059178352,241.4023438,242.9620819,11.74314117,69.80122375,Winter,0
1/6/2027,11.59929752,17.07390594,7.589984417,5.574539185,0.491702348,101.4617233,3.7234025,5.056333542,241.3058319,242.9036255,11.70772743,69.80619812,Winter,0
1/7/2027,11.56949997,17.04939079,7.553417206,5.560217381,0.492625743,101.4588928,3.720189333,5.053324699,241.2254486,242.8568726,11.67381668,69.80581665,Winter,0
1/8/2027,11.54093552,17.02603912,7.51775074,5.545934677,0.493317991,101.4553375,3.71687603,5.050173759,241.1594543,242.8198242,11.64144897,69.80010986,Winter,0
1/9/2027,11.51364136,17.00392342,7.482984543,5.531727791,0.493764371,101.451088,3.713480234,5.046904564,241.1058197,242.7902527,11.61067772,69.78912354,Winter,0
1/10/2027,11.48765087,16.98312569,7.449145794,5.517637253,0.493952274,101.446167,3.710020304,5.04353857,241.0622406,242.7657166,11.58157349,69.77293396,Winter,0
1/11/2027,11.46302509,16.96374893,7.416265011,5.503710747,0.493871301,101.4406204,3.706515789,5.040099144,241.0261993,242.7436066,11.55421448,69.75158691,Winter,0
1/12/2027,11.43982506,16.94589806,7.384384632,5.489999771,0.493513525,101.4344711,3.702984095,5.036608696,240.9949646,242.7210999,11.52869225,69.72519684,Winter,0
1/13/2027,11.41813469,16.92969894,7.353564739,5.476559639,0.492873639,101.4277649,3.69944334,5.033087254,240.9655762,242.6952667,11.50510502,69.69384766,Winter,0
1/14/2027,11.39803505,16.91527557,7.323873997,5.463448524,0.491949171,101.4205475,3.695910692,5.029556274,240.9350128,242.6631317,11.48356152,69.65762329,Winter,0
1/15/2027,11.37962246,16.90276527,7.295389175,5.450728416,0.490740448,101.4128647,3.692404032,5.026036263,240.9001007,242.6216278,11.46417427,69.61665344,Winter,0
1/16/2027,11.36300087,16.89231491,7.26819706,5.43846035,0.489250571,101.4047623,3.688938618,5.022544861,240.8576355,242.5676575,11.44706249,69.57105255,Winter,0
1/17/2027,11.34827614,16.88406181,7.24239397,5.426706314,0.487485796,101.396286,3.685530663,5.019102573,240.8044128,242.4981842,11.43234539,69.52094269,Winter,0
1/18/2027,11.33555984,16.87815666,7.218076706,5.415531635,0.485455185,101.3874969,3.682194471,5.015724659,240.7371368,242.4102173,11.42015076,69.46647644,Winter,0
1/19/2027,11.32496452,16.8747406,7.195357323,5.404998779,0.483170718,101.3784485,3.678944588,5.012426376,240.6526489,242.3008575,11.41059971,69.40777588,Winter,0
1/20/2027,11.31660843,16.87396049,7.174342155,5.395167828,0.480647475,101.3691788,3.675792933,5.009223938,240.547821,242.1673279,11.40381813,69.34500122,Winter,0
1/21/2027,11.3106041,16.87595367,7.155145645,5.386096954,0.477903008,101.3597641,3.672751665,5.006129265,240.4196777,242.006958,11.39991951,69.27830505,Winter,0
1/22/2027,11.30706596,16.88085365,7.137881279,5.37784481,0.474957854,101.350235,3.669831276,5.003154755,240.2653503,241.817337,11.39902878,69.20785522,Winter,0
1/23/2027,11.30610371,16.88878632,7.122665405,5.370463371,0.471834749,101.3406601,3.667040825,5.00030899,240.0821533,241.5961456,11.40124512,69.13381958,Winter,0
1/24/2027,11.30782318,16.8998661,7.109607697,5.364000797,0.468558997,101.3310852,3.66438818,4.997601509,239.86763,241.3414001,11.40667915,69.0563736,Winter,0
1/25/2027,11.31232166,16.91420174,7.09882021,5.358504295,0.465158045,101.3215637,3.661880016,4.995038509,239.6194916,241.0512848,11.41542053,68.97567749,Winter,0
1/26/2027,11.31969547,16.93188477,7.090409279,5.354012489,0.461660922,101.3121414,3.65952158,4.992625237,239.3357086,240.7243195,11.42755699,68.89193726,Winter,0
1/27/2027,11.33003044,16.95300293,7.084478855,5.350563049,0.45809862,101.3028641,3.657316208,4.990363598,239.0145416,240.3591766,11.44316196,68.80531311,Winter,0
1/28/2027,11.3434,16.97762299,7.081122398,5.348185539,0.454503179,101.2937698,3.655266047,4.988256454,238.6544952,239.9549103,11.46229935,68.71601868,Winter,0
1/29/2027,11.35987663,17.00579262,7.080431938,5.346905708,0.450908065,101.2849121,3.653371811,4.986301899,238.2543488,239.5108643,11.48501873,68.62422943,Winter,0
1/30/2027,11.37950993,17.03756142,7.08248806,5.34674263,0.447347015,101.2763214,3.651632786,4.984498024,237.8131866,239.0265808,11.51135921,68.53013611,Winter,0
1/31/2027,11.40234947,17.07294846,7.087363243,5.347710609,0.443854302,101.2680359,3.650046349,4.982840538,237.330368,238.5019836,11.54135036,68.43395233,Winter,0
2/1/2027,11.42842865,17.11196136,7.095126629,5.349819183,0.440464377,101.2600784,3.648608685,4.981324196,236.8056183,237.9372406,11.57499886,68.33586121,Winter,0
2/2/2027,11.45776653,17.15459061,7.105824947,5.353069305,0.437211126,101.2524796,3.647314787,4.979939938,236.2388763,237.3327942,11.61230278,68.23605347,Winter,0
2/3/2027,11.49037361,17.20081902,7.119506359,5.357460022,0.434127897,101.2452621,3.646158218,4.978679657,235.6304169,236.6894226,11.65324974,68.13474274,Winter,0
2/4/2027,11.52625084,17.25060272,7.136205196,5.362984657,0.431246996,101.2384415,3.645130873,4.977532387,234.9807892,236.0079956,11.69781208,68.03211212,Winter,0
2/5/2027,11.56537914,17.30389023,7.15594101,5.369628906,0.428599179,101.2320328,3.644223213,4.976485252,234.2907715,235.2898254,11.74594688,67.92835999,Winter,0
2/6/2027,11.60773087,17.36061287,7.178727627,5.377377033,0.426213741,101.2260437,3.64342618,4.975525856,233.5614319,234.5363159,11.79759502,67.82367706,Winter,0
2/7/2027,11.65327358,17.42069054,7.204562187,5.386206627,0.424117684,101.2204819,3.64272809,4.974637985,232.7940826,233.749054,11.85269356,67.71824646,Winter,0
2/8/2027,11.70194626,17.48402596,7.233435154,5.396092415,0.422335684,101.2153397,3.642116785,4.973807335,231.9902496,232.9299164,11.91116142,67.61225891,Winter,0
2/9/2027,11.75369644,17.55051804,7.265325546,5.407005787,0.420889944,101.2106171,3.64157939,4.973015785,231.1516266,232.0808411,11.97290802,67.50590515,Winter,0
2/10/2027,11.80844688,17.62003899,7.300198078,5.418913841,0.419799298,101.2063065,3.641103268,4.972247124,230.2801208,231.2039185,12.03783894,67.39933777,Winter,0
2/11/2027,11.86611748,17.69247437,7.338014126,5.431782246,0.419079959,101.2023849,3.640673161,4.971482277,229.3777466,230.3013306,12.10583687,67.29273987,Winter,0
2/12/2027,11.92661858,17.76767921,7.378718853,5.44557333,0.418744206,101.1988525,3.640275955,4.970703125,228.4466858,229.375351,12.17679214,67.18626404,Winter,0
2/13/2027,11.989851,17.84552002,7.42224741,5.460248947,0.418801069,101.1956711,3.639896631,4.969892502,227.4891815,228.428299,12.25057411,67.08007813,Winter,0
2/14/2027,12.05571175,17.92584229,7.4685359,5.475768566,0.419255733,101.1928253,3.639520884,4.969029427,226.5075684,227.4625244,12.32705688,66.97431946,Winter,0
2/15/2027,12.12408829,18.00849915,7.517499447,5.492091179,0.420109481,101.1902847,3.639134645,4.968097687,225.5042267,226.4802856,12.40610695,66.86911011,Winter,0
2/16/2027,12.19486237,18.09333611,7.56905508,5.509176731,0.421359777,101.1880188,3.63872385,4.967078209,224.4815674,225.483963,12.48757935,66.76460266,Winter,0
2/17/2027,12.26791382,18.18019295,7.623113632,5.526982307,0.422999918,101.1859894,3.638275146,4.965953827,223.4418945,224.475708,12.57134438,66.66088867,Winter,0
2/18/2027,12.34311867,18.2689209,7.67957449,5.545469761,0.425019443,101.184166,3.637775421,4.964708328,222.387619,223.4576874,12.65725708,66.55809021,Winter,0
2/19/2027,12.42035294,18.35936356,7.738336086,5.564598083,0.427403867,101.1825027,3.637212992,4.963325024,221.3209991,222.4319153,12.74517441,66.45629883,Winter,0
2/20/2027,12.49949265,18.45137024,7.799293041,5.584330082,0.430134773,101.1809616,3.636577129,4.961791039,220.2442322,221.4003601,12.83495903,66.35558319,Winter,0
2/21/2027,12.58040428,18.54479599,7.862336636,5.60463047,0.433190256,101.1795044,3.635856867,4.960092545,219.1594391,220.3646851,12.92647934,66.25601959,Winter,0
2/22/2027,12.6629715,18.63949585,7.927359104,5.625463486,0.436544538,101.1780777,3.635043859,4.958217621,218.0685577,219.3265686,13.01959801,66.15766144,Winter,0
2/23/2027,12.74707031,18.73534203,7.99424696,5.646800041,0.440168798,101.1766586,3.634130716,4.956157684,216.9734192,218.2873688,13.1141901,66.0605545,Winter,0
2/24/2027,12.83257675,18.83220482,8.062887192,5.668608665,0.444030762,101.1751862,3.633111954,4.953903198,215.8756866,217.2483521,13.21013451,65.96472168,Winter,0
2/25/2027,12.9193821,18.92996407,8.133169174,5.690864563,0.44809559,101.1736221,3.631982565,4.951448917,214.7769012,216.2104645,13.30731583,65.87017822,Winter,0
2/26/2027,13.00737,19.02851486,8.204987526,5.713545322,0.452325642,101.1719284,3.630740166,4.948789597,213.6783142,215.1746063,13.4056282,65.77692413,Winter,0
2/27/2027,13.09643936,19.1277523,8.278234482,5.736629009,0.456681162,101.1700592,3.629383564,4.945924759,212.5811005,214.1413269,13.50497055,65.68495178,Winter,0
2/28/2027,13.18649101,19.22759438,8.352806091,5.760100365,0.461120605,101.1679764,3.627913237,4.942852974,211.4861603,213.1110229,13.60525322,65.59422302,Winter,0
3/1/2027,13.2774334,19.32795715,8.428603172,5.783946037,0.465600789,101.1656418,3.626332045,4.939578533,210.3942108,212.0838928,13.70639801,65.50471497,Spring,1
3/2/2027,13.36917686,19.42877769,8.505529404,5.808153152,0.470077485,101.1630173,3.624644518,4.936104298,209.3058014,211.059906,13.80832863,65.41636658,Spring,1
3/3/2027,13.46164894,19.52999878,8.58349514,5.832716465,0.474505872,101.1600723,3.622856379,4.932437897,208.2212677,210.0388641,13.91098785,65.32911682,Spring,1
3/4/2027,13.55478096,19.63157463,8.662416458,5.857629299,0.478840768,101.1567841,3.620975733,4.928589344,207.1407471,209.02034,14.01431465,65.2428894,Spring,1
3/5/2027,13.64850807,19.73347092,8.742213249,5.882891655,0.483037233,101.1531143,3.619012833,4.924568653,206.0641785,208.0037384,14.1182766,65.15759277,Spring,1
3/6/2027,13.74278069,19.83566856,8.822813034,5.908503056,0.487050951,101.1490479,3.61697793,4.920390606,204.9913635,206.9883728,14.22283554,65.07313538,Spring,1
3/7/2027,13.83754539,19.93814468,8.904148102,5.934465408,0.490838647,101.1445541,3.614884377,4.916069508,203.9219208,205.9733276,14.32796478,64.9894104,Spring,1
3/8/2027,13.93277359,20.04090309,8.986162186,5.960786343,0.49435848,101.1396332,3.612746716,4.911623955,202.8552856,204.9575958,14.43365479,64.90629578,Spring,1
3/9/2027,14.02842712,20.14394188,9.068798065,5.987469196,0.497570544,101.1342545,3.61058116,4.907073021,201.7908478,203.9400787,14.53989601,64.82367706,Spring,1
3/10/2027,14.12448883,20.24728012,9.152010918,6.01452446,0.5004372,101.128418,3.608404636,4.902438164,200.727829,202.9196014,14.64668846,64.74143219,Spring,1
3/11/2027,14.22093964,20.35093117,9.235761642,6.041960239,0.502923608,101.1221237,3.606235504,4.897741318,199.6653442,201.8948822,14.75404549,64.65942383,Spring,1
3/12/2027,14.3177681,20.45492744,9.320015907,6.069787025,0.504997849,101.1153717,3.604093075,4.893006325,198.6024628,200.8646393,14.86197472,64.57749939,Spring,1
3/13/2027,14.41497421,20.55929184,9.404747963,6.098014832,0.506631255,101.1081543,3.601996899,4.888258457,197.5381317,199.8275909,14.97049713,64.49554443,Spring,1
3/14/2027,14.51255417,20.6640625,9.489933968,6.126654625,0.507799029,101.1004944,3.599968433,4.883522987,196.4713745,198.7824402,15.07964325,64.413414,Spring,1
3/15/2027,14.61051941,20.76927757,9.575559616,6.15571785,0.50848037,101.0923996,3.598028183,4.878827572,195.4011078,197.7279205,15.18943596,64.33096313,Spring,1
3/16/2027,14.70887566,20.8749752,9.661614418,6.185212135,0.50865835,101.0838776,3.596197128,4.87419796,194.3262939,196.6628265,15.2999115,64.2480545,Spring,1
3/17/2027,14.80764389,20.98119736,9.748093605,6.215147972,0.50832057,101.0749588,3.594497204,4.869662285,193.2459412,195.5860748,15.41109848,64.16455841,Spring,1
3/18/2027,14.90682793,21.08798218,9.834997177,6.245532513,0.507459223,101.0656662,3.592948675,4.865246296,192.1590424,194.4965973,15.52303314,64.08033752,Spring,1
3/19/2027,15.00645447,21.19536591,9.922324181,6.276372433,0.506070912,101.0560303,3.591572762,4.86097765,191.0647736,193.3935242,15.63575172,63.99526978,Spring,1
3/20/2027,15.10653877,21.30338669,10.01008606,6.307673454,0.504157126,101.0460663,3.590388775,4.856882095,189.9622345,192.2760925,15.74928665,63.90924072,Spring,1
3/21/2027,15.20710182,21.41207886,10.09829044,6.339437485,0.501723766,101.0358276,3.589416027,4.852983475,188.8507843,191.1437073,15.86366653,63.82213974,Spring,1
3/22/2027,15.30816269,21.52146339,10.18694878,6.371665001,0.498781651,101.0253372,3.588672876,4.849308014,187.7298279,189.9959106,15.9789238,63.73386765,Spring,1
3/23/2027,15.40973854,21.63156891,10.27607441,6.404356003,0.49534601,101.0146408,3.588175297,4.84587574,186.5989075,188.8324585,16.09508324,63.64433289,Spring,1
3/24/2027,15.51184845,21.74240875,10.36568356,6.437506676,0.491436541,101.0037766,3.587938786,4.842709541,185.4576874,187.6532745,16.21216393,63.55345535,Spring,1
3/25/2027,15.61450577,21.85399246,10.45578861,6.471111774,0.487077355,100.9927826,3.587977171,4.839827538,184.306076,186.4585114,16.33018303,63.46117783,Spring,1
3/26/2027,15.71772385,21.96632385,10.54641151,6.505163193,0.482296288,100.9817123,3.588301659,4.837245941,183.1440125,185.2484894,16.4491539,63.36744308,Spring,1
3/27/2027,15.82150841,22.07939339,10.63756561,6.53964901,0.477125317,100.9706116,3.588922262,4.834980965,181.9717255,184.0237579,16.56907845,63.27220535,Spring,1
3/28/2027,15.92586899,22.19319534,10.72926807,6.574558258,0.471599936,100.9595184,3.589845896,4.833042622,180.7895355,182.7850342,16.68995476,63.17545319,Spring,1
3/29/2027,16.03080559,22.30770111,10.8215313,6.609876156,0.465758532,100.9484787,3.59107852,4.831442356,179.5979614,181.5333099,16.81177521,63.07717133,Spring,1
3/30/2027,16.13631821,22.42288399,10.91437149,6.64558506,0.4596425,100.9375458,3.592622757,4.830184937,178.397644,180.2696686,16.93452644,62.97735596,Spring,1
3/31/2027,16.24239922,22.53870773,11.0078001,6.681668282,0.453295618,100.9267654,3.594478607,4.829274178,177.1894684,178.9954987,17.05818176,62.8760376,Spring,1
4/1/2027,16.34903908,22.65512276,11.10182667,6.718103409,0.446763694,100.9161835,3.596644163,4.828712463,175.9743805,177.7122192,17.18271637,62.77324295,Spring,1
4/2/2027,16.45622444,22.77208138,11.19645882,6.754871368,0.440094113,100.9058304,3.599114895,4.828495026,174.7535706,176.421524,17.30809212,62.66902924,Spring,1
4/3/2027,16.56393433,22.88951683,11.29170609,6.791948318,0.433335245,100.8957672,3.601883411,4.82861805,173.5282593,175.1251678,17.43426704,62.56345749,Spring,1
4/4/2027,16.67214966,23.0073719,11.38757038,6.829311371,0.426536113,100.8860245,3.604939699,4.829071999,172.2998657,173.825119,17.56119347,62.456604,Spring,1
4/5/2027,16.78084373,23.12556648,11.48405457,6.866936684,0.419745982,100.8766479,3.608271599,4.829844475,171.06987,172.5233459,17.68881798,62.34856033,Spring,1
4/6/2027,16.88998985,23.24402809,11.58115673,6.904802322,0.413013518,100.8676682,3.611863613,4.830920219,169.8398132,171.2219849,17.81707764,62.23942566,Spring,1
4/7/2027,16.99954987,23.3626709,11.67887497,6.942883492,0.406386882,100.8591232,3.615698814,4.832282066,168.6113892,169.9231567,17.94591141,62.12931824,Spring,1
4/8/2027,17.10949516,23.48141861,11.77720642,6.98115778,0.399912596,100.8510361,3.619756699,4.833909512,167.3862457,168.6290588,18.07525063,62.01836395,Spring,1
4/9/2027,17.2197876,23.60018158,11.8761425,7.019603252,0.393635571,100.8434525,3.624016047,4.835776329,166.1661224,167.3419037,18.20502663,61.90668488,Spring,1
4/10/2027,17.33038902,23.71887207,11.97567749,7.058201313,0.387598336,100.8363876,3.628452063,4.837858677,164.952713,166.063858,18.33516312,61.79442978,Spring,1
4/11/2027,17.44126129,23.83740425,12.07580376,7.096932411,0.381840944,100.8298569,3.633039713,4.840126038,163.7477264,164.7970581,18.46558571,61.68174744,Spring,1
4/12/2027,17.55236816,23.95569992,12.176507,7.135779381,0.376400203,100.8238907,3.637750387,4.842547417,162.5528259,163.5435638,18.59622574,61.56877899,Spring,1
4/13/2027,17.66366959,24.07367134,12.27777767,7.174729824,0.3713094,100.8184967,3.642555237,4.845089912,161.3696136,162.3053436,18.72700691,61.45568466,Spring,1
4/14/2027,17.77512932,24.19124413,12.37960625,7.21377182,0.36659804,100.8136978,3.647423744,4.847718239,160.199585,161.084259,18.85785484,61.34262085,Spring,1
4/15/2027,17.88671494,24.30834389,12.48198032,7.252897263,0.362291604,100.8094864,3.652323723,4.850396156,159.0441589,159.8820038,18.98870087,61.22974014,Spring,1
4/16/2027,17.9983902,24.42490768,12.58488941,7.292101383,0.358410925,100.8058777,3.657223463,4.853085518,157.9046021,158.7001343,19.11948204,61.11719131,Spring,1
4/17/2027,18.11013031,24.5408802,12.68832397,7.331382275,0.354972571,100.8028717,3.662089109,4.855747223,156.782074,157.539978,19.25013733,61.00512695,Spring,1
4/18/2027,18.22191048,24.65620613,12.79227448,7.370741367,0.351987809,100.8004608,3.66688776,4.858342648,155.6775208,156.40271,19.3806076,60.89368057,Spring,1
4/19/2027,18.33370781,24.77085114,12.89673233,7.410185814,0.349463254,100.7986374,3.671585083,4.860831261,154.5917816,155.2892456,19.51084709,60.78299713,Spring,1
4/20/2027,18.44551086,24.88478279,13.00169277,7.449724197,0.347400427,100.7974014,3.676148415,4.863173962,153.5254364,154.2003021,19.64081573,60.67319489,Spring,1
4/21/2027,18.55730629,24.99798775,13.10715294,7.489369392,0.345795661,100.7967377,3.680544615,4.865331173,152.4789124,153.136322,19.77047729,60.56438828,Spring,1
4/22/2027,18.66909599,25.11045837,13.21311188,7.529138565,0.344640225,100.7966309,3.684741259,4.867263794,151.4523926,152.0975037,19.89980698,60.4566803,Spring,1
4/23/2027,18.78087807,25.22220039,13.31957245,7.569052696,0.343920439,100.7970581,3.688707113,4.868933678,150.4458771,151.0837708,20.02879143,60.35015488,Spring,1
4/24/2027,18.89266586,25.33323479,13.42653751,7.609135628,0.343617588,100.7979965,3.692413092,4.870305538,149.4591217,150.0948029,20.15742111,60.24487305,Spring,1
4/25/2027,19.00447273,25.44359779,13.53401852,7.649415493,0.343708217,100.7994385,3.69582963,4.871343613,148.4916534,149.1300201,20.28570557,60.14090729,Spring,1
4/26/2027,19.11632919,25.55333328,13.64202213,7.689922333,0.344164491,100.8013382,3.69893074,4.872014999,147.5428314,148.1885681,20.41365623,60.03828049,Spring,1
4/27/2027,19.22826195,25.66250038,13.75056744,7.730689049,0.344954014,100.8036804,3.701691151,4.87228775,146.6117554,147.2693634,20.54129982,59.9370079,Spring,1
4/28/2027,19.34031105,25.77117538,13.85967159,7.771752357,0.346040517,100.8064423,3.704087973,4.872133732,145.6973114,146.371048,20.66866875,59.83709335,Spring,1
4/29/2027,19.45252228,25.87944412,13.96935368,7.813150406,0.347384065,100.8095779,3.706100702,4.871528625,144.7982025,145.4920502,20.79581451,59.73851395,Spring,1
4/30/2027,19.56494904,25.98740387,14.07964134,7.854922771,0.348941356,100.8130646,3.707712173,4.870446682,143.9129791,144.6306305,20.92279053,59.64121628,Spring,1
5/1/2027,19.67765045,26.09516907,14.1905632,7.897109985,0.350666225,100.816864,3.708906174,4.868870735,143.039978,143.78479,21.04966354,59.5451355,Spring,1
5/2/2027,19.79068947,26.20285225,14.30214882,7.939754486,0.352510124,100.8209534,3.709670544,4.866781235,142.1773834,142.9523621,21.17650795,59.45018768,Spring,1
5/3/2027,19.90413857,26.31059456,14.41443253,7.982898712,0.35442242,100.8252945,3.70999527,4.864166737,141.3233032,142.131073,21.30341339,59.35625839,Spring,1
5/4/2027,20.01807022,26.41853142,14.52744961,8.026582718,0.356350988,100.8298492,3.709873676,4.86101532,140.4756775,141.318512,21.4304657,59.26322556,Spring,1
5/5/2027,20.13257027,26.5268116,14.64124203,8.070849419,0.35824275,100.8345947,3.709301949,4.857322693,139.6324158,140.512146,21.55776978,59.17092896,Spring,1
5/6/2027,20.24771881,26.63558769,14.75584412,8.115737915,0.360043913,100.8394852,3.708278418,4.853083611,138.7912598,139.7093964,21.6854248,59.07920456,Spring,1
5/7/2027,20.36360359,26.74502182,14.8713007,8.161283493,0.361701041,100.8444977,3.706805229,4.84829998,137.9500732,138.9076385,21.81354904,58.98786545,Spring,1
5/8/2027,20.48031044,26.85527611,14.98765087,8.207525253,0.363160849,100.8495941,3.704887867,4.842975616,137.1066132,138.104248,21.94225311,58.896698,Spring,1
5/9/2027,20.597929,26.96651459,15.10493851,8.254491806,0.364371508,100.8547592,3.702533245,4.837118626,136.258667,137.2966614,22.07165718,58.80548859,Spring,1
5/10/2027,20.71654892,27.07890511,15.2232008,8.302212715,0.365282267,100.8599396,3.699751854,4.830739498,135.4040985,136.4823151,22.2018795,58.71399307,Spring,1
5/11/2027,20.83625793,27.19260597,15.3424778,8.350712776,0.365844816,100.8651352,3.696557045,4.823852539,134.5408478,135.6587677,22.33304024,58.6219635,Spring,1
5/12/2027,20.95714188,27.30778122,15.46280766,8.400011063,0.36601311,100.8702927,3.6929636,4.816475868,133.6669769,134.8237152,22.46525955,58.52914429,Spring,1
5/13/2027,21.07927895,27.42458725,15.5842247,8.45012188,0.365744203,100.875412,3.688990355,4.808629036,132.7806396,133.9749908,22.59865379,58.43525696,Spring,1
5/14/2027,21.20274734,27.54317093,15.70675945,8.501056671,0.36499843,100.880455,3.684656382,4.800336361,131.8802032,133.110611,22.73333359,58.34003448,Spring,1
5/15/2027,21.32762527,27.66367531,15.83043957,8.552814484,0.363739908,100.8853989,3.67998457,4.791623116,130.9642181,132.2288361,22.86940956,58.24318314,Spring,1
5/16/2027,21.45397377,27.78623009,15.95528889,8.605396271,0.361936927,100.8902359,3.67499733,4.782516956,130.0314026,131.3280945,23.0069828,58.14442825,Spring,1
5/17/2027,21.58185577,27.91095543,16.08132172,8.658791542,0.359562129,100.8949509,3.669720888,4.773048401,129.0808105,130.4071808,23.14614487,58.04349136,Spring,1
5/18/2027,21.71131325,28.03795624,16.20855141,8.712984085,0.356592953,100.8995132,3.664180994,4.763249397,128.1116333,129.4651031,23.28697968,57.94008636,Spring,1
5/19/2027,21.84239769,28.16732788,16.33698654,8.767951965,0.353011698,100.903923,3.658405304,4.753153801,127.1234589,128.5011902,23.42956352,57.83393478,Spring,1
5/20/2027,21.97513199,28.29914474,16.4666214,8.823665619,0.348805666,100.9081573,3.652421951,4.742794037,126.1160278,127.5151062,23.57396126,57.72476959,Spring,1
5/21/2027,22.10953903,28.43346977,16.59744835,8.880088806,0.343967617,100.9122238,3.646259069,4.732207298,125.0895309,126.5068436,23.72021866,57.61234283,Spring,1
5/22/2027,22.24562836,28.57034111,16.72944641,8.937178612,0.338495463,100.9160995,3.639945507,4.721427917,124.0443573,125.476738,23.86837578,57.49639511,Spring,1
5/23/2027,22.38339424,28.70978737,16.8625946,8.994885445,0.332392544,100.9197845,3.633509874,4.710492134,122.9812698,124.4254837,24.01845551,57.37670898,Spring,1
5/24/2027,22.52282143,28.85181046,16.99685669,9.053153992,0.325667381,100.9232788,3.626980066,4.699436188,121.9013367,123.3540878,24.17046738,57.25307083,Spring,1
5/25/2027,22.66388321,28.99639511,17.1321888,9.11192131,0.318333805,100.9265747,3.620383978,4.688293457,120.8059387,122.2639847,24.32440186,57.12529373,Spring,1
5/26/2027,22.80653763,29.143507,17.26854324,9.171121597,0.310410917,100.9296722,3.613748312,4.677099228,119.696785,121.1568604,24.48023987,56.99319077,Spring,1
5/27/2027,22.95072365,29.29308891,17.40585136,9.230680466,0.3019225,100.932579,3.607098341,4.665885448,118.5758972,120.0348358,24.63793755,56.85663986,Spring,1
5/28/2027,23.09638023,29.44506454,17.54405212,9.290519714,0.292897165,100.9352875,3.600457907,4.654684067,117.4455643,118.9002609,24.79743958,56.71550751,Spring,1
5/29/2027,23.24341965,29.59933853,17.68305969,9.350560188,0.283368081,100.9378052,3.593849659,4.643526077,116.3083649,117.755867,24.95868111,56.56970215,Spring,1
5/30/2027,23.39175224,29.75579643,17.82279015,9.410713196,0.273372412,100.9401321,3.58729434,4.632436752,115.16716,116.6046219,25.12157059,56.41916656,Spring,1
5/31/2027,23.5412674,29.91429901,17.96314812,9.470891953,0.262951314,100.9422836,3.580810547,4.621442795,114.0250244,115.4497757,25.28600311,56.26387024,Spring,1
6/1/2027,23.69184685,30.07469368,18.10402679,9.531003952,0.252149194,100.9442596,3.57441473,4.610566616,112.8852921,114.2948532,25.45186234,56.10380173,Summer,2
6/2/2027,23.8433609,30.23681068,18.24531746,9.590957642,0.241013512,100.9460602,3.56812048,4.59982872,111.7514191,113.1435089,25.61901474,55.93900299,Summer,2
6/3/2027,23.9956646,30.4004612,18.38689995,9.650660515,0.229594469,100.9477005,3.56194067,4.589245796,110.6270981,111.9996338,25.78731155,55.76954269,Summer,2
6/4/2027,24.14861298,30.56544113,18.52864838,9.710017204,0.21794413,100.9491806,3.555883646,4.578832626,109.5161057,110.8672333,25.95659256,55.59550476,Summer,2
6/5/2027,24.30203629,30.73153496,18.67043686,9.768936157,0.206116512,100.9505081,3.549956799,4.568600655,108.4223175,109.7504196,26.12668228,55.41703415,Summer,2
6/6/2027,24.45577049,30.8985157,18.81212425,9.827327728,0.194166586,100.9516983,3.544163465,4.55855751,107.3496552,108.6533737,26.29740524,55.23429489,Summer,2
6/7/2027,24.60964203,31.06613922,18.95357132,9.885101318,0.182149947,100.9527512,3.538505554,4.548708916,106.302124,107.5803146,26.46855736,55.04748154,Summer,2
6/8/2027,24.76346588,31.23415756,19.0946331,9.942171097,0.170122579,100.9536743,3.532982111,4.539054871,105.2836227,106.5354156,26.63994026,54.85682678,Summer,2
6/9/2027,24.91705132,31.40231514,19.23516846,9.998458862,0.158139974,100.9544754,3.52758956,4.529595852,104.2980881,105.5228653,26.81134415,54.66260147,Summer,2
6/10/2027,25.07021332,31.57034874,19.37502861,10.05388451,0.146256819,100.955162,3.522320986,4.520325661,103.3492966,104.5466614,26.98255539,54.46508789,Summer,2
6/11/2027,25.22276306,31.73799706,19.51405907,10.10838127,0.134526506,100.9557343,3.517169714,4.511238575,102.4409256,103.6107407,27.15335274,54.26461792,Summer,2
6/12/2027,25.37449837,31.90498734,19.65212059,10.16187954,0.123000711,100.9561996,3.512123108,4.502322674,101.5764923,102.7188187,27.32351303,54.0615387,Summer,2
6/13/2027,25.52523232,32.071064,19.7890625,10.21432495,0.11172881,100.9565735,3.507169962,4.493565083,100.7593155,101.8744202,27.49281502,53.85623169,Summer,2
6/14/2027,25.67477226,32.23594666,19.92473793,10.26566601,0.100757748,100.9568405,3.502295256,4.484951019,99.99240875,101.0808182,27.66102982,53.64910126,Summer,2
6/15/2027,25.8229332,32.39938736,20.05901146,10.31586075,0.090131469,100.957016,3.497482061,4.476461411,99.27861786,100.3410034,27.8279438,53.44055939,Summer,2
6/16/2027,25.96952248,32.56113052,20.19174194,10.36487389,0.079890296,100.9570999,3.492713451,4.468076706,98.6204071,99.65764618,27.99333,53.23106384,Summer,2
6/17/2027,26.11437225,32.72092056,20.3228035,10.41268063,0.070071399,100.9570923,3.487970352,4.459775448,98.0199585,99.03303528,28.15698051,53.02106094,Summer,2
6/18/2027,26.25730324,32.87853622,20.45206642,10.45926571,0.060707636,100.9570007,3.483232737,4.451534271,97.47904205,98.46913147,28.31868744,52.8110466,Summer,2
6/19/2027,26.39815331,33.03373718,20.57941437,10.50462246,0.051827993,100.9568253,3.478479624,4.443328857,96.99914551,97.96748352,28.4782486,52.60149384,Summer,2
6/20/2027,26.53676987,33.18631363,20.70473289,10.54875374,0.043457001,100.9565582,3.473690271,4.435133457,96.58122253,97.52922058,28.63547707,52.39289856,Summer,2
6/21/2027,26.67300034,33.3360672,20.82792473,10.59167099,0.035614874,100.9562073,3.468842983,4.426922798,96.22594452,97.15504456,28.79019165,52.18577576,Summer,2
6/22/2027,26.80671692,33.48281479,20.94889259,10.63339615,0.028317252,100.9557724,3.463917255,4.418670654,95.93349457,96.8451767,28.94221687,51.9806366,Summer,2
6/23/2027,26.93778992,33.62637711,21.06755447,10.67396164,0.021575358,100.955246,3.458891392,4.4103508,95.70363617,96.59944153,29.09139633,51.77797699,Summer,2
6/24/2027,27.0661068,33.76661301,21.18383598,10.71340752,0.015395663,100.9546356,3.453745604,4.401938438,95.53566742,96.41718292,29.23759079,51.57831955,Summer,2
6/25/2027,27.1915741,33.90337372,21.29767418,10.75178337,0.009780403,100.9539337,3.44846034,4.393408775,95.42850494,96.29728699,29.38066101,51.382164,Summer,2
6/26/2027,27.31409454,34.03654861,21.40901184,10.78914452,0.004727279,100.9531326,3.443018198,4.384737968,95.38059998,96.23819733,29.52049255,51.19000626,Summer,2
6/27/2027,27.43359756,34.1660347,21.51780701,10.82555962,0.000230041,100.9522476,3.437402248,4.375905037,95.39000702,96.23792267,29.65698051,51.00234222,Summer,2
6/28/2027,27.55001831,34.29174805,21.62403488,10.8611002,-0.003721729,100.9512634,3.431597471,4.366889954,95.45433807,96.29405975,29.79003716,50.81963348,Summer,2
6/29/2027,27.6633091,34.41362762,21.72766495,10.89584446,-0.007142086,100.9501877,3.425591469,4.357673645,95.57085419,96.40375519,29.91958237,50.64235687,Summer,2
6/30/2027,27.77343369,34.53162003,21.82869339,10.92988014,-0.010048629,100.9490128,3.419373274,4.348241806,95.73641968,96.56385803,30.04555702,50.47094727,Summer,2
7/1/2027,27.88036537,34.64569473,21.92711258,10.96329784,-0.012461973,100.9477463,3.412934542,4.338581085,95.94758606,96.7707901,30.16791344,50.30583954,Summer,2
7/2/2027,27.98408699,34.75583649,22.02293587,10.99618912,-0.014405536,100.946373,3.40626955,4.328681946,96.20059204,97.02067566,30.28661919,50.14743042,Summer,2
7/3/2027,28.08460236,34.8620491,22.11618233,11.02865696,-0.015905092,100.9449081,3.399374485,4.318536758,96.49134827,97.30937195,30.4016571,49.99610901,Summer,2
7/4/2027,28.18191338,34.96434784,22.20687675,11.06079865,-0.01698838,100.9433441,3.392249346,4.308142662,96.81558228,97.63246918,30.51300812,49.85223389,Summer,2
7/5/2027,28.27604294,35.06275177,22.29505539,11.09271812,-0.017684845,100.9416885,3.384896755,4.297499657,97.16875458,97.98532104,30.62068939,49.71613693,Summer,2
7/6/2027,28.36701965,35.15731049,22.38076019,11.12451839,-0.018024744,100.9399338,3.377321959,4.286610603,97.54624176,98.36317444,30.72470284,49.58812332,Summer,2
7/7/2027,28.45486832,35.24806595,22.46403885,11.15630054,-0.018039266,100.9380951,3.369532585,4.275484085,97.9431839,98.76110077,30.82508087,49.46847534,Summer,2
7/8/2027,28.53964043,35.33508301,22.54494286,11.18816471,-0.017759535,100.9361649,3.361541033,4.264128208,98.3547821,99.17410278,30.92184448,49.35745239,Summer,2
7/9/2027,28.62137604,35.4184227,22.62354088,11.22021008,-0.01721674,100.9341507,3.353360653,4.252559185,98.77606201,99.59719086,31.01504135,49.25526428,Summer,2
7/10/2027,28.70012856,35.4981575,22.69988441,11.2525301,-0.016440952,100.9320602,3.345009327,4.240794182,99.20217133,100.0253296,31.10471153,49.16212082,Summer,2
7/11/2027,28.77594757,35.57435989,22.77404022,11.28521347,-0.015461366,100.9299011,3.336506128,4.228855133,99.62824249,100.4535904,31.19090271,49.07817841,Summer,2
7/12/2027,28.84889412,35.6471138,22.84608078,11.31834412,-0.014305566,100.9276733,3.327874184,4.216767311,100.0495682,100.8771439,31.27366447,49.00357437,Summer,2
7/13/2027,28.91902351,35.71648407,22.91606522,11.35200024,-0.012998953,100.9253845,3.319138765,4.204559326,100.4615402,101.2913589,31.35305214,48.93842316,Summer,2
7/14/2027,28.98638916,35.78256226,22.9840641,11.3862505,-0.011564696,100.9230576,3.310327291,4.192261696,100.8597412,101.6917114,31.42912292,48.8828125,Summer,2
7/15/2027,29.05104446,35.84540558,23.05013847,11.42115593,-0.010023224,100.9206772,3.301468611,4.179909229,101.2401047,102.0740509,31.5019207,48.83678436,Summer,2
7/16/2027,29.11303902,35.90508652,23.11434746,11.45676994,-0.008391825,100.9182739,3.292595148,4.167539597,101.598671,102.4344254,31.57149887,48.80037689,Summer,2
7/17/2027,29.17242432,35.96166611,23.176754,11.49313545,-0.006684647,100.9158554,3.283739567,4.155191422,101.9319305,102.7692337,31.63789368,48.77360535,Summer,2
7/18/2027,29.2292347,36.01519775,23.23740387,11.53028297,-0.004911984,100.9134216,3.274937153,4.142907143,102.2366562,103.0752487,31.70115662,48.75643539,Summer,2
7/19/2027,29.28351021,36.06572342,23.29634476,11.5682373,-0.003080457,100.9109879,3.266222954,4.130730629,102.510025,103.3496323,31.76131248,48.74884033,Summer,2
7/20/2027,29.33526802,36.11327362,23.35361099,11.60700607,-0.001192711,100.908577,3.257634401,4.11870575,102.7496262,103.5899658,31.81838799,48.75076294,Summer,2
7/21/2027,29.38453484,36.15787506,23.40924072,11.64658928,0.000752499,100.906189,3.249208689,4.106879234,102.9534988,103.7943039,31.87239647,48.76211548,Summer,2
7/22/2027,29.43131828,36.19953156,23.46324921,11.68697262,0.002760832,100.9038391,3.240982294,4.095297813,103.1201172,103.9611893,31.92334938,48.78281403,Summer,2
7/23/2027,29.47561073,36.23823166,23.51565552,11.72813416,0.004841833,100.9015427,3.232993603,4.084009171,103.2484512,104.0895615,31.97123909,48.81275177,Summer,2
7/24/2027,29.51741219,36.27396393,23.56645966,11.77003574,0.00700931,100.8993073,3.225279093,4.073059082,103.3379517,104.1789703,32.01605606,48.8517952,Summer,2
7/25/2027,29.55669403,36.30669403,23.61565781,11.81262875,0.009281018,100.8971558,3.217874765,4.062495232,103.3885803,104.2294083,32.05776215,48.89982605,Summer,2
7/26/2027,29.59342766,36.33636856,23.66322899,11.85585499,0.011678473,100.8950882,3.21081543,4.052363396,103.400795,104.2413712,32.09633255,48.95669556,Summer,2
7/27/2027,29.62756157,36.36292648,23.7091465,11.89964199,0.014226988,100.8931274,3.204134703,4.04270649,103.3754959,104.2158966,32.13171768,49.02225494,Summer,2
7/28/2027,29.6590519,36.3862915,23.75337791,11.94390965,0.016955419,100.8912811,3.197864532,4.03357029,103.3141632,104.15448,32.16384125,49.09634399,Summer,2
7/29/2027,29.68782806,36.40636826,23.79586792,11.98856449,0.019895513,100.8895645,3.192034721,4.024992466,103.2187042,104.0591583,32.19264221,49.17881775,Summer,2
7/30/2027,29.71382141,36.42305374,23.8365612,12.03350544,0.023082284,100.8879776,3.186672688,4.01701355,103.0914993,103.9323273,32.21803665,49.26950073,Summer,2
7/31/2027,29.73693848,36.43623352,23.87538338,12.07862091,0.026552735,100.8865433,3.181803226,4.009667397,102.9353485,103.776947,32.23992157,49.36822891,Summer,2
8/1/2027,29.75709724,36.44577408,23.91225815,12.1237936,0.030346261,100.8852615,3.177448034,4.002988338,102.7535324,103.5963211,32.25819778,49.47484589,Summer,2
8/2/2027,29.77418137,36.4515419,23.94709778,12.16889858,0.03450416,100.8841553,3.173626423,3.997004032,102.5496521,103.394165,32.27274704,49.58919525,Summer,2
8/3/2027,29.78808975,36.45338058,23.97980309,12.21380043,0.039068408,100.8832169,3.170353889,3.991739511,102.3276901,103.1745529,32.28344727,49.71110535,Summer,2
8/4/2027,29.79870796,36.45114136,24.01027107,12.25836468,0.044082198,100.8824615,3.167642355,3.987217665,102.0919495,102.9418182,32.29016495,49.84043121,Summer,2
8/5/2027,29.80591011,36.44465637,24.0383873,12.30244637,0.049588595,100.8818893,3.165500879,3.983454227,101.847023,102.7006607,32.29276657,49.97702026,Summer,2
8/6/2027,29.80957985,36.43376923,24.06403351,12.34590244,0.055630848,100.8815155,3.163933992,3.98046279,101.5977173,102.4559174,32.29111481,50.12072372,Summer,2
8/7/2027,29.80957794,36.41830826,24.08708763,12.38858223,0.062250976,100.8813324,3.162942648,3.978251219,101.3490524,102.2126694,32.2850647,50.27140427,Summer,2
8/8/2027,29.80578041,36.39810562,24.10742569,12.43033981,0.069489986,100.8813553,3.162523985,3.976822853,101.106163,101.9761047,32.27446365,50.42892456,Summer,2
8/9/2027,29.79805946,36.37299728,24.12491226,12.47102547,0.077387027,100.8815765,3.162671566,3.976177931,100.8743286,101.7514725,32.25917435,50.59315491,Summer,2
8/10/2027,29.78628731,36.34282684,24.13941956,12.51049232,0.085978881,100.8820038,3.163374424,3.976309061,100.6588364,101.5441284,32.23905563,50.76397324,Summer,2
8/11/2027,29.77034187,36.30743408,24.15081596,12.54859352,0.09529952,100.882637,3.164618015,3.977206945,100.4649582,101.3593521,32.21395874,50.94126129,Summer,2
8/12/2027,29.7501049,36.26667786,24.15896988,12.58519077,0.105379641,100.8834686,3.166384697,3.978854895,100.2979584,101.2023621,32.18375778,51.12490845,Summer,2
8/13/2027,29.72546387,36.22041702,24.16375542,12.62014294,0.116246194,100.8845062,3.168652296,3.981234312,100.1629639,101.0782471,32.14832687,51.31479645,Summer,2
8/14/2027,29.69631004,36.16853714,24.16504669,12.65332031,0.127921969,100.8857422,3.17139554,3.984320164,100.0649567,100.992012,32.10754013,51.51082611,Summer,2
8/15/2027,29.66255379,36.1109314,24.16272545,12.68459892,0.140425071,100.8871689,3.174586058,3.988083839,100.0087357,100.948349,32.06129456,51.71289063,Summer,2
8/16/2027,29.62410736,36.04750443,24.15667915,12.71385765,0.153768897,100.8887787,3.178191662,3.992492199,99.99882507,100.9517212,32.00949478,51.92089081,Summer,2
8/17/2027,29.5809021,35.97817993,24.1468029,12.74098873,0.167961344,100.8905792,3.182177782,3.997508764,100.0394897,101.0063171,31.95206261,52.13471985,Summer,2
8/18/2027,29.53287697,35.90291214,24.13300133,12.76589108,0.183004946,100.8925629,3.186507225,4.003092766,100.1346512,101.1159897,31.88892555,52.35427856,Summer,2
8/19/2027,29.4799881,35.82167435,24.11518669,12.78847313,0.198896438,100.8947067,3.191140175,4.00920105,100.2878647,101.2841568,31.82003593,52.57945633,Summer,2
8/20/2027,29.42221069,35.73445129,24.09328651,12.80865574,0.215626612,100.8970261,3.196035385,4.015786171,100.5022888,101.5138626,31.74536705,52.81014252,Summer,2
8/21/2027,29.35953331,35.64126205,24.06723785,12.82636642,0.23318021,100.8994904,3.201148748,4.022798538,100.7806549,101.8077393,31.66489601,53.0462265,Summer,2
8/22/2027,29.29195976,35.54214859,24.0369873,12.84154606,0.251535863,100.9021149,3.206435919,4.03018713,101.1252289,102.1679153,31.5786438,53.28759003,Summer,2
8/23/2027,29.21951294,35.43717957,24.00250053,12.85414886,0.270665973,100.9048767,3.211850882,4.037898064,101.5378189,102.5960312,31.48662376,53.53408813,Summer,2
8/24/2027,29.14224243,35.32644272,23.96375465,12.86413479,0.290537059,100.9077682,3.217347145,4.045876503,102.0197067,103.0932388,31.38889313,53.78559113,Summer,2
8/25/2027,29.06020164,35.21006393,23.92074203,12.8714819,0.311109245,100.9107819,3.222877741,4.054065704,102.5717239,103.6602249,31.28552246,54.04193878,Summer,2
8/26/2027,28.97347832,35.08818817,23.87347031,12.87617779,0.332337171,100.9139175,3.2283957,4.062409401,103.1941299,104.2971115,31.17660141,54.30297089,Summer,2
8/27/2027,28.88216782,34.96097946,23.82196236,12.87821674,0.354169518,100.91716,3.233854294,4.070851326,103.8867188,105.0035248,31.06224823,54.56850815,Summer,2
8/28/2027,28.78639412,34.82865143,23.76625633,12.87761021,0.376549661,100.9204941,3.23920846,4.079333305,104.648735,105.7785721,30.94259453,54.8383522,Summer,2
8/29/2027,28.68628693,34.69141006,23.70640564,12.8743763,0.39941594,100.9239273,3.244413614,4.087800503,105.4789505,106.620903,30.81779861,55.11229706,Summer,2
8/30/2027,28.58200455,34.54951477,23.64248085,12.86854744,0.422701716,100.9274445,3.249425888,4.096198082,106.3756409,107.5286102,30.68804169,55.39011002,Summer,2
8/31/2027,28.47372055,34.40322113,23.57456398,12.86016178,0.44633621,100.9310303,3.254204512,4.104473114,107.3366165,108.4994049,30.5535183,55.67153931,Summer,2
9/1/2027,28.36162186,34.25282669,23.5027523,12.84926891,0.470244497,100.9346924,3.258710623,4.1125741,108.3592148,109.5305252,30.41444397,55.95632553,Autumn,3
9/2/2027,28.24590874,34.09864044,23.42716217,12.83592606,0.494348288,100.9384155,3.262907505,4.120451927,109.4403687,110.6187668,30.27106094,56.2441864,Autumn,3
9/3/2027,28.12679863,33.94098663,23.34791565,12.8201952,0.51856643,100.9421997,3.266761065,4.128062248,110.5766449,111.7606201,30.12360954,56.53480148,Autumn,3
9/4/2027,28.00452232,33.78020859,23.26514435,12.80215263,0.542815208,100.9460297,3.270240545,4.135360718,111.7642059,112.9521637,29.97236443,56.82785034,Autumn,3
9/5/2027,27.87931252,33.61665726,23.17900085,12.7818718,0.567009211,100.949913,3.273318768,4.142307281,112.9989471,114.1892548,29.81759262,57.12298965,Autumn,3
9/6/2027,27.75142479,33.45069504,23.08964539,12.75943565,0.591061473,100.9538345,3.275971413,4.148869038,114.2764587,115.467392,29.65959549,57.41984558,Autumn,3
9/7/2027,27.62111092,33.28269958,22.99724388,12.73492908,0.614884496,100.9578018,3.278177738,4.155012131,115.5921326,116.7819672,29.49866676,57.71804428,Autumn,3
9/8/2027,27.48862839,33.11304474,22.90196609,12.70844173,0.638390958,100.9617996,3.279921532,4.160709858,116.9411163,118.1281433,29.33511353,58.01717377,Autumn,3
9/9/2027,27.35424995,32.94211197,22.80399132,12.6800642,0.661493719,100.9658279,3.28118968,4.165939331,118.3184967,119.5010071,29.16924286,58.31681061,Autumn,3
9/10/2027,27.21823502,32.77027893,22.70350647,12.64988613,0.684106946,100.9698944,3.281974316,4.170682907,119.7192307,120.895546,29.00137329,58.61652374,Autumn,3
9/11/2027,27.08084488,32.59792328,22.60069656,12.61799908,0.706146419,100.9739838,3.28227067,4.174925804,121.1382446,122.3067474,28.83181763,58.91585159,Autumn,3
9/12/2027,26.94235039,32.42540741,22.49574852,12.58449078,0.727530301,100.9781036,3.282078266,4.17866087,122.5705185,123.7296448,28.66088676,59.21433258,Autumn,3
9/13/2027,26.8030014,32.25310135,22.38885498,12.54944992,0.748179734,100.9822464,3.281401157,4.181883812,124.0110321,125.1593475,28.48888779,59.51148605,Autumn,3
9/14/2027,26.66305161,32.08134079,22.28019333,12.51295948,0.76801914,100.986412,3.280247211,4.184595108,125.4549561,126.5911026,28.31612396,59.80682755,Autumn,3
9/15/2027,26.52274132,31.91046906,22.16995621,12.47509861,0.786976993,100.9906082,3.278628588,4.186802387,126.8975601,128.0203705,28.14288712,60.0998497,Autumn,3
9/16/2027,26.38229752,31.74079514,22.05831146,12.43594074,0.80498606,100.9948273,3.276561022,4.188515186,128.3343811,129.4427795,27.96946144,60.39006424,Autumn,3
9/17/2027,26.24194336,31.57261658,21.94543266,12.3955555,0.821984291,100.9990616,3.274064302,4.189750671,129.7611847,130.8542938,27.79610825,60.67696381,Autumn,3
9/18/2027,26.10188103,31.40620613,21.83148384,12.35400581,0.837914705,101.0033264,3.27116251,4.190526962,131.1740265,132.2511444,27.62308693,60.96004105,Autumn,3
9/19/2027,25.96229172,31.24180794,21.71661758,12.31134415,0.852725863,101.0076065,3.26788187,4.190870285,132.5693207,133.6299591,27.4506321,61.2387886,Autumn,3
9/20/2027,25.82335281,31.07965088,21.60097122,12.26762009,0.866372585,101.0119019,3.264252424,4.19080925,133.9438629,134.9877014,27.27896118,61.5127182,Autumn,3
9/21/2027,25.68520355,30.91992188,21.48467827,12.22286987,0.878815949,101.0162201,3.260308027,4.190376282,135.2948303,136.3217926,27.10826874,61.78133011,Autumn,3
9/22/2027,25.54798126,30.76278496,21.36785698,12.17712593,0.890023232,101.0205536,3.256084204,4.18960762,136.6198425,137.6300659,26.93872643,62.04414749,Autumn,3
9/23/2027,25.41178894,30.60837364,21.25060654,12.13041115,0.899968743,101.0248947,3.251619816,4.18854332,137.9169464,138.9108124,26.77048874,62.30071259,Autumn,3
9/24/2027,25.27671623,30.45678329,21.13301659,12.08273697,0.908633232,101.0292511,3.246955395,4.187227249,139.1847382,140.1628265,26.60368538,62.55056381,Autumn,3
9/25/2027,25.14282227,30.3080864,21.01515579,12.03411007,0.916004419,101.0336151,3.242133856,4.185704231,140.4222412,141.3853607,26.43841362,62.79327011,Autumn,3
9/26/2027,25.01014519,30.16230965,20.89707947,11.98452377,0.92207706,101.0379791,3.237199306,4.18402195,141.6289673,142.5781708,26.27474785,63.02843094,Autumn,3
9/27/2027,24.87870407,30.01945496,20.77882767,11.93396568,0.926852226,101.0423431,3.232197285,4.182230949,142.8049469,143.7415009,26.11274338,63.2556572,Autumn,3
9/28/2027,24.74848557,29.87948799,20.66041946,11.88241482,0.930338204,101.0466995,3.227174044,4.180383205,143.9506989,144.8761139,25.95241928,63.47458649,Autumn,3
9/29/2027,24.61946297,29.74233818,20.5418644,11.82984352,0.932549655,101.0510406,3.222176313,4.178531647,145.067276,145.9831848,25.79377174,63.68489075,Autumn,3
9/30/2027,24.49157143,29.60790634,20.42313957,11.7762146,0.933507442,101.0553665,3.217252016,4.176729202,146.1561127,147.0644073,25.63677216,63.88628006,Autumn,3
10/1/2027,24.36474228,29.47606087,20.30422592,11.72148418,0.933238745,101.0596619,3.21244812,4.175030708,147.2192078,148.1219177,25.48137093,64.07847595,Autumn,3
10/2/2027,24.23886871,29.34664154,20.18506813,11.66560555,0.931776524,101.0639267,3.207811356,4.173489571,148.2589417,149.1582489,25.32748222,64.26126099,Autumn,3
10/3/2027,24.11383438,29.21945381,20.06561089,11.60852146,0.929159105,101.0681458,3.203387737,4.172161102,149.2781067,150.1763153,25.17500877,64.43444824,Autumn,3
10/4/2027,23.98949432,29.09428596,19.94577408,11.55017567,0.925430059,101.0723114,3.199222326,4.171096802,150.2798767,151.1794434,25.02381897,64.59786987,Autumn,3
10/5/2027,23.86569405,28.97089005,19.82546997,11.49050617,0.920637906,101.0764236,3.195358753,4.170350075,151.2677917,152.1712189,24.87377548,64.7514267,Autumn,3
10/6/2027,23.74225426,28.84900475,19.70458984,11.42944622,0.914835036,101.0804596,3.191838741,4.169969559,152.2456818,153.1555481,24.72470665,64.89505005,Autumn,3
10/7/2027,23.61898613,28.72834587,19.58302116,11.36693001,0.908077955,101.0844116,3.188702583,4.170004845,153.2176514,154.1365662,24.57643127,65.02868652,Autumn,3
10/8/2027,23.49568748,28.60861206,19.46063805,11.30289173,0.900426388,101.0882721,3.185988426,4.170502663,154.1879883,155.1185913,24.4287529,65.15237427,Autumn,3
10/9/2027,23.37214088,28.48948669,19.33730316,11.23726368,0.891943097,101.0920334,3.183731318,4.171505928,155.1612244,156.1060944,24.2814579,65.26616669,Autumn,3
10/10/2027,23.24812698,28.37064171,19.21287537,11.16998196,0.882693231,101.0956802,3.181964874,4.173057079,156.1419678,157.1036224,24.13432503,65.37014771,Autumn,3
10/11/2027,23.12341118,28.25174522,19.08720207,11.10098457,0.872743547,101.099205,3.180718184,4.175192833,157.1348724,158.1158142,23.98712349,65.46446991,Autumn,3
10/12/2027,22.9977684,28.13245773,18.96013451,11.0302124,0.862162173,101.1025925,3.180018902,4.177948952,158.1446838,159.1472473,23.83961487,65.54930878,Autumn,3
10/13/2027,22.8709507,28.01243591,18.83151627,10.95761299,0.851018488,101.105835,3.179891109,4.18135643,159.1760406,160.2024536,23.69155884,65.62488556,Autumn,3
10/14/2027,22.74273109,27.89133835,18.70119095,10.8831377,0.839381635,101.1089249,3.18035531,4.185442924,160.2335663,161.2858582,23.54271126,65.69145966,Autumn,3
10/15/2027,22.6128788,27.76882935,18.56900597,10.80674553,0.827320993,101.1118546,3.181429148,4.190232277,161.3216858,162.4017487,23.39283371,65.74933624,Autumn,3
10/16/2027,22.48115921,27.64458084,18.43480492,10.728405,0.814904988,101.1146164,3.183126926,4.195744991,162.4446869,163.5541382,23.24168587,65.79884338,Autumn,3
10/17/2027,22.3473568,27.51827812,18.29844856,10.64809036,0.802201092,101.1171951,3.185459137,4.201996803,163.6065826,164.7468414,23.08903885,65.84036255,Autumn,3
10/18/2027,22.21126366,27.38962173,18.15979195,10.56578827,0.789275289,101.1195984,3.188432932,4.208999157,164.811142,165.9833527,22.9346714,65.87428284,Autumn,3
10/19/2027,22.07267952,27.25831985,18.01870537,10.48149204,0.776191473,101.1218109,3.192052364,4.216760635,166.0617828,167.2667999,22.77837372,65.90104675,Autumn,3
10/20/2027,21.93142128,27.12411499,17.87506866,10.39520836,0.763011456,101.1238327,3.196316957,4.2252841,167.361557,168.5999451,22.61994553,65.92110443,Autumn,3
10/21/2027,21.78732681,26.98675728,17.72877502,10.30695534,0.749793828,101.1256561,3.201225519,4.23456955,168.713089,169.9851227,22.45920944,65.93494415,Autumn,3
10/22/2027,21.64024162,26.84603691,17.57972717,10.21676064,0.736594915,101.1272888,3.20677042,4.244613647,170.1186218,171.4242096,22.29600334,65.94306946,Autumn,3
10/23/2027,21.49003983,26.70175934,17.42784691,10.12466717,0.72346729,101.1287308,3.212943077,4.25540638,171.5798798,172.9186096,22.13018227,65.9460144,Autumn,3
10/24/2027,21.33662033,26.55376434,17.27306938,10.03072834,0.710460126,101.1299896,3.219731092,4.266937256,173.0980835,174.469223,21.96162605,65.94430542,Autumn,3
10/25/2027,21.17988968,26.40192223,17.11534882,9.935009003,0.69761914,101.1310577,3.227118969,4.27918911,174.6739349,176.0764618,21.79023361,65.93850708,Autumn,3
10/26/2027,21.01979446,26.2461338,16.9546566,9.837589264,0.684985816,101.1319504,3.235089064,4.292143822,176.307663,177.7401276,21.61593437,65.92917633,Autumn,3
10/27/2027,20.85629845,26.08633995,16.79098701,9.738559723,0.672598004,101.1326752,3.243620634,4.305778503,177.9988708,179.459549,21.43867683,65.91687012,Autumn,3
10/28/2027,20.689394,25.92250633,16.62435341,9.63802433,0.6604895,101.1332474,3.252691031,4.320067406,179.7466888,181.2335052,21.25844002,65.90218353,Autumn,3
10/29/2027,20.51909828,25.75463867,16.45478439,9.536096573,0.648689926,101.133667,3.262274981,4.334981441,181.5495911,183.0602112,21.07522964,65.88565826,Autumn,3
10/30/2027,20.34545898,25.58277702,16.2823391,9.432904243,0.637224972,101.1339645,3.272345304,4.350489616,183.4056244,184.9373474,20.88907242,65.86788177,Autumn,3
10/31/2027,20.16854286,25.40699959,16.1070919,9.328582764,0.626116216,101.13414,3.282873392,4.366558552,185.3121796,186.8620911,20.7000351,65.84940338,Autumn,3
11/1/2027,19.988451,25.22741318,15.92913723,9.223280907,0.615381479,101.1342316,3.293828726,4.383151054,187.2662048,188.8311462,20.50819778,65.83076477,Autumn,3
11/2/2027,19.80531502,25.04416466,15.74859905,9.117155075,0.60503459,101.1342468,3.305179119,4.400229454,189.2641296,190.840683,20.31368065,65.81250763,Autumn,3
11/3/2027,19.61927605,24.85743141,15.56561089,9.010370255,0.595086157,101.1342087,3.31689167,4.417754173,191.3018951,192.8864136,20.1166153,65.79515076,Autumn,3
11/4/2027,19.43051338,24.66742134,15.38033485,8.903098106,0.585542619,101.13414,3.328932524,4.435683727,193.3750153,194.9637146,19.91717148,65.77919006,Autumn,3
11/5/2027,19.2392292,24.47437477,15.19295025,8.795518875,0.57640785,101.1340714,3.341267109,4.453976154,195.4785004,197.0674896,19.71554375,65.7651062,Autumn,3
11/6/2027,19.04564667,24.27856064,15.00365543,8.687818527,0.567682445,101.1340256,3.35386014,4.472586632,197.6071167,199.1923523,19.51194191,65.75334167,Autumn,3
11/7/2027,18.8500061,24.08027458,14.81266594,8.580184937,0.559363842,101.1340332,3.366676092,4.491473198,199.755188,201.3325653,19.30659866,65.74432373,Autumn,3
11/8/2027,18.65257835,23.87983322,14.62021351,8.472810745,0.55144769,101.1341248,3.379679203,4.510588646,201.9168091,203.4822083,19.09977341,65.73846436,Autumn,3
11/9/2027,18.45363617,23.67757988,14.4265461,8.365889549,0.543926656,101.1343231,3.392834425,4.529889584,204.0857697,205.6351013,18.89173698,65.73612213,Autumn,3
11/10/2027,18.25348282,23.47387505,14.23192501,8.259616852,0.53679198,101.1346588,3.406105995,4.549331665,206.255722,207.7848816,18.68278503,65.73762512,Autumn,3
11/11/2027,18.05243301,23.26909447,14.03662109,8.154186249,0.530032992,101.1351624,3.419459343,4.568870068,208.4201355,209.9251404,18.4732151,65.74328613,Autumn,3
11/12/2027,17.85080719,23.06362915,13.8409214,8.049790382,0.523637593,101.1358643,3.432859898,4.588459015,210.572403,212.049408,18.26334572,65.75335693,Autumn,3
11/13/2027,17.64893723,22.85788155,13.64511204,7.946619034,0.517592788,101.136795,3.446273565,4.608057499,212.7058411,214.1511383,18.05350494,65.76808167,Autumn,3
11/14/2027,17.44716835,22.65225792,13.44949722,7.844857693,0.51188463,101.1379852,3.459668398,4.627621651,214.813858,216.2239685,17.84402466,65.78764343,Autumn,3
11/15/2027,17.24584389,22.44717598,13.25437832,7.744685173,0.506498754,101.1394577,3.473012209,4.647109509,216.8898621,218.2614594,17.63524246,65.81221008,Autumn,3
11/16/2027,17.04531288,22.24304581,13.06005764,7.646274567,0.501420498,101.141243,3.486274242,4.666481972,218.9273987,220.2575378,17.42749977,65.84190369,Autumn,3
11/17/2027,16.84592247,22.0402813,12.86684704,7.549790382,0.49663502,101.1433716,3.499424934,4.685698032,220.9202118,222.206192,17.22113609,65.87680054,Autumn,3
11/18/2027,16.64801788,21.83928871,12.67504597,7.455388546,0.492127925,101.1458664,3.512435913,4.704720974,222.8622589,224.1016998,17.01648712,65.91695404,Autumn,3
11/19/2027,16.45194054,21.64047241,12.4849577,7.363215446,0.487885267,101.1487427,3.525279999,4.723515034,224.7477417,225.9386444,16.81388855,65.96237183,Autumn,3
11/20/2027,16.25802994,21.44421959,12.29687977,7.273406506,0.483893335,101.1520233,3.537931681,4.742045403,226.5711975,227.7119293,16.61366081,66.01302338,Autumn,3
11/21/2027,16.0666008,21.25090408,12.1111002,7.186085224,0.480139881,101.1557236,3.55036664,4.760278702,228.3275299,229.4169159,16.41612244,66.06886292,Autumn,3
11/22/2027,15.87797737,21.06088638,11.92789841,7.101363182,0.476613015,101.159874,3.562561989,4.778183937,230.0120392,231.0492859,16.22157478,66.12979889,Autumn,3
11/23/2027,15.69244766,20.87450981,11.74754238,7.019337177,0.473302066,101.1644669,3.574496508,4.795732498,231.6204834,232.6051788,16.03030586,66.1957016,Autumn,3
11/24/2027,15.5103054,20.69209099,11.57028866,6.940093517,0.470197648,101.1695251,3.586149454,4.812896729,233.1490631,234.0813141,15.84258652,66.26641846,Autumn,3
11/25/2027,15.33181,20.51392555,11.39637852,6.863703251,0.467291445,101.1750488,3.597503185,4.829650879,234.5944672,235.4747925,15.65867805,66.34176636,Autumn,3
11/26/2027,15.15721703,20.34029007,11.22603989,6.790222645,0.464576393,101.1810379,3.608540058,4.845971107,235.9538727,236.7833252,15.47881126,66.42153931,Autumn,3
11/27/2027,14.98674583,20.17142487,11.05947781,6.719693184,0.462046683,101.1875076,3.619244814,4.861836433,237.2250977,238.0050507,15.30320168,66.50550079,Autumn,3
11/28/2027,14.82060623,20.00755119,10.89688492,6.652143478,0.459697783,101.1944351,3.629602909,4.87722683,238.4064026,239.1387177,15.13204193,66.59339142,Autumn,3
11/29/2027,14.65898514,19.84885788,10.73843193,6.587586403,0.457526296,101.2018204,3.639601707,4.892123699,239.4966431,240.18367,14.96550369,66.68493652,Autumn,3
11/30/2027,14.50203896,19.69550133,10.58426952,6.52602005,0.455530018,101.2096481,3.649229527,4.90651226,240.495224,241.1397095,14.80373192,66.7798233,Autumn,3
12/1/2027,14.34990501,19.54761314,10.43452835,6.467430115,0.453707665,101.2179108,3.658476353,4.920377254,241.4021454,242.0071869,14.64684868,66.87776184,Winter,0
12/2/2027,14.20269203,19.4052906,10.28931618,6.411787987,0.452058852,101.2265854,3.667332649,4.933706284,242.217926,242.7869873,14.49494743,66.97839355,Winter,0
12/3/2027,14.06048965,19.26860046,10.14871979,6.359051228,0.450584173,101.2356491,3.675791502,4.946489334,242.9435883,243.4805603,14.34810829,67.08139801,Winter,0
12/4/2027,13.92335892,19.13758087,10.01280308,6.309165001,0.449284792,101.245079,3.683846235,4.958716393,243.5807648,244.089798,14.20637131,67.18641663,Winter,0
12/5/2027,13.79133606,19.01224327,9.881608963,6.26206398,0.448162198,101.254837,3.69149065,4.970380783,244.131485,244.6170349,14.06976128,67.29308319,Winter,0
12/6/2027,13.66443253,18.89256096,9.755159378,6.217668056,0.447218478,101.2648926,3.698720694,4.98147583,244.5983734,245.0651093,13.93828011,67.40103912,Winter,0
12/7/2027,13.54264069,18.77849007,9.633455276,6.175891876,0.446455538,101.2752228,3.705533743,4.991998672,244.9844055,245.4372101,13.81190109,67.50991058,Winter,0
12/8/2027,13.42592812,18.66995239,9.516470909,6.13663578,0.445875615,101.2857666,3.711926937,5.001944542,245.2930145,245.7369843,13.69057846,67.61933136,Winter,0
12/9/2027,13.31423569,18.56685066,9.404169083,6.099794388,0.445480406,101.2965012,3.717898846,5.011314392,245.5279846,245.9682922,13.57424736,67.72891235,Winter,0
12/10/2027,13.20749092,18.46905899,9.296486855,6.065254211,0.445271432,101.307373,3.723449469,5.020105839,245.6934204,246.135376,13.46281815,67.83831787,Winter,0
12/11/2027,13.10559654,18.37643051,9.193343163,6.032895565,0.445249438,101.3183365,3.728579283,5.02832222,245.7938385,246.2427063,13.35618782,67.94715118,Winter,0
12/12/2027,13.00843811,18.28880692,9.094646454,6.002592564,0.445414603,101.3293457,3.733289957,5.035964966,245.8338776,246.2949371,13.25423145,68.05506897,Winter,0
12/13/2027,12.91588974,18.20600128,9.00028038,5.974216938,0.445766032,101.3403473,3.737583399,5.043038845,245.8184662,246.296936,13.15681171,68.16171265,Winter,0
12/14/2027,12.82780838,18.12781715,8.910120964,5.947636127,0.446301937,101.3512955,3.741462231,5.049548626,245.752594,246.2536163,13.06378174,68.26675415,Winter,0
12/15/2027,12.74402809,18.05405045,8.824026108,5.922715187,0.44701916,101.3621292,3.744931698,5.055499554,245.6414948,246.1700287,12.97497463,68.36984253,Winter,0
12/16/2027,12.66438866,17.98447609,8.741847038,5.899319172,0.447913259,101.3728027,3.747995138,5.060900211,245.4903412,246.051178,12.89022446,68.47065735,Winter,0
12/17/2027,12.58871651,17.91887093,8.663419724,5.877313614,0.448978484,101.3832626,3.750658989,5.065759659,245.3044586,245.9020996,12.80934811,68.56890869,Winter,0
12/18/2027,12.51681709,17.85700417,8.588575363,5.856565952,0.450207472,101.3934555,3.752928972,5.070086479,245.0889893,245.7276917,12.73216534,68.66428375,Winter,0
12/19/2027,12.44850922,17.79863739,8.517138481,5.83694458,0.451591492,101.4033279,3.754812241,5.073890686,244.8491211,245.5328064,12.65848351,68.7565155,Winter,0
12/20/2027,12.38359451,17.7435379,8.448932648,5.818322659,0.453119874,101.4128342,3.756316662,5.0771842,244.589859,245.322113,12.58812046,68.84533691,Winter,0
12/21/2027,12.32188606,17.6914711,8.383768082,5.800576687,0.454780787,101.4219208,3.757450581,5.079980373,244.3160095,245.1000366,12.52088547,68.93048096,Winter,0
12/22/2027,12.26318359,17.64221573,8.321461678,5.783589363,0.456560433,101.430542,3.758223772,5.08229208,244.0322876,244.8708191,12.45659542,69.01173401,Winter,0
12/23/2027,12.20730591,17.59554291,8.261834145,5.767249107,0.45844382,101.438652,3.758645296,5.084134102,243.7430573,244.6384583,12.39506531,69.08888245,Winter,0
12/24/2027,12.15405655,17.55124474,8.204698563,5.751451492,0.46041432,101.4462128,3.758726835,5.085520267,243.4524689,244.4065857,12.33612633,69.16171265,Winter,0
12/25/2027,12.10326385,17.50911903,8.149879456,5.73609972,0.462453902,101.4531708,3.758479834,5.08646822,243.1643219,244.1785126,12.27960968,69.23004913,Winter,0
12/26/2027,12.05475426,17.46897888,8.097203255,5.721104145,0.464543402,101.4595032,3.757915974,5.086995125,242.8820648,243.9572449,12.22536087,69.29373169,Winter,0
12/27/2027,12.00836182,17.4306488,8.046503067,5.706384659,0.466662347,101.4651642,3.757048607,5.087117672,242.6088409,243.7454224,12.17323303,69.35260773,Winter,0
12/28/2027,11.96393776,17.39397049,7.997622013,5.691869736,0.468789726,101.4701385,3.755890608,5.086854458,242.3473816,243.5452118,12.12308979,69.40653992,Winter,0
12/29/2027,11.9213419,17.35880089,7.950415134,5.677497387,0.470903218,101.4743881,3.75445652,5.086225033,242.1000061,243.3584595,12.07481956,69.45542908,Winter,0
12/30/2027,11.88044643,17.32501984,7.904742718,5.663214684,0.472980231,101.4778976,3.752761841,5.085249424,241.8686523,243.1865997,12.02831268,69.4991684,Winter,0
12/31/2027,11.84113407,17.29252052,7.860477924,5.648979187,0.474997997,101.4806442,3.750821114,5.083947659,241.6547852,243.0306244,11.98347664,69.53768158,Winter,0
1/1/2028,11.8033123,17.26121902,7.817508221,5.634756088,0.476933151,101.4826279,3.748651028,5.082341194,241.4594879,242.8911591,11.94024086,69.57089996,Winter,0
1/2/2028,11.76689339,17.23104858,7.775735378,5.620523453,0.478762776,101.4838257,3.746267796,5.080451488,241.2834625,242.7683868,11.89854622,69.5987854,Winter,0
1/3/2028,11.73180962,17.20196724,7.735071659,5.606264591,0.480464369,101.4842453,3.743688583,5.078300476,241.1268768,242.6621246,11.85835075,69.62129211,Winter,0
1/4/2028,11.6980114,17.17394257,7.695444584,5.591974735,0.482015699,101.4838867,3.740930796,5.075910568,240.9895935,242.5717621,11.81962967,69.63839722,Winter,0
1/5/2028,11.66545677,17.14697647,7.656800747,5.577659607,0.483395785,101.4827499,3.738012791,5.073304176,240.8710938,242.4964447,11.78237152,69.65010071,Winter,0
1/6/2028,11.63413048,17.12107849,7.619096279,5.563326359,0.484584481,101.4808502,3.734952211,5.070504665,240.7703247,242.4347992,11.74658489,69.65642548,Winter,0
1/7/2028,11.60402489,17.09628105,7.58230257,5.548999786,0.48556304,101.4782028,3.731767654,5.067534447,240.6860657,242.3852997,11.71229553,69.65737915,Winter,0
1/8/2028,11.5751524,17.07263374,7.546410084,5.534705162,0.486314625,101.4748306,3.72847724,5.064416885,240.6166382,242.345993,11.67953587,69.65299988,Winter,0
1/9/2028,11.5475359,17.05020142,7.511418343,5.520474911,0.486823738,101.4707489,3.725100279,5.06117487,240.5601196,242.3147888,11.64836025,69.64332581,Winter,0
1/10/2028,11.52121544,17.02906609,7.477347374,5.506351948,0.487077355,101.4659958,3.721654654,5.057830811,240.5142517,242.2892456,11.61883163,69.6284256,Winter,0
1/11/2028,11.49624252,17.00932312,7.444221497,5.492380142,0.487064391,101.4606018,3.718159437,5.05440855,240.476593,242.2667999,11.59103012,69.60836792,Winter,0
1/12/2028,11.47268009,16.99108124,7.412086487,5.478610039,0.486776382,101.4545975,3.714632988,5.050928116,240.444397,242.2446442,11.56504059,69.58323669,Winter,0
1/13/2028,11.45060539,16.97445488,7.380995274,5.465096474,0.486207396,101.4480286,3.71109271,5.047412872,240.4148254,242.2199402,11.5409584,69.55310822,Winter,0
1/14/2028,11.43009758,16.95957565,7.351015568,5.451897144,0.485354185,101.4409332,3.707556725,5.04388237,240.3848572,242.1896515,11.51889229,69.51809692,Winter,0
1/15/2028,11.41125488,16.94657516,7.322219372,5.439073086,0.484216362,101.4333649,3.704041719,5.04035759,240.3513489,242.1507568,11.49895668,69.478302,Winter,0
1/16/2028,11.39417553,16.93559265,7.294695854,5.426685333,0.482796282,101.4253616,3.700564861,5.036857605,240.3110809,242.100174,11.48126411,69.43384552,Winter,0
1/17/2028,11.37896729,16.92677689,7.268537521,5.414797306,0.481099486,101.4169769,3.697140932,5.033401012,240.2608337,242.0348969,11.46593761,69.38484955,Winter,0
1/18/2028,11.36573601,16.92027092,7.243837833,5.403471947,0.479134262,101.4082642,3.693785667,5.030005455,240.197403,241.9518127,11.4531002,69.33145905,Winter,0
1/19/2028,11.35460186,16.91621971,7.220709324,5.392773151,0.476912022,101.3992691,3.690512657,5.026685715,240.1174774,241.8480682,11.44287682,69.27379608,Winter,0
1/20/2028,11.34567451,16.91477013,7.199257374,5.382761002,0.474446923,101.3900528,3.687335253,5.023458481,240.0180359,241.7208557,11.43539143,69.21203613,Winter,0
1/21/2028,11.33907127,16.91605568,7.179596424,5.373495102,0.471755981,101.3806686,3.684265375,5.020335674,239.8959808,241.5674286,11.43076324,69.14630127,Winter,0
1/22/2028,11.33490658,16.92021751,7.161838055,5.36503315,0.468858927,101.3711624,3.681313992,5.017329216,239.7484589,241.3853149,11.42910767,69.07678223,Winter,0
1/23/2028,11.3332901,16.92737961,7.14609766,5.357428074,0.465778023,101.3615952,3.678490162,5.014451027,239.5727386,241.172226,11.43053818,69.00362396,Winter,0
1/24/2028,11.33432865,16.93766403,7.132490158,5.35073185,0.462537974,101.3520126,3.675802469,5.01170826,239.366272,240.9260559,11.43515778,68.92701721,Winter,0
1/25/2028,11.33812237,16.95117378,7.121124744,5.344989777,0.459165603,101.3424759,3.673257589,5.00910902,239.1267395,240.6449432,11.44306469,68.84710693,Winter,0
1/26/2028,11.34477043,16.96801376,7.112111092,5.34024334,0.455689669,101.3330231,3.670861244,5.0066576,238.8520508,240.3272858,11.4543457,68.76411438,Winter,0
1/27/2028,11.35435677,16.98826599,7.105551243,5.336530685,0.452140719,101.3237,3.668617249,5.004358292,238.5403748,239.9718018,11.46907616,68.67819214,Winter,0
1/28/2028,11.36696434,17.01200485,7.101542473,5.333882332,0.448550522,101.3145599,3.666528463,5.002212048,238.190155,239.5774231,11.48732376,68.5895462,Winter,0
1/29/2028,11.38265419,17.03928375,7.100178242,5.332326412,0.44495213,101.3056412,3.664595127,5.000219345,237.8001251,239.1433411,11.50914764,68.49835968,Winter,0
1/30/2028,11.40149498,17.07015038,7.101541042,5.331882477,0.441379368,101.2969818,3.662817717,4.998378754,237.3692932,238.6691589,11.53457737,68.40483093,Winter,0
1/31/2028,11.42353058,17.10463142,7.105706215,5.332566261,0.43786636,101.28862,3.661193132,4.996684551,236.8969269,238.1546326,11.56365395,68.30914307,Winter,0
2/1/2028,11.44879627,17.14273643,7.112739563,5.334388733,0.434447527,101.2805786,3.659718752,4.995133877,236.3826752,237.599884,11.59638596,68.21151733,Winter,0
2/2/2028,11.47731876,17.18446159,7.122701168,5.337353706,0.431156993,101.2728882,3.65838933,4.993717194,235.8264465,237.0053406,11.63277817,68.11212158,Winter,0
2/3/2028,11.5091095,17.22979546,7.135634422,5.341460228,0.428028196,101.2655716,3.657199383,4.992427349,235.228363,236.371582,11.67281723,68.01116943,Winter,0
2/4/2028,11.54416943,17.27869415,7.151576042,5.346702576,0.425093681,101.2586517,3.656140089,4.991252422,234.5889587,235.6995697,11.71647835,67.90884399,Winter,0
2/5/2028,11.58248615,17.33111382,7.170550346,5.353068352,0.422384858,101.2521362,3.655203819,4.990181446,233.9089508,234.9904785,11.76372337,67.80535889,Winter,0
2/6/2028,11.62403679,17.38698387,7.192573547,5.360542297,0.419931144,101.2460403,3.65438056,4.989201546,233.1893158,234.2456512,11.81449986,67.70088196,Winter,0
2/7/2028,11.66878319,17.44622993,7.217646599,5.369103432,0.417760372,101.2403717,3.653658867,4.988297462,232.4313354,233.4666443,11.86874199,67.59562683,Winter,0
2/8/2028,11.71668053,17.50876045,7.245760918,5.378727913,0.415897667,101.2351227,3.653027058,4.987454414,231.6364594,232.6553192,11.92637634,67.48976898,Winter,0
2/9/2028,11.76766777,17.57447243,7.276900291,5.389387131,0.414365917,101.2302933,3.652472258,4.986654282,230.8063812,231.8135223,11.98731422,67.38348389,Winter,0
2/10/2028,11.82167339,17.64324951,7.311031818,5.401050091,0.413184881,101.2258835,3.651982069,4.985881805,229.9428864,230.9433746,12.05145836,67.27695465,Winter,0
2/11/2028,11.87862396,17.71496773,7.348115444,5.413681984,0.412371427,101.2218704,3.651541471,4.985117435,229.0480347,230.0469666,12.11870098,67.17034912,Winter,0
2/12/2028,11.93842697,17.78949356,7.388102531,5.427245617,0.411938787,101.2182388,3.65113759,4.984344482,228.1239471,229.1266479,12.18892765,67.06382751,Winter,0
2/13/2028,12.0009861,17.86668777,7.430932522,5.441703796,0.411896855,101.2149734,3.650754929,4.983542442,227.1728516,228.1846313,12.26201439,66.95755005,Winter,0
2/14/2028,12.06620216,17.94640732,7.476535797,5.457015991,0.4122518,101.2120438,3.650379658,4.982694626,226.197052,227.2233124,12.33783531,66.85166931,Winter,0
2/15/2028,12.13395882,18.02849197,7.524840832,5.473142624,0.413005829,101.2094345,3.649997473,4.981781483,225.1989136,226.2449951,12.41625595,66.74632263,Winter,0
2/16/2028,12.20414162,18.11279678,7.575757027,5.490040779,0.41415748,101.2070999,3.649594069,4.98078537,224.1808167,225.2519684,12.49713612,66.64162445,Winter,0
2/17/2028,12.27663612,18.19916534,7.629198551,5.507670403,0.415700972,101.2050171,3.649155855,4.979689121,223.1451874,224.2464752,12.58034134,66.53770447,Winter,0
2/18/2028,12.35131454,18.28744125,7.6850667,5.525990486,0.417626858,101.2031403,3.648669958,4.978475094,222.0943604,223.2306976,12.66572762,66.43466949,Winter,0
2/19/2028,12.4280529,18.37746811,7.743262768,5.544962883,0.419921637,101.2014389,3.648124695,4.977128029,221.0306091,222.2067108,12.75315857,66.33261108,Winter,0
2/20/2028,12.50672722,18.46909714,7.80368185,5.564546585,0.422567874,101.1998749,3.647507906,4.975632668,219.956192,221.1764069,12.84248829,66.23161316,Winter,0
2/21/2028,12.5872097,18.56218147,7.866215229,5.584708691,0.425544471,101.1983948,3.646809816,4.973976135,218.8731995,220.1416321,12.93358898,66.13175964,Winter,0
2/22/2028,12.66937637,18.65657806,7.930751324,5.605412006,0.42882669,101.1969757,3.646020651,4.972146988,217.7836609,219.1039734,13.0263195,66.03310394,Winter,0
2/23/2028,12.75310326,18.75214958,7.997182369,5.626625061,0.432386279,101.1955566,3.645133495,4.970133781,216.6894226,218.0649261,13.12055492,65.93566895,Winter,0
2/24/2028,12.83827019,18.84876823,8.065394402,5.648318291,0.436192036,101.1940994,3.644141436,4.967928886,215.5922089,217.0257416,13.21617126,65.83952332,Winter,0
2/25/2028,12.924757,18.94631386,8.135279655,5.670464516,0.440209538,101.1925583,3.643039942,4.965524673,214.4935303,215.9875183,13.31305504,65.74465942,Winter,0
2/26/2028,13.0124588,19.04467583,8.206724167,5.693040848,0.44440192,101.1909027,3.641825914,4.962917328,213.3948212,214.9510803,13.41109467,65.65107727,Winter,0
2/27/2028,13.10126877,19.14375114,8.279623032,5.716025352,0.448729932,101.1890793,3.640497684,4.960103035,212.2971802,213.9170837,13.51018715,65.55879211,Winter,0
2/28/2028,13.19108391,19.24345207,8.353874207,5.739401817,0.453152329,101.1870575,3.639055967,4.957083702,211.2015686,212.8860168,13.61024666,65.46775818,Winter,0
2/29/2028,13.28181076,19.34369087,8.429373741,5.76315403,0.457626462,101.1847839,3.637502193,4.953859329,210.1088104,211.8581085,13.71117973,65.37794495,Winter,0
3/1/2028,13.37336159,19.44440269,8.506025314,5.787272453,0.462108254,101.1822357,3.635840893,4.950434685,209.0194855,210.8333282,13.81292152,65.28931427,Spring,1
3/2/2028,13.465662,19.54552841,8.583739281,5.811746597,0.466552943,101.1793823,3.634077311,4.946815491,207.9339752,209.8115997,13.91540146,65.20179749,Spring,1
3/3/2028,13.5586319,19.64701843,8.66242981,5.836572647,0.470915407,101.176178,3.632218599,4.943011284,206.8524475,208.7924652,14.01856804,65.1153183,Spring,1
3/4/2028,13.65221786,19.74883842,8.742013931,5.861747742,0.475150675,101.1726074,3.630275011,4.939032555,205.7748871,207.7754669,14.12237358,65.02980042,Spring,1
3/5/2028,13.74635696,19.85095978,8.822419167,5.887270927,0.479214221,101.1686401,3.628256798,4.934892654,204.7011566,206.7598724,14.22678566,64.94513702,Spring,1
3/6/2028,13.84100342,19.95336723,8.903577805,5.913146496,0.483062387,101.1642609,3.626176596,4.930605412,203.6309204,205.7448273,14.33177567,64.86123657,Spring,1
3/7/2028,13.93611717,20.05605507,8.985425949,5.939376831,0.48665303,101.1594391,3.62404871,4.926189423,202.5636444,204.7293701,14.43732643,64.77798462,Spring,1
3/8/2028,14.03166771,20.15902328,9.067911148,5.965968132,0.48994562,101.1541824,3.621888638,4.921663284,201.4987335,203.7124176,14.54342651,64.69525146,Spring,1
3/9/2028,14.12763023,20.26228523,9.15098381,5.992929935,0.49290204,101.1484604,3.619713306,4.917047024,200.4354401,202.6927795,14.65008354,64.6129303,Spring,1
3/10/2028,14.22398376,20.36585617,9.234604836,6.020269871,0.495486677,101.1422806,3.617540598,4.912363052,199.3729095,201.6692352,14.75729752,64.53086853,Spring,1
3/11/2028,14.32071877,20.4697628,9.318735123,6.047997952,0.497666687,101.135643,3.615389585,4.907635689,198.3102112,200.6405029,14.86508179,64.44894409,Spring,1
3/12/2028,14.41782951,20.57403183,9.40335083,6.076125145,0.499412805,101.12854,3.613280058,4.902888298,197.2463379,199.6052856,14.97345352,64.36701202,Spring,1
3/13/2028,14.51531792,20.67869759,9.488424301,6.104660988,0.500699103,101.1209946,3.611232519,4.898147583,196.1802826,198.5622559,15.08244133,64.284935,Spring,1
3/14/2028,14.61318588,20.78379822,9.573939323,6.133616447,0.501503825,101.112999,3.609268427,4.89343977,195.1109924,197.5102081,15.19207001,64.20257568,Spring,1
3/15/2028,14.71144295,20.88937187,9.659887314,6.163002014,0.501809001,101.1045837,3.607408047,4.888791084,194.0374146,196.447876,15.30237198,64.11979675,Spring,1
3/16/2028,14.81010437,20.9954586,9.746261597,6.192826748,0.5016011,101.0957642,3.605673075,4.884229183,192.9585571,195.3741302,15.41337585,64.03646088,Spring,1
3/17/2028,14.9091835,21.10209846,9.833058357,6.223098278,0.500871062,101.0865631,3.604084969,4.879780769,191.8733673,194.2879333,15.52512169,63.95243073,Spring,1
3/18/2028,15.00869751,21.20932961,9.920280457,6.253824234,0.499614567,101.0770035,3.602663755,4.875473022,190.7810211,193.1883392,15.63764191,63.86758423,Spring,1
3/19/2028,15.10866547,21.31718826,10.00793171,6.285009384,0.497831732,101.0671234,3.601430178,4.871331215,189.6806183,192.0745697,15.75096893,63.78181076,Spring,1
3/20/2028,15.20910835,21.42570877,10.09602451,6.31665659,0.495527476,101.0569458,3.600402832,4.86738205,188.5714569,190.9459686,15.86513329,63.69498444,Spring,1
3/21/2028,15.31004333,21.53491783,10.18456745,6.348768711,0.492711306,101.0465164,3.599600792,4.863647938,187.4529419,189.8020477,15.9801693,63.60700989,Spring,1
3/22/2028,15.41148949,21.64484215,10.27357388,6.381344318,0.489397347,101.0358658,3.599040508,4.860153198,186.3245087,188.6425171,16.09609985,63.51780319,Spring,1
3/23/2028,15.51346397,21.75549507,10.3630619,6.414381027,0.485604316,101.0250397,3.598737478,4.856918335,185.1859131,187.4672699,16.21295166,63.42726898,Spring,1
3/24/2028,15.61598206,21.86689568,10.45304298,6.447872639,0.481354922,101.0140762,3.598706007,4.853963852,184.0368805,186.2763672,16.33073616,63.33535004,Spring,1
3/25/2028,15.71905899,21.97904015,10.54353523,6.481812954,0.476676553,101.0030289,3.598957777,4.851305962,182.8774414,185.0701294,16.44946671,63.24197769,Spring,1
3/26/2028,15.8227005,22.09192848,10.63455486,6.516191483,0.471599936,100.9919281,3.599503279,4.848959923,181.7076874,183.848999,16.56915283,63.14712143,Spring,1
3/27/2028,15.92691803,22.20554733,10.72611809,6.55099678,0.466159612,100.9808273,3.600350618,4.846939087,180.5279083,182.6137085,16.68979073,63.05075073,Spring,1
3/28/2028,16.03170967,22.31987953,10.81824112,6.586214066,0.460393459,100.9697723,3.601505756,4.845252991,179.338623,181.3651276,16.81137848,62.95284653,Spring,1
3/29/2028,16.13707924,22.43489647,10.9109354,6.621826649,0.454341978,100.9588089,3.602971554,4.84390974,178.1404266,180.1043701,16.93389511,62.85341644,Spring,1
3/30/2028,16.2430191,22.55056381,11.00421619,6.657817841,0.448048651,100.9479828,3.60474968,4.842912674,176.9341125,178.8326874,17.05732727,62.75247192,Spring,1
3/31/2028,16.34952164,22.66683578,11.09809208,6.694167614,0.441558629,100.9373474,3.606838226,4.842263699,175.7206573,177.5515289,17.18164635,62.65004349,Spring,1
4/1/2028,16.45656967,22.7836628,11.19257355,6.730854034,0.43491897,100.9269333,3.609233379,4.841960907,174.5011749,176.2625275,17.3068161,62.54617691,Spring,1
4/2/2028,16.56415176,22.90098572,11.28766537,6.767855644,0.428177834,100.9167938,3.611928463,4.841999531,173.2768707,174.9674225,17.43279457,62.44094086,Spring,1
4/3/2028,16.67224312,23.01874161,11.38337517,6.805149555,0.421384126,100.9069672,3.61491394,4.842371941,172.049118,173.6681213,17.55953979,62.33439636,Spring,1
4/4/2028,16.78082085,23.13685799,11.4797039,6.842711926,0.41458714,100.8974915,3.618177891,4.843065262,170.8193665,172.3665619,17.68699265,62.22664261,Spring,1
4/5/2028,16.88985634,23.25526047,11.57665157,6.880518913,0.407835722,100.8884125,3.621706724,4.844067097,169.5891724,171.0648956,17.81509972,62.11777496,Spring,1
4/6/2028,16.99931335,23.37386513,11.67421627,6.918549061,0.401178211,100.8797531,3.625482559,4.845359802,168.3601837,169.7652283,17.94379616,62.00789642,Spring,1
4/7/2028,17.10916901,23.49259567,11.77239609,6.956776142,0.394661516,100.8715515,3.629486799,4.846922398,167.1340637,168.4697571,18.07301712,61.89713669,Spring,1
4/8/2028,17.21937752,23.61136055,11.87118149,6.995181084,0.388331145,100.8638382,3.633697987,4.848731995,165.9125214,167.1806488,18.20269012,61.78562927,Spring,1
4/9/2028,17.32990456,23.73007774,11.97056866,7.033742905,0.382230103,100.856636,3.638092279,4.850762844,164.6972656,165.9001312,18.33274269,61.67350769,Spring,1
4/10/2028,17.44071388,23.84865761,12.07054424,7.072442532,0.376399159,100.8499756,3.642644405,4.852986813,163.4900208,164.6303253,18.46310234,61.56091309,Spring,1
4/11/2028,17.55176353,23.96702003,12.17110538,7.111262321,0.370876014,100.8438644,3.647326946,4.855372429,162.29245,163.3733063,18.59369469,61.44800186,Spring,1
4/12/2028,17.66302109,24.08507919,12.27223492,7.150187969,0.365694761,100.8383331,3.652111292,4.857888222,161.1061707,162.1310883,18.72444725,61.33492661,Spring,1
4/13/2028,17.77444458,24.20275879,12.37392521,7.189208031,0.360886008,100.8333817,3.656966925,4.860498428,159.9327087,160.9055634,18.85528374,61.2218399,Spring,1
4/14/2028,17.88600159,24.31998444,12.47616482,7.228312969,0.356476188,100.8290176,3.661862373,4.863167286,158.7735138,159.6984406,18.98613739,61.10889816,Spring,1
4/15/2028,17.99765778,24.43668938,12.57894135,7.267498016,0.352487385,100.825264,3.666764975,4.865857124,157.6298828,158.5113373,19.11693954,60.99625397,Spring,1
4/16/2028,18.10938454,24.55281258,12.68224335,7.306758881,0.348937184,100.8221054,3.671642303,4.868530273,156.5029755,157.3456421,19.24763107,60.88405228,Spring,1
4/17/2028,18.22115707,24.66830444,12.78606606,7.3460989,0.345838159,100.8195419,3.676460505,4.871145725,155.3938599,156.2025604,19.37815475,60.77244186,Spring,1
4/18/2028,18.3329525,24.78312492,12.89039803,7.385520935,0.343198299,100.8175735,3.681186438,4.873664856,154.3033447,155.0830688,19.50845718,60.66156006,Spring,1
4/19/2028,18.44475174,24.89723778,12.99523354,7.425034523,0.341020107,100.8162003,3.685786247,4.876047611,153.2321167,153.9879456,19.63849449,60.5515213,Spring,1
4/20/2028,18.55655098,25.01062393,13.10057068,7.464651585,0.339301437,100.8153915,3.690227032,4.87825489,152.180603,152.9176941,19.76823425,60.44245911,Spring,1
4/21/2028,18.66834259,25.12327766,13.20640469,7.504388332,0.338034779,100.8151398,3.694476843,4.880246639,151.1490784,151.8725739,19.89765167,60.33446503,Spring,1
4/22/2028,18.78012466,25.23520279,13.31274033,7.544264317,0.337207615,100.8154373,3.698503494,4.881986618,150.1375732,150.8525848,20.02672386,60.22763062,Spring,1
4/23/2028,18.89190865,25.34641075,13.4195776,7.584302425,0.336802542,100.8162537,3.702276945,4.883436203,149.1459045,149.8574677,20.15544128,60.12203598,Spring,1
4/24/2028,19.0037117,25.45693588,13.52692795,7.624530315,0.336797327,100.8175659,3.705768347,4.884560108,148.1736908,148.8867188,20.28380966,60.01774216,Spring,1
4/25/2028,19.1155529,25.56682396,13.63480091,7.664976597,0.337165058,100.8193588,3.708950996,4.885326385,147.2202759,147.9395294,20.41184235,59.91477203,Spring,1
4/26/2028,19.22746277,25.67612839,13.74320793,7.705675125,0.337874502,100.8215942,3.711798668,4.88570118,146.2848511,147.0148621,20.53956032,59.81316376,Spring,1
4/27/2028,19.33947945,25.78491783,13.85216999,7.746661186,0.338890344,100.8242493,3.714288235,4.88565731,145.3663483,146.1114655,20.66699409,59.71291351,Spring,1
4/28/2028,19.4516449,25.89327812,13.96170521,7.787971973,0.340173542,100.8272934,3.716398954,4.885166645,144.4635468,145.2277985,20.79418945,59.61399841,Spring,1
4/29/2028,19.56401062,26.00130653,14.07183933,7.829646587,0.3416816,100.8306961,3.718112469,4.884206772,143.5749969,144.3621674,20.92120361,59.51638412,Spring,1
4/30/2028,19.67663765,26.10910797,14.18260002,7.871726513,0.343369037,100.8344269,3.719412088,4.88275528,142.6990967,143.512619,21.0480957,59.42000961,Spring,1
5/1/2028,19.78958511,26.21680069,14.29401684,7.914253235,0.345187873,100.8384476,3.720284939,4.880795956,141.8340912,142.6770477,21.17494011,59.32478333,Spring,1
5/2/2028,19.90292549,26.32451439,14.40612221,7.957268238,0.34708795,100.8427277,3.720720291,4.878313065,140.9780579,141.8532104,21.30182076,59.23061371,Spring,1
5/3/2028,20.01673126,26.43238831,14.51895332,8.000813484,0.349017411,100.847229,3.720710516,4.87529707,140.1290436,141.0386963,21.42882919,59.13737488,Spring,1
5/4/2028,20.13108253,26.54056931,14.63254833,8.044931412,0.350923359,100.8519287,3.72025156,4.871739864,139.2848511,140.2310028,21.55605888,59.04491043,Spring,1
5/5/2028,20.24605942,26.64920616,14.74694347,8.089659691,0.352752209,100.8567886,3.71934104,4.867637634,138.4434052,139.427597,21.68361664,58.95305634,Spring,1
5/6/2028,20.36175156,26.758461,14.86218357,8.135038376,0.354450345,100.8617706,3.717980146,4.862990379,137.6024475,138.6258392,21.81161118,58.86164093,Spring,1
5/7/2028,20.47824478,26.86849403,14.97830582,8.181102753,0.355964422,100.8668518,3.716173172,4.857800484,136.7597504,137.8231201,21.94016075,58.77044678,Spring,1
5/8/2028,20.59562683,26.97947311,15.09535408,8.227884293,0.357242197,100.8720016,3.713926792,4.852075577,135.9131165,137.0168152,22.06937981,58.6792717,Spring,1
5/9/2028,20.71398926,27.09155846,15.21336746,8.275414467,0.358232558,100.877182,3.711251259,4.845826149,135.0603943,136.2044067,22.19938469,58.58787155,Spring,1
5/10/2028,20.83341599,27.204916,15.33238792,8.323718071,0.35888654,100.8823776,3.708158016,4.839064598,134.1995239,135.3833771,22.33029938,58.4960022,Spring,1
5/11/2028,20.95399857,27.31970978,15.45245171,8.372815132,0.359157562,100.8875504,3.704663038,4.83180809,133.328476,134.5514069,22.46224594,58.40340042,Spring,1
5/12/2028,21.07581329,27.43609238,15.57359314,8.422721863,0.359001786,100.8926773,3.700782776,4.824076653,132.4454041,133.7062988,22.59533501,58.30980682,Spring,1
5/13/2028,21.198946,27.55421638,15.6958456,8.473449707,0.358378768,100.8977356,3.696537018,4.815893173,131.5486603,132.8460083,22.72968292,58.21494675,Spring,1
5/14/2028,21.32346344,27.67422867,15.81923771,8.52500248,0.357251585,100.90271,3.691947222,4.807282448,130.636673,131.9687042,22.86539841,58.11852646,Spring,1
5/15/2028,21.44944,27.79626083,15.9437933,8.577379227,0.355587453,100.9075775,3.687036753,4.798272133,129.7081757,131.0728607,23.00258827,58.02027893,Spring,1
5/16/2028,21.576931,27.92043114,16.06952858,8.630571365,0.353357941,100.912323,3.681830406,4.788891315,128.7621002,130.1570892,23.14134407,57.91991425,Spring,1
5/17/2028,21.70599174,28.04685402,16.19646263,8.684566498,0.350539207,100.9169235,3.676353693,4.779171944,127.7976456,129.2203674,23.28175354,57.81715012,Spring,1
5/18/2028,21.83666611,28.17562485,16.3245945,8.739343643,0.347112328,100.9213715,3.670634508,4.769146919,126.8142319,128.2619476,23.42389488,57.71170425,Spring,1
5/19/2028,21.9689846,28.30682755,16.4539299,8.794874191,0.343063384,100.9256516,3.66470027,4.758849621,125.8116302,127.2814331,23.56783104,57.60332108,Spring,1
5/20/2028,22.10297394,28.44051743,16.5844593,8.85112381,0.338383734,100.9297638,3.65857935,4.748316765,124.789856,126.2786942,23.71362114,57.49172974,Spring,1
5/21/2028,22.23863983,28.57675171,16.71616745,8.908050537,0.33307004,100.9336853,3.652300835,4.737582207,123.7492981,125.2540054,23.86129951,57.3766861,Spring,1
5/22/2028,22.37598991,28.71555328,16.84903145,8.965607643,0.327124178,100.9374161,3.645893097,4.726682186,122.6906052,124.2079544,24.0109005,57.25795746,Spring,1
5/23/2028,22.5150032,28.85693359,16.98301888,9.023740768,0.320553511,100.9409637,3.63938427,4.715652466,121.614769,123.1414871,24.16242599,57.1353302,Spring,1
5/24/2028,22.65566063,29.00087929,17.11808777,9.082390785,0.313370496,100.9443054,3.632802248,4.704528809,120.5230865,122.0558853,24.31588364,57.00859833,Spring,1
5/25/2028,22.79792023,29.14736366,17.25419044,9.141489029,0.305592805,100.9474564,3.626173973,4.693344116,119.4172058,120.952858,24.47124672,56.87759399,Spring,1
5/26/2028,22.94172859,29.29633522,17.39126587,9.200965881,0.297243267,100.9504089,3.619525194,4.682131767,118.2990341,119.834343,24.62848282,56.74217224,Spring,1
5/27/2028,23.0870266,29.44772148,17.5292511,9.260742188,0.288349271,100.9531631,3.61288023,4.670925617,117.1708221,118.7026596,24.78754234,56.60218811,Spring,1
5/28/2028,23.2337265,29.60143089,17.66806412,9.3207407,0.278942794,100.9557343,3.606261969,4.659753323,116.0350876,117.5604477,24.94835663,56.45756149,Spring,1
5/29/2028,23.38174629,29.75735283,17.80762482,9.380874634,0.269060075,100.958107,3.599691629,4.648644447,114.8946075,116.4106216,25.11084366,56.30821609,Spring,1
5/30/2028,23.53097725,29.91535759,17.94783401,9.441053391,0.25874123,100.9603043,3.593188286,4.637623787,113.7524033,115.2563782,25.27490234,56.15410233,Spring,1
5/31/2028,23.68130112,30.07529449,18.08859253,9.501191139,0.248030037,100.9623184,3.586769104,4.626716614,112.6117401,114.1011276,25.44041634,55.99522781,Spring,1
6/1/2028,23.83259583,30.2369976,18.22979164,9.561193466,0.236973137,100.9641647,3.580448389,4.615942001,111.4760742,112.9485245,25.60725784,55.83161163,Summer,2
6/2/2028,23.98471642,30.40028381,18.37131119,9.620967865,0.225620091,100.9658432,3.574238777,4.605319023,110.3490067,111.8024063,25.77528191,55.66330338,Summer,2
6/3/2028,24.13751602,30.56495094,18.5130291,9.680419922,0.214022622,100.9673615,3.568150282,4.594862938,109.2343292,110.6667633,25.94433403,55.49040222,Summer,2
6/4/2028,24.29083633,30.73078918,18.6548214,9.73945713,0.202234194,100.9687271,3.562190294,4.584584236,108.1358643,109.5456543,26.11423874,55.31302643,Summer,2
6/5/2028,24.44451141,30.89756775,18.79654503,9.797988892,0.190309644,100.9699554,3.556363344,4.574493408,107.0575562,108.4432678,26.28482056,55.1313324,Summer,2
6/6/2028,24.59836388,31.06505203,18.93806458,9.855924606,0.178304449,100.9710388,3.550671577,4.564595699,106.0033646,107.3638229,26.45588303,54.94551849,Summer,2
6/7/2028,24.75221634,31.23299599,19.0792408,9.913178444,0.166274562,100.9719925,3.545114994,4.554893494,104.9772491,106.3115082,26.62722778,54.75579834,Summer,2
6/8/2028,24.90587997,31.40114594,19.2199192,9.969669342,0.154275551,100.9728241,3.539690256,4.545385838,103.9831085,105.2904892,26.79864883,54.56243896,Summer,2
6/9/2028,25.05916786,31.56923485,19.35996246,10.02531815,0.142362475,100.9735413,3.534391642,4.536068916,103.024765,104.3048248,26.96992874,54.36571884,Summer,2
6/10/2028,25.21188736,31.73700523,19.49921417,10.08005238,0.130589038,100.9741364,3.52921176,4.526937008,102.1059723,103.3584671,27.14085007,54.1659584,Summer,2
6/11/2028,25.36384583,31.90418625,19.63753319,10.13380623,0.119007304,100.9746323,3.52414012,4.517979622,101.2302399,102.4551926,27.31118965,53.96350098,Summer,2
6/12/2028,25.51484871,32.07051086,19.77476501,10.18651962,0.107667491,100.975029,3.519164801,4.509183884,100.4009247,101.5986023,27.48072624,53.75871277,Summer,2
6/13/2028,25.66470337,32.23571777,19.91077423,10.23814201,0.096617043,100.9753189,3.514271736,4.500535011,99.62120056,100.7920227,27.64923477,53.55199432,Summer,2
6/14/2028,25.81322479,32.39954376,20.04541016,10.28862572,0.085900553,100.9755173,3.509444952,4.492015839,98.89387512,100.0384903,27.81649208,53.34376526,Summer,2
6/15/2028,25.96022415,32.56173706,20.17854118,10.3379364,0.075559571,100.9756241,3.504666805,4.483607292,98.22156525,99.34078217,27.98228264,53.13446808,Summer,2
6/16/2028,26.10552597,32.72203827,20.31003189,10.38604736,0.065631837,100.9756393,3.499919176,4.475287437,97.60646057,98.70128632,28.14638901,52.9245491,Summer,2
6/17/2028,26.24895096,32.88021851,20.43975449,10.43293953,0.056151412,100.9755707,3.495182514,4.467033386,97.05053711,98.12203979,28.30859947,52.71448517,Summer,2
6/18/2028,26.3903389,33.03604126,20.56759071,10.47860336,0.047148194,100.9754181,3.490435123,4.458821297,96.5552597,97.60472107,28.46871376,52.50477219,Summer,2
6/19/2028,26.52952576,33.18929672,20.69342995,10.52303982,0.038648035,100.975174,3.485656738,4.450626373,96.1217804,97.15052795,28.62654495,52.29589081,Summer,2
6/20/2028,26.66636848,33.33977509,20.81716156,10.56625938,0.030672044,100.9748459,3.480826139,4.442421913,95.75080872,96.76026917,28.78190041,52.08835602,Summer,2
6/21/2028,26.80072403,33.48728561,20.938694,10.60828018,0.023237105,100.9744263,3.475921631,4.434182167,95.44265747,96.43432617,28.93461418,51.88266754,Summer,2
6/22/2028,26.93246841,33.63166046,21.05793762,10.64913177,0.016355472,100.9739227,3.470922709,4.425881863,95.19719696,96.17259979,29.08452034,51.67934418,Summer,2
6/23/2028,27.06148529,33.77274323,21.17481995,10.68885326,0.010034791,100.9733353,3.465808392,4.417494774,95.01384735,95.97457123,29.23147392,51.47888947,Summer,2
6/24/2028,27.18767357,33.91038513,21.28927422,10.72749043,0.004278454,100.9726563,3.460559845,4.408996582,94.89160919,95.83921814,29.3753376,51.28181076,Summer,2
6/25/2028,27.31093788,34.04446411,21.4012413,10.76510048,-0.00091469,100.9718781,3.45515871,4.400362968,94.82906342,95.76507568,29.5159874,51.08860779,Summer,2
6/26/2028,27.43120193,34.17488098,21.51067734,10.80174541,-0.005550115,100.9710159,3.449587584,4.391572952,94.82434082,95.75032043,29.65332413,50.89977264,Summer,2
6/27/2028,27.54839897,34.30154419,21.61754799,10.83749676,-0.009636993,100.9700623,3.443831444,4.382604599,94.87517548,95.79259491,29.78724289,50.71578217,Summer,2
6/28/2028,27.66247559,34.42438507,21.72183037,10.87243271,-0.013188726,100.9690018,3.43787694,4.373439789,94.97892761,95.8891983,29.91767311,50.53710556,Summer,2
6/29/2028,27.77339554,34.54335403,21.82350922,10.90663719,-0.016221981,100.9678574,3.431712627,4.36406374,95.1325531,96.03701019,30.04454422,50.36419296,Summer,2
6/30/2028,27.8811245,34.65840912,21.92257881,10.94019985,-0.018756442,100.9666061,3.425329924,4.35446167,95.33266449,96.23258209,30.16780853,50.19746399,Summer,2
7/1/2028,27.9856472,34.76953888,22.01905251,10.97321415,-0.02081521,100.9652634,3.418721676,4.344622612,95.57557678,96.47212982,30.28743172,50.03734589,Summer,2
7/2/2028,28.08696556,34.87673187,22.11293983,11.00577831,-0.022423131,100.9638214,3.411884308,4.334539413,95.85728455,96.75151825,30.40338516,49.88422012,Summer,2
7/3/2028,28.18507576,34.98000717,22.2042675,11.03799343,-0.02360782,100.9622803,3.404816628,4.32420826,96.1735611,97.06643677,30.51566124,49.7384491,Summer,2
7/4/2028,28.28000259,35.07938004,22.29307175,11.06995869,-0.024398193,100.9606476,3.397520304,4.313627243,96.51992035,97.41230011,30.62425804,49.60037231,Summer,2
7/5/2028,28.37176323,35.17489624,22.37939072,11.10177898,-0.024824349,100.9589233,3.390000343,4.302799225,96.89177704,97.78436279,30.72918701,49.47031403,Summer,2
7/6/2028,28.460392,35.26659775,22.46326828,11.13355637,-0.02491723,100.9570999,3.382263899,4.291730404,97.28432465,98.17772675,30.83047104,49.34855652,Summer,2
7/7/2028,28.54592705,35.35454178,22.54476357,11.16539097,-0.02470821,100.9551926,3.374321461,4.280430794,97.69270325,98.58743286,30.92813301,49.23535156,Summer,2
7/8/2028,28.62841606,35.43879318,22.62392998,11.19738197,-0.02422829,100.9532013,3.366187096,4.268913746,98.11203003,99.008461,31.0222187,49.13093567,Summer,2
7/9/2028,28.70791054,35.51942444,22.70083237,11.22962379,-0.023507943,100.9511261,3.357876778,4.257195473,98.53738403,99.43580627,31.11276627,49.03551483,Summer,2
7/10/2028,28.78445816,35.59650421,22.77553177,11.26220894,-0.022576742,100.9489822,3.349409819,4.245298386,98.96392059,99.86449432,31.19982147,48.9492569,Summer,2
7/11/2028,28.85811806,35.67011261,22.84809113,11.29521942,-0.021462422,100.9467697,3.340807676,4.233245373,99.38687134,100.2896881,31.28343773,48.87230682,Summer,2
7/12/2028,28.92894363,35.74032593,22.91858482,11.32873726,-0.020191258,100.9445038,3.332095623,4.221064568,99.80158997,100.7066498,31.36366463,48.80478668,Summer,2
7/13/2028,28.99699593,35.80721664,22.98707771,11.36283302,-0.018786851,100.9421768,3.323300362,4.208786011,100.2036514,101.1108932,31.44055748,48.7467804,Summer,2
7/14/2028,29.06232452,35.87086105,23.05362511,11.39756966,-0.017270442,100.9398117,3.314450264,4.196443558,100.5888367,101.4981079,31.51416969,48.69835663,Summer,2
7/15/2028,29.12498283,35.93132782,23.11829758,11.43300152,-0.015660156,100.9374161,3.305577517,4.184074402,100.9532166,101.8643112,31.58454704,48.6595459,Summer,2
7/16/2028,29.18501472,35.98867798,23.18114853,11.46917629,-0.013970796,100.9349976,3.296714306,4.171717644,101.2931061,102.2058105,31.65173531,48.63035583,Summer,2
7/17/2028,29.24246788,36.04296875,23.24222946,11.5061264,-0.012213712,100.9325638,3.287894964,4.159413338,101.6052475,102.51931,31.71577644,48.61079407,Summer,2
7/18/2028,29.29737091,36.0942421,23.30159378,11.5438776,-0.010396457,100.9301376,3.279155493,4.147205353,101.8867035,102.801857,31.77670479,48.600811,Summer,2
7/19/2028,29.34975624,36.14253616,23.35927582,11.58244133,-0.008522797,100.9277115,3.270532131,4.135138512,102.1349487,103.0509033,31.83454895,48.60035706,Summer,2
7/20/2028,29.39964485,36.18787003,23.41531372,11.6218214,-0.006592264,100.9253159,3.262062073,4.123257637,102.3479004,103.2644196,31.88932419,48.60936356,Summer,2
7/21/2028,29.44704819,36.23026276,23.46972466,11.66200733,-0.004600443,100.9229584,3.253782511,4.111610889,102.5239639,103.440773,31.94104385,48.62773895,Summer,2
7/22/2028,29.49196434,36.26970291,23.52253151,11.70297718,-0.00253872,100.9206467,3.245731115,4.100244522,102.6619263,103.5788269,31.98970032,48.6553688,Summer,2
7/23/2028,29.5343895,36.30618286,23.57373619,11.74469757,-0.000394347,100.918396,3.237944603,4.089205265,102.7611618,103.6780243,32.03528214,48.69215393,Summer,2
7/24/2028,29.57430267,36.33966446,23.62333679,11.78712368,0.001849406,100.9162216,3.230458975,4.078540802,102.8214874,103.7381439,32.07777405,48.73795319,Summer,2
7/25/2028,29.61167526,36.37010574,23.67131615,11.83019733,0.004213124,100.9141388,3.223310232,4.068296432,102.8432236,103.7596588,32.11713409,48.79262161,Summer,2
7/26/2028,29.6464653,36.39745331,23.71765327,11.87385082,0.00672137,100.9121475,3.216531992,4.058517456,102.8272018,103.7434235,32.15332031,48.85602188,Summer,2
7/27/2028,29.67862511,36.42162323,23.76230812,11.91800785,0.009401915,100.9102707,3.210156441,4.049246788,102.774704,103.6908188,32.18626785,48.92799377,Summer,2
7/28/2028,29.70808601,36.44252777,23.80524063,11.96257305,0.012285945,100.9085159,3.204213858,4.040525436,102.6875687,103.6037521,32.21590805,49.0083847,Summer,2
7/29/2028,29.73478127,36.46007538,23.84638596,12.00745201,0.015407634,100.9068985,3.198732376,4.032393456,102.5680542,103.4845505,32.2421608,49.09703064,Summer,2
7/30/2028,29.75862694,36.47414398,23.88568306,12.05253601,0.01880355,100.905426,3.193737507,4.024886131,102.418869,103.3360214,32.26493073,49.19376373,Summer,2
7/31/2028,29.77953148,36.4846077,23.92305374,12.09770679,0.022512531,100.9041061,3.189252138,4.018037319,102.2431335,103.1613617,32.28411865,49.29842377,Summer,2
8/1/2028,29.79739571,36.49132919,23.95841217,12.14284039,0.026575403,100.9029541,3.185295582,4.011876106,102.0444031,102.9642334,32.29961014,49.41085815,Summer,2
8/2/2028,29.81211281,36.49416351,23.99165916,12.18780518,0.031034052,100.9019699,3.181884527,4.006430626,101.8265686,102.7485733,32.31128311,49.53089142,Summer,2
8/3/2028,29.82356453,36.49295807,24.02269554,12.23246765,0.03593139,100.9011688,3.179031849,4.001720905,101.5938644,102.5186996,32.31901169,49.6583786,Summer,2
8/4/2028,29.83163071,36.48755264,24.05141068,12.27668381,0.041310638,100.9005508,3.176747322,3.997766018,101.3507919,102.2791977,32.32265472,49.79316711,Summer,2
8/5/2028,29.83619118,36.4777832,24.07768822,12.32030869,0.047214862,100.9001236,3.175036192,3.994580984,101.1021194,102.0348969,32.3220787,49.93510437,Summer,2
8/6/2028,29.83712006,36.46347809,24.10140038,12.36319733,0.053686634,100.8998947,3.173901081,3.992173672,100.8528137,101.7907944,32.31713867,50.08404541,Summer,2
8/7/2028,29.83428574,36.44447708,24.1224308,12.4052,0.060767245,100.8998718,3.173339844,3.990550041,100.6079788,101.5520401,32.30768967,50.23987579,Summer,2
8/8/2028,29.82755852,36.42061234,24.14064407,12.44616604,0.06849619,100.9000397,3.173346281,3.989709139,100.3729095,101.3239365,32.29359055,50.40243912,Summer,2
8/9/2028,29.81681252,36.39171982,24.15590858,12.48595238,0.076911025,100.9004211,3.17391181,3.989647388,100.1528168,101.1117859,32.27468872,50.57162476,Summer,2
8/10/2028,29.80191994,36.35765076,24.16809273,12.52440834,0.08604645,100.901001,3.175021887,3.990354538,99.95304108,100.9208603,32.25085449,50.74730301,Summer,2
8/11/2028,29.78276825,36.31824493,24.17706871,12.56139469,0.095934011,100.9017792,3.176659584,3.991816998,99.77883148,100.7564468,32.22193909,50.92936707,Summer,2
8/12/2028,29.75923538,36.27337646,24.18270874,12.59677029,0.106601678,100.902771,3.178804159,3.994015455,99.63536072,100.623642,32.18782806,51.1177063,Summer,2
8/13/2028,29.73122025,36.22291183,24.18488503,12.63040447,0.118073247,100.9039536,3.181431293,3.996927023,99.52765656,100.5274811,32.14838791,51.31221008,Summer,2
8/14/2028,29.69862175,36.16674423,24.18347931,12.6621685,0.130368084,100.9053268,3.184512615,4.000524521,99.46054077,100.4727402,32.10351944,51.51277924,Summer,2
8/15/2028,29.66135406,36.10477829,24.17837143,12.69194221,0.143500745,100.9068985,3.188017607,4.004775047,99.43864441,100.4639435,32.05311584,51.71930313,Summer,2
8/16/2028,29.61934471,36.0369339,24.16946411,12.71961498,0.157480597,100.9086533,3.191911936,4.009643078,99.46630096,100.5053864,31.99709702,51.9316864,Summer,2
8/17/2028,29.57252884,35.96316147,24.15665245,12.74508381,0.1723115,100.9105835,3.196159124,4.015089035,99.54749298,100.6009445,31.93539047,52.14981842,Summer,2
8/18/2028,29.52086067,35.88341522,24.13985062,12.76825523,0.187991634,100.9126968,3.200720072,4.02107048,99.68586731,100.7541885,31.86794662,52.37360382,Summer,2
8/19/2028,29.46430779,35.79768753,24.1189785,12.78904438,0.204513296,100.9149704,3.205553532,4.027541161,99.88471222,100.9682465,31.7947216,52.60292816,Summer,2
8/20/2028,29.40285492,35.70598602,24.09397316,12.80737782,0.221862778,100.9173965,3.210616827,4.034451485,100.1468658,101.2458649,31.71570206,52.83767319,Summer,2
8/21/2028,29.33650208,35.60834885,24.06477356,12.82319546,0.240020305,100.9199829,3.215864897,4.041750908,100.4747009,101.5892792,31.63088989,53.07772446,Summer,2
8/22/2028,29.26527405,35.50483322,24.03134918,12.83644676,0.25895974,100.9227066,3.221251965,4.049386501,100.8701401,102.0002823,31.54030991,53.32295227,Summer,2
8/23/2028,29.18920135,35.3955307,23.99366951,12.84708977,0.278649062,100.9255676,3.226732969,4.057303429,101.3346329,102.4801331,31.44400215,53.57321548,Summer,2
8/24/2028,29.10834694,35.2805481,23.95172501,12.85509872,0.299050003,100.9285583,3.232259035,4.065444946,101.8690491,103.0296555,31.34203529,53.82836914,Summer,2
8/25/2028,29.02278519,35.16003036,23.90551376,12.86045647,0.320118606,100.9316635,3.237784386,4.073755741,102.4738617,103.6490784,31.23449135,54.08824921,Summer,2
8/26/2028,28.93261337,35.03414154,23.85506248,12.86315823,0.341804922,100.9348755,3.243262291,4.082177639,103.1489487,104.3381882,31.12148094,54.35267258,Summer,2
8/27/2028,28.83794212,34.90306854,23.80040169,12.86321163,0.364053756,100.9381943,3.248646736,4.090655327,103.8937073,105.0961838,31.0031395,54.62146378,Summer,2
8/28/2028,28.73890495,34.76703644,23.74158096,12.8606329,0.386804551,100.941597,3.253892899,4.099131584,104.7070389,105.9218445,30.87961388,54.89440536,Summer,2
8/29/2028,28.63565254,34.62627411,23.67866516,12.85544968,0.40999192,100.9450912,3.258957386,4.107551575,105.5872803,106.8134079,30.75107956,55.17126846,Summer,2
8/30/2028,28.52835083,34.48105621,23.61174011,12.84770012,0.433546096,100.9486694,3.263798475,4.115861893,106.5324097,107.7686691,30.61772919,55.45182419,Summer,2
8/31/2028,28.41718674,34.33166122,23.54089355,12.83742809,0.45739314,100.9523087,3.268376112,4.12401104,107.5398788,108.7849884,30.47977066,55.7358017,Summer,2
9/1/2028,28.30235672,34.17839432,23.46623421,12.82469177,0.481455594,100.9560165,3.27265358,4.131949425,108.6066971,109.8592758,30.3374424,56.02291107,Autumn,3
9/2/2028,28.1840744,34.02157593,23.38788795,12.80955315,0.505652905,100.9597855,3.276596069,4.139630318,109.7295303,110.98806,30.19098473,56.31286621,Autumn,3
9/3/2028,28.06256676,33.86154556,23.30598831,12.79208088,0.529901981,100.9636078,3.280171633,4.14700985,110.9046478,112.167572,30.04065895,56.60534286,Autumn,3
9/4/2028,27.93806648,33.69865417,23.22067261,12.77235126,0.554117739,100.9674759,3.283352852,4.15404892,112.128006,113.393692,29.88674355,56.89999008,Autumn,3
9/5/2028,27.81082726,33.53326035,23.13210678,12.75044632,0.578213632,100.9713898,3.286113739,4.160709858,113.395256,114.6619873,29.72952652,57.19645691,Autumn,3
9/6/2028,27.68109322,33.36573792,23.04044724,12.72644997,0.60210216,100.9753418,3.288433313,4.166960239,114.701828,115.9678955,29.56930351,57.49435806,Autumn,3
9/7/2028,27.54913139,33.19646072,22.94587326,12.70044899,0.625696003,100.979332,3.290293932,4.172771454,116.0429459,117.3066406,29.40637589,57.79328918,Autumn,3
9/8/2028,27.41520119,33.02581406,22.84855652,12.67253685,0.648907781,100.9833527,3.291682243,4.178120136,117.4136963,118.6732941,29.24105644,58.0928421,Autumn,3
9/9/2028,27.27957153,32.85417175,22.74868202,12.64279938,0.671651363,100.9874115,3.292588234,4.182986259,118.8090591,120.0628815,29.07365799,58.39257813,Autumn,3
9/10/2028,27.14249992,32.68191147,22.64643669,12.61133099,0.693841994,100.9914932,3.293006659,4.187355518,120.2239914,121.4703903,28.90449142,58.6920433,Autumn,3
9/11/2028,27.00425529,32.50940323,22.54200554,12.57822037,0.715397298,100.9956055,3.292936325,4.191218376,121.6534119,122.8908234,28.73387527,58.99078369,Autumn,3
9/12/2028,26.86509895,32.33700562,22.43557739,12.54355526,0.736237586,100.9997482,3.292380095,4.194569111,123.0923386,124.3192749,28.56211472,59.28831482,Autumn,3
9/13/2028,26.72527504,32.16508102,22.32734489,12.50741959,0.756286323,101.0039063,3.291344166,4.197408676,124.5358429,125.7509537,28.38951492,59.58415222,Autumn,3
9/14/2028,26.58503342,31.9939537,22.21748161,12.4698925,0.775471091,101.0080948,3.28984046,4.19974041,125.9792023,127.1812515,28.21637154,59.8778038,Autumn,3
9/15/2028,26.44460297,31.82395363,22.10617256,12.43105316,0.793723404,101.0123062,3.28788352,4.201576233,127.4178925,128.6057739,28.04296494,60.16876984,Autumn,3
9/16/2028,26.30420876,31.65537262,21.99358749,12.39096737,0.810979903,101.0165405,3.28549242,4.202928543,128.8475647,130.0203857,27.86956978,60.45654297,Autumn,3
9/17/2028,26.16405106,31.48849487,21.87989044,12.34970379,0.827182293,101.0207977,3.282688856,4.203817368,130.2642517,131.4212341,27.69644356,60.74061966,Autumn,3
9/18/2028,26.02432823,31.32357407,21.76523972,12.30731487,0.842277706,101.0250702,3.279500008,4.204266548,131.6642609,132.8048553,27.5238266,61.02050018,Autumn,3
9/19/2028,25.88521004,31.16083717,21.64977837,12.26385212,0.85621953,101.0293655,3.275954962,4.204303741,133.0442657,134.1681213,27.35193825,61.29567719,Autumn,3
9/20/2028,25.74685097,31.00048447,21.53363609,12.21935558,0.868966997,101.0336761,3.272085905,4.203960419,134.4013519,135.5083466,27.18098259,61.5656662,Autumn,3
9/21/2028,25.60938644,30.8426857,21.41693497,12.17385864,0.880485952,101.038002,3.2679286,4.203271866,135.7330475,136.8232422,27.01113892,61.82997894,Autumn,3
9/22/2028,25.47292709,30.68758202,21.2997818,12.12738514,0.890749037,101.0423431,3.263520718,4.202278137,137.0373077,138.1110077,26.84256363,62.08814621,Autumn,3
9/23/2028,25.33756828,30.53528214,21.18227005,12.07994938,0.899735153,101.0466995,3.258902311,4.201020718,138.3125458,139.3703003,26.67539215,62.33971786,Autumn,3
9/24/2028,25.20337486,30.38585663,21.06447029,12.0315609,0.90743053,101.0510559,3.25411582,4.199544907,139.5576782,140.600235,26.50972748,62.5842514,Autumn,3
9/25/2028,25.07039261,30.23934746,20.94644356,11.98221397,0.913827837,101.0554199,3.249205589,4.197897911,140.77211,141.8004761,26.34565735,62.82133484,Autumn,3
9/26/2028,24.93864059,30.09576416,20.82823181,11.93190193,0.918926835,101.0597839,3.244215965,4.196129322,141.9557343,142.9711456,26.18323135,63.05057907,Autumn,3
9/27/2028,24.80812073,29.95507813,20.70986366,11.88060188,0.922734141,101.0641479,3.239193439,4.194291115,143.1089783,144.1128235,26.02248573,63.27161407,Autumn,3
9/28/2028,24.67880249,29.81723404,20.59134483,11.82828808,0.925262392,101.0684967,3.23418498,4.192435265,144.2327271,145.2266388,25.86342049,63.48410797,Autumn,3
9/29/2028,24.55063438,29.68213272,20.47266579,11.77492714,0.926531315,101.0728226,3.229238033,4.190615654,145.3283234,146.3141479,25.70601654,63.68774414,Autumn,3
9/30/2028,24.42354965,29.54965782,20.35380173,11.72047806,0.926566362,101.0771255,3.224399567,4.188885689,146.3976593,147.3773499,25.55021858,63.882267,Autumn,3
10/1/2028,24.2974472,29.41964531,20.23471069,11.66489029,0.925399125,101.081398,3.219716787,4.187300682,147.4429779,148.4187164,25.39596176,64.06742859,Autumn,3
10/2/2028,24.17221451,29.29192162,20.11533546,11.60811329,0.923066616,101.0856323,3.215235472,4.18591404,148.4670105,149.4410706,25.24314499,64.24302673,Autumn,3
10/3/2028,24.04771614,29.16627121,19.99560165,11.55008888,0.919611156,101.0898132,3.211001396,4.184778214,149.4728088,150.4475861,25.0916481,64.4088974,Autumn,3
10/4/2028,23.9237957,29.04245377,19.87542343,11.49075508,0.915079951,101.0939407,3.20705843,4.183947563,150.4638367,151.441864,24.94132996,64.56493378,Autumn,3
10/5/2028,23.80028343,28.92021942,19.7546978,11.43004894,0.909524679,101.0979919,3.203448534,4.183470726,151.4438629,152.4276581,24.79203606,64.71104431,Autumn,3
10/6/2028,23.67699051,28.79928207,19.63331413,11.36790371,0.903000653,101.1019669,3.200213194,4.18339777,152.4169006,153.4091187,24.64357948,64.84718323,Autumn,3
10/7/2028,23.55371857,28.67934418,19.51114655,11.30425167,0.89556694,101.1058578,3.197390079,4.183775425,153.3872528,154.3904724,24.49577141,64.97335052,Autumn,3
10/8/2028,23.43025398,28.56009674,19.38806152,11.23902798,0.88728559,101.109642,3.195015669,4.184648514,154.3593292,155.3761749,24.34840202,65.08959961,Autumn,3
10/9/2028,23.30637932,28.44121552,19.26391983,11.17216492,0.878221095,101.1133194,3.193123102,4.186058998,155.3377533,156.3707733,24.20125008,65.19602966,Autumn,3
10/10/2028,23.18186188,28.3223629,19.1385746,11.10360241,0.868440032,101.1168747,3.191744089,4.188045025,156.327179,157.3788605,24.05408859,65.29275513,Autumn,3
10/11/2028,23.05647087,28.20320511,19.01186943,11.03327942,0.858010113,101.1202927,3.190905333,4.190643311,157.3323212,158.4050446,23.90667915,65.37994385,Autumn,3
10/12/2028,22.92996979,28.08339691,18.88365364,10.96114063,0.847000539,101.1235733,3.190632582,4.19388485,158.3578644,159.4539032,23.75878143,65.45780945,Autumn,3
10/13/2028,22.80212402,27.9625988,18.75376892,10.88713837,0.835480452,101.126709,3.190947056,4.197799683,159.4084167,160.5298462,23.61015511,65.52661133,Autumn,3
10/14/2028,22.67270088,27.84047318,18.62206268,10.81122971,0.823519349,101.1296768,3.191867352,4.202411175,160.4884796,161.6372223,23.46055794,65.58663177,Autumn,3
10/15/2028,22.54146957,27.71669006,18.48838234,10.73337936,0.811185658,101.1324768,3.193407774,4.207741737,161.6023712,162.7801208,23.3097496,65.63819885,Autumn,3
10/16/2028,22.40820694,27.59093285,18.3525753,10.65356064,0.798547566,101.1351089,3.195580482,4.213807106,162.7541809,163.9624176,23.15749931,65.68167114,Autumn,3
10/17/2028,22.27270508,27.46288872,18.21450615,10.57175446,0.785671234,101.1375504,3.198393583,4.220621109,163.9477539,165.1876678,23.00358009,65.717453,Autumn,3
10/18/2028,22.13476181,27.33227539,18.07403946,10.487957,0.772621036,101.1398163,3.201851368,4.228192329,165.1865692,166.4591064,22.84778404,65.74596405,Autumn,3
10/19/2028,21.99419022,27.19882011,17.93105125,10.40216827,0.759459376,101.1418839,3.205955029,4.236524582,166.4737854,167.7795868,22.68990707,65.76765442,Autumn,3
10/20/2028,21.85081863,27.06227303,17.78543091,10.31440544,0.746245742,101.1437607,3.210702896,4.245620728,167.8121643,169.1515503,22.52976608,65.78300476,Autumn,3
10/21/2028,21.70449257,26.92241096,17.63707924,10.2246933,0.733037114,101.1454391,3.216089487,4.255475044,169.20401,170.5770264,22.36718941,65.79251099,Autumn,3
10/22/2028,21.55508423,26.77903748,17.48591232,10.13306999,0.719886899,101.1469269,3.222106218,4.26608181,170.6511841,172.0574799,22.2020359,65.79670715,Autumn,3
10/23/2028,21.40247345,26.63198662,17.33186531,10.03958702,0.706845164,101.1482315,3.228741646,4.277429581,172.1550598,173.5939941,22.03417206,65.79611206,Autumn,3
10/24/2028,21.24657822,26.48111725,17.17488289,9.94430542,0.69395864,101.1493454,3.235981226,4.289502621,173.7164764,175.1870575,21.86349678,65.79127502,Autumn,3
10/25/2028,21.08732796,26.32632256,17.01493645,9.847303391,0.681269646,101.1502838,3.243807554,4.302283764,175.3357391,176.8366699,21.68992805,65.78277588,Autumn,3
10/26/2028,20.92468452,26.16753387,16.85201263,9.748667717,0.668817163,101.1510468,3.252200842,4.315750599,177.0126495,178.5422516,21.51341438,65.77116394,Autumn,3
10/27/2028,20.75863266,26.00471115,16.68611526,9.648498535,0.65663588,101.1516571,3.261138916,4.329878807,178.7464294,180.3027191,21.33392334,65.75701141,Autumn,3
10/28/2028,20.58917999,25.83784866,16.51727676,9.546907425,0.644756556,101.1521149,3.270596981,4.344638824,180.5357361,182.1164246,21.15145493,65.7408905,Autumn,3
10/29/2028,20.41637039,25.66698074,16.34554482,9.44401741,0.633205712,101.1524353,3.280548334,4.360002518,182.3786926,183.9811859,20.96602821,65.72338104,Autumn,3
10/30/2028,20.24026489,25.49217415,16.17098999,9.339964867,0.622006118,101.1526489,3.290964603,4.375933647,184.2729034,185.8943481,20.77770424,65.70501709,Autumn,3
10/31/2028,20.06096077,25.31352615,15.99370289,9.234894753,0.611176431,101.1527557,3.301815987,4.392398834,186.2153625,187.8526764,20.58655739,65.68637085,Autumn,3
11/1/2028,19.87857056,25.13118172,15.81379795,9.128959656,0.600731492,101.1527863,3.313070536,4.409359455,188.2026978,189.8524323,20.39269829,65.66796875,Autumn,3
11/2/2028,19.69323921,24.94529724,15.63140678,9.022323608,0.590682626,101.1527557,3.324695587,4.426776886,190.2309113,191.8895569,20.19625282,65.65034485,Autumn,3
11/3/2028,19.50514221,24.75608826,15.4466877,8.915157318,0.581037462,101.1526947,3.336657763,4.444608688,192.2956085,193.9594116,19.99739075,65.63398743,Autumn,3
11/4/2028,19.31446838,24.56377792,15.25981236,8.807638168,0.571800351,101.152626,3.348922253,4.462814331,194.391983,196.0570679,19.79628944,65.61938477,Autumn,3
11/5/2028,19.12143707,24.36862755,15.0709753,8.699950218,0.562972605,101.1525726,3.361453772,4.481349945,196.5148468,198.1771698,19.59315872,65.60700226,Autumn,3
11/6/2028,18.9262886,24.17092896,14.88038731,8.592281342,0.554552794,101.152565,3.37421751,4.500170708,198.6586151,200.3141327,19.38822556,65.59726715,Autumn,3
11/7/2028,18.72928047,23.97099495,14.68828011,8.484824181,0.546536505,101.1526337,3.387177229,4.519233704,200.8174133,202.4619751,19.18174934,65.5905838,Autumn,3
11/8/2028,18.53068924,23.76916122,14.49489117,8.377771378,0.538917422,101.1527939,3.40029788,4.538493156,202.9851379,204.614624,18.97398949,65.58732605,Autumn,3
11/9/2028,18.33081245,23.56578445,14.3004837,8.271317482,0.53168714,101.1530914,3.41354394,4.557903767,205.155426,206.7657928,18.7652359,65.58783722,Autumn,3
11/10/2028,18.12995338,23.36123848,14.10532379,8.165657997,0.524835229,101.1535568,3.426879644,4.577422142,207.3218384,208.9090424,18.55579185,65.59243011,Autumn,3
11/11/2028,17.92844009,23.15590668,13.90969658,8.060985565,0.518350184,101.1542053,3.440271378,4.597002983,209.4777527,211.0379181,18.34596825,65.60137939,Autumn,3
11/12/2028,17.72660065,22.95018959,13.71388626,7.957491398,0.512219071,101.1550751,3.453685284,4.616602898,211.6165466,213.1458893,18.13608932,65.61491394,Autumn,3
11/13/2028,17.52477455,22.7444973,13.51819706,7.855360508,0.506428123,101.1561966,3.467087746,4.63617897,213.7315369,215.2265472,17.92648697,65.633255,Autumn,3
11/14/2028,17.32330704,22.53924179,13.32292271,7.754774094,0.500962973,101.1576004,3.480447292,4.655690193,215.8161469,217.2734528,17.71749878,65.65656281,Autumn,3
11/15/2028,17.12254333,22.33483315,13.12837315,7.655907154,0.495809168,101.1593094,3.493732452,4.675095081,217.8639069,219.2804565,17.50946236,65.68496704,Autumn,3
11/16/2028,16.9228363,22.13168716,12.93485546,7.558926105,0.490951896,101.1613464,3.506913662,4.694354057,219.8684692,221.2415161,17.30272293,65.71855164,Autumn,3
11/17/2028,16.72452736,21.93021774,12.74267292,7.463989735,0.486376524,101.1637421,3.519962311,4.713428974,221.8237762,223.1508179,17.09761429,65.75738525,Autumn,3
11/18/2028,16.52796555,21.7308197,12.5521307,7.371246815,0.482068986,101.1665192,3.532850742,4.732283592,223.7239227,225.0028839,16.89447212,65.80148315,Autumn,3
11/19/2028,16.33347893,21.53388977,12.36352253,7.280834675,0.478015631,101.1697006,3.545552969,4.750882626,225.5633545,226.7925568,16.69362068,65.85083008,Autumn,3
11/20/2028,16.14140129,21.3398056,12.17714119,7.192880154,0.474203706,101.1732941,3.558044195,4.769192696,227.3369446,228.5150299,16.4953804,65.90539551,Autumn,3
11/21/2028,15.95204735,21.1489315,11.99326992,7.107498646,0.470621258,101.17733,3.570301533,4.787183762,229.0398254,230.1659393,16.30005836,65.96505737,Autumn,3
11/22/2028,15.76571655,20.9616127,11.81217766,7.024790287,0.467257202,101.1818161,3.582302809,4.804823875,230.6676636,231.741272,16.10794258,66.02973175,Autumn,3
11/23/2028,15.58270073,20.77817535,11.63412571,6.944844723,0.46410203,101.1867523,3.594027996,4.822086334,232.2165222,233.2376404,15.91931343,66.09925842,Autumn,3
11/24/2028,15.40327072,20.59892082,11.45935822,6.867734909,0.461146981,101.1921616,3.60545826,4.838945389,233.6829987,234.6520386,15.73443031,66.17347717,Autumn,3
11/25/2028,15.22768021,20.42412949,11.28810596,6.793521881,0.458384722,101.1980362,3.616575956,4.855375767,235.0641632,235.9819641,15.55353165,66.25215912,Autumn,3
11/26/2028,15.05615616,20.25405121,11.12058067,6.722251415,0.455809176,101.2043839,3.627365112,4.871356964,236.357605,237.2255249,15.37683868,66.33509827,Autumn,3
11/27/2028,14.88891792,20.08890915,10.95697975,6.653954983,0.453415394,101.2111969,3.637811184,4.886867523,237.5615082,238.3813477,15.20454979,66.42202759,Autumn,3
11/28/2028,14.72615242,19.92890549,10.79747677,6.588648796,0.451199859,101.2184677,3.647900581,4.901890278,238.6745911,239.4485016,15.03684235,66.51268005,Autumn,3
11/29/2028,14.56802177,19.77420044,10.64223003,6.526335716,0.44915992,101.2261887,3.657622337,4.916406631,239.6961212,240.4267426,14.87386513,66.60676575,Autumn,3
11/30/2028,14.41467285,19.62493515,10.49137211,6.467004776,0.447294086,101.2343445,3.666965246,4.930403709,240.6259308,241.3162994,14.71574974,66.70397186,Autumn,3
12/1/2028,14.266222,19.48121452,10.34501743,6.410628796,0.44560194,101.2429199,3.675920248,4.943868637,241.4644012,242.1179047,14.56259727,66.80396271,Winter,0
12/2/2028,14.12276077,19.34311104,10.20325947,6.357170105,0.444083661,101.2518921,3.684479237,4.95678854,242.2124786,242.8328857,14.41448402,66.90641022,Winter,0
12/3/2028,13.98435593,19.21067429,10.06616974,6.306577682,0.442740291,101.2612228,3.692635059,4.969155312,242.871582,243.4630127,14.27146912,67.01095581,Winter,0
12/4/2028,13.85105324,19.0839138,9.933792114,6.258786201,0.441573352,101.2709045,3.700382471,4.980960846,243.4437256,244.010498,14.13357735,67.11724854,Winter,0
12/5/2028,13.72287178,18.96282387,9.806156158,6.213723183,0.44058466,101.2808914,3.707716703,4.992198944,243.9313049,244.4780884,14.00081444,67.22491455,Winter,0
12/6/2028,13.59980583,18.84735298,9.68326664,6.171299934,0.439776391,101.291153,3.71463418,5.002864838,244.3372192,244.8688354,13.87316322,67.33358765,Winter,0
12/7/2028,13.48182487,18.73744202,9.565105438,6.131422997,0.439150512,101.301651,3.721132278,5.012955189,244.6648407,245.1863403,13.75058365,67.44290161,Winter,0
12/8/2028,13.36888504,18.63299179,9.451637268,6.093988895,0.438708991,101.3123398,3.727209806,5.022469521,244.9178314,245.4343719,13.63301277,67.55249023,Winter,0
12/9/2028,13.26091194,18.53388405,9.342804909,6.058884621,0.438453317,101.3231812,3.732866049,5.031405449,245.1002655,245.6170959,13.52036667,67.66197205,Winter,0
12/10/2028,13.15781403,18.43998146,9.238536835,6.025991917,0.438384563,101.3341293,3.738101244,5.039765358,245.2165222,245.7389374,13.41254616,67.77098083,Winter,0
12/11/2028,13.05948448,18.3511219,9.138737679,5.995186806,0.438502938,101.3451309,3.742916346,5.047551155,245.2711945,245.8045044,13.30943298,67.87915802,Winter,0
12/12/2028,12.96579552,18.2671299,9.043300629,5.966341972,0.438807964,101.3561401,3.747313499,5.054766655,245.2691803,245.8186035,13.21089268,67.98615265,Winter,0
12/13/2028,12.8766098,18.1878109,8.952100754,5.939324379,0.439298004,101.3671036,3.751296043,5.061416626,245.2154388,245.7861328,13.11678028,68.0916214,Winter,0
12/14/2028,12.79177094,18.11295891,8.865003586,5.914001465,0.439970225,101.3779678,3.754867077,5.06750679,245.1151428,245.7121429,13.02693367,68.19522858,Winter,0
12/15/2028,12.71111488,18.0423584,8.781860352,5.890236855,0.440820605,101.3886871,3.758031368,5.073045254,244.973526,245.6016388,12.941185,68.29664612,Winter,0
12/16/2028,12.63446617,17.97578049,8.70250988,5.867897034,0.441843659,101.3992081,3.76079464,5.078038692,244.7958221,245.4596405,12.85935783,68.39556885,Winter,0
12/17/2028,12.56163979,17.91300201,8.626788139,5.846847534,0.443032533,101.4094772,3.763162374,5.08249712,244.5872803,245.2911224,12.78126907,68.49169159,Winter,0
12/18/2028,12.49245071,17.85378075,8.554517746,5.826955795,0.444378674,101.4194336,3.765141487,5.086431026,244.3530273,245.1009216,12.7067318,68.58473206,Winter,0
12/19/2028,12.42670631,17.7978878,8.485518456,5.808095932,0.445872068,101.429039,3.766740084,5.089851379,244.0981445,244.8937378,12.63555717,68.67442322,Winter,0
12/20/2028,12.36421585,17.74508476,8.419611931,5.790142059,0.447501034,101.4382324,3.767965794,5.092770576,243.8275146,244.6741028,12.56755638,68.76051331,Winter,0
12/21/2028,12.30477905,17.69514656,8.356609344,5.772975922,0.449252367,101.4469757,3.768827915,5.095201969,243.5458527,244.4462891,12.50254631,68.84276581,Winter,0
12/22/2028,12.24821281,17.64784622,8.296328545,5.756483555,0.451111317,101.4552155,3.7693367,5.097159863,243.2575836,244.2143555,12.44034195,68.92095947,Winter,0
12/23/2028,12.19432449,17.60297394,8.238587379,5.740559578,0.4530617,101.4629135,3.769502401,5.098658562,242.96698,243.9820404,12.38077164,68.99488831,Winter,0
12/24/2028,12.1429348,17.56032372,8.183205605,5.725105286,0.455085725,101.4700241,3.769336462,5.099715233,242.6778564,243.7527161,12.32366657,69.06436157,Winter,0
12/25/2028,12.09387016,17.51970863,8.130008698,5.710028648,0.457164615,101.4765167,3.768850565,5.100345135,242.3938141,243.5294952,12.26886368,69.12921906,Winter,0
12/26/2028,12.04696274,17.48093987,8.078829765,5.69524765,0.459278226,101.4823532,3.768057346,5.100566864,242.1180878,243.3150787,12.21621704,69.18930817,Winter,0
12/27/2028,12.00206184,17.44386292,8.029510498,5.680686951,0.461405456,101.4874954,3.766970873,5.10039854,241.8534546,243.1117706,12.16559029,69.24449158,Winter,0
12/28/2028,11.95901871,17.4083271,7.981897831,5.666284561,0.46352455,101.4919281,3.765604734,5.099858761,241.6023712,242.9215088,12.11686134,69.29464722,Winter,0
12/29/2028,11.9177103,17.37421227,7.935852528,5.651983738,0.465612829,101.4956284,3.763973475,5.098968029,241.3668213,242.7458191,12.0699234,69.33968353,Winter,0
12/30/2028,11.8780117,17.34140015,7.891246319,5.637740135,0.467647552,101.4985657,3.762092829,5.097745895,241.1484528,242.5858154,12.02467918,69.3795166,Winter,0
12/31/2028,11.83982658,17.30980492,7.847964764,5.623516083,0.469605535,101.5007401,3.759978294,5.096213818,240.9484711,242.4421844,11.98104668,69.4140625,Winter,0
1/1/2029,11.80306149,17.27935791,7.805899143,5.609287739,0.47146374,101.5021362,3.757647276,5.094392776,240.7675629,242.3152466,11.93897247,69.44327545,Winter,0
1/2/2029,11.76765347,17.25000572,7.764966488,5.59503603,0.473199368,101.5027542,3.755115509,5.092304707,240.6061401,242.2048798,11.89840508,69.46713257,Winter,0
1/3/2029,11.73353481,17.22171974,7.725086689,5.580755234,0.474790275,101.5025864,3.752400637,5.089972496,240.4640808,242.1106262,11.85931683,69.48558807,Winter,0
1/4/2029,11.7006712,17.19448853,7.686201572,5.566444397,0.476215154,101.5016479,3.749521017,5.087418079,240.3409424,242.0316467,11.82169151,69.4986496,Winter,0
1/5/2029,11.66904068,17.16831779,7.648264408,5.552114964,0.47745344,101.499939,3.746494055,5.084664345,240.2358398,241.9667358,11.78553677,69.50631714,Winter,0
1/6/2029,11.63862991,17.14324188,7.611244678,5.537784576,0.47848627,101.4974747,3.743338823,5.081734657,240.1476135,241.9143524,11.75086975,69.50860596,Winter,0
1/7/2029,11.60944939,17.11930275,7.575126648,5.523477554,0.479296058,101.494278,3.740073204,5.078652382,240.074646,241.8726959,11.71772385,69.5055542,Winter,0
1/8/2029,11.58151436,17.09655952,7.539910316,5.509228706,0.479867101,101.4903717,3.736715794,5.075438976,240.0151062,241.8396912,11.68614769,69.49719238,Winter,0
1/9/2029,11.55486584,17.07509232,7.505604267,5.495074749,0.480185688,101.4857864,3.733285904,5.072118282,239.9667969,241.8129578,11.65620041,69.4835968,Winter,0
1/10/2029,11.52954865,17.05499268,7.472238541,5.481060028,0.480240256,101.480545,3.729801416,5.068713188,239.9273071,241.789978,11.6279583,69.46482849,Winter,0
1/11/2029,11.50562954,17.03636169,7.439851761,5.467234612,0.480021715,101.4746933,3.726280928,5.065245628,239.8940125,241.7680359,11.60150719,69.44094849,Winter,0
1/12/2029,11.48317146,17.01932144,7.408494949,5.453651905,0.479523361,101.4682617,3.722742558,5.061736584,239.8640747,241.7442169,11.57694054,69.4120636,Winter,0
1/13/2029,11.46226692,17.00399208,7.378230095,5.440368652,0.478741378,101.4612961,3.719203949,5.058207989,239.8344879,241.7156372,11.55435848,69.37826538,Winter,0
1/14/2029,11.44299793,16.99050713,7.349131107,5.427445412,0.477674544,101.4538345,3.715682268,5.054680347,239.8021851,241.679184,11.53387833,69.33965302,Winter,0
1/15/2029,11.42546749,16.97900772,7.321281433,5.414942741,0.476324707,101.4459381,3.712193966,5.051172256,239.7639008,241.6318207,11.51561546,69.2963562,Winter,0
1/16/2029,11.4097805,16.96963882,7.294771671,5.402923584,0.474696368,101.437645,3.708755493,5.047703743,239.7164612,241.5704803,11.49968529,69.24848938,Winter,0
1/17/2029,11.39604568,16.96254158,7.269699574,5.391451836,0.472797334,101.4290085,3.705381632,5.044290543,239.6565857,241.4921417,11.48621178,69.19617462,Winter,0
1/18/2029,11.38437653,16.95786285,7.24616766,5.380590439,0.470638126,101.4200745,3.702086926,5.040950775,239.5811005,241.3938446,11.47532368,69.13957214,Winter,0
1/19/2029,11.37488556,16.9557476,7.224286079,5.370400429,0.468232244,101.4109116,3.698884487,5.037698746,239.4868164,241.2727203,11.46714401,69.07881927,Winter,0
1/20/2029,11.36769295,16.95633698,7.204166412,5.360942841,0.46559599,101.4015656,3.695786953,5.034548759,239.370697,241.1260986,11.46179008,69.01406097,Winter,0
1/21/2029,11.3629055,16.9597702,7.185922146,5.352273941,0.462748498,101.3920822,3.692804575,5.031512737,239.2298279,240.9514008,11.4593792,68.94548035,Winter,0
1/22/2029,11.36064243,16.96617126,7.169666767,5.344450474,0.459711313,101.3825302,3.68994832,5.028601646,239.0614014,240.7462616,11.4600296,68.87320709,Winter,0
1/23/2029,11.36100578,16.97566414,7.155514717,5.337522507,0.456508666,101.3729477,3.68722558,5.025824547,238.8628235,240.5085449,11.4638443,68.79743958,Winter,0
1/24/2029,11.36410236,16.98835754,7.143579006,5.3315382,0.453166753,101.3633881,3.684644699,5.023188591,238.6317749,240.2363129,11.47092056,68.71835327,Winter,0
1/25/2029,11.37002945,17.00435638,7.133965969,5.32653904,0.449713916,101.3539124,3.682211161,5.020699501,238.3660431,239.927948,11.48134804,68.6361084,Winter,0
1/26/2029,11.37887287,17.02375031,7.126784801,5.322565079,0.446180195,101.3445587,3.679928541,5.018362045,238.0637817,239.5820465,11.49520874,68.55090332,Winter,0
1/27/2029,11.39071846,17.04660988,7.122128487,5.319646835,0.44259733,101.3353653,3.677800655,5.016177177,237.7233429,239.1974335,11.51257324,68.46292114,Winter,0
1/28/2029,11.40563202,17.07299805,7.120096207,5.317815781,0.438997865,101.3263855,3.675828457,5.014146805,237.3433685,238.7733307,11.53349686,68.37234497,Winter,0
1/29/2029,11.42368126,17.1029644,7.120768547,5.317091942,0.435415447,101.3176575,3.674011946,5.012268066,236.9228058,238.3092194,11.55802345,68.27938843,Winter,0
1/30/2029,11.44491291,17.13653946,7.12422657,5.317492962,0.431884289,101.3092194,3.672349453,5.010538101,236.4608765,237.8047485,11.58618641,68.18421936,Winter,0
1/31/2029,11.46936798,17.17373848,7.13053894,5.319030762,0.428438663,101.3010941,3.670837879,5.008951664,235.9571228,237.2600555,11.6180048,68.08705902,Winter,0
2/1/2029,11.49707413,17.21456146,7.139761925,5.32171011,0.425112903,101.2933121,3.669472933,5.007502079,235.4113617,236.6753845,11.65348148,67.98808289,Winter,0
2/2/2029,11.52804756,17.25899506,7.151948452,5.325531483,0.421940565,101.2859039,3.668248415,5.006181717,234.8237,236.0513763,11.69261265,67.88750458,Winter,0
2/3/2029,11.5622921,17.30700493,7.167133331,5.330490589,0.418954551,101.2788773,3.667157412,5.004979134,234.1945648,235.388855,11.73537254,67.7855072,Winter,0
2/4/2029,11.5997963,17.35854912,7.185350895,5.336576939,0.416186392,101.2722626,3.666191578,5.003883839,233.5246277,234.6888885,11.78172493,67.68229675,Winter,0
2/5/2029,11.64054203,17.41356277,7.206608772,5.343775749,0.413666278,101.2660599,3.665340662,5.002882004,232.8148193,233.9528503,11.83162403,67.57804871,Winter,0
2/6/2029,11.68449211,17.47197533,7.230918884,5.352066994,0.411422282,101.2602844,3.66459465,5.001960754,232.0662842,233.1822357,11.88500595,67.47297668,Winter,0
2/7/2029,11.73160744,17.53369522,7.258275986,5.361427784,0.409480274,101.2549286,3.663941622,5.001103401,231.2804871,232.3788147,11.94179916,67.36724091,Winter,0
2/8/2029,11.78182697,17.59861946,7.288659573,5.371831417,0.407863826,101.25,3.66336894,5.000294685,230.4590302,231.5444641,12.0019207,67.26104736,Winter,0
2/9/2029,11.83508682,17.66664124,7.32204771,5.383246422,0.406593442,101.2454834,3.662863493,4.999516487,229.6037292,230.6811676,12.06527328,67.1545639,Winter,0
2/10/2029,11.89130783,17.73763657,7.358397484,5.395638466,0.405686677,101.2413712,3.662412167,4.99875164,228.7165222,229.791153,12.13175011,67.047966,Winter,0
2/11/2029,11.95040417,17.81147385,7.397663593,5.408973694,0.405157804,101.237648,3.662000179,4.997982025,227.7995453,228.8765717,12.20124054,66.94140625,Winter,0
2/12/2029,12.01228714,17.88801575,7.439789772,5.423212051,0.405017495,101.2342911,3.661613703,4.997189522,226.8549652,227.9397583,12.27362442,66.83506012,Winter,0
2/13/2029,12.07684517,17.9671154,7.484707355,5.438314438,0.405272841,101.2312851,3.661237955,4.996355057,225.8851318,226.9830627,12.34877491,66.72906494,Winter,0
2/14/2029,12.14397812,18.04862404,7.532343388,5.454240799,0.405927122,101.2285995,3.66085887,4.99546051,224.892334,226.0087738,12.42655754,66.62356567,Winter,0
2/15/2029,12.21356773,18.13238907,7.582614899,5.470950603,0.40697968,101.2261963,3.660462379,4.994486809,223.8790283,225.0192108,12.50683594,66.51869202,Winter,0
2/16/2029,12.28549576,18.218256,7.635433674,5.488400459,0.408425957,101.2240524,3.66003418,4.993416786,222.8475494,224.0166321,12.58947372,66.41456604,Winter,0
2/17/2029,12.35963821,18.30607033,7.69070673,5.506552696,0.410257399,101.2221298,3.659561396,4.992233753,221.8003082,223.0032196,12.67432785,66.31130219,Winter,0
2/18/2029,12.43587685,18.39567375,7.748329639,5.525364876,0.4124614,101.2203903,3.659031868,4.990921021,220.7395935,221.9810944,12.76126194,66.208992,Winter,0
2/19/2029,12.51407814,18.4869175,7.808202267,5.544800282,0.415021628,101.2187958,3.658433914,4.989464283,219.6676025,220.9522095,12.85013008,66.10772705,Winter,0
2/20/2029,12.59411812,18.57965088,7.870216846,5.56482029,0.417917818,101.2173004,3.657756567,4.987850189,218.5865936,219.9183807,12.94079876,66.00758362,Winter,0
2/21/2029,12.67587662,18.67373276,7.934262753,5.585391998,0.421126127,101.2158661,3.656991005,4.986064434,217.4985046,218.8813171,13.03313541,65.90861511,Winter,0
2/22/2029,12.75922394,18.76902199,8.000231743,5.606479645,0.424619198,101.214447,3.656128883,4.984098434,216.4052734,217.8424683,13.12700653,65.81088257,Winter,0
2/23/2029,12.84403992,18.86539078,8.068009377,5.628055573,0.428366512,101.2130051,3.655163765,4.981941223,215.3086548,216.8032074,13.22229004,65.71440125,Winter,0
2/24/2029,12.93021011,18.96271706,8.137486458,5.650091171,0.432334453,101.2114944,3.654090166,4.979587555,214.2102051,215.7646484,13.31886482,65.61921692,Winter,0
2/25/2029,13.01762199,19.06088448,8.208552361,5.672562599,0.436486721,101.2098694,3.65290451,4.977031231,213.1113739,214.7276917,13.41662598,65.52531433,Winter,0
2/26/2029,13.10616302,19.15979004,8.281097412,5.695446491,0.440784574,101.2080917,3.651605129,4.97426939,212.0133514,213.6930542,13.51546478,65.43270874,Winter,0
2/27/2029,13.19573593,19.25934029,8.355020523,5.718726158,0.44518736,101.2061234,3.650191545,4.971301079,210.9171753,212.6612244,13.61528969,65.341362,Winter,0
2/28/2029,13.28624153,19.35945129,8.430216789,5.742386818,0.449652672,101.2039185,3.648665667,4.968127251,209.8236542,211.6325073,13.71601105,65.25125122,Winter,0
3/1/2029,13.37759399,19.46005249,8.506588936,5.766414642,0.45413667,101.2014389,3.647030592,4.964752197,208.7334137,210.6069641,13.81755638,65.16233063,Spring,1
3/2/2029,13.4697113,19.56107712,8.58404541,5.790800095,0.458594859,101.1986618,3.645291567,4.961181164,207.6469116,209.5844879,13.91985893,65.07453918,Spring,1
3/3/2029,13.56252289,19.66248131,8.662499428,5.815538883,0.462982148,101.195549,3.643456221,4.95742321,206.5643616,208.564743,14.02285957,64.98780823,Spring,1
3/4/2029,13.65596008,19.76422119,8.741865158,5.840626717,0.467253417,101.1920776,3.641532898,4.953486443,205.4858246,207.5472717,14.12650681,64.90205383,Spring,1
3/5/2029,13.74996567,19.86627007,8.822071075,5.866063118,0.471364051,101.1882095,3.639532089,4.949384689,204.4111938,206.5313873,14.23077011,64.81719208,Spring,1
3/6/2029,13.84449005,19.96860695,8.903047562,5.891849518,0.475270033,101.1839294,3.637465954,4.945133686,203.3400879,205.5163116,14.33561897,64.73310852,Spring,1
3/7/2029,13.93949127,20.07122421,8.984729767,5.917990208,0.478928924,101.1792221,3.635348558,4.940747738,202.2721558,204.5010529,14.4410305,64.64971161,Spring,1
3/8/2029,14.034935,20.17412186,9.067060471,5.944491386,0.482299685,101.1740723,3.633195639,4.936247349,201.2067261,203.4845581,14.54699516,64.56686401,Spring,1
3/9/2029,14.13079453,20.27730942,9.149991989,5.971359253,0.485343605,101.1684723,3.631022453,4.931651592,200.1430969,202.4657288,14.65351105,64.48444366,Spring,1
3/10/2029,14.22705078,20.38080215,9.233478546,5.998602867,0.488024384,101.1624069,3.628846884,4.926982403,199.0804596,201.4432831,14.76058578,64.40232849,Spring,1
3/11/2029,14.32369232,20.48462105,9.317483902,6.026233196,0.490308434,101.1558838,3.626688719,4.922263145,198.017868,200.4159546,14.8682251,64.32038879,Spring,1
3/12/2029,14.42070961,20.58879662,9.401979446,6.0542593,0.492165595,101.1488953,3.624566793,4.917518616,196.9543915,199.3824921,14.97644997,64.23847198,Spring,1
3/13/2029,14.51810265,20.69335938,9.486940384,6.082692146,0.493569076,101.1414566,3.62250185,4.912774086,195.8889923,198.3415527,15.08528137,64.15644836,Spring,1
3/14/2029,14.61587524,20.79834938,9.572347641,6.111542225,0.494495988,101.1335754,3.620514631,4.908055305,194.8206024,197.2918549,15.19474602,64.07417297,Spring,1
3/15/2029,14.71403503,20.90379906,9.658189774,6.14081955,0.494927466,101.125267,3.618626356,4.903389454,193.7482147,196.232193,15.30487633,63.99150085,Spring,1
3/16/2029,14.81259346,21.00975609,9.744457245,6.17053318,0.494848847,101.1165466,3.616858244,4.898803234,192.6707458,195.1614227,15.41570282,63.90831757,Spring,1
3/17/2029,14.91156769,21.1162529,9.831149101,6.200692654,0.49425,101.1074371,3.615231514,4.894324303,191.5872498,194.0784302,15.52725792,63.82447052,Spring,1
3/18/2029,15.01096916,21.22333336,9.918262482,6.231304169,0.493125319,101.0979691,3.61376667,4.889978886,190.4967651,192.982254,15.63958168,63.73984528,Spring,1
3/19/2029,15.11082268,21.33102989,10.00580597,6.262373924,0.491473734,101.0881653,3.612484217,4.885792732,189.3984375,191.8721008,15.75270271,63.65431213,Spring,1
3/20/2029,15.2111454,21.43938446,10.09378719,6.293905735,0.489299178,101.0780563,3.611403942,4.881793022,188.2915497,190.7472534,15.86665916,63.56775665,Spring,1
3/21/2029,15.3119545,21.54841995,10.1822176,6.325901985,0.486609787,101.067688,3.610543966,4.87800312,187.1753845,189.607193,15.98147202,63.48008347,Spring,1
3/22/2029,15.41327095,21.65816307,10.27110767,6.358361721,0.483418703,101.0570908,3.609921455,4.874446869,186.0494995,188.4515991,16.09717751,63.39118958,Spring,1
3/23/2029,15.51511383,21.76863289,10.36047268,6.391283035,0.479743451,101.0463028,3.60955286,4.871144772,184.9134521,187.2802734,16.21379471,63.30099487,Spring,1
3/24/2029,15.61749458,21.87984467,10.45032978,6.424661636,0.475605816,101.0353699,3.609452009,4.868118286,183.7670593,186.0932617,16.3313446,63.20942688,Spring,1
3/25/2029,15.72042847,21.99180222,10.54069138,6.458490849,0.471031934,101.0243301,3.609632015,4.865384579,182.610199,184.8908081,16.44983673,63.11642456,Spring,1
3/26/2029,15.82393074,22.10450363,10.63157845,6.492760658,0.466051757,101.0132446,3.610103369,4.862959385,181.4430084,183.6733704,16.56928635,63.02193832,Spring,1
3/27/2029,15.9280014,22.21794128,10.72300529,6.527460575,0.460698962,101.0021362,3.610874891,4.86085701,180.2657013,182.4415283,16.68968582,62.9259491,Spring,1
3/28/2029,16.03264999,22.33209991,10.81498528,6.562576294,0.455010504,100.991066,3.611952305,4.859086037,179.0787354,181.1961975,16.81103706,62.82843018,Spring,1
3/29/2029,16.13787842,22.44694901,10.90753651,6.598092079,0.449026465,100.980072,3.613340139,4.857656479,177.8826904,179.9383545,16.93332291,62.72937775,Spring,1
3/30/2029,16.24367332,22.56245613,11.00066948,6.633990288,0.442789376,100.9692154,3.615040541,4.856573105,176.6783447,178.6692657,17.05653,62.62881088,Spring,1
3/31/2029,16.35003662,22.67858315,11.09439373,6.670251846,0.436344177,100.9585266,3.617052078,4.855836868,175.4665833,177.3903351,17.18062973,62.52674866,Spring,1
4/1/2029,16.45694923,22.79527473,11.18872261,6.706856251,0.429737478,100.9480515,3.619370699,4.855447769,174.2484741,176.1031342,17.30558968,62.42324066,Spring,1
4/2/2029,16.56440163,22.91248131,11.28366184,6.74378109,0.423017114,100.9378357,3.621991634,4.855401039,173.0252686,174.8093872,17.43137169,62.31833649,Spring,1
4/3/2029,16.6723671,23.03013229,11.3792181,6.781004429,0.41623196,100.9279327,3.624905109,4.855690956,171.798233,173.5109406,17.55792809,62.21211624,Spring,1
4/4/2029,16.78082657,23.14816666,11.47539139,6.818501472,0.409431159,100.9183655,3.62810111,4.856305599,170.5688324,172.2097778,17.68521118,62.10465622,Spring,1
4/5/2029,16.88974762,23.26650429,11.57218361,6.856250763,0.402663827,100.9091797,3.631565094,4.857232094,169.3386078,170.9079285,17.81315994,61.99605179,Spring,1
4/6/2029,16.99910545,23.38506699,11.66959476,6.894226074,0.395978391,100.9004135,3.635280609,4.858453751,168.1091614,169.6075592,17.94171715,61.88641739,Spring,1
4/7/2029,17.10886192,23.50377464,11.76762009,6.932406425,0.389422119,100.8920975,3.639229774,4.859950542,166.8821716,168.3108368,18.07081032,61.77586746,Spring,1
4/8/2029,17.2189846,23.62253761,11.86625576,6.970769405,0.383040994,100.8842621,3.643391371,4.861701012,165.6593018,167.019928,18.20037651,61.66453171,Spring,1
4/9/2029,17.32943726,23.74127579,11.9654932,7.009294033,0.376878709,100.8769302,3.647742271,4.863679886,164.442337,165.7370605,18.33034325,61.55254745,Spring,1
4/10/2029,17.44017792,23.85989761,12.06532383,7.047959805,0.370976686,100.8701248,3.652257681,4.865858078,163.2329254,164.4643707,18.46063423,61.44005966,Spring,1
4/11/2029,17.55117607,23.97832298,12.16573811,7.086750984,0.365373194,100.8638763,3.656910181,4.868206024,162.0327911,163.2039642,18.59117317,61.3272171,Spring,1
4/12/2029,17.66238213,24.09646797,12.26672745,7.125650883,0.360103428,100.8582001,3.661672115,4.870692253,160.8435364,161.9578705,18.7218914,61.21416473,Spring,1
4/13/2029,17.77376938,24.21424675,12.36827946,7.16464901,0.35519889,100.8531036,3.666512728,4.873282433,159.6667328,160.7279968,18.85271454,61.1010704,Spring,1
4/14/2029,17.88529396,24.33159447,12.47038269,7.203733444,0.350687087,100.8485947,3.671401024,4.875940323,158.5038147,159.5161133,18.98357201,60.98807526,Spring,1
4/15/2029,17.99692917,24.44843292,12.5730257,7.242898464,0.346591264,100.8446808,3.676304817,4.878628731,157.3561859,158.3238831,19.11439133,60.87534332,Spring,1
4/16/2029,18.10864067,24.56470871,12.67619705,7.282141209,0.342930019,100.8413773,3.681191683,4.881308556,156.2250214,157.15271,19.24511719,60.76301575,Spring,1
4/17/2029,18.22040176,24.6803627,12.77989006,7.321460724,0.339717239,100.8386688,3.686027765,4.883942604,155.1113586,156.0038757,19.37568665,60.65124893,Spring,1
4/18/2029,18.33219528,24.79535484,12.88409615,7.360861778,0.336962104,100.8365479,3.690779686,4.886488914,154.0161285,154.8784027,19.5060482,60.54016495,Spring,1
4/19/2029,18.44399452,24.90964508,12.98880577,7.400351048,0.334668577,100.835022,3.695414305,4.888910294,152.9400177,153.7771454,19.63615608,60.42991257,Spring,1
4/20/2029,18.55579567,25.02321625,13.09401703,7.439940929,0.332835555,100.8340759,3.699898243,4.89116478,151.8835449,152.7006226,19.76597404,60.32059479,Spring,1
4/21/2029,18.66758728,25.13605309,13.19972801,7.479646206,0.33145687,100.8336945,3.704198599,4.893214703,150.8470154,151.6492157,19.89547348,60.21232224,Spring,1
4/22/2029,18.77937317,25.24815559,13.30593777,7.519484997,0.330521286,100.8338547,3.70828414,4.895020485,149.8305054,150.6229553,20.0246315,60.10519028,Spring,1
4/23/2029,18.89115524,25.35954285,13.41265011,7.55948019,0.33001256,100.8345413,3.712123632,4.896545887,148.8339233,149.6216583,20.15344048,59.99928284,Spring,1
4/24/2029,19.00295067,25.47023582,13.51987076,7.599658489,0.329909712,100.8357315,3.715688229,4.897755146,147.8568878,148.6448822,20.28189468,59.89465332,Spring,1
4/25/2029,19.11478043,25.5802784,13.62761211,7.640047073,0.330186933,100.83741,3.718950033,4.898612976,146.8988342,147.6918793,20.41000938,59.79135132,Spring,1
4/26/2029,19.22666931,25.68972015,13.73588371,7.680679321,0.330814123,100.8395309,3.721883774,4.89908886,145.9589996,146.7617035,20.53780365,59.68940353,Spring,1
4/27/2029,19.33865547,25.79863358,13.84470463,7.721590042,0.33175686,100.8420868,3.724465132,4.899151802,145.0363922,145.8531189,20.66530418,59.58881378,Spring,1
4/28/2029,19.45077896,25.90709305,13.95409298,7.762815952,0.332977116,100.8450394,3.726672173,4.898776054,144.1297913,144.9646759,20.79255486,59.48957062,Spring,1
4/29/2029,19.56309319,26.01519394,14.06407642,7.804396152,0.334433138,100.8483505,3.7284863,4.897934914,143.2378235,144.0947113,20.91960907,59.39163589,Spring,1
4/30/2029,19.67564583,26.12303925,14.1746769,7.846370697,0.336080164,100.852005,3.729890823,4.896608353,142.3589172,143.241333,21.04652405,59.29495239,Spring,1
5/1/2029,19.78850746,26.23074913,14.28592587,7.888781548,0.337870747,100.8559494,3.730871677,4.894777298,141.4913483,142.4024811,21.17337418,59.19945145,Spring,1
5/2/2029,19.90174294,26.33844566,14.39785671,7.931670189,0.339755267,100.8601685,3.731417179,4.892426968,140.6332703,141.5759125,21.30023575,59.10503387,Spring,1
5/3/2029,20.01542282,26.44626617,14.51050282,7.97507906,0.341682315,100.864624,3.731519461,4.889545441,139.7826843,140.7593079,21.42720222,59.01156616,Spring,1
5/4/2029,20.12963104,26.55435371,14.62390232,8.019050598,0.343599141,100.869278,3.731173515,4.886123657,138.9375153,139.9501495,21.55436897,58.91892242,Spring,1
5/5/2029,20.24444389,26.66286278,14.73809528,8.063622475,0.345452309,100.8740997,3.730375528,4.882157803,138.0955658,139.1459198,21.68183517,58.82693481,Spring,1
5/6/2029,20.35994911,26.77194977,14.8531208,8.10883522,0.347188145,100.8790512,3.729127169,4.877645969,137.2546844,138.3439941,21.80970955,58.73542786,Spring,1
5/7/2029,20.47623444,26.88177109,14.96901798,8.154724121,0.348753214,100.8841171,3.72743082,4.872591972,136.4126434,137.5417633,21.93811035,58.64420319,Spring,1
5/8/2029,20.5933876,26.9924984,15.0858326,8.201325417,0.350094855,100.8892441,3.725293636,4.866999626,135.567215,136.7365875,22.06715012,58.55304337,Spring,1
5/9/2029,20.71149445,27.10429192,15.20359993,8.24866581,0.351161778,100.8944244,3.722723961,4.860879898,134.716217,135.9259338,22.1969471,58.4617157,Spring,1
5/10/2029,20.83064842,27.21731567,15.32236576,8.296773911,0.351904333,100.8996124,3.719733953,4.854245186,133.8575592,135.1072845,22.32762527,58.36998749,Spring,1
5/11/2029,20.95093155,27.33173752,15.44216442,8.3456707,0.352275312,100.9047928,3.716337681,4.847110748,132.9892273,134.2782593,22.45930099,58.27759933,Spring,1
5/12/2029,21.07243156,27.44770622,15.5630331,8.395374298,0.352230221,100.909935,3.712552309,4.839496613,132.1093292,133.4366302,22.59209251,58.1842804,Spring,1
5/13/2029,21.19522858,27.56538582,15.68500614,8.445895195,0.351727575,100.9150162,3.708396196,4.831423759,131.2161407,132.5803223,22.72611618,58.08975601,Spring,1
5/14/2029,21.31939125,27.68490982,15.80811024,8.49724102,0.350729674,100.9200134,3.703890324,4.822916985,130.3080902,131.7074432,22.86147881,57.99375534,Spring,1
5/15/2029,21.44499969,27.80642509,15.93237209,8.549411774,0.349202603,100.9249115,3.699057817,4.814003944,129.3838501,130.8163605,22.99829102,57.89599228,Spring,1
5/16/2029,21.57210541,27.9300499,16.05781174,8.602402687,0.347116858,100.9296875,3.693922758,4.804712296,128.4422455,129.9056702,23.13664627,57.79618454,Spring,1
5/17/2029,21.70077133,28.05590248,16.18444443,8.656198502,0.344447404,100.9343262,3.688511372,4.79507494,127.48246,128.9742737,23.27663803,57.69404602,Spring,1
5/18/2029,21.83103561,28.18407631,16.31227684,8.710783005,0.341174036,100.9388123,3.682850122,4.785122871,126.5038147,128.0213318,23.41833878,57.58929825,Spring,1
5/19/2029,21.96294212,28.31466293,16.44131279,8.766126633,0.337281644,100.9431381,3.676966667,4.774891376,125.5060043,127.0463715,23.56182098,57.48167038,Spring,1
5/20/2029,22.09650993,28.44772911,16.57154465,8.822200775,0.332760215,100.9472885,3.670889854,4.764413357,124.489006,126.0491791,23.70714188,57.37090683,Spring,1
5/21/2029,22.23175812,28.58332062,16.70295906,8.878961563,0.327605098,100.9512558,3.664648294,4.753726006,123.4531021,125.0299301,23.85434723,57.25675201,Spring,1
5/22/2029,22.36868668,28.72147942,16.83553696,8.936367035,0.321816772,100.95504,3.658269882,4.742864609,122.3988571,123.9891357,24.00346375,57.13896179,Spring,1
5/23/2029,22.50728607,28.86221504,16.96924591,8.994361877,0.315401286,100.9586334,3.651783705,4.731863499,121.3272095,122.9276657,24.15450859,57.01732635,Spring,1
5/24/2029,22.64753723,29.00552177,17.10404778,9.05288887,0.308369905,100.9620285,3.645217657,4.720759869,120.2393417,121.8467178,24.30748367,56.89163971,Spring,1
5/25/2029,22.7894001,29.15137482,17.23989868,9.111881256,0.30073902,100.9652252,3.63859868,4.709587097,119.1368408,120.7478638,24.46237183,56.76171875,Spring,1
5/26/2029,22.932827,29.2997303,17.37673759,9.171269417,0.29253003,100.9682236,3.631952524,4.698379517,118.0215454,119.6330185,24.61914635,56.62740707,Spring,1
5/27/2029,23.07775879,29.45052147,17.51450157,9.230978966,0.28376928,100.9710312,3.625304461,4.687168121,116.8956146,118.5044022,24.77775574,56.48858261,Spring,1
5/28/2029,23.22411919,29.60365868,17.65311623,9.290929794,0.274487674,100.9736481,3.618677378,4.675984383,115.7615051,117.3645554,24.93813896,56.34511948,Spring,1
5/29/2029,23.37181664,29.75903893,17.79249763,9.351037025,0.26472044,100.9760666,3.61209321,4.664857864,114.6219254,116.2163467,25.10021591,56.19696045,Spring,1
5/30/2029,23.52075577,29.91653824,17.93255234,9.411212921,0.254506707,100.9783096,3.60557127,4.653812408,113.4798737,115.0628891,25.26389122,56.04404449,Spring,1
5/31/2029,23.67081833,30.07600594,18.07318306,9.471370697,0.243889302,100.9803696,3.599129438,4.642875195,112.338501,113.9075623,25.42905045,55.88636017,Spring,1
6/1/2029,23.82188225,30.23728561,18.21428299,9.531414986,0.232914284,100.982254,3.592782736,4.632065296,111.2012634,112.7539368,25.59557343,55.72391891,Summer,2
6/2/2029,23.9738102,30.40019226,18.35573578,9.591255188,0.221630499,100.9839706,3.586544752,4.621403217,110.0716934,111.6058426,25.76331902,55.55677795,Summer,2
6/3/2029,24.12645531,30.56453514,18.49741745,9.65079689,0.210089192,100.9855347,3.580425501,4.61090374,108.9535599,110.4671936,25.93212891,55.38501358,Summer,2
6/4/2029,24.27966118,30.73010063,18.63920212,9.709945679,0.198343366,100.9869385,3.574432373,4.600580215,107.8506775,109.3420563,26.10183716,55.20874405,Summer,2
6/5/2029,24.43326187,30.89666557,18.78095627,9.768612862,0.18644768,100.9881973,3.568572283,4.590441704,106.7669449,108.2346039,26.27226448,55.02811432,Summer,2
6/6/2029,24.58708763,31.06399727,18.92254066,9.826704979,0.174457431,100.9893188,3.562846661,4.580494881,105.7063675,107.1490326,26.44322586,54.84331131,Summer,2
6/7/2029,24.74095535,31.23185158,19.06381607,9.884138107,0.162428468,100.990303,3.557256222,4.570743561,104.6728516,106.0895386,26.61452103,54.65454483,Summer,2
6/8/2029,24.89468384,31.39997101,19.20463181,9.940826416,0.150416568,100.9911652,3.55179882,4.561187744,103.670372,105.0602875,26.78594017,54.46207047,Summer,2
6/9/2029,25.04808426,31.56810188,19.34484863,9.996692657,0.138476938,100.9919128,3.546469212,4.55182457,102.7027359,104.0654297,26.95727539,54.26616669,Summer,2
6/10/2029,25.20096207,31.73597717,19.48431206,10.05166245,0.12666361,100.9925385,3.541260481,4.542646408,101.7736969,103.1088715,27.12830925,54.06713104,Summer,2
6/11/2029,25.35313034,31.90332985,19.62287712,10.10566711,0.115029171,100.9930573,3.536162853,4.533646584,100.8868713,102.1945038,27.29881668,53.86531067,Summer,2
6/12/2029,25.50438881,32.0698967,19.76039696,10.15864563,0.103624366,100.9934769,3.531164885,4.524811745,100.0456772,101.3259125,27.46857452,53.66107178,Summer,2
6/13/2029,25.65454865,32.23540497,19.89672279,10.21054459,0.092497207,100.9937897,3.526252508,4.516127586,99.25325012,100.5065231,27.63735962,53.45479584,Summer,2
6/14/2029,25.80342293,32.3996048,20.03171539,10.26131725,0.081693217,100.9940186,3.521410704,4.507577896,98.51256561,99.73947144,27.80495262,53.24690628,Summer,2
6/15/2029,25.95082092,32.56222534,20.16523552,10.31092548,0.071254656,100.9941483,3.516622305,4.4991436,97.82628632,99.02755737,27.97112846,53.03783417,Summer,2
6/16/2029,26.09656334,32.72302246,20.29714775,10.35933685,0.061220236,100.9941864,3.511869192,4.490803719,97.19668579,98.37329865,28.13567352,52.82802582,Summer,2
6/17/2029,26.24047279,32.88175583,20.4273243,10.40653515,0.051625036,100.994133,3.5071311,4.482535362,96.62580872,97.77883148,28.29837799,52.61795044,Summer,2
6/18/2029,26.38238335,33.03818893,20.55564499,10.45250702,0.042500023,100.9940033,3.502388477,4.474315643,96.11525726,97.24589539,28.45903778,52.40810776,Summer,2
6/19/2029,26.52213669,33.19210434,20.68199158,10.4972496,0.033871844,100.993782,3.497619867,4.466117859,95.66623688,96.77581787,28.61745453,52.19896698,Summer,2
6/20/2029,26.65957642,33.34329224,20.80625725,10.54077148,0.025763046,100.9934692,3.492804289,4.457918167,95.27960968,96.36952972,28.77344894,51.99105072,Summer,2
6/21/2029,26.79456711,33.4915657,20.92835045,10.58308983,0.018191539,100.9930801,3.487920284,4.449689865,94.95574951,96.0275116,28.92683983,51.78485489,Summer,2
6/22/2029,26.92697716,33.63673782,21.0481739,10.62423038,0.011170692,100.9925995,3.482946634,4.441407204,94.69464874,95.74976349,29.07745934,51.58088684,Summer,2
6/23/2029,27.0566864,33.77865601,21.16565514,10.66423035,0.004709337,100.9920273,3.477863312,4.433044434,94.49582672,95.53588104,29.22516441,51.37966919,Summer,2
6/24/2029,27.18359184,33.91717148,21.28071976,10.70313454,-0.001188202,100.9913712,3.47265029,4.424576283,94.35843658,95.38497925,29.36981201,51.18170166,Summer,2
6/25/2029,27.3075943,34.05215454,21.39331436,10.74099541,-0.006521803,100.9906235,3.467288971,4.415978909,94.2811203,95.29570007,29.51127815,50.98748016,Summer,2
6/26/2029,27.42861176,34.18349457,21.50338554,10.77787399,-0.011295943,100.9897766,3.461761951,4.407229424,94.26213837,95.26630402,29.64944839,50.79751205,Summer,2
6/27/2029,27.54658127,34.31110382,21.61090088,10.81384277,-0.01551883,100.9888458,3.456053495,4.3983078,94.29933929,95.29455566,29.78423119,50.61226654,Summer,2
6/28/2029,27.6614418,34.43490601,21.71582985,10.84897518,-0.019202996,100.9878159,3.450149536,4.389194489,94.39012146,95.37784576,29.91553879,50.43221283,Summer,2
6/29/2029,27.77315712,34.55484772,21.81816101,10.88335419,-0.022364113,100.9866867,3.44403863,4.379871845,94.53158569,95.51316833,30.04330635,50.25782013,Summer,2
6/30/2029,27.88168335,34.67088318,21.91788483,10.91706944,-0.025021212,100.985466,3.437710762,4.370326996,94.72039795,95.69715118,30.16747665,50.08950806,Summer,2
7/1/2029,27.98701286,34.78299332,22.01500511,10.95021248,-0.027196525,100.9841461,3.431159496,4.360548019,94.95297241,95.92606354,30.28801346,49.92770386,Summer,2
7/2/2029,28.0891304,34.8911705,22.10953712,10.98287868,-0.028914742,100.9827271,3.424379826,4.35052681,95.22537994,96.19589233,30.40488625,49.772789,Summer,2
7/3/2029,28.18804169,34.99541855,22.20150375,11.01517105,-0.030202666,100.9812164,3.417369604,4.340257645,95.53341675,96.50235748,30.51808167,49.62514496,Summer,2
7/4/2029,28.28376198,35.09576797,22.29093361,11.04718971,-0.031088779,100.9796066,3.410130024,4.329738617,95.87269592,96.84091949,30.62759781,49.48512268,Summer,2
7/5/2029,28.37631035,35.1922493,22.37787056,11.07903671,-0.03160312,100.9778976,3.402665377,4.318972588,96.23862457,97.20687866,30.73344421,49.35302734,Summer,2
7/6/2029,28.46571922,35.28489685,22.46235657,11.11081505,-0.031776384,100.9761047,3.3949821,4.307963371,96.62644958,97.59539795,30.83563423,49.22916794,Summer,2
7/7/2029,28.55202103,35.37377548,22.54443932,11.14262581,-0.031639878,100.9742126,3.387090206,4.296720028,97.03132629,98.0014801,30.93420029,49.11380386,Summer,2
7/8/2029,28.63527107,35.45894241,22.62418365,11.17456913,-0.031224821,100.9722443,3.379002571,4.285255432,97.44838715,98.42015076,31.0291748,49.00716782,Summer,2
7/9/2029,28.71550751,35.54047394,22.70164299,11.20673943,-0.030561812,100.970192,3.370734215,4.273586273,97.87268829,98.84638214,31.12060165,48.90948105,Summer,2
7/10/2029,28.79278564,35.61843109,22.77688789,11.23923016,-0.02968055,100.9680634,3.362304449,4.261731625,98.29938507,99.27519989,31.20852661,48.82091522,Summer,2
7/11/2029,28.86716461,35.69290161,22.84997749,11.27212715,-0.028609512,100.9658661,3.353734016,4.249715328,98.72364807,99.7016983,31.29299736,48.74163055,Summer,2
7/12/2029,28.938694,35.76395416,22.92098427,11.30551147,-0.027375197,100.9636154,3.345046997,4.237563133,99.14086151,100.12117,31.37406731,48.67174149,Summer,2
7/13/2029,29.00743484,35.83166885,22.98996735,11.3394556,-0.026002103,100.9613037,3.336269379,4.225305557,99.54649353,100.5289917,31.45178986,48.61135101,Summer,2
7/14/2029,29.07343674,35.89611816,23.05699539,11.3740263,-0.024511876,100.9589462,3.327430487,4.212976456,99.93628693,100.9208603,31.5262146,48.56052017,Summer,2
7/15/2029,29.1367569,35.95737457,23.12213135,11.40928078,-0.022923483,100.9565582,3.3185606,4.200610161,100.3062057,101.2926712,31.59739685,48.51930618,Summer,2
7/16/2029,29.1974411,36.01549911,23.18543243,11.44526577,-0.021252686,100.9541397,3.309691429,4.188246727,100.6525574,101.6406937,31.66538048,48.48771667,Summer,2
7/17/2029,29.25553322,36.07054901,23.24695015,11.48201942,-0.019511646,100.9517136,3.300858021,4.175925255,100.9719162,101.9614792,31.73020363,48.46575165,Summer,2
7/18/2029,29.3110733,36.12257385,23.30674171,11.51956844,-0.017708974,100.9492798,3.292095661,4.16368866,101.2612915,102.2519989,31.79190826,48.45337677,Summer,2
7/19/2029,29.36408806,36.17160797,23.36483955,11.55792809,-0.015849246,100.9468536,3.283439875,4.151582718,101.5180435,102.5096283,31.85052299,48.45054626,Summer,2
7/20/2029,29.41459846,36.21768188,23.42128563,11.59710503,-0.013933172,100.9444504,3.274927855,4.139651299,101.7400055,102.7322006,31.90606308,48.45719147,Summer,2
7/21/2029,29.46262169,36.26080704,23.47610092,11.63709164,-0.011957364,100.9420853,3.266597033,4.127941608,101.9253998,102.9179688,31.95854378,48.47323227,Summer,2
7/22/2029,29.50816154,36.30098724,23.52930832,11.67786789,-0.009914174,100.9397583,3.258485079,4.116500378,102.0729828,103.0656509,32.00796509,48.49856186,Summer,2
7/23/2029,29.5512104,36.33820724,23.58091354,11.71940422,-0.007791909,100.9374924,3.25062871,4.10537529,102.1819382,103.1745987,32.05432129,48.53307343,Summer,2
7/24/2029,29.59175491,36.37244415,23.63091278,11.76165867,-0.005574774,100.9352951,3.243064642,4.094612122,102.2519836,103.2444992,32.09758759,48.57662964,Summer,2
7/25/2029,29.62976456,36.40364838,23.67930031,11.80457592,-0.003243146,100.9331894,3.235828638,4.084259033,102.2833252,103.2755966,32.13773346,48.62909317,Summer,2
7/26/2029,29.665205,36.43177414,23.72605324,11.84809208,-0.000773519,100.9311752,3.228954554,4.07435894,102.276619,103.2686844,32.17471695,48.69033051,Summer,2
7/27/2029,29.69802666,36.45674896,23.77113152,11.8921299,0.00186116,100.9292679,3.222475052,4.064957619,102.2330856,103.2250137,32.20848083,48.76016998,Summer,2
7/28/2029,29.7281723,36.47848129,23.8144989,11.93660259,0.00469124,100.9274826,3.216421604,4.056095123,102.1544189,103.1463547,32.23895645,48.83847046,Summer,2
7/29/2029,29.75556374,36.49687958,23.85609818,11.98141384,0.007750086,100.925827,3.210822344,4.047812462,102.0427628,103.034935,32.26606369,48.92507172,Summer,2
7/30/2029,29.78013229,36.51182556,23.89586449,12.02645779,0.011073893,100.9243164,3.205703974,4.040145874,101.9007187,102.8934402,32.289711,49.01979065,Summer,2
7/31/2029,29.80177879,36.5232048,23.93372345,12.07161713,0.014700876,100.9229584,3.201089144,4.033129692,101.7313004,102.7250061,32.30980682,49.12248993,Summer,2
8/1/2029,29.8204155,36.53087616,23.96959496,12.1167717,0.018671365,100.9217606,3.196998596,4.026794434,101.5379791,102.5331345,32.32623291,49.23299408,Summer,2
8/2/2029,29.83592796,36.53469849,24.00337982,12.1617918,0.023027152,100.9207382,3.193449736,4.021166801,101.3245239,102.3217163,32.33887482,49.35114288,Summer,2
8/3/2029,29.84820366,36.53451538,24.03497887,12.20654202,0.027810713,100.9198914,3.19045639,4.016271114,101.0951233,102.0949936,32.34759903,49.47677994,Summer,2
8/4/2029,29.85713196,36.53017426,24.06428528,12.25088406,0.033065427,100.9192276,3.188029051,4.012126923,100.8542023,101.8574219,32.35227585,49.60975647,Summer,2
8/5/2029,29.86258125,36.52151108,24.09118271,12.2946701,0.038834419,100.9187546,3.186174631,4.008748055,100.6064758,101.6138687,32.35277176,49.74991989,Summer,2
8/6/2029,29.86442947,36.508358,24.11555099,12.33775711,0.045160353,100.9184723,3.184895515,4.006145477,100.3568344,101.3692322,32.34893417,49.89712906,Summer,2
8/7/2029,29.86254501,36.49054718,24.13726234,12.37999439,0.052084994,100.918396,3.18419075,4.00432539,100.1104355,101.1286545,32.34062958,50.05124664,Summer,2
8/8/2029,29.85680389,36.46791458,24.15619087,12.42123508,0.059648197,100.9185181,3.18405652,4.0032897,99.87240601,100.8974075,32.32770538,50.21213531,Summer,2
8/9/2029,29.84707451,36.44029236,24.17220306,12.46132851,0.067888252,100.9188461,3.18448329,4.003033638,99.64807129,100.6807556,32.31002045,50.37967682,Summer,2
8/10/2029,29.83323097,36.40752792,24.18517113,12.50013161,0.076840408,100.9193726,3.18545866,4.003549576,99.44271851,100.484024,32.28742981,50.55374527,Summer,2
8/11/2029,29.81515503,36.3694725,24.19496346,12.53749847,0.086537227,100.920105,3.186966419,4.004824638,99.26165009,100.3124847,32.25979614,50.73422623,Summer,2
8/12/2029,29.79272652,36.32598114,24.20144844,12.57328892,0.097007439,100.9210434,3.18898654,4.006841183,99.11000824,100.1713104,32.22699356,50.92100525,Summer,2
8/13/2029,29.76584244,36.27692413,24.2045002,12.60737038,0.108275987,100.9221725,3.191495419,4.009577274,98.99289703,100.0655365,32.18889618,51.11397552,Summer,2
8/14/2029,29.7343998,36.22219467,24.20399857,12.63961315,0.120363452,100.9235077,3.194465876,4.013005257,98.91518402,100.0000153,32.14539337,51.31303406,Summer,2
8/15/2029,29.69830894,36.16168594,24.1998291,12.66989613,0.133285597,100.9250259,3.19786787,4.017096519,98.88157654,99.97932434,32.09638596,51.51808167,Summer,2
8/16/2029,29.65748978,36.09531784,24.19188118,12.69810581,0.147053093,100.9267349,3.201668262,4.021813393,98.89644623,100.0078201,32.04177475,51.72901154,Summer,2
8/17/2029,29.61187744,36.02302933,24.18005371,12.72413349,0.161671162,100.928627,3.205830574,4.027118683,98.96387482,100.0895081,31.98149872,51.94571686,Summer,2
8/18/2029,29.56142998,35.94477844,24.16425705,12.74788666,0.177139491,100.930687,3.210317135,4.032970905,99.08766174,100.2280121,31.91549301,52.16809845,Summer,2
8/19/2029,29.5060997,35.86054611,24.14440727,12.76927853,0.193451807,100.9329224,3.21508646,4.03932333,99.27111816,100.4265976,31.84371376,52.39604568,Summer,2
8/20/2029,29.44587135,35.77033615,24.12044144,12.7882328,0.210595995,100.935318,3.22009635,4.04612875,99.51718903,100.6880875,31.7661438,52.62945175,Summer,2
8/21/2029,29.38074112,35.67417908,24.09229469,12.80468464,0.228553683,100.9378586,3.225302458,4.053336143,99.82839966,101.0148697,31.68277931,52.86818695,Summer,2
8/22/2029,29.31072998,35.57212448,24.0599308,12.81858063,0.247300386,100.9405518,3.230659485,4.060892582,100.2067871,101.408844,31.59363937,53.11212921,Summer,2
8/23/2029,29.23586273,35.4642601,24.02331734,12.82987881,0.266805559,100.9433823,3.236120939,4.068743706,100.6539078,101.8713837,31.49875832,53.36114883,Summer,2
8/24/2029,29.1561985,35.35068893,23.98243713,12.83854866,0.287032515,100.9463348,3.241640091,4.076834679,101.170784,102.40345,31.39819336,53.61509323,Summer,2
8/25/2029,29.07180595,35.23154068,23.93729401,12.84457016,0.307938665,100.9494171,3.24717021,4.085108757,101.757988,103.005394,31.29203796,53.87380981,Summer,2
8/26/2029,28.98277473,35.10697556,23.88790131,12.84793663,0.329475522,100.9525986,3.252664089,4.093507767,102.4155502,103.677124,31.18038368,54.13711548,Summer,2
8/27/2029,28.88921547,34.97718048,23.83428764,12.84865093,0.351589233,100.9558945,3.258076429,4.101977348,103.1429749,104.4180069,31.06336212,54.40483093,Summer,2
8/28/2029,28.79125595,34.84236526,23.7765007,12.84672737,0.374220431,100.9592743,3.263361216,4.110458374,103.9392776,105.2268906,30.94111633,54.67675781,Summer,2
8/29/2029,28.68904495,34.7027626,23.71460342,12.84219265,0.397305101,100.9627533,3.268475056,4.118897438,104.8029861,106.1021652,30.81381607,54.95266724,Summer,2
8/30/2029,28.58273888,34.5586319,23.6486721,12.83508015,0.420774281,100.966301,3.273375511,4.127240658,105.7321243,107.0417404,30.68165016,55.23231888,Summer,2
8/31/2029,28.47252464,34.41025543,23.57879639,12.82543468,0.444555283,100.9699326,3.278023243,4.135435104,106.7242508,108.0430603,30.54482651,55.51546097,Summer,2
9/1/2029,28.35858917,34.25792694,23.50507927,12.81330872,0.468571275,100.9736252,3.282378912,4.14343071,107.776535,109.1031723,30.40356445,55.80182266,Autumn,3
9/2/2029,28.2411499,34.10196304,23.42764282,12.79876328,0.492742598,100.9773788,3.286408186,4.15117979,108.8857117,110.2186813,30.25811386,56.09109116,Autumn,3
9/3/2029,28.12042618,33.94270325,23.34661674,12.78186798,0.516986668,100.9811859,3.290078402,4.158638954,110.0481186,111.3858795,30.10873222,56.3829689,Autumn,3
9/4/2029,27.9966507,33.78049088,23.26214218,12.76269627,0.541218758,100.9850388,3.29336071,4.165766716,111.259819,112.6007233,29.95569038,56.67710876,Autumn,3
9/5/2029,27.87007332,33.61568832,23.17437172,12.74132633,0.565352738,100.988945,3.296228409,4.172525406,112.51651,113.8589172,29.79926872,56.97315598,Autumn,3
9/6/2029,27.74094009,33.44866562,23.08347321,12.71784496,0.589301407,100.9928894,3.29866004,4.178881168,113.8136978,115.1558838,29.6397686,57.27073288,Autumn,3
9/7/2029,27.60951042,33.27979279,22.98960876,12.69233704,0.612977087,100.9968719,3.300637007,4.18480444,115.146637,116.4868546,29.47748756,57.56944656,Autumn,3
9/8/2029,27.4760437,33.10945129,22.8929615,12.66489315,0.636292577,101.000885,3.302144289,4.190270424,116.510437,117.8470078,29.31273842,57.86888504,Autumn,3
9/9/2029,27.3408165,32.93802261,22.79370689,12.63560486,0.65916115,101.0049362,3.303171635,4.195259094,117.9001312,119.2313309,29.14582825,58.16861343,Autumn,3
9/10/2029,27.20408058,32.76588058,22.69203758,12.6045599,0.681497872,101.0090103,3.30371213,4.199753761,119.3106232,120.6348267,28.97707748,58.46819305,Autumn,3
9/11/2029,27.0661068,32.59339905,22.58813286,12.57185173,0.703219593,101.0131149,3.303764343,4.203743935,120.736908,122.0524902,28.80679321,58.76715469,Autumn,3
9/12/2029,26.92715263,32.42094421,22.48218918,12.53756618,0.724245965,101.0172501,3.303328514,4.207222939,122.173912,123.479393,28.63529015,59.06503677,Autumn,3
9/13/2029,26.78746986,32.24886703,22.37439156,12.501791,0.744499564,101.0214005,3.302412271,4.210189819,123.6167297,124.9107132,28.46287155,59.36134338,Autumn,3
9/14/2029,26.64731216,32.07751083,22.26491928,12.46460438,0.763906837,101.025589,3.301024199,4.212647915,125.0605774,126.3417816,28.28983498,59.65558624,Autumn,3
9/15/2029,26.50690842,31.90719795,22.15395355,12.42608643,0.782398462,101.0297928,3.299178839,4.214606285,126.5008316,127.7681351,28.11647034,59.94726944,Autumn,3
9/16/2029,26.36648369,31.73823738,22.04167175,12.38630676,0.799909592,101.0340195,3.296894073,4.216077805,127.933136,129.1855774,27.94304848,60.23588943,Autumn,3
9/17/2029,26.22624969,31.5709095,21.92823982,12.34533119,0.81638068,101.038269,3.294191599,4.21708107,129.3534393,130.5902252,27.7698307,60.52094269,Autumn,3
9/18/2029,26.08640289,31.40547562,21.81381226,12.30321884,0.831757426,101.0425339,3.291096687,4.217637539,130.7579346,131.9784698,27.59706497,60.80191422,Autumn,3
9/19/2029,25.94711685,31.24217224,21.69853973,12.26002121,0.845991671,101.0468292,3.287637472,4.217774868,132.1432343,133.3470764,27.42497444,61.07831573,Autumn,3
9/20/2029,25.8085556,31.08120728,21.58255577,12.2157793,0.859041214,101.0511322,3.28384614,4.217523098,133.5063171,134.6932983,27.25376892,61.34964752,Autumn,3
9/21/2029,25.67085457,30.9227562,21.46598434,12.17052937,0.870870292,101.0554581,3.2797575,4.216917515,134.844574,136.0147247,27.08363152,61.6154213,Autumn,3
9/22/2029,25.53413582,30.76696587,21.34893608,12.1242981,0.881449401,101.0597992,3.275408745,4.215996742,136.1558533,137.3094177,26.91472435,61.87517166,Autumn,3
9/23/2029,25.39849472,30.61395836,21.23150444,12.07710266,0.890756428,101.0641479,3.270839214,4.214800358,137.4384613,138.5759125,26.74719048,62.12842941,Autumn,3
9/24/2029,25.26400375,30.46380806,21.11377144,12.02895164,0.898775339,101.0685043,3.266090631,4.213375092,138.6911926,139.8132477,26.58114243,62.37476349,Autumn,3
9/25/2029,25.13071632,30.31657028,20.99579811,11.97984505,0.905497491,101.0728683,3.261207104,4.211766243,139.9133301,141.0209198,26.41666603,62.61375046,Autumn,3
9/26/2029,24.99865723,30.17225456,20.87763023,11.92977619,0.910920799,101.0772324,3.2562325,4.21002388,141.1046448,142.1989441,26.25382423,62.84498596,Autumn,3
9/27/2029,24.86782837,30.03085136,20.75929832,11.87872505,0.915049911,101.0815964,3.251214027,4.208197594,142.2654114,143.3477783,26.092659,63.06810379,Autumn,3
9/28/2029,24.73821449,29.89230347,20.64081764,11.82666779,0.917896509,101.0859451,3.246197462,4.206341267,143.3964233,144.4684296,25.93317413,63.28276443,Autumn,3
9/29/2029,24.6097641,29.75652885,20.52217865,11.77357101,0.919477999,101.0902786,3.241230726,4.204506874,144.4989166,145.5623474,25.7753582,63.48864746,Autumn,3
9/30/2029,24.48241615,29.62340736,20.40336609,11.7193985,0.919818819,101.0945892,3.236361027,4.202750206,145.5746002,146.631424,25.61916542,63.68547058,Autumn,3
10/1/2029,24.35607719,29.49279594,20.28433609,11.66410065,0.918948829,101.098877,3.231634855,4.201123714,146.6257019,147.6779938,25.46453094,63.87298965,Autumn,3
10/2/2029,24.23064232,29.36451912,20.16503906,11.60762596,0.916903973,101.1031189,3.227098942,4.199682236,147.6547699,148.7048035,25.31136513,64.05099487,Autumn,3
10/3/2029,24.1059742,29.23836899,20.04540253,11.54991913,0.913724899,101.1073151,3.222798824,4.198479652,148.6648102,149.7149811,25.15954971,64.21931458,Autumn,3
10/4/2029,23.98192406,29.11411667,19.92534447,11.49091911,0.909458041,101.1114502,3.218779087,4.197566986,149.6591949,150.7119598,25.00895119,64.37781525,Autumn,3
10/5/2029,23.85832596,28.9915123,19.8047657,11.43056297,0.904153645,101.1155243,3.215082169,4.196996689,150.6416016,151.6995087,24.85941696,64.52641296,Autumn,3
10/6/2029,23.7349987,28.8702774,19.68355751,11.368783,0.897866368,101.1195221,3.211749315,4.196818829,151.6159973,152.6816559,24.71077156,64.66503906,Autumn,3
10/7/2029,23.61174011,28.75012016,19.56159782,11.30551434,0.890654445,101.1234283,3.208819628,4.197079659,152.5866089,153.6626129,24.56281853,64.79370117,Autumn,3
10/8/2029,23.48834419,28.63072968,19.43875504,11.24068928,0.882579029,101.127243,3.206329823,4.197824955,153.5578308,154.6468201,24.4153614,64.91242981,Autumn,3
10/9/2029,23.3645916,28.51178741,19.31488991,11.17424297,0.873704135,101.1309433,3.204313755,4.199097157,154.5342255,155.6387634,24.26817513,65.0213089,Autumn,3
10/10/2029,23.24025536,28.39295959,19.18985748,11.10611057,0.864095986,101.1345291,3.202803373,4.200936317,155.520462,156.6430511,24.12103653,65.12043762,Autumn,3
10/11/2029,23.11510658,28.27391052,19.06350899,11.03623295,0.853821814,101.1379929,3.201827288,4.203377724,156.5212402,157.6642761,23.97371101,65.20999146,Autumn,3
10/12/2029,22.98890495,28.15429688,18.93568611,10.96455288,0.842950642,101.141304,3.201411009,4.206456184,157.5412445,158.7070313,23.82596016,65.29016876,Autumn,3
10/13/2029,22.86141777,28.03377724,18.80623436,10.89102077,0.831551731,101.1444778,3.201577187,4.210199356,158.5851135,159.7757874,23.67753792,65.36120605,Autumn,3
10/14/2029,22.73241043,27.91201401,18.67499542,10.81559277,0.81969434,101.1474915,3.202344179,4.214634895,159.6573944,160.8749237,23.52820587,65.42339325,Autumn,3
10/15/2029,22.60165215,27.78867722,18.54182243,10.73822975,0.807447433,101.1503372,3.203728437,4.219783783,160.7624207,162.0085754,23.37772179,65.47705078,Autumn,3
10/16/2029,22.46891785,27.66344261,18.40656281,10.65890503,0.794879198,101.1530075,3.205742359,4.225664139,161.9043884,163.1806641,23.22585297,65.52250671,Autumn,3
10/17/2029,22.33399582,27.53599739,18.26907158,10.57759762,0.782056272,101.1554947,3.208394289,4.232290268,163.0871735,164.3948669,23.07237244,65.56018066,Autumn,3
10/18/2029,22.19668007,27.40605164,18.12921715,10.49429703,0.769043505,101.1578064,3.211690664,4.23967123,164.3143768,165.65448,22.91706467,65.59046173,Autumn,3
10/19/2029,22.05678177,27.2733326,17.98686981,10.40900612,0.755904078,101.1599197,3.215632915,4.247813225,165.5892181,166.9624481,22.75972557,65.61381531,Autumn,3
10/20/2029,21.91412354,27.13757896,17.84191704,10.32173538,0.742698073,101.1618423,3.220220327,4.256718636,166.9145813,168.3213501,22.60016632,65.63069916,Autumn,3
10/21/2029,21.76855087,26.99856567,17.69425774,10.23250771,0.729483068,101.1635742,3.225447655,4.266384125,168.2928619,169.7332611,22.43821335,65.64161682,Autumn,3
10/22/2029,21.61992455,26.85609055,17.54380226,10.14135742,0.716313362,101.1651154,3.231307983,4.276803017,169.726059,171.1998596,22.27371788,65.64709473,Autumn,3
10/23/2029,21.46812248,26.70997047,17.39048004,10.04833317,0.703240037,101.1664581,3.237789869,4.287966728,171.2156525,172.7223053,22.10654259,65.64763641,Autumn,3
10/24/2029,21.31305695,26.56006813,17.23423576,9.953495026,0.690310538,101.1676254,3.244879961,4.299860477,172.7626343,174.3012085,21.93657875,65.64381409,Autumn,3
10/25/2029,21.15464973,26.40626335,17.07503128,9.856915474,0.677568376,101.168602,3.252561092,4.312466621,174.3674316,175.9367065,21.76373863,65.63617706,Autumn,3
10/26/2029,20.99285889,26.24847984,16.91284943,9.75867939,0.665053368,101.1694107,3.260815144,4.325764656,176.0299835,177.6283722,21.58796501,65.62528992,Autumn,3
10/27/2029,20.82765579,26.0866642,16.74769592,9.658882141,0.652801275,101.1700516,3.269618988,4.339729309,177.7496643,179.3752594,21.40921974,65.61172485,Autumn,3
10/28/2029,20.6590519,25.9208107,16.57958984,9.557636261,0.640843689,101.1705475,3.278949499,4.354334354,179.525238,181.175827,21.22749329,65.59603882,Autumn,3
10/29/2029,20.48707771,25.75094223,16.40857506,9.455059052,0.629208386,101.1709061,3.288780212,4.369549751,181.3549805,183.0280914,21.04280281,65.5788269,Autumn,3
10/30/2029,20.31178856,25.57711029,16.23471832,9.351284981,0.617919207,101.1711426,3.299083233,4.385342598,183.2366333,184.9294128,20.85519791,65.56062317,Autumn,3
10/31/2029,20.13327408,25.39941216,16.05810165,9.246454239,0.606995404,101.1712723,3.30982852,4.401678085,185.1673431,186.87677,20.66474724,65.54199982,Autumn,3
11/1/2029,19.95164108,25.21797371,15.87884045,9.140720367,0.59645319,101.1713181,3.320985317,4.418518066,187.1437988,188.8665466,20.4715538,65.52348328,Autumn,3
11/2/2029,19.76703262,25.03295898,15.69705677,9.034243584,0.586304426,101.1713028,3.332520962,4.435825348,189.1621704,190.8947449,20.27574348,65.50561523,Autumn,3
11/3/2029,19.57960892,24.84455872,15.51290512,8.927193642,0.576557755,101.1712494,3.344402075,4.453557491,191.2182007,192.9568634,20.07746696,65.4888916,Autumn,3
11/4/2029,19.38955879,24.65299797,15.32654953,8.819746017,0.567218423,101.1711807,3.356594324,4.471673965,193.3071442,195.0480652,19.87690735,65.47381592,Autumn,3
11/5/2029,19.19709587,24.45853233,15.1381855,8.712081909,0.558288395,101.1711197,3.369062662,4.490130901,195.4238892,197.1630707,19.674263,65.46083069,Autumn,3
11/6/2029,19.00245285,24.26144409,14.94801331,8.604391098,0.549766839,101.1710968,3.381771564,4.50888443,197.5629578,199.2963562,19.46976089,65.45039368,Autumn,3
11/7/2029,18.80588531,24.06203842,14.75626278,8.496862411,0.541650176,101.1711426,3.394685745,4.527891159,199.7185669,201.4420471,19.26364326,65.44290924,Autumn,3
11/8/2029,18.6076622,23.8606472,14.56317234,8.389690399,0.533932567,101.1712799,3.407769203,4.547105312,201.8846283,203.5940857,19.05617714,65.43876648,Autumn,3
11/9/2029,18.40807724,23.65762329,14.36899376,8.283068657,0.526605964,101.1715469,3.420986891,4.566482544,204.0548859,205.7462158,18.84764481,65.43830872,Autumn,3
11/10/2029,18.20743561,23.45333099,14.17399693,8.177192688,0.519660532,101.1719589,3.434303522,4.585978031,206.2229004,207.8920441,18.63834572,65.44184875,Autumn,3
11/11/2029,18.00605583,23.2481575,13.9784584,8.072255135,0.513084948,101.1725616,3.447684765,4.605546951,208.3820648,210.0251312,18.42858505,65.44968414,Autumn,3
11/12/2029,17.80426598,23.04250145,13.78266716,7.968449116,0.506866515,101.173378,3.46109581,4.625146866,210.5257568,212.1389313,18.21868896,65.46205139,Autumn,3
11/13/2029,17.60240555,22.83676338,13.58691788,7.865959644,0.500991881,101.1744308,3.474504471,4.644732952,212.6473083,214.2270203,18.00898743,65.47917175,Autumn,3
11/14/2029,17.40081406,22.6313591,13.39151287,7.764970779,0.495446682,101.1757584,3.487877607,4.664264202,214.7401428,216.2829437,17.79981232,65.50122833,Autumn,3
11/15/2029,17.19984245,22.42670059,13.19675446,7.665657997,0.490216434,101.1773911,3.501184225,4.683699131,216.7977142,218.3005219,17.59150887,65.5283432,Autumn,3
11/16/2029,16.99983788,22.22320366,13.00294971,7.568190098,0.485286385,101.1793442,3.514394045,4.702998161,218.8136597,220.2735901,17.38441086,65.5606308,Autumn,3
11/17/2029,16.80114746,22.02127457,12.81040573,7.472728252,0.480641872,101.1816483,3.527478695,4.722122192,220.7818146,222.1963806,17.17886543,65.59814453,Autumn,3
11/18/2029,16.60411644,21.82132339,12.61942482,7.379423618,0.476268679,101.1843262,3.540409565,4.741035461,222.6962738,224.0632477,16.97519875,65.64093018,Autumn,3
11/19/2029,16.40908051,21.62373924,12.43030548,7.288416386,0.472153038,101.1874084,3.553160667,4.759701729,224.5513916,225.8690033,16.77374649,65.68897247,Autumn,3
11/20/2029,16.21637154,21.4289093,12.24334049,7.199836731,0.468281895,101.1908951,3.565706968,4.778087616,226.3419189,227.6086884,16.57482338,65.74223328,Autumn,3
11/21/2029,16.02630615,21.23719978,12.05881596,7.113801479,0.464643121,101.1948166,3.578024864,4.796160698,228.062912,229.2778473,16.37874222,65.80062866,Autumn,3
11/22/2029,15.83919334,21.04896164,11.87700462,7.030416012,0.46122545,101.1991882,3.590092182,4.813891411,229.7099152,230.8724518,16.18580055,65.86406708,Autumn,3
11/23/2029,15.65532112,20.86452293,11.69816875,6.949771881,0.458018929,101.20401,3.60188818,4.831250668,231.2788544,232.388855,15.99627304,65.93239594,Autumn,3
11/24/2029,15.47497177,20.68419647,11.52255821,6.871947289,0.455014557,101.2093048,3.613393784,4.848213196,232.7662201,233.8239899,15.81042862,66.00545502,Autumn,3
11/25/2029,15.29839706,20.50826263,11.35040569,6.797005177,0.452204704,101.215065,3.624591112,4.864752769,234.1689453,235.1752319,15.62851334,66.08303833,Autumn,3
11/26/2029,15.12583542,20.33698273,11.1819315,6.72499609,0.449582994,101.2212906,3.635463715,4.880847931,235.4844971,236.440567,15.45075035,66.16493225,Autumn,3
11/27/2029,14.95750809,20.17058945,11.01733017,6.655953407,0.44714421,101.2279892,3.645997047,4.896478653,236.7109222,237.6183929,15.27734566,66.25090027,Autumn,3
11/28/2029,14.79360771,20.00928307,10.85678768,6.58989954,0.44488436,101.2351456,3.656177044,4.911624432,237.846817,238.7077789,15.10847473,66.34065247,Autumn,3
11/29/2029,14.63430405,19.85324097,10.70046329,6.526838303,0.442800701,101.2427597,3.665991783,4.926269054,238.8912811,239.708252,14.94430161,66.43390656,Autumn,3
11/30/2029,14.47974777,19.70260429,10.54849625,6.466763496,0.440891415,101.2508087,3.675430059,4.940397739,239.8439789,240.6199188,14.7849617,66.53036499,Autumn,3
12/1/2029,14.33006287,19.55748749,10.40100574,6.409651756,0.439155847,101.2592773,3.684482813,4.953996181,240.7052307,241.4434052,14.63055992,66.62968445,Winter,0
12/2/2029,14.1853466,19.41797447,10.25809383,6.35546875,0.437593997,101.2681503,3.693141222,4.967053413,241.4757996,242.1799164,14.48118019,66.73155212,Winter,0
12/3/2029,14.04567146,19.28411865,10.11982822,6.30416441,0.436206818,101.2773972,3.701398373,4.979559422,242.1569977,242.8310547,14.33688736,66.83560181,Winter,0
12/4/2029,13.91109276,19.1559391,9.986269951,6.255680084,0.434995621,101.2869949,3.709248543,4.991505623,242.7506561,243.3989563,14.19771385,66.9414978,Winter,0
12/5/2029,13.78162956,19.03343391,9.857446671,6.209941864,0.433962166,101.2969055,3.716686487,5.002885818,243.2591095,243.8862305,14.0636692,67.04885864,Winter,0
12/6/2029,13.65728569,18.91656494,9.733370781,6.166867733,0.433108628,101.307106,3.723708391,5.01369524,243.6851501,244.2959137,13.93474388,67.15731049,Winter,0
12/7/2029,13.53803825,18.80527115,9.614029884,6.126363754,0.432436943,101.317543,3.730311632,5.02393055,244.0319977,244.6313629,13.81089973,67.26651001,Winter,0
12/8/2029,13.42384529,18.6994648,9.499393463,6.088328362,0.431949168,101.3281937,3.736494541,5.033587933,244.303299,244.8964081,13.69208527,67.37605286,Winter,0
12/9/2029,13.31463623,18.59903336,9.389410019,6.052652359,0.431646913,101.3389969,3.742256165,5.042668343,244.5029755,245.095047,13.57821465,67.4855957,Winter,0
12/10/2029,13.21033096,18.50384331,9.28400898,6.019218445,0.43153131,101.3499222,3.747596264,5.051172256,244.6353455,245.2316742,13.46919823,67.59475708,Winter,0
12/11/2029,13.11081886,18.41374016,9.183101654,5.987903595,0.431602985,101.3609161,3.75251627,5.059101582,244.7049713,245.3108673,13.36491966,67.70317841,Winter,0
12/12/2029,13.01598167,18.32854843,9.086585999,5.958581448,0.43186149,101.3719254,3.757017612,5.066459179,244.7166595,245.3373718,13.26525116,67.8105011,Winter,0
12/13/2029,12.92568588,18.24808121,8.994339943,5.931119442,0.432305425,101.3829041,3.761103392,5.073249817,244.6753693,245.3160858,13.17004585,67.91638184,Winter,0
12/14/2029,12.83977509,18.17213058,8.906230927,5.905385017,0.432932436,101.3938065,3.764776945,5.079479694,244.5862274,245.2519836,13.0791502,68.02048492,Winter,0
12/15/2029,12.75808907,18.10049057,8.822112083,5.881243706,0.433738738,101.4045639,3.768042564,5.08515501,244.4544525,245.1501465,12.99239159,68.1224823,Winter,0
12/16/2029,12.68045425,18.03293037,8.741829872,5.858559608,0.434719205,101.4151382,3.770905495,5.090283871,244.2852783,245.015564,12.90960026,68.22205353,Winter,0
12/17/2029,12.60669136,17.96922302,8.665216446,5.837200642,0.435867399,101.4254761,3.773371458,5.094875336,244.0839691,244.8532104,12.83059502,68.31890106,Winter,0
12/18/2029,12.53661156,17.90913391,8.592098236,5.81703186,0.437175065,101.4355164,3.77544713,5.098939419,243.8556671,244.6679535,12.75518608,68.41273499,Winter,0
12/19/2029,12.47002602,17.85243034,8.52230072,5.797925949,0.438632667,101.4452057,3.777140141,5.102487087,243.6054688,244.4645996,12.68318939,68.5032959,Winter,0
12/20/2029,12.40673828,17.79887581,8.455636978,5.779756546,0.440228909,101.4545135,3.778458357,5.105530262,243.3383179,244.2476501,12.61441326,68.59030914,Winter,0
12/21/2029,12.34655571,17.74824333,8.391925812,5.762404442,0.441951036,101.4633713,3.779410601,5.108082294,243.0589752,244.0215149,12.54867172,68.67353821,Winter,0
12/22/2029,12.28928947,17.70030594,8.330982208,5.745753765,0.443784535,101.4717407,3.780006886,5.110157013,242.7719727,243.7902679,12.48578548,68.75276184,Winter,0
12/23/2029,12.23474884,17.6548481,8.272624016,5.729697227,0.445713669,101.4795837,3.780257225,5.111769199,242.4815674,243.5576935,12.42557144,68.82777405,Winter,0
12/24/2029,12.1827507,17.61166,8.216667175,5.71413517,0.447720975,101.4868393,3.780173063,5.112934589,242.1917419,243.327301,12.3678627,68.89837646,Winter,0
12/25/2029,12.13311958,17.57055092,8.162941933,5.698971272,0.449787974,101.4934921,3.779765844,5.113670349,241.9060974,243.1023102,12.31249809,68.9644165,Winter,0
12/26/2029,12.08568954,17.53133583,8.111273766,5.684123039,0.45189485,101.4994965,3.779048204,5.113992214,241.628006,242.8854523,12.25932884,69.02571106,Winter,0
12/27/2029,12.04029846,17.4938488,8.061501503,5.669514179,0.454020709,101.5048141,3.778033495,5.113919258,241.3603668,242.679184,12.20820808,69.0821228,Winter,0
12/28/2029,11.99680519,17.45794296,8.013475418,5.655077934,0.456143945,101.5094299,3.776736021,5.113471031,241.1056671,242.4855194,12.15901566,69.13355255,Winter,0
12/29/2029,11.95507526,17.42348289,7.967052937,5.640756607,0.458242059,101.5133133,3.775169849,5.11266613,240.8660736,242.3060455,12.11163998,69.17987061,Winter,0
12/30/2029,11.91498566,17.39035416,7.922097683,5.626502037,0.46029231,101.5164413,3.77335,5.111524582,240.6432953,242.1420135,12.0659771,69.2210083,Winter,0
12/31/2029,11.8764286,17.35846138,7.878491879,5.612276077,0.46227169,101.5188141,3.771292686,5.110067844,240.4386444,241.9942474,12.02195168,69.25688171,Winter,0
1/1/2030,11.83931732,17.32773209,7.83613348,5.598050594,0.464156896,101.520401,3.76901412,5.108316898,240.2528992,241.8631287,11.97949219,69.28744507,Winter,0
1/2/2030,11.80357265,17.29810905,7.794923306,5.583806038,0.465925336,101.5212097,3.766530752,5.106293678,240.0866089,241.7486572,11.93855095,69.31263733,Winter,0
1/3/2030,11.76913738,17.26955986,7.754788876,5.569532394,0.46755448,101.5212402,3.763859987,5.104020119,239.9397125,241.6504517,11.89909363,69.33244324,Winter,0
1/4/2030,11.73596573,17.24206543,7.715658665,5.555229664,0.469022781,101.5204926,3.761019707,5.101519585,239.8119202,241.567749,11.86110497,69.34684753,Winter,0
1/5/2030,11.70402622,17.21562767,7.677488804,5.540903091,0.470309585,101.5189743,3.758028269,5.098813534,239.7024078,241.4994354,11.82458115,69.35586548,Winter,0
1/6/2030,11.67331123,17.19027519,7.6402421,5.526571274,0.471395493,101.5166931,3.75490284,5.095925808,239.6101074,241.4440918,11.78954029,69.35949707,Winter,0
1/7/2030,11.64381886,17.16604614,7.603900909,5.512256145,0.472262561,101.5136795,3.751663208,5.092878819,239.5334778,241.3999481,11.75601006,69.35777283,Winter,0
1/8/2030,11.61557198,17.14299774,7.568457603,5.497988701,0.472894639,101.5099487,3.748327255,5.089696407,239.4707642,241.364975,11.72403622,69.35074615,Winter,0
1/9/2030,11.5885973,17.12120247,7.533922672,5.483807087,0.473277539,101.5055313,3.744913578,5.086400986,239.4198608,241.3369293,11.69367409,69.3384552,Winter,0
1/10/2030,11.5629425,17.10075188,7.500319004,5.469752312,0.473399103,101.5004501,3.741441488,5.083014488,239.378418,241.3132324,11.66499901,69.32096863,Winter,0
1/11/2030,11.53866768,17.08174515,7.467682838,5.455874443,0.473249495,101.494751,3.737928152,5.079560757,239.3438416,241.2912903,11.63809204,69.29836273,Winter,0
1/12/2030,11.51583862,17.06429482,7.436062336,5.442225456,0.472821623,101.4884567,3.734392405,5.076059818,239.3133545,241.2682343,11.61304379,69.27071381,Winter,0
1/13/2030,11.49453545,17.04852486,7.405518532,5.428862572,0.472110748,101.4816208,3.730852127,5.072534561,239.2839661,241.2411194,11.58995628,69.23812866,Winter,0
1/14/2030,11.47484779,17.03456688,7.376120567,5.41584301,0.471115112,101.4742813,3.727324486,5.069004059,239.2526093,241.2069244,11.56894112,69.20071411,Winter,0
1/15/2030,11.45687485,17.02256012,7.347950459,5.403229713,0.469835609,101.4664917,3.723826408,5.065489292,239.2161407,241.1625671,11.55010986,69.15857697,Winter,0
1/16/2030,11.44071579,17.01264381,7.321095943,5.391083717,0.468276352,101.4582901,3.720374107,5.062009335,239.1712799,241.105011,11.53358555,69.11183167,Winter,0
1/17/2030,11.42648315,17.00496292,7.295654297,5.379468918,0.466444105,101.4497299,3.716982603,5.058580875,239.1148071,241.0312042,11.51948833,69.06062317,Winter,0
1/18/2030,11.41428471,16.99966621,7.271727085,5.368449688,0.464348793,101.4408722,3.713666916,5.055221558,239.0435333,240.9381561,11.5079422,69.00508118,Winter,0
1/19/2030,11.40423965,16.99689865,7.249423981,5.358086586,0.462003142,101.4317627,3.710440397,5.051946163,238.9542389,240.8230133,11.49907303,68.94534302,Winter,0
1/20/2030,11.39646149,16.99679947,7.228853703,5.34844017,0.459422827,101.4224548,3.707314968,5.048769474,238.8438568,240.6830139,11.49300098,68.88157654,Winter,0
1/21/2030,11.39106274,16.999506,7.210129261,5.339568615,0.456626177,101.413002,3.704303503,5.045703411,238.7094574,240.5155487,11.48984528,68.81393433,Winter,0
1/22/2030,11.3881588,17.00515175,7.193366528,5.331528664,0.453634322,101.4034576,3.701414347,5.042760372,238.5481567,240.3182373,11.48971844,68.74256897,Winter,0
1/23/2030,11.38785553,17.0138607,7.178679466,5.324371815,0.450470597,101.3938751,3.69865799,5.039948463,238.3573608,240.0888519,11.49273109,68.6676712,Winter,0
1/24/2030,11.3902607,17.02574348,7.166176796,5.318147182,0.44716087,101.3843155,3.696040869,5.037276745,238.1346436,239.8254242,11.49898338,68.58938599,Winter,0
1/25/2030,11.39547157,17.04090881,7.155975342,5.312898159,0.443733037,101.3748093,3.69356966,5.034750938,237.8777771,239.5262146,11.50856781,68.50791931,Winter,0
1/26/2030,11.40357876,17.05944633,7.148172379,5.308665276,0.44021669,101.3654175,3.691249132,5.032374859,237.5847931,239.1898193,11.52156258,68.4234314,Winter,0
1/27/2030,11.41466331,17.08143234,7.142877102,5.30548048,0.436643064,101.3561859,3.689082384,5.030152321,237.2540588,238.8149719,11.53804588,68.33613586,Winter,0
1/28/2030,11.42880535,17.10693359,7.140180588,5.303375244,0.433044583,101.3471527,3.687071323,5.028083324,236.8840637,238.4008179,11.55807304,68.2461853,Winter,0
1/29/2030,11.446064,17.13600349,7.140168667,5.302372932,0.429454774,101.338356,3.68521595,5.026166916,236.4737244,237.9467316,11.58169746,68.15380859,Winter,0
1/30/2030,11.46649647,17.16867256,7.142924309,5.302491188,0.425907582,101.329834,3.683515072,5.024400234,236.0222168,237.4523621,11.6089468,68.05917358,Winter,0
1/31/2030,11.49014378,17.20496559,7.148519039,5.303744316,0.42243737,101.3216324,3.681966066,5.022778511,235.5289154,236.9176941,11.63985062,67.9624939,Winter,0
2/1/2030,11.51703453,17.24488449,7.157007217,5.306137562,0.419078469,101.3137589,3.680565357,5.021295547,234.9936829,236.3430176,11.67441368,67.86395264,Winter,0
2/2/2030,11.54719162,17.28841782,7.168449402,5.309673309,0.415864646,101.3062592,3.679306746,5.019943237,234.4164734,235.7287598,11.71263409,67.7637558,Winter,0
2/3/2030,11.58061695,17.33553886,7.182882786,5.314348698,0.412829012,101.2991333,3.67818284,5.018712997,233.7976379,235.0757599,11.75448513,67.66209412,Winter,0
2/4/2030,11.61730957,17.38620377,7.200338364,5.32015419,0.410003513,101.2924194,3.677186251,5.017591476,233.1378174,234.3850403,11.79994583,67.55916595,Winter,0
2/5/2030,11.65724468,17.4403553,7.220834732,5.327076435,0.407418668,101.2861099,3.676307678,5.016568184,232.4378815,233.6578827,11.84896374,67.45516205,Winter,0
2/6/2030,11.70039845,17.49792671,7.244384289,5.335097313,0.405103087,101.2802277,3.675536633,5.015627384,231.6988831,232.895752,11.90148163,67.3502655,Winter,0
2/7/2030,11.7467289,17.55882835,7.270979881,5.344193459,0.403083324,101.274765,3.674861193,5.014755249,230.922287,232.1003723,11.95743084,67.24468994,Winter,0
2/8/2030,11.79617691,17.62296104,7.300610065,5.354338646,0.40138346,101.2697296,3.674269438,5.013936043,230.1095734,231.2735596,12.01672745,67.13859558,Winter,0
2/9/2030,11.8486824,17.69022369,7.333250523,5.365504265,0.400024742,101.2651138,3.673748732,5.013151646,229.262558,230.4173126,12.0792799,67.03216553,Winter,0
2/10/2030,11.90417194,17.7604847,7.368863106,5.377655029,0.399025649,101.2609024,3.673285246,5.012386322,228.3831329,229.5337524,12.14498711,66.92558289,Winter,0
2/11/2030,11.96256065,17.83362579,7.407405853,5.390758514,0.398401111,101.2570801,3.672864676,5.011619568,227.4733734,228.6251068,12.21373844,66.81900024,Winter,0
2/12/2030,12.02375412,17.90950394,7.448823452,5.404774189,0.398162812,101.2536392,3.672473192,5.010834694,226.5355072,227.6936646,12.28540993,66.71258545,Winter,0
2/13/2030,12.08765602,17.98797798,7.493048668,5.419664383,0.398318857,101.2505417,3.672096252,5.010011673,225.5717316,226.7416992,12.35988045,66.60648346,Winter,0
2/14/2030,12.15415382,18.06889915,7.54001236,5.435388565,0.398873299,101.2477798,3.671719313,5.009133339,224.5844879,225.7715912,12.43701744,66.50085449,Winter,0
2/15/2030,12.22313881,18.15211487,7.589633465,5.451906204,0.399826556,101.2453079,3.671328306,5.008181572,223.5760803,224.7856293,12.51668549,66.39581299,Winter,0
2/16/2030,12.29449272,18.23747063,7.641824245,5.469175339,0.401175082,101.243103,3.670909405,5.007137299,222.5489349,223.7861023,12.59874535,66.29148865,Winter,0
2/17/2030,12.3680954,18.32481194,7.696492672,5.487156868,0.402911216,101.241127,3.67044878,5.005984306,221.5054016,222.7751923,12.68305969,66.18799591,Winter,0
2/18/2030,12.44381905,18.41398048,7.753537655,5.505806923,0.405023485,101.2393494,3.66993475,5.004705429,220.4478149,221.7550507,12.76948547,66.08543396,Winter,0
2/19/2030,12.5215416,18.50482941,7.812858105,5.525089264,0.407496393,101.2377167,3.669354677,5.003286362,219.3784637,220.7276764,12.85788345,65.98390198,Winter,0
2/20/2030,12.60113716,18.59720421,7.874346256,5.544966698,0.410310656,101.2362061,3.668698311,5.001711845,218.2995148,219.6949005,12.9481144,65.88346863,Winter,0
2/21/2030,12.68247604,18.69095993,7.937897205,5.565402985,0.413443387,101.2347565,3.667955637,4.999970436,217.2129974,218.6585083,13.04004669,65.78421021,Winter,0
2/22/2030,12.76543808,18.78596115,8.003393173,5.586365223,0.416868001,101.2333374,3.667118788,4.99805069,216.1208954,217.6199799,13.13354492,65.68615723,Winter,0
2/23/2030,12.84989738,18.88207245,8.070729256,5.607822418,0.420554817,101.2319107,3.666179895,4.995942116,215.0249634,216.580719,13.22848701,65.58937073,Winter,0
2/24/2030,12.93573952,18.97916985,8.139791489,5.629745483,0.424470901,101.2304153,3.665133715,4.993638515,213.9268646,215.5418854,13.3247509,65.49385071,Winter,0
2/25/2030,13.02285194,19.07713509,8.210469246,5.652109146,0.428580582,101.2288284,3.663976192,4.991132736,212.8279724,214.5044556,13.42222404,65.39963531,Winter,0
2/26/2030,13.11111832,19.17586708,8.282653809,5.674892426,0.432845831,101.2270889,3.662705183,4.988422871,211.7296448,213.4691925,13.52080345,65.30670166,Winter,0
2/27/2030,13.20044518,19.27526474,8.356243134,5.698075294,0.437226295,101.225174,3.661319971,4.985505581,210.6329346,212.436615,13.62039185,65.21504211,Winter,0
2/28/2030,13.2907238,19.37524223,8.431129456,5.721641064,0.441680044,101.2230301,3.65982151,4.982382774,209.5386658,211.4071198,13.72089386,65.12463379,Winter,0
3/1/2030,13.38187408,19.47572708,8.507217407,5.745577812,0.446163505,101.2206268,3.658213615,4.979058266,208.4475708,210.3807678,13.82224083,65.03541565,Spring,1
3/2/2030,13.47380829,19.57665253,8.584411621,5.769874573,0.450632334,101.217926,3.65650034,4.975534916,207.3601227,209.3575439,13.92436028,64.94734955,Spring,1
3/3/2030,13.56645393,19.67796516,8.662624359,5.794525623,0.455041587,101.2148972,3.654687881,4.971822739,206.2765656,208.3371887,14.02718925,64.86035919,Spring,1
3/4/2030,13.65973854,19.77962303,8.741768837,5.819526672,0.459346145,101.2115173,3.652785778,4.967929363,205.1970367,207.3191986,14.13068008,64.77436829,Spring,1
3/5/2030,13.75360489,19.88159752,8.821774483,5.844875336,0.463501066,101.2077484,3.650803328,4.963868141,204.1214447,206.3029785,14.23479271,64.68929291,Spring,1
3/6/2030,13.84800529,19.98386574,8.902565002,5.870573997,0.467462242,101.2035751,3.648752451,4.959652901,203.0494843,205.2877808,14.33949661,64.60502625,Spring,1
3/7/2030,13.94289017,20.08641243,8.984074593,5.896625996,0.471186817,101.1989822,3.646646976,4.955298901,201.9808044,204.2726593,14.44476891,64.52146912,Spring,1
3/8/2030,14.03822708,20.18924141,9.066249847,5.923036575,0.474633306,101.1939392,3.644500971,4.950825691,200.9147949,203.2565918,14.55059814,64.43849182,Spring,1
3/9/2030,14.13398361,20.29235268,9.1490345,5.949811935,0.47776252,101.1884537,3.642330885,4.946250916,199.8508148,202.2384338,14.6569767,64.35598755,Spring,1
3/10/2030,14.2301445,20.39576912,9.232384682,5.976961136,0.480537295,101.1825027,3.6401546,4.941598415,198.7879944,201.2170258,14.76390839,64.27380371,Spring,1
3/11/2030,14.32669067,20.499506,9.316264153,6.004493713,0.482923448,101.1760941,3.637990236,4.936889648,197.7254791,200.19104,14.87140656,64.1918335,Spring,1
3/12/2030,14.42361259,20.6035881,9.400640488,6.032419205,0.484889984,101.1692276,3.635857105,4.932148933,196.6623383,199.1592255,14.97948265,64.10992432,Spring,1
3/13/2030,14.52091217,20.70804977,9.485486031,6.060750008,0.486409247,101.1618958,3.633776426,4.92740202,195.5975189,198.120285,15.08815765,64.02793121,Spring,1
3/14/2030,14.6185894,20.81292915,9.570783615,6.089494228,0.487457246,101.154129,3.631767511,4.922674179,194.5299683,197.0728912,15.19746208,63.94573212,Spring,1
3/15/2030,14.71665192,20.91826057,9.656517982,6.118663788,0.488014102,101.1459198,3.629852533,4.917992592,193.4586792,196.0158386,15.30742455,63.86318207,Spring,1
3/16/2030,14.81510925,21.024086,9.742679596,6.148268223,0.48806411,101.1372986,3.628052473,4.913383961,192.3825684,194.9479523,15.41807365,63.78013229,Spring,1
3/17/2030,14.91397667,21.13044357,9.829263687,6.178315163,0.487596005,101.1282883,3.626388311,4.908875465,191.3006592,193.8680878,15.52944183,63.69646835,Spring,1
3/18/2030,15.01327133,21.23737526,9.916274071,6.208812714,0.486603081,101.1189041,3.624881029,4.904494286,190.2120209,192.7752991,15.64157104,63.61204529,Spring,1
3/19/2030,15.11301041,21.34491539,10.00370884,6.239768028,0.485083103,101.1091766,3.623551369,4.900266647,189.1157379,191.6687164,15.7544899,63.52674866,Spring,1
3/20/2030,15.21321106,21.4531002,10.09158039,6.271183968,0.483038664,101.099144,3.622418642,4.896217346,188.0110321,190.5476074,15.86823273,63.44046021,Spring,1
3/21/2030,15.31389999,21.56196213,10.1798954,6.303063393,0.480476916,101.0888367,3.621501684,4.892372608,186.8972473,189.4113922,15.98283005,63.35308075,Spring,1
3/22/2030,15.41508675,21.67152596,10.26866817,6.335407257,0.47740978,101.0782928,3.620818377,4.888755798,185.7738342,188.2596893,16.09831047,63.26449585,Spring,1
3/23/2030,15.5167942,21.78181458,10.35791397,6.368213654,0.473853737,101.0675507,3.620384455,4.885388374,184.6403656,187.0923004,16.21469879,63.17463303,Spring,1
3/24/2030,15.61904144,21.89283943,10.44764519,6.401478767,0.469829381,101.0566483,3.620215893,4.882291317,183.4965668,185.9091949,16.33201408,63.08341599,Spring,1
3/25/2030,15.72183609,22.00461006,10.5378809,6.4351964,0.465361893,101.045639,3.620324612,4.879483223,182.3423309,184.7105713,16.45027161,62.99077225,Spring,1
3/26/2030,15.82519531,22.11712646,10.62863445,6.469357491,0.460480273,101.0345535,3.620722055,4.876979828,181.1776886,183.4968262,16.56947708,62.89666748,Spring,1
3/27/2030,15.92912292,22.23038292,10.71992397,6.503950596,0.455217272,101.0234528,3.621417761,4.87479496,180.0028839,182.2685242,16.68964195,62.80105591,Spring,1
3/28/2030,16.03362846,22.34436035,10.81176567,6.538963318,0.449609101,101.0123672,3.622418404,4.87294054,178.8182831,181.0264587,16.81075478,62.70391846,Spring,1
3/29/2030,16.13870811,22.45903969,10.9041729,6.574380875,0.443695039,101.0013504,3.623728991,4.871424675,177.6244507,179.7716522,16.93280983,62.6052475,Spring,1
3/30/2030,16.24436569,22.5743866,10.99715805,6.610185146,0.437517107,100.9904556,3.625350714,4.870254517,176.4221039,178.505249,17.05578804,62.50505829,Spring,1
3/31/2030,16.35058594,22.69036102,11.09073448,6.646357536,0.431119651,100.9797134,3.627284288,4.869431496,175.2120972,177.228653,17.17966843,62.40336227,Spring,1
4/1/2030,16.45736313,22.8069191,11.18491173,6.682878494,0.424548835,100.9691849,3.629526854,4.868955612,173.9954834,175.9433441,17.30441666,62.30021286,Spring,1
4/2/2030,16.56468201,22.92400169,11.27969837,6.719725609,0.417852342,100.9589005,3.632072926,4.868824959,172.7734222,174.6510773,17.42999649,62.19565582,Spring,1
4/3/2030,16.67251968,23.04154968,11.37509918,6.756875992,0.411078811,100.9489136,3.634914398,4.869030952,171.5472107,173.3536072,17.55636215,62.0897522,Spring,1
4/4/2030,16.78085899,23.1594944,11.47111797,6.794307232,0.404277295,100.9392624,3.638040781,4.869565487,170.3182678,172.0529327,17.68346977,61.98259354,Spring,1
4/5/2030,16.88966751,23.27776337,11.56775665,6.83199501,0.397497028,100.9299774,3.641438961,4.870415688,169.0881042,170.7510681,17.81125832,61.87426758,Spring,1
4/6/2030,16.99892044,23.39627838,11.66501236,6.869916439,0.390786588,100.9211044,3.645093679,4.871564865,167.8582916,169.450119,17.93966866,61.76488113,Spring,1
4/7/2030,17.10857964,23.51495743,11.76288605,6.908047676,0.384193718,100.9126663,3.648986578,4.872995377,166.6305237,168.1522827,18.06863403,61.65454483,Spring,1
4/8/2030,17.21861649,23.63371658,11.86136818,6.946366787,0.377764583,100.9047089,3.653097153,4.874684334,165.4064636,166.8597107,18.1980896,61.543396,Spring,1
4/9/2030,17.32898903,23.75246811,11.96045685,6.984852791,0.371543616,100.8972473,3.657402754,4.876607895,164.1878662,165.5746307,18.32796288,61.4315567,Spring,1
4/10/2030,17.43966103,23.87112617,12.0601387,7.023485184,0.36557281,100.8903122,3.661879539,4.878739357,162.9764099,164.2991943,18.45817757,61.31918335,Spring,1
4/11/2030,17.55059814,23.98960876,12.16040993,7.062246799,0.359891206,100.8839264,3.666500568,4.881048203,161.7737885,163.0355225,18.5886631,61.20641708,Spring,1
4/12/2030,17.66175461,24.10783005,12.26125526,7.101121426,0.354534984,100.8781052,3.671237707,4.88350296,160.5816803,161.785675,18.71934319,61.09340668,Spring,1
4/13/2030,17.77310181,24.22570992,12.36266804,7.140095234,0.349536389,100.8728561,3.676061153,4.886070251,159.4016113,160.5515747,18.85014725,60.98030472,Spring,1
4/14/2030,17.88459396,24.34317017,12.46463394,7.179158688,0.344924062,100.8682022,3.680940628,4.88871479,158.2351074,159.3350372,18.9810009,60.86727142,Spring,1
4/15/2030,17.99620438,24.46014214,12.56714344,7.218304634,0.340722293,100.8641434,3.685843706,4.89139843,157.0835266,158.1377411,19.11183739,60.75445938,Spring,1
4/16/2030,18.10789871,24.57656479,12.67018414,7.257527351,0.336950839,100.8606796,3.690737724,4.89408493,155.9481354,156.9611664,19.24259186,60.64201736,Spring,1
4/17/2030,18.21965218,24.69237709,12.77374649,7.296827793,0.333624959,100.8578262,3.695589542,4.896733761,154.8300171,155.8066559,19.37320518,60.53009415,Spring,1
4/18/2030,18.33143616,24.80753708,12.87782669,7.336208344,0.330754846,100.8555603,3.70036602,4.899306297,153.7301025,154.6752472,19.50362396,60.41882706,Spring,1
4/19/2030,18.4432373,24.92200851,12.98240948,7.375674248,0.328345835,100.8538895,3.705033064,4.901762009,152.6491699,153.5678711,19.63380051,60.30835342,Spring,1
4/20/2030,18.55503845,25.03576088,13.08749485,7.415237904,0.326398045,100.8527985,3.709557772,4.904062271,151.587738,152.4851379,19.76369286,60.1987915,Spring,1
4/21/2030,18.66683388,25.14877892,13.19307995,7.454912663,0.324906647,100.852272,3.713907003,4.906166553,150.5462036,151.4274445,19.8932724,60.09025192,Spring,1
4/22/2030,18.77861977,25.26106644,13.29916573,7.494716167,0.323861599,100.8523026,3.718048811,4.908037186,149.524704,150.3948975,20.02251816,59.98282242,Spring,1
4/23/2030,18.89040184,25.37262917,13.40575218,7.534670353,0.323247969,100.8528595,3.721952677,4.909636497,148.5231476,149.3874054,20.15141487,59.87660217,Spring,1
4/24/2030,19.00219345,25.4834919,13.51284504,7.574799538,0.32304588,100.8539276,3.725588799,4.910927773,147.5412598,148.404541,20.27995682,59.77165222,Spring,1
4/25/2030,19.11401176,25.59369278,13.62045383,7.615132809,0.323230743,100.855484,3.728928804,4.911876678,146.578537,147.4456787,20.40815544,59.66801834,Spring,1
4/26/2030,19.22588348,25.7032795,13.72859192,7.65570116,0.323773503,100.8574982,3.731946945,4.91245079,145.6342468,146.509903,20.53602791,59.56572723,Spring,1
4/27/2030,19.33783913,25.8123188,13.83727455,7.696538448,0.324640781,100.8599472,3.734618187,4.912619591,144.707428,145.5960388,20.66359901,59.46479797,Spring,1
4/28/2030,19.44992638,25.92088318,13.94652081,7.737682343,0.325795412,100.8628006,3.736921072,4.9123559,143.7969513,144.7027283,20.79090691,59.36521912,Spring,1
4/29/2030,19.56218529,26.02906227,14.05635262,7.779170036,0.327196568,100.8660278,3.738835335,4.911633015,142.9014587,143.8283081,20.91800499,59.26696014,Spring,1
4/30/2030,19.67467499,26.13696289,14.16679573,7.821042538,0.328800201,100.8695984,3.740343809,4.910429955,142.0194397,142.9709625,21.04494858,59.16997528,Spring,1
5/1/2030,19.78745461,26.24469757,14.27788067,7.863339901,0.330559492,100.8734741,3.741431475,4.908726692,141.1492157,142.1286774,21.17180634,59.07418823,Spring,1
5/2/2030,19.90058708,26.35238457,14.38963699,7.906105518,0.332425267,100.8776321,3.742086887,4.906507492,140.2889557,141.2992554,21.29866028,58.97950745,Spring,1
5/3/2030,20.01415062,26.46016121,14.50210094,7.949381351,0.334346622,100.8820267,3.74230051,4.903759003,139.436676,140.4803772,21.42559242,58.88581467,Spring,1
5/4/2030,20.1282196,26.56816864,14.61530972,7.993207455,0.336270988,100.8866348,3.742066622,4.900473118,138.5903473,139.6696014,21.55269814,58.79298019,Spring,1
5/5/2030,20.24287415,26.67655754,14.72929955,8.037626266,0.338145077,100.8914185,3.741381645,4.896643639,137.7478027,138.8643951,21.68008041,58.70084381,Spring,1
5/6/2030,20.35819626,26.78548431,14.84411144,8.082674026,0.339915276,100.8963394,3.740245581,4.892268181,136.9068756,138.0621338,21.80784225,58.60923386,Spring,1
5/7/2030,20.4742775,26.89510727,14.95978928,8.128391266,0.341528028,100.9013824,3.738661051,4.887349129,136.0653076,137.2602081,21.93610001,58.51795959,Spring,1
5/8/2030,20.5912056,27.00559235,15.07636833,8.17481041,0.342930377,100.9064941,3.736633062,4.881891251,135.220932,136.4560242,22.0649662,58.42679977,Spring,1
5/9/2030,20.70906448,27.11710358,15.19389439,8.221963882,0.344070703,100.9116669,3.734170675,4.875902176,134.371521,135.6469727,22.19456482,58.33554077,Spring,1
5/10/2030,20.82794952,27.22980499,15.31240654,8.269877434,0.34489888,100.9168549,3.731284857,4.869394302,133.5149841,134.8305664,22.32501221,58.24393845,Spring,1
5/11/2030,20.94794273,27.34386063,15.43194389,8.318575859,0.345367074,100.9220428,3.72798872,4.862383366,132.6492462,134.0043488,22.45642471,58.15173721,Spring,1
5/12/2030,21.06913185,27.45942879,15.55254269,8.368076324,0.345429987,100.9271927,3.724298716,4.854887009,131.7724152,133.1660767,22.58892632,58.05867386,Spring,1
5/13/2030,21.19159698,27.57666588,15.67423725,8.418392181,0.345045418,100.9322968,3.720233202,4.846926689,130.8827057,132.3136139,22.72263145,57.96448135,Spring,1
5/14/2030,21.31541252,27.69571686,15.79705334,8.469532013,0.344174653,100.9373169,3.715812683,4.838526249,129.9785156,131.4450378,22.85765266,57.8688736,Spring,1
5/15/2030,21.44065094,27.81672287,15.92102528,8.521496773,0.342782795,100.9422379,3.711059809,4.829711914,129.0584259,130.5586395,22.99409294,57.77157593,Spring,1
5/16/2030,21.567379,27.93980789,16.04616737,8.5742836,0.340839326,100.9470444,3.705997944,4.820512772,128.1212616,129.6529846,23.13205338,57.67230988,Spring,1
5/17/2030,21.69564819,28.06509209,16.17250061,8.627879143,0.338317841,100.9517136,3.700652838,4.810958385,127.1660919,128.7268524,23.27162552,57.57077408,Spring,1
5/18/2030,21.82551003,28.19267845,16.30003357,8.682268143,0.335197061,100.9562454,3.69505167,4.801082134,126.1921844,127.7793579,23.41289139,57.46670532,Spring,1
5/19/2030,21.95700455,28.32265472,16.42876816,8.73742485,0.331460595,100.9606094,3.689221382,4.79091692,125.1991959,126.8099289,23.55592346,57.35982895,Spring,1
5/20/2030,22.09015465,28.45509529,16.55870247,8.793319702,0.327097058,100.9648056,3.683190107,4.780497074,124.1869888,125.8182755,23.70078087,57.2498703,Spring,1
5/21/2030,22.22498322,28.59005165,16.68982315,8.849914551,0.32210052,100.9688187,3.676986694,4.769858837,123.1557541,124.8045197,23.84751129,57.13658142,Spring,1
5/22/2030,22.36149025,28.72756577,16.82211113,8.907162666,0.316470116,100.9726486,3.67064023,4.759037018,122.106041,123.769043,23.99614906,57.0197258,Spring,1
5/23/2030,22.49967384,28.8676548,16.95554161,8.965015411,0.310210586,100.9762878,3.66417861,4.748067856,121.03862,122.7126236,24.14671135,56.89907074,Spring,1
5/24/2030,22.63951492,29.01032257,17.09007645,9.023414612,0.303331822,100.9797363,3.657629728,4.736987114,119.954689,121.6364212,24.29920387,56.77441406,Spring,1
5/25/2030,22.78097725,29.15554237,17.22566986,9.082297325,0.295849025,100.9829788,3.651021481,4.725828171,118.8556747,120.5419006,24.4536171,56.64556885,Spring,1
5/26/2030,22.92402077,29.30327797,17.36226654,9.141593933,0.287782282,100.9860306,3.644379616,4.714625835,117.7433929,119.4308319,24.60992241,56.51237488,Spring,1
5/27/2030,23.06858063,29.45346642,17.49980736,9.201231003,0.279156744,100.988884,3.637729645,4.703412533,116.6199112,118.3054276,24.76807785,56.37467957,Spring,1
5/28/2030,23.21459198,29.60602951,17.63821602,9.261127472,0.270002216,100.9915466,3.631095409,4.692219734,115.4875946,117.1681213,24.92802429,56.23238754,Spring,1
5/29/2030,23.36196518,29.76085854,17.77741241,9.321204185,0.26035285,100.9940186,3.624498606,4.681075573,114.3491211,116.0217285,25.08968544,56.08541107,Spring,1
5/30/2030,23.51060295,29.91784096,17.91730881,9.381372452,0.250246853,100.9963074,3.617959261,4.670008659,113.2073669,114.8692703,25.25297165,55.93368149,Spring,1
5/31/2030,23.66039658,30.07683182,18.05780792,9.441542625,0.239726171,100.9984055,3.611495733,4.659041405,112.0655289,113.7141037,25.4177742,55.77718735,Spring,1
6/1/2030,23.81122208,30.23767281,18.19879913,9.501624107,0.228836104,101.0003357,3.605124235,4.648198128,110.926918,112.5597,25.58396912,55.61594009,Summer,2
6/2/2030,23.96294594,30.40019226,18.34017372,9.561524391,0.217624739,101.0020981,3.598858118,4.637497425,109.7950974,111.4098663,25.75141907,55.44996262,Summer,2
6/3/2030,24.11542702,30.56419563,18.48181152,9.621149063,0.206142977,101.0036926,3.592707634,4.626955986,108.6737518,110.2684555,25.9199791,55.27934647,Summer,2
6/4/2030,24.26850891,30.72947502,18.62358284,9.680404663,0.194443196,101.0051422,3.586683035,4.616587162,107.5666733,109.1395645,26.08947945,55.10419083,Summer,2
6/5/2030,24.42202759,30.89581299,18.76535606,9.739200592,0.182579815,101.0064316,3.580789089,4.606401443,106.4777985,108.027298,26.25974464,54.92464066,Summer,2
6/6/2030,24.57581329,31.06297493,18.90699768,9.797445297,0.170607954,101.0075912,3.57502985,4.596406937,105.4110718,106.9358597,26.43058968,54.74085617,Summer,2
6/7/2030,24.72968674,31.23072052,19.04836273,9.855051041,0.158583432,101.008606,3.569405794,4.586606026,104.3704224,105.8694534,26.6018219,54.55305862,Summer,2
6/8/2030,24.88346863,31.3987999,19.18930626,9.911933899,0.146562114,101.0094986,3.563915253,4.577001572,103.3598099,104.8322754,26.7732296,54.36148834,Summer,2
6/9/2030,25.03696823,31.56694984,19.32968712,9.968011856,0.134599254,101.0102692,3.558554173,4.567590237,102.3830948,103.8284149,26.94460678,54.16640854,Summer,2
6/10/2030,25.18999672,31.73491287,19.46935272,10.02321243,0.122749344,101.0109329,3.553316116,4.558366776,101.4440613,102.8619308,27.1157341,53.96812439,Summer,2
6/11/2030,25.34235764,31.90242195,19.6081562,10.07746506,0.111065365,101.0114746,3.548191786,4.549323559,100.5463791,101.9366608,27.28639412,53.76697159,Summer,2
6/12/2030,25.49386215,32.06921005,19.7459507,10.13070488,0.09959843,101.0119171,3.543170214,4.540448189,99.69345856,101.0562897,27.45636368,53.56329727,Summer,2
6/13/2030,25.64431572,32.23500824,19.88258743,10.18287945,0.088397577,101.0122604,3.538238049,4.531728745,98.8885498,100.2242966,27.62541008,53.35749817,Summer,2
6/14/2030,25.7935276,32.39955902,20.01792717,10.23393631,0.077508703,101.0125046,3.53338027,4.523146629,98.13467407,99.44389343,27.79332161,53.14997101,Summer,2
6/15/2030,25.94131279,32.56259537,20.15182877,10.28383827,0.06697505,101.0126572,3.528580189,4.514685631,97.43454742,98.71794128,27.9598732,52.94115448,Summer,2
6/16/2030,26.08748436,32.72387695,20.28415489,10.33255196,0.056836184,101.0127182,3.523819447,4.506323814,96.79060364,98.04904938,28.12484741,52.73148346,Summer,2
6/17/2030,26.23187065,32.88314438,20.41477776,10.38005543,0.047128048,101.0126953,3.519079924,4.498040199,96.20487976,97.43946075,28.28803253,52.52143478,Summer,2
6/18/2030,26.37429619,33.04017639,20.54357147,10.42633247,0.037882786,101.0125809,3.514340162,4.489810467,95.67909241,96.89099121,28.44921875,52.31148529,Summer,2
6/19/2030,26.51460075,33.1947403,20.67042351,10.47138309,0.029128147,101.0123825,3.509580135,4.481609344,95.21460724,96.40510559,28.60821724,52.10212708,Summer,2
6/20/2030,26.65263557,33.3466301,20.79522133,10.5152092,0.020887723,101.0120926,3.504778147,4.473413467,94.81230927,95.98280334,28.76482964,51.89385223,Summer,2
6/21/2030,26.78824806,33.49564743,20.91786385,10.55782509,0.013180361,101.0117188,3.499912977,4.465194702,94.47274017,95.62470245,28.91888618,51.68717957,Summer,2
6/22/2030,26.92131615,33.64161301,21.03826332,10.59925842,0.006020831,101.011261,3.494964123,4.456927776,94.19599152,95.33090973,29.07021713,51.4826088,Summer,2
6/23/2030,27.05171013,33.78435898,21.15633583,10.63953972,-0.000580917,101.0107193,3.489910126,4.448587418,93.98167419,95.10112762,29.21866417,51.28065491,Summer,2
6/24/2030,27.1793251,33.92373657,21.2720108,10.67871284,-0.006619566,101.0100784,3.484731436,4.440147877,93.82902527,94.93458557,29.36408806,51.08182526,Summer,2
6/25/2030,27.30405998,34.05961227,21.3852272,10.7168293,-0.012093933,101.0093536,3.479408741,4.431584358,93.73684692,94.83005524,29.50636101,50.8866272,Summer,2
6/26/2030,27.42583275,34.19187546,21.49593353,10.75394821,-0.017007286,101.0085373,3.473924637,4.422875404,93.70347595,94.78586578,29.64536476,50.69554138,Summer,2
6/27/2030,27.54457283,34.32042313,21.60409164,10.79013729,-0.021367021,101.0076294,3.468262672,4.413998604,93.72683716,94.79994202,29.78100204,50.50907135,Summer,2
6/28/2030,27.66021538,34.44518661,21.70967102,10.82547092,-0.025184555,101.0066223,3.462408781,4.404934883,93.80449677,94.86975098,29.91318703,50.3276825,Summer,2
6/29/2030,27.77271652,34.56609344,21.81265068,10.86003017,-0.028474716,101.0055161,3.456350803,4.395666122,93.93358612,94.99237061,30.04184532,50.15183258,Summer,2
6/30/2030,27.88204575,34.68310928,21.91302681,10.89390278,-0.031255886,101.0043182,3.450078011,4.386178017,94.11089325,95.16452026,30.16691971,49.98195648,Summer,2
7/1/2030,27.98817253,34.79620361,22.01079559,10.92717934,-0.03354945,101.0030212,3.443583012,4.376458168,94.33288574,95.38256836,30.28836632,49.81848526,Summer,2
7/2/2030,28.09109306,34.90536118,22.10597229,10.95995617,-0.035379484,101.0016327,3.436860561,4.36649847,94.59568024,95.64255524,30.40615845,49.66181564,Summer,2
7/3/2030,28.19080925,35.01059723,22.1985817,10.99233246,-0.036772292,101.0001373,3.429908037,4.356291294,94.89522552,95.94026947,30.5202713,49.51232147,Summer,2
7/4/2030,28.287323,35.11191559,22.28864098,11.02441025,-0.037756138,100.9985504,3.422725916,4.345835209,95.2271347,96.27125549,30.63070869,49.37035751,Summer,2
7/5/2030,28.38066292,35.20935822,22.37619781,11.05629063,-0.038360499,100.9968719,3.415317059,4.335130215,95.58683014,96.63080597,30.73746872,49.23625565,Summer,2
7/6/2030,28.47084999,35.30295563,22.46128845,11.08807564,-0.038616162,100.9950943,3.407687664,4.32418108,95.96963501,97.01413727,30.84057045,49.11031342,Summer,2
7/7/2030,28.55792618,35.39277267,22.5439682,11.11986923,-0.038554192,100.9932327,3.399846792,4.312994957,96.37071228,97.41631317,30.9400425,48.99279404,Summer,2
7/8/2030,28.64193726,35.47886276,22.62429237,11.15177059,-0.038205832,100.9912796,3.391806602,4.301585197,96.78517151,97.83230591,31.03590965,48.88396072,Summer,2
7/9/2030,28.72291946,35.56129456,22.70231819,11.18387508,-0.03760197,100.9892502,3.383581877,4.289965153,97.20812988,98.2571106,31.1282196,48.78401566,Summer,2
7/10/2030,28.80093384,35.64014053,22.77810669,11.21627617,-0.036772605,100.9871445,3.375190258,4.278154373,97.63467407,98.68573761,31.21701431,48.6931572,Summer,2
7/11/2030,28.87603188,35.71547318,22.85173225,11.24906445,-0.035746407,100.9849625,3.366652966,4.266176224,98.05999756,99.11327362,31.30234528,48.61153793,Summer,2
7/12/2030,28.94826889,35.78737259,22.9232502,11.28232002,-0.034550555,100.9827194,3.357992649,4.254055023,98.47940063,99.53492737,31.38425827,48.53929138,Summer,2
7/13/2030,29.01769829,35.85591888,22.99273491,11.31611729,-0.033209987,100.980423,3.349235058,4.241821766,98.88833618,99.9460907,31.46281242,48.47651672,Summer,2
7/14/2030,29.08438301,35.92117691,23.06024551,11.35052586,-0.031747185,100.9780807,3.340408802,4.229506969,99.28248596,100.3423157,31.53806114,48.42329407,Summer,2
7/15/2030,29.14836884,35.98322296,23.12585068,11.38560486,-0.030181676,100.9756927,3.331543684,4.217146397,99.65774536,100.7195435,31.61004639,48.37967682,Summer,2
7/16/2030,29.20970917,36.0421257,23.1896019,11.42140293,-0.028530221,100.9732895,3.322671413,4.204778671,100.0103073,101.0738373,31.67882538,48.34567261,Summer,2
7/17/2030,29.26844597,36.09793854,23.25156403,11.45796108,-0.026805786,100.9708557,3.313826084,4.192442417,100.3367081,101.4017029,31.74443626,48.32130432,Summer,2
7/18/2030,29.32461929,36.15071869,23.31178093,11.49530983,-0.025017947,100.9684296,3.305042267,4.180181503,100.6338348,101.7000656,31.80691719,48.30653381,Summer,2
7/19/2030,29.37826157,36.20049667,23.37030029,11.53346539,-0.023172272,100.9659958,3.296356201,4.168037891,100.8989868,101.9661636,31.86630058,48.30132675,Summer,2
7/20/2030,29.42939758,36.24730682,23.42715645,11.57243824,-0.021270471,100.9635925,3.287804604,4.156058311,101.1298065,102.1976624,31.92260933,48.30561066,Summer,2
7/21/2030,29.4780426,36.29117203,23.48237801,11.61222363,-0.019310087,100.9612122,3.279425383,4.144289017,101.3244934,102.3927536,31.97585487,48.31931305,Summer,2
7/22/2030,29.52420235,36.33208466,23.53598595,11.65280533,-0.017284716,100.9588699,3.271255016,4.13277626,101.4816132,102.550087,32.02604294,48.34233093,Summer,2
7/23/2030,29.56787491,36.37004852,23.58798981,11.69415569,-0.015183533,100.9565887,3.263331175,4.121567726,101.6002808,102.6687469,32.07316589,48.37455368,Summer,2
7/24/2030,29.60905075,36.40503311,23.63839531,11.73623466,-0.012991739,100.9543762,3.255690813,4.11070919,101.6800461,102.7483978,32.11720657,48.41586304,Summer,2
7/25/2030,29.64769554,36.43700409,23.68718719,11.7789917,-0.010690865,100.9522476,3.248369455,4.10024929,101.7210083,102.7891388,32.15813446,48.46611404,Summer,2
7/26/2030,29.68378258,36.46590805,23.7343483,11.82236576,-0.008258116,100.9502029,3.241401911,4.090232372,101.7237167,102.7916183,32.19591522,48.52516937,Summer,2
7/27/2030,29.71726418,36.49167633,23.77985001,11.86628056,-0.005667436,100.9482727,3.234821081,4.080702305,101.6892776,102.7570038,32.23048782,48.59287643,Summer,2
7/28/2030,29.74808311,36.51422882,23.82365036,11.91065407,-0.002889192,100.9464569,3.228658199,4.07170105,101.6192245,102.6869049,32.26179123,48.66908264,Summer,2
7/29/2030,29.77616882,36.53346634,23.86569595,11.95538902,0.000109175,100.9447708,3.222942829,4.063269615,101.5155792,102.5834503,32.28974915,48.75361633,Summer,2
7/30/2030,29.80145264,36.54928589,23.90592766,12.00038433,0.003363235,100.943222,3.217701674,4.055445671,101.3808517,102.4492035,32.31427383,48.84632874,Summer,2
7/31/2030,29.82383919,36.56157303,23.94427299,12.04552746,0.006910708,100.9418259,3.212958813,4.048264503,101.2179642,102.2871704,32.33526993,48.94704437,Summer,2
8/1/2030,29.84323692,36.57017899,23.98064804,12.09069443,0.010791488,100.9405823,3.208735466,4.041755676,101.0302811,102.1008072,32.35262299,49.05561066,Summer,2
8/2/2030,29.85953903,36.57498169,24.01496124,12.13576221,0.015046932,100.9395142,3.205049753,4.035948753,100.8214951,101.893898,32.36621857,49.17185974,Summer,2
8/3/2030,29.87263489,36.57581329,24.04711723,12.18059158,0.019719547,100.9386215,3.201916456,4.030869007,100.5956726,101.670578,32.3759346,49.29564285,Summer,2
8/4/2030,29.88241386,36.57252884,24.0770092,12.22504902,0.024852367,100.937912,3.199347019,4.026535034,100.3572006,101.4353104,32.38164139,49.42679596,Summer,2
8/5/2030,29.88874435,36.56496048,24.10451698,12.26898766,0.03048877,100.9373932,3.197348595,4.022963524,100.1107101,101.1927719,32.38319397,49.56517792,Summer,2
8/6/2030,29.89150429,36.55294418,24.12952805,12.31226349,0.036671575,100.9370651,3.195925713,4.020166397,99.86109161,100.9479218,32.38045502,49.71063995,Summer,2
8/7/2030,29.89056778,36.5363121,24.1519165,12.35472775,0.043442667,100.9369354,3.195077658,4.01815033,99.61338043,100.705864,32.37327576,49.86303711,Summer,2
8/8/2030,29.88579941,36.51490021,24.17155266,12.3962307,0.050842594,100.9370041,3.194801807,4.016918182,99.37276459,100.4717712,32.36151886,50.02225113,Summer,2
8/9/2030,29.87708092,36.48854065,24.18830681,12.43662548,0.058909971,100.9372787,3.195089102,4.016468048,99.14452362,100.2509766,32.34503555,50.18814087,Summer,2
8/10/2030,29.86427879,36.45707703,24.20204926,12.47576427,0.06768094,100.9377594,3.195928812,4.016792297,98.93392181,100.0487823,32.32368469,50.36058426,Summer,2
8/11/2030,29.84726906,36.42035675,24.21264839,12.51350307,0.07718876,100.9384384,3.197304964,4.017878532,98.74629211,99.87045288,32.29732895,50.53947449,Summer,2
8/12/2030,29.82594109,36.37823486,24.21997261,12.54970074,0.087463081,100.9393234,3.1991992,4.019711494,98.58679199,99.72121429,32.26583099,50.72468948,Summer,2
8/13/2030,29.80018044,36.33058548,24.22389221,12.58422184,0.098529972,100.9404068,3.201587915,4.022270203,98.46060181,99.60610962,32.22906494,50.91612244,Summer,2
8/14/2030,29.76988411,36.27728271,24.22429085,12.61693764,0.110411063,100.9416885,3.204445839,4.025528908,98.37259674,99.5300827,32.1869278,51.11367035,Summer,2
8/15/2030,29.73496246,36.21822739,24.22105026,12.64772034,0.123123318,100.9431686,3.207743168,4.029456615,98.32753754,99.49775696,32.1393013,51.31723022,Summer,2
8/16/2030,29.69533348,36.15333176,24.21405602,12.67645741,0.136678755,100.9448242,3.211447001,4.034020424,98.32988739,99.51358032,32.08610153,51.52669525,Summer,2
8/17/2030,29.6509285,36.08252716,24.20320892,12.70304012,0.151083946,100.9466705,3.215523005,4.039182663,98.38382721,99.58159637,32.02724457,51.74196625,Summer,2
8/18/2030,29.60169029,36.00576782,24.18840981,12.72737122,0.166340038,100.9486923,3.219932079,4.044902325,98.49317169,99.70559692,31.962677,51.96294022,Summer,2
8/19/2030,29.54758453,35.92303467,24.16958237,12.74936104,0.182442322,100.9508896,3.224634647,4.051134109,98.66142273,99.88887787,31.89234734,52.18950653,Summer,2
8/20/2030,29.4885788,35.83431625,24.14665222,12.76893139,0.199380025,100.9532394,3.229588509,4.057830811,98.89159393,100.134407,31.81622314,52.42155457,Summer,2
8/21/2030,29.42467499,35.7396431,24.11955452,12.7860136,0.217136413,100.9557495,3.234749556,4.06494236,99.18630981,100.444664,31.73430824,52.65897369,Summer,2
8/22/2030,29.35588074,35.63905716,24.08824921,12.80055332,0.235688478,100.9584045,3.240072966,4.072416782,99.54774475,100.8216782,31.64660835,52.90162659,Summer,2
8/23/2030,29.28222466,35.53263855,24.05269814,12.81250381,0.255007237,100.9611969,3.245512724,4.080199718,99.97753143,101.266983,31.5531559,53.14939117,Summer,2
8/24/2030,29.20375443,35.42047882,24.01288414,12.82183361,0.275057524,100.9641266,3.251021862,4.088235855,100.4769135,101.781601,31.4540081,53.4021225,Summer,2
8/25/2030,29.1205349,35.30270767,23.96880722,12.82851791,0.295798182,100.9671707,3.25655365,4.096469402,101.0465317,102.3660812,31.34924126,53.65966034,Summer,2
8/26/2030,29.03265572,35.17948151,23.92047501,12.83254814,0.317182243,100.9703293,3.262060881,4.10484314,101.6865234,103.0203934,31.23895073,53.92182922,Summer,2
8/27/2030,28.94021606,35.05097961,23.86791229,12.83392429,0.339157015,100.9735947,3.267497778,4.11329937,102.3965454,103.744072,31.12325859,54.18846893,Summer,2
8/28/2030,28.84334564,34.91739655,23.81116486,12.83265877,0.361664683,100.9769592,3.272818804,4.121783257,103.1757355,104.5361023,31.00230217,54.45935822,Summer,2
8/29/2030,28.74218178,34.77896881,23.75028801,12.82877445,0.384642273,100.9804153,3.277979374,4.130238533,104.0227737,105.3949585,30.87624931,54.73428726,Summer,2
8/30/2030,28.63688087,34.63594437,23.68535614,12.82230282,0.408022046,100.9839478,3.282937527,4.138609886,104.9357605,106.3186798,30.74528122,55.01303101,Summer,2
8/31/2030,28.52762604,34.48860168,23.61645699,12.81328583,0.431732088,100.9875565,3.287651539,4.146846294,105.9123993,107.3048248,30.60960197,55.29533005,Summer,2
9/1/2030,28.41460228,34.33723068,23.54368782,12.80177307,0.455696732,100.9912338,3.292083502,4.154895782,106.9499359,108.3505402,30.4694252,55.58090973,Autumn,3
9/2/2030,28.29801941,34.18214417,23.46717072,12.78782749,0.479836822,100.9949722,3.296197653,4.16271162,108.0452118,109.4525299,30.32500076,55.86948395,Autumn,3
9/3/2030,28.17809677,34.02367783,23.38702774,12.77151299,0.50407058,100.998764,3.299960613,4.170247078,109.1946793,110.6071701,30.17657661,56.1607399,Autumn,3
9/4/2030,28.05506325,33.86217117,23.30340195,12.75290203,0.528313756,101.0026093,3.303342104,4.177461147,110.3944397,111.8105011,30.02442169,56.4543457,Autumn,3
9/5/2030,27.92915916,33.69798279,23.21644211,12.73207378,0.5524804,101.0065002,3.306315899,4.184315681,111.6402969,113.0582809,29.86881828,56.74995041,Autumn,3
9/6/2030,27.80064201,33.53147888,23.12631035,12.70911312,0.576483607,101.010437,3.308858633,4.190774918,112.9277878,114.3459702,29.71006012,57.04718018,Autumn,3
9/7/2030,27.66975975,33.36303329,23.0331707,12.68410301,0.600235701,101.0144119,3.310950518,4.196808815,114.2522354,115.6689072,29.54844475,57.34564972,Autumn,3
9/8/2030,27.5367794,33.19302368,22.93720055,12.65713501,0.623649359,101.0184174,3.312576771,4.202391624,115.6088028,117.0222244,29.38428307,57.64494324,Autumn,3
9/9/2030,27.40196609,33.0218277,22.8385849,12.62829876,0.646637738,101.0224533,3.313724756,4.207501411,116.9924774,118.4009781,29.21788597,57.94464493,Autumn,3
9/10/2030,27.26558304,32.84983063,22.73749924,12.59768581,0.669115305,101.0265274,3.31438756,4.212120056,118.398262,119.8001556,29.04956245,58.24430466,Autumn,3
9/11/2030,27.12789536,32.67739868,22.63413811,12.56538486,0.690998435,101.0306244,3.314561605,4.216237545,119.8210754,121.2147446,28.87963486,58.54346085,Autumn,3
9/12/2030,26.98915863,32.50490189,22.52868462,12.5314846,0.712206006,101.0347519,3.314247608,4.219844341,121.255867,122.6397858,28.70840836,58.84165573,Autumn,3
9/13/2030,26.8496418,32.33269882,22.42133141,12.49607372,0.732659876,101.0389023,3.313450336,4.222938538,122.6976776,124.0704498,28.53619003,59.13840485,Autumn,3
9/14/2030,26.70957565,32.16113281,22.31226158,12.45923328,0.752285421,101.0430756,3.312179089,4.225523949,124.1417007,125.5020065,28.36328125,59.43320847,Autumn,3
9/15/2030,26.56921387,31.99053192,22.20165253,12.42104149,0.771012187,101.0472717,3.310446501,4.22760582,125.5832672,126.9299469,28.18997002,59.72558212,Autumn,3
9/16/2030,26.42877388,31.82120323,22.08968544,12.38157082,0.788774252,101.0514984,3.308269739,4.229198456,127.0179672,128.3500061,28.01653862,60.01501465,Autumn,3
9/17/2030,26.28847313,31.65344238,21.97652626,12.34088898,0.80551064,101.0557404,3.305669308,4.230316162,128.4416351,129.758194,27.84324646,60.3010025,Autumn,3
9/18/2030,26.14851189,31.48751259,21.86233139,12.2990551,0.8211658,101.0600052,3.302669764,4.230981827,129.8504181,131.1508484,27.67034531,60.58304596,Autumn,3
9/19/2030,26.00906944,31.32365608,21.74725723,12.2561245,0.835689783,101.0642929,3.299299002,4.231221199,131.2408142,132.5246582,27.49806595,60.86063766,Autumn,3
9/20/2030,25.87031364,31.16208839,21.63143921,12.21214008,0.849039197,101.0685959,3.295588017,4.231063843,132.609726,133.876709,27.32662201,61.13328171,Autumn,3
9/21/2030,25.73238564,31.00299454,21.51500511,12.16713905,0.861176372,101.0729141,3.291570187,4.230543613,133.9544067,135.2045288,27.15620041,61.40048981,Autumn,3
9/22/2030,25.5954113,30.8465271,21.39806557,12.12115097,0.872070313,101.0772476,3.287282705,4.229697227,135.2725983,136.5060577,26.9869709,61.66178894,Autumn,3
9/23/2030,25.45949173,30.69281387,21.28072166,12.07419586,0.881697059,101.0815964,3.282764435,4.22856617,136.5625,137.7797089,26.81908226,61.9167099,Autumn,3
9/24/2030,25.32470894,30.5419426,21.16305733,12.02628326,0.890039086,101.0859528,3.278056622,4.227193832,137.8227997,139.0244141,26.65265274,62.16481781,Autumn,3
9/25/2030,25.19111633,30.3939724,21.04513931,11.97741604,0.897085965,101.0903168,3.273202419,4.225626469,139.0526123,140.2395172,26.48777771,62.40568161,Autumn,3
9/26/2030,25.05874825,30.24892998,20.92701721,11.92758942,0.9028337,101.0946808,3.268246651,4.223912239,140.2516327,141.4249268,26.32452202,62.63888931,Autumn,3
9/27/2030,24.92761421,30.10680008,20.80872536,11.87678528,0.907285631,101.0990448,3.263234615,4.222102165,141.4199829,142.5809937,26.16293716,62.86407471,Autumn,3
9/28/2030,24.79769897,29.96754265,20.69027901,11.82498264,0.910451353,101.1034012,3.258213282,4.220248222,142.5583191,143.7085724,26.00303268,63.08087921,Autumn,3
9/29/2030,24.66896248,29.83108521,20.57168198,11.77215004,0.912347019,101.1077347,3.253230095,4.218403816,143.6678009,144.8090057,25.84480095,63.28897858,Autumn,3
9/30/2030,24.5413475,29.69731331,20.45291519,11.71824932,0.912995577,101.1120529,3.24833107,4.216622353,144.7500153,145.8840942,25.68820763,63.48809052,Autumn,3
10/1/2030,24.41476822,29.56609154,20.33394432,11.66323757,0.91242516,101.1163483,3.243564844,4.214958191,145.8070374,146.9360504,25.53319168,63.67795944,Autumn,3
10/2/2030,24.28911591,29.43724823,20.21471977,11.60706234,0.91067028,101.1205978,3.238977194,4.213465691,146.8413391,147.9675293,25.37966919,63.85835648,Autumn,3
10/3/2030,24.1642704,29.31058884,20.09517479,11.54966927,0.907770693,101.1248093,3.234614134,4.212198257,147.855835,148.9815369,25.22752762,64.02911377,Autumn,3
10/4/2030,24.04007912,29.18588448,19.97523117,11.49099827,0.903771162,101.1289597,3.230519772,4.211208344,148.8538055,149.9814758,25.07663918,64.19007874,Autumn,3
10/5/2030,23.91638565,29.06289291,19.85479355,11.4309864,0.898721218,101.133049,3.226738214,4.210547924,149.8388367,150.9710236,24.92685509,64.34115601,Autumn,3
10/6/2030,23.7930088,28.9413414,19.7337532,11.36956882,0.892674387,101.1370697,3.223310709,4.210267067,150.8148651,151.9541168,24.77800369,64.48228455,Autumn,3
10/7/2030,23.66975212,28.82094193,19.61199188,11.30667877,0.885687947,101.1409988,3.220276594,4.210413933,151.7860107,152.9349823,24.62989616,64.61343384,Autumn,3
10/8/2030,23.54641151,28.70138931,19.4893837,11.24224949,0.877822518,101.1448364,3.217673302,4.211033821,152.7566528,153.9179382,24.48233414,64.73464203,Autumn,3
10/9/2030,23.42276764,28.58236694,19.36578751,11.17621422,0.869141459,101.1485672,3.215535879,4.212170601,153.7313232,154.9075317,24.33510017,64.84597015,Autumn,3
10/10/2030,23.29860115,28.46354294,19.24106407,11.10850906,0.859710276,101.1521835,3.213896513,4.213864326,154.7146606,155.9082947,24.18797302,64.94752502,Autumn,3
10/11/2030,23.17367554,28.3445797,19.11505699,11.03907299,0.849596202,101.1556778,3.21278429,4.216152191,155.7113647,156.9248657,24.04071808,65.03945923,Autumn,3
10/12/2030,23.04776001,28.22514153,18.98761559,10.96784878,0.838867903,101.1590271,3.212226152,4.219068527,156.72612,157.9618073,23.89309502,65.12194824,Autumn,3
10/13/2030,22.92061615,28.10487747,18.85858536,10.89478493,0.82759434,101.1622391,3.212244272,4.222642899,157.7635956,159.0236664,23.7448616,65.19525146,Autumn,3
10/14/2030,22.79200935,27.98345947,18.72780991,10.81983376,0.815845072,101.1652908,3.212859631,4.226902962,158.8283539,160.1147919,23.59577942,65.2596283,Autumn,3
10/15/2030,22.66171074,27.86054802,18.59513474,10.74295807,0.803689063,101.1681747,3.214088202,4.231871605,159.9248047,161.2394257,23.44560814,65.31537628,Autumn,3
10/16/2030,22.52948952,27.73581505,18.46040916,10.6641264,0.791194797,101.1708908,3.215943575,4.237567902,161.0571594,162.4015656,23.29410744,65.362854,Autumn,3
10/17/2030,22.39513588,27.60894966,18.32348824,10.5833149,0.778429449,101.1734314,3.218435526,4.244006157,162.2293854,163.6049042,23.14104843,65.4024353,Autumn,3
10/18/2030,22.2584362,27.47966003,18.18423843,10.50051308,0.765458226,101.1757813,3.221570492,4.251197815,163.4451599,164.8528748,22.9862175,65.43452454,Autumn,3
10/19/2030,22.11919975,27.34765625,18.04252434,10.41571999,0.752344608,101.177948,3.225351334,4.259149551,164.7078094,166.1484985,22.82940674,65.45956421,Autumn,3
10/20/2030,21.97724915,27.21268463,17.89823532,10.32894135,0.739149749,101.1799164,3.229777336,4.26786375,166.0202789,167.4944611,22.67041779,65.47802734,Autumn,3
10/21/2030,21.83242035,27.07450485,17.75126076,10.24020004,0.725931704,101.1817017,3.2348454,4.277339935,167.3851318,168.8929443,22.50907898,65.49038696,Autumn,3
10/22/2030,21.6845665,26.93291283,17.601511,10.1495266,0.712745905,101.1832886,3.240548849,4.287571907,168.8044434,170.3457489,22.34523201,65.49716949,Autumn,3
10/23/2030,21.53356934,26.78771782,17.44890976,10.05696678,0.69964385,101.1846771,3.246876478,4.298550606,170.2798462,171.8541565,22.17873764,65.49890137,Autumn,3
10/24/2030,21.37932777,26.63877487,17.29340172,9.962575912,0.686674058,101.1858902,3.253815889,4.31026268,171.8124084,173.4188995,22.00947952,65.49611664,Autumn,3
10/25/2030,21.2217617,26.48595238,17.13493729,9.866424561,0.673881233,101.1869125,3.261351347,4.322692871,173.4027405,175.0402679,21.83736801,65.48937988,Autumn,3
10/26/2030,21.06081772,26.32916832,16.97350311,9.768592834,0.661305904,101.1877594,3.269463539,4.335819244,175.0509186,176.7179718,21.66233253,65.47924805,Autumn,3
10/27/2030,20.89646912,26.16836548,16.80908966,9.669177055,0.648985028,101.188446,3.2781322,4.349620342,176.7563782,178.4511719,21.48433113,65.46630096,Autumn,3
10/28/2030,20.72871399,26.00352097,16.64171791,9.568282127,0.636951089,101.1889801,3.28733325,4.364068031,178.5181122,180.2384796,21.30334854,65.45109558,Autumn,3
10/29/2030,20.55757904,25.83465004,16.47142601,9.466026306,0.625232875,101.1893692,3.297041416,4.379134178,180.3345184,182.0780334,21.11939621,65.4342041,Autumn,3
10/30/2030,20.38311195,25.66180038,16.29827118,9.362537384,0.613855064,101.1896286,3.307229042,4.394785881,182.2034302,183.9673462,20.93251228,65.41619873,Autumn,3
10/31/2030,20.20539284,25.48505974,16.12233734,9.257957458,0.602838278,101.1897888,3.317866802,4.410988808,184.1221619,185.9035187,20.74276733,65.39762878,Autumn,3
11/1/2030,20.0245266,25.30454445,15.94372654,9.152433395,0.592199385,101.1898575,3.328923702,4.427705765,186.0875244,187.8830566,20.55024719,65.37904358,Autumn,3
11/2/2030,19.84064865,25.1204052,15.76255894,9.046127319,0.58195138,101.1898499,3.340367556,4.444900513,188.0958099,189.9020538,20.35507774,65.36096191,Autumn,3
11/3/2030,19.65391159,24.93283081,15.57898426,8.93920517,0.57210356,101.1898041,3.352165699,4.462530136,190.1428375,191.9561462,20.15740204,65.34390259,Autumn,3
11/4/2030,19.46450043,24.74203873,15.39316368,8.831838608,0.562662065,101.1897354,3.364283562,4.480554581,192.2240295,194.0405579,19.95739365,65.32836914,Autumn,3
11/5/2030,19.27261925,24.54827499,15.20528126,8.724212646,0.553629637,101.1896744,3.376685858,4.498929977,194.3343201,196.150116,19.75525093,65.31481934,Autumn,3
11/6/2030,19.07849884,24.35181427,15.01554203,8.616510391,0.545006275,101.1896362,3.389338017,4.517614365,196.468338,198.2793579,19.55119324,65.30371094,Autumn,3
11/7/2030,18.88238525,24.15295792,14.8241663,8.508923531,0.536788881,101.1896667,3.402204037,4.536561489,198.6203613,200.4225159,19.34545326,65.2954483,Autumn,3
11/8/2030,18.68455124,23.95203209,14.6313858,8.401643753,0.528972089,101.1897736,3.415248632,4.555727959,200.7843933,202.5735474,19.13829803,65.29043579,Autumn,3
11/9/2030,18.48527908,23.7493782,14.43745518,8.294866562,0.521548629,101.1900024,3.428436279,4.575068951,202.9542236,204.7262573,18.93000603,65.28901672,Autumn,3
11/10/2030,18.28487206,23.5453701,14.24263573,8.188785553,0.514508963,101.1903763,3.441731453,4.594538689,205.1233978,206.8742676,18.72086906,65.29153442,Autumn,3
11/11/2030,18.08364487,23.34037971,14.04720783,8.083595276,0.507842004,101.1909332,3.455099344,4.614093781,207.2853851,209.0111389,18.51119423,65.29827881,Autumn,3
11/12/2030,17.88192558,23.13480759,13.85145187,7.97948885,0.501535535,101.1916885,3.468506575,4.633689404,209.4335938,211.1303711,18.30130196,65.30948639,Autumn,3
11/13/2030,17.6800518,22.92905235,13.65566444,7.876653194,0.495576233,101.1926804,3.481918812,4.653283119,211.5612946,213.2254791,18.09152031,65.32540894,Autumn,3
11/14/2030,17.47835922,22.723526,13.46014309,7.775271893,0.489950031,101.1939392,3.495303869,4.672832012,213.6619263,215.2900391,17.88218307,65.34620667,Autumn,3
11/15/2030,17.27720261,22.51864243,13.26519489,7.675523758,0.484642416,101.195488,3.508630276,4.692295074,215.7288971,217.3177795,17.67362976,65.37203979,Autumn,3
11/16/2030,17.07692146,22.31481361,13.07112408,7.577579975,0.479638726,101.1973572,3.521867037,4.711631775,217.7558594,219.302536,17.46619797,65.4030304,Autumn,3
11/17/2030,16.87787247,22.11245537,12.87823582,7.481601715,0.474924177,101.1995773,3.534985304,4.730802536,219.7365112,221.2384186,17.26023293,65.4392395,Autumn,3
11/18/2030,16.68039322,21.91197205,12.68683624,7.38774395,0.470484465,101.2021637,3.547957182,4.749772072,221.6649475,223.1197968,17.05606461,65.48070526,Autumn,3
11/19/2030,16.48482704,21.71376038,12.49722385,7.296150208,0.466305733,101.2051392,3.560755491,4.768503189,223.5354156,224.9412689,16.8540287,65.5274353,Autumn,3
11/20/2030,16.29150581,21.51820755,12.30969334,7.206951618,0.462374598,101.208519,3.573355198,4.786962509,225.3425598,226.6979218,16.65444374,65.57939148,Autumn,3
11/21/2030,16.10074997,21.32568359,12.12453079,7.120269775,0.458678842,101.2123337,3.585732222,4.805116653,227.0813599,228.3851318,16.45762444,65.63652039,Autumn,3
11/22/2030,15.91287231,21.13654518,11.9420166,7.036212921,0.455206871,101.2165909,3.597864389,4.822936058,228.7472534,229.9987183,16.26387024,65.69869995,Autumn,3
11/23/2030,15.72816277,20.9511261,11.76241302,6.954875946,0.451948434,101.2212982,3.609730005,4.840390205,230.3360443,231.5349884,16.07346535,65.76582336,Autumn,3
11/24/2030,15.54690933,20.76974487,11.58597279,6.876339912,0.448894292,101.2264786,3.621309996,4.8574543,231.8441315,232.9906921,15.88667679,65.83772278,Autumn,3
11/25/2030,15.36936569,20.59268951,11.41293621,6.800671577,0.446036488,101.2321167,3.632585764,4.874102116,233.2682648,234.3631287,15.70375633,65.91419983,Autumn,3
11/26/2030,15.19578171,20.42022133,11.24352074,6.727925301,0.443368286,101.2382278,3.643541574,4.890310287,234.605835,235.6501007,15.52493286,65.99504089,Autumn,3
11/27/2030,15.02637672,20.25258636,11.07793522,6.658139229,0.440884173,101.2448044,3.654160976,4.906059265,235.8547058,236.8499146,15.35042191,66.08000183,Autumn,3
11/28/2030,14.86135101,20.08999062,10.91636276,6.59133625,0.438579917,101.2518539,3.66443038,4.921327591,237.0133362,237.9614716,15.18040085,66.1688385,Autumn,3
11/29/2030,14.70088387,19.93261909,10.75896931,6.527527809,0.436452389,101.2593536,3.674337149,4.936099052,238.0806885,238.9841919,15.01504326,66.26124573,Autumn,3
11/30/2030,14.54512787,19.78061676,10.60590076,6.46670723,0.434499621,101.2672882,3.683870554,4.950357914,239.0563507,239.9180298,14.85448074,66.35693359,Autumn,3
12/1/2030,14.39421463,19.6341114,10.45728111,6.408858299,0.432720631,101.2756577,3.693020582,4.964090347,239.9404144,240.7634735,14.69883537,66.45556641,Winter,0
12/2/2030,14.24824715,19.49319267,10.31321526,6.353946686,0.431115299,101.2844315,3.70177865,4.977283478,240.7335205,241.5215759,14.54819679,66.55683136,Winter,0
12/3/2030,14.10730934,19.35791969,10.17378426,6.30192852,0.429684371,101.2935867,3.710136652,4.989928246,241.4369049,242.1938629,14.40262604,66.66036987,Winter,0
12/4/2030,13.97145081,19.22831917,10.03904438,6.252744675,0.428428978,101.3031006,3.718088865,5.002015591,242.0522766,242.7823639,14.26217079,66.76583862,Winter,0
12/5/2030,13.84070969,19.10440063,9.909036636,6.206327438,0.427350909,101.3129425,3.725630522,5.013537407,242.5817719,243.2895355,14.12684441,66.87285614,Winter,0
12/6/2030,13.71508598,18.98612595,9.783774376,6.162595749,0.42645216,101.3230667,3.732756615,5.024490356,243.0281219,243.7183075,13.99664116,66.9810791,Winter,0
12/7/2030,13.59456635,18.87344551,9.663251877,6.121458054,0.425734848,101.3334503,3.73946476,5.034868717,243.394455,244.0719757,13.87153053,67.09012604,Winter,0
12/8/2030,13.47911644,18.76627541,9.54744339,6.082816124,0.425200909,101.3440475,3.745752811,5.044670582,243.6842804,244.354248,13.75146484,67.19961548,Winter,0
12/9/2030,13.36866951,18.66451645,9.436303139,6.046560764,0.424852192,101.3548203,3.751619577,5.05389595,243.901474,244.5691071,13.63636971,67.30918884,Winter,0
12/10/2030,13.26314545,18.5680294,9.329762459,6.012578011,0.424689859,101.3657227,3.757065058,5.062543392,244.0502472,244.7208099,13.52614975,67.41848755,Winter,0
12/11/2030,13.16244507,18.4766674,9.227741241,5.980745316,0.424714714,101.3767014,3.762089729,5.070616245,244.1351166,244.8139343,13.42069817,67.5271225,Winter,0
12/12/2030,13.06645393,18.39026642,9.130138397,5.950936317,0.424926579,101.3877106,3.766695738,5.078116417,244.1608276,244.8531494,13.31988907,67.63475037,Winter,0
12/13/2030,12.97503471,18.3086338,9.036837578,5.92302227,0.425324321,101.3987045,3.770885229,5.085048676,244.132309,244.8433228,13.22358322,67.74102783,Winter,0
12/14/2030,12.88804436,18.23157692,8.947707176,5.896868706,0.425905854,101.4096298,3.774661541,5.091417789,244.054657,244.7894745,13.13162422,67.84561157,Winter,0
12/15/2030,12.80531693,18.15887833,8.862605095,5.872341633,0.42666775,101.4204254,3.778028488,5.097230911,243.9330597,244.6965942,13.04384613,67.94815826,Winter,0
12/16/2030,12.72668457,18.09031677,8.781378746,5.849306107,0.427605331,101.4310532,3.780991793,5.10249567,243.7727356,244.5697174,12.9600811,68.04837036,Winter,0
12/17/2030,12.65196991,18.02567101,8.703863144,5.827627659,0.428712219,101.441452,3.783556223,5.10722065,243.5789642,244.4138489,12.88014603,68.1459198,Winter,0
12/18/2030,12.58098984,17.96469688,8.629886627,5.807172775,0.429980874,101.4515686,3.78572917,5.111415386,243.3569336,244.2338715,12.8038559,68.24053955,Winter,0
12/19/2030,12.5135479,17.90717125,8.559277534,5.787813663,0.431401968,101.4613571,3.787517071,5.115091324,243.1117249,244.0345917,12.73102474,68.3319397,Winter,0
12/20/2030,12.44945526,17.85284996,8.491846085,5.769421577,0.432964683,101.4707642,3.788928032,5.11825943,242.8483734,243.8206329,12.66145802,68.41986084,Winter,0
12/21/2030,12.38851357,17.80150986,8.42741394,5.751875877,0.43465665,101.4797363,3.789970636,5.120932579,242.57164,243.5963898,12.59497833,68.50405884,Winter,0
12/22/2030,12.33053589,17.75291824,8.365797043,5.735060692,0.436463714,101.4882355,3.790654898,5.12312603,242.2861328,243.3660431,12.531394,68.58430481,Winter,0
12/23/2030,12.2753315,17.70685768,8.306807518,5.718865871,0.438370466,101.4962082,3.790990591,5.12485218,241.9962006,243.1334686,12.4705267,68.66039276,Winter,0
12/24/2030,12.22271538,17.66312408,8.25026989,5.703188896,0.44035995,101.503624,3.790989161,5.126127243,241.7058563,242.9022369,12.41220856,68.7321167,Winter,0
12/25/2030,12.17250824,17.62151146,8.196001053,5.687933922,0.442413837,101.5104294,3.790661573,5.126968861,241.4188538,242.6756134,12.3562727,68.79930115,Winter,0
12/26/2030,12.12454224,17.58183861,8.14383316,5.673014164,0.444512695,101.5165939,3.790020466,5.127392769,241.1385956,242.4564819,12.30256748,68.86180115,Winter,0
12/27/2030,12.07865715,17.54393578,8.093603134,5.658352375,0.446635813,101.5220871,3.789079189,5.127417088,240.8680725,242.2473755,12.25094795,68.91944885,Winter,0
12/28/2030,12.0347023,17.50764656,8.045154572,5.643877983,0.448761731,101.5268784,3.787851095,5.127060413,240.6099396,242.050354,12.20128441,68.97213745,Winter,0
12/29/2030,11.99254036,17.47283554,7.998343945,5.629533291,0.450868279,101.5309448,3.78635025,5.126342297,240.3664093,241.867218,12.15346336,69.01974487,Winter,0
12/30/2030,11.95205307,17.43938446,7.953033924,5.6152668,0.452932686,101.5342712,3.78459239,5.125283241,240.1392822,241.6992493,12.10738182,69.06217957,Winter,0
12/31/2030,11.91312218,17.40719032,7.909102917,5.601036549,0.454931915,101.5368271,3.782593012,5.123903751,239.9299774,241.5473633,12.06295395,69.09938049,Winter,0
1/1/2031,11.87565804,17.37617874,7.86644125,5.586813927,0.45684287,101.5386124,3.780367851,5.122224808,239.7394714,241.4120483,12.02010727,69.13127136,Winter,0
1/2/2031,11.83957672,17.34628296,7.824953556,5.572574615,0.458642572,101.5396194,3.777934074,5.120266914,239.5682831,241.2934418,11.97878933,69.1578064,Winter,0
1/3/2031,11.80482101,17.31746674,7.784553051,5.558308601,0.460308582,101.5398483,3.775308609,5.11805439,239.4165649,241.1912231,11.93896484,69.17896271,Winter,0
1/4/2031,11.7713356,17.28970718,7.745177746,5.544012547,0.461819082,101.5392914,3.772509098,5.115607738,239.2840576,241.1047363,11.90061092,69.19471741,Winter,0
1/5/2031,11.73908997,17.26300621,7.706772327,5.529690742,0.463153154,101.5379639,3.769553661,5.112951279,239.1700897,241.0329742,11.86371803,69.20507813,Winter,0
1/6/2031,11.70806885,17.23738098,7.669297695,5.515357971,0.464290977,101.5358734,3.76646018,5.110106945,239.0735779,240.9745026,11.82830429,69.21005249,Winter,0
1/7/2031,11.67827034,17.21286583,7.632730484,5.50103569,0.465214401,101.5330429,3.763247252,5.107097626,238.9931946,240.9277649,11.79439259,69.20967102,Winter,0
1/8/2031,11.64970875,17.18951225,7.597064018,5.486752987,0.46590665,101.5294876,3.759933472,5.103946686,238.9272003,240.8907166,11.76202583,69.20396423,Winter,0
1/9/2031,11.62241173,17.16739845,7.562297821,5.472546577,0.466353029,101.525238,3.756537914,5.10067749,238.8735352,240.8611298,11.73125458,69.19297791,Winter,0
1/10/2031,11.5964241,17.14660072,7.528459549,5.458456039,0.466540933,101.5203247,3.753078222,5.097311974,238.8299561,240.8366089,11.70215034,69.17678833,Winter,0
1/11/2031,11.57179642,17.12722206,7.495578289,5.444529533,0.46645993,101.5147705,3.749573708,5.093872547,238.7939301,240.8144836,11.67479134,69.15544891,Winter,0
1/12/2031,11.54859734,17.10937309,7.463698387,5.430818558,0.466102153,101.5086212,3.746041775,5.090381622,238.7626801,240.7919769,11.6492691,69.12905884,Winter,0
1/13/2031,11.52690601,17.09317017,7.432878494,5.417377472,0.465462297,101.501915,3.742501259,5.08686018,238.7333069,240.7661591,11.62568378,69.09770203,Winter,0
1/14/2031,11.50680542,17.0787487,7.403185844,5.404266357,0.464537859,101.4946976,3.738968611,5.083329201,238.7027435,240.7340088,11.60413742,69.06147766,Winter,0
1/15/2031,11.48839378,17.0662384,7.374702454,5.391545773,0.463329107,101.4870148,3.735461712,5.079809189,238.6678314,240.6925049,11.58475113,69.02050781,Winter,0
1/16/2031,11.47177315,17.05578613,7.347508907,5.379278183,0.461839199,101.4789124,3.731996536,5.076318264,238.6253815,240.6385498,11.56763935,68.97490692,Winter,0
1/17/2031,11.45704842,17.04753494,7.321706295,5.367524147,0.460074484,101.4704361,3.728588581,5.0728755,238.5721436,240.5690613,11.5529213,68.92480469,Winter,0
1/18/2031,11.44433117,17.04162788,7.297388554,5.356348991,0.458043814,101.461647,3.725252628,5.069497585,238.5048523,240.4810944,11.54072762,68.87033081,Winter,0
1/19/2031,11.43373775,17.03821182,7.27466917,5.345816612,0.455759406,101.4525986,3.722002268,5.06619978,238.4203644,240.3717651,11.53117657,68.81163025,Winter,0
1/20/2031,11.42537975,17.03743362,7.25365448,5.335985184,0.453236133,101.4433365,3.718850851,5.062996864,238.3155365,240.2382202,11.52439499,68.74885559,Winter,0
1/21/2031,11.41937637,17.0394268,7.234457493,5.326914787,0.450491667,101.4339142,3.715809584,5.059902191,238.1873932,240.0778351,11.52049828,68.68216705,Winter,0
1/22/2031,11.41583824,17.04432487,7.217193604,5.318662643,0.447546512,101.4243851,3.712889194,5.056927681,238.0330963,239.8882141,11.51960468,68.61171722,Winter,0
1/23/2031,11.41487503,17.05225754,7.201977253,5.311280727,0.444423437,101.4148102,3.710098743,5.054081917,237.849884,239.667038,11.52182198,68.53768158,Winter,0
1/24/2031,11.41659355,17.06333733,7.188919544,5.304818153,0.441147655,101.4052353,3.707446098,5.051374912,237.6353607,239.4123077,11.52725601,68.46022797,Winter,0
1/25/2031,11.42109299,17.07767487,7.178132057,5.299321651,0.437746674,101.3957138,3.704937935,5.048811436,237.3872375,239.1221771,11.5359993,68.37953949,Winter,0
1/26/2031,11.4284687,17.09535789,7.169721127,5.294830322,0.43424958,101.3862915,3.702579498,5.046397686,237.1034546,238.7951965,11.54813385,68.29579163,Winter,0
1/27/2031,11.43880177,17.11647606,7.163790703,5.291380882,0.430687279,101.3770142,3.700374126,5.044136524,236.7822876,238.430069,11.56373787,68.20917511,Winter,0
1/28/2031,11.45217323,17.14109612,7.160435677,5.289002895,0.427091867,101.3679276,3.698323727,5.042028904,236.422226,238.0258179,11.58287621,68.11987305,Winter,0
1/29/2031,11.468647,17.16926575,7.159745216,5.287723541,0.423496723,101.3590698,3.696429253,5.040074825,236.0220795,237.5817566,11.60559559,68.02809143,Winter,0
1/30/2031,11.48828316,17.20103645,7.161801338,5.287560463,0.419935644,101.3504791,3.694690704,5.03827095,235.5809021,237.0974579,11.63193703,67.93399048,Winter,0
1/31/2031,11.51112175,17.23642159,7.166676521,5.288527966,0.41644299,101.342186,3.693104029,5.036613941,235.098114,236.5728912,11.66192722,67.8378067,Winter,0
2/1/2031,11.53719997,17.27543449,7.174439907,5.290636539,0.413053095,101.3342361,3.691666603,5.035097122,234.5733643,236.0081329,11.69557571,67.73971558,Winter,0
2/2/2031,11.56653786,17.31806564,7.185138226,5.293887138,0.409799814,101.3266373,3.690372467,5.033713341,234.0066223,235.4037018,11.73287964,67.63990784,Winter,0
2/3/2031,11.59914589,17.36429405,7.198819637,5.298277855,0.406716555,101.3194199,3.689215899,5.032452583,233.3981628,234.7602997,11.77382851,67.53860474,Winter,0
2/4/2031,11.63502312,17.41407776,7.215518475,5.303802013,0.403835624,101.3125992,3.688188314,5.031305313,232.7485199,234.0789032,11.81838894,67.43597412,Winter,0
2/5/2031,11.67415047,17.46736336,7.235254288,5.310446739,0.401187867,101.3061829,3.687281132,5.030258656,232.0584869,233.360733,11.86652279,67.33221436,Winter,0
2/6/2031,11.71650505,17.52408791,7.258041382,5.318194389,0.3988024,101.3001938,3.686484098,5.029298782,231.3291779,232.607193,11.91817188,67.22753143,Winter,0
2/7/2031,11.76204491,17.58416557,7.283875465,5.32702446,0.396706313,101.294632,3.685786009,5.028410912,230.5618134,231.8199615,11.97327137,67.12210846,Winter,0
2/8/2031,11.81071854,17.64750099,7.312748909,5.336910248,0.394924343,101.2894897,3.685174942,5.027580261,229.7579803,231.0008087,12.03173828,67.01612091,Winter,0
2/9/2031,11.86246681,17.71398926,7.344639301,5.347823143,0.393478602,101.2847672,3.684637308,5.026788712,228.9193573,230.1517487,12.09348488,66.90975952,Winter,0
2/10/2031,11.91721725,17.78351212,7.379510403,5.359731674,0.392387986,101.2804565,3.684160948,5.02602005,228.0478516,229.2747955,12.15841579,66.80319214,Winter,0
2/11/2031,11.97488785,17.85594749,7.417327404,5.372599602,0.391668618,101.2765427,3.683731079,5.025255203,227.1454926,228.3722382,12.22641468,66.69659424,Winter,0
2/12/2031,12.03539085,17.93115234,7.458030701,5.386390686,0.391332865,101.2730026,3.683333874,5.024476528,226.2144012,227.4462585,12.29736805,66.59012604,Winter,0
2/13/2031,12.09862518,18.00899315,7.501559258,5.40106678,0.391389698,101.2698212,3.68295455,5.023664951,225.256897,226.4992065,12.37115097,66.4839325,Winter,0
2/14/2031,12.16448402,18.08931541,7.547847748,5.416585922,0.391844392,101.2669754,3.682578802,5.02280283,224.2753143,225.5334167,12.44763374,66.37817383,Winter,0
2/15/2031,12.23286057,18.17197227,7.596811295,5.432909012,0.392698139,101.2644348,3.682192564,5.021870613,223.2719727,224.5511932,12.52668381,66.27297211,Winter,0
2/16/2031,12.30363274,18.25680923,7.648367405,5.449994087,0.393948406,101.2621689,3.681781769,5.020851135,222.2492828,223.5548401,12.6081562,66.16845703,Winter,0
2/17/2031,12.3766861,18.34366608,7.70242548,5.46780014,0.395588547,101.2601395,3.681333065,5.019726753,221.2096252,222.5466003,12.69192123,66.06474304,Winter,0
2/18/2031,12.45189095,18.43239403,7.758886814,5.486288071,0.397608101,101.258316,3.68083334,5.018481255,220.1553497,221.5285645,12.77783394,65.96194458,Winter,0
2/19/2031,12.52912331,18.52283669,7.817648411,5.50541687,0.399992496,101.2566528,3.68027091,5.017098427,219.0887299,220.5028229,12.86575127,65.8601532,Winter,0
2/20/2031,12.60826492,18.61484337,7.878605366,5.525148392,0.402723461,101.2551117,3.679634571,5.015563965,218.0119629,219.4712372,12.95553589,65.75943756,Winter,0
2/21/2031,12.68917656,18.70826912,7.94164896,5.545448303,0.405778915,101.2536545,3.678914785,5.013865471,216.9271545,218.4355927,13.04705524,65.65987396,Winter,0
2/22/2031,12.77174568,18.80296898,8.006670952,5.566281796,0.409133196,101.2522354,3.678101778,5.011991024,215.8362732,217.3974762,13.14017487,65.56152344,Winter,0
2/23/2031,12.85584259,18.89881516,8.073558807,5.587618828,0.412757427,101.2508087,3.677188873,5.009930611,214.7411499,216.3582764,13.23476696,65.46440125,Winter,0
2/24/2031,12.94135094,18.99567795,8.142198563,5.609426975,0.41661945,101.2493362,3.676169872,5.007676125,213.6434326,215.3192291,13.33071136,65.36857605,Winter,0
2/25/2031,13.02815247,19.09343719,8.212482452,5.631682396,0.420684248,101.2477722,3.675040483,5.005222321,212.544632,214.2813721,13.42789268,65.27403259,Winter,0
2/26/2031,13.11614227,19.19198799,8.284300804,5.654363632,0.424914271,101.2460785,3.673798084,5.002562523,211.4460602,213.2454987,13.52620506,65.1807785,Winter,0
2/27/2031,13.20521164,19.29122543,8.357548714,5.677447319,0.42926985,101.2442093,3.672441244,4.999697685,210.3488464,212.212204,13.62554741,65.08880615,Winter,0
2/28/2031,13.29526138,19.39106941,8.43211937,5.700919151,0.433709234,101.2421265,3.670971155,4.9966259,209.2539063,211.1819305,13.72583199,64.99807739,Winter,0
3/1/2031,13.38620377,19.49143219,8.507916451,5.72476387,0.438189417,101.2397919,3.669389963,4.993350983,208.1619568,210.1548004,13.82697487,64.90857697,Spring,1
3/2/2031,13.47794724,19.59225273,8.584842682,5.748971939,0.442666143,101.2371674,3.667702675,4.989877701,207.0735474,209.1308136,13.92890549,64.82022095,Spring,1
3/3/2031,13.57042122,19.69347191,8.662809372,5.773534775,0.44709453,101.23423,3.665914536,4.9862113,205.9889984,208.1097412,14.03156281,64.73297119,Spring,1
3/4/2031,13.66355133,19.79504776,8.741729736,5.798447609,0.451429456,101.2309341,3.66403389,4.982361794,204.9084778,207.091217,14.13489342,64.64674377,Spring,1
3/5/2031,13.75728035,19.89694405,8.821526527,5.823709488,0.455625862,101.2272644,3.662070513,4.978342056,203.8319092,206.074646,14.23885345,64.56144714,Spring,1
3/6/2031,13.85155106,19.99914169,8.902126312,5.849321365,0.459639609,101.2231979,3.66003561,4.974163055,202.7590942,205.0592499,14.3434124,64.47698975,Spring,1
3/7/2031,13.94631958,20.10161781,8.98346138,5.875284195,0.463427305,101.2187119,3.657942057,4.969842911,201.6896362,204.04422,14.44854164,64.39326477,Spring,1
3/8/2031,14.04154396,20.20437622,9.065475464,5.901604652,0.466947138,101.2137833,3.655804396,4.965397358,200.6230164,203.0284882,14.55423355,64.31015015,Spring,1
3/9/2031,14.1371994,20.30741692,9.148109436,5.928287506,0.470159173,101.2084045,3.653639078,4.960846424,199.5585938,202.0109863,14.66047287,64.22753906,Spring,1
3/10/2031,14.23326111,20.41075325,9.231324196,5.955342293,0.473025858,101.2025757,3.651462555,4.95621109,198.4955597,200.9904785,14.76726532,64.14529419,Spring,1
3/11/2031,14.32971001,20.5144062,9.315073967,5.982778549,0.475512266,101.1962814,3.649293423,4.951514244,197.433075,199.9657593,14.87462234,64.0632782,Spring,1
3/12/2031,14.42654037,20.61840057,9.399328232,6.010605335,0.477586478,101.1895218,3.647150993,4.946779251,196.3701782,198.9355316,14.98255157,63.98136139,Spring,1
3/13/2031,14.52374458,20.72276497,9.484060287,6.038833618,0.479219913,101.182312,3.645054817,4.942031384,195.3058777,197.898468,15.09107399,63.89940643,Spring,1
3/14/2031,14.62132645,20.82753563,9.569246292,6.067473412,0.480387717,101.1746521,3.643026114,4.937295914,194.2391052,196.8533325,15.20022011,63.81727219,Spring,1
3/15/2031,14.71929169,20.9327507,9.654871941,6.096535683,0.481068999,101.1665497,3.641085863,4.932600498,193.1688385,195.7988129,15.31001282,63.73482132,Spring,1
3/16/2031,14.81764793,21.03844833,9.740925789,6.126029968,0.481246978,101.1580353,3.639255047,4.927971363,192.0940399,194.7337341,15.42048836,63.65191269,Spring,1
3/17/2031,14.91641426,21.14466858,9.82740593,6.155965328,0.480909228,101.1491165,3.637554884,4.923435211,191.0136871,193.6569519,15.53167534,63.5684166,Spring,1
3/18/2031,15.0155983,21.2514534,9.914308548,6.186349869,0.480047882,101.1398239,3.636006355,4.919019222,189.9267883,192.5675049,15.64361,63.48419189,Spring,1
3/19/2031,15.11522675,21.35883713,10.00163651,6.217189789,0.4786596,101.1301804,3.634630442,4.914751053,188.832489,191.4644165,15.75632858,63.39912796,Spring,1
3/20/2031,15.21530914,21.46685982,10.08939743,6.248491287,0.476745784,101.120224,3.633446455,4.910655022,187.7299652,190.3470001,15.86986351,63.31309891,Spring,1
3/21/2031,15.3158741,21.57555008,10.17760277,6.280254841,0.474312425,101.1099777,3.632473946,4.906756878,186.6185303,189.2145844,15.98424339,63.22599411,Spring,1
3/22/2031,15.41693306,21.68493652,10.2662611,6.312482834,0.471370339,101.0994873,3.631730795,4.90308094,185.4975739,188.066803,16.09950066,63.13772583,Spring,1
3/23/2031,15.51851273,21.79504204,10.35538673,6.345173836,0.467934698,101.0887909,3.631233215,4.899648666,184.3666229,186.9033508,16.2156601,63.04819107,Spring,1
3/24/2031,15.62062073,21.90588188,10.44499493,6.378324509,0.464025199,101.0779266,3.630996704,4.896482468,183.2254333,185.7241669,16.33274078,62.95731735,Spring,1
3/25/2031,15.72327614,22.0174675,10.53510284,6.411929607,0.459665984,101.0669403,3.631035328,4.893600464,182.0737915,184.5293884,16.4507618,62.86503601,Spring,1
3/26/2031,15.82649612,22.12979698,10.62572575,6.445980549,0.454884946,101.0558701,3.631359816,4.891018867,180.9117584,183.3193665,16.56973076,62.77129745,Spring,1
3/27/2031,15.93027878,22.24287033,10.71687889,6.480466843,0.449714035,101.0447617,3.631980181,4.888753891,179.7394409,182.0946503,16.6896553,62.67606354,Spring,1
3/28/2031,16.03464127,22.35666847,10.80858135,6.515376091,0.444188595,101.0336685,3.632903814,4.886816025,178.557251,180.8559418,16.81053162,62.57931137,Spring,1
3/29/2031,16.13957787,22.47117615,10.90084457,6.550693512,0.438347161,101.0226364,3.634136438,4.885214806,177.3656769,179.6042023,16.93235397,62.4810257,Spring,1
3/30/2031,16.24509048,22.58635902,10.99368477,6.586402893,0.432231158,101.0117035,3.635680437,4.883957863,176.1653748,178.3405762,17.05510139,62.38121033,Spring,1
3/31/2031,16.35116959,22.70218086,11.08711338,6.622485638,0.425884277,101.0009232,3.637536287,4.883047581,174.9571991,177.0663757,17.17875862,62.27989197,Spring,1
4/1/2031,16.45781136,22.81859779,11.18113995,6.658921242,0.419352382,100.9903336,3.639702082,4.88248539,173.7421265,175.7831268,17.30329323,62.17710114,Spring,1
4/2/2031,16.56499481,22.9355545,11.27577305,6.695689201,0.412682772,100.9799881,3.642172813,4.882268429,172.5213165,174.4924164,17.42866898,62.07288742,Spring,1
4/3/2031,16.6727066,23.05299187,11.37101936,6.732766151,0.405923873,100.9699173,3.644941092,4.882391453,171.2960052,173.1960754,17.5548439,61.96731567,Spring,1
4/4/2031,16.78092194,23.17084503,11.46688366,6.770129204,0.399124771,100.9601746,3.647997618,4.882844925,170.0675964,171.8960114,17.68177032,61.86046219,Spring,1
4/5/2031,16.88961601,23.28903961,11.56336784,6.807754517,0.39233461,100.950798,3.651329279,4.883617401,168.8376007,170.5942383,17.80939484,61.7524147,Spring,1
4/6/2031,16.99876022,23.40749931,11.66047001,6.845620155,0.385602176,100.9418182,3.654921532,4.884693623,167.6075439,169.2928772,17.9376545,61.64328384,Spring,1
4/7/2031,17.10832024,23.52614403,11.75818729,6.883700848,0.378975511,100.9332733,3.658756495,4.88605547,166.3791199,167.9940491,18.06649017,61.53317642,Spring,1
4/8/2031,17.21826744,23.64489174,11.85651875,6.921975136,0.372501224,100.9251938,3.662814617,4.887682915,165.1539764,166.6999512,18.19582748,61.42221832,Spring,1
4/9/2031,17.32855797,23.76365471,11.95545483,6.960420609,0.366224229,100.9176025,3.667073965,4.889549732,163.9338531,165.412796,18.32560158,61.31053925,Spring,1
4/10/2031,17.4391613,23.8823452,12.05498981,6.999018669,0.360187024,100.9105377,3.671509981,4.891631126,162.7204437,164.1347504,18.45573997,61.19828796,Spring,1
4/11/2031,17.55003357,24.00087738,12.15511417,7.037749767,0.354429632,100.904007,3.676097393,4.893898964,161.5154572,162.8679504,18.58616447,61.08560181,Spring,1
4/12/2031,17.66113853,24.11917114,12.25581837,7.076596737,0.348988831,100.8980408,3.680808306,4.896320343,160.3205566,161.6144562,18.7168026,60.97263718,Spring,1
4/13/2031,17.77244186,24.23714447,12.35709,7.11554718,0.343898028,100.8926544,3.685613155,4.898862839,159.1373444,160.376236,18.84758186,60.85954285,Spring,1
4/14/2031,17.8839016,24.35471535,12.45891762,7.154589176,0.339186698,100.8878479,3.690481424,4.901491165,157.9673157,159.1551514,18.9784317,60.74647903,Spring,1
4/15/2031,17.99548531,24.47181702,12.56129265,7.193715096,0.334880263,100.8836365,3.695381641,4.904169559,156.8118896,157.9528961,19.10927963,60.63359451,Spring,1
4/16/2031,18.10716248,24.58838081,12.66420078,7.232918739,0.330999613,100.8800278,3.70028162,4.906858444,155.6723328,156.7710114,19.2400589,60.5210495,Spring,1
4/17/2031,18.2189045,24.70435143,12.7676363,7.272199631,0.3275612,100.8770218,3.705147266,4.909520626,154.5498047,155.6108704,19.37071419,60.40898132,Spring,1
4/18/2031,18.33068275,24.81967926,12.87158585,7.3115592,0.324576437,100.8746109,3.709945679,4.912116051,153.4452667,154.4736023,19.50118446,60.29753876,Spring,1
4/19/2031,18.44248199,24.93432426,12.97604465,7.35100317,0.322051972,100.8727951,3.714643002,4.914604187,152.3595276,153.3601379,19.63142586,60.18685532,Spring,1
4/20/2031,18.55428123,25.04825592,13.0810051,7.390541553,0.319989085,100.8715591,3.719206333,4.916947365,151.2931824,152.2711945,19.76139259,60.07705307,Spring,1
4/21/2031,18.66607666,25.16146469,13.18646622,7.430187225,0.31838429,100.8708878,3.723602295,4.919103622,150.2466431,151.2072144,19.89105415,59.96824646,Spring,1
4/22/2031,18.77786636,25.2739315,13.29242611,7.469956398,0.317228884,100.8707809,3.727799177,4.92103672,149.2201233,150.168396,20.02038383,59.86053467,Spring,1
4/23/2031,18.88964844,25.38567543,13.39888573,7.509870529,0.316509128,100.8712082,3.731765032,4.922706604,148.2136078,149.1546631,20.14936829,59.75400925,Spring,1
4/24/2031,19.00143623,25.49670792,13.50585079,7.549953461,0.316206247,100.8721542,3.73547101,4.924077988,147.2268524,148.1656952,20.27799797,59.64873505,Spring,1
4/25/2031,19.11324501,25.60707283,13.61333179,7.590232849,0.316296905,100.8735886,3.73888731,4.925116539,146.2593994,147.2009125,20.40628242,59.54476166,Spring,1
4/26/2031,19.22510147,25.71680832,13.72133541,7.630739689,0.316753119,100.8754883,3.74198842,4.925786972,145.3105621,146.2594604,20.53423309,59.44213867,Spring,1
4/27/2031,19.33703232,25.82597542,13.82988167,7.671506882,0.317542642,100.8778381,3.744749069,4.926060677,144.3794861,145.3402405,20.66187668,59.34086609,Spring,1
4/28/2031,19.44908333,25.93465042,13.93898487,7.712570667,0.318629175,100.8805923,3.747145414,4.925907135,143.4650421,144.4419403,20.78924561,59.24095154,Spring,1
4/29/2031,19.56129456,26.04291916,14.04866695,7.753968716,0.319972724,100.883728,3.749158859,4.925301552,142.5659332,143.5629425,20.91639137,59.14236832,Spring,1
4/30/2031,19.67371941,26.150877,14.15895462,7.795741081,0.321529984,100.8872147,3.750770092,4.924220085,141.6807098,142.7015228,21.04336739,59.04507065,Spring,1
5/1/2031,19.78642082,26.2586422,14.26987648,7.837928295,0.323254853,100.8910217,3.751964092,4.922643661,140.8077087,141.8556671,21.1702404,58.94898987,Spring,1
5/2/2031,19.89945984,26.36632729,14.3814621,7.880572796,0.325098813,100.8951035,3.752728462,4.920554161,139.9451141,141.0232544,21.29708672,58.85404205,Spring,1
5/3/2031,20.01290894,26.47406769,14.4937458,7.923717022,0.327011079,100.8994446,3.753053188,4.917939186,139.0910492,140.2019653,21.42399025,58.76012039,Spring,1
5/4/2031,20.1268425,26.58200264,14.60676193,7.967401505,0.328939646,100.9039993,3.752931595,4.914788723,138.2434235,139.3894043,21.55104256,58.66707611,Spring,1
5/5/2031,20.24134254,26.69028282,14.72055531,8.011667252,0.330831379,100.9087448,3.752359867,4.911095142,137.4001465,138.5830383,21.67834663,58.57478714,Spring,1
5/6/2031,20.35649109,26.79906082,14.83515549,8.056555748,0.332632571,100.9136353,3.751336336,4.906856537,136.5590057,137.7802734,21.80600357,58.48306274,Spring,1
5/7/2031,20.47237396,26.90849495,14.95061302,8.10210228,0.3342897,100.9186478,3.749863148,4.902072906,135.7178192,136.9785309,21.9341259,58.39171982,Spring,1
5/8/2031,20.58908081,27.01874924,15.0669632,8.148343086,0.335749537,100.9237518,3.747946024,4.896748543,134.8743439,136.1751556,22.06282997,58.30055618,Spring,1
5/9/2031,20.70669937,27.12998772,15.18424988,8.195310593,0.336960137,100.9289093,3.745591402,4.890892029,134.0263977,135.3675537,22.19223404,58.20934296,Spring,1
5/10/2031,20.8253212,27.24237633,15.30251217,8.243030548,0.337870926,100.9340973,3.742809772,4.884512424,133.1718292,134.5532074,22.32245636,58.11785126,Spring,1
5/11/2031,20.94503021,27.3560791,15.42178917,8.291530609,0.338433474,100.9392853,3.739614964,4.877625465,132.3085785,133.72966,22.4536171,58.02582169,Spring,1
5/12/2031,21.06591225,27.47125435,15.54211998,8.340829849,0.338601768,100.9444504,3.736021757,4.870248795,131.4347076,132.8946228,22.58583641,57.93299866,Spring,1
5/13/2031,21.18804932,27.58806038,15.66353703,8.390939713,0.338332862,100.9495621,3.732048273,4.862402439,130.5483704,132.0458832,22.71923065,57.83911514,Spring,1
5/14/2031,21.31151962,27.70664406,15.78607082,8.44187355,0.337587088,100.9546051,3.7277143,4.854109287,129.647934,131.1815186,22.85391235,57.74388885,Spring,1
5/15/2031,21.43639755,27.82714844,15.90975094,8.49363327,0.336328536,100.9595566,3.72304225,4.845396042,128.7319336,130.2997131,22.98998642,57.64704132,Spring,1
5/16/2031,21.56274605,27.94970131,16.0345993,8.546215057,0.334525555,100.9643936,3.718055248,4.836289883,127.7991486,129.3989868,23.12755966,57.54828644,Spring,1
5/17/2031,21.69062614,28.07442856,16.16063309,8.599609375,0.332150817,100.969101,3.712778807,4.826821327,126.8485413,128.4780731,23.26672173,57.44734955,Spring,1
5/18/2031,21.82008553,28.20143127,16.28786469,8.653802872,0.329181612,100.9736633,3.707238674,4.8170228,125.8793716,127.5359802,23.40755653,57.34394455,Spring,1
5/19/2031,21.95116997,28.33080101,16.41630173,8.708769798,0.325600326,100.9780731,3.701463223,4.80692625,124.8911819,126.5720749,23.55014229,57.23778534,Spring,1
5/20/2031,22.08390236,28.46261978,16.54593468,8.764484406,0.321394324,100.9823074,3.695479393,4.796566963,123.8837738,125.5859985,23.69453812,57.12862396,Spring,1
5/21/2031,22.21831131,28.5969429,16.67676163,8.820905685,0.316556245,100.9863739,3.689316988,4.785980225,122.8572617,124.5777435,23.84079552,57.01619339,Spring,1
5/22/2031,22.35439873,28.73381615,16.80875969,8.877996445,0.311084121,100.9902496,3.683003426,4.775200844,121.8120956,123.5476227,23.98895264,56.90024948,Spring,1
5/23/2031,22.49216652,28.87326241,16.94190788,8.935703278,0.304981172,100.9939346,3.676567793,4.76426506,120.7490082,122.4963684,24.13903236,56.78056717,Spring,1
5/24/2031,22.6315937,29.01528549,17.07616997,8.993970871,0.29825601,100.9974289,3.670037985,4.753209114,119.669075,121.4249725,24.29104424,56.65692902,Spring,1
5/25/2031,22.77265549,29.15987015,17.21150208,9.052739143,0.290922493,101.0007248,3.663441896,4.742066383,118.5736771,120.3348846,24.44497871,56.52914429,Spring,1
5/26/2031,22.915308,29.30698204,17.34785652,9.111938477,0.282999575,101.0038223,3.656806231,4.730872154,117.4645233,119.2277374,24.60081673,56.39704895,Spring,1
5/27/2031,23.05949593,29.45656204,17.48516464,9.171497345,0.274511129,101.0067291,3.650156021,4.719658852,116.3436279,118.1057205,24.7585144,56.26049805,Spring,1
5/28/2031,23.20515251,29.60853958,17.6233654,9.231337547,0.265485793,101.0094376,3.643515825,4.70845747,115.2132874,116.9711456,24.91801643,56.11935806,Spring,1
5/29/2031,23.35219193,29.76281357,17.76237297,9.291378021,0.255956709,101.0119553,3.636907816,4.697299004,114.076088,115.8267517,25.07925797,55.97356033,Spring,1
5/30/2031,23.50052261,29.91926956,17.90210342,9.351530075,0.245961115,101.0142899,3.630352497,4.686209679,112.9348907,114.675499,25.24214745,55.82302475,Spring,1
5/31/2031,23.65003777,30.07777214,18.04245949,9.411708832,0.235539943,101.0164337,3.623868465,4.675215721,111.7927551,113.5206604,25.40657997,55.66772079,Spring,1
6/1/2031,23.80061913,30.23816681,18.18334007,9.471820831,0.224737823,101.0184097,3.61747241,4.664340019,110.6530075,112.3657379,25.57243919,55.50765991,Summer,2
6/2/2031,23.95213318,30.40028381,18.32462883,9.531775475,0.213602155,101.0202103,3.611178637,4.65360117,109.5191345,111.2143936,25.7395916,55.34286118,Summer,2
6/3/2031,24.10443687,30.56393433,18.46621132,9.591478348,0.202183127,101.0218506,3.604998589,4.643018723,108.3948288,110.0705185,25.90788841,55.17339706,Summer,2
6/4/2031,24.25738335,30.72891426,18.60795975,9.650835037,0.190532804,101.0233307,3.598941565,4.632605553,107.2838287,108.938118,26.07716942,54.99936295,Summer,2
6/5/2031,24.41080856,30.89500809,18.74974823,9.709753036,0.178705186,101.0246658,3.593014479,4.622373581,106.190033,107.8213043,26.24726105,54.82089233,Summer,2
6/6/2031,24.56454277,31.06198883,18.89143562,9.768144608,0.166755229,101.0258484,3.587221384,4.612330437,105.1173935,106.7242584,26.4179821,54.63814926,Summer,2
6/7/2031,24.7184124,31.22961235,19.03288269,9.825918198,0.15473859,101.0269012,3.581563473,4.602481842,104.0698471,105.6511993,26.58913231,54.45133591,Summer,2
6/8/2031,24.87223625,31.39763069,19.17394638,9.88298893,0.142711237,101.0278244,3.57604003,4.592827797,103.0513611,104.6063004,26.76051712,54.26068115,Summer,2
6/9/2031,25.02582169,31.56578827,19.31448174,9.939275742,0.130728647,101.0286255,3.57064724,4.583368301,102.0658264,103.59375,26.93192101,54.06645966,Summer,2
6/10/2031,25.1789856,31.73382187,19.45433998,9.994702339,0.118845455,101.0293121,3.565378904,4.574099064,101.1170349,102.6175461,27.10313225,53.86894989,Summer,2
6/11/2031,25.33153343,31.90147018,19.59337234,10.04919815,0.107115149,101.0298843,3.560227633,4.565011024,100.2086639,101.6816254,27.2739296,53.6684761,Summer,2
6/12/2031,25.48327065,32.06846237,19.73143196,10.10269737,0.095589384,101.0303574,3.555181026,4.5560956,99.34423828,100.7897034,27.44408989,53.4654007,Summer,2
6/13/2031,25.63400459,32.23453522,19.86837387,10.15514278,0.084317476,101.0307236,3.55022788,4.547338009,98.52705383,99.94530487,27.61339378,53.26008987,Summer,2
6/14/2031,25.78354454,32.39942169,20.00405121,10.20648384,0.073346414,101.0309906,3.545352697,4.538723946,97.76012421,99.15170288,27.78160667,53.05295563,Summer,2
6/15/2031,25.93170357,32.5628624,20.13832474,10.25667763,0.062720105,101.0311661,3.54053998,4.530234337,97.04634857,98.41188812,27.94852066,52.84441757,Summer,2
6/16/2031,26.07829475,32.72460556,20.27105713,10.30569077,0.052478936,101.03125,3.53577137,4.521849632,96.38813782,97.72853088,28.11390686,52.63492203,Summer,2
6/17/2031,26.22314453,32.8843956,20.40211678,10.35349846,0.042660069,101.03125,3.531028271,4.513548851,95.78767395,97.10391998,28.27755737,52.42492294,Summer,2
6/18/2031,26.36607361,33.04201126,20.5313797,10.40008354,0.033296306,101.0311584,3.526290417,4.505307198,95.24678802,96.54001617,28.4392643,52.21490097,Summer,2
6/19/2031,26.50692558,33.19721222,20.65872765,10.44544029,0.024416633,101.0309753,3.521537542,4.497101784,94.76686096,96.03836823,28.59882545,52.00534821,Summer,2
6/20/2031,26.64554024,33.34978867,20.78404617,10.48957062,0.016045641,101.0307159,3.516748428,4.48890686,94.34895325,95.60010529,28.75605392,51.79675293,Summer,2
6/21/2031,26.78177261,33.49954224,20.90723801,10.53248882,0.008203545,101.030365,3.51190114,4.480695724,93.99368286,95.22592926,28.91076851,51.58963394,Summer,2
6/22/2031,26.91548729,33.64628983,21.02820778,10.57421494,0.000905922,101.0299225,3.506975174,4.472443581,93.70122528,94.9160614,29.06279373,51.38449097,Summer,2
6/23/2031,27.04656219,33.78985214,21.14686775,10.61478043,-0.005835971,101.0293961,3.501949072,4.464123726,93.47135925,94.67032623,29.21197319,51.18183517,Summer,2
6/24/2031,27.17488098,33.93008423,21.26314926,10.6542263,-0.012015698,101.0287857,3.496803045,4.455711365,93.3033905,94.48806763,29.35816765,50.98217773,Summer,2
6/25/2031,27.30034447,34.06684494,21.37698746,10.6926012,-0.017630957,101.0280838,3.491518021,4.447181702,93.19624329,94.36817169,29.50123978,50.78602219,Summer,2
6/26/2031,27.42286682,34.20001984,21.48832512,10.7299633,-0.022684051,101.0272903,3.486076117,4.438511372,93.14833832,94.30908966,29.6410675,50.59386444,Summer,2
6/27/2031,27.54236794,34.32950974,21.59712029,10.7663784,-0.027181288,101.0263977,3.480460167,4.429677963,93.15774536,94.30882263,29.77755737,50.40619659,Summer,2
6/28/2031,27.65879059,34.45522308,21.70334816,10.80191803,-0.031133089,101.0254211,3.47465539,4.420662403,93.22207642,94.36494446,29.91061401,50.22349167,Summer,2
6/29/2031,27.77208138,34.57709885,21.80697823,10.83666229,-0.034553446,101.0243378,3.468649387,4.411446571,93.33859253,94.47463989,30.04015923,50.04621124,Summer,2
6/30/2031,27.88220406,34.69509125,21.90800476,10.87069893,-0.037459958,101.0231705,3.462431192,4.402014732,93.50415802,94.634758,30.16613388,49.87480545,Summer,2
7/1/2031,27.98913574,34.80916595,22.00642395,10.90411472,-0.039873302,101.0218964,3.45599246,4.392354012,93.7153244,94.8416748,30.2884903,49.70969391,Summer,2
7/2/2031,28.09285736,34.91931152,22.10224915,10.9370079,-0.041816864,101.0205307,3.449326992,4.382454872,93.9683075,95.09157562,30.40719604,49.55128479,Summer,2
7/3/2031,28.19337273,35.02552032,22.19549561,10.96947479,-0.043316454,101.0190582,3.442432404,4.372309685,94.25908661,95.38027954,30.52223396,49.39996338,Summer,2
7/4/2031,28.29068375,35.12781906,22.28619003,11.00161743,-0.044399738,101.0174942,3.435307264,4.361916065,94.58330536,95.70336914,30.63358879,49.25608826,Summer,2
7/5/2031,28.38481522,35.22622299,22.37436676,11.03353691,-0.045096174,101.0158386,3.427954674,4.35127306,94.93649292,96.05621338,30.74126625,49.11998749,Summer,2
7/6/2031,28.47579002,35.32078171,22.46007347,11.06533718,-0.045436073,101.0140839,3.420379639,4.340384007,95.31397247,96.43406677,30.84527969,48.99198151,Summer,2
7/7/2031,28.5636425,35.41154099,22.54335022,11.09711933,-0.045450594,101.0122452,3.412590742,4.329256535,95.71092987,96.8319931,30.94565773,48.87233353,Summer,2
7/8/2031,28.6484127,35.49855804,22.62425613,11.1289835,-0.045170896,101.0103149,3.404598713,4.317901611,96.12251282,97.24500275,31.04242134,48.76130676,Summer,2
7/9/2031,28.73015022,35.58189392,22.70285225,11.16102886,-0.044628102,101.0083008,3.396418571,4.306331635,96.54379272,97.66808319,31.13561821,48.65912247,Summer,2
7/10/2031,28.80890083,35.66162872,22.77919769,11.19334793,-0.043852281,101.0062103,3.388067007,4.294567108,96.96990967,98.09621429,31.22528839,48.565979,Summer,2
7/11/2031,28.88471985,35.73783493,22.8533535,11.2260313,-0.042872697,101.0040512,3.379564047,4.282628536,97.39598083,98.52449036,31.31147957,48.48203278,Summer,2
7/12/2031,28.9576683,35.81058502,22.92539406,11.25916195,-0.041716926,101.0018234,3.370932341,4.270540237,97.81729126,98.94804382,31.39424324,48.40743256,Summer,2
7/13/2031,29.02779388,35.87996292,22.99537849,11.29281712,-0.040410314,100.9995422,3.362196922,4.258332253,98.22926331,99.36224365,31.473629,48.34228134,Summer,2
7/14/2031,29.09515953,35.94603348,23.06337738,11.32706833,-0.038976025,100.9972076,3.353384972,4.246034622,98.62748718,99.76261139,31.54969978,48.28666687,Summer,2
7/15/2031,29.15981483,36.0088768,23.12945175,11.36197376,-0.037434552,100.9948349,3.344526291,4.233682632,99.00784302,100.1449432,31.62249756,48.24063873,Summer,2
7/16/2031,29.2218132,36.06856155,23.19366074,11.39758778,-0.035803154,100.9924316,3.335652828,4.221312523,99.36641693,100.5053253,31.69207573,48.20423508,Summer,2
7/17/2031,29.28119469,36.12514114,23.25606728,11.43395233,-0.034096006,100.9900055,3.326797485,4.208964348,99.69966125,100.840126,31.75847435,48.1774559,Summer,2
7/18/2031,29.33800888,36.17867279,23.31671715,11.47110081,-0.032323346,100.9875717,3.317994833,4.196680069,100.0043945,101.1461334,31.82173347,48.16029358,Summer,2
7/19/2031,29.39228058,36.22920227,23.37565804,11.50905514,-0.030491786,100.9851456,3.309281111,4.184503555,100.2777557,101.420517,31.88188934,48.15269852,Summer,2
7/20/2031,29.44403839,36.27675247,23.43292427,11.54782391,-0.02860404,100.9827271,3.30069232,4.172478676,100.5173569,101.6608505,31.93896484,48.15461731,Summer,2
7/21/2031,29.49330711,36.3213501,23.488554,11.58740711,-0.026658861,100.9803391,3.292266369,4.160652161,100.7212296,101.8652039,31.99297523,48.16596985,Summer,2
7/22/2031,29.54008865,36.36300278,23.54256248,11.62779045,-0.024650529,100.9779892,3.284040213,4.14907074,100.8878479,102.0320816,32.04392624,48.18667603,Summer,2
7/23/2031,29.58438492,36.4017067,23.5949688,11.66895199,-0.022569496,100.9756927,3.276051521,4.137782097,101.0161896,102.1604538,32.09181595,48.21660614,Summer,2
7/24/2031,29.62618256,36.43743896,23.64577103,11.71085358,-0.02040202,100.973465,3.268336773,4.126832008,101.10569,102.2498627,32.13663101,48.25565338,Summer,2
7/25/2031,29.66546631,36.47016525,23.69497108,11.75344658,-0.018130312,100.9713058,3.260932684,4.116268158,101.1562958,102.300293,32.17834091,48.30368042,Summer,2
7/26/2031,29.70219612,36.49983978,23.74254036,11.79667282,-0.015732888,100.9692459,3.25387311,4.106136322,101.1685104,102.3122787,32.21691132,48.36054993,Summer,2
7/27/2031,29.73633385,36.52640152,23.78845978,11.84045982,-0.013184372,100.9672852,3.247192383,4.096479893,101.1432266,102.2867889,32.25229263,48.42610931,Summer,2
7/28/2031,29.76782227,36.54976273,23.83268929,11.88472748,-0.010455911,100.9654388,3.240922451,4.087342739,101.0818939,102.2253799,32.28442001,48.50020218,Summer,2
7/29/2031,29.79660034,36.56983948,23.87517738,11.92938232,-0.007515816,100.9637146,3.235092402,4.078765869,100.9864426,102.1300354,32.31322479,48.58267212,Summer,2
7/30/2031,29.82259369,36.58652496,23.91587067,11.97432232,-0.004329077,100.9621277,3.229730606,4.070786476,100.85923,102.0032196,32.3386116,48.6733551,Summer,2
7/31/2031,29.84571075,36.59970474,23.95469475,12.01943874,-0.000858626,100.9606934,3.224861145,4.0634408,100.7030945,101.8478317,32.36049652,48.7720871,Summer,2
8/1/2031,29.86586761,36.6092453,23.99156952,12.06461143,0.002934932,100.9594193,3.220505953,4.056761265,100.5212708,101.6672211,32.37877274,48.87870789,Summer,2
8/2/2031,29.88295364,36.61501312,24.02640915,12.10971642,0.007092831,100.9583054,3.216684341,4.050776958,100.3173904,101.4650574,32.39332581,48.99305344,Summer,2
8/3/2031,29.89686203,36.61685181,24.05911636,12.15461826,0.01165708,100.9573669,3.213411808,4.045512676,100.0954285,101.2454529,32.40402222,49.11496353,Summer,2
8/4/2031,29.90748215,36.61461258,24.08958054,12.19918251,0.016670838,100.9566116,3.210700512,4.040990353,99.85966492,101.0127182,32.41074371,49.24429321,Summer,2
8/5/2031,29.9146862,36.60813141,24.11769867,12.24326324,0.022177232,100.9560394,3.208559036,4.037227631,99.61475372,100.7715454,32.41334534,49.38087463,Summer,2
8/6/2031,29.91835022,36.59724426,24.14334679,12.28672028,0.028219489,100.9556656,3.206991911,4.034235477,99.36544037,100.5268097,32.41169357,49.52458191,Summer,2
8/7/2031,29.91835022,36.58177948,24.16640091,12.32939911,0.034839645,100.9554825,3.206000566,4.032024384,99.11677551,100.2835617,32.40563965,49.67526245,Summer,2
8/8/2031,29.91455078,36.56158066,24.18673897,12.37115765,0.042078622,100.9555054,3.205581903,4.030595779,98.87389374,100.0469894,32.3950386,49.83277893,Summer,2
8/9/2031,29.90682983,36.53647232,24.20422554,12.4118433,0.049975663,100.9557343,3.205729246,4.029951096,98.64206696,99.82238007,32.37975311,49.99700928,Summer,2
8/10/2031,29.89506149,36.50629807,24.21873283,12.4513092,0.058567554,100.9561615,3.206432104,4.030082226,98.42655945,99.61503601,32.35963058,50.16783142,Summer,2
8/11/2031,29.87911415,36.4709053,24.23012924,12.48941135,0.067888156,100.9567871,3.207675934,4.030979633,98.23268127,99.43023682,32.33453751,50.34511948,Summer,2
8/12/2031,29.85887718,36.43015289,24.23828316,12.52600861,0.077968314,100.9576263,3.209442616,4.032628059,98.06567383,99.27324677,32.30433655,50.52876282,Summer,2
8/13/2031,29.83423424,36.38389206,24.2430687,12.56096077,0.088834837,100.9586563,3.211710215,4.035007,97.93068695,99.14914703,32.26890182,50.71865082,Summer,2
8/14/2031,29.80508423,36.33201599,24.24435997,12.59413815,0.100510605,100.9598923,3.214453459,4.038093567,97.83268738,99.06290436,32.22811508,50.91468048,Summer,2
8/15/2031,29.77132607,36.27440262,24.24203873,12.6254158,0.113013744,100.961319,3.217643738,4.041856766,97.77646637,99.01924133,32.18187332,51.116745,Summer,2
8/16/2031,29.73287964,36.21097565,24.23599243,12.65467548,0.12635754,100.9629364,3.221249342,4.046265125,97.76656342,99.02261353,32.13007355,51.32474518,Summer,2
8/17/2031,29.68967247,36.14165497,24.22611618,12.68180561,0.140550017,100.9647369,3.225235701,4.051281929,97.80722809,99.07722473,32.07263947,51.53857422,Summer,2
8/18/2031,29.64164543,36.06639099,24.21231461,12.70670891,0.155593589,100.966713,3.229565144,4.056865692,97.90238953,99.18687439,32.00950241,51.75813293,Summer,2
8/19/2031,29.58876038,35.98514938,24.19449997,12.72929096,0.171485081,100.9688644,3.234197855,4.062973976,98.05560303,99.3550415,31.9406147,51.9833107,Summer,2
8/20/2031,29.53098106,35.89792633,24.17259789,12.74947357,0.188215286,100.9711761,3.239093065,4.069559097,98.27002716,99.5847702,31.86594391,52.21400452,Summer,2
8/21/2031,29.46830559,35.80473709,24.14655113,12.76718426,0.205768853,100.9736481,3.244206429,4.076571941,98.54838562,99.87864685,31.78547287,52.4500885,Summer,2
8/22/2031,29.40073013,35.70562363,24.11629868,12.78236389,0.224124506,100.976265,3.249493837,4.083960533,98.89295959,100.2388,31.69922066,52.6914444,Summer,2
8/23/2031,29.32828522,35.60065079,24.0818119,12.7949667,0.243254632,100.9790268,3.2549088,4.091671467,99.30554962,100.6669159,31.60720253,52.9379425,Summer,2
8/24/2031,29.2510128,35.48991776,24.04306602,12.80495358,0.263125688,100.9819183,3.260404825,4.099649429,99.78743744,101.1641388,31.50946808,53.1894455,Summer,2
8/25/2031,29.16897392,35.37353897,24.00005531,12.81230068,0.283697933,100.9849396,3.265935421,4.107839108,100.339447,101.7311325,31.40609932,53.44579315,Summer,2
8/26/2031,29.08224869,35.25165939,23.95278358,12.81699562,0.304925829,100.9880676,3.271453857,4.116182804,100.9618683,102.3680038,31.29717827,53.70682526,Summer,2
8/27/2031,28.99094009,35.1244545,23.90127373,12.81903362,0.326758146,100.9913101,3.276912451,4.124623775,101.6544418,103.0744247,31.18282509,53.97236252,Summer,2
8/28/2031,28.89516449,34.99212646,23.8455677,12.81842709,0.349138319,100.9946518,3.282266617,4.133106232,102.4164581,103.8494797,31.06317139,54.24221039,Summer,2
8/29/2031,28.7950573,34.8548851,23.78571701,12.81519413,0.372004598,100.9980774,3.287471294,4.141573429,103.2466812,104.691803,30.93837547,54.51615524,Summer,2
8/30/2031,28.69077682,34.71298599,23.72179222,12.80936623,0.395290375,101.0015945,3.292483807,4.149971008,104.1433716,105.5995178,30.80861664,54.79396439,Summer,2
8/31/2031,28.58249283,34.56669235,23.65387535,12.80097961,0.418924838,101.005188,3.29726243,4.15824604,105.1043396,106.5703049,30.67409515,55.07539749,Summer,2
9/1/2031,28.47039413,34.41629791,23.58206558,12.79008675,0.442833155,101.0088425,3.301768541,4.166347504,106.1269455,107.6014099,30.53502464,55.36018372,Autumn,3
9/2/2031,28.35467911,34.26211548,23.50647354,12.77674389,0.466936946,101.0125656,3.305965185,4.17422533,107.208107,108.6896591,30.3916378,55.64804077,Autumn,3
9/3/2031,28.235569,34.10445786,23.42722511,12.76101398,0.491155118,101.0163498,3.309818983,4.181835175,108.3443832,109.8315048,30.2441864,55.93865585,Autumn,3
9/4/2031,28.11329269,33.94367981,23.34445763,12.74297142,0.515403867,101.0201874,3.313298464,4.189133644,109.5319443,111.023056,30.09294128,56.23170471,Autumn,3
9/5/2031,27.98808479,33.78012848,23.25831413,12.72268963,0.539597869,101.0240631,3.316376686,4.196080685,110.7666855,112.2601395,29.93816948,56.52684402,Autumn,3
9/6/2031,27.86019707,33.61417007,23.16895866,12.70025349,0.563650072,101.0279846,3.319029331,4.202642441,112.0441971,113.5382767,29.78017235,56.82369995,Autumn,3
9/7/2031,27.72987938,33.44617462,23.07655716,12.67574883,0.587473214,101.0319519,3.321235657,4.208785057,113.3598709,114.8528748,29.61924362,57.12190247,Autumn,3
9/8/2031,27.59740257,33.27651978,22.98127937,12.64926052,0.610979676,101.0359497,3.322979212,4.214482784,114.708847,116.1990509,29.45569038,57.42103195,Autumn,3
9/9/2031,27.46302223,33.10558701,22.8833046,12.62088299,0.634082377,101.039978,3.324247599,4.219712257,116.0862274,117.5718994,29.28982353,57.72066879,Autumn,3
9/10/2031,27.32700729,32.93375397,22.78281975,12.59070492,0.656695604,101.0440445,3.325032234,4.224455357,117.4869537,118.9664307,29.12195015,58.02037811,Autumn,3
9/11/2031,27.18961906,32.76139832,22.68000984,12.55881691,0.678735018,101.0481339,3.32532835,4.22869873,118.905983,120.3776321,28.95239449,58.31970978,Autumn,3
9/12/2031,27.05112076,32.58888245,22.5750618,12.52530956,0.700118959,101.0522537,3.325136185,4.232433319,120.3382492,121.8005371,28.78146362,58.61819077,Autumn,3
9/13/2031,26.91177368,32.41657257,22.46816826,12.49026871,0.720768392,101.0563965,3.324458838,4.235656738,121.7787704,123.2302399,28.60946465,58.91534042,Autumn,3
9/14/2031,26.77182198,32.24481583,22.35950851,12.45377731,0.740607798,101.0605698,3.323304892,4.238368034,123.2226715,124.6620026,28.43670082,59.21068573,Autumn,3
9/15/2031,26.6315136,32.07394409,22.24926949,12.41591644,0.759565592,101.0647583,3.321686506,4.24057579,124.6652832,126.0912628,28.26346397,59.5037117,Autumn,3
9/16/2031,26.4910717,31.90426636,22.13762474,12.37675858,0.777574718,101.0689774,3.319618702,4.242288589,126.1021042,127.5136719,28.0900383,59.79392242,Autumn,3
9/17/2031,26.35071754,31.73608971,22.02474594,12.33637238,0.794573009,101.0732193,3.317122459,4.243523598,127.5289078,128.9251862,27.9166851,60.08082199,Autumn,3
9/18/2031,26.21065331,31.56967926,21.91079712,12.29482269,0.810503304,101.0774765,3.314220428,4.244299889,128.9417419,130.322052,27.74366379,60.36389923,Autumn,3
9/19/2031,26.0710659,31.40528107,21.79592705,12.25216198,0.825314522,101.0817566,3.310939789,4.244643211,130.3370514,131.7008514,27.57120895,60.64264679,Autumn,3
9/20/2031,25.93212128,31.24312401,21.6802845,12.20843697,0.838961303,101.0860519,3.307310343,4.244582176,131.7115936,133.0585938,27.39953804,60.91657257,Autumn,3
9/21/2031,25.79397392,31.0833931,21.56399155,12.16368771,0.851404607,101.0903702,3.303365946,4.244148731,133.062561,134.3926849,27.2288456,61.18518829,Autumn,3
9/22/2031,25.65675163,30.92625809,21.44717026,12.11794376,0.862611949,101.0947037,3.299142122,4.243380547,134.3875732,135.7009583,27.05930328,61.44800568,Autumn,3
9/23/2031,25.52056122,30.77184677,21.32991982,12.07122803,0.872557402,101.0990448,3.294677734,4.242316723,135.6846924,136.9817047,26.8910656,61.70457077,Autumn,3
9/24/2031,25.38548851,30.62025642,21.21232796,12.0235548,0.88122189,101.1034012,3.290013313,4.241000175,136.9524689,138.2337189,26.72426224,61.954422,Autumn,3
9/25/2031,25.25159264,30.47155762,21.09446716,11.9749279,0.888593137,101.1077652,3.285191774,4.239477158,138.1899719,139.4562531,26.55899048,62.1971283,Autumn,3
9/26/2031,25.11891747,30.32578278,20.97639084,11.92534065,0.894665658,101.1121292,3.280257225,4.237794876,139.3966827,140.6490631,26.39532852,62.43228912,Autumn,3
9/27/2031,24.98747444,30.18292809,20.85813904,11.87478256,0.899440885,101.1164932,3.275254726,4.236003876,140.5726776,141.8124084,26.23332024,62.65951538,Autumn,3
9/28/2031,24.85725784,30.04296112,20.73973274,11.82323265,0.902926862,101.1208496,3.270231724,4.234156609,141.7184448,142.9470062,26.07299614,62.87844086,Autumn,3
9/29/2031,24.72823143,29.90581131,20.62117386,11.7706604,0.905138254,101.1251907,3.265234232,4.232304573,142.8350067,144.0540771,25.9143486,63.08874893,Autumn,3
9/30/2031,24.6003437,29.77137947,20.50245285,11.71703243,0.90609616,101.1295166,3.260309935,4.230502129,143.9238434,145.1352997,25.75735092,63.29013443,Autumn,3
10/1/2031,24.47351456,29.639534,20.38353729,11.66230202,0.905827403,101.133812,3.2555058,4.228803635,144.9869385,146.1928101,25.60194778,63.48233414,Autumn,3
10/2/2031,24.34764099,29.51011467,20.26438141,11.60642242,0.904365122,101.1380768,3.250869274,4.227262974,146.0266724,147.2291412,25.44805908,63.66512299,Autumn,3
10/3/2031,24.22260666,29.38292694,20.14492416,11.54933929,0.901747763,101.1422958,3.246445417,4.225934029,147.0458374,148.2472076,25.29558563,63.83830261,Autumn,3
10/4/2031,24.0982666,29.25775909,20.02508736,11.4909935,0.898018777,101.1464691,3.242280245,4.224870205,148.0476074,149.2503357,25.14439583,64.00172424,Autumn,3
10/5/2031,23.97446632,29.13436317,19.90478325,11.43132401,0.893226624,101.1505737,3.238416433,4.224122524,149.0355225,150.2421112,24.99435234,64.1552887,Autumn,3
10/6/2031,23.85102463,29.01247978,19.78390312,11.37026405,0.887423635,101.1546097,3.23489666,4.223742485,150.0134125,151.2264404,24.84528351,64.29890442,Autumn,3
10/7/2031,23.72775841,28.89182091,19.66233444,11.30774784,0.880666554,101.1585617,3.231760502,4.223777771,150.9853821,152.2074585,24.69700813,64.43254089,Autumn,3
10/8/2031,23.60445786,28.77208519,19.53995132,11.24370956,0.873015046,101.1624222,3.229046583,4.224275589,151.9557343,153.1894836,24.54932976,64.55623627,Autumn,3
10/9/2031,23.48091125,28.65295982,19.41661644,11.17808151,0.864531815,101.1661835,3.226789474,4.225278854,152.9289703,154.1769867,24.40203476,64.67002869,Autumn,3
10/10/2031,23.35689926,28.53411674,19.29218864,11.11079979,0.855281889,101.1698303,3.225022793,4.226829529,153.9096985,155.1745148,24.25490189,64.77400208,Autumn,3
10/11/2031,23.23218346,28.41522217,19.16651535,11.04180241,0.845332205,101.1733551,3.223776102,4.228965759,154.9026184,156.1867065,24.10770035,64.86833191,Autumn,3
10/12/2031,23.10653877,28.29593086,19.03944778,10.97103024,0.834750831,101.1767426,3.22307682,4.231721878,155.9124146,157.2181396,23.96019173,64.95317078,Autumn,3
10/13/2031,22.97972298,28.17590904,18.91082954,10.89842987,0.823607147,101.179985,3.222949028,4.235129356,156.9437714,158.2733459,23.8121357,65.0287323,Autumn,3
10/14/2031,22.85150337,28.05480957,18.78050423,10.82395554,0.811970353,101.1830826,3.223413229,4.239215851,158.001297,159.3567505,23.66328812,65.09531403,Autumn,3
10/15/2031,22.72164917,27.93230057,18.64831734,10.74756336,0.799909651,101.1860123,3.224487066,4.24400568,159.0894165,160.472641,23.51341057,65.15319061,Autumn,3
10/16/2031,22.58993149,27.80805397,18.5141201,10.66922188,0.787493646,101.1887665,3.226184845,4.249517918,160.2124176,161.6250305,23.36226273,65.20269775,Autumn,3
10/17/2031,22.45612907,27.68175125,18.37775993,10.5889082,0.774789751,101.1913528,3.228516817,4.25576973,161.3743134,162.8177338,23.20961761,65.24421692,Autumn,3
10/18/2031,22.32003403,27.55309296,18.23910332,10.50660706,0.761863887,101.1937485,3.231490612,4.26277256,162.5788727,164.054245,23.05524826,65.27813721,Autumn,3
10/19/2031,22.18144989,27.42179298,18.09801674,10.42230988,0.748780131,101.195961,3.235109806,4.270533562,163.8295135,165.3376923,22.89895058,65.30490112,Autumn,3
10/20/2031,22.04019165,27.28758621,17.95438194,10.33602715,0.735600054,101.1979828,3.239374876,4.279057503,165.1292725,166.6708374,22.74052238,65.3249588,Autumn,3
10/21/2031,21.89609718,27.15023041,17.8080864,10.24777222,0.722382486,101.1998138,3.244283438,4.288342953,166.4808197,168.056015,22.57978821,65.33880615,Autumn,3
10/22/2031,21.7490139,27.00951004,17.65904045,10.15757942,0.709183633,101.2014465,3.249828339,4.298386097,167.8863525,169.4951019,22.4165802,65.34693909,Autumn,3
10/23/2031,21.5988121,26.86523247,17.50715828,10.065485,0.696055949,101.2028885,3.256000996,4.309179306,169.3476105,170.989502,22.25075912,65.34986877,Autumn,3
10/24/2031,21.4453907,26.71723747,17.35238075,9.971546173,0.683048844,101.2041397,3.262789011,4.320710182,170.865799,172.5401154,22.08220291,65.34815979,Autumn,3
10/25/2031,21.28866196,26.56539536,17.19466019,9.875827789,0.670207798,101.2052078,3.270176649,4.332962036,172.4416656,174.1473541,21.91081238,65.34236145,Autumn,3
10/26/2031,21.12856483,26.40960693,17.03396797,9.778408051,0.657574475,101.2061005,3.278146744,4.345916748,174.0754089,175.8110046,21.73651123,65.3330307,Autumn,3
10/27/2031,20.96506882,26.24981308,16.87030029,9.67937851,0.645186663,101.2068253,3.286678791,4.35955143,175.7666168,177.530426,21.55925369,65.32073212,Autumn,3
10/28/2031,20.79816437,26.08597946,16.70366669,9.578842163,0.633078098,101.2073975,3.295748949,4.373840332,177.5144348,179.3043976,21.37901688,65.30604553,Autumn,3
10/29/2031,20.62786865,25.9181118,16.53409767,9.476915359,0.621278584,101.2078171,3.305332899,4.388754845,179.317337,181.1310883,21.1958065,65.28952026,Autumn,3
10/30/2031,20.45422935,25.74625015,16.36165237,9.373722076,0.609813571,101.2081146,3.315403461,4.40426302,181.1733398,183.0082397,21.00964928,65.27174377,Autumn,3
10/31/2031,20.27731323,25.57047462,16.18640518,9.269400597,0.598704815,101.2082977,3.325931549,4.420331001,183.079895,184.9329834,20.82061195,65.25325775,Autumn,3
11/1/2031,20.09722519,25.39088631,16.00844955,9.16409874,0.587970078,101.2083817,3.336886644,4.436923981,185.0339355,186.9020386,20.62877464,65.23461914,Autumn,3
11/2/2031,19.91408539,25.20763969,15.82791233,9.057973862,0.577623308,101.2083969,3.348237038,4.45400238,187.0318756,188.9115601,20.4342556,65.21636963,Autumn,3
11/3/2031,19.72804832,25.02090645,15.64492512,8.951189041,0.567674756,101.2083588,3.359949589,4.4715271,189.0696411,190.9572906,20.23719215,65.19900513,Autumn,3
11/4/2031,19.53928566,24.83089638,15.45964813,8.843915939,0.558131278,101.2082901,3.371990204,4.48945713,191.1427307,193.0345917,20.03774834,65.18304443,Autumn,3
11/5/2031,19.34800148,24.63784981,15.27226353,8.736337662,0.548996508,101.2082214,3.384325027,4.507748604,193.2462311,195.138382,19.83612061,65.16896057,Autumn,3
11/6/2031,19.15441704,24.44203568,15.08296871,8.628637314,0.540271044,101.2081833,3.39691782,4.526359558,195.3748474,197.2632446,19.63251686,65.15719604,Autumn,3
11/7/2031,18.95877838,24.24374962,14.89198017,8.521003723,0.5319525,101.2081909,3.409734011,4.545245647,197.522934,199.4034576,19.42717743,65.14819336,Autumn,3
11/8/2031,18.76134872,24.04330826,14.69952679,8.413628578,0.524036288,101.2082748,3.422737122,4.564361572,199.6845245,201.5531006,19.22035027,65.14232635,Autumn,3
11/9/2031,18.56240654,23.84105301,14.50585938,8.306707382,0.516515315,101.2084732,3.435892344,4.583662987,201.8535156,203.7059784,19.01231384,65.13998413,Autumn,3
11/10/2031,18.362257,23.63734818,14.31123829,8.200433731,0.509380639,101.2088089,3.449163914,4.603105068,204.023468,205.8557587,18.80336189,65.14148712,Autumn,3
11/11/2031,18.16120338,23.4325676,14.11593342,8.095003128,0.502621591,101.2093124,3.462516785,4.622642517,206.1878662,207.9960175,18.59379196,65.1471405,Autumn,3
11/12/2031,17.95957947,23.22710228,13.92023468,7.990607738,0.496226251,101.2100143,3.475917816,4.642232418,208.3401184,210.120285,18.38392258,65.1572113,Autumn,3
11/13/2031,17.7577095,23.02135468,13.72442532,7.887436867,0.490181446,101.2109451,3.489331484,4.661830425,210.4735718,212.2220306,18.1740818,65.17193604,Autumn,3
11/14/2031,17.55593872,22.81573105,13.52880955,7.785675526,0.484473318,101.2121353,3.502726316,4.681394577,212.581604,214.2948456,17.96460152,65.19150543,Autumn,3
11/15/2031,17.35461426,22.61064911,13.33369064,7.685503006,0.479087442,101.2136078,3.516069889,4.700882912,214.6575928,216.3323517,17.75582123,65.21607208,Autumn,3
11/16/2031,17.15408325,22.40651894,13.13937092,7.587091923,0.474009097,101.2154007,3.529332161,4.720254421,216.6951447,218.3284302,17.54807663,65.24576569,Autumn,3
11/17/2031,16.95469284,22.20375443,12.94615841,7.490607738,0.469223648,101.2175293,3.542482853,4.739471436,218.6879578,220.2770844,17.34171295,65.28065491,Autumn,3
11/18/2031,16.75679016,22.00276184,12.75435734,7.396206379,0.464716554,101.2200165,3.555493832,4.7584939,220.6299896,222.1725922,17.13706398,65.32080841,Autumn,3
11/19/2031,16.56071472,21.80394554,12.56426907,7.304033279,0.460473895,101.2228928,3.568337917,4.77728796,222.5154572,224.0095367,16.93446541,65.3662262,Autumn,3
11/20/2031,16.36680031,21.60769272,12.37619114,7.214224339,0.456482053,101.2261734,3.580989599,4.795818329,224.3389435,225.7828369,16.73423767,65.41687775,Autumn,3
11/21/2031,16.17537498,21.41437721,12.19041157,7.126903057,0.45272854,101.2298813,3.593424797,4.814051628,226.0952606,227.487793,16.5366993,65.47271729,Autumn,3
11/22/2031,15.98674774,21.22435951,12.00720978,7.042180538,0.449201643,101.234024,3.605620146,4.831956863,227.7797699,229.120163,16.34215164,65.53366089,Autumn,3
11/23/2031,15.80121994,21.03798294,11.82685471,6.960154533,0.445890754,101.2386169,3.617554426,4.849505424,229.3882294,230.6760559,16.15088272,65.59954834,Autumn,3
11/24/2031,15.61907578,20.85556221,11.64960098,6.88091135,0.442786306,101.2436752,3.629207373,4.866669655,230.9167938,232.1521912,15.96316338,65.67027283,Autumn,3
11/25/2031,15.44058228,20.67739868,11.47569275,6.804521084,0.439880103,101.2491989,3.640560865,4.883423328,232.3621826,233.5457001,15.77925491,65.74562073,Autumn,3
11/26/2031,15.2659874,20.5037632,11.30535316,6.731040001,0.437165022,101.2551956,3.651597977,4.899744034,233.7216187,234.8542023,15.59938812,65.82539368,Autumn,3
11/27/2031,15.0955162,20.3348999,11.13879108,6.660511017,0.434635311,101.2616577,3.662302732,4.91560936,234.9928284,236.0759277,15.42377853,65.90935516,Autumn,3
11/28/2031,14.92937851,20.17102432,10.9761982,6.592961311,0.432286471,101.2685852,3.672660589,4.930999756,236.1741333,237.2096252,15.2526207,65.99725342,Autumn,3
11/29/2031,14.76775742,20.01233292,10.81774616,6.528403759,0.430114985,101.2759705,3.682659626,4.945897102,237.2643738,238.2545776,15.08608055,66.08879089,Autumn,3
11/30/2031,14.61081123,19.85897636,10.6635828,6.466837883,0.428118646,101.2838058,3.692287445,4.960285187,238.26297,239.2105865,14.92430878,66.1836853,Autumn,3
12/1/2031,14.45867729,19.71108627,10.51384163,6.408247948,0.426296294,101.2920685,3.701533794,4.974150181,239.1698761,240.078064,14.76742554,66.28161621,Winter,0
12/2/2031,14.31146431,19.56876373,10.36862946,6.35260582,0.42464751,101.3007431,3.710390568,4.987479687,239.9856567,240.8578949,14.6155262,66.38224792,Winter,0
12/3/2031,14.16926003,19.4320755,10.22803307,6.299868584,0.423172832,101.3098068,3.718849182,5.00026226,240.711319,241.5514679,14.46868515,66.48525238,Winter,0
12/4/2031,14.03212929,19.30105591,10.09211636,6.249982834,0.42187345,101.3192291,3.726903915,5.012489319,241.3484955,242.1606903,14.32694817,66.590271,Winter,0
12/5/2031,13.90010643,19.1757164,9.960922241,6.202881336,0.420750827,101.3289871,3.73454833,5.024153709,241.899231,242.6879272,14.19033813,66.69693756,Winter,0
12/6/2031,13.7732029,19.056036,9.83447361,6.158485413,0.419807106,101.3390503,3.741778612,5.035248756,242.3661194,243.1360168,14.05885696,66.80490112,Winter,0
12/7/2031,13.65141296,18.9419632,9.712768555,6.116709709,0.419044226,101.3493729,3.748591423,5.045771122,242.752121,243.5081177,13.93247795,66.91377258,Winter,0
12/8/2031,13.53470039,18.83342552,9.595783234,6.077453613,0.418464273,101.3599243,3.754984856,5.055717945,243.0607452,243.8078766,13.81115532,67.02318573,Winter,0
12/9/2031,13.42300987,18.73032379,9.483482361,6.040612221,0.418069094,101.3706512,3.760956764,5.065086842,243.2957153,244.0391846,13.69482422,67.13278198,Winter,0
12/10/2031,13.31626129,18.63253212,9.375798225,6.006072044,0.417860061,101.3815231,3.766507387,5.073879242,243.4611664,244.2062683,13.583395,67.24217224,Winter,0
12/11/2031,13.21436882,18.53990364,9.272654533,5.973712921,0.417838067,101.3924866,3.77163744,5.082095146,243.5615692,244.3135834,13.47676468,67.35099792,Winter,0
12/12/2031,13.11721039,18.45228004,9.173958778,5.94340992,0.418003291,101.4034958,3.776347876,5.089737892,243.601593,244.3658142,13.37480927,67.45892334,Winter,0
12/13/2031,13.02466202,18.3694725,9.079592705,5.915034771,0.41835469,101.4144974,3.780641556,5.096811771,243.5861816,244.3678284,13.27738762,67.56556702,Winter,0
12/14/2031,12.93657875,18.29129028,8.989432335,5.888453484,0.418890595,101.4254456,3.784520388,5.103321075,243.5203247,244.3245239,13.1843586,67.67060852,Winter,0
12/15/2031,12.85280037,18.21752357,8.903337479,5.86353302,0.419607788,101.4362793,3.787989616,5.109272957,243.4092255,244.2409363,13.09555244,67.7736969,Winter,0
12/16/2031,12.77316093,18.14794922,8.821159363,5.840136528,0.420501947,101.4469528,3.791053057,5.114673615,243.2580872,244.1220703,13.01080036,67.87451172,Winter,0
12/17/2031,12.69748688,18.08234406,8.742731094,5.818131447,0.421567142,101.4574127,3.793716908,5.119532585,243.0722046,243.9729767,12.92992496,67.97276306,Winter,0
12/18/2031,12.62558937,18.02047729,8.667886734,5.797383785,0.42279616,101.4676056,3.795986891,5.123858929,242.85672,243.7985992,12.8527422,68.06814575,Winter,0
12/19/2031,12.55727959,17.96210861,8.596450806,5.777762413,0.42418012,101.4774857,3.797870159,5.127663612,242.6168671,243.6036987,12.77906227,68.16036987,Winter,0
12/20/2031,12.49236679,17.90700912,8.528244972,5.759140015,0.425708503,101.4869919,3.799374342,5.130957603,242.3575745,243.3929901,12.70869637,68.24919128,Winter,0
12/21/2031,12.43065834,17.85494423,8.463079453,5.741394043,0.427369446,101.4960785,3.800508261,5.1337533,242.0837555,243.1709442,12.64146233,68.33433533,Winter,0
12/22/2031,12.37195587,17.80568695,8.400774956,5.724406719,0.429149091,101.5046997,3.801281214,5.136065006,241.8000183,242.9417114,12.57717228,68.41559601,Winter,0
12/23/2031,12.31607628,17.75901604,8.341147423,5.70806694,0.431032479,101.5128098,3.801703215,5.137906551,241.5108032,242.7093353,12.51564312,68.49273682,Winter,0
12/24/2031,12.26282692,17.71471977,8.284011841,5.692269325,0.433002949,101.5203629,3.801784754,5.139293194,241.2201996,242.4774628,12.45670319,68.56556702,Winter,0
12/25/2031,12.21203613,17.67259216,8.229192734,5.67691803,0.43504253,101.5273209,3.801537514,5.140241623,240.9320374,242.2493896,12.40018654,68.63391113,Winter,0
12/26/2031,12.16352654,17.63245392,8.176516533,5.661922455,0.437132061,101.5336533,3.800973892,5.140767574,240.6497955,242.0281372,12.34593773,68.69758606,Winter,0
12/27/2031,12.11713409,17.59412384,8.125816345,5.647202492,0.439251065,101.5393143,3.800106525,5.140890598,240.3765564,241.8162994,12.29380989,68.75646973,Winter,0
12/28/2031,12.07271004,17.55744553,8.076935768,5.632687569,0.441378355,101.5442886,3.798948288,5.140627384,240.1151276,241.6161041,12.24366665,68.81039429,Winter,0
12/29/2031,12.03011322,17.52227592,8.029728889,5.618315697,0.443491846,101.5485382,3.797514439,5.139998436,239.8677368,241.4293671,12.19539642,68.85928345,Winter,0
12/30/2031,11.98921776,17.48849487,7.984055996,5.60403347,0.445568949,101.5520477,3.795819521,5.13902235,239.6363678,241.2575073,12.14888954,68.9030304,Winter,0
12/31/2031,11.9499054,17.45599556,7.939792156,5.58979702,0.447586656,101.5548019,3.793878794,5.137721062,239.4225311,241.1015167,12.1040535,68.94153595,Winter,0
1/1/2032,11.91208458,17.42469406,7.896821499,5.575574875,0.44952181,101.556778,3.791708708,5.13611412,239.2272339,240.9620514,12.06081963,68.97476196,Winter,0
1/2/2032,11.87566471,17.39452362,7.855048656,5.561341286,0.451351434,101.5579834,3.789325476,5.134224892,239.0511932,240.8392792,12.01912308,69.00263977,Winter,0
1/3/2032,11.84058189,17.36544037,7.814384937,5.547082901,0.453052998,101.558403,3.786746502,5.132073402,238.8946228,240.7330017,11.97892761,69.02514648,Winter,0
1/4/2032,11.80678177,17.3374157,7.774755955,5.532793045,0.454604387,101.5580368,3.783988714,5.129683495,238.7573395,240.6426697,11.94020653,69.04225159,Winter,0
1/5/2032,11.77422905,17.3104496,7.736114025,5.51847744,0.455984473,101.5569,3.781070709,5.127077579,238.6388245,240.567337,11.90294743,69.05395508,Winter,0
1/6/2032,11.74290085,17.28455353,7.698408604,5.504144669,0.457173139,101.5550079,3.778010368,5.124277592,238.5380402,240.5056915,11.8671608,69.06027985,Winter,0
1/7/2032,11.71279716,17.25975418,7.661614895,5.489818096,0.458151698,101.5523605,3.774825573,5.121307373,238.4537811,240.4561768,11.83287239,69.06123352,Winter,0
1/8/2032,11.68392372,17.23610687,7.625721931,5.475522995,0.458903283,101.5489807,3.771535158,5.118189812,238.3843689,240.4168854,11.80011272,69.05685425,Winter,0
1/9/2032,11.65630722,17.21367455,7.590730667,5.461293221,0.459412366,101.5449066,3.768157959,5.114947796,238.3278503,240.3856659,11.76893806,69.04718018,Winter,0
1/10/2032,11.62998867,17.19253922,7.556659222,5.447169304,0.459665984,101.5401459,3.764712811,5.111604214,238.2819977,240.3601379,11.73940849,69.03227997,Winter,0
1/11/2032,11.6050148,17.17279434,7.523533344,5.433197975,0.45965302,101.5347519,3.761217356,5.108181477,238.2443237,240.3376923,11.71160698,69.01222229,Winter,0
1/12/2032,11.58145332,17.15455437,7.491398335,5.419427395,0.45936504,101.5287476,3.757690668,5.104701042,238.2121277,240.3155365,11.68561745,68.98709106,Winter,0
1/13/2032,11.55937576,17.13792801,7.460307121,5.40591383,0.458796084,101.5221786,3.754150629,5.101185322,238.1825714,240.2908173,11.66153717,68.95696259,Winter,0
1/14/2032,11.53886986,17.12304878,7.430327415,5.3927145,0.457942814,101.5150909,3.750614643,5.097655296,238.1525879,240.2605286,11.63946915,68.92195129,Winter,0
1/15/2032,11.52002621,17.11004829,7.401531219,5.379890442,0.456804991,101.507515,3.747099638,5.094130516,238.1190643,240.2216644,11.61953354,68.88215637,Winter,0
1/16/2032,11.50294685,17.09906578,7.374007702,5.367503166,0.45538491,101.4995117,3.74362278,5.090631008,238.0788116,240.1710663,11.60184097,68.83769226,Winter,0
1/17/2032,11.48773861,17.09025002,7.347849846,5.355614662,0.453688115,101.491127,3.740198851,5.087173939,238.0285797,240.1057739,11.58651352,68.78870392,Winter,0
1/18/2032,11.47450733,17.08374405,7.323151112,5.34428978,0.45172295,101.4824142,3.736843586,5.083777905,237.9651184,240.0227203,11.57367706,68.73531342,Winter,0
1/19/2032,11.46337318,17.07969284,7.300021172,5.333590508,0.44950068,101.4734192,3.733570576,5.080459118,237.8852081,239.9189911,11.56345367,68.67765808,Winter,0
1/20/2032,11.45444584,17.07824326,7.278570652,5.323578358,0.447035581,101.4642029,3.730393171,5.07723093,237.7857666,239.7917328,11.55596828,68.6158905,Winter,0
1/21/2032,11.44784355,17.07952881,7.258909702,5.314312935,0.44434461,101.4548187,3.727323294,5.074108601,237.6637115,239.6383209,11.5513401,68.55015564,Winter,0
1/22/2032,11.4436779,17.08369255,7.24115181,5.305850506,0.441447586,101.4453125,3.724371672,5.071102619,237.5162048,239.4562225,11.54968357,68.4806366,Winter,0
1/23/2032,11.44206238,17.09085274,7.225411415,5.29824543,0.438366681,101.4357452,3.72154808,5.068223953,237.3404846,239.2431183,11.55111504,68.40748596,Winter,0
1/24/2032,11.44309998,17.10113716,7.211803436,5.291549683,0.435126632,101.4261703,3.718860388,5.065481186,237.1339874,238.996933,11.55573463,68.33087158,Winter,0
1/25/2032,11.44689369,17.11464882,7.200438023,5.28580761,0.431754231,101.416626,3.716315269,5.062881947,236.894455,238.7158356,11.56364155,68.2509613,Winter,0
1/26/2032,11.45354271,17.1314888,7.19142437,5.281061172,0.428278357,101.4071732,3.713919163,5.060430527,236.6197662,238.3982086,11.57492352,68.16796875,Winter,0
1/27/2032,11.46312809,17.15174103,7.184864521,5.277348042,0.424729347,101.3978577,3.711675406,5.058131218,236.3081207,238.0426941,11.58965302,68.08204651,Winter,0
1/28/2032,11.47573471,17.17547798,7.180855751,5.274700165,0.421139181,101.3887177,3.709586382,5.055984974,235.957901,237.6483002,11.60790062,67.9934082,Winter,0
1/29/2032,11.49142551,17.20275879,7.17949152,5.273143768,0.417540789,101.3797989,3.707653046,5.053992271,235.5678711,237.2142487,11.6297245,67.90222168,Winter,0
1/30/2032,11.51026821,17.2336235,7.180854321,5.27270031,0.413967997,101.3711395,3.705875397,5.05215168,235.1370087,236.740036,11.65515518,67.8086853,Winter,0
1/31/2032,11.53230286,17.26810455,7.185018063,5.273384094,0.410455048,101.3627701,3.704251051,5.050457954,234.6646729,236.2255096,11.68422985,67.7130127,Winter,0
2/1/2032,11.5575695,17.30620956,7.192052841,5.275206566,0.407036185,101.3547287,3.70277667,5.048906803,234.1504211,235.6707916,11.71696281,67.6153717,Winter,0
2/2/2032,11.58609009,17.34793663,7.202013493,5.278171539,0.403745651,101.3470383,3.701447248,5.047490597,233.594162,235.0762177,11.75335503,67.51597595,Winter,0
2/3/2032,11.61788082,17.39326859,7.21494627,5.282278061,0.400616825,101.3397217,3.700257063,5.046200275,232.9960938,234.4424896,11.793396,67.4150238,Winter,0
2/4/2032,11.65294075,17.44216728,7.23088789,5.287519932,0.397682369,101.3328018,3.699198008,5.045025826,232.3566742,233.7704773,11.83705521,67.31270599,Winter,0
2/5/2032,11.69125748,17.49458694,7.249862194,5.293886185,0.394973516,101.3262863,3.698261738,5.043954849,231.6766663,233.0613708,11.88430023,67.20921326,Winter,0
2/6/2032,11.73280716,17.550457,7.271885395,5.30136013,0.392519802,101.3201904,3.697438002,5.042974949,230.9570465,232.3165283,11.93507671,67.10474396,Winter,0
2/7/2032,11.77755547,17.60970306,7.296958447,5.309920788,0.390349001,101.3145218,3.696716785,5.042070389,230.1990814,231.5375519,11.98932076,66.99948883,Winter,0
2/8/2032,11.8254528,17.67223358,7.325072765,5.319545746,0.388486296,101.3092728,3.696084738,5.041227341,229.4042053,230.7262268,12.0469532,66.89363098,Winter,0
2/9/2032,11.87643814,17.73794556,7.356212139,5.330204964,0.386954576,101.304451,3.695530176,5.040427208,228.5741272,229.8844147,12.10789108,66.78733826,Winter,0
2/10/2032,11.93044662,17.80672264,7.390343666,5.341867447,0.38577354,101.3000336,3.695039511,5.039654255,227.7106171,229.0142517,12.17203522,66.68080902,Winter,0
2/11/2032,11.98739433,17.87844086,7.427427292,5.35449934,0.384960055,101.2960205,3.69459939,5.038890839,226.8157806,228.1178741,12.23927784,66.57420349,Winter,0
2/12/2032,12.04719734,17.95296669,7.467414379,5.368062973,0.384527445,101.2923889,3.694195271,5.038116932,225.8916626,227.197525,12.30950546,66.46768951,Winter,0
2/13/2032,12.10975647,18.0301609,7.51024437,5.382522106,0.384485543,101.2891235,3.693812847,5.037315369,224.9405823,226.2555389,12.38259125,66.36141205,Winter,0
2/14/2032,12.17497253,18.10987854,7.555849075,5.397834778,0.384840459,101.2862015,3.693437338,5.036467552,223.9647675,225.29422,12.45841217,66.25553131,Winter,0
2/15/2032,12.24272919,18.1919651,7.604152679,5.413960934,0.385594517,101.2835846,3.693055153,5.035554409,222.966629,224.3159027,12.53683281,66.150177,Winter,0
2/16/2032,12.31291389,18.27627182,7.655069828,5.430859089,0.386746138,101.28125,3.692651749,5.034558296,221.9485626,223.322876,12.61771393,66.04547119,Winter,0
2/17/2032,12.3854084,18.36263847,7.708511829,5.448488235,0.38828963,101.2791672,3.692214012,5.033462048,220.9129333,222.3173676,12.7009182,65.94155884,Winter,0
2/18/2032,12.46008682,18.45091438,7.764379978,5.466808796,0.390215516,101.2772903,3.691728115,5.032248497,219.8620758,221.30159,12.78630447,65.83852386,Winter,0
2/19/2032,12.53682327,18.54094124,7.822576046,5.485781193,0.392510295,101.275589,3.691182613,5.030900955,218.7983246,220.2775879,12.87373543,65.73646545,Winter,0
2/20/2032,12.6154995,18.63257217,7.882995129,5.505364895,0.395156503,101.274025,3.690565825,5.029405594,217.7239227,219.2472992,12.9630661,65.63547516,Winter,0
2/21/2032,12.69598198,18.72565651,7.945528507,5.525527,0.398133129,101.2725525,3.689867496,5.027749062,216.6409454,218.2125092,13.05416584,65.53561401,Winter,0
2/22/2032,12.77814865,18.8200531,8.010065079,5.546230316,0.401415348,101.2711258,3.689078569,5.025919914,215.5514069,217.1748657,13.14689636,65.43695068,Winter,0
2/23/2032,12.86187363,18.91562462,8.076496124,5.567442894,0.404974937,101.2697067,3.688191175,5.023906708,214.4571686,216.1358185,13.24113178,65.33953094,Winter,0
2/24/2032,12.94704056,19.01224327,8.144708633,5.589136124,0.408780694,101.2682495,3.687199354,5.021701336,213.3599548,215.0966339,13.33675003,65.24337769,Winter,0
2/25/2032,13.03352928,19.10978889,8.214592934,5.611282825,0.412798166,101.266716,3.68609786,5.0192976,212.2612762,214.0583954,13.4336319,65.14851379,Winter,0
2/26/2032,13.12123299,19.20815086,8.286037445,5.633858681,0.416990548,101.2650528,3.684883833,5.016689777,211.1625519,213.0219727,13.53167152,65.05493164,Winter,0
2/27/2032,13.21004105,19.30722427,8.358934402,5.656843662,0.421318591,101.2632294,3.683555603,5.013876438,210.0649109,211.9879913,13.63076401,64.96264648,Winter,0
2/28/2032,13.29985619,19.40692329,8.433188438,5.680220604,0.425741017,101.2612076,3.682113647,5.010856628,208.9693146,210.9569244,13.73082352,64.87161255,Winter,0
2/29/2032,13.39058113,19.507164,8.508686066,5.703972816,0.43021512,101.2589417,3.680560112,5.007631779,207.8765564,209.9290161,13.83175659,64.78179932,Winter,0
3/1/2032,13.48213196,19.60787582,8.585337639,5.728090286,0.434696883,101.2563934,3.678898811,5.004207611,206.7872314,208.9042358,13.93349838,64.69317627,Spring,1
3/2/2032,13.57443237,19.70900154,8.663051605,5.75256443,0.439141572,101.2535324,3.677134991,5.000588417,205.7016907,207.8824768,14.03597832,64.60565186,Spring,1
3/3/2032,13.66740417,19.81049156,8.741742134,5.777391434,0.443504095,101.2503281,3.675276518,4.996784687,204.620163,206.8633728,14.1391449,64.51917267,Spring,1
3/4/2032,13.76099014,19.91230965,8.821325302,5.802566051,0.447739363,101.2467575,3.67333293,4.992805481,203.5426331,205.8463593,14.24295044,64.43365479,Spring,1
3/5/2032,13.85512733,20.01443291,8.901731491,5.828089714,0.45180288,101.2427902,3.671314716,4.988665581,202.4688721,204.8307648,14.34736252,64.34899139,Spring,1
3/6/2032,13.9497757,20.11684036,8.982890129,5.853964806,0.455651015,101.2384109,3.669234514,4.984378815,201.3986359,203.8157196,14.45235252,64.26509094,Spring,1
3/7/2032,14.04488945,20.2195282,9.06473732,5.880194664,0.459241658,101.2335968,3.667106628,4.979962826,200.3313751,202.8002777,14.55790138,64.18183899,Spring,1
3/8/2032,14.14043808,20.32249641,9.147223473,5.906786919,0.462534279,101.2283325,3.664946556,4.975436211,199.2664795,201.7832947,14.66400528,64.09911346,Spring,1
3/9/2032,14.2364006,20.42575836,9.230296135,5.933748245,0.465490699,101.2226105,3.662770987,4.970819473,198.2031555,200.7636871,14.7706604,64.01678467,Spring,1
3/10/2032,14.33275414,20.5293293,9.31391716,5.961087227,0.468075305,101.2164383,3.660598755,4.966135979,197.140625,199.7401428,14.87787437,63.93472672,Spring,1
3/11/2032,14.42949104,20.63323593,9.398047447,5.988815308,0.470255315,101.2097931,3.658447742,4.961408615,196.0779419,198.7113953,14.98565674,63.85279846,Spring,1
3/12/2032,14.52659988,20.73750496,9.482662201,6.016942501,0.472001463,101.2026978,3.656337976,4.956661224,195.0140839,197.676178,15.09403229,63.77087021,Spring,1
3/13/2032,14.62408829,20.84217072,9.567735672,6.045478344,0.473287791,101.1951447,3.654290438,4.951920509,193.9480286,196.6331635,15.20301819,63.68879318,Spring,1
3/14/2032,14.72195625,20.94727325,9.653253555,6.07443428,0.474092454,101.1871567,3.652326107,4.947213173,192.8787231,195.5811005,15.31264687,63.60643768,Spring,1
3/15/2032,14.82021713,21.052845,9.739200592,6.103819847,0.4743976,101.1787415,3.650465965,4.942564011,191.8051453,194.5187531,15.42294884,63.52365112,Spring,1
3/16/2032,14.91887665,21.15893173,9.825574875,6.133644104,0.474189699,101.1699219,3.648730993,4.938001633,190.7262878,193.4450226,15.53395462,63.44031143,Spring,1
3/17/2032,15.01795387,21.26557159,9.912371635,6.163915634,0.473459721,101.1607132,3.647142649,4.933553696,189.6411133,192.3588257,15.64569855,63.35628891,Spring,1
3/18/2032,15.11746979,21.37280464,9.999593735,6.19464159,0.472203225,101.1511612,3.645721436,4.929245949,188.5487518,191.2592316,15.75821877,63.27144623,Spring,1
3/19/2032,15.21743584,21.4806633,10.08724499,6.22582674,0.470420361,101.1412735,3.644487619,4.925104618,187.448349,190.145462,15.87154579,63.18566513,Spring,1
3/20/2032,15.31788063,21.58918381,10.17533779,6.257473946,0.468116105,101.1311035,3.643460751,4.921154976,186.3392029,189.016861,15.98571205,63.09884262,Spring,1
3/21/2032,15.41881561,21.69839287,10.26388073,6.289586067,0.465299964,101.1206741,3.642658234,4.917421341,185.2206573,187.8729401,16.10074615,63.01087189,Spring,1
3/22/2032,15.52026176,21.80831718,10.35288715,6.322161674,0.461985976,101.1100235,3.64209795,4.913926125,184.0922546,186.7134094,16.21667671,62.92166138,Spring,1
3/23/2032,15.62223625,21.91897011,10.44237518,6.35519886,0.458192945,101.0991974,3.641795397,4.910691261,182.9536285,185.5381622,16.33352852,62.83112717,Spring,1
3/24/2032,15.72475433,22.0303688,10.53235722,6.388690472,0.45394358,101.0882339,3.641763687,4.907736778,181.8046112,184.3472595,16.45131302,62.73920441,Spring,1
3/25/2032,15.82783127,22.14251328,10.62284851,6.42263031,0.449265242,101.077179,3.642015457,4.905078888,180.6451569,183.1410065,16.57004166,62.64583588,Spring,1
3/26/2032,15.93147278,22.25540161,10.71386814,6.457009315,0.444188565,101.0660782,3.642561197,4.902733326,179.4754028,181.9198914,16.68972969,62.55097961,Spring,1
3/27/2032,16.03569031,22.36902046,10.80543041,6.491814137,0.43874827,101.0549774,3.643408537,4.900712013,178.2956543,180.6845856,16.81036758,62.45460892,Spring,1
3/28/2032,16.14048195,22.48335266,10.89755344,6.527031422,0.432982087,101.0439224,3.644563675,4.899026394,177.106369,179.4360046,16.93195534,62.35670471,Spring,1
3/29/2032,16.24585152,22.5983696,10.99024773,6.562644005,0.426930636,101.032959,3.646029472,4.897683144,175.9081573,178.1752625,17.05447388,62.25727081,Spring,1
3/30/2032,16.35178947,22.71403694,11.08352852,6.598635674,0.420637339,101.0221405,3.647807598,4.8966856,174.7018585,176.9035797,17.17790413,62.15632629,Spring,1
3/31/2032,16.45829201,22.83030891,11.1774044,6.63498497,0.414147288,101.0114975,3.649896145,4.896037102,173.4884033,175.6224213,17.30222321,62.05389786,Spring,1
4/1/2032,16.56534195,22.94713402,11.27188492,6.671671867,0.407507598,101.0010834,3.652291536,4.895733833,172.2689209,174.3334045,17.42739296,61.9500351,Spring,1
4/2/2032,16.67292404,23.06445885,11.36697769,6.708673477,0.400766462,100.9909439,3.65498662,4.895772934,171.0446014,173.0382996,17.55337334,61.84479904,Spring,1
4/3/2032,16.7810154,23.18221283,11.46268749,6.745966911,0.393972784,100.9811172,3.657971859,4.89614439,169.8168488,171.7389832,17.68011665,61.73825455,Spring,1
4/4/2032,16.88959122,23.30033112,11.55901623,6.783529282,0.387175798,100.9716492,3.661235809,4.896838665,168.5870972,170.4374542,17.8075695,61.63049698,Spring,1
4/5/2032,16.99862671,23.41873169,11.6559639,6.821336746,0.38042438,100.9625626,3.664764404,4.8978405,167.3569031,169.135788,17.93567657,61.52162552,Spring,1
4/6/2032,17.10808563,23.53733826,11.75352859,6.859366417,0.373766869,100.9539032,3.668540478,4.899132729,166.1279144,167.8361206,18.06437492,61.41175079,Spring,1
4/7/2032,17.21793938,23.65606689,11.85170746,6.897593975,0.367250144,100.9457016,3.672544718,4.900695801,164.9017944,166.5406342,18.19359207,61.30099487,Spring,1
4/8/2032,17.32814789,23.77483368,11.95049381,6.935998917,0.360919774,100.9379883,3.676755905,4.902504921,163.6802521,165.2515411,18.32326698,61.18948746,Spring,1
4/9/2032,17.43867493,23.89355087,12.04987907,6.974560738,0.354818791,100.9307938,3.681150198,4.904536247,162.4649963,163.9710083,18.45331955,61.07735825,Spring,1
4/10/2032,17.54948425,24.01213074,12.14985752,7.013259888,0.348987848,100.9241257,3.685702324,4.906759739,161.2577515,162.7012024,18.5836792,60.96477127,Spring,1
4/11/2032,17.66053581,24.13049316,12.25041866,7.052079678,0.343464643,100.9180222,3.690384865,4.909145832,160.0601807,161.4441833,18.71427155,60.85185623,Spring,1
4/12/2032,17.77179337,24.24855423,12.35154915,7.091005802,0.33828339,100.9124832,3.69516921,4.911661148,158.8739014,160.2019653,18.84502411,60.73878098,Spring,1
4/13/2032,17.88321495,24.36623001,12.45323849,7.130025387,0.333474636,100.9075317,3.700024605,4.914271832,157.7004395,158.9764404,18.9758606,60.62569809,Spring,1
4/14/2032,17.99477196,24.48345947,12.5554781,7.169130802,0.329064846,100.9031754,3.704920292,4.916940689,156.5412445,157.7693329,19.10671425,60.51275253,Spring,1
4/15/2032,18.10642815,24.60016251,12.65825462,7.208315372,0.325076044,100.8994141,3.709822893,4.919630051,155.3976135,156.5822296,19.2375164,60.40010834,Spring,1
4/16/2032,18.21815681,24.71628761,12.76155663,7.247576714,0.321525842,100.8962555,3.714699984,4.9223032,154.2707214,155.4165192,19.36820793,60.28791046,Spring,1
4/17/2032,18.32992744,24.83177948,12.86537933,7.286916256,0.318426847,100.893692,3.719518423,4.924918175,153.1616058,154.2734375,19.49873161,60.17630005,Spring,1
4/18/2032,18.44172287,24.94659805,12.9697113,7.326338768,0.315786928,100.8917313,3.724244356,4.927437782,152.0710907,153.1539612,19.62903404,60.06541061,Spring,1
4/19/2032,18.55352402,25.06071091,13.07454681,7.365851879,0.313608795,100.8903503,3.728844166,4.929820538,150.9998474,152.0588379,19.75907135,59.95537567,Spring,1
4/20/2032,18.66532326,25.17409897,13.17988396,7.405469418,0.311890095,100.8895416,3.73328495,4.932027817,149.9483337,150.9885864,19.88881111,59.84631348,Spring,1
4/21/2032,18.77711296,25.2867527,13.28571796,7.445205688,0.310623437,100.8892975,3.737534761,4.934020042,148.9168091,149.9434509,20.01822853,59.7383194,Spring,1
4/22/2032,18.88889503,25.39867592,13.3920536,7.485082626,0.309796304,100.8895874,3.741561174,4.935759068,147.905304,148.9234619,20.14730072,59.6314888,Spring,1
4/23/2032,19.00068092,25.50988388,13.49888992,7.525120735,0.309391201,100.8904037,3.745335102,4.937209129,146.9136353,147.92836,20.27602005,59.52589417,Spring,1
4/24/2032,19.11248207,25.62040901,13.60624123,7.565348625,0.309385955,100.8917236,3.748826504,4.938333511,145.9414215,146.9575958,20.40438652,59.42159653,Spring,1
4/25/2032,19.22432518,25.73029518,13.71411324,7.605794907,0.309753686,100.8935089,3.752008915,4.939099312,144.9879913,146.0104065,20.5324192,59.3186264,Spring,1
4/26/2032,19.33623314,25.83959961,13.82252026,7.646493435,0.31046316,100.895752,3.754856348,4.939474106,144.0525818,145.0857544,20.66013718,59.21702194,Spring,1
4/27/2032,19.44824982,25.94838905,13.93148136,7.687479496,0.311479002,100.898407,3.757346392,4.939430237,143.134079,144.1823578,20.78757095,59.11676788,Spring,1
4/28/2032,19.56041527,26.05675125,14.04101658,7.728790283,0.312762171,100.9014511,3.759456873,4.938940048,142.2312775,143.2987061,20.91476631,59.0178566,Spring,1
4/29/2032,19.67278481,26.16477966,14.15115166,7.770464897,0.314270258,100.9048462,3.761170149,4.937979698,141.3427429,142.4330597,21.04178047,58.92024231,Spring,1
4/30/2032,19.78540993,26.2725811,14.26191235,7.812544823,0.315957665,100.908577,3.762469769,4.936528206,140.4668274,141.5835114,21.16867256,58.82386398,Spring,1
5/1/2032,19.89835739,26.38027382,14.37332916,7.855071545,0.317776591,100.9125977,3.763342619,4.934568405,139.6018372,140.7479401,21.29551888,58.72864532,Spring,1
5/2/2032,20.01169586,26.48798752,14.48543453,7.898086071,0.319676608,100.9168777,3.76377821,4.932085991,138.7458038,139.9241028,21.42239761,58.63447189,Spring,1
5/3/2032,20.12550163,26.59586143,14.59826565,7.941631794,0.32160607,100.9213791,3.763768673,4.929070473,137.896759,139.1095734,21.54940605,58.54122925,Spring,1
5/4/2032,20.23985291,26.70404243,14.71186066,7.985748768,0.323511988,100.9260788,3.763309479,4.925513268,137.052597,138.3018951,21.67663574,58.4487648,Spring,1
5/5/2032,20.35482979,26.81267929,14.82625771,8.030477524,0.325340867,100.9309387,3.76239872,4.921410561,136.2111359,137.4985046,21.8041935,58.35691452,Spring,1
5/6/2032,20.47052383,26.92193413,14.9414959,8.075856209,0.327039003,100.9359207,3.761038065,4.916763306,135.3701782,136.6967316,21.93218803,58.26549911,Spring,1
5/7/2032,20.58701515,27.03196716,15.05761909,8.121920586,0.328553081,100.9410095,3.759231091,4.91157341,134.5274811,135.8939972,22.06073761,58.17430878,Spring,1
5/8/2032,20.70439911,27.14294624,15.17466736,8.168703079,0.329830825,100.9461517,3.756984711,4.905848503,133.6808472,135.0877075,22.18995476,58.08312988,Spring,1
5/9/2032,20.82275963,27.25503349,15.29268074,8.2162323,0.330821186,100.9513397,3.754308701,4.899599075,132.8281403,134.2752991,22.31996155,57.99172974,Spring,1
5/10/2032,20.94218826,27.36838913,15.4117012,8.264535904,0.331475198,100.9565277,3.751215935,4.892837048,131.9672394,133.4542694,22.45087624,57.89986038,Spring,1
5/11/2032,21.06276894,27.48318481,15.53176594,8.313632965,0.331746221,100.9617004,3.747720718,4.885581493,131.0962067,132.6222992,22.58282089,57.80725861,Spring,1
5/12/2032,21.18458557,27.59956741,15.65290546,8.363540649,0.331590444,100.9668274,3.743840694,4.877849579,130.2131348,131.7771912,22.71591187,57.71366501,Spring,1
5/13/2032,21.30771637,27.71769142,15.77515888,8.41426754,0.330967426,100.9718933,3.739594936,4.8696661,129.3163757,130.9168854,22.85025978,57.61880112,Spring,1
5/14/2032,21.43223572,27.8377037,15.89855099,8.465820313,0.329840273,100.9768677,3.73500514,4.861055374,128.4044037,130.0396118,22.98597717,57.52238083,Spring,1
5/15/2032,21.55821228,27.95973206,16.02310562,8.518196106,0.328176111,100.9817352,3.730094671,4.852045059,127.4758987,129.1437531,23.12316513,57.42413712,Spring,1
5/16/2032,21.68570328,28.08390617,16.14884186,8.571389198,0.325946599,100.9864731,3.724888325,4.842664719,126.5298309,128.2279816,23.26192093,57.32377243,Spring,1
5/17/2032,21.81476402,28.21032906,16.27577591,8.625385284,0.323127836,100.9910736,3.71941185,4.83294487,125.5653763,127.2912598,23.4023304,57.22100449,Spring,1
5/18/2032,21.94543648,28.33909988,16.40390778,8.680161476,0.319700956,100.9955215,3.713692427,4.822919846,124.5819626,126.3328629,23.54447174,57.11556625,Spring,1
5/19/2032,22.07775497,28.47029877,16.53324318,8.735691071,0.315652043,100.9998016,3.70775795,4.812623024,123.5793533,125.3523254,23.6884079,57.00717926,Spring,1
5/20/2032,22.21174431,28.60399246,16.66377068,8.791940689,0.310972363,101.0039139,3.701637268,4.802089214,122.5575943,124.3495941,23.834198,56.89558792,Spring,1
5/21/2032,22.34741211,28.74022484,16.79548073,8.848867416,0.305658698,101.0078354,3.695358753,4.791355133,121.5170364,123.3248978,23.98187637,56.78054428,Spring,1
5/22/2032,22.48476028,28.87902641,16.92834282,8.906425476,0.299712807,101.0115738,3.688951015,4.780455589,120.4583435,122.2788391,24.13147736,56.66181564,Spring,1
5/23/2032,22.62377357,29.02040672,17.06233025,8.964559555,0.29314217,101.0151138,3.682442188,4.769425392,119.3824921,121.2123718,24.28300667,56.53918457,Spring,1
5/24/2032,22.76443291,29.16435242,17.19739914,9.023208618,0.285959125,101.0184555,3.675860167,4.758301258,118.2908249,120.1267776,24.43645859,56.41245651,Spring,1
5/25/2032,22.9066906,29.31083679,17.33350372,9.082305908,0.278181493,101.0216064,3.669231892,4.747117043,117.1849365,119.0237579,24.59182358,56.28145218,Spring,1
5/26/2032,23.05050087,29.45980835,17.47057915,9.141782761,0.269831926,101.024559,3.662582874,4.73590517,116.0667648,117.9052277,24.74906158,56.14602661,Spring,1
5/27/2032,23.19579697,29.61119461,17.60856438,9.20156002,0.260937899,101.0273132,3.655938148,4.724698067,114.9385529,116.7735519,24.9081192,56.0060463,Spring,1
5/28/2032,23.34249878,29.76490402,17.7473774,9.261558533,0.251531452,101.0298843,3.649319887,4.713526726,113.802803,115.6313477,25.06893349,55.86141968,Spring,1
5/29/2032,23.49052048,29.92082596,17.88693619,9.321691513,0.241648749,101.0322571,3.642749548,4.702417374,112.6623306,114.481514,25.23142052,55.71206665,Spring,1
5/30/2032,23.63974762,30.07883072,18.02714539,9.381871223,0.231329888,101.0344543,3.636246204,4.69139719,111.5201416,113.3272629,25.3954792,55.55796051,Spring,1
5/31/2032,23.79007339,30.23876762,18.1679039,9.442008972,0.22061868,101.0364685,3.629826784,4.68048954,110.3794556,112.17202,25.5609951,55.39908981,Spring,1
6/1/2032,23.9413662,30.40047073,18.30910301,9.502012253,0.20956178,101.0383148,3.623506069,4.669714928,109.2438049,111.0194168,25.7278347,55.235466,Summer,2
6/2/2032,24.0934906,30.56375694,18.45062256,9.561784744,0.198208749,101.0399933,3.617296696,4.659092426,108.116745,109.8732986,25.89585876,55.06716156,Summer,2
6/3/2032,24.2462883,30.72842407,18.59234238,9.621236801,0.18661128,101.0415115,3.6112082,4.648635864,107.0020599,108.7376404,26.06491089,54.89426041,Summer,2
6/4/2032,24.39960861,30.89426041,18.73413467,9.680274963,0.174822822,101.0428848,3.605248213,4.638357162,105.903595,107.6165543,26.2348175,54.71687698,Summer,2
6/5/2032,24.55328178,31.06104279,18.87585831,9.738805771,0.162898287,101.0441055,3.599421501,4.628266335,104.8252792,106.5141678,26.40539742,54.53518677,Summer,2
6/6/2032,24.70713425,31.22852516,19.01737785,9.796741486,0.150893107,101.0451889,3.593729496,4.618369102,103.7711029,105.4347153,26.57645988,54.34937668,Summer,2
6/7/2032,24.86098671,31.39647102,19.15855408,9.853996277,0.138863236,101.0461502,3.588172913,4.60866642,102.7449875,104.3823929,26.74780464,54.15965652,Summer,2
6/8/2032,25.01465225,31.56461906,19.29923248,9.910486221,0.126864225,101.0469818,3.582748175,4.599159241,101.7508469,103.3613739,26.91922569,53.96629333,Summer,2
6/9/2032,25.16794014,31.73270988,19.43927574,9.966135025,0.114951119,101.0476913,3.57744956,4.589841843,100.792511,102.3757095,27.0905056,53.76957703,Summer,2
6/10/2032,25.32065773,31.90048027,19.57852745,10.02087021,0.103177682,101.0482941,3.572269678,4.580709457,99.87369537,101.4293518,27.26142693,53.56981277,Summer,2
6/11/2032,25.4726162,32.06766129,19.71684647,10.07462406,0.091595978,101.0487823,3.567198038,4.571752548,98.99797058,100.5260925,27.43176651,53.36735916,Summer,2
6/12/2032,25.62361717,32.2339859,19.85407829,10.12733746,0.080256157,101.0491791,3.562222719,4.562956333,98.16866302,99.66949463,27.6013031,53.16256714,Summer,2
6/13/2032,25.77347565,32.39919281,19.99008751,10.17895889,0.069205679,101.049469,3.557329655,4.554308414,97.38893127,98.86291504,27.76981163,52.95585632,Summer,2
6/14/2032,25.92199707,32.5630188,20.12472343,10.2294426,0.058489196,101.0496674,3.552502871,4.545789242,96.66161346,98.10938263,27.93706894,52.74761963,Summer,2
6/15/2032,26.06899643,32.72520828,20.25785446,10.27875519,0.048148241,101.0497742,3.547724724,4.537380219,95.98929596,97.4116745,28.1028595,52.53832245,Summer,2
6/16/2032,26.21429634,32.88551331,20.38934326,10.3268652,0.03822051,101.0497971,3.542977095,4.529060364,95.37420654,96.77217865,28.26696587,52.32840729,Summer,2
6/17/2032,26.35772324,33.04369354,20.51906776,10.37375736,0.028740082,101.0497284,3.538239956,4.520806789,94.81826019,96.19294739,28.42917633,52.11834717,Summer,2
6/18/2032,26.49910927,33.1995163,20.64690399,10.4194212,0.019736836,101.0495682,3.533493042,4.5125947,94.32299042,95.67560577,28.58929062,51.90863037,Summer,2
6/19/2032,26.63829613,33.35276794,20.77273941,10.46385765,0.011236675,101.049324,3.528714657,4.504398823,93.88950348,95.22141266,28.74712181,51.69974899,Summer,2
6/20/2032,26.77513885,33.50324631,20.89647293,10.50707722,0.003260715,101.048996,3.523884058,4.496194839,93.51854706,94.83116913,28.90247726,51.49221802,Summer,2
6/21/2032,26.90949631,33.65076065,21.01800537,10.54909706,-0.004174224,101.0485764,3.518979311,4.487955093,93.21039581,94.50523376,29.05519104,51.28652573,Summer,2
6/22/2032,27.0412426,33.7951355,21.13724899,10.58994961,-0.011055858,101.0480804,3.513980627,4.479655266,92.96492767,94.24349976,29.2050972,51.08319855,Summer,2
6/23/2032,27.17025757,33.93621445,21.25413322,10.6296711,-0.01737657,101.0474854,3.50886631,4.4712677,92.78157806,94.04545593,29.35205078,50.88274765,Summer,2
6/24/2032,27.29644203,34.07385635,21.36858559,10.66830921,-0.023132876,101.0468063,3.503617764,4.462769508,92.65934753,93.9101181,29.49591446,50.68566895,Summer,2
6/25/2032,27.41970825,34.20793533,21.48055458,10.70591831,-0.02832602,101.0460358,3.498216391,4.454136372,92.59680176,93.83597565,29.63656616,50.49246597,Summer,2
6/26/2032,27.53997231,34.33835602,21.58998871,10.74256325,-0.032961443,101.045166,3.492645502,4.445345879,92.59207916,93.82120514,29.77389908,50.30363464,Summer,2
6/27/2032,27.65717125,34.46501923,21.69686127,10.77831459,-0.037048355,101.0442123,3.486889362,4.436377525,92.64291382,93.86348724,29.90781975,50.11964035,Summer,2
6/28/2032,27.77124596,34.58786011,21.80114174,10.8132515,-0.040600087,101.0431595,3.480935097,4.427213192,92.74666595,93.96008301,30.03824997,49.94096375,Summer,2
6/29/2032,27.88216591,34.70682526,21.90282059,10.84745598,-0.043633342,101.0420074,3.474770784,4.417837143,92.90027618,94.10791016,30.16512108,49.76805115,Summer,2
6/30/2032,27.98989487,34.82188416,22.00189209,10.88101864,-0.046167772,101.0407639,3.468387842,4.408234596,93.1003952,94.30347443,30.28838539,49.60132217,Summer,2
7/1/2032,28.09442139,34.9330101,22.09836388,10.91403294,-0.048226539,101.0394135,3.461779594,4.398395538,93.3433075,94.54302216,30.40800858,49.44120407,Summer,2
7/2/2032,28.19573784,35.04020691,22.19225311,10.9465971,-0.049834494,101.0379715,3.454942226,4.38831234,93.62502289,94.82242584,30.52396202,49.28807831,Summer,2
7/3/2032,28.29384804,35.14347839,22.28358078,10.97881126,-0.051019181,101.036438,3.447874546,4.377981186,93.94128418,95.1373291,30.6362381,49.14230347,Summer,2
7/4/2032,28.38877487,35.24285507,22.37238503,11.01077747,-0.051809553,101.0347977,3.440578461,4.367400169,94.28765869,95.48320007,30.7448349,49.00423431,Summer,2
7/5/2032,28.4805336,35.33836746,22.45870399,11.04259682,-0.052235678,101.0330734,3.433058262,4.356572151,94.65951538,95.85526276,30.84976387,48.87417221,Summer,2
7/6/2032,28.56916428,35.43007278,22.54258156,11.0743742,-0.05232859,101.03125,3.425321817,4.345503807,95.05204773,96.24861908,30.9510479,48.75240707,Summer,2
7/7/2032,28.65469551,35.51801682,22.62407684,11.1062088,-0.052119572,101.0293427,3.417379379,4.33420372,95.46044159,96.6583252,31.04871178,48.63920975,Summer,2
7/8/2032,28.73718834,35.60226822,22.70324326,11.13819981,-0.05163962,101.0273514,3.409245014,4.322686195,95.879776,97.07936096,31.14279556,48.53479385,Summer,2
7/9/2032,28.816679,35.68289948,22.78014565,11.17044163,-0.050919306,101.0252838,3.400934458,4.310968876,96.30513,97.50669861,31.23334312,48.4393692,Summer,2
7/10/2032,28.89323044,35.75997543,22.85484505,11.20302582,-0.049988072,101.0231323,3.392467499,4.299071312,96.73165894,97.93538666,31.32039833,48.35311127,Summer,2
7/11/2032,28.96688843,35.83358383,22.92740631,11.23603725,-0.048873782,101.0209274,3.383865595,4.287018299,97.15460205,98.36057281,31.40401459,48.27616501,Summer,2
7/12/2032,29.03771782,35.90380096,22.9978981,11.26955509,-0.04760262,101.0186539,3.375153542,4.274837017,97.56932831,98.77754211,31.48424339,48.20864105,Summer,2
7/13/2032,29.1057682,35.97069168,23.06638718,11.30365086,-0.046198182,101.0163345,3.366357803,4.262558937,97.97138977,99.18177795,31.56113434,48.15063477,Summer,2
7/14/2032,29.17109489,36.03433609,23.13293839,11.33838749,-0.044681802,101.0139694,3.357508183,4.250216484,98.35657501,99.56900787,31.63474655,48.102211,Summer,2
7/15/2032,29.2337532,36.09479904,23.19760895,11.37381935,-0.043071516,101.0115662,3.348635435,4.237847805,98.72094727,99.93521881,31.7051239,48.06340027,Summer,2
7/16/2032,29.293787,36.15215302,23.2604599,11.40999317,-0.041382156,101.0091476,3.339772224,4.22549057,99.06083679,100.2767105,31.77231216,48.03421783,Summer,2
7/17/2032,29.35123634,36.20644379,23.32154274,11.44694424,-0.039625041,101.0067215,3.330952883,4.213186264,99.37297058,100.5902176,31.8363533,48.01464844,Summer,2
7/18/2032,29.40614128,36.25771713,23.38090706,11.48469448,-0.037807789,101.0042877,3.322213411,4.200978279,99.65442657,100.8727493,31.89728165,48.00466537,Summer,2
7/19/2032,29.45852852,36.30600739,23.4385891,11.52325916,-0.035934158,101.0018692,3.31359005,4.188911438,99.90267944,101.121788,31.95512581,48.00421143,Summer,2
7/20/2032,29.50841713,36.35134506,23.49462509,11.56263924,-0.034003627,100.9994736,3.30512023,4.17703104,100.1156387,101.3353119,32.00990295,48.01322174,Summer,2
7/21/2032,29.55582047,36.39373398,23.54903793,11.60282516,-0.032011803,100.9971085,3.296840668,4.165384293,100.291687,101.5116577,32.0616188,48.03159332,Summer,2
7/22/2032,29.60073662,36.43317795,23.60184288,11.64379501,-0.029950049,100.9947968,3.288789034,4.154017448,100.4296417,101.6497269,32.11027527,48.05922699,Summer,2
7/23/2032,29.64316177,36.46965408,23.65304947,11.6855154,-0.027805677,100.9925537,3.281002283,4.142978668,100.5289001,101.7489166,32.1558609,48.0960083,Summer,2
7/24/2032,29.68307495,36.50313568,23.70264816,11.72794151,-0.025561955,100.9903793,3.273516893,4.132313728,100.5892181,101.8090363,32.19835281,48.14180374,Summer,2
7/25/2032,29.72044754,36.53358078,23.75062752,11.77101421,-0.023198238,100.9882889,3.266368151,4.122069359,100.6109543,101.8305435,32.23771286,48.1964798,Summer,2
7/26/2032,29.75523758,36.56092453,23.79696655,11.81466866,-0.020689959,100.9862976,3.259589911,4.112290382,100.5949249,101.8143082,32.27389526,48.25988007,Summer,2
7/27/2032,29.78739548,36.58509445,23.8416214,11.85882473,-0.018009415,100.9844208,3.253214121,4.103019714,100.5424347,101.7617264,32.3068428,48.33185577,Summer,2
7/28/2032,29.81685829,36.60600281,23.88455009,11.90339088,-0.015125385,100.9826736,3.247271776,4.094298363,100.455307,101.6746521,32.336483,48.41224289,Summer,2
7/29/2032,29.84355354,36.62355042,23.92569923,11.94826984,-0.012003726,100.9810486,3.241790295,4.086166382,100.3357925,101.5554581,32.36273575,48.50088501,Summer,2
7/30/2032,29.86740112,36.63761902,23.96499634,11.99335384,-0.00860781,100.9795761,3.236795187,4.078659058,100.1866074,101.4069138,32.38550949,48.59762573,Summer,2
7/31/2032,29.88830185,36.64807892,24.00236702,12.03852367,-0.0048988,100.9782562,3.23230958,4.071809769,100.0108719,101.232254,32.40469742,48.70228577,Summer,2
8/1/2032,29.90616608,36.65480423,24.03772545,12.08365822,-0.000835927,100.9771042,3.228353262,4.065649509,99.81214142,101.0351257,32.4201889,48.81471252,Summer,2
8/2/2032,29.92088318,36.65763855,24.07097244,12.12862301,0.003622723,100.97612,3.224942207,4.060203075,99.59429932,100.8194656,32.43185806,48.9347496,Summer,2
8/3/2032,29.9323349,36.65643311,24.10200882,12.17328453,0.008520029,100.9753189,3.222089767,4.055494308,99.36158752,100.5895996,32.43958664,49.0622406,Summer,2
8/4/2032,29.94040298,36.65102768,24.13072395,12.21750164,0.013899278,100.9747009,3.219805002,4.051539421,99.11851501,100.35009,32.44323349,49.19702148,Summer,2
8/5/2032,29.94496536,36.64125443,24.1570015,12.26112556,0.019803533,100.9742813,3.21809411,4.048354149,98.86985016,100.1057816,32.44265747,49.33895874,Summer,2
8/6/2032,29.94589043,36.62695313,24.18071365,12.30401516,0.026275305,100.9740524,3.216959,4.045947075,98.62052917,99.86168671,32.43772125,49.48790741,Summer,2
8/7/2032,29.94305611,36.60795212,24.20174408,12.34601784,0.033355884,100.9740219,3.216397524,4.044322968,98.37572479,99.62293243,32.42826843,49.64373016,Summer,2
8/8/2032,29.9363308,36.58408737,24.21995735,12.38698387,0.041084826,100.9741974,3.2164042,4.043482304,98.140625,99.39483643,32.4141655,49.8062973,Summer,2
8/9/2032,29.92558289,36.55519485,24.23521996,12.42677021,0.049499694,100.9745712,3.21696949,4.043420315,97.92053223,99.18267059,32.39526749,49.97547913,Summer,2
8/10/2032,29.91069412,36.52112198,24.24740601,12.46522617,0.058635123,100.9751511,3.218079567,4.044127464,97.72076416,98.99175262,32.37142944,50.15116119,Summer,2
8/11/2032,29.89153862,36.48171616,24.25638199,12.50221252,0.068522677,100.9759369,3.219717741,4.045589447,97.54655457,98.82733154,32.34251785,50.33322525,Summer,2
8/12/2032,29.86800766,36.43684769,24.26202011,12.53758812,0.079190314,100.9769211,3.221862316,4.04778862,97.40309143,98.69454193,32.30840683,50.5215683,Summer,2
8/13/2032,29.83999443,36.38638306,24.2641964,12.57122231,0.090661883,100.9781036,3.224489212,4.050700188,97.29538727,98.59836578,32.26896667,50.71606445,Summer,2
8/14/2032,29.80739403,36.33021927,24.26278877,12.60298634,0.102956749,100.9794846,3.227570534,4.05429697,97.22827911,98.54364014,32.22409439,50.91663361,Summer,2
8/15/2032,29.77012634,36.26824951,24.25768471,12.63276005,0.116089411,100.9810486,3.231075287,4.058547974,97.20638275,98.53485107,32.1736908,51.12316132,Summer,2
8/16/2032,29.72811699,36.20040894,24.24877548,12.66043282,0.130069241,100.9828033,3.234969616,4.063416004,97.23403931,98.57627106,32.11767578,51.33554077,Summer,2
8/17/2032,29.68130112,36.12663269,24.23596573,12.68590164,0.144900143,100.9847412,3.239216805,4.068861961,97.31523132,98.67182922,32.05596542,51.55367661,Summer,2
8/18/2032,29.62963486,36.04689026,24.21916199,12.70907307,0.160580307,100.9868469,3.24377799,4.074843407,97.45360565,98.82508087,31.98852348,51.77745819,Summer,2
8/19/2032,29.57308006,35.96115875,24.19828987,12.72986221,0.17710197,100.9891205,3.24861145,4.081314087,97.65244293,99.03914642,31.91529846,52.00678253,Summer,2
8/20/2032,29.5116272,35.86945724,24.17328262,12.7481966,0.194451451,100.9915543,3.253674507,4.088224411,97.91458893,99.31674957,31.83627892,52.24153137,Summer,2
8/21/2032,29.44527435,35.77182007,24.14408684,12.76401329,0.212608948,100.994133,3.258922577,4.095524311,98.24243164,99.66015625,31.75146675,52.48158264,Summer,2
8/22/2032,29.37404251,35.66830826,24.11066055,12.77726364,0.231548384,100.9968643,3.264310122,4.103159904,98.63787079,100.071167,31.66088676,52.72680664,Summer,2
8/23/2032,29.29797173,35.55900574,24.07298279,12.78790665,0.25123772,100.9997253,3.269790411,4.111076355,99.10235596,100.5510178,31.56458092,52.97707367,Summer,2
8/24/2032,29.21711922,35.44402313,24.03103638,12.79591656,0.271638662,101.0027084,3.275316954,4.119218349,99.63678741,101.1005402,31.46261215,53.23222351,Summer,2
8/25/2032,29.13155746,35.3235054,23.98482704,12.80127525,0.292707235,101.0058136,3.280842304,4.127528667,100.2415771,101.7199631,31.35506821,53.49210358,Summer,2
8/26/2032,29.04138565,35.19761276,23.93437576,12.80397701,0.31439358,101.0090256,3.286319971,4.135951042,100.9166794,102.4090652,31.2420578,53.75653458,Summer,2
8/27/2032,28.94671249,35.06654358,23.87971497,12.80403137,0.336642414,101.0123444,3.291704655,4.144428253,101.6614304,103.1670685,31.12371635,54.02532196,Summer,2
8/28/2032,28.84767532,34.93050766,23.82089424,12.80145168,0.359393239,101.0157547,3.296950817,4.152904034,102.474762,103.9927292,31.00019073,54.29825592,Summer,2
8/29/2032,28.74442291,34.78975296,23.75797844,12.79626846,0.382580578,101.019249,3.302015305,4.161324501,103.355011,104.8842926,30.87165642,54.57513046,Summer,2
8/30/2032,28.63712311,34.64453125,23.69105339,12.78851795,0.406134725,101.0228195,3.306856394,4.169634819,104.300148,105.8395538,30.73830414,54.85568237,Summer,2
8/31/2032,28.52595901,34.49513626,23.62020683,12.77824688,0.429981768,101.0264587,3.311434031,4.177783966,105.3075943,106.8558731,30.60034943,55.13965225,Summer,2
9/1/2032,28.41112709,34.34186935,23.54554749,12.76550961,0.454044253,101.0301666,3.315711498,4.185722351,106.3744354,107.9301529,30.45801926,55.42676926,Autumn,3
9/2/2032,28.29284668,34.18505096,23.46720123,12.75037098,0.478241563,101.0339355,3.319654226,4.193403244,107.4972763,109.0589447,30.31155968,55.7167244,Autumn,3
9/3/2032,28.17133904,34.0250206,23.38530159,12.73289871,0.50249064,101.0377579,3.32322979,4.200783253,108.6723862,110.2384567,30.16123581,56.00919724,Autumn,3
9/4/2032,28.04683876,33.8621254,23.29998589,12.71317101,0.526706338,101.041626,3.32641077,4.207822323,109.895752,111.4645691,30.00732231,56.30384827,Autumn,3
9/5/2032,27.91959763,33.69673157,23.21141815,12.69126415,0.550802231,101.0455399,3.329171419,4.214482784,111.1629944,112.732872,29.85010338,56.60031128,Autumn,3
9/6/2032,27.78986549,33.52921295,23.11976242,12.6672678,0.574690878,101.0494919,3.331491232,4.220733166,112.4695511,114.0387802,29.68988037,56.89821625,Autumn,3
9/7/2032,27.65790176,33.35993576,23.02518654,12.64126778,0.598284662,101.0534821,3.333351851,4.22654438,113.8106613,115.3775253,29.52695274,57.19714355,Autumn,3
9/8/2032,27.52397346,33.18928909,22.92786789,12.61335373,0.621496439,101.0575104,3.334740162,4.231893063,115.181427,116.7441711,29.3616333,57.49669647,Autumn,3
9/9/2032,27.3883419,33.01764297,22.82799339,12.58361721,0.644239962,101.0615616,3.335646152,4.236759663,116.5767975,118.1337662,29.19423485,57.79642868,Autumn,3
9/10/2032,27.2512722,32.84538269,22.72574615,12.55214882,0.666430593,101.0656509,3.336064577,4.241128922,117.9917221,119.541275,29.02506828,58.0959053,Autumn,3
9/11/2032,27.11302757,32.67287445,22.62131691,12.51903725,0.687985957,101.0697632,3.335994244,4.244991302,119.4211502,120.9617081,28.85445213,58.39464188,Autumn,3
9/12/2032,26.97386932,32.50048065,22.51489258,12.48437309,0.708826303,101.0738983,3.335437775,4.248342514,120.860054,122.3901596,28.68269157,58.692173,Autumn,3
9/13/2032,26.83404922,32.32855225,22.40665817,12.44823647,0.728874981,101.078064,3.334402084,4.251181602,122.3035736,123.8218384,28.51009178,58.98801041,Autumn,3
9/14/2032,26.69380379,32.15742874,22.29679489,12.41071033,0.74805969,101.0822449,3.332898378,4.253513813,123.7469406,125.2521362,28.33694649,59.28165817,Autumn,3
9/15/2032,26.55337334,31.98742485,22.18548584,12.37187004,0.766312122,101.0864563,3.330941439,4.255349159,125.1856232,126.6766663,28.16354179,59.57262802,Autumn,3
9/16/2032,26.41297913,31.81884575,22.07289886,12.3317852,0.783568561,101.0906906,3.328550339,4.256701469,126.6152954,128.0912628,27.99014664,59.86040497,Autumn,3
9/17/2032,26.27282333,31.651968,21.95920372,12.29052162,0.799770951,101.0949478,3.325747013,4.257590771,128.0319824,129.4921112,27.81702232,60.14447784,Autumn,3
9/18/2032,26.13310051,31.4870472,21.84455109,12.24813271,0.814866304,101.0992203,3.322558165,4.258039951,129.4319916,130.8757324,27.64440346,60.42435455,Autumn,3
9/19/2032,25.99398232,31.3243103,21.72908974,12.20466995,0.828808129,101.1035156,3.31901288,4.258076668,130.8119965,132.2389984,27.47251511,60.69953537,Autumn,3
9/20/2032,25.85562325,31.1639576,21.61294746,12.16017342,0.841555655,101.1078262,3.315143824,4.257733345,132.1690979,133.5792236,27.30155945,60.96952057,Autumn,3
9/21/2032,25.71815681,31.00615883,21.49624825,12.11467552,0.85307461,101.1121521,3.310986519,4.257045269,133.5007935,134.8941345,27.13171768,61.23383713,Autumn,3
9/22/2032,25.58169937,30.85105515,21.37909508,12.06820202,0.863337636,101.1165009,3.306578636,4.256051064,134.8050537,136.1819,26.96314049,61.49200439,Autumn,3
9/23/2032,25.44634056,30.69875526,21.26158333,12.02076721,0.872323811,101.1208496,3.301960468,4.254794121,136.0802765,137.4411774,26.79596901,61.74357224,Autumn,3
9/24/2032,25.31214523,30.54932976,21.14378357,11.97237873,0.880019188,101.1252136,3.297173977,4.253317833,137.3254089,138.6711273,26.63030434,61.98810577,Autumn,3
9/25/2032,25.17916298,30.40282249,21.02575684,11.92303181,0.886416554,101.1295776,3.292263508,4.251670837,138.5398254,139.8713684,26.46623421,62.22519302,Autumn,3
9/26/2032,25.04741096,30.2592411,20.90754509,11.87271881,0.891515493,101.1339417,3.287273884,4.249902725,139.723465,141.0420227,26.30380821,62.45443726,Autumn,3
9/27/2032,24.9168911,30.11855316,20.78917694,11.82141876,0.8953228,101.138298,3.282251358,4.248064518,140.876709,142.1837158,26.14306259,62.67547226,Autumn,3
9/28/2032,24.78757095,29.98070908,20.67065811,11.76910591,0.89785105,101.1426468,3.277242899,4.246208191,142.0004578,143.2975311,25.98399734,62.88796234,Autumn,3
9/29/2032,24.65940666,29.84560776,20.55197906,11.71574497,0.899119973,101.1469727,3.272295952,4.244388103,143.0960541,144.385025,25.8265934,63.09160233,Autumn,3
9/30/2032,24.53232002,29.71313286,20.43311501,11.66129494,0.899155021,101.1512833,3.267457485,4.242658615,144.16539,145.4482422,25.67079544,63.28612137,Autumn,3
10/1/2032,24.40621948,29.58312225,20.31402397,11.60570717,0.897987723,101.1555557,3.262774706,4.241073608,145.2107086,146.4896088,25.51653862,63.47128296,Autumn,3
10/2/2032,24.28098679,29.45539665,20.19464874,11.54893112,0.895655215,101.1597824,3.25829339,4.239686966,146.234726,147.5119629,25.36371994,63.6468811,Autumn,3
10/3/2032,24.15648651,29.32974434,20.07491493,11.49090672,0.892199814,101.1639633,3.254059315,4.238551617,147.2405396,148.5184937,25.21222496,63.8127594,Autumn,3
10/4/2032,24.03256798,29.2059288,19.9547348,11.43157291,0.88766861,101.1680908,3.25011611,4.237720013,148.2315674,149.5127563,25.06190872,63.96878815,Autumn,3
10/5/2032,23.9090538,29.08369255,19.83401108,11.37086678,0.882113278,101.172142,3.246506453,4.237243652,149.2115784,150.4985504,24.91261292,64.11489868,Autumn,3
10/6/2032,23.78576279,28.9627533,19.71262741,11.30872154,0.875589252,101.1761169,3.243271112,4.237170696,150.1846313,151.480011,24.76415634,64.25102997,Autumn,3
10/7/2032,23.66248894,28.84281731,19.59045792,11.2450695,0.868155599,101.1800079,3.240447998,4.237548828,151.1549835,152.4613647,24.61634827,64.37721252,Autumn,3
10/8/2032,23.53902626,28.72356987,19.4673748,11.17984581,0.859874249,101.1837921,3.238073587,4.23842144,152.1270752,153.4470673,24.46897888,64.49346924,Autumn,3
10/9/2032,23.4151516,28.60468864,19.34323311,11.11298275,0.850809693,101.1874695,3.236181021,4.239831924,153.105484,154.4416656,24.32182693,64.59988403,Autumn,3
10/10/2032,23.29063416,28.48583603,19.21788597,11.04441929,0.84102869,101.1910248,3.234801769,4.241818428,154.0949097,155.4497528,24.17466545,64.6966095,Autumn,3
10/11/2032,23.16524315,28.36667824,19.0911808,10.97409725,0.830598772,101.1944504,3.233963251,4.244416237,155.1000519,156.4759369,24.02725601,64.78379822,Autumn,3
10/12/2032,23.03874016,28.24687004,18.96296692,10.90195942,0.819589198,101.197731,3.233690739,4.247657776,156.1255951,157.5247955,23.8793602,64.86166382,Autumn,3
10/13/2032,22.91089821,28.12607193,18.8330822,10.82795811,0.80806917,101.2008591,3.234005213,4.251572132,157.1761475,158.6007385,23.73073196,64.9304657,Autumn,3
10/14/2032,22.78147125,28.0039463,18.70137596,10.75204754,0.796107948,101.2038269,3.234925032,4.256184578,158.2562103,159.7081146,23.5811348,64.99048615,Autumn,3
10/15/2032,22.65024185,27.88016319,18.56769371,10.6741972,0.783774316,101.2066345,3.236466169,4.261514664,159.3701019,160.8510132,23.43032646,65.04205322,Autumn,3
10/16/2032,22.51697922,27.75440407,18.43188858,10.59437847,0.771136165,101.209259,3.238638639,4.267580032,160.5219116,162.0333099,23.27807617,65.08553314,Autumn,3
10/17/2032,22.38147736,27.62636185,18.29381943,10.51257324,0.758259892,101.2117081,3.241451263,4.274394035,161.7154694,163.2585602,23.12415695,65.12130737,Autumn,3
10/18/2032,22.24353409,27.49574852,18.15335274,10.42877579,0.745209694,101.2139664,3.244909048,4.281964779,162.9542847,164.5299988,22.96835899,65.14981842,Autumn,3
10/19/2032,22.10296249,27.36229324,18.01036453,10.34298706,0.732048035,101.2160339,3.249012947,4.290297985,164.2415161,165.8504791,22.81048393,65.17150879,Autumn,3
10/20/2032,21.959589,27.22574615,17.86474419,10.25522423,0.7188344,101.2179108,3.253760815,4.299393654,165.579895,167.2224426,22.65034294,65.18685913,Autumn,3
10/21/2032,21.81326485,27.08588409,17.71639252,10.16551208,0.705625772,101.2195892,3.259147406,4.309247971,166.9717407,168.6479187,22.48776627,65.19636536,Autumn,3
10/22/2032,21.6638546,26.94251251,17.5652256,10.07388878,0.692475617,101.2210846,3.265164137,4.319854736,168.4189148,170.1283722,22.32261086,65.20056152,Autumn,3
10/23/2032,21.51124573,26.79546165,17.41117859,9.980405807,0.679433882,101.2223816,3.271799326,4.331202507,169.9227905,171.6648865,22.15474892,65.19996643,Autumn,3
10/24/2032,21.35535049,26.64459229,17.25419617,9.885124207,0.666547298,101.2234955,3.279038906,4.343276024,171.4842072,173.2579651,21.98407364,65.19512939,Autumn,3
10/25/2032,21.19609833,26.48979759,17.09424973,9.788122177,0.653858304,101.2244339,3.286865473,4.356057167,173.1034851,174.9075623,21.81050682,65.18663025,Autumn,3
10/26/2032,21.0334568,26.33100891,16.93132591,9.68948555,0.64140588,101.2251968,3.295258522,4.369524002,174.7803955,176.6131592,21.63399124,65.17501831,Autumn,3
10/27/2032,20.86740303,26.16818619,16.76542854,9.589316368,0.629224598,101.2258072,3.304196596,4.383651733,176.5141602,178.3736115,21.4545002,65.16087341,Autumn,3
10/28/2032,20.69795227,26.0013237,16.59659004,9.487725258,0.617345154,101.226265,3.313654661,4.398412228,178.3034668,180.1873169,21.27203178,65.1447525,Autumn,3
10/29/2032,20.52514267,25.83045578,16.42485809,9.384836197,0.60579437,101.226593,3.323606253,4.413775444,180.1464233,182.0520935,21.08660698,65.12723541,Autumn,3
10/30/2032,20.34903717,25.65564728,16.25030327,9.2807827,0.594594777,101.226799,3.334022522,4.42970705,182.0406189,183.9652405,20.8982811,65.10888672,Autumn,3
10/31/2032,20.16973114,25.47700119,16.07301331,9.175712585,0.58376509,101.2269058,3.344873905,4.446171761,183.9831085,185.9235535,20.70713425,65.09022522,Autumn,3
11/1/2032,19.98734093,25.29465485,15.89311123,9.069777489,0.57332015,101.2269363,3.356128454,4.463132858,185.9704132,187.9233246,20.51327515,65.07183075,Autumn,3
11/2/2032,19.80201149,25.10877228,15.71071911,8.963140488,0.563271284,101.2269135,3.367753506,4.480549812,187.9986267,189.9604492,20.31683159,65.05419922,Autumn,3
11/3/2032,19.61391258,24.91956139,15.52600002,8.855975151,0.55362612,101.2268524,3.379715681,4.498382092,190.063324,192.0303192,20.11796761,65.0378418,Autumn,3
11/4/2032,19.42324066,24.72724915,15.33912468,8.748456001,0.544389009,101.2267761,3.391979933,4.516587734,192.1597137,194.1279755,19.9168663,65.02324677,Autumn,3
11/5/2032,19.23020935,24.53210068,15.15028763,8.640768051,0.535561264,101.2267227,3.40451169,4.535122871,194.2825775,196.2480774,19.71373558,65.01086426,Autumn,3
11/6/2032,19.03506088,24.33440018,14.95969963,8.533099174,0.527141452,101.2267151,3.417275429,4.553944111,196.4263306,198.3850098,19.50880432,65.00112915,Autumn,3
11/7/2032,18.83805084,24.13446808,14.76759148,8.425642014,0.519125104,101.2267838,3.430235386,4.57300663,198.5851288,200.5328674,19.3023262,64.9944458,Autumn,3
11/8/2032,18.63946152,23.93263435,14.57420349,8.318588257,0.51150614,101.2269516,3.443356037,4.592266083,200.7528534,202.6855316,19.09456635,64.99118042,Autumn,3
11/9/2032,18.43958282,23.72925758,14.37979507,8.212135315,0.504275799,101.2272491,3.45660162,4.61167717,202.9231567,204.8367004,18.88581276,64.99169922,Autumn,3
11/10/2032,18.23872757,23.5247097,14.18463612,8.10647583,0.497423917,101.2277069,3.469937563,4.631195068,205.0895844,206.97995,18.67636871,64.99629211,Autumn,3
11/11/2032,18.03721428,23.31937981,13.989007,8.001804352,0.490938842,101.2283554,3.483329296,4.650775909,207.2454834,209.1087952,18.4665432,65.00523376,Autumn,3
11/12/2032,17.83537292,23.11366272,13.79319859,7.898309231,0.4848077,101.2292328,3.496742964,4.670375824,209.3842926,211.2167969,18.25666428,65.01876831,Autumn,3
11/13/2032,17.63354683,22.90797043,13.59750843,7.796177864,0.479016781,101.2303543,3.510145664,4.689951897,211.4992828,213.2974243,18.04706383,65.037117,Autumn,3
11/14/2032,17.43207741,22.70271301,13.40223598,7.695591927,0.473551661,101.2317505,3.523504972,4.70946312,213.5838776,215.3443604,17.83807564,65.0604248,Autumn,3
11/15/2032,17.23131561,22.49830627,13.20768738,7.596724987,0.468397796,101.2334595,3.536790133,4.728868484,215.6316376,217.3513641,17.63004112,65.08882141,Autumn,3
11/16/2032,17.03160667,22.2951622,13.01416969,7.499743938,0.463540554,101.2354965,3.549971342,4.748126984,217.6362152,219.3123932,17.42329979,65.12240601,Autumn,3
11/17/2032,16.83329964,22.09369087,12.8219862,7.404807568,0.458965182,101.2378998,3.563020229,4.767201424,219.5914917,221.2217102,17.21819115,65.16123962,Autumn,3
11/18/2032,16.63673592,21.89429474,12.63144398,7.312064171,0.454657674,101.2406769,3.575908422,4.786056519,221.4916382,223.0737915,17.01504898,65.20533752,Autumn,3
11/19/2032,16.44225121,21.6973629,12.44283581,7.221652508,0.45060432,101.2438507,3.588610888,4.804655075,223.3311005,224.8634644,16.81419945,65.25469208,Autumn,3
11/20/2032,16.25017357,21.50328064,12.25645447,7.133697987,0.446792334,101.2474518,3.601102114,4.822965622,225.10466,226.585907,16.61595726,65.30924988,Autumn,3
11/21/2032,16.06081772,21.31240654,12.0725832,7.048316002,0.443209887,101.2514801,3.613359451,4.840955734,226.8075409,228.2368164,16.42063522,65.36891174,Autumn,3
11/22/2032,15.87449074,21.12508774,11.89149189,6.96560812,0.43984592,101.2559662,3.625360727,4.858596802,228.4353943,229.8121948,16.22851944,65.43358612,Autumn,3
11/23/2032,15.69147301,20.94165039,11.71343899,6.885662079,0.436690688,101.26091,3.637085915,4.875859261,229.9842682,231.308548,16.03989029,65.50311279,Autumn,3
11/24/2032,15.512043,20.76239586,11.53867245,6.808552742,0.433735609,101.2663116,3.64851594,4.892717361,231.4507294,232.7229309,15.85500717,65.57732391,Autumn,3
11/25/2032,15.33645058,20.58760262,11.3674202,6.734339714,0.430973351,101.2721863,3.659633875,4.90914917,232.8318787,234.0528717,15.67410851,65.65601349,Autumn,3
11/26/2032,15.16492844,20.41752434,11.19989395,6.663068771,0.428397834,101.2785339,3.670422792,4.92512989,234.1253357,235.2964325,15.49741554,65.73895264,Autumn,3
11/27/2032,14.9976902,20.25238419,11.03629208,6.594772339,0.426004052,101.285347,3.680868864,4.940640926,235.3292542,236.4522247,15.32512856,65.82588196,Autumn,3
11/28/2032,14.83492279,20.09237862,10.87679005,6.529466629,0.423788548,101.2926178,3.6909585,4.955662727,236.4423218,237.5193939,15.1574192,65.91653442,Autumn,3
11/29/2032,14.67679596,19.93767548,10.72154236,6.467153549,0.421748549,101.3003387,3.700680494,4.970180035,237.4638672,238.4976196,14.99444199,66.01062775,Autumn,3
11/30/2032,14.52344513,19.78840828,10.57068443,6.407822132,0.419882745,101.3085022,3.710023403,4.984176636,238.3936615,239.3871765,14.8363266,66.10782623,Autumn,3
12/1/2032,14.37499428,19.64468765,10.42432976,6.351446152,0.418190598,101.31707,3.718978167,4.997641087,239.2321472,240.1888123,14.68317413,66.20781708,Winter,0
12/2/2032,14.23153114,19.50658417,10.28257179,6.297987938,0.416672289,101.3260422,3.727537155,5.010561943,239.9801941,240.9037933,14.53506279,66.31027222,Winter,0
12/3/2032,14.0931282,19.37414551,10.14548111,6.247395039,0.41532895,101.3353806,3.735692978,5.022928238,240.6393127,241.5338898,14.39204597,66.41481018,Winter,0
12/4/2032,13.95982361,19.24738693,10.01310349,6.199604034,0.41416201,101.3450546,3.74344039,5.034733772,241.2114716,242.0813904,14.25415421,66.52110291,Winter,0
12/5/2032,13.83164215,19.12629509,9.885467529,6.154540539,0.413173288,101.3550491,3.750774622,5.04597187,241.6990204,242.5489655,14.1213913,66.62876892,Winter,0
12/6/2032,13.7085762,19.01082611,9.762578964,6.112117767,0.412365049,101.3653107,3.75769186,5.056637764,242.1049652,242.939743,13.99374008,66.73744202,Winter,0
12/7/2032,13.59059715,18.90091515,9.644417763,6.072240829,0.411739171,101.3758011,3.764190435,5.066728115,242.4325714,243.2572479,13.87116051,66.84676361,Winter,0
12/8/2032,13.47765732,18.79646492,9.530949593,6.034806252,0.411297619,101.3864975,3.770267725,5.076241493,242.6855621,243.505249,13.75358963,66.9563446,Winter,0
12/9/2032,13.36968231,18.69735718,9.422117233,5.999701977,0.411041945,101.3973389,3.775923729,5.085178375,242.8679962,243.6880035,13.64094353,67.06582642,Winter,0
12/10/2032,13.2665863,18.60345459,9.317849159,5.966809273,0.410973191,101.4082794,3.781158686,5.093538284,242.9842529,243.809845,13.53312302,67.17483521,Winter,0
12/11/2032,13.16825485,18.51459503,9.218050957,5.936004639,0.411091626,101.419281,3.785974264,5.101324558,243.0389252,243.8753967,13.43000984,67.28302002,Winter,0
12/12/2032,13.07456779,18.43060112,9.122612953,5.907159805,0.411396623,101.4302902,3.790371418,5.108539581,243.0368958,243.8894958,13.33147049,67.39001465,Winter,0
12/13/2032,12.98538208,18.35128403,9.031414032,5.880142212,0.411886662,101.4412537,3.794353724,5.115190029,242.9831543,243.8570251,13.23735714,67.49547577,Winter,0
12/14/2032,12.90054131,18.27643013,8.944316864,5.854819298,0.412558854,101.4521255,3.797924995,5.121280193,242.8828888,243.7830505,13.14751244,67.59908295,Winter,0
12/15/2032,12.81988716,18.20583344,8.861174583,5.831054688,0.413409263,101.4628448,3.801089287,5.12681818,242.741272,243.6725311,13.06176186,67.70050812,Winter,0
12/16/2032,12.74323654,18.13925362,8.781823158,5.808714867,0.414432347,101.4733582,3.80385232,5.131811619,242.5635529,243.5305481,12.97993469,67.79942322,Winter,0
12/17/2032,12.67041206,18.07647514,8.706101418,5.787665367,0.415621161,101.4836273,3.806220293,5.136269569,242.355011,243.3619995,12.90184593,67.89554596,Winter,0
12/18/2032,12.60122299,18.01725578,8.633831024,5.767773628,0.416967332,101.4935837,3.808199644,5.140203953,242.1207733,243.1717987,12.8273077,67.98858643,Winter,0
12/19/2032,12.5354805,17.96136284,8.564831734,5.748914719,0.418460697,101.5031891,3.809797764,5.143624306,241.8658752,242.9646301,12.75613403,68.07828522,Winter,0
12/20/2032,12.47298622,17.9085598,8.498925209,5.730959892,0.420089662,101.5123825,3.811023712,5.146543503,241.5952454,242.7449799,12.68813324,68.16436768,Winter,0
12/21/2032,12.41355133,17.8586216,8.435922623,5.713794231,0.421841025,101.5211258,3.811886072,5.148974895,241.3135681,242.5171814,12.62312317,68.24662781,Winter,0
12/22/2032,12.35698318,17.81132126,8.375641823,5.697301865,0.423699945,101.5293655,3.812394857,5.150932789,241.0253296,242.2852631,12.56092072,68.32481384,Winter,0
12/23/2032,12.30309486,17.76644897,8.317900658,5.681378365,0.425650328,101.5370636,3.81256032,5.152431965,240.7346954,242.0529175,12.5013485,68.39874268,Winter,0
12/24/2032,12.25170517,17.72379875,8.262516975,5.665924072,0.427674383,101.5441742,3.812394381,5.153488159,240.4455872,241.8236084,12.44424343,68.46821594,Winter,0
12/25/2032,12.20264053,17.68318176,8.209322929,5.650847435,0.429753244,101.5506668,3.811908484,5.154118538,240.1615448,241.6004028,12.38944054,68.53308105,Winter,0
12/26/2032,12.15573502,17.6444149,8.158141136,5.636065483,0.431866854,101.5565033,3.811115265,5.15433979,239.8858032,241.3859711,12.3367939,68.59316254,Winter,0
12/27/2032,12.11083221,17.60733604,8.108821869,5.621505737,0.433994114,101.5616531,3.810028791,5.154171467,239.62117,241.1826782,12.28616905,68.64834595,Winter,0
12/28/2032,12.06779289,17.57180023,8.061209679,5.607102394,0.436113238,101.5660858,3.808662415,5.153631687,239.3700867,240.9924164,12.2374382,68.69850922,Winter,0
12/29/2032,12.02648163,17.53768539,8.015165329,5.592802048,0.438201517,101.5697784,3.807031155,5.152740955,239.134552,240.8167114,12.19050026,68.74354553,Winter,0
12/30/2032,11.98678207,17.50487328,7.97055769,5.578558445,0.440236181,101.5727234,3.805150509,5.151518822,238.9161987,240.656723,12.14525604,68.78337097,Winter,0
12/31/2032,11.94859886,17.47327805,7.927276134,5.564334869,0.442194164,101.5748978,3.803036213,5.149986267,238.716217,240.5130768,12.10162544,68.81791687,Winter,0
1/1/2033,11.91183281,17.44283104,7.885211468,5.550106049,0.444052368,101.5762939,3.800704956,5.148165703,238.5353088,240.3861237,12.05954933,68.84713745,Winter,0
1/2/2033,11.87642479,17.41347885,7.844277859,5.53585434,0.445788026,101.5769043,3.798173189,5.146077633,238.3738861,240.2757721,12.01898193,68.87098694,Winter,0
1/3/2033,11.84230614,17.38519287,7.804399014,5.521573067,0.447378933,101.5767441,3.795458555,5.143745422,238.2318115,240.1815186,11.97989368,68.88945007,Winter,0
1/4/2033,11.80944443,17.35795975,7.765512943,5.50726223,0.448803782,101.575798,3.792578936,5.141191006,238.1086731,240.1025543,11.94226933,68.90250397,Winter,0
1/5/2033,11.777812,17.33179092,7.727576733,5.492933273,0.450042069,101.5740891,3.789551973,5.138437748,238.0035706,240.0376129,11.90611267,68.91017151,Winter,0
1/6/2033,11.74740219,17.30671501,7.690557003,5.478602409,0.451074928,101.5716248,3.786396742,5.13550806,237.915329,239.98526,11.87144661,68.91246033,Winter,0
1/7/2033,11.71821976,17.28277588,7.654440403,5.464295864,0.451884717,101.568428,3.783130884,5.132424831,237.8423767,239.9436035,11.8383007,68.90940857,Winter,0
1/8/2033,11.69028568,17.26003265,7.619222641,5.450046539,0.452455729,101.5645218,3.779773712,5.129211903,237.7828217,239.9105835,11.80672455,68.90105438,Winter,0
1/9/2033,11.66363716,17.23856544,7.584917545,5.435892105,0.452774346,101.5599365,3.776343584,5.125891685,237.7345276,239.8838501,11.77677727,68.8874588,Winter,0
1/10/2033,11.63832092,17.2184639,7.551551819,5.421877384,0.452828914,101.5546951,3.772859097,5.122486591,237.6950378,239.8608704,11.74853516,68.86868286,Winter,0
1/11/2033,11.61440086,17.19983673,7.519165039,5.408052444,0.452610344,101.5488434,3.769338846,5.119018555,237.6617584,239.838913,11.72208309,68.84481049,Winter,0
1/12/2033,11.59194183,17.18279457,7.487808228,5.394469261,0.452112019,101.5424118,3.765800714,5.115509987,237.6318054,239.8151093,11.6975174,68.81591797,Winter,0
1/13/2033,11.57103729,17.16746712,7.45754385,5.381186485,0.451330036,101.5354462,3.762261868,5.111981392,237.6022339,239.7865295,11.67493629,68.78211975,Winter,0
1/14/2033,11.55176926,17.15398216,7.428444386,5.368262768,0.450263202,101.5279922,3.758740187,5.108452797,237.5699005,239.750061,11.65445518,68.74351501,Winter,0
1/15/2033,11.53424072,17.14248276,7.400595188,5.355760098,0.448913336,101.5200882,3.755251884,5.104945183,237.5316315,239.7026978,11.63619232,68.70021057,Winter,0
1/16/2033,11.51855183,17.13311386,7.374084949,5.343741417,0.447285056,101.511795,3.751813412,5.101476192,237.4841766,239.6413879,11.62026215,68.65233612,Winter,0
1/17/2033,11.50481606,17.12601662,7.349012852,5.332269669,0.445386022,101.5031586,3.74843955,5.098063469,237.4243317,239.5630188,11.60678864,68.60002136,Winter,0
1/18/2033,11.49314785,17.12133789,7.325481415,5.321407795,0.443226784,101.4942322,3.745145082,5.094724178,237.3488464,239.4647217,11.59590054,68.54342651,Winter,0
1/19/2033,11.48365688,17.11922264,7.303599834,5.311218262,0.440820903,101.4850616,3.741942167,5.091472149,237.2545624,239.3436127,11.58772087,68.48266602,Winter,0
1/20/2033,11.47646332,17.11981201,7.28347826,5.301760674,0.438184679,101.4757156,3.738844395,5.088322163,237.138443,239.196991,11.58236694,68.41792297,Winter,0
1/21/2033,11.47167587,17.12324333,7.265235424,5.293091297,0.435337156,101.4662323,3.735862494,5.085285664,236.9975739,239.0222931,11.57995701,68.34932709,Winter,0
1/22/2033,11.46941376,17.12964439,7.248978615,5.28526783,0.432300001,101.4566803,3.733005762,5.082374573,236.8291321,238.8171539,11.58060646,68.27706146,Winter,0
1/23/2033,11.46977711,17.13913536,7.234827042,5.27834034,0.429097295,101.4470978,3.73028326,5.079596996,236.6305695,238.579422,11.58442116,68.20129395,Winter,0
1/24/2033,11.4728756,17.15183067,7.222890854,5.272355556,0.425755382,101.4375458,3.727702618,5.076961517,236.3994904,238.3072052,11.59149742,68.12220764,Winter,0
1/25/2033,11.47879982,17.16782951,7.213277817,5.267356873,0.422302574,101.4280624,3.725268602,5.074472427,236.1337891,237.9988403,11.60192585,68.03996277,Winter,0
1/26/2033,11.4876442,17.18722153,7.206097126,5.263382435,0.418768883,101.4187088,3.72298646,5.072134972,235.8315125,237.6529236,11.6157856,67.95475769,Winter,0
1/27/2033,11.49948978,17.21008301,7.201440334,5.260464668,0.415185958,101.4095154,3.720858335,5.069950581,235.4910736,237.2683105,11.6331501,67.86677551,Winter,0
1/28/2033,11.5144043,17.23647118,7.199408054,5.258633137,0.411586493,101.4005432,3.718886137,5.067919731,235.1110992,236.844223,11.65407372,67.77619934,Winter,0
1/29/2033,11.53245163,17.26643753,7.200080395,5.257909775,0.408004135,101.3918152,3.717069864,5.066040993,234.6905212,236.3801117,11.67860031,67.6832428,Winter,0
1/30/2033,11.55368423,17.30001259,7.203538418,5.258310318,0.404472947,101.3833694,3.715407372,5.064310551,234.2286072,235.8756409,11.70676327,67.58808136,Winter,0
1/31/2033,11.57813931,17.3372097,7.209850788,5.259848595,0.401027352,101.3752441,3.713896036,5.062725067,233.7248535,235.3309479,11.73858166,67.49092102,Winter,0
2/1/2033,11.60584641,17.37803459,7.219074249,5.262527466,0.397701561,101.3674622,3.712530851,5.061275482,233.1790924,234.7462769,11.77405834,67.39193726,Winter,0
2/2/2033,11.63681984,17.42246819,7.2312603,5.266348839,0.394529194,101.360054,3.711306572,5.059954643,232.5914307,234.1222687,11.81318951,67.29136658,Winter,0
2/3/2033,11.67106247,17.47047806,7.246447086,5.271307945,0.39154321,101.353035,3.710215569,5.058752537,231.9623108,233.4597321,11.8559494,67.18936157,Winter,0
2/4/2033,11.70856857,17.52202225,7.264662743,5.277394295,0.38877508,101.3464127,3.709249496,5.057656765,231.2923737,232.7597656,11.90230083,67.08615112,Winter,0
2/5/2033,11.74931335,17.5770359,7.28592205,5.284593105,0.386254907,101.3402176,3.708398581,5.05665493,230.58255,232.0237427,11.95220089,66.98190308,Winter,0
2/6/2033,11.79326439,17.63544846,7.310232162,5.292884827,0.384010911,101.3344345,3.707652569,5.055733204,229.8340302,231.2531128,12.00558281,66.87683105,Winter,0
2/7/2033,11.84037876,17.69716644,7.337589741,5.302246094,0.382068932,101.3290863,3.706999302,5.054876328,229.048233,230.4496918,12.06237793,66.77110291,Winter,0
2/8/2033,11.8905983,17.76209259,7.367973328,5.312649727,0.380452514,101.3241501,3.70642662,5.054066658,228.2267761,229.6153412,12.12249756,66.66490173,Winter,0
2/9/2033,11.94385719,17.83011627,7.401360989,5.324065208,0.3791821,101.3196335,3.705921412,5.053289413,227.3714447,228.7520599,12.18585014,66.5584259,Winter,0
2/10/2033,12.00008011,17.9011097,7.437710762,5.336457253,0.378275335,101.3155212,3.705470085,5.052525043,226.4842529,227.86203,12.25232697,66.451828,Winter,0
2/11/2033,12.0591774,17.97494888,7.476976871,5.34979248,0.377746463,101.3117981,3.705058098,5.051755428,225.5672607,226.947464,12.32181931,66.34526062,Winter,0
2/12/2033,12.12105751,18.05149078,7.519103527,5.364030361,0.377606153,101.3084488,3.704671383,5.050962448,224.6226959,226.0106506,12.39420128,66.23891449,Winter,0
2/13/2033,12.18561745,18.13059044,7.564020634,5.379132271,0.3778615,101.3054352,3.704295874,5.050127983,223.6528473,225.0539551,12.46935177,66.13291931,Winter,0
2/14/2033,12.2527504,18.21209908,7.611656666,5.395059586,0.37851578,101.3027496,3.70391655,5.049233437,222.6600647,224.0796509,12.5471344,66.02742004,Winter,0
2/15/2033,12.3223381,18.29586411,7.6619277,5.411768913,0.379568309,101.3003464,3.703520298,5.048259735,221.6467438,223.0900879,12.6274147,65.92254639,Winter,0
2/16/2033,12.39426804,18.38173103,7.714745045,5.429218769,0.381014675,101.2982025,3.703092098,5.047189713,220.6152802,222.0875092,12.71005058,65.81842041,Winter,0
2/17/2033,12.46841049,18.46954155,7.770020008,5.447370529,0.382846057,101.2962799,3.702619076,5.04600668,219.5680389,221.0741119,12.79490471,65.71514893,Winter,0
2/18/2033,12.54464722,18.55914688,7.827641964,5.466182709,0.385050088,101.2945404,3.702089787,5.044694424,218.507309,220.0519714,12.8818388,65.612854,Winter,0
2/19/2033,12.62284851,18.65039063,7.887513638,5.485618591,0.387610257,101.2929459,3.701491833,5.043237686,217.4353485,219.0230865,12.97070789,65.51158142,Winter,0
2/20/2033,12.7028923,18.74312401,7.949529171,5.505638123,0.390506446,101.2914505,3.700814486,5.041622639,216.3543091,217.9892578,13.06137562,65.41143799,Winter,0
2/21/2033,12.78464699,18.83720589,8.013575554,5.526209831,0.393714786,101.2900162,3.700048923,5.039837837,215.2662354,216.9521942,13.15371132,65.31246948,Winter,0
2/22/2033,12.86799431,18.93249321,8.079544067,5.547298431,0.397207856,101.2885971,3.69918704,5.037871361,214.1730042,215.9133759,13.24758339,65.21473694,Winter,0
2/23/2033,12.95281219,19.02886391,8.147321701,5.568874359,0.40095517,101.2871552,3.698221684,5.035714626,213.0764008,214.874115,13.3428669,65.11825562,Winter,0
2/24/2033,13.03898048,19.12619019,8.216797829,5.590909004,0.404923081,101.2856445,3.697148323,5.033360481,211.977951,213.8355408,13.43944359,65.02307129,Winter,0
2/25/2033,13.12639236,19.2243576,8.287864685,5.613380432,0.40907535,101.2840195,3.695962667,5.030804634,210.8791046,212.7985687,13.53720284,64.92917633,Winter,0
2/26/2033,13.2149334,19.32326317,8.360409737,5.636264801,0.413373232,101.2822418,3.694663048,5.028042793,209.7810669,211.7639313,13.63604164,64.83656311,Winter,0
2/27/2033,13.3045063,19.42281342,8.434331894,5.659544945,0.417776048,101.2802734,3.693249226,5.025074005,208.6848907,210.732132,13.73586655,64.74521637,Winter,0
2/28/2033,13.39501381,19.52292442,8.509529114,5.683204651,0.42224133,101.2780685,3.691723585,5.021900654,207.5913696,209.7033997,13.83658981,64.65510559,Winter,0
3/1/2033,13.48636627,19.62352562,8.585900307,5.707231998,0.426725298,101.2755966,3.690088511,5.018525124,206.5011292,208.6778564,13.93813324,64.566185,Spring,1
3/2/2033,13.57848358,19.72455025,8.663357735,5.731617928,0.431183487,101.2728195,3.688349485,5.014954567,205.4146576,207.655365,14.04043579,64.47839355,Spring,1
3/3/2033,13.67129517,19.82595444,8.741810799,5.756356239,0.435570806,101.2697067,3.686514139,5.01119566,204.3321075,206.6356506,14.14343643,64.3916626,Spring,1
3/4/2033,13.76473045,19.92769432,8.821178436,5.781444073,0.439842105,101.2662277,3.684590816,5.007259369,203.2535706,205.6181793,14.24708557,64.3059082,Spring,1
3/5/2033,13.85873604,20.02974319,8.901384354,5.806880951,0.44395268,101.2623596,3.682590008,5.003157616,202.1789093,204.6022949,14.35134697,64.22104645,Spring,1
3/6/2033,13.95326233,20.13208199,8.98236084,5.832667351,0.447858691,101.2580872,3.680523872,4.998906136,201.1078339,203.5871887,14.45619392,64.13697052,Spring,1
3/7/2033,14.04826164,20.23469734,9.064043999,5.858807564,0.451517582,101.2533798,3.678406477,4.994521141,200.0398712,202.5719452,14.56160736,64.05356598,Spring,1
3/8/2033,14.14370537,20.33759689,9.146373749,5.885309219,0.454888374,101.24823,3.676253319,4.990019798,198.9744415,201.5554657,14.66757393,63.97071838,Spring,1
3/9/2033,14.2395649,20.44078445,9.229305267,5.912176609,0.457932264,101.2426224,3.674080133,4.985424995,197.9108124,200.5366211,14.77408791,63.88830185,Spring,1
3/10/2033,14.33582306,20.54427719,9.312791824,5.9394207,0.460613012,101.236557,3.671904802,4.980755806,196.848175,199.5141754,14.88116264,63.80618286,Spring,1
3/11/2033,14.43246269,20.64809608,9.39679718,5.967050552,0.462897092,101.2300339,3.669746637,4.976036072,195.785614,198.4868622,14.98880196,63.72423935,Spring,1
3/12/2033,14.52947998,20.75226974,9.481292725,5.995077133,0.464754254,101.223053,3.667624712,4.971292019,194.7221375,197.4533844,15.09702682,63.64232635,Spring,1
3/13/2033,14.62687302,20.85683441,9.566253662,6.023509979,0.466157734,101.2156143,3.665559769,4.966547012,193.6567383,196.4124298,15.20585632,63.56029892,Spring,1
3/14/2033,14.72464561,20.96182251,9.651660919,6.052359581,0.467084616,101.2077255,3.66357255,4.961828232,192.5883484,195.3627625,15.31532288,63.47802353,Spring,1
3/15/2033,14.82280731,21.06727409,9.737503052,6.081636906,0.467516094,101.1994171,3.661684275,4.957161903,191.5159302,194.3031006,15.42545319,63.39536285,Spring,1
3/16/2033,14.92136383,21.17322922,9.823771477,6.111351013,0.467437536,101.1906967,3.659916162,4.952576637,190.4384918,193.2323151,15.53627968,63.31217575,Spring,1
3/17/2033,15.02033806,21.27972603,9.910460472,6.14151001,0.466838628,101.1815872,3.658289433,4.948097229,189.3549652,192.1493073,15.64783478,63.2283287,Spring,1
3/18/2033,15.11974144,21.38680649,9.997573853,6.172122002,0.465713948,101.1721191,3.656824827,4.943751812,188.2644806,191.0531616,15.76015854,63.14369965,Spring,1
3/19/2033,15.21959496,21.49450493,10.08511829,6.203191757,0.464062393,101.1623154,3.655542374,4.939566135,187.1661835,189.9430084,15.87327957,63.05817032,Spring,1
3/20/2033,15.31991577,21.60285759,10.17309952,6.234723091,0.461887836,101.1522064,3.654461861,4.935565948,186.0592804,188.818161,15.98723602,62.97161865,Spring,1
3/21/2033,15.42072487,21.71189308,10.26152992,6.266719341,0.459198505,101.1418381,3.653601646,4.931776047,184.9431305,187.6781006,16.10205078,62.88394165,Spring,1
3/22/2033,15.52204323,21.82163429,10.35041904,6.299179077,0.456007332,101.1312408,3.652979374,4.928219795,183.8172302,186.5225067,16.21775436,62.79504776,Spring,1
3/23/2033,15.6238842,21.93210602,10.43978405,6.332100868,0.452332109,101.1204529,3.65261054,4.924918175,182.6811981,185.351181,16.33437157,62.70485687,Spring,1
3/24/2033,15.72626686,22.04331779,10.52964115,6.365479469,0.448194444,101.10952,3.652509928,4.921891212,181.5347748,184.1641693,16.45192146,62.61328125,Spring,1
3/25/2033,15.82920074,22.15527534,10.6200037,6.399308205,0.443620592,101.0984879,3.652689934,4.919157028,180.3779449,182.9617157,16.5704155,62.52028275,Spring,1
3/26/2033,15.93270111,22.26797676,10.71089077,6.433578491,0.438640416,101.0873947,3.653161287,4.916732788,179.2107239,181.7442474,16.6898632,62.42580032,Spring,1
3/27/2033,16.03677368,22.38141441,10.80231667,6.468277931,0.433287621,101.0762863,3.653932333,4.914629936,178.0334473,180.5124359,16.81026268,62.32980347,Spring,1
3/28/2033,16.14142227,22.49557114,10.8942976,6.50339365,0.427599132,101.0652161,3.655009985,4.912858963,176.8464661,179.2670746,16.93161392,62.23228836,Spring,1
3/29/2033,16.24664879,22.61042213,10.98684883,6.538909435,0.421615094,101.0542297,3.656398058,4.911429405,175.6504364,178.0092621,17.05390167,62.13323593,Spring,1
3/30/2033,16.3524456,22.72592926,11.0799818,6.574807644,0.415378064,101.0433655,3.658098221,4.910346031,174.4460907,176.7401733,17.17710686,62.03266525,Spring,1
3/31/2033,16.45880699,22.84205437,11.17370796,6.611069679,0.408932835,101.0326767,3.660109997,4.909609795,173.2343292,175.4612427,17.30120659,61.93060684,Spring,1
4/1/2033,16.56572151,22.95874596,11.26803589,6.647673607,0.402326107,101.0222015,3.662428617,4.909220695,172.0162201,174.1740417,17.42616653,61.82709885,Spring,1
4/2/2033,16.673172,23.07595444,11.36297607,6.684598923,0.395605743,101.0119934,3.665049553,4.909174442,170.792984,172.8802795,17.55195045,61.72219467,Spring,1
4/3/2033,16.78113747,23.19360542,11.45853138,6.721821785,0.388820618,101.0020828,3.667963266,4.909463882,169.5659637,171.5818329,17.67850494,61.61597443,Spring,1
4/4/2033,16.88959694,23.31164169,11.55470467,6.759319305,0.382019848,100.9925156,3.671159029,4.910079002,168.3365631,170.2806702,17.80578804,61.5085144,Spring,1
4/5/2033,16.9985199,23.42997932,11.65149689,6.797068119,0.375252485,100.9833298,3.674622774,4.91100502,167.1063385,168.9788208,17.9337368,61.39990616,Spring,1
4/6/2033,17.10787773,23.54854202,11.74890804,6.83504343,0.36856702,100.9745636,3.678338528,4.912226677,165.8768921,167.6784515,18.06229401,61.29027176,Spring,1
4/7/2033,17.2176342,23.66724586,11.84693432,6.873224258,0.362010777,100.9662476,3.682287693,4.913723946,164.6498871,166.3817291,18.19138908,61.17972565,Spring,1
4/8/2033,17.32775688,23.78601265,11.94556904,6.911587238,0.355629683,100.9584122,3.686449289,4.915473938,163.4270325,165.0908203,18.32095337,61.06838608,Spring,1
4/9/2033,17.43820953,23.90474892,12.04480648,6.950111389,0.349467427,100.9510803,3.69080019,4.917452335,162.2100525,163.8079529,18.4509201,60.95640564,Spring,1
4/10/2033,17.5489502,24.02337456,12.14463711,6.988777637,0.343565315,100.9442825,3.695315838,4.919631004,161.0006561,162.5352631,18.58121109,60.84391785,Spring,1
4/11/2033,17.65994644,24.14179802,12.24505234,7.027568817,0.337961853,100.9380341,3.699968338,4.921978951,159.8005219,161.2748566,18.71175003,60.73107147,Spring,1
4/12/2033,17.7711544,24.2599411,12.34604168,7.066468239,0.332692116,100.9323502,3.704730034,4.924465179,158.6112671,160.0287628,18.84246826,60.61802292,Spring,1
4/13/2033,17.88253975,24.37771988,12.44759178,7.105466366,0.327787548,100.9272537,3.709570408,4.927055359,157.4344635,158.7988892,18.9732914,60.50492859,Spring,1
4/14/2033,17.99406624,24.4950676,12.54969406,7.144551277,0.323275775,100.9227448,3.714458942,4.929713249,156.2715607,157.5870209,19.10414886,60.39192963,Spring,1
4/15/2033,18.10570145,24.61190605,12.65233707,7.183716297,0.319179893,100.9188385,3.719362736,4.932401657,155.1239319,156.3947754,19.23497009,60.27919769,Spring,1
4/16/2033,18.21741104,24.72818184,12.75551033,7.222959042,0.315518647,100.9155273,3.724249601,4.935081482,153.9927521,155.2236023,19.36569405,60.16687393,Spring,1
4/17/2033,18.32917404,24.84383583,12.85920238,7.262279034,0.312305927,100.9128189,3.729085445,4.93771553,152.8791046,154.0747528,19.4962635,60.0551033,Spring,1
4/18/2033,18.44096565,24.95882607,12.96340847,7.301680088,0.309550762,100.9107056,3.733837605,4.940262318,151.7838593,152.9493103,19.62662506,59.94402313,Spring,1
4/19/2033,18.5527668,25.07311821,13.06811714,7.341169357,0.307257205,100.9091797,3.738472223,4.942682743,150.7077484,151.8480225,19.75673485,59.83376694,Spring,1
4/20/2033,18.66456604,25.18668938,13.17332935,7.380759239,0.305424184,100.908226,3.742956161,4.944937706,149.6512756,150.7715149,19.8865509,59.72444916,Spring,1
4/21/2033,18.77635956,25.29952621,13.27904034,7.420464516,0.304045528,100.9078445,3.747256279,4.946987152,148.6147461,149.7201233,20.01605034,59.61617661,Spring,1
4/22/2033,18.88814354,25.41162872,13.38524914,7.460303307,0.303109944,100.9080048,3.75134182,4.948793411,147.5982361,148.6938629,20.14520836,59.50904846,Spring,1
4/23/2033,18.99992561,25.52301598,13.49196243,7.5002985,0.302601218,100.9086914,3.755181551,4.95031929,146.6016541,147.6925507,20.27401733,59.40313721,Spring,1
4/24/2033,19.11172295,25.63370705,13.59918308,7.540476799,0.30249837,100.9098892,3.758746147,4.951528549,145.6246033,146.7157593,20.40247154,59.29850769,Spring,1
4/25/2033,19.2235508,25.74375153,13.70692348,7.580865383,0.302775592,100.9115601,3.762007952,4.952385902,144.6665649,145.7627716,20.53058624,59.1952095,Spring,1
4/26/2033,19.33544159,25.85319328,13.81519604,7.621497631,0.303402781,100.9136887,3.764941454,4.952861786,143.7267303,144.8325958,20.65838051,59.09326172,Spring,1
4/27/2033,19.44742775,25.9621048,13.92401791,7.662408352,0.304345518,100.9162369,3.76752305,4.952925205,142.8041229,143.9240112,20.78588104,58.99266815,Spring,1
4/28/2033,19.55954933,26.07056427,14.03340626,7.703634262,0.305565774,100.9191895,3.769730091,4.952548981,141.897522,143.0355682,20.91313171,58.89342499,Spring,1
4/29/2033,19.67186356,26.17866707,14.1433897,7.745214462,0.307021797,100.9225082,3.771544456,4.95170784,141.0055542,142.1656036,21.04018593,58.79548645,Spring,1
4/30/2033,19.7844162,26.28651237,14.25399017,7.787189007,0.308668792,100.9261551,3.772948742,4.950381279,140.1266479,141.3122253,21.16710091,58.69881439,Spring,1
5/1/2033,19.89728165,26.39422417,14.36523914,7.829599857,0.310459435,100.9301071,3.773929596,4.948550224,139.2590942,140.4733734,21.29395103,58.60330963,Spring,1
5/2/2033,20.01051331,26.50191689,14.47716999,7.872488499,0.312343955,100.9343262,3.774475336,4.946199894,138.4010162,139.6468048,21.42081451,58.50888824,Spring,1
5/3/2033,20.1241951,26.6097393,14.58981609,7.915897369,0.314270973,100.9387741,3.774577618,4.943318367,137.5504303,138.8302002,21.54777908,58.41542435,Spring,1
5/4/2033,20.23840332,26.71782875,14.7032156,7.959868431,0.316187769,100.943428,3.774231434,4.939896584,136.705246,138.0210419,21.67494583,58.32278061,Spring,1
5/5/2033,20.35321617,26.82633781,14.81740856,8.004440308,0.318040997,100.9482498,3.773433447,4.935930252,135.8633118,137.2168121,21.80241203,58.230793,Spring,1
5/6/2033,20.46872139,26.93542099,14.93243408,8.049653053,0.319776833,100.9532089,3.772184849,4.931419373,135.0224152,136.4148865,21.93028831,58.13928986,Spring,1
5/7/2033,20.58500481,27.04524612,15.04833126,8.095542908,0.321341872,100.9582672,3.770488739,4.926364899,134.1803589,135.6126404,22.05868721,58.04806137,Spring,1
5/8/2033,20.70215797,27.15597153,15.16514587,8.14214325,0.322683483,100.9634018,3.768351555,4.920773029,133.3349304,134.8074799,22.18772697,57.95689774,Spring,1
5/9/2033,20.82026672,27.26776505,15.28291321,8.189483643,0.323750436,100.9685745,3.765781879,4.914652824,132.4839325,133.9968262,22.31752396,57.86557388,Spring,1
5/10/2033,20.9394207,27.38079071,15.40167809,8.23759079,0.324493021,100.9737701,3.762791872,4.908018112,131.6252899,133.1781921,22.44820213,57.77384567,Spring,1
5/11/2033,21.05970383,27.49521065,15.5214777,8.286487579,0.324864,100.9789505,3.759395599,4.900883675,130.7569427,132.3491669,22.57987595,57.68145752,Spring,1
5/12/2033,21.18120384,27.61118126,15.64234447,8.336191177,0.32481885,100.9840927,3.755610228,4.893269539,129.8770447,131.5075378,22.71266937,57.58813477,Spring,1
5/13/2033,21.30399895,27.72885895,15.76431942,8.386713028,0.324316204,100.9891739,3.751454115,4.885196686,128.9838715,130.6511993,22.84669304,57.4936142,Spring,1
5/14/2033,21.42816353,27.84838295,15.88742161,8.438058853,0.323318332,100.9941711,3.746947765,4.876689911,128.0758362,129.7783356,22.98205757,57.39761353,Spring,1
5/15/2033,21.55377007,27.96989822,16.01168442,8.49023056,0.321791261,100.9990616,3.742115736,4.867776871,127.1515732,128.8872528,23.11886787,57.29985428,Spring,1
5/16/2033,21.68087769,28.09352303,16.13712311,8.54322052,0.319705516,101.0038376,3.736980677,4.858485699,126.2099838,127.9765701,23.25722313,57.20003891,Spring,1
5/17/2033,21.8095417,28.21937561,16.26375771,8.597016335,0.317036062,101.0084763,3.73156929,4.848847866,125.2501755,127.0451736,23.39721298,57.09790039,Spring,1
5/18/2033,21.93980789,28.34754944,16.39159012,8.651599884,0.313762695,101.0129623,3.725907803,4.838895798,124.2715454,126.0922394,23.53891563,56.99315262,Spring,1
5/19/2033,22.0717144,28.47813606,16.52062416,8.706944466,0.309870303,101.0172882,3.720024586,4.828663826,123.2737427,125.1172638,23.68239784,56.88552856,Spring,1
5/20/2033,22.20528221,28.61120033,16.65085602,8.763017654,0.305348843,101.0214386,3.713947773,4.81818676,122.256752,124.1200714,23.82771873,56.7747612,Spring,1
5/21/2033,22.3405304,28.74679375,16.78227234,8.81978035,0.300193727,101.0254135,3.707705975,4.807498932,121.2208405,123.1008224,23.97492409,56.66060638,Spring,1
5/22/2033,22.47745895,28.88495255,16.91484833,8.877184868,0.294405431,101.0291901,3.701327801,4.796637535,120.1665955,122.0600357,24.1240406,56.54281616,Spring,1
5/23/2033,22.61605835,29.02568817,17.04855919,8.93517971,0.287989944,101.0327835,3.694841623,4.785636902,119.0949478,120.998558,24.27508545,56.42118454,Spring,1
5/24/2033,22.75630951,29.1689949,17.18336296,8.99370575,0.280958593,101.0361786,3.688275814,4.774532318,118.0070724,119.9176178,24.42806053,56.29549789,Spring,1
5/25/2033,22.89817047,29.31484795,17.31921196,9.052698135,0.273327678,101.0393753,3.681656599,4.763360023,116.9045715,118.8187637,24.58294868,56.16557312,Spring,1
5/26/2033,23.04159927,29.46320534,17.45605087,9.11208725,0.265118659,101.0423813,3.675010443,4.752151966,115.7892761,117.7039185,24.7397213,56.03126907,Spring,1
5/27/2033,23.18652916,29.61399269,17.59381485,9.171796799,0.256357938,101.0451813,3.668362379,4.740941048,114.663353,116.5752869,24.8983345,55.8924408,Spring,1
5/28/2033,23.33288956,29.76713371,17.7324295,9.231746674,0.247076333,101.0477982,3.661735296,4.729757786,113.5292358,115.4354477,25.05871582,55.74897766,Spring,1
5/29/2033,23.48058891,29.92251205,17.87181091,9.291854858,0.237309083,101.0502243,3.655151129,4.718630791,112.3896637,114.2872391,25.22079277,55.60081482,Spring,1
5/30/2033,23.62952805,30.08001328,18.01186562,9.352031708,0.227095336,101.0524597,3.648629189,4.707585812,111.2475891,113.1337814,25.38446808,55.44789886,Spring,1
5/31/2033,23.7795887,30.23948097,18.15249825,9.412187576,0.216477945,101.0545197,3.642187119,4.696648598,110.1062393,111.978447,25.54962921,55.29021454,Spring,1
6/1/2033,23.93065262,30.40075874,18.29359818,9.472232819,0.205502957,101.0564041,3.635840654,4.685838699,108.9689865,110.8248444,25.71615028,55.1277771,Summer,2
6/2/2033,24.08258247,30.5636673,18.43504906,9.532073021,0.194219142,101.0581284,3.629602432,4.675175667,107.8394241,109.6767273,25.88389587,54.96063614,Summer,2
6/3/2033,24.23522568,30.72800827,18.57673073,9.59161377,0.182677865,101.0596848,3.623482943,4.664676666,106.7212906,108.5380783,26.05270576,54.78886795,Summer,2
6/4/2033,24.38843346,30.89357376,18.7185154,9.650764465,0.17093201,101.0610886,3.61749053,4.654353142,105.6184082,107.412941,26.22241402,54.61259842,Summer,2
6/5/2033,24.54203224,31.0601387,18.86026955,9.709430695,0.159036323,101.0623474,3.611629963,4.64421463,104.5346832,106.3055038,26.39284325,54.4319725,Summer,2
6/6/2033,24.695858,31.2274704,19.00185394,9.767522812,0.147046104,101.0634689,3.605904579,4.634267807,103.4741058,105.2199402,26.56380272,54.24716187,Summer,2
6/7/2033,24.84972572,31.39532471,19.14312935,9.82495594,0.135017112,101.0644608,3.60031414,4.624516487,102.4405975,104.1604233,26.73509789,54.05840302,Summer,2
6/8/2033,25.00345802,31.56344604,19.28394508,9.881644249,0.123005204,101.0653229,3.594856501,4.61496067,101.4381104,103.1311951,26.90651894,53.86592865,Summer,2
6/9/2033,25.15685463,31.73157501,19.4241581,9.93751049,0.111065581,101.0660629,3.58952713,4.605597019,100.4704514,102.1363068,27.07785225,53.67001724,Summer,2
6/10/2033,25.30973434,31.8994503,19.56362343,9.992481232,0.099252284,101.0666885,3.584318399,4.596419334,99.54142761,101.1797638,27.24888611,53.47098541,Summer,2
6/11/2033,25.46190262,32.06680298,19.70218849,10.0464859,0.087617837,101.0672073,3.579220533,4.58741951,98.65460205,100.2653885,27.41939354,53.26916504,Summer,2
6/12/2033,25.61315918,32.23336792,19.83970833,10.09946442,0.076213002,101.067627,3.574222565,4.578584671,97.81339264,99.39680481,27.58915138,53.06492233,Summer,2
6/13/2033,25.76332092,32.39888,19.97603416,10.15136337,0.065085843,101.0679474,3.569310427,4.569900513,97.02098846,98.57741547,27.75793839,52.85865021,Summer,2
6/14/2033,25.91219139,32.56307602,20.11102676,10.20213509,0.054281853,101.0681686,3.564468861,4.561350822,96.28030396,97.81035614,27.92552948,52.65076447,Summer,2
6/15/2033,26.05959129,32.72569656,20.2445488,10.25174332,0.043843325,101.0682983,3.559680462,4.552916527,95.5940094,97.09844208,28.09170532,52.44168854,Summer,2
6/16/2033,26.20533371,32.88649368,20.37645912,10.30015564,0.033808909,101.0683365,3.554926872,4.544576645,94.9644165,96.44418335,28.25625038,52.23188019,Summer,2
6/17/2033,26.34924507,33.04522705,20.50663567,10.34735298,0.024213707,101.0682907,3.550189018,4.536308765,94.39353943,95.84971619,28.41895676,52.02181244,Summer,2
6/18/2033,26.49115562,33.20166016,20.63495636,10.39332485,0.015088662,101.0681534,3.545446396,4.528088093,93.88298798,95.31678009,28.57961464,51.81196213,Summer,2
6/19/2033,26.63090897,33.35557556,20.76130295,10.43806744,0.006460484,101.0679321,3.540677786,4.519891262,93.43397522,94.84670258,28.73803139,51.60282135,Summer,2
6/20/2033,26.76834869,33.50676727,20.88557053,10.48159027,-0.001648284,101.067627,3.535862207,4.511691093,93.04732513,94.44043732,28.8940258,51.39490509,Summer,2
6/21/2033,26.90333748,33.65504074,21.00765991,10.52390862,-0.009219792,101.0672302,3.530978203,4.503462791,92.72348022,94.09838867,29.04741669,51.18871307,Summer,2
6/22/2033,27.03574753,33.80021286,21.12748718,10.56504822,-0.016240669,101.0667496,3.526004553,4.49518013,92.46237183,93.82064819,29.19803619,50.98474503,Summer,2
6/23/2033,27.16545677,33.94213104,21.24496841,10.60504913,-0.022702023,101.0661774,3.52092123,4.48681736,92.26356506,93.60676575,29.34574127,50.78353119,Summer,2
6/24/2033,27.29236221,34.08064651,21.36003304,10.64395237,-0.028599532,101.0655212,3.515708208,4.478349686,92.12617493,93.45586395,29.49038887,50.58555603,Summer,2
6/25/2033,27.41636276,34.21562576,21.47262764,10.68181419,-0.033933133,101.0647736,3.510346413,4.469751358,92.04885864,93.36658478,29.63185501,50.39134216,Summer,2
6/26/2033,27.53738403,34.3469696,21.58269882,10.71869278,-0.038707271,101.0639343,3.504819393,4.461002827,92.02987671,93.33718872,29.77002525,50.20137024,Summer,2
6/27/2033,27.65535355,34.47457886,21.69021416,10.75466156,-0.04293019,101.0629959,3.499111414,4.452080727,92.06706238,93.36544037,29.90480804,50.01612091,Summer,2
6/28/2033,27.77021599,34.59838104,21.79514313,10.78979301,-0.046614356,101.0619659,3.493207455,4.442967415,92.15785217,93.44873047,30.03611565,49.83607483,Summer,2
6/29/2033,27.88192749,34.71831894,21.89747429,10.82417297,-0.049775444,101.0608444,3.48709631,4.433645248,92.29932404,93.58405304,30.16388321,49.6616745,Summer,2
6/30/2033,27.99045753,34.83435822,21.9971981,10.85788727,-0.052432541,101.0596161,3.480768681,4.424099922,92.48813629,93.76803589,30.28805542,49.49336243,Summer,2
7/1/2033,28.09578323,34.94646454,22.09431839,10.89103031,-0.054607887,101.0582962,3.474217176,4.414320946,92.72071838,93.99694824,30.40859032,49.33155823,Summer,2
7/2/2033,28.19789886,35.05464554,22.1888504,10.92369652,-0.056326102,101.0568848,3.467437744,4.404299736,92.9930954,94.26677704,30.5254631,49.17664337,Summer,2
7/3/2033,28.29681396,35.1588974,22.28081322,10.95598888,-0.057613995,101.0553665,3.460427523,4.394030571,93.30115509,94.57324219,30.63865852,49.02900314,Summer,2
7/4/2033,28.39253235,35.25924301,22.37024879,10.98800755,-0.058500107,101.0537567,3.453187943,4.383511543,93.64042664,94.91179657,30.74817467,48.88897705,Summer,2
7/5/2033,28.48508263,35.35572052,22.45718193,11.01985455,-0.059014451,101.0520477,3.445723295,4.372745514,94.00635529,95.27776337,30.85402107,48.75688171,Summer,2
7/6/2033,28.57448959,35.44837189,22.54166794,11.05163288,-0.059187744,101.0502548,3.438040257,4.361736298,94.3941803,95.66628265,30.95621109,48.63302612,Summer,2
7/7/2033,28.66079521,35.5372467,22.62375069,11.08344364,-0.059051238,101.0483704,3.430148363,4.350493431,94.79906464,96.07236481,31.05477715,48.51766205,Summer,2
7/8/2033,28.74404144,35.62241745,22.70349693,11.11538601,-0.058636151,101.0463943,3.42206049,4.339028835,95.2161026,96.49103546,31.14975357,48.411026,Summer,2
7/9/2033,28.82427788,35.70394516,22.78095436,11.14755726,-0.057973143,101.044342,3.413792133,4.3273592,95.64042664,96.91726685,31.24117851,48.31333923,Summer,2
7/10/2033,28.90155792,35.78190613,22.85619926,11.18004799,-0.05709191,101.0422134,3.405362368,4.315505028,96.06710052,97.34608459,31.32910347,48.22477341,Summer,2
7/11/2033,28.97593498,35.85637283,22.92928886,11.21294498,-0.056020875,101.0400238,3.396791935,4.303487778,96.49138641,97.77258301,31.41357422,48.14548492,Summer,2
7/12/2033,29.04746437,35.9274292,23.00029564,11.24632931,-0.054786526,101.0377655,3.388104916,4.29133606,96.90859985,98.19205475,31.49464417,48.07559967,Summer,2
7/13/2033,29.11620522,35.99514389,23.06927872,11.28027344,-0.053413432,101.0354538,3.379327536,4.27907896,97.31423187,98.59986877,31.57236671,48.0152092,Summer,2
7/14/2033,29.18220901,36.0595932,23.13630676,11.31484413,-0.051923204,101.0330963,3.370488405,4.266749382,97.70401001,98.991745,31.64679146,47.96437836,Summer,2
7/15/2033,29.24552917,36.12084579,23.20144272,11.35009766,-0.050334841,101.0307083,3.361618519,4.254383564,98.07392883,99.36355591,31.71797371,47.92316437,Summer,2
7/16/2033,29.30621529,36.17897034,23.2647438,11.3860836,-0.048664045,101.0282974,3.352749586,4.242019653,98.42028809,99.71157837,31.78595734,47.89157867,Summer,2
7/17/2033,29.3643055,36.23402405,23.32626343,11.42283726,-0.046922974,101.0258636,3.343915939,4.229698181,98.73964691,100.0323639,31.85078049,47.8696022,Summer,2
7/18/2033,29.41984558,36.28604507,23.38605309,11.46038628,-0.045120303,101.0234299,3.335153341,4.217462063,99.02900696,100.3228836,31.91248512,47.85723114,Summer,2
7/19/2033,29.47285843,36.33508301,23.44415283,11.49874592,-0.043260604,101.0210114,3.326497555,4.205355644,99.2857666,100.580513,31.97109985,47.85440063,Summer,2
7/20/2033,29.52336884,36.38115311,23.50059891,11.53792286,-0.041344531,101.0186081,3.317985773,4.193424225,99.50772858,100.8030853,32.02663803,47.86104584,Summer,2
7/21/2033,29.57139397,36.42428207,23.5554142,11.57790947,-0.039368693,101.0162354,3.309654951,4.181714058,99.69313049,100.9888535,32.07912064,47.87709045,Summer,2
7/22/2033,29.61693382,36.46445847,23.6086216,11.61868477,-0.037325505,101.0139084,3.301542997,4.170273781,99.84070587,101.1365585,32.12854004,47.90242004,Summer,2
7/23/2033,29.65998268,36.50168228,23.66022682,11.6602211,-0.035203237,101.0116425,3.293686628,4.159148216,99.94966125,101.2454987,32.17489624,47.9369278,Summer,2
7/24/2033,29.70052528,36.53591919,23.71022606,11.7024765,-0.032986134,101.0094528,3.286122561,4.148385525,100.0196991,101.3153839,32.21816254,47.98048401,Summer,2
7/25/2033,29.73853683,36.56712341,23.75861359,11.74539375,-0.030654507,101.0073395,3.278886557,4.13803196,100.0510406,101.3464813,32.25831223,48.03295135,Summer,2
7/26/2033,29.77397728,36.59525299,23.80536652,11.78890896,-0.028184848,101.0053253,3.272012234,4.128132343,100.0443573,101.3395691,32.2952919,48.09418106,Summer,2
7/27/2033,29.80679893,36.620224,23.85044479,11.83294773,-0.02555017,101.003418,3.26553297,4.118730545,100.000824,101.2959061,32.32905579,48.16402817,Summer,2
7/28/2033,29.83694077,36.64195633,23.89381218,11.87742043,-0.022720089,101.0016327,3.259479761,4.10986805,99.92215729,101.2172623,32.3595314,48.24233246,Summer,2
7/29/2033,29.86433601,36.66035461,23.93541145,11.92223072,-0.019661274,100.9999847,3.253880501,4.101585388,99.8105011,101.105835,32.38664246,48.32892609,Summer,2
7/30/2033,29.88890457,36.6753006,23.97517967,11.96727467,-0.016337467,100.9984741,3.248761892,4.0939188,99.66845703,100.9643478,32.41028976,48.42365265,Summer,2
7/31/2033,29.91055298,36.68667984,24.01303864,12.01243496,-0.012710454,100.9971085,3.244147062,4.086902618,99.4990387,100.7958908,32.43038559,48.52634811,Summer,2
8/1/2033,29.92918777,36.6943512,24.04890633,12.05758858,-0.008739964,100.9959183,3.240056515,4.080566883,99.30569458,100.6040192,32.44681168,48.63685226,Summer,2
8/2/2033,29.94469643,36.69816971,24.0826931,12.10260963,-0.004384208,100.9948883,3.236507654,4.074939728,99.09224701,100.3926086,32.45944977,48.75499725,Summer,2
8/3/2033,29.95697594,36.69799042,24.11429214,12.14735985,0.000399353,100.9940414,3.233514309,4.070044518,98.86284637,100.1658859,32.4681778,48.88063812,Summer,2
8/4/2033,29.96590233,36.69364929,24.14359665,12.19170189,0.005654097,100.9933777,3.231087208,4.065899849,98.62193298,99.92832947,32.47285461,49.01361465,Summer,2
8/5/2033,29.97135162,36.68498611,24.17049599,12.23548794,0.01142309,100.9929047,3.229232311,4.062520981,98.37419128,99.68476105,32.47334671,49.15377808,Summer,2
8/6/2033,29.97320175,36.67183304,24.19486046,12.27857494,0.017749025,100.99263,3.227953434,4.059918404,98.12458038,99.44013214,32.46951294,49.30098724,Summer,2
8/7/2033,29.97131729,36.65402222,24.21657372,12.32081223,0.024673633,100.9925461,3.227248669,4.058098793,97.87815857,99.19955444,32.46120453,49.45510101,Summer,2
8/8/2033,29.96557617,36.6313858,24.23550224,12.36205292,0.032236837,100.9926682,3.227114201,4.057062149,97.64013672,98.96829987,32.44828033,49.61598969,Summer,2
8/9/2033,29.95584488,36.6037674,24.25151634,12.40214634,0.040476918,100.9929962,3.227540731,4.056806564,97.415802,98.75164032,32.4305954,49.78353119,Summer,2
8/10/2033,29.94200516,36.57099915,24.26448441,12.44094849,0.049429078,100.9935226,3.228516579,4.057322502,97.21044922,98.55492401,32.40800476,49.95760345,Summer,2
8/11/2033,29.9239254,36.53294373,24.27427483,12.47831535,0.059125867,100.9942551,3.230024099,4.058597565,97.02936554,98.38339233,32.38037491,50.13808441,Summer,2
8/12/2033,29.9015007,36.48945236,24.28075981,12.51410675,0.069596082,100.9951935,3.232044458,4.060614586,96.87772369,98.24220276,32.34757233,50.32485962,Summer,2
8/13/2033,29.87461281,36.44039917,24.28381157,12.54818821,0.08086466,100.9963226,3.234553099,4.063349724,96.76063538,98.13643646,32.30947495,50.51783371,Summer,2
8/14/2033,29.84316826,36.38566589,24.28331184,12.58043098,0.092952125,100.9976578,3.237523794,4.06677866,96.68292999,98.07090759,32.26597214,50.71689606,Summer,2
8/15/2033,29.80707741,36.32516098,24.27914238,12.61071396,0.10587427,100.999176,3.240925789,4.070868969,96.64931488,98.05021667,32.21696091,50.92193985,Summer,2
8/16/2033,29.76626015,36.25878906,24.27119446,12.63892269,0.119641736,101.000885,3.244726181,4.075586319,96.66418457,98.07872009,32.16235352,51.13286591,Summer,2
8/17/2033,29.72065163,36.18650436,24.25936699,12.66495037,0.134259805,101.0027771,3.248888493,4.080892086,96.73161316,98.16040039,32.10207367,51.34957504,Summer,2
8/18/2033,29.67020226,36.10824966,24.24357033,12.68870544,0.149728119,101.0048447,3.253375053,4.086743832,96.85538483,98.29888916,32.03606796,51.57195663,Summer,2
8/19/2033,29.61487198,36.02402115,24.22372055,12.71009636,0.16604048,101.0070724,3.258144379,4.093096733,97.03883362,98.49748993,31.96429062,51.79990387,Summer,2
8/20/2033,29.55464172,35.93381119,24.19975471,12.72905064,0.183184639,101.0094681,3.263154507,4.099901199,97.28492737,98.75898743,31.88672066,52.03330612,Summer,2
8/21/2033,29.4895134,35.8376503,24.17160797,12.74550343,0.201142326,101.0120163,3.268360615,4.10710907,97.59613037,99.08576202,31.80335617,52.27204132,Summer,2
8/22/2033,29.41950035,35.73559952,24.13924408,12.75939941,0.21988906,101.0147018,3.273717403,4.114665508,97.97451782,99.4797287,31.71421623,52.51598358,Summer,2
8/23/2033,29.34463501,35.62773514,24.10263062,12.77069759,0.239394203,101.0175323,3.279178858,4.122517109,98.42163849,99.942276,31.61933517,52.76500702,Summer,2
8/24/2033,29.26496887,35.51416397,24.06175041,12.77936649,0.259621203,101.0204926,3.284698009,4.130607605,98.93850708,100.4743423,31.51877022,53.01895142,Summer,2
8/25/2033,29.18057632,35.3950119,24.01660728,12.78538895,0.280527294,101.0235672,3.29022789,4.138881683,99.52570343,101.0762787,31.41261482,53.27766418,Summer,2
8/26/2033,29.09154701,35.27045059,23.96721458,12.78875542,0.302064151,101.0267563,3.295722008,4.14728117,100.1832657,101.7480316,31.30096054,53.54097748,Summer,2
8/27/2033,28.99798775,35.14065552,23.91360092,12.78946972,0.324177861,101.0300446,3.301134348,4.155749798,100.9107056,102.4889069,31.18393898,53.80868912,Summer,2
8/28/2033,28.90002823,35.0058403,23.85581398,12.78754616,0.346809089,101.033432,3.306419134,4.164231777,101.7070084,103.2977829,31.06169319,54.08061218,Summer,2
8/29/2033,28.79781342,34.86623764,23.79391479,12.78301048,0.36989373,101.0369034,3.311532974,4.172670841,102.5707169,104.1730728,30.93439293,54.35652161,Summer,2
8/30/2033,28.69151115,34.72210693,23.72798347,12.77589798,0.393362939,101.0404587,3.31643343,4.181014061,103.4998474,105.1126328,30.80222702,54.63617325,Summer,2
8/31/2033,28.58129501,34.57373047,23.65810776,12.76625252,0.417143941,101.0440826,3.321080685,4.189208031,104.4919891,106.1139679,30.66540337,54.91931915,Summer,2
9/1/2033,28.46735954,34.42140198,23.58439064,12.75412655,0.441159964,101.0477753,3.325436831,4.197203636,105.544281,107.174057,30.5241394,55.20568085,Autumn,3
9/2/2033,28.34992027,34.26543808,23.50695419,12.73958206,0.465331256,101.0515289,3.329465866,4.204953194,106.6534576,108.2895813,30.37869072,55.49494934,Autumn,3
9/3/2033,28.22919655,34.10617828,23.42592812,12.72268581,0.489575297,101.055336,3.33313632,4.21241188,107.8158646,109.4567795,30.22930908,55.78682709,Autumn,3
9/4/2033,28.10542488,33.94396591,23.34145355,12.70351315,0.513807416,101.0591965,3.33641839,4.219539642,109.0275574,110.6716309,30.07626724,56.08096695,Autumn,3
9/5/2033,27.97884369,33.77916336,23.253685,12.68214417,0.537941396,101.0630951,3.339286327,4.226298332,110.2842484,111.9298248,29.91984749,56.37701035,Autumn,3
9/6/2033,27.84971237,33.61213684,23.16278458,12.6586628,0.561890125,101.0670395,3.341717958,4.232654572,111.5814133,113.2267761,29.76034546,56.67458725,Autumn,3
9/7/2033,27.7182827,33.44326401,23.06892014,12.63315487,0.585565805,101.071022,3.343694925,4.238577843,112.91436,114.5577545,29.59806442,56.97330475,Autumn,3
9/8/2033,27.58481789,33.27292633,22.97227287,12.60571098,0.608881235,101.0750351,3.345202208,4.244043827,114.2781677,115.9179077,29.43331528,57.27273941,Autumn,3
9/9/2033,27.44958687,33.10149384,22.87302017,12.57642269,0.631749809,101.0790863,3.346229792,4.249032021,115.6678467,117.3022232,29.26640511,57.57247162,Autumn,3
9/10/2033,27.31285095,32.92935181,22.77135086,12.54537773,0.65408653,101.0831604,3.346770048,4.253526688,117.0783691,118.705719,29.09765434,57.87204742,Autumn,3
9/11/2033,27.17487717,32.75687027,22.66744804,12.51266956,0.675808251,101.087265,3.346822262,4.257516861,118.5046387,120.1233749,28.92737007,58.17100906,Autumn,3
9/12/2033,27.0359211,32.58441544,22.56150246,12.47838402,0.696834624,101.0914001,3.346386671,4.260995865,119.9416428,121.5502853,28.755867,58.46889114,Autumn,3
9/13/2033,26.89624405,32.41234207,22.45370483,12.44260788,0.717088223,101.0955582,3.345469952,4.263962746,121.3844604,122.9816132,28.58345032,58.76520157,Autumn,3
9/14/2033,26.75608635,32.24098206,22.34423256,12.40542221,0.736495495,101.0997391,3.344082117,4.266420841,122.8282928,124.412674,28.41041183,59.05944443,Autumn,3
9/15/2033,26.61568069,32.0706749,22.23326683,12.36690426,0.75498718,101.1039429,3.342236757,4.268379211,124.2685623,125.839035,28.2370472,59.35112762,Autumn,3
9/16/2033,26.47525597,31.9017086,22.12098503,12.3271246,0.77249825,101.1081696,3.339951754,4.269850731,125.700882,127.2564926,28.06362534,59.63974762,Autumn,3
9/17/2033,26.33502197,31.73438454,22.0075531,12.28614902,0.788969278,101.1124191,3.337249279,4.270853996,127.1211777,128.6611023,27.89040947,59.92479706,Autumn,3
9/18/2033,26.19517326,31.56895065,21.89312553,12.24403572,0.804346085,101.1166916,3.334154129,4.271410942,128.5256805,130.0493469,27.71764183,60.2057724,Autumn,3
9/19/2033,26.05588722,31.40564728,21.77785301,12.20083904,0.818580329,101.1209793,3.330695391,4.271547318,129.9109802,131.417984,27.5455513,60.48217392,Autumn,3
9/20/2033,25.91732597,31.24468231,21.66186905,12.15659714,0.831629872,101.1252899,3.326904058,4.271296501,131.2740479,132.7642059,27.37434578,60.75350189,Autumn,3
9/21/2033,25.77962685,31.08623123,21.54529762,12.1113472,0.843458951,101.1296082,3.322815418,4.270690918,132.6123047,134.0856171,27.20420837,61.01927948,Autumn,3
9/22/2033,25.6429081,30.9304409,21.42824936,12.06511497,0.85403806,101.1339493,3.318466663,4.269769669,133.923584,135.3802948,27.03530312,61.27902603,Autumn,3
9/23/2033,25.50726509,30.77743149,21.31081772,12.01791954,0.863345027,101.138298,3.313897133,4.268573761,135.206192,136.6468201,26.86776733,61.5322876,Autumn,3
9/24/2033,25.37277603,30.62728119,21.19308472,11.96976948,0.871363997,101.1426544,3.30914855,4.267148495,136.4589233,137.88414,26.70171928,61.77862549,Autumn,3
9/25/2033,25.2394886,30.48004341,21.07510948,11.92066288,0.878086209,101.1470261,3.304264784,4.265539169,137.6810608,139.0918121,26.53724289,62.01760483,Autumn,3
9/26/2033,25.1074276,30.3357296,20.9569416,11.87059307,0.883509398,101.1513901,3.299290419,4.263796806,138.8723602,140.2698364,26.374403,62.24884415,Autumn,3
9/27/2033,24.97660065,30.19432449,20.8386097,11.81954288,0.887638569,101.1557465,3.294271946,4.26197052,140.0331268,141.4186707,26.21323395,62.47196198,Autumn,3
9/28/2033,24.84698486,30.0557766,20.72012901,11.76748562,0.890485108,101.1600952,3.289255619,4.260114193,141.1641388,142.5393372,26.05375099,62.68662262,Autumn,3
9/29/2033,24.71853828,29.92000008,20.60149193,11.71438885,0.892066658,101.1644363,3.284288645,4.258280754,142.2666321,143.6332397,25.89593506,62.89250565,Autumn,3
9/30/2033,24.59118843,29.78688049,20.48267746,11.66021633,0.892407417,101.1687469,3.279418945,4.256523132,143.3423462,144.7023163,25.73974419,63.08932877,Autumn,3
10/1/2033,24.46485138,29.65626907,20.36364746,11.60491848,0.891537428,101.173027,3.274692774,4.254896641,144.3934174,145.7488861,25.5851078,63.27684402,Autumn,3
10/2/2033,24.3394146,29.52799225,20.24435234,11.54844379,0.889492571,101.177269,3.270156622,4.253455162,145.4225006,146.7757111,25.43194199,63.45485306,Autumn,3
10/3/2033,24.21474648,29.40184212,20.1247139,11.49073696,0.886313558,101.1814651,3.265856981,4.252251625,146.4325409,147.7858734,25.28012657,63.62317276,Autumn,3
10/4/2033,24.09069633,29.2775898,20.00465584,11.43173695,0.8820467,101.1856003,3.261836767,4.251339912,147.4269257,148.7828522,25.12952995,63.78166962,Autumn,3
10/5/2033,23.96709824,29.15498543,19.88407707,11.37137985,0.876742244,101.1896744,3.258140087,4.250769615,148.4093323,149.770401,24.97999382,63.93026733,Autumn,3
10/6/2033,23.84376907,29.03375053,19.76286888,11.30960083,0.870454967,101.1936722,3.254807234,4.250592232,149.383728,150.7525482,24.83134651,64.06890106,Autumn,3
10/7/2033,23.72051048,28.91359329,19.64090919,11.24633217,0.863243103,101.1975784,3.251877546,4.250852585,150.3543549,151.7335052,24.68339348,64.19755554,Autumn,3
10/8/2033,23.59711456,28.7942028,19.51806831,11.18150711,0.855167687,101.2013931,3.249387503,4.251598358,151.3255615,152.7177124,24.53593636,64.31628418,Autumn,3
10/9/2033,23.47336388,28.67526054,19.39420319,11.11506081,0.846292794,101.205101,3.247371435,4.252870083,152.3019562,153.7096558,24.38875198,64.42516327,Autumn,3
10/10/2033,23.34902763,28.55643463,19.26917076,11.04692841,0.836684644,101.2086868,3.245861292,4.254708767,153.2881927,154.7139435,24.24161339,64.52429199,Autumn,3
10/11/2033,23.22387695,28.43738365,19.14282227,10.97705078,0.826410532,101.2121429,3.244885206,4.25715065,154.2889709,155.7351685,24.09428787,64.61384583,Autumn,3
10/12/2033,23.09767723,28.31777191,19.01499939,10.90537071,0.81553936,101.2154617,3.244468927,4.260228634,155.3089752,156.7779388,23.94653702,64.69402313,Autumn,3
10/13/2033,22.97019005,28.19725037,18.88554764,10.83183956,0.804140449,101.2186279,3.244634628,4.263972759,156.3528442,157.8466949,23.79811478,64.76506042,Autumn,3
10/14/2033,22.8411808,28.07548904,18.7543087,10.7564106,0.792282939,101.2216415,3.245401859,4.268407822,157.4251251,158.945816,23.64878273,64.82725525,Autumn,3
10/15/2033,22.71042252,27.95215225,18.62113571,10.67904854,0.780036092,101.2244873,3.246786356,4.273556709,158.5301514,160.0794678,23.49829865,64.88090515,Autumn,3
10/16/2033,22.57769012,27.82691574,18.48587608,10.59972286,0.767467856,101.2271576,3.248800278,4.279437065,159.6721191,161.2515564,23.34642982,64.92636108,Autumn,3
10/17/2033,22.4427681,27.69947052,18.34838486,10.51841545,0.754644871,101.2296524,3.251452208,4.286063194,160.8549042,162.4657593,23.1929512,64.96403503,Autumn,3
10/18/2033,22.30545044,27.56952667,18.20853043,10.43511581,0.741632223,101.2319565,3.254748583,4.293444157,162.0821075,163.7253723,23.03764153,64.9943161,Autumn,3
10/19/2033,22.16555405,27.43680573,18.06618309,10.34982491,0.728492677,101.2340698,3.258690834,4.301586151,163.3569336,165.0333405,22.88030243,65.01766968,Autumn,3
10/20/2033,22.02289581,27.301054,17.92123032,10.26255226,0.715286732,101.2360001,3.263278246,4.310491562,164.6822968,166.3922424,22.72074318,65.03455353,Autumn,3
10/21/2033,21.87732315,27.16204071,17.77356911,10.17332554,0.702071726,101.2377243,3.268505335,4.320156574,166.0605927,167.8041534,22.55879211,65.04547882,Autumn,3
10/22/2033,21.72869492,27.01956367,17.62311363,10.08217621,0.688901961,101.2392654,3.274365902,4.33057642,167.4937897,169.2707672,22.39429474,65.0509491,Autumn,3
10/23/2033,21.57689476,26.87344551,17.46979141,9.989151001,0.675828636,101.2406158,3.280847788,4.341740131,168.9833984,170.7931976,22.22711754,65.05149841,Autumn,3
10/24/2033,21.42182922,26.72354126,17.31354713,9.894313812,0.662899137,101.2417755,3.287938118,4.353632927,170.5303802,172.3721008,22.05715561,65.04766846,Autumn,3
10/25/2033,21.2634201,26.56973648,17.15434265,9.797733307,0.650156975,101.2427521,3.295619249,4.366239548,172.1351776,174.0076141,21.8843174,65.04003143,Autumn,3
10/26/2033,21.10162926,26.41195297,16.9921627,9.699497223,0.637642026,101.2435608,3.303873062,4.379537582,173.7977295,175.6992798,21.70854187,65.02914429,Autumn,3
10/27/2033,20.93642807,26.25013733,16.82700729,9.599700928,0.625389874,101.2442093,3.312676907,4.393502712,175.5173798,177.446167,21.5297966,65.01557922,Autumn,3
10/28/2033,20.76782608,26.08428383,16.65890121,9.498454094,0.613432288,101.2446976,3.322007418,4.408107758,177.2929535,179.2467346,21.34807014,64.99989319,Autumn,3
10/29/2033,20.59584999,25.91441345,16.48788643,9.395876884,0.601797044,101.2450562,3.331838131,4.423323154,179.1227112,181.0989685,21.16338158,64.98268127,Autumn,3
10/30/2033,20.42056084,25.74058151,16.31402969,9.292102814,0.590507805,101.2452927,3.342141151,4.439115524,181.0043488,183.0003204,20.97577477,64.96447754,Autumn,3
10/31/2033,20.24204445,25.56288528,16.13741493,9.187273026,0.579584002,101.2454224,3.3528862,4.455451012,182.9350586,184.9476471,20.7853241,64.94585419,Autumn,3
11/1/2033,20.06041145,25.38144684,15.95815182,9.0815382,0.569041848,101.2454758,3.364043236,4.47229147,184.9115143,186.937439,20.59213066,64.92733765,Autumn,3
11/2/2033,19.87580299,25.19643211,15.77637005,8.975061417,0.558893025,101.2454605,3.375578642,4.489598274,186.9299164,188.9656372,20.39632034,64.9094696,Autumn,3
11/3/2033,19.68837929,25.00802994,15.59221745,8.868011475,0.549146473,101.2454071,3.387459993,4.507330894,188.9859467,191.027771,20.19804382,64.8927536,Autumn,3
11/4/2033,19.49833107,24.8164711,15.40586376,8.760562897,0.539807081,101.2453308,3.399651766,4.525446892,191.0748749,193.1189728,19.99748421,64.87767029,Autumn,3
11/5/2033,19.30586815,24.62200546,15.21749783,8.652899742,0.530876994,101.2452774,3.412120104,4.543904305,193.1916199,195.2339783,19.79483986,64.86468506,Autumn,3
11/6/2033,19.11122513,24.42491913,15.02732658,8.545207977,0.522355497,101.2452545,3.424829483,4.562657833,195.3306885,197.3672485,19.59033775,64.85424805,Autumn,3
11/7/2033,18.91465569,24.22550964,14.83557606,8.437679291,0.514238834,101.2452927,3.437743664,4.581664085,197.4862823,199.5129395,19.38422203,64.84676361,Autumn,3
11/8/2033,18.71643448,24.02412033,14.64248562,8.330507278,0.506521225,101.2454376,3.450827122,4.600878716,199.652359,201.6649933,19.176754,64.84262085,Autumn,3
11/9/2033,18.51684952,23.82109451,14.44830704,8.22388649,0.499194622,101.245697,3.464044809,4.62025547,201.8226318,203.8171082,18.96822166,64.84216309,Autumn,3
11/10/2033,18.31620789,23.61680412,14.2533102,8.118009567,0.492249191,101.2461166,3.477361441,4.639751434,203.9906464,205.9629517,18.75892067,64.84570313,Autumn,3
11/11/2033,18.11482811,23.41163254,14.05777168,8.013072968,0.485673577,101.2467117,3.490742445,4.659320354,206.1497803,208.0960083,18.54916382,64.85353851,Autumn,3
11/12/2033,17.91303635,23.20597458,13.86198044,7.909266472,0.479455203,101.2475281,3.504153728,4.678919315,208.2934875,210.2098236,18.33926582,64.86591339,Autumn,3
11/13/2033,17.71117592,23.00023842,13.66623116,7.806777,0.473580509,101.2485809,3.517562151,4.698506355,210.4150543,212.2978973,18.12956429,64.88304138,Autumn,3
11/14/2033,17.50958633,22.79483414,13.47082615,7.705788612,0.4680354,101.2499084,3.530935526,4.718037605,212.5078583,214.3538513,17.92038918,64.9050827,Autumn,3
11/15/2033,17.30861473,22.59017563,13.27606773,7.60647583,0.462805092,101.2515411,3.544242382,4.737472534,214.5654297,216.3713989,17.71208572,64.9322052,Autumn,3
11/16/2033,17.10860825,22.38667488,13.08226395,7.509007931,0.457875043,101.2534943,3.557452202,4.756771088,216.5814056,218.3444824,17.50498772,64.9644928,Autumn,3
11/17/2033,16.90991974,22.1847496,12.88971806,7.413545609,0.45323056,101.2557983,3.570536375,4.775895596,218.5495605,220.2672729,17.29944229,65.0019989,Autumn,3
11/18/2033,16.71288872,21.98479652,12.6987381,7.320240974,0.448857337,101.2584839,3.583467484,4.794808388,220.4640198,222.13414,17.0957756,65.04478455,Autumn,3
11/19/2033,16.51785278,21.78721237,12.50961781,7.229233742,0.444741726,101.2615585,3.596218348,4.813474655,222.3191376,223.9398956,16.89432335,65.09283447,Autumn,3
11/20/2033,16.32514381,21.59238243,12.32265282,7.140654087,0.440870553,101.2650452,3.608764887,4.831860542,224.1096344,225.6795654,16.69540024,65.14608765,Autumn,3
11/21/2033,16.13507652,21.40067291,12.13812733,7.054618835,0.437231779,101.2689743,3.621082783,4.849933624,225.8306427,227.3487549,16.49931908,65.20448303,Autumn,3
11/22/2033,15.94796371,21.21243286,11.95631695,6.971233368,0.433814138,101.2733383,3.633150101,4.867664337,227.4776306,228.9433289,16.30637741,65.26792145,Autumn,3
11/23/2033,15.7640934,21.02799606,11.77748108,6.890589237,0.430607587,101.2781677,3.64494586,4.885023117,229.0465698,230.4597321,16.1168499,65.33625031,Autumn,3
11/24/2033,15.58374405,20.84766769,11.60187054,6.812764645,0.427603185,101.2834549,3.656451702,4.901986122,230.5339508,231.8948669,15.93100548,65.40930939,Autumn,3
11/25/2033,15.40716743,20.67173576,11.42971706,6.737823009,0.424793333,101.2892151,3.667648792,4.918525696,231.9366608,233.2461243,15.74909019,65.48690033,Autumn,3
11/26/2033,15.2346096,20.50045586,11.26124287,6.665813446,0.422171652,101.2954407,3.678521633,4.934621334,233.252243,234.5114594,15.57132721,65.56879425,Autumn,3
11/27/2033,15.06628036,20.33406258,11.09664249,6.596770763,0.419732898,101.3021393,3.689054489,4.950251579,234.4786682,235.68927,15.39792061,65.65475464,Autumn,3
11/28/2033,14.90237808,20.1727562,10.93610001,6.530716896,0.417473018,101.3092957,3.699234724,4.965397835,235.614563,236.778656,15.2290535,65.74450684,Autumn,3
11/29/2033,14.74307632,20.0167141,10.77977467,6.467655659,0.415389359,101.3169098,3.709049702,4.980042458,236.6590118,237.779129,15.06487846,65.83776093,Autumn,3
11/30/2033,14.58852005,19.86607742,10.62780857,6.407581329,0.413480043,101.3249588,3.71848774,4.994170189,237.6117249,238.6907959,14.90553856,65.93421936,Autumn,3
12/1/2033,14.43883514,19.72096062,10.48031902,6.350469589,0.411744505,101.3334274,3.727540493,5.007769585,238.4729767,239.5142975,14.75113678,66.03354645,Winter,0
12/2/2033,14.29411697,19.5814476,10.3374052,6.296286583,0.410182714,101.3423004,3.736199141,5.02082634,239.2435303,240.2507935,14.60175896,66.13540649,Winter,0
12/3/2033,14.15444374,19.44759178,10.1991415,6.244982243,0.408795476,101.3515472,3.744456291,5.033332825,239.9247284,240.9019318,14.45746422,66.23946381,Winter,0
12/4/2033,14.01986313,19.31941223,10.06558323,6.19649744,0.40758425,101.361145,3.752306461,5.045278549,240.5183716,241.4698334,14.31829071,66.34535217,Winter,0
12/5/2033,13.89040184,19.19690704,9.936759949,6.150759697,0.406550854,101.3710632,3.759744167,5.056658745,241.0268555,241.9571228,14.18424606,66.45271301,Winter,0
12/6/2033,13.76605606,19.08003807,9.812684059,6.107685089,0.405697286,101.3812561,3.76676631,5.067468166,241.4528961,242.3667908,14.05532074,66.56117249,Winter,0
12/7/2033,13.64680862,18.96874619,9.693343163,6.06718111,0.405025601,101.3917007,3.773369789,5.077702999,241.7997437,242.70224,13.93147659,66.67036438,Winter,0
12/8/2033,13.53261757,18.86293983,9.578706741,6.029146194,0.404537827,101.4023438,3.779552698,5.087360859,242.0710297,242.9672852,13.81266212,66.77990723,Winter,0
12/9/2033,13.4234066,18.76250839,9.468723297,5.993470192,0.404235542,101.4131546,3.785314083,5.096441746,242.2707214,243.1659241,13.6987915,66.88945007,Winter,0
12/10/2033,13.31910133,18.66731834,9.363322258,5.960036278,0.404119998,101.4240723,3.790654182,5.104945183,242.4030914,243.3025513,13.58977699,66.99861145,Winter,0
12/11/2033,13.21959114,18.57721519,9.262414932,5.928721428,0.404191673,101.4350662,3.79557395,5.112874508,242.472702,243.3817444,13.48549652,67.10703278,Winter,0
12/12/2033,13.12475586,18.49202347,9.165899277,5.899398804,0.404450119,101.4460754,3.800075531,5.120232105,242.484375,243.4082489,13.38582802,67.21435547,Winter,0
12/13/2033,13.03445625,18.41155434,9.073653221,5.871936798,0.404894084,101.4570618,3.80416131,5.12702322,242.4431152,243.3869629,13.29062271,67.32023621,Winter,0
12/14/2033,12.94854736,18.33560562,8.985543251,5.846203327,0.405521095,101.4679565,3.807834864,5.133252621,242.3539581,243.322876,13.19972706,67.42434692,Winter,0
12/15/2033,12.86685944,18.2639637,8.901425362,5.822062016,0.406327397,101.478714,3.811100483,5.138927937,242.2221832,243.2210236,13.11297035,67.52633667,Winter,0
12/16/2033,12.78922653,18.1964035,8.821142197,5.799378395,0.407307893,101.4892883,3.813963413,5.144056797,242.053009,243.086441,13.03017616,67.6259079,Winter,0
12/17/2033,12.71546173,18.13269615,8.744527817,5.778018951,0.408456028,101.4996262,3.816429377,5.148648262,241.8516998,242.9240875,12.95117188,67.72275543,Winter,0
12/18/2033,12.64538193,18.07260704,8.671410561,5.75785017,0.409763694,101.5096664,3.818505049,5.152712345,241.6233826,242.7388458,12.87576294,67.81659698,Winter,0
12/19/2033,12.57879639,18.01590347,8.601612091,5.738743782,0.411221355,101.5193634,3.820197821,5.156259537,241.3731995,242.5354767,12.80376625,67.90715027,Winter,0
12/20/2033,12.51550865,17.96234894,8.534949303,5.720574379,0.412817568,101.5286636,3.821516275,5.159303188,241.1060638,242.3185425,12.73498917,67.99416351,Winter,0
12/21/2033,12.45532799,17.91171455,8.471238136,5.703222275,0.414539665,101.5375214,3.822468519,5.161855221,240.8267059,242.0924072,12.66924858,68.07739258,Winter,0
12/22/2033,12.39806175,17.86377907,8.410293579,5.686572075,0.416373163,101.5458984,3.823064804,5.163930416,240.5397186,241.861145,12.60636139,68.15661621,Winter,0
12/23/2033,12.34352112,17.81832123,8.35193634,5.670515537,0.418302298,101.5537338,3.823315144,5.165542126,240.2493134,241.6285706,12.54615021,68.23162842,Winter,0
12/24/2033,12.29152107,17.77513313,8.2959795,5.654953003,0.420309633,101.560997,3.823230505,5.166707993,239.9594574,241.3982086,12.48843956,68.30223846,Winter,0
12/25/2033,12.24189186,17.73402405,8.242253304,5.639789581,0.422376603,101.5676422,3.822823524,5.167442799,239.6738434,241.1732025,12.43307495,68.36827087,Winter,0
12/26/2033,12.19445992,17.69480896,8.190585136,5.624940872,0.424483478,101.5736465,3.822106123,5.167765617,239.3957214,240.9563293,12.3799057,68.42956543,Winter,0
12/27/2033,12.14907074,17.65732193,8.140812874,5.610332489,0.426609367,101.5789642,3.821091652,5.167692661,239.1280823,240.750061,12.32878685,68.48597717,Winter,0
12/28/2033,12.10557556,17.62141609,8.092788696,5.595895767,0.428732604,101.58358,3.819793701,5.167243481,238.8734131,240.5563965,12.27959251,68.53741455,Winter,0
12/29/2033,12.06384659,17.58695412,8.046365738,5.581575394,0.430830717,101.5874634,3.818228006,5.166439056,238.6338196,240.3769226,12.23221684,68.5837326,Winter,0
12/30/2033,12.02375793,17.55382729,8.001411438,5.567320824,0.432880938,101.5905991,3.816407919,5.165297508,238.4110413,240.2129211,12.18655396,68.62487793,Winter,0
12/31/2033,11.98520088,17.52193451,7.957805157,5.55309391,0.434860319,101.5929642,3.814350605,5.163840771,238.2063751,240.0651398,12.14252853,68.66073608,Winter,0
1/1/2034,11.9480896,17.49120522,7.915446758,5.538868904,0.436745584,101.5945511,3.8120718,5.162089825,238.0206299,239.934021,12.10006905,68.69129944,Winter,0
1/2/2034,11.91234398,17.46158218,7.874236584,5.524623871,0.438514024,101.5953674,3.809588432,5.160066605,237.8543549,239.8195496,12.05912781,68.7164917,Winter,0
1/3/2034,11.87790871,17.4330349,7.834102154,5.510350227,0.440143138,101.5953903,3.806917906,5.157793522,237.7074585,239.7213287,12.01967049,68.73629761,Winter,0
1/4/2034,11.84473705,17.40554047,7.794971943,5.49604702,0.441611409,101.5946426,3.804077625,5.155292511,237.5796661,239.6386261,11.98168278,68.75070953,Winter,0
1/5/2034,11.81279755,17.37910271,7.756802082,5.481720924,0.442898214,101.5931244,3.801085711,5.152586937,237.4701538,239.5703278,11.945158,68.75971985,Winter,0
1/6/2034,11.78208256,17.35374832,7.719555378,5.46738863,0.443984151,101.5908508,3.797960758,5.149698734,237.3778229,239.5149994,11.9101162,68.76335144,Winter,0
1/7/2034,11.75259018,17.32952118,7.683213711,5.453073502,0.44485122,101.5878372,3.794721127,5.146652222,237.3012085,239.4708557,11.87658691,68.76163483,Winter,0
1/8/2034,11.72434425,17.30647278,7.647771358,5.438806057,0.445483297,101.5841064,3.791384935,5.14346981,237.2385101,239.4358673,11.84461308,68.75460815,Winter,0
1/9/2034,11.69736862,17.28467751,7.613236427,5.424624443,0.445866168,101.5796814,3.787971497,5.140173912,237.1875916,239.4078064,11.81425285,68.74230957,Winter,0
1/10/2034,11.67171478,17.26422501,7.579632759,5.410570145,0.445987731,101.5746078,3.784499407,5.136787415,237.1461639,239.38414,11.78557587,68.724823,Winter,0
1/11/2034,11.647439,17.24521828,7.546996117,5.396692276,0.445838153,101.5689011,3.780985832,5.133333683,237.1115875,239.3621674,11.75866795,68.7022171,Winter,0
1/12/2034,11.62460899,17.22776794,7.515374184,5.383043289,0.445410281,101.5626068,3.777450323,5.129833221,237.0810699,239.3391266,11.73362064,68.67457581,Winter,0
1/13/2034,11.60330772,17.21199799,7.484830856,5.369680405,0.444699407,101.5557709,3.773910046,5.126307011,237.051712,239.3120117,11.7105341,68.64198303,Winter,0
1/14/2034,11.58362007,17.19804192,7.455432415,5.356660843,0.443703741,101.5484314,3.770382404,5.122777462,237.0203552,239.2778015,11.68951797,68.60456848,Winter,0
1/15/2034,11.56564713,17.18603134,7.427262306,5.344047546,0.442424297,101.5406418,3.766884327,5.119262695,236.9838715,239.2334747,11.67068672,68.56242371,Winter,0
1/16/2034,11.54948711,17.17611694,7.400407791,5.331901073,0.44086501,101.5324402,3.763431787,5.115782261,236.9390259,239.1759186,11.65416241,68.51568604,Winter,0
1/17/2034,11.53525448,17.16843605,7.374966145,5.320286751,0.439032763,101.5238876,3.760040522,5.112354279,236.8825531,239.1020966,11.64006519,68.46447754,Winter,0
1/18/2034,11.52305603,17.16313934,7.351038933,5.309267044,0.436937422,101.5150223,3.756724596,5.108994484,236.8112793,239.0090637,11.62851906,68.40893555,Winter,0
1/19/2034,11.51301289,17.16036987,7.328735828,5.298904419,0.43459177,101.5059128,3.753498554,5.105719566,236.7219849,238.8939056,11.61964989,68.34920502,Winter,0
1/20/2034,11.50523186,17.1602726,7.30816555,5.289257526,0.432011485,101.4966049,3.750372887,5.1025424,236.6116028,238.7539063,11.61357784,68.28543854,Winter,0
1/21/2034,11.49983406,17.16297913,7.289441109,5.280385971,0.429214835,101.4871521,3.747361183,5.099476814,236.4771729,238.5864563,11.61042213,68.2177887,Winter,0
1/22/2034,11.49692917,17.16862488,7.272678375,5.272346497,0.42622298,101.4776077,3.744472504,5.096533298,236.3159027,238.3891449,11.61029434,68.14643097,Winter,0
1/23/2034,11.49662685,17.17733383,7.257991314,5.265189171,0.423059255,101.4680328,3.741715908,5.093721867,236.1250916,238.1597443,11.61330795,68.07152557,Winter,0
1/24/2034,11.49903107,17.18921661,7.245490074,5.258964539,0.419749558,101.4584656,3.739098787,5.091050148,235.902359,237.8963013,11.61956024,67.99324036,Winter,0
1/25/2034,11.5042429,17.20438194,7.235287189,5.253715515,0.416321725,101.4489594,3.736627579,5.088523865,235.6455078,237.5971222,11.62914467,67.91177368,Winter,0
1/26/2034,11.51235008,17.22291946,7.227485657,5.249482632,0.412805349,101.4395676,3.734307051,5.086148262,235.3525391,237.2606964,11.64214134,67.82728577,Winter,0
1/27/2034,11.52343369,17.24490547,7.22219038,5.246297836,0.409231693,101.430336,3.732140064,5.083925247,235.021759,236.8858643,11.65862179,67.7399826,Winter,0
1/28/2034,11.53757858,17.27040863,7.219493866,5.244193077,0.405633241,101.4213028,3.730129004,5.081856251,234.6517944,236.4717255,11.6786499,67.6500473,Winter,0
1/29/2034,11.55483627,17.29947662,7.219482422,5.243190765,0.402043402,101.4125061,3.728273869,5.079939842,234.2414703,236.0176239,11.70227432,67.55766296,Winter,0
1/30/2034,11.57526779,17.3321476,7.222237587,5.243309021,0.39849624,101.4039917,3.72657299,5.078173161,233.7899323,235.5232697,11.72952366,67.46302795,Winter,0
1/31/2034,11.5989151,17.36844063,7.227832317,5.244562149,0.395025998,101.3957825,3.725023985,5.076551437,233.2966614,234.9886017,11.76042652,67.36634827,Winter,0
2/1/2034,11.62580585,17.40835953,7.236320496,5.246954918,0.391667098,101.3879166,3.723623276,5.075068951,232.7613983,234.4138947,11.79499054,67.26780701,Winter,0
2/2/2034,11.65596199,17.45189285,7.24776268,5.250492096,0.388453305,101.3804092,3.722364426,5.07371664,232.1842041,233.7996368,11.83320999,67.16761017,Winter,0
2/3/2034,11.68938828,17.49901199,7.262196064,5.255167007,0.38541767,101.373291,3.72124052,5.072485447,231.5653839,233.1466522,11.87506294,67.06594849,Winter,0
2/4/2034,11.72608089,17.5496788,7.279651642,5.260972977,0.382592171,101.3665695,3.720244169,5.071364403,230.9055481,232.4559174,11.92052269,66.96302032,Winter,0
2/5/2034,11.76601601,17.60383034,7.300148487,5.267894745,0.380007327,101.36026,3.719365597,5.070340633,230.2056122,231.7287598,11.96953964,66.85902405,Winter,0
2/6/2034,11.80917168,17.66140175,7.323697567,5.275915146,0.377691746,101.3543777,3.718594313,5.069400311,229.466629,230.9666443,12.02205849,66.75413513,Winter,0
2/7/2034,11.85550022,17.72230148,7.350293636,5.285011292,0.375671983,101.3489227,3.717918873,5.068528652,228.690033,230.1712646,12.07800865,66.64854431,Winter,0
2/8/2034,11.90494823,17.78643417,7.37992239,5.295156956,0.373972088,101.3438873,3.717327356,5.067708969,227.8773193,229.3444519,12.13730431,66.54244995,Winter,0
2/9/2034,11.95745277,17.85369682,7.41256237,5.306322098,0.37261343,101.3392639,3.716806412,5.066925049,227.0302887,228.488205,12.1998558,66.43602753,Winter,0
2/10/2034,12.01294327,17.92395973,7.448174953,5.318473816,0.371614277,101.3350525,3.716343164,5.066158772,226.1508789,227.60466,12.26556396,66.32943726,Winter,0
2/11/2034,12.07133102,17.99709892,7.486717701,5.331576347,0.37098977,101.3312378,3.715922832,5.065392494,225.2411194,226.6959839,12.33431435,66.22285461,Winter,0
2/12/2034,12.13252449,18.07297707,7.528135777,5.345592499,0.37075147,101.3277893,3.715531349,5.064607143,224.3032227,225.7645416,12.40598583,66.11643982,Winter,0
2/13/2034,12.19642639,18.15145111,7.572360516,5.360482693,0.370907485,101.3246994,3.715154171,5.063785076,223.3394775,224.8125916,12.48045731,66.01034546,Winter,0
2/14/2034,12.26292419,18.23237038,7.619324684,5.376206875,0.371461928,101.3219299,3.714777231,5.062906742,222.3522034,223.8424835,12.5575943,65.90470886,Winter,0
2/15/2034,12.33191299,18.315588,7.668945789,5.392724037,0.372415185,101.319458,3.714386225,5.061954498,221.3437958,222.8565063,12.63726234,65.79966736,Winter,0
2/16/2034,12.40326309,18.40094376,7.72113657,5.409993649,0.37376374,101.3172531,3.713967085,5.060910225,220.3166656,221.8569794,12.7193222,65.69534302,Winter,0
2/17/2034,12.47686577,18.48828506,7.775804043,5.427974701,0.375499874,101.3152847,3.713506699,5.059756756,219.2731323,220.8460999,12.80363655,65.59185028,Winter,0
2/18/2034,12.55259132,18.57745361,7.832849979,5.446624756,0.377612114,101.3134995,3.712992668,5.058478832,218.2155457,219.825943,12.89006233,65.48930359,Winter,0
2/19/2034,12.63031387,18.66830254,7.892170429,5.465907574,0.380085021,101.3118744,3.712412596,5.057059288,217.1461945,218.7985687,12.97846031,65.38776398,Winter,0
2/20/2034,12.70990944,18.76067734,7.953659534,5.485784531,0.382899314,101.3103561,3.711756229,5.055485249,216.0672455,217.7658081,13.06869316,65.28733063,Winter,0
2/21/2034,12.79124832,18.85443306,8.017210007,5.506221771,0.386032045,101.3089142,3.711013556,5.053743362,214.9807434,216.7294159,13.16062355,65.18806458,Winter,0
2/22/2034,12.87420845,18.94943428,8.082706451,5.527183533,0.389456689,101.3074951,3.710176468,5.051823139,213.8886261,215.6908875,13.25412178,65.0900116,Winter,0
2/23/2034,12.95866966,19.04554558,8.150042534,5.548639774,0.393143445,101.3060608,3.709237814,5.049715042,212.7926941,214.6516113,13.34906387,64.9932251,Winter,0
2/24/2034,13.0445118,19.14264488,8.219104767,5.570563316,0.39705953,101.3045731,3.708191633,5.047411442,211.6945801,213.6127777,13.44532967,64.89771271,Winter,0
2/25/2034,13.13162231,19.24060822,8.289783478,5.592926979,0.40116927,101.3029785,3.707034111,5.044905663,210.5957184,212.5753632,13.5428009,64.80348969,Winter,0
2/26/2034,13.21988869,19.33934212,8.36196804,5.615710258,0.405434489,101.3012466,3.705763102,5.04219532,209.4973907,211.5400848,13.64138031,64.71055603,Winter,0
2/27/2034,13.30921555,19.43873787,8.435556412,5.638893127,0.409814984,101.299324,3.70437789,5.039278984,208.40065,210.5075226,13.7409687,64.61890411,Winter,0
2/28/2034,13.39949417,19.53871727,8.510442734,5.66245842,0.414268672,101.2971802,3.702879429,5.036156178,207.3063965,209.4779968,13.84147263,64.52848816,Winter,0
3/1/2034,13.49064636,19.63920212,8.586530685,5.686395645,0.418752134,101.2947769,3.701271534,5.032831192,206.2152863,208.4516754,13.94281769,64.43927002,Spring,1
3/2/2034,13.58258057,19.74012756,8.663725853,5.710692406,0.423221022,101.2920761,3.69955802,5.029308319,205.1278534,207.4284515,14.04493523,64.35120392,Spring,1
3/3/2034,13.6752243,19.8414402,8.741937637,5.735342979,0.427630275,101.2890549,3.6977458,5.025595188,204.0442963,206.4080658,14.14776611,64.26422119,Spring,1
3/4/2034,13.76850891,19.94309807,8.821083069,5.760344028,0.431934774,101.2856674,3.695843697,5.021702766,202.9647522,205.3900757,14.25125885,64.17822266,Spring,1
3/5/2034,13.86237717,20.04507256,8.901087761,5.785693169,0.436089694,101.2819061,3.693861485,5.017641068,201.8891602,204.3738708,14.35536957,64.09315491,Spring,1
3/6/2034,13.95677567,20.14733887,8.981878281,5.81139183,0.44005087,101.2777328,3.691810608,5.013425827,200.8172302,203.3586578,14.46007347,64.00888062,Spring,1
3/7/2034,14.05166245,20.24988747,9.063385963,5.837443352,0.443775445,101.2731323,3.689704657,5.009072304,199.7485504,202.3435516,14.56534576,63.92531967,Spring,1
3/8/2034,14.14699745,20.35271454,9.145561218,5.863854408,0.447222024,101.2680969,3.687558889,5.004598618,198.6825256,201.3274689,14.671175,63.84234619,Spring,1
3/9/2034,14.24275589,20.45582771,9.228346825,5.890629292,0.450351179,101.2626038,3.685388803,5.000024319,197.6185303,200.3093414,14.77755356,63.75983429,Spring,1
3/10/2034,14.33891487,20.55924225,9.311697006,5.917778969,0.453125924,101.2566605,3.68321228,4.995371819,196.5557404,199.2879181,14.88448524,63.67765808,Spring,1
3/11/2034,14.43546104,20.66297722,9.395576477,5.945311069,0.455512136,101.2502441,3.681047916,4.990662575,195.4932251,198.2619476,14.99198341,63.59568405,Spring,1
3/12/2034,14.53238487,20.76705933,9.479951859,5.973237038,0.457478672,101.2433777,3.678915024,4.98592186,194.430069,197.2301178,15.10005951,63.51377106,Spring,1
3/13/2034,14.62968445,20.8715229,9.564798355,6.001567841,0.458997875,101.2360535,3.676834106,4.981175423,193.3652344,196.1911621,15.20873642,63.4317894,Spring,1
3/14/2034,14.72736168,20.97640228,9.65009594,6.030311584,0.460045874,101.2282791,3.67482543,4.976447105,192.2977142,195.1437836,15.31803894,63.3495903,Spring,1
3/15/2034,14.82542229,21.0817337,9.735830307,6.059481621,0.46060279,101.2200699,3.672910452,4.971765995,191.2264099,194.0867462,15.4279995,63.26703644,Spring,1
3/16/2034,14.92387962,21.18755913,9.82199192,6.089085579,0.460652739,101.2114563,3.671110153,4.967157364,190.1503143,193.0188293,15.53865051,63.18399048,Spring,1
3/17/2034,15.02274895,21.2939167,9.908576012,6.119132996,0.460184693,101.2024384,3.66944623,4.962648392,189.0684052,191.9389801,15.6500206,63.10032654,Spring,1
3/18/2034,15.1220417,21.40084839,9.995585442,6.149630547,0.45919171,101.1930542,3.667938948,4.958267212,187.9797516,190.8462067,15.7621479,63.01589966,Spring,1
3/19/2034,15.22178078,21.50838661,10.08302116,6.180585861,0.457671732,101.1833344,3.666609287,4.954039574,186.8834534,189.739624,15.87506676,62.93060303,Spring,1
3/20/2034,15.32198334,21.61657333,10.17089176,6.212001801,0.455627322,101.1733017,3.665476561,4.949990273,185.7787781,188.6184998,15.98880959,62.84431839,Spring,1
3/21/2034,15.42267036,21.72543526,10.25920868,6.243881226,0.453065574,101.1629944,3.664559603,4.946146011,184.6649933,187.4822693,16.10340881,62.75693512,Spring,1
3/22/2034,15.52385712,21.83499908,10.34798145,6.27622509,0.449998468,101.1524506,3.663876057,4.942528725,183.5415802,186.3305817,16.21888733,62.66835403,Spring,1
3/23/2034,15.62556839,21.94528961,10.43722725,6.309031487,0.446442366,101.1417007,3.663442373,4.939161301,182.4080963,185.163208,16.33527565,62.57849121,Spring,1
3/24/2034,15.72781181,22.05631065,10.52695847,6.3422966,0.442418009,101.130806,3.663273811,4.93606472,181.2642975,183.9801025,16.45259094,62.48726654,Spring,1
3/25/2034,15.83060646,22.1680851,10.61719418,6.376013756,0.437950581,101.1197891,3.663382292,4.933256149,180.1100616,182.7814789,16.57084846,62.39463425,Spring,1
3/26/2034,15.93396568,22.28059959,10.70794773,6.410175323,0.433068931,101.1087036,3.663779974,4.930752277,178.9454346,181.5677032,16.69005394,62.30052567,Spring,1
3/27/2034,16.0378933,22.39385796,10.79923725,6.444767952,0.42780593,101.0976028,3.664475918,4.928567886,177.7706299,180.3394012,16.81021881,62.20491409,Spring,1
3/28/2034,16.14239883,22.50783539,10.89107895,6.479781151,0.422197759,101.0865173,3.665476561,4.926713467,176.5860138,179.0973663,16.93133163,62.10777283,Spring,1
3/29/2034,16.24748039,22.62251472,10.98348618,6.515198231,0.416283697,101.0755005,3.666786671,4.925198078,175.3921967,177.8425293,17.05338669,62.00910568,Spring,1
3/30/2034,16.35313606,22.73786163,11.07647133,6.551002502,0.410105765,101.0646057,3.668408632,4.924027443,174.1898499,176.5761414,17.1763649,61.90891647,Spring,1
3/31/2034,16.45935822,22.85383797,11.17004871,6.587175369,0.403708339,101.0538635,3.670342207,4.923204422,172.9798279,175.29953,17.30024338,61.80722427,Spring,1
4/1/2034,16.56613541,22.97039223,11.26422501,6.623696327,0.397137493,101.043335,3.672584772,4.922729015,171.7632141,174.0142517,17.42499352,61.70407104,Spring,1
4/2/2034,16.67345428,23.08747673,11.35901165,6.660543442,0.390441,101.0330582,3.675130844,4.922597885,170.541153,172.7219543,17.55057335,61.59951401,Spring,1
4/3/2034,16.78129196,23.20502472,11.45441151,6.697693825,0.383667469,101.0230637,3.677972317,4.922803879,169.3149414,171.4244995,17.67694092,61.4936142,Spring,1
4/4/2034,16.88962936,23.32296753,11.5504303,6.735124588,0.376865983,101.0134125,3.6810987,4.923337936,168.0859833,170.1238251,17.80404663,61.38645172,Spring,1
4/5/2034,16.99843979,23.4412365,11.64706898,6.772812843,0.370085686,101.0041275,3.68449688,4.924188614,166.8558197,168.8219604,17.93183517,61.27812576,Spring,1
4/6/2034,17.10769081,23.55975151,11.74432468,6.810733795,0.363375217,100.9952545,3.68815136,4.925337791,165.6260223,167.5210114,18.06024551,61.16873932,Spring,1
4/7/2034,17.21735191,23.67842865,11.84219837,6.848865509,0.356782407,100.986824,3.69204402,4.926768303,164.3982544,166.223175,18.1892128,61.05840302,Spring,1
4/8/2034,17.32738686,23.79718971,11.9406805,6.887184143,0.350353271,100.9788589,3.696154594,4.92845726,163.1741943,164.930603,18.31866646,60.94725037,Spring,1
4/9/2034,17.4377594,23.91594124,12.03976917,6.925670147,0.344132304,100.971405,3.700460911,4.930380821,161.9555969,163.6455231,18.44853973,60.8354187,Spring,1
4/10/2034,17.5484333,24.0345993,12.13945103,6.96430254,0.338161439,100.9644699,3.704937458,4.932512283,160.7441406,162.3700867,18.57875443,60.72304153,Spring,1
4/11/2034,17.65936852,24.15308189,12.23972225,7.003064156,0.332479864,100.9580765,3.70955801,4.934821129,159.5415344,161.1063995,18.70924187,60.61027527,Spring,1
4/12/2034,17.77052689,24.27130318,12.34056759,7.041939259,0.327123642,100.9522552,3.714295387,4.937275887,158.349411,159.8565674,18.83992004,60.49726486,Spring,1
4/13/2034,17.88187218,24.38918114,12.44198036,7.080913544,0.322125047,100.9470062,3.719119072,4.939843178,157.169342,158.6224518,18.97072411,60.38415909,Spring,1
4/14/2034,17.99336433,24.5066433,12.54394627,7.119976997,0.317512721,100.9423523,3.723998308,4.942487717,156.0028534,157.4059296,19.10157776,60.27112961,Spring,1
4/15/2034,18.10497665,24.62361526,12.64645576,7.159122944,0.313310921,100.9382935,3.728901625,4.945171833,154.8512573,156.2086182,19.23241425,60.15831375,Spring,1
4/16/2034,18.21667099,24.74003792,12.74949646,7.198345661,0.309539527,100.9348373,3.733795643,4.947857857,153.7158661,155.0320587,19.36316872,60.04587555,Spring,1
4/17/2034,18.32842445,24.85585022,12.85306072,7.237646103,0.306213647,100.9319763,3.738647699,4.950507164,152.5977478,153.8775482,19.49378204,59.93395233,Spring,1
4/18/2034,18.44020844,24.97101021,12.95713806,7.277026653,0.303343534,100.929718,3.743424177,4.953079224,151.4978333,152.7461395,19.62420082,59.82268524,Spring,1
4/19/2034,18.55200958,25.08547974,13.06172276,7.316492558,0.300934464,100.9280396,3.748091221,4.955534935,150.4169006,151.6387482,19.75437737,59.71220779,Spring,1
4/20/2034,18.66381073,25.1992321,13.16680813,7.356056213,0.298986673,100.9269485,3.75261569,4.957835197,149.3554688,150.556015,19.88427162,59.60264587,Spring,1
4/21/2034,18.77560425,25.31225395,13.27239323,7.395730972,0.297495276,100.9264297,3.756964922,4.959939957,148.3139343,149.4983368,20.01384926,59.49411011,Spring,1
4/22/2034,18.88739204,25.42453957,13.378479,7.435534,0.296450257,100.9264526,3.761106968,4.961810112,147.2924347,148.4657745,20.14309502,59.3866806,Spring,1
4/23/2034,18.99917221,25.5361042,13.48506546,7.475488663,0.295836598,100.9270096,3.765010834,4.963409424,146.290863,147.4582825,20.27199173,59.28046036,Spring,1
4/24/2034,19.11096573,25.64696693,13.59215832,7.515617847,0.295634508,100.9280777,3.768646479,4.964700699,145.3089905,146.4754333,20.40053558,59.17551041,Spring,1
4/25/2034,19.22278214,25.75716782,13.69976711,7.555951118,0.295819402,100.9296341,3.771986723,4.965649605,144.3462677,145.5165558,20.5287323,59.07187271,Spring,1
4/26/2034,19.33465385,25.86675453,13.80790615,7.59651947,0.296362132,100.9316483,3.775004864,4.966223717,143.4019623,144.58078,20.65660286,58.96958542,Spring,1
4/27/2034,19.44661331,25.97579193,13.91658783,7.637356758,0.297229439,100.9341049,3.777676105,4.966392994,142.4751434,143.6669312,20.78417587,58.86865234,Spring,1
4/28/2034,19.55869865,26.08435631,14.02583408,7.678500652,0.29838407,100.9369583,3.779978991,4.966128826,141.5646667,142.7736053,20.91148567,58.76907349,Spring,1
4/29/2034,19.67095757,26.19253731,14.13566589,7.719988346,0.299785197,100.9401855,3.781893253,4.965405941,140.6691895,141.8991852,21.03858185,58.67081833,Spring,1
4/30/2034,19.78344536,26.30043793,14.24610806,7.761860847,0.30138886,100.9437485,3.783401251,4.964202881,139.7871704,141.0418549,21.16552544,58.57383347,Spring,1
5/1/2034,19.89622498,26.40816879,14.35719395,7.804158211,0.303148121,100.9476318,3.784489393,4.962499619,138.9169617,140.1995544,21.29238319,58.4780426,Spring,1
5/2/2034,20.00935936,26.5158577,14.46894932,7.846923828,0.305013955,100.9517822,3.785144806,4.960280418,138.0566864,139.3701477,21.41923714,58.38336182,Spring,1
5/3/2034,20.12292099,26.62363243,14.58141327,7.890198708,0.306935251,100.9561768,3.785358429,4.957531929,137.204422,138.5512695,21.54616928,58.28967285,Spring,1
5/4/2034,20.23698997,26.73164177,14.69462109,7.934025288,0.308859617,100.9607849,3.785124302,4.954245567,136.358078,137.7404938,21.67327499,58.19683075,Spring,1
5/5/2034,20.35164452,26.84003067,14.80861092,7.978443146,0.310733765,100.9655685,3.784439564,4.950416565,135.5155334,136.9352722,21.80065536,58.104702,Spring,1
5/6/2034,20.46696663,26.94895554,14.92342377,8.023492813,0.312503934,100.9704895,3.783303499,4.946041107,134.6745911,136.1330109,21.92841911,58.01309204,Spring,1
5/7/2034,20.58305168,27.0585804,15.0391016,8.069210052,0.314116657,100.9755325,3.781718731,4.941122055,133.8330383,135.3311005,22.05667686,57.92181015,Spring,1
5/8/2034,20.69997597,27.16906548,15.15568066,8.115629196,0.315519035,100.9806519,3.779690981,4.935664177,132.9886475,134.5269165,22.18554306,57.83065796,Spring,1
5/9/2034,20.81783676,27.2805748,15.27320671,8.162781715,0.316659361,100.985817,3.777228594,4.929675102,132.1392517,133.717865,22.31514168,57.73939896,Spring,1
5/10/2034,20.9367218,27.39327812,15.39171886,8.210695267,0.317487568,100.9910049,3.774343014,4.923167706,131.2827148,132.9014435,22.44558716,57.64779663,Spring,1
5/11/2034,21.05671501,27.50733376,15.51125526,8.259393692,0.317955762,100.9961929,3.771046638,4.916156292,130.4169769,132.0752411,22.57700157,57.55559158,Spring,1
5/12/2034,21.17790413,27.62290192,15.63185501,8.308893204,0.318018615,101.0013504,3.767356634,4.908660412,129.5401459,131.2369537,22.70950317,57.46253204,Spring,1
5/13/2034,21.30036736,27.74013901,15.75354862,8.359209061,0.317634046,101.0064468,3.763291121,4.900699615,128.6504364,130.3845062,22.84320831,57.36833572,Spring,1
5/14/2034,21.4241848,27.85918999,15.87636662,8.410348892,0.316763312,101.011467,3.758870602,4.892298698,127.7462387,129.5159149,22.97822952,57.2727356,Spring,1
5/15/2034,21.54942322,27.980196,16.0003376,8.462314606,0.315371484,101.0163879,3.754117489,4.88348484,126.8261566,128.6295319,23.1146698,57.17543411,Spring,1
5/16/2034,21.67615128,28.10328102,16.12548065,8.515100479,0.313427985,101.0211945,3.749055862,4.874285221,125.8889923,127.7238617,23.25263023,57.07616425,Spring,1
5/17/2034,21.80442047,28.22856331,16.25181389,8.568696976,0.31090647,101.0258713,3.743710756,4.864731789,124.9338226,126.7977371,23.39220238,56.97463226,Spring,1
5/18/2034,21.9342804,28.35615158,16.37934685,8.623085976,0.307785749,101.0303955,3.73810935,4.854854584,123.9599228,125.8502426,23.53346825,56.87056351,Spring,1
5/19/2034,22.06577682,28.48612785,16.50808144,8.678242683,0.304049253,101.0347595,3.732279062,4.844689846,122.9669418,124.8808136,23.67650032,56.76368332,Spring,1
5/20/2034,22.19892502,28.61856842,16.63801575,8.734137535,0.299685717,101.0389557,3.726248026,4.834270477,121.9547272,123.8891678,23.82135773,56.6537323,Spring,1
5/21/2034,22.33375359,28.75352669,16.76913643,8.79073143,0.294689178,101.0429764,3.720044613,4.823631287,120.9234848,122.8753967,23.96808815,56.54043961,Spring,1
5/22/2034,22.47026062,28.8910408,16.90142441,8.847980499,0.289058775,101.0468063,3.713698149,4.812809944,119.8737564,121.8399277,24.11672401,56.42358398,Spring,1
5/23/2034,22.60844803,29.03113174,17.03485489,8.905833244,0.282799244,101.0504456,3.707236528,4.801840782,118.8063431,120.7835312,24.26728821,56.30292892,Spring,1
5/24/2034,22.74828529,29.17379761,17.16938972,8.964231491,0.27592051,101.0538864,3.700687647,4.79076004,117.7224121,119.7073059,24.41978073,56.17826843,Spring,1
5/25/2034,22.88975143,29.31901932,17.30498314,9.023115158,0.268437654,101.0571365,3.694079161,4.779601097,116.6234055,118.6127853,24.57419395,56.04942703,Spring,1
5/26/2034,23.03279114,29.46675301,17.44157982,9.082410812,0.26037091,101.0601807,3.687437534,4.768399239,115.5111237,117.5017166,24.73049927,55.91622925,Spring,1
5/27/2034,23.17735291,29.61694145,17.57911873,9.142047882,0.251745433,101.0630417,3.680787325,4.757185936,114.3876343,116.3763123,24.88865662,55.77853775,Spring,1
5/28/2034,23.32336426,29.76950073,17.7175293,9.201946259,0.242590889,101.0656967,3.674153328,4.745992661,113.2553253,115.2390289,25.04860115,55.63624573,Spring,1
5/29/2034,23.47073746,29.92433357,17.85672379,9.262022018,0.232941523,101.0681686,3.667556524,4.734848976,112.1168365,114.0926285,25.2102623,55.48926544,Spring,1
5/30/2034,23.61937523,30.08131409,17.99662209,9.322189331,0.222835496,101.0704575,3.661017179,4.723781109,110.9751053,112.9401779,25.37354851,55.33753967,Spring,1
5/31/2034,23.76916695,30.24030495,18.13711929,9.382360458,0.212314814,101.0725632,3.65455389,4.712814808,109.8332672,111.7849808,25.53835106,55.18104935,Spring,1
6/1/2034,23.91999435,30.40114594,18.27811241,9.44244194,0.201424778,101.0744858,3.648182392,4.701971054,108.6946487,110.6306,25.70454407,55.01979446,Summer,2
6/2/2034,24.07172012,30.56366348,18.419487,9.502342224,0.190213412,101.0762482,3.641916037,4.691270828,107.5628357,109.480751,25.87199593,54.8538208,Summer,2
6/3/2034,24.2241993,30.72766876,18.56112289,9.561965942,0.178731605,101.0778503,3.635765791,4.680728912,106.4414825,108.3393555,26.04055595,54.68320465,Summer,2
6/4/2034,24.37727928,30.89294815,18.70289421,9.621222496,0.167031839,101.0792923,3.629740953,4.670360565,105.3344193,107.2104645,26.2100563,54.50804901,Summer,2
6/5/2034,24.53079796,31.05928612,18.84466934,9.680019379,0.155168489,101.0805893,3.623847008,4.660174847,104.2455368,106.0982056,26.3803215,54.32849121,Summer,2
6/6/2034,24.68458366,31.22644806,18.98631096,9.73826313,0.143196613,101.0817413,3.61808753,4.650179863,103.1788101,105.006752,26.55116653,54.14471054,Summer,2
6/7/2034,24.83845901,31.39419365,19.1276741,9.795869827,0.131172106,101.0827637,3.612463713,4.640379429,102.1381607,103.9403534,26.72239876,53.95691681,Summer,2
6/8/2034,24.99224091,31.56227303,19.26861954,9.852751732,0.11915075,101.0836563,3.606973171,4.630774975,101.1275406,102.9031677,26.89380646,53.76534271,Summer,2
6/9/2034,25.1457386,31.73042297,19.40899849,9.908830643,0.107187897,101.0844269,3.601612091,4.62136364,100.1508331,101.8993149,27.06518555,53.57026672,Summer,2
6/10/2034,25.298769,31.898386,19.548666,9.964030266,0.095338009,101.085083,3.596373796,4.612140179,99.21179962,100.9328232,27.23631096,53.37198639,Summer,2
6/11/2034,25.45112801,32.06589508,19.68746948,10.01828289,0.083654039,101.0856247,3.591249704,4.603096962,98.31409454,100.0075455,27.40697098,53.17082596,Summer,2
6/12/2034,25.60263443,32.23268509,19.82526398,10.07152367,0.072187103,101.0860672,3.586227894,4.594221592,97.46118164,99.12718201,27.57693863,52.96715546,Summer,2
6/13/2034,25.753088,32.39848328,19.96190071,10.12369728,0.060986217,101.0864105,3.581295967,4.585501671,96.65627289,98.29519653,27.74598885,52.76135254,Summer,2
6/14/2034,25.90230179,32.56303406,20.09724045,10.1747551,0.050097339,101.0866547,3.576438189,4.576920033,95.90239716,97.51477814,27.91389847,52.55382538,Summer,2
6/15/2034,26.05008507,32.7260704,20.23114204,10.22465706,0.039563723,101.0868073,3.571638107,4.568458557,95.20228577,96.78884125,28.08045006,52.34500504,Summer,2
6/16/2034,26.19625664,32.88734818,20.36346817,10.27337074,0.029424855,101.0868759,3.566877365,4.560097218,94.55831909,96.11993408,28.24542427,52.13534164,Summer,2
6/17/2034,26.34064102,33.04661942,20.49409103,10.32087326,0.019716686,101.0868454,3.562137604,4.551813126,93.97259521,95.51035309,28.40860939,51.92528915,Summer,2
6/18/2034,26.48306656,33.20365143,20.62288475,10.36715126,0.010471427,101.086731,3.557397842,4.54358387,93.44683075,94.9618988,28.56979752,51.71533966,Summer,2
6/19/2034,26.62337303,33.35821533,20.74973679,10.41220093,0.001716817,101.0865326,3.552637815,4.535382748,92.98233795,94.47599792,28.72879219,51.50598145,Summer,2
6/20/2034,26.76140594,33.51010513,20.87453461,10.45602703,-0.006523606,101.0862503,3.547836065,4.527185917,92.58004761,94.05369568,28.88540649,51.29771042,Summer,2
6/21/2034,26.89702034,33.65912247,20.99717712,10.49864388,-0.014230968,101.0858765,3.542970896,4.518967628,92.24047852,93.69559479,29.03946304,51.09103394,Summer,2
6/22/2034,27.03008842,33.80508804,21.1175766,10.54007721,-0.021390529,101.0854187,3.53802228,4.510700703,91.96372986,93.40179443,29.19079399,50.88646698,Summer,2
6/23/2034,27.16048431,33.94783401,21.23564911,10.58035851,-0.027992278,101.0848694,3.532968283,4.502360344,91.74941254,93.17202759,29.33924103,50.68450928,Summer,2
6/24/2034,27.28809738,34.08721161,21.35132408,10.61953068,-0.034030896,101.0842361,3.527789354,4.493920803,91.59676361,93.00547791,29.48466492,50.48568726,Summer,2
6/25/2034,27.41283226,34.22308731,21.46453857,10.65764713,-0.039505262,101.0835037,3.522466421,4.485357761,91.50456238,92.90094757,29.62693787,50.29048157,Summer,2
6/26/2034,27.53460693,34.35535049,21.57524681,10.69476604,-0.044418644,101.0826874,3.516982555,4.476648331,91.47120667,92.85676575,29.76594353,50.09940338,Summer,2
6/27/2034,27.6533432,34.48389816,21.68340492,10.73095512,-0.048778381,101.0817795,3.511320591,4.46777153,91.49456787,92.87083435,29.9015789,49.91292953,Summer,2
6/28/2034,27.76898766,34.60865784,21.7889843,10.76628876,-0.052595884,101.0807724,3.5054667,4.458707809,91.57221222,92.94062805,30.03376389,49.73153687,Summer,2
6/29/2034,27.88148689,34.72956848,21.89196396,10.80084801,-0.055886045,101.0796738,3.499408722,4.449439049,91.70130157,93.06327057,30.16242218,49.55568695,Summer,2
6/30/2034,27.99081802,34.84658432,21.99233818,10.83472061,-0.058667213,101.078476,3.493135691,4.43995142,91.87861633,93.23540497,30.28749657,49.38581848,Summer,2
7/1/2034,28.09694481,34.95967484,22.09010887,10.86799717,-0.060960811,101.077179,3.48664093,4.430231571,92.1006012,93.45345306,30.40894318,49.22234344,Summer,2
7/2/2034,28.19986725,35.06883621,22.18528748,10.900774,-0.062790848,101.0757828,3.47991848,4.420271873,92.36342621,93.71346283,30.52673531,49.06567383,Summer,2
7/3/2034,28.29958153,35.17406845,22.27789116,10.93315029,-0.064183623,101.074295,3.472965956,4.410064697,92.6629715,94.0111618,30.64084816,48.91617966,Summer,2
7/4/2034,28.39609337,35.27539063,22.36795235,10.96522713,-0.065167464,101.0727081,3.465783358,4.399607658,92.99486542,94.34213257,30.75128555,48.7742157,Summer,2
7/5/2034,28.48943329,35.37282944,22.45550728,10.99710846,-0.065771863,101.071022,3.458374739,4.388903618,93.35456085,94.70170593,30.85804558,48.64011383,Summer,2
7/6/2034,28.57962227,35.46643066,22.54060173,11.02889347,-0.066027522,101.069252,3.450745344,4.377953529,93.73735809,95.08503723,30.96114731,48.51416779,Summer,2
7/7/2034,28.66669846,35.55624771,22.62328148,11.06068707,-0.065965518,101.0673828,3.442904711,4.36676836,94.13844299,95.48719788,31.06061935,48.39665222,Summer,2
7/8/2034,28.75070763,35.64233398,22.70360565,11.09258842,-0.065617166,101.0654373,3.434864521,4.355358124,94.55291748,95.90318298,31.15648651,48.28781891,Summer,2
7/9/2034,28.83169365,35.72476578,22.78163147,11.12469196,-0.065013297,101.0634003,3.426639557,4.343738556,94.97586823,96.32800293,31.24879646,48.18787384,Summer,2
7/10/2034,28.90970421,35.80361557,22.85742188,11.157094,-0.064183965,101.0612946,3.418248177,4.331927299,95.40242004,96.75663757,31.33759117,48.09701538,Summer,2
7/11/2034,28.98480415,35.87894821,22.93104553,11.18988228,-0.063157767,101.0591125,3.409710646,4.31994915,95.82774353,97.18417358,31.42292213,48.01539612,Summer,2
7/12/2034,29.05703926,35.95084381,23.00256348,11.22313786,-0.061961915,101.0568695,3.401050568,4.307828426,96.24714661,97.60583496,31.50483513,47.94314575,Summer,2
7/13/2034,29.12647057,36.01939011,23.07204819,11.25693512,-0.060621317,101.0545731,3.392293215,4.295594215,96.65606689,98.01698303,31.5833931,47.88037109,Summer,2
7/14/2034,29.19315338,36.08464813,23.13955879,11.29134369,-0.059158515,101.0522308,3.383466721,4.283280373,97.05021667,98.41322327,31.65863609,47.82715607,Summer,2
7/15/2034,29.25714111,36.146698,23.20516396,11.32642174,-0.057593036,101.0498505,3.374601841,4.2709198,97.42546844,98.79042053,31.73062325,47.78353119,Summer,2
7/16/2034,29.31848145,36.20560074,23.26891518,11.36222076,-0.055941552,101.0474396,3.36572957,4.258551598,97.7780304,99.14472961,31.79940224,47.74953079,Summer,2
7/17/2034,29.37721825,36.26141357,23.33087921,11.39877892,-0.054217145,101.0450134,3.356884003,4.24621582,98.10443878,99.47261047,31.86501312,47.72515869,Summer,2
7/18/2034,29.43339157,36.31418991,23.39109421,11.43612671,-0.052429277,101.0425797,3.348099947,4.23395443,98.40157318,99.77097321,31.92749405,47.710392,Summer,2
7/19/2034,29.48703384,36.36397171,23.44961357,11.47428322,-0.050583635,101.0401535,3.33941412,4.221811295,98.66670227,100.0370483,31.98687744,47.70517731,Summer,2
7/20/2034,29.53816986,36.41078186,23.50646973,11.51325607,-0.048681833,101.0377426,3.330862522,4.209831238,98.89753723,100.2685471,32.04318619,47.70946503,Summer,2
7/21/2034,29.58681488,36.45464325,23.56169128,11.55304146,-0.046721417,101.0353622,3.322483063,4.198061943,99.09222412,100.4636536,32.09643173,47.72317123,Summer,2
7/22/2034,29.63297462,36.49555969,23.61529922,11.59362316,-0.044696074,101.0330276,3.314312935,4.186549187,99.2493515,100.6209946,32.14661789,47.7461853,Summer,2
7/23/2034,29.67664719,36.53352356,23.66730309,11.63497353,-0.042594861,101.0307465,3.306389093,4.175340652,99.36801147,100.7396469,32.19374466,47.77841187,Summer,2
7/24/2034,29.71781921,36.56850815,23.71770477,11.6770525,-0.040403102,101.0285263,3.298748732,4.164482594,99.44778442,100.8192825,32.23778534,47.81971741,Summer,2
7/25/2034,29.75646782,36.60047531,23.76650047,11.71980953,-0.038102224,101.0263977,3.291427374,4.154022694,99.48873901,100.8600235,32.27871323,47.8699646,Summer,2
7/26/2034,29.79255295,36.62938309,23.81365967,11.76318264,-0.035669446,101.0243607,3.284459352,4.144005775,99.49146271,100.8625183,32.31649399,47.92902374,Summer,2
7/27/2034,29.82603645,36.65514755,23.85916138,11.80709839,-0.033078797,101.0224228,3.277878761,4.134474754,99.45701599,100.8279037,32.35106659,47.99673462,Summer,2
7/28/2034,29.85685349,36.67770004,23.90296173,11.8514719,-0.030300552,101.020607,3.271716118,4.125474453,99.38696289,100.7578049,32.38236618,48.0729332,Summer,2
7/29/2034,29.88493919,36.69693756,23.94500732,11.89620686,-0.027302187,101.0189209,3.266000509,4.117043018,99.28330994,100.6543427,32.41032791,48.1574707,Summer,2
7/30/2034,29.91022301,36.71275711,23.98524094,11.94120216,-0.024048094,101.0173721,3.260759354,4.109219074,99.14859009,100.5200958,32.43484879,48.25018311,Summer,2
7/31/2034,29.93261147,36.72504425,24.02358627,11.98634434,-0.020500621,101.015976,3.256016731,4.102036953,98.98570251,100.3580627,32.45584488,48.35089874,Summer,2
8/1/2034,29.95200539,36.73365402,24.05995941,12.03151226,-0.016619841,101.01474,3.251793146,4.095528603,98.79800415,100.1717148,32.47319794,48.45946503,Summer,2
8/2/2034,29.96831131,36.73845291,24.09427452,12.07658005,-0.012364428,101.0136642,3.248107672,4.089722157,98.58921051,99.96479797,32.48679733,48.57571793,Summer,2
8/3/2034,29.98140907,36.73928833,24.12643051,12.12140942,-0.007691814,101.0127716,3.244974375,4.084641457,98.36340332,99.74147034,32.49651718,48.69949341,Summer,2
8/4/2034,29.99118614,36.73600006,24.15632057,12.16586685,-0.002558963,101.0120621,3.242404699,4.080307961,98.12492371,99.50619507,32.50221634,48.83065414,Summer,2
8/5/2034,29.99751663,36.72843552,24.18383026,12.20980549,0.003077441,101.0115433,3.240406275,4.07673645,97.87844849,99.2636795,32.50376892,48.9690361,Summer,2
8/6/2034,30.00027657,36.71641922,24.20884323,12.25308037,0.009260215,101.0112152,3.238983631,4.073939323,97.6288147,99.01882172,32.50102997,49.11449432,Summer,2
8/7/2034,29.99933624,36.69978714,24.23122978,12.29554462,0.016031306,101.0110855,3.238135815,4.071923256,97.38111115,98.77675629,32.49385452,49.26689529,Summer,2
8/8/2034,29.99457359,36.67837143,24.25086594,12.33704853,0.023431264,101.0111618,3.237859488,4.070691109,97.14051056,98.5426712,32.48209381,49.42610931,Summer,2
8/9/2034,29.9858532,36.65201569,24.26762009,12.37744331,0.031498645,101.0114365,3.238146782,4.070240974,96.9122467,98.32187653,32.4656105,49.59199524,Summer,2
8/10/2034,29.97304726,36.62054825,24.28136253,12.41658211,0.04026961,101.0119095,3.238986492,4.070565224,96.70166016,98.11966705,32.44426346,49.76444244,Summer,2
8/11/2034,29.95603943,36.58383179,24.29195976,12.45432091,0.049777403,101.0125961,3.240362883,4.071651936,96.5140152,97.94134521,32.4179039,49.94332886,Summer,2
8/12/2034,29.93471336,36.54171371,24.29928589,12.49051857,0.060051717,101.0134811,3.24225688,4.073484898,96.35453033,97.79210663,32.38640594,50.12854004,Summer,2
8/13/2034,29.90895081,36.49406052,24.3032074,12.52504158,0.071118645,101.0145645,3.244645834,4.076043606,96.22834015,97.67700958,32.34964371,50.31998444,Summer,2
8/14/2034,29.87865639,36.44075775,24.30360222,12.55775547,0.082999736,101.0158463,3.247503757,4.079301357,96.14033508,97.6009903,32.30750656,50.51752472,Summer,2
8/15/2034,29.84373474,36.38170242,24.30036354,12.58853722,0.095711961,101.0173187,3.250800848,4.083230019,96.09527588,97.56866455,32.25987625,50.72108841,Summer,2
8/16/2034,29.80410576,36.31680298,24.29336929,12.61727619,0.109267391,101.0189819,3.254505157,4.08779335,96.0976181,97.58448792,32.20667648,50.93055344,Summer,2
8/17/2034,29.75969887,36.2460022,24.2825222,12.64385796,0.123672612,101.0208282,3.258580446,4.092955589,96.15156555,97.65249634,32.14781952,51.14582443,Summer,2
8/18/2034,29.71046066,36.16924667,24.26772308,12.66818905,0.138928711,101.02285,3.262989521,4.098675728,96.26091766,97.77648163,32.08325195,51.3667984,Summer,2
8/19/2034,29.65635681,36.08650589,24.24889565,12.69017887,0.155030981,101.0250397,3.267692566,4.104907036,96.42915344,97.9597702,32.01292419,51.59336853,Summer,2
8/20/2034,29.59735107,35.99779129,24.22596359,12.70974922,0.171968669,101.0273895,3.272646189,4.111603737,96.65932465,98.20529938,31.9368,51.82541656,Summer,2
8/21/2034,29.53344727,35.90311432,24.1988678,12.72683144,0.189725041,101.0298996,3.277807236,4.118715286,96.95404053,98.51556396,31.8548851,52.06282806,Summer,2
8/22/2034,29.46465302,35.8025322,24.16756058,12.74137211,0.208277151,101.0325546,3.283130884,4.126189709,97.31546783,98.89257813,31.76718521,52.30548477,Summer,2
8/23/2034,29.39099693,35.69610977,24.13201141,12.7533226,0.227595896,101.0353546,3.288570642,4.133973122,97.74526978,99.337883,31.67373276,52.55324554,Summer,2
8/24/2034,29.3125248,35.58395004,24.09219933,12.7626524,0.247646183,101.0382767,3.294079542,4.142009258,98.24464417,99.85249329,31.57458687,52.80597687,Summer,2
8/25/2034,29.22930527,35.46618271,24.0481205,12.7693367,0.268386811,101.0413208,3.29961133,4.150242329,98.81426239,100.4369583,31.46981812,53.06351471,Summer,2
8/26/2034,29.14142799,35.34295654,23.99978447,12.77336693,0.289770901,101.044487,3.305118799,4.158616066,99.45425415,101.091301,31.35952759,53.32568741,Summer,2
8/27/2034,29.04898834,35.21445084,23.94722366,12.77474403,0.311745673,101.0477524,3.310555696,4.167072773,100.1642761,101.8149719,31.24383545,53.5923233,Summer,2
8/28/2034,28.95211601,35.08086777,23.89047623,12.7734766,0.334253341,101.0511093,3.315876961,4.175556183,100.9434738,102.606987,31.12288094,53.86321259,Summer,2
8/29/2034,28.85095024,34.94244385,23.82959938,12.76959229,0.357230902,101.0545654,3.321037531,4.184011459,101.7905045,103.4658508,30.99682617,54.13814545,Summer,2
8/30/2034,28.74565506,34.7994194,23.76466942,12.7631197,0.380610675,101.0580978,3.325995445,4.192382813,102.7034988,104.3895721,30.86585808,54.41688919,Summer,2
8/31/2034,28.63639641,34.65207291,23.69577026,12.75410271,0.404320776,101.0617065,3.330709457,4.200618744,103.6801376,105.3757095,30.73017883,54.69918823,Summer,2
9/1/2034,28.52337456,34.5007019,23.6230011,12.74259186,0.42828542,101.0653839,3.33514142,4.208669186,104.7176743,106.4214325,30.59000397,54.98476791,Autumn,3
9/2/2034,28.40679169,34.3456192,23.54648399,12.72864628,0.45242551,101.0691223,3.339255571,4.21648407,105.8129349,107.5234222,30.44557571,55.27334213,Autumn,3
9/3/2034,28.28686714,34.18714905,23.46634102,12.71233082,0.476659209,101.0729218,3.343018532,4.224020004,106.96241,108.6780701,30.29715347,55.56459808,Autumn,3
9/4/2034,28.16383362,34.0256424,23.38271523,12.69371986,0.500902355,101.076767,3.346400261,4.231234074,108.1621704,109.8813934,30.14499855,55.85820389,Autumn,3
9/5/2034,28.03793144,33.86145782,23.29575539,12.67289162,0.525069118,101.080658,3.349373817,4.238088131,109.4080276,111.1291733,29.98939705,56.15380478,Autumn,3
9/6/2034,27.90941429,33.6949501,23.20562363,12.64993095,0.549072266,101.0845871,3.351916313,4.244547844,110.6955185,112.4168777,29.83063507,56.45103836,Autumn,3
9/7/2034,27.77853203,33.52650833,23.11248398,12.62492085,0.572824359,101.088562,3.354008436,4.250581741,112.0199738,113.7398071,29.66902161,56.74950409,Autumn,3
9/8/2034,27.64555168,33.35649872,23.01651573,12.59795284,0.596238017,101.0925674,3.355634689,4.256164551,113.3765182,115.0931168,29.50485992,57.04880142,Autumn,3
9/9/2034,27.51074028,33.18530273,22.91789818,12.56911659,0.619226396,101.096611,3.356782436,4.261274338,114.7602158,116.4718704,29.33846283,57.34850311,Autumn,3
9/10/2034,27.37435532,33.01330566,22.81681252,12.53850269,0.641704023,101.1006775,3.357445478,4.265893459,116.1659927,117.8710403,29.17013931,57.64815521,Autumn,3
9/11/2034,27.23666763,32.84087372,22.71345139,12.5062027,0.663587093,101.1047745,3.357619524,4.270009995,117.5888062,119.2856369,29.00021172,57.94731903,Autumn,3
9/12/2034,27.09793282,32.66837692,22.60799789,12.47230244,0.684794664,101.108902,3.357305288,4.273617744,119.0235825,120.7106705,28.82898521,58.24551392,Autumn,3
9/13/2034,26.95841026,32.49617386,22.50064659,12.43689156,0.705248475,101.1130524,3.356508255,4.276712418,120.465416,122.1413345,28.65676689,58.54225922,Autumn,3
9/14/2034,26.81834793,32.32460785,22.39157295,12.40005112,0.72487402,101.1172256,3.355236769,4.279296875,121.9094315,123.5729065,28.48385811,58.83706665,Autumn,3
9/15/2034,26.67798424,32.15400696,22.28096581,12.36185837,0.743600845,101.1214294,3.353504419,4.281379223,123.3510132,125.0008469,28.31054688,59.12944031,Autumn,3
9/16/2034,26.53754425,31.98467827,22.16899872,12.32238865,0.76136291,101.1256485,3.351327419,4.282970905,124.7857056,126.4208832,28.13711548,59.41886902,Autumn,3
9/17/2034,26.39724541,31.81691551,22.05583572,12.28170681,0.778099298,101.1298904,3.348727226,4.284089088,126.2093735,127.8290863,27.96382332,59.70486069,Autumn,3
9/18/2034,26.25728226,31.65098572,21.94164467,12.23987293,0.793754458,101.1341553,3.345727682,4.28475523,127.6181641,129.2217255,27.79092407,59.98690414,Autumn,3
9/19/2034,26.11784172,31.48712921,21.82657051,12.19694233,0.808278501,101.138443,3.342357159,4.284994602,129.0085602,130.5955353,27.61864281,60.26448822,Autumn,3
9/20/2034,25.97908592,31.32556152,21.71075058,12.15295792,0.821627855,101.142746,3.338645935,4.284836769,130.3774414,131.9475861,27.44719887,60.53713608,Autumn,3
9/21/2034,25.84115601,31.16646767,21.59431648,12.10795689,0.83376497,101.1470642,3.334627867,4.284317017,131.7221222,133.2754059,27.27677727,60.80434418,Autumn,3
9/22/2034,25.70418167,31.01000023,21.47737885,12.0619688,0.844658971,101.1513977,3.330340385,4.283470154,133.040329,134.5769501,27.10755157,61.0656395,Autumn,3
9/23/2034,25.5682621,30.856287,21.36003494,12.01501369,0.854285777,101.1557465,3.325822115,4.282339096,134.330246,135.8506012,26.93965912,61.32056808,Autumn,3
9/24/2034,25.43347931,30.70541382,21.2423687,11.9671011,0.862627804,101.1601028,3.321114302,4.280966759,135.5905151,137.0953064,26.7732296,61.56867599,Autumn,3
9/25/2034,25.29988861,30.55744553,21.12445068,11.91823387,0.869674623,101.1644669,3.316260338,4.279398918,136.820343,138.3103943,26.60835457,61.80953979,Autumn,3
9/26/2034,25.16752052,30.4124012,21.00632858,11.8684063,0.875422359,101.1688309,3.311304569,4.277685165,138.0193481,139.4958038,26.44510078,62.0427475,Autumn,3
9/27/2034,25.03638458,30.2702713,20.88803673,11.81760311,0.879874349,101.1731949,3.306292534,4.275875092,139.1876984,140.6518707,26.28351402,62.26792908,Autumn,3
9/28/2034,24.90647125,30.13101578,20.76959229,11.76579952,0.883040071,101.1775513,3.3012712,4.274021149,140.3260498,141.7794495,26.12360954,62.48473358,Autumn,3
9/29/2034,24.77773666,29.99455643,20.65099525,11.71296787,0.884935737,101.1818924,3.296287775,4.272176743,141.4355316,142.8798981,25.96537781,62.69284058,Autumn,3
9/30/2034,24.65011787,29.86078644,20.53222847,11.65906715,0.885584176,101.1862106,3.291388988,4.270395279,142.517746,143.9549713,25.80878639,62.8919487,Autumn,3
10/1/2034,24.5235405,29.72956276,20.4132576,11.6040554,0.885013759,101.1904984,3.286622763,4.268731117,143.5747681,145.0069427,25.65376854,63.08181381,Autumn,3
10/2/2034,24.39788628,29.60072136,20.29403305,11.54788017,0.883258879,101.1947479,3.282035112,4.267238617,144.6090698,146.0384064,25.50024414,63.26221848,Autumn,3
10/3/2034,24.27304077,29.47406006,20.17448997,11.49048805,0.880359352,101.1989594,3.277671814,4.265971184,145.6235657,147.0524292,25.34810448,63.43297195,Autumn,3
10/4/2034,24.14885139,29.34935951,20.05454445,11.43181705,0.87635988,101.2031097,3.27357769,4.26498127,146.6215363,148.0523682,25.19721603,63.59393692,Autumn,3
10/5/2034,24.02515793,29.22636604,19.93410683,11.37180519,0.871309817,101.2071991,3.269795895,4.264321327,147.6065826,149.0419006,25.04743385,63.74501801,Autumn,3
10/6/2034,23.90177917,29.10481644,19.81306648,11.31038761,0.865263045,101.2112198,3.266368628,4.26404047,148.5825806,150.0250092,24.89857864,63.8861351,Autumn,3
10/7/2034,23.7785244,28.98441696,19.69130516,11.24749756,0.858276546,101.2151489,3.263334274,4.264186859,149.5537415,151.0058594,24.75047302,64.01728821,Autumn,3
10/8/2034,23.65518188,28.86486435,19.56869698,11.18306732,0.850411117,101.2189865,3.26073122,4.264807224,150.5243835,151.9888306,24.602911,64.13850403,Autumn,3
10/9/2034,23.53153992,28.74584198,19.44510269,11.11703205,0.841730118,101.2227249,3.258593798,4.265943527,151.499054,152.9784088,24.45567894,64.24982452,Autumn,3
10/10/2034,23.40737152,28.62701607,19.32037735,11.04932785,0.832298934,101.2263412,3.25695467,4.267637253,152.4824066,153.979187,24.30854988,64.35137939,Autumn,3
10/11/2034,23.28244781,28.50805473,19.19436836,10.97989178,0.82218492,101.2298279,3.255842447,4.269925117,153.4790955,154.9957428,24.16129494,64.4433136,Autumn,3
10/12/2034,23.15653229,28.38861465,19.06692886,10.90866756,0.811456501,101.2331848,3.255283833,4.272841454,154.4938507,156.0326996,24.01367188,64.52581024,Autumn,3
10/13/2034,23.02938652,28.26835251,18.93789864,10.83560276,0.800182998,101.2363892,3.255302191,4.276415825,155.5313263,157.0945435,23.86544228,64.59910583,Autumn,3
10/14/2034,22.90078163,28.1469326,18.80712318,10.76065254,0.788433731,101.2394409,3.255917311,4.280676842,156.5960846,158.1856842,23.71635628,64.66348267,Autumn,3
10/15/2034,22.77048111,28.02402115,18.67444611,10.6837759,0.776277661,101.2423325,3.257145882,4.285645008,157.6925201,159.310318,23.566185,64.71923065,Autumn,3
10/16/2034,22.6382637,27.89928818,18.53972054,10.60494423,0.763783455,101.2450485,3.259001493,4.291340828,158.8248901,160.4724579,23.4146843,64.76670837,Autumn,3
10/17/2034,22.50390625,27.77242279,18.40280151,10.52413368,0.751018107,101.2475815,3.261493444,4.29777956,159.9971161,161.6757965,23.2616272,64.80628967,Autumn,3
10/18/2034,22.36720657,27.64313126,18.2635498,10.44133186,0.738046885,101.2499313,3.264628172,4.304970741,161.2128906,162.9237671,23.10679436,64.83837891,Autumn,3
10/19/2034,22.22797394,27.51112938,18.12183571,10.35653877,0.724933267,101.2520981,3.268409252,4.312922478,162.4755402,164.2193909,22.94998169,64.86341858,Autumn,3
10/20/2034,22.08601952,27.37615776,17.97754669,10.26976013,0.711738408,101.2540741,3.272835255,4.321637154,163.7880249,165.5653381,22.79099464,64.88188171,Autumn,3
10/21/2034,21.94119072,27.23797798,17.83057213,10.18101883,0.698520422,101.2558517,3.277903557,4.331112862,165.1528778,166.9638367,22.62965584,64.89424133,Autumn,3
10/22/2034,21.79333878,27.09638405,17.68082237,10.09034538,0.685334504,101.2574387,3.283606529,4.341344833,166.5721893,168.4166412,22.46580887,64.90102386,Autumn,3
10/23/2034,21.64234161,26.95119095,17.52822304,9.997784615,0.672232509,101.2588348,3.289934397,4.352323532,168.0475769,169.9250336,22.2993145,64.90275574,Autumn,3
10/24/2034,21.48809814,26.80224609,17.37271309,9.903393745,0.659262717,101.2600403,3.296873569,4.364035606,169.5801392,171.4897919,22.13005638,64.89997101,Autumn,3
10/25/2034,21.33053398,26.64942551,17.21425056,9.807242393,0.646469891,101.2610626,3.304409027,4.376465797,171.1704865,173.1111755,21.95794487,64.89323425,Autumn,3
10/26/2034,21.16959,26.49264145,17.05281639,9.709410667,0.633894563,101.2619171,3.312521458,4.389592648,172.818634,174.7888489,21.78290939,64.88310242,Autumn,3
10/27/2034,21.00523949,26.33183861,16.88840485,9.609994888,0.621573687,101.2625961,3.32118988,4.403393745,174.5241089,176.5220642,21.60490799,64.87014771,Autumn,3
10/28/2034,20.83748627,26.16699409,16.72103119,9.50909996,0.609539688,101.2631302,3.330391169,4.417841434,176.2858429,178.3093719,21.4239254,64.85494995,Autumn,3
10/29/2034,20.66634941,25.99812317,16.55073929,9.406843185,0.597821474,101.2635193,3.340099335,4.432907104,178.1022491,180.1489258,21.23997307,64.83805847,Autumn,3
10/30/2034,20.49188232,25.82527351,16.37758446,9.303355217,0.586443782,101.2637863,3.350286961,4.448558807,179.9711609,182.0382538,21.05309105,64.8200531,Autumn,3
10/31/2034,20.31416321,25.64853477,16.20165062,9.198775291,0.575426996,101.2639389,3.360924721,4.464761734,181.8898773,183.974411,20.86334229,64.80148315,Autumn,3
11/1/2034,20.13330078,25.46801758,16.02303886,9.093252182,0.564788043,101.2640076,3.371981859,4.481479168,183.8552551,185.9539337,20.67082405,64.78289795,Autumn,3
11/2/2034,19.94942093,25.28388023,15.84187222,8.986945152,0.554539979,101.2640076,3.383425713,4.498673439,185.8635406,187.9729309,20.4756546,64.76481628,Autumn,3
11/3/2034,19.76268578,25.09630585,15.65829754,8.880022049,0.544692218,101.2639618,3.395223618,4.516303062,187.9105835,190.0270233,20.2779808,64.74775696,Autumn,3
11/4/2034,19.57327271,24.90551376,15.47247696,8.772656441,0.535250723,101.2638931,3.407341242,4.53432703,189.9917603,192.1114349,20.0779705,64.73222351,Autumn,3
11/5/2034,19.38138962,24.71174812,15.28459454,8.665029526,0.526218295,101.2638245,3.419743776,4.552703381,192.102066,194.220993,19.87582779,64.71867371,Autumn,3
11/6/2034,19.18726921,24.51528931,15.09485626,8.557327271,0.517594934,101.2637939,3.432395697,4.571386814,194.236084,196.350235,19.6717701,64.70756531,Autumn,3
11/7/2034,18.99115753,24.31643105,14.90347767,8.449741364,0.50937748,101.2638168,3.445261955,4.590334892,196.3881073,198.4933929,19.46603203,64.69930267,Autumn,3
11/8/2034,18.79332161,24.11550522,14.71069908,8.342460632,0.501560748,101.2639313,3.458306551,4.609500885,198.5521393,200.6444397,19.25887489,64.69429016,Autumn,3
11/9/2034,18.59404945,23.91285324,14.51676655,8.235683441,0.494137317,101.2641602,3.471494198,4.628842354,200.7219696,202.7971344,19.05058289,64.69287109,Autumn,3
11/10/2034,18.39364433,23.70884323,14.32194805,8.129602432,0.487097591,101.264534,3.484789371,4.648311615,202.8911438,204.9451447,18.84144592,64.69538879,Autumn,3
11/11/2034,18.19241714,23.50385475,14.1265192,8.024413109,0.480430663,101.2650833,3.498157263,4.667866707,205.0531311,207.0820313,18.63177299,64.70213318,Autumn,3
11/12/2034,17.99069786,23.29828072,13.93076324,7.920306206,0.474124223,101.2658386,3.511564255,4.687462807,207.2013092,209.2012634,18.42187881,64.71334839,Autumn,3
11/13/2034,17.78882217,23.09252548,13.73497677,7.817470551,0.468164891,101.2668304,3.524976492,4.707056046,209.3290405,211.2963562,18.21209717,64.72926331,Autumn,3
11/14/2034,17.5871315,22.88699913,13.53945541,7.716089249,0.46253866,101.2680893,3.538361549,4.726605415,211.429657,213.3609161,18.00275993,64.75006866,Autumn,3
11/15/2034,17.38597298,22.68211555,13.34450722,7.616341591,0.457231045,101.2696381,3.551687956,4.746068001,213.4966278,215.3886871,17.79420662,64.77590179,Autumn,3
11/16/2034,17.18569183,22.47828674,13.15043545,7.518397331,0.452227384,101.2715149,3.564924955,4.765404701,215.5235748,217.3734436,17.58677673,64.80688477,Autumn,3
11/17/2034,16.98664474,22.2759285,12.95754814,7.422419548,0.447512835,101.2737274,3.578042984,4.784575939,217.5042572,219.3093262,17.38080978,64.84309387,Autumn,3
11/18/2034,16.7891655,22.07544518,12.76614666,7.328561783,0.443073124,101.2763138,3.591014862,4.803544998,219.4326782,221.1906891,17.17664146,64.88456726,Autumn,3
11/19/2034,16.59359932,21.87723351,12.57653427,7.236967564,0.438894361,101.2792892,3.60381341,4.822276592,221.3031311,223.0121765,16.97460556,64.93128967,Autumn,3
11/20/2034,16.40027618,21.68167877,12.38900566,7.147769451,0.434963256,101.2826767,3.616413116,4.840735435,223.1102905,224.7688141,16.77502251,64.98325348,Autumn,3
11/21/2034,16.20952225,21.48915672,12.20384407,7.061087608,0.4312675,101.2864914,3.62879014,4.85888958,224.8491058,226.4560242,16.57820129,65.04037476,Autumn,3
11/22/2034,16.02164268,21.3000164,12.02132797,6.977030277,0.427795529,101.290741,3.640922308,4.876708508,226.5149994,228.0696259,16.3844471,65.10256195,Autumn,3
11/23/2034,15.83693504,21.11459923,11.8417263,6.895693302,0.424537092,101.2954559,3.652788162,4.894163132,228.1037903,229.6058807,16.19404221,65.16968536,Autumn,3
11/24/2034,15.6556797,20.933218,11.66528702,6.817157745,0.42148295,101.3006287,3.664368153,4.911227226,229.6118774,231.0615997,16.00725555,65.24157715,Autumn,3
11/25/2034,15.47813797,20.75616264,11.49224949,6.74148941,0.418625116,101.3062668,3.675643921,4.927875519,231.0360107,232.4340363,15.82433319,65.3180542,Autumn,3
11/26/2034,15.30455399,20.58369446,11.32283401,6.668743134,0.415956944,101.3123779,3.686599493,4.944083691,232.3735657,233.7210083,15.64550972,65.39889526,Autumn,3
11/27/2034,15.13514709,20.41605949,11.15724945,6.598957062,0.413472831,101.3189621,3.697218657,4.959832191,233.6224365,234.9208221,15.47099876,65.48387146,Autumn,3
11/28/2034,14.97012329,20.25346565,10.99567604,6.532154083,0.411168545,101.326004,3.70748806,4.975100517,234.7810516,236.0323792,15.30097961,65.57269287,Autumn,3
11/29/2034,14.80965424,20.09609222,10.83828259,6.468345642,0.409041017,101.3335037,3.717395067,4.989871979,235.8484192,237.0550842,15.13562012,65.6651001,Autumn,3
11/30/2034,14.65390015,19.9440918,10.68521404,6.407525063,0.40708828,101.3414459,3.726928711,5.004131317,236.8240662,237.9889069,14.9750576,65.76078796,Autumn,3
12/1/2034,14.50298691,19.79758644,10.53659439,6.349675655,0.405309319,101.3498077,3.736078262,5.017863274,237.7081604,238.8343506,14.81941223,65.85942078,Winter,0
12/2/2034,14.35701752,19.65666771,10.39252853,6.294764042,0.403704017,101.3585815,3.74483633,5.031056404,238.5012665,239.5924835,14.66877365,65.96068573,Winter,0
12/3/2034,14.21607971,19.52139282,10.25309753,6.242746353,0.402272999,101.3677444,3.753194571,5.043701172,239.2046356,240.2647552,14.5232029,66.06422424,Winter,0
12/4/2034,14.08022118,19.3917942,10.11835861,6.193562508,0.401017606,101.3772507,3.761146784,5.055788517,239.8199768,240.8532562,14.38274765,66.16969299,Winter,0
12/5/2034,13.94948006,19.26787376,9.988349915,6.147145271,0.399939567,101.3870926,3.768687963,5.06731081,240.3494873,241.3604431,14.24742126,66.27671814,Winter,0
12/6/2034,13.82385635,19.14960098,9.8630867,6.103413582,0.399040878,101.3972168,3.775814533,5.078262806,240.7958679,241.7891998,14.11721802,66.38493347,Winter,0
12/7/2034,13.70333862,19.03691864,9.742564201,6.062275887,0.398323476,101.407608,3.782522678,5.08864212,241.1622009,242.1428833,13.99210739,66.49398041,Winter,0
12/8/2034,13.58788681,18.92975044,9.626754761,6.023633957,0.397789538,101.4182053,3.788810492,5.098443985,241.4520111,242.4251251,13.8720417,66.60346985,Winter,0
12/9/2034,13.47744179,18.82798767,9.51561451,5.987379074,0.397440851,101.428978,3.794677496,5.107668877,241.6692047,242.6399841,13.75694656,66.71305084,Winter,0
12/10/2034,13.37191772,18.73150253,9.409074783,5.95339632,0.397278547,101.4398727,3.800122976,5.116316795,241.8179779,242.791687,13.64672661,66.82234192,Winter,0
12/11/2034,13.27121544,18.64014053,9.307053566,5.921563625,0.397303373,101.4508514,3.805147648,5.124389172,241.9028625,242.8848114,13.54127502,66.93097687,Winter,0
12/12/2034,13.1752243,18.55373955,9.209450722,5.891754627,0.397515237,101.4618683,3.809753656,5.131889343,241.9285736,242.9240265,13.44046593,67.03861237,Winter,0
12/13/2034,13.08380699,18.47210693,9.116148949,5.863840103,0.397912949,101.4728546,3.813943148,5.138821602,241.9000549,242.9142151,13.34416008,67.1448822,Winter,0
12/14/2034,12.99681664,18.39504814,9.027018547,5.837686539,0.398494542,101.4837799,3.81771946,5.145191193,241.822403,242.8603668,13.25220108,67.24946594,Winter,0
12/15/2034,12.9140892,18.32235146,8.941917419,5.813159943,0.399256438,101.4945831,3.821086407,5.151003838,241.7007904,242.7674866,13.16442394,67.35202026,Winter,0
12/16/2034,12.83545876,18.2537899,8.860691071,5.790124893,0.400193959,101.5052032,3.82404995,5.156269073,241.5404663,242.6406097,13.08065796,67.45222473,Winter,0
12/17/2034,12.76074219,18.18914223,8.783175468,5.768445969,0.401300848,101.5156021,3.82661438,5.160993576,241.3466797,242.484726,13.00072289,67.5497818,Winter,0
12/18/2034,12.68976212,18.12817001,8.709199905,5.747991562,0.402569532,101.5257263,3.828787088,5.165188313,241.124649,242.3047791,12.92443275,67.64439392,Winter,0
12/19/2034,12.62232018,18.07064247,8.638589859,5.728631973,0.403990626,101.5355072,3.830574989,5.16886425,240.8794708,242.1054993,12.85160065,67.73579407,Winter,0
12/20/2034,12.55822563,18.01632309,8.571159363,5.710239887,0.405553341,101.5449142,3.831985712,5.172032356,240.6161041,241.8915405,12.78203487,67.82372284,Winter,0
12/21/2034,12.49728584,17.96498299,8.506727219,5.692694664,0.407245278,101.553894,3.833028555,5.174705982,240.3393555,241.6672821,12.71555519,67.90792084,Winter,0
12/22/2034,12.43930817,17.91639328,8.445110321,5.675879478,0.409052342,101.5623856,3.833712816,5.176898479,240.0538483,241.4369354,12.65196991,67.98815918,Winter,0
12/23/2034,12.38410187,17.87033081,8.386120796,5.659684181,0.410959125,101.5703659,3.83404851,5.178625107,239.763916,241.204361,12.59110451,68.06425476,Winter,0
12/24/2034,12.33148575,17.82659912,8.329583168,5.644006729,0.412948608,101.577774,3.834046841,5.179900646,239.473587,240.9731445,12.53278542,68.1359787,Winter,0
12/25/2034,12.28127861,17.78498459,8.275314331,5.628751755,0.415002495,101.5845795,3.833719254,5.180741787,239.1865845,240.746521,12.47684956,68.20315552,Winter,0
12/26/2034,12.23331261,17.74531364,8.223146439,5.613832474,0.417101353,101.590744,3.833078384,5.181165695,238.9063416,240.5273743,12.42314434,68.26565552,Winter,0
12/27/2034,12.18742943,17.70741081,8.172916412,5.599170685,0.419224441,101.5962372,3.832136869,5.181190014,238.6358185,240.3182526,12.37152481,68.32330322,Winter,0
12/28/2034,12.14347267,17.6711216,8.12446785,5.58469677,0.42135039,101.6010361,3.830908775,5.180833817,238.3776855,240.1212463,12.32186317,68.37599182,Winter,0
12/29/2034,12.10131264,17.63631058,8.0776577,5.570351601,0.423456937,101.6051025,3.82940793,5.180115223,238.1341553,239.9381256,12.27404022,68.42359924,Winter,0
12/30/2034,12.06082344,17.60285759,8.032347679,5.556084156,0.425521314,101.6084213,3.827650309,5.179056644,237.9070129,239.7701416,12.22795868,68.46604156,Winter,0
12/31/2034,12.02189445,17.57066536,7.988417149,5.541853905,0.427520573,101.6109848,3.82565093,5.177676678,237.6977081,239.6182709,12.18353081,68.50323486,Winter,0
1/1/2035,11.98442841,17.53965378,7.945754528,5.52763176,0.429431498,101.6127701,3.82342577,5.175997257,237.5072021,239.4829559,12.14068317,68.53512573,Winter,0
1/2/2035,11.948349,17.509758,7.904265881,5.513392448,0.43123123,101.6137772,3.820991755,5.174040318,237.3360138,239.3643341,12.09936619,68.56166077,Winter,0
1/3/2035,11.91359138,17.48093987,7.863865376,5.499125957,0.43289724,101.6139984,3.818366528,5.171827316,237.1843109,239.2621155,12.0595417,68.58282471,Winter,0
1/4/2035,11.88010597,17.45318222,7.824489117,5.484829903,0.434407741,101.6134415,3.815567017,5.169381142,237.0517883,239.1756287,12.02118778,68.59857178,Winter,0
1/5/2035,11.84786224,17.42647934,7.786083698,5.470508575,0.435741812,101.612114,3.81261158,5.166724205,236.9378052,239.1038513,11.98429585,68.6089325,Winter,0
1/6/2035,11.81684017,17.4008522,7.74861002,5.456175327,0.436879635,101.6100235,3.809518099,5.163879871,236.8412933,239.0454102,11.94888115,68.61390686,Winter,0
1/7/2035,11.78704262,17.37633896,7.712042332,5.441853523,0.43780303,101.607193,3.806305408,5.160870552,236.7609253,238.998642,11.91496944,68.61352539,Winter,0
1/8/2035,11.75848007,17.35298538,7.676375866,5.427570343,0.438495308,101.6036377,3.802991629,5.157719612,236.6949158,238.9615936,11.88260174,68.6078186,Winter,0
1/9/2035,11.73118305,17.33087158,7.641609669,5.413363934,0.438941658,101.5993881,3.799595833,5.154450417,236.6412659,238.9320221,11.85183334,68.59683228,Winter,0
1/10/2035,11.70519447,17.31007385,7.607771397,5.399273396,0.439129591,101.5944748,3.796136141,5.151084423,236.597702,238.9075012,11.8227272,68.5806427,Winter,0
1/11/2035,11.68056679,17.29069519,7.574890137,5.385346889,0.439048588,101.5889206,3.792631626,5.147645473,236.561676,238.8853912,11.79536819,68.55930328,Winter,0
1/12/2035,11.65736961,17.27284622,7.543010235,5.371635914,0.438690811,101.5827713,3.789099693,5.144154549,236.530426,238.8628845,11.76984596,68.53291321,Winter,0
1/13/2035,11.63567734,17.2566433,7.512190342,5.358195305,0.438050956,101.5760727,3.785558939,5.140633583,236.5010223,238.8370667,11.74625969,68.5015564,Winter,0
1/14/2035,11.61557865,17.24222183,7.482499123,5.34508419,0.437126487,101.5688553,3.782026529,5.137102604,236.470459,238.8049011,11.72471619,68.46533203,Winter,0
1/15/2035,11.59716511,17.22971153,7.454014778,5.332363129,0.435917765,101.5611649,3.77851963,5.133582115,236.4355774,238.7633972,11.70532799,68.42436218,Winter,0
1/16/2035,11.58054352,17.21925926,7.426822186,5.320096016,0.434427917,101.5530624,3.775054216,5.130091667,236.3931122,238.7094269,11.68821621,68.37876892,Winter,0
1/17/2035,11.56581974,17.21100807,7.401019573,5.30834198,0.432663113,101.5445938,3.7716465,5.126648426,236.3398895,238.6399689,11.67350006,68.32865906,Winter,0
1/18/2035,11.55310249,17.20510292,7.376702309,5.297166824,0.430632472,101.5358047,3.768310547,5.123270512,236.272583,238.552002,11.66130447,68.27418518,Winter,0
1/19/2035,11.54250908,17.20168495,7.353982925,5.286633968,0.428348064,101.5267487,3.765059948,5.119972229,236.1881104,238.4426575,11.65175247,68.21548462,Winter,0
1/20/2035,11.53415108,17.20090866,7.332967758,5.276803017,0.425824791,101.5174866,3.76190877,5.116770267,236.0832825,238.3091125,11.64497185,68.15270996,Winter,0
1/21/2035,11.5281477,17.20289993,7.313770771,5.26773262,0.423080355,101.5080643,3.758867502,5.113675594,235.9551392,238.1487427,11.64107513,68.08602142,Winter,0
1/22/2035,11.52460861,17.20779991,7.296506882,5.25948,0.42013517,101.4985428,3.755947113,5.11070013,235.8008118,237.9591064,11.64018345,68.01557922,Winter,0
1/23/2035,11.52364731,17.21573257,7.281291008,5.252098083,0.417012066,101.4889679,3.753156662,5.10785532,235.61763,237.737915,11.64239883,67.94153595,Winter,0
1/24/2035,11.52536583,17.22681236,7.268232822,5.245635986,0.413736343,101.479393,3.750504017,5.105147839,235.4031067,237.4831848,11.64783287,67.86408997,Winter,0
1/25/2035,11.52986431,17.2411499,7.257445812,5.240139008,0.410335332,101.4698639,3.747995853,5.102584839,235.1549683,237.1930847,11.65657616,67.78340149,Winter,0
1/26/2035,11.53723907,17.25883293,7.249034882,5.235648155,0.406838238,101.4604416,3.745637417,5.100171089,234.8711853,236.8660889,11.66871166,67.699646,Winter,0
1/27/2035,11.54757309,17.27994919,7.243103981,5.232198715,0.403275907,101.4511642,3.743431807,5.097909927,234.5500031,236.5009766,11.68431473,67.61303711,Winter,0
1/28/2035,11.5609436,17.30457115,7.239748955,5.229821205,0.399680525,101.4420776,3.741381645,5.095802307,234.1899414,236.0966949,11.70345306,67.52372742,Winter,0
1/29/2035,11.57741928,17.33274078,7.239057541,5.228541374,0.396085382,101.4332199,3.73948741,5.093848228,233.7898254,235.6526337,11.72617149,67.43193817,Winter,0
1/30/2035,11.59705353,17.36450958,7.241113663,5.228378296,0.392524332,101.4246292,3.737748384,5.092044353,233.3486481,235.1683655,11.75251389,67.33785248,Winter,0
1/31/2035,11.61989212,17.39989471,7.245988846,5.229346275,0.389031649,101.4163437,3.736161947,5.090386391,232.8658295,234.6437836,11.78250408,67.2416687,Winter,0
2/1/2035,11.64597321,17.43890762,7.253751755,5.231453896,0.385641724,101.4083862,3.734724522,5.088870049,232.341095,234.0790253,11.81615257,67.14356995,Winter,0
2/2/2035,11.67530918,17.48153877,7.26445055,5.234704971,0.382388473,101.4007874,3.733430386,5.08748579,231.774353,233.4746094,11.8534565,67.04376984,Winter,0
2/3/2035,11.70791626,17.52776718,7.278131485,5.239096165,0.379305214,101.3935699,3.732273817,5.086225986,231.1658936,232.8312073,11.89440441,66.94245911,Winter,0
2/4/2035,11.74379444,17.57754898,7.294830322,5.244620323,0.376424313,101.3867493,3.731246471,5.085078239,230.5162659,232.1498108,11.9389658,66.83982849,Winter,0
2/5/2035,11.78292179,17.63083649,7.314566135,5.251265049,0.373776495,101.3803406,3.73033905,5.084031582,229.8262329,231.4316254,11.98709965,66.73606873,Winter,0
2/6/2035,11.82527542,17.68756104,7.33735323,5.259013176,0.371391058,101.3743515,3.729542017,5.083071709,229.0968933,230.6780853,12.03874874,66.63139343,Winter,0
2/7/2035,11.87081623,17.7476387,7.36318779,5.267842293,0.369295001,101.368782,3.728843927,5.082183838,228.3295593,229.8908691,12.09384727,66.52597046,Winter,0
2/8/2035,11.91949081,17.81097221,7.392060757,5.277728081,0.367513031,101.3636398,3.728232622,5.081353664,227.5257263,229.071701,12.15231609,66.41998291,Winter,0
2/9/2035,11.97123909,17.87746239,7.423951149,5.28864193,0.366067231,101.3589172,3.727695227,5.080561638,226.6871033,228.2226257,12.21406174,66.31361389,Winter,0
2/10/2035,12.02599144,17.94698524,7.458823681,5.300549507,0.364976615,101.3546066,3.727219105,5.079792976,225.8155823,227.3456879,12.27899265,66.20704651,Winter,0
2/11/2035,12.08366013,18.01941872,7.496639252,5.313418388,0.364257306,101.3506927,3.726788759,5.07902813,224.913208,226.4431152,12.34699154,66.10046387,Winter,0
2/12/2035,12.14416122,18.09462547,7.537343979,5.327209473,0.363921523,101.3471527,3.726391554,5.078249454,223.982132,225.5171509,12.41794491,65.99398804,Winter,0
2/13/2035,12.20739555,18.17246437,7.580873013,5.34188509,0.363978356,101.3439789,3.726012468,5.077438354,223.0246429,224.5701141,12.49172783,65.88779449,Winter,0
2/14/2035,12.27325439,18.25278854,7.627161503,5.357404709,0.36443305,101.3411331,3.725636721,5.076575756,222.043045,223.6042938,12.5682106,65.7820282,Winter,0
2/15/2035,12.34163284,18.3354435,7.67612505,5.373727322,0.365286797,101.3385925,3.725250483,5.075644016,221.0396881,222.6220856,12.64725971,65.67682648,Winter,0
2/16/2035,12.41240311,18.42028427,7.727680683,5.390812874,0.366537094,101.336319,3.724839687,5.074624062,220.0170135,221.6257477,12.72873497,65.5723114,Winter,0
2/17/2035,12.48545647,18.50713921,7.781738758,5.408617973,0.368177235,101.3342972,3.724390984,5.073500156,218.9773407,220.6174774,12.81249809,65.46860504,Winter,0
2/18/2035,12.56066132,18.59586906,7.838200092,5.427105904,0.37019676,101.3324661,3.723891258,5.072254181,217.9230652,219.5994568,12.8984108,65.36580658,Winter,0
2/19/2035,12.63789558,18.68631172,7.896961689,5.446234226,0.372581154,101.3308029,3.723329067,5.070871353,216.8564758,218.5737152,12.98632813,65.26400757,Winter,0
2/20/2035,12.71703529,18.77831841,7.957918644,5.465966225,0.37531212,101.3292618,3.722692728,5.069336891,215.7797089,217.5421448,13.07611465,65.16329956,Winter,0
2/21/2035,12.79794693,18.87174225,8.020962715,5.486266136,0.378367573,101.3278046,3.721972704,5.067638397,214.6949005,216.506485,13.1676321,65.06373596,Winter,0
2/22/2035,12.88051605,18.96644402,8.08598423,5.507099152,0.381721854,101.3263855,3.721159697,5.06576395,213.6040192,215.4683533,13.26075172,64.96537781,Winter,0
2/23/2035,12.96461296,19.06229019,8.152872086,5.528436184,0.385346085,101.3249588,3.720246553,5.063703537,212.5088654,214.4291687,13.35534286,64.86827087,Winter,0
2/24/2035,13.05012131,19.15915298,8.221512794,5.550244331,0.389208078,101.3234863,3.719227791,5.061449528,211.4111633,213.3901215,13.45128822,64.77243042,Winter,0
2/25/2035,13.13692474,19.25691032,8.291794777,5.572500229,0.393272907,101.3219299,3.718098164,5.05899477,210.3123627,212.3522644,13.54846954,64.67788696,Winter,0
2/26/2035,13.22491455,19.35546112,8.363613129,5.595181465,0.397502959,101.3202286,3.716856003,5.056335926,209.2137909,211.316391,13.64678192,64.5846405,Winter,0
2/27/2035,13.31398201,19.45470047,8.436860085,5.618265152,0.401858479,101.3183594,3.715499163,5.053470612,208.1165771,210.2830963,13.74612427,64.49266052,Winter,0
2/28/2035,13.40403557,19.55454063,8.511431694,5.641736507,0.406297892,101.3162766,3.714029074,5.050398827,207.0216217,209.2528076,13.84640884,64.40193939,Winter,0
3/1/2035,13.49497604,19.65490532,8.587227821,5.665581703,0.410778105,101.313942,3.712447882,5.047123909,205.9296875,208.2256775,13.94755173,64.31243134,Spring,1
3/2/2035,13.58671951,19.75572395,8.664155006,5.689789295,0.415254802,101.3113251,3.710760355,5.04365015,204.8412628,207.2016907,14.04948235,64.22407532,Spring,1
3/3/2035,13.6791935,19.85694504,8.742120743,5.714352608,0.419683188,101.3083801,3.708972216,5.039984703,203.7567291,206.1806335,14.15213966,64.13683319,Spring,1
3/4/2035,13.77232361,19.95852089,8.821041107,5.739265442,0.424018085,101.3050919,3.707091808,5.036135197,202.6762085,205.1621094,14.25547028,64.05059814,Spring,1
3/5/2035,13.86605263,20.06041718,8.900837898,5.764527321,0.42821452,101.3014221,3.705128431,5.032114983,201.5996399,204.1455231,14.35943222,63.96530533,Spring,1
3/6/2035,13.96032333,20.16261482,8.981437683,5.790138721,0.432228297,101.297348,3.703093529,5.027936459,200.5268097,203.1301422,14.46398926,63.88084793,Spring,1
3/7/2035,14.05508995,20.26509094,9.062772751,5.816101551,0.436015934,101.2928619,3.700999975,5.023615837,199.4573822,202.115097,14.5691185,63.79711914,Spring,1
3/8/2035,14.15031624,20.36784935,9.144787788,5.842422485,0.439535797,101.2879333,3.698862314,5.019170284,198.3907623,201.0993805,14.67481041,63.71400833,Spring,1
3/9/2035,14.24597168,20.47089005,9.227422714,5.869105339,0.442747802,101.2825623,3.696696997,5.01461935,197.3263245,200.0818634,14.78105164,63.63138962,Spring,1
3/10/2035,14.34203148,20.57422638,9.31063652,5.896160126,0.445614517,101.2767258,3.694520473,5.009984016,196.2633057,199.0613556,14.88784218,63.54914474,Spring,1
3/11/2035,14.43848038,20.67787933,9.394387245,5.923596382,0.448100954,101.2704315,3.692351341,5.00528717,195.2008209,198.0366516,14.9951992,63.46712875,Spring,1
3/12/2035,14.53531075,20.7818718,9.47864151,5.951422691,0.450175107,101.2636795,3.690208912,5.000552177,194.1379089,197.0064087,15.10312843,63.38521957,Spring,1
3/13/2035,14.63251686,20.8862381,9.563373566,5.979650974,0.451808542,101.2564621,3.688112974,4.995804787,193.0735931,195.9693604,15.21165276,63.3032608,Spring,1
3/14/2035,14.73009872,20.99100876,9.64855957,6.008290768,0.452976346,101.2488022,3.68608427,4.99106884,192.0068359,194.9242249,15.32079697,63.22112656,Spring,1
3/15/2035,14.82806206,21.09622192,9.734185219,6.037353516,0.453657657,101.2406998,3.684143782,4.986373425,190.9365692,193.8697052,15.43058968,63.13867569,Spring,1
3/16/2035,14.92642021,21.20192146,9.820240021,6.066847324,0.453835636,101.2321854,3.682312965,4.981743813,189.8617859,192.8046112,15.54106522,63.05577087,Spring,1
3/17/2035,15.02518463,21.30814362,9.906719208,6.096782684,0.453497887,101.2232666,3.680612803,4.977208138,188.7814026,191.7278442,15.6522522,62.97226715,Spring,1
3/18/2035,15.12437248,21.41492844,9.993621826,6.127167702,0.45263651,101.213974,3.679064274,4.972792625,187.6945343,190.6383972,15.76418686,62.88805008,Spring,1
3/19/2035,15.22399712,21.52231216,10.08094978,6.158007622,0.451248229,101.2043304,3.67768836,4.968523979,186.6002197,189.5353088,15.87690544,62.80298233,Spring,1
3/20/2035,15.32408142,21.63033485,10.16871071,6.189308643,0.449334413,101.1943741,3.676504374,4.964427948,185.4977112,188.4178925,15.99044037,62.71695328,Spring,1
3/21/2035,15.42464638,21.73902512,10.25691605,6.221072197,0.446901113,101.1841278,3.675531864,4.960530281,184.386261,187.2854919,16.10482025,62.62985229,Spring,1
3/22/2035,15.52570534,21.84841156,10.34557438,6.253300667,0.443958968,101.173645,3.674788713,4.956853867,183.2652893,186.1376801,16.22007751,62.5415802,Spring,1
3/23/2035,15.6272831,21.95851707,10.43470001,6.285991192,0.440523356,101.162941,3.674291134,4.95342207,182.1343689,184.9742432,16.33623695,62.45204544,Spring,1
3/24/2035,15.7293911,22.06935692,10.52430725,6.319142342,0.436613888,101.1520767,3.674054623,4.950255394,180.9931641,183.7950592,16.45331764,62.36116791,Spring,1
3/25/2035,15.83205032,22.18093872,10.61441422,6.352746964,0.432254612,101.1410904,3.67409277,4.94737339,179.8415222,182.600296,16.57133865,62.2688942,Spring,1
3/26/2035,15.93526649,22.29327011,10.70503712,6.386797905,0.427473605,101.1300201,3.674417734,4.944792271,178.6794891,181.390274,16.69030762,62.17515182,Spring,1
3/27/2035,16.03905296,22.40634346,10.79619122,6.421284676,0.422302663,101.1189117,3.675038099,4.942526817,177.5071869,180.1655426,16.81023216,62.07992172,Spring,1
3/28/2035,16.14341164,22.5201416,10.88789368,6.456193447,0.416777253,101.1078186,3.675961733,4.940588951,176.3249969,178.9268188,16.93110847,61.98316956,Spring,1
3/29/2035,16.24834824,22.63464928,10.9801569,6.491511345,0.410935819,101.0967865,3.677194357,4.938987732,175.1334229,177.6751099,17.05293083,61.88488388,Spring,1
3/30/2035,16.35386086,22.74983215,11.07299709,6.527220726,0.404819787,101.0858536,3.678738356,4.937730789,173.9331055,176.4114838,17.17568016,61.78506851,Spring,1
3/31/2035,16.45994186,22.86565399,11.16642475,6.563302994,0.398472935,101.0750732,3.680594206,4.936820507,172.7249298,175.1372833,17.29933548,61.68375015,Spring,1
4/1/2035,16.56658363,22.98207092,11.26045227,6.599739075,0.391941011,101.0644836,3.68276,4.936258316,171.5098572,173.8540039,17.42387009,61.58095551,Spring,1
4/2/2035,16.67376709,23.09902763,11.35508442,6.636507034,0.38527146,101.0541382,3.685230732,4.936041832,170.2890472,172.5633087,17.54924583,61.47674561,Spring,1
4/3/2035,16.78147888,23.216465,11.45033169,6.673583508,0.378512532,101.044075,3.68799901,4.936163902,169.063736,171.2669678,17.67542267,61.37117386,Spring,1
4/4/2035,16.88969231,23.33431816,11.54619598,6.71094656,0.3717134,101.0343323,3.691055775,4.936618328,167.8353424,169.9669189,17.80234718,61.26432037,Spring,1
4/5/2035,16.99838829,23.45251274,11.64268017,6.74857235,0.364923269,101.0249481,3.694387436,4.937390327,166.6053162,168.6651459,17.92997169,61.15627289,Spring,1
4/6/2035,17.1075325,23.57097244,11.73978233,6.786437988,0.358190805,101.0159683,3.697979212,4.938466072,165.3752747,167.3637695,18.05823135,61.04713821,Spring,1
4/7/2035,17.21709061,23.68961716,11.83750057,6.824519157,0.351564199,101.0074234,3.701814413,4.939828873,164.1468506,166.0649414,18.18706703,60.93703461,Spring,1
4/8/2035,17.32703781,23.80836487,11.93583202,6.862793446,0.345089942,100.9993439,3.705872536,4.941455364,162.9217072,164.7708435,18.31640434,60.82607651,Spring,1
4/9/2035,17.43733025,23.92712593,12.0347681,6.901238918,0.338812888,100.9917603,3.710131645,4.943323135,161.7015839,163.4836884,18.44617844,60.71439743,Spring,1
4/10/2035,17.54793358,24.04581642,12.13430309,6.939836979,0.332775652,100.9846878,3.7145679,4.94540453,160.4881744,162.2056427,18.57631683,60.60214233,Spring,1
4/11/2035,17.65880394,24.16435051,12.23442745,6.978568077,0.327018291,100.9781647,3.719155312,4.94767189,159.2832031,160.9388428,18.70674324,60.48945999,Spring,1
4/12/2035,17.76991272,24.28264427,12.33513165,7.017415047,0.321577519,100.9721985,3.723866224,4.950093269,158.0883026,159.6853485,18.83737946,60.37649155,Spring,1
4/13/2035,17.88121223,24.4006176,12.43640327,7.05636549,0.316486686,100.9668045,3.728671074,4.952635765,156.9050903,158.4471283,18.96815872,60.26340103,Spring,1
4/14/2035,17.99267387,24.51819038,12.53823185,7.095407486,0.311775327,100.961998,3.733539343,4.955264568,155.7350616,157.2260437,19.09900665,60.15033722,Spring,1
4/15/2035,18.10425758,24.63529205,12.64060593,7.134533405,0.307468891,100.9577942,3.73843956,4.957942009,154.5796204,156.0237885,19.22985458,60.0374527,Spring,1
4/16/2035,18.21593285,24.75185585,12.74351501,7.173737049,0.303588271,100.9541855,3.743339062,4.960631371,153.4400635,154.8419189,19.36063576,59.92490387,Spring,1
4/17/2035,18.32767487,24.86782646,12.84694958,7.213017941,0.300149888,100.9511719,3.748205185,4.963293552,152.3175354,153.6817627,19.49128914,59.81284332,Spring,1
4/18/2035,18.43945313,24.9831543,12.95089912,7.25237751,0.297165126,100.948761,3.753003597,4.965888977,151.2129974,152.5444946,19.62176132,59.70139313,Spring,1
4/19/2035,18.55125237,25.0977993,13.05535793,7.29182148,0.294640601,100.9469452,3.757700682,4.968377113,150.1272583,151.4310303,19.75200272,59.5907135,Spring,1
4/20/2035,18.66305351,25.21173096,13.16031647,7.331359863,0.292577744,100.9457092,3.762264013,4.970719814,149.0608978,150.3421021,19.88196945,59.48091125,Spring,1
4/21/2035,18.77485085,25.32493591,13.26577854,7.371005535,0.290972948,100.9450455,3.766660213,4.972877026,148.0143738,149.2781219,20.01163101,59.37210464,Spring,1
4/22/2035,18.88663864,25.43740654,13.37173748,7.410774708,0.289817542,100.944931,3.770856857,4.974809647,146.987854,148.2392883,20.14096069,59.26439285,Spring,1
4/23/2035,18.99842072,25.54914665,13.47819805,7.450688839,0.289097756,100.9453583,3.77482295,4.976480007,145.9813232,147.2255554,20.26994514,59.15786743,Spring,1
4/24/2035,19.11020851,25.66018295,13.58516502,7.49077177,0.288794905,100.9463043,3.77852869,4.977851391,144.9945831,146.2365875,20.39857674,59.0525856,Spring,1
4/25/2035,19.22201538,25.77054405,13.69264412,7.531051159,0.288885564,100.9477386,3.781945229,4.978889465,144.0271149,145.2718048,20.52685928,58.94861984,Spring,1
4/26/2035,19.33387375,25.88027954,13.80064774,7.571557999,0.289341837,100.949646,3.785046339,4.979559898,143.0782928,144.3303528,20.65480995,58.84599304,Spring,1
4/27/2035,19.4458046,25.98944855,13.90919304,7.612325191,0.29013133,100.9519882,3.787806749,4.979833603,142.1472168,143.4111481,20.78245354,58.74472427,Spring,1
4/28/2035,19.55785561,26.09812164,14.01829529,7.6533885,0.291217804,100.9547424,3.790203571,4.979680061,141.2327728,142.5128326,20.90982437,58.64480591,Spring,1
4/29/2035,19.67006493,26.20639229,14.12797928,7.694786549,0.292561382,100.9578781,3.792216539,4.979074478,140.3336639,141.6338501,21.03696823,58.5462265,Spring,1
4/30/2035,19.78249359,26.31435013,14.23826694,7.736558914,0.294118643,100.9613647,3.793828011,4.977993011,139.4484406,140.7724152,21.16394424,58.44892502,Spring,1
5/1/2035,19.8951931,26.42211342,14.3491888,7.778746128,0.295843542,100.9651718,3.795022011,4.976416588,138.5754395,139.9265747,21.29081917,58.35284805,Spring,1
5/2/2035,20.00823212,26.52980042,14.46077251,7.821390629,0.297687441,100.9692612,3.795786381,4.974327087,137.7128448,139.0941467,21.41766357,58.25790024,Spring,1
5/3/2035,20.12167931,26.63754082,14.57305717,7.864534855,0.299599707,100.9735947,3.796111107,4.971712589,136.8587646,138.2728577,21.54456711,58.16397095,Spring,1
5/4/2035,20.23561287,26.74547577,14.68607521,7.908219337,0.301528335,100.978157,3.795989513,4.968561172,136.0111542,137.4603119,21.67161942,58.07093811,Spring,1
5/5/2035,20.35011482,26.85375595,14.79986668,7.952485561,0.303420007,100.9828949,3.795417786,4.964868546,135.1678772,136.6539307,21.79892349,57.97864532,Spring,1
5/6/2035,20.46526146,26.96253395,14.91446972,7.997373104,0.30522123,100.9877853,3.794394255,4.960629463,134.3267365,135.851181,21.92658043,57.88691711,Spring,1
5/7/2035,20.58114624,27.07196808,15.0299263,8.042920113,0.306878358,100.9927979,3.792921066,4.955845833,133.4855499,135.0494232,22.05470467,57.795578,Spring,1
5/8/2035,20.69785309,27.18222237,15.14627647,8.089160919,0.308338165,100.9979019,3.791003942,4.950521469,132.6420746,134.246048,22.18340683,57.70441055,Spring,1
5/9/2035,20.81547356,27.29346085,15.26356316,8.136127472,0.309548855,101.0030594,3.788649321,4.944664955,131.7941284,133.438446,22.3128109,57.61319733,Spring,1
5/10/2035,20.93409157,27.40585136,15.38182545,8.183848381,0.310459584,101.0082474,3.785867691,4.938285828,130.9395599,132.6240997,22.44303322,57.52170563,Spring,1
5/11/2035,21.05380249,27.51955032,15.50110245,8.232349396,0.311022133,101.0134354,3.782672882,4.931398869,130.0763092,131.8005524,22.57419586,57.42967987,Spring,1
5/12/2035,21.17468452,27.63472939,15.62143326,8.281646729,0.311190426,101.0186005,3.779079437,4.924021721,129.2024384,130.9655151,22.70641327,57.33685303,Spring,1
5/13/2035,21.29681969,27.75153542,15.7428503,8.331758499,0.31092152,101.0237122,3.775106192,4.916175365,128.3161011,130.1167908,22.83980751,57.24296951,Spring,1
5/14/2035,21.4202919,27.87011909,15.8653841,8.382692337,0.310175747,101.0287552,3.770772219,4.90788269,127.4156647,129.2523956,22.97448921,57.14774704,Spring,1
5/15/2035,21.54516792,27.99062157,15.98906422,8.43445015,0.308917224,101.0337067,3.766100168,4.899168968,126.4996719,128.3706207,23.11056519,57.05089951,Spring,1
5/16/2035,21.67152023,28.11317635,16.11391258,8.487031937,0.307114214,101.0385437,3.761113167,4.890063286,125.5668716,127.4698868,23.24813652,56.95214462,Spring,1
5/17/2035,21.79939842,28.23789978,16.23994637,8.540427208,0.304739445,101.043251,3.755836964,4.880594254,124.6162796,126.5489578,23.38729858,56.85120392,Spring,1
5/18/2035,21.9288578,28.3649044,16.36717796,8.594619751,0.30177027,101.0478134,3.750296593,4.870795727,123.64711,125.6068878,23.52813339,56.74780273,Spring,1
5/19/2035,22.05994034,28.49427414,16.4956131,8.649587631,0.298189014,101.0522232,3.744521379,4.860699654,122.6589203,124.6429825,23.67071724,56.64164734,Spring,1
5/20/2035,22.19267464,28.626091,16.62524605,8.705301285,0.293982983,101.0564651,3.73853755,4.85033989,121.6514893,123.6568832,23.81511307,56.53248215,Spring,1
5/21/2035,22.32708168,28.76041603,16.756073,8.761724472,0.289144903,101.060524,3.732374907,4.839753151,120.6249924,122.6486206,23.96137238,56.42005539,Spring,1
5/22/2035,22.46317101,28.89728928,16.88807297,8.818814278,0.28367281,101.0643997,3.726061344,4.82897377,119.5798264,121.6185303,24.1095295,56.30411148,Spring,1
5/23/2035,22.6009388,29.03673553,17.02122116,8.876521111,0.27756986,101.0680847,3.719625473,4.818038464,118.5167389,120.567276,24.25960922,56.18442154,Spring,1
5/24/2035,22.74036407,29.17875862,17.15548325,8.934788704,0.270844668,101.071579,3.713095903,4.80698204,117.4368057,119.4958801,24.41162109,56.0607872,Spring,1
5/25/2035,22.88142776,29.32334328,17.29081535,8.993556976,0.263511151,101.0748749,3.706499815,4.795839787,116.3414154,118.4057693,24.56555557,55.93300629,Spring,1
5/26/2035,23.02407837,29.47045326,17.42716789,9.052757263,0.255588204,101.07798,3.699864149,4.784645081,115.2322388,117.298645,24.72139359,55.80090714,Spring,1
5/27/2035,23.1682682,29.62003517,17.56447792,9.112315178,0.247099817,101.0808792,3.69321394,4.773431301,114.111351,116.1766052,24.87909126,55.66435242,Spring,1
5/28/2035,23.31392288,29.7720108,17.70267677,9.17215538,0.238074467,101.0835876,3.686573505,4.762230873,112.9810181,115.042038,25.0385952,55.52322006,Spring,1
5/29/2035,23.4609642,29.9262867,17.84168434,9.232194901,0.228545383,101.0861053,3.679965258,4.75107193,111.8438263,113.8976517,25.19983482,55.3774147,Spring,1
5/30/2035,23.60929489,30.08274269,17.98141479,9.292348862,0.218549758,101.0884399,3.673410416,4.739983082,110.7026138,112.7463989,25.3627243,55.22687912,Spring,1
5/31/2035,23.75881004,30.24124527,18.12177277,9.352527618,0.208128616,101.0905914,3.666926384,4.728988647,109.5604782,111.591568,25.52715683,55.07158279,Spring,1
6/1/2035,23.9093914,30.40163994,18.26265335,9.412639618,0.197326496,101.0925598,3.660530329,4.718112469,108.4207458,110.4366302,25.69301796,54.91151428,Summer,2
6/2/2035,24.06090355,30.56375694,18.40394211,9.472593307,0.186190814,101.0943604,3.654236317,4.707374573,107.2868729,109.2852859,25.86016846,54.74671555,Summer,2
6/3/2035,24.21320915,30.72740746,18.5455246,9.532295227,0.174771771,101.0960007,3.648056507,4.696791649,106.1625671,108.1414185,26.02846527,54.57725525,Summer,2
6/4/2035,24.36615562,30.8923893,18.68727493,9.59165287,0.163121447,101.0974808,3.641999245,4.686378956,105.0515747,107.0090027,26.19774628,54.40321732,Summer,2
6/5/2035,24.51958084,31.05848122,18.82906151,9.650571823,0.151293814,101.0988159,3.636072397,4.676146507,103.9577713,105.8922043,26.36783791,54.2247467,Summer,2
6/6/2035,24.67331314,31.22546387,18.9707489,9.708963394,0.139343902,101.1000061,3.630279064,4.66610384,102.8851318,104.795166,26.53855896,54.04200745,Summer,2
6/7/2035,24.82718658,31.39308548,19.11219597,9.766736984,0.127327263,101.101059,3.624621391,4.656254768,101.8375854,103.7220917,26.70970917,53.85519409,Summer,2
6/8/2035,24.98100662,31.56110573,19.25325966,9.823806763,0.115299881,101.1019821,3.619097948,4.6466012,100.8190842,102.6772079,26.88109398,53.66454315,Summer,2
6/9/2035,25.13459396,31.72926331,19.39379501,9.880094528,0.103317283,101.1027832,3.613705397,4.637141705,99.83356476,101.6646423,27.05249977,53.47031403,Summer,2
6/10/2035,25.28775787,31.89729881,19.53365326,9.935520172,0.091434099,101.1034698,3.608437061,4.627871513,98.88476563,100.6884537,27.22370911,53.27280045,Summer,2
6/11/2035,25.44030571,32.06494522,19.67268562,9.990016937,0.079703823,101.1040421,3.603285551,4.618784428,97.97639465,99.75251007,27.39450645,53.07233429,Summer,2
6/12/2035,25.59204292,32.23193741,19.81074524,10.04351616,0.06817802,101.1045074,3.598238945,4.609868526,97.11197662,98.8605957,27.56466675,52.86925507,Summer,2
6/13/2035,25.74277496,32.39801025,19.94768715,10.09596157,0.056906119,101.1048737,3.593285799,4.601111412,96.29476929,98.01618958,27.73396873,52.66394424,Summer,2
6/14/2035,25.89231682,32.56289673,20.08336449,10.14730263,0.045935087,101.1051407,3.588410854,4.592496872,95.52786255,97.22261047,27.90218353,52.45681381,Summer,2
6/15/2035,26.04047394,32.72633743,20.21763611,10.19749641,0.035308745,101.1053162,3.583597898,4.584007263,94.81407166,96.48278046,28.06909752,52.24827576,Summer,2
6/16/2035,26.18706703,32.88807678,20.3503685,10.24650955,0.025067607,101.1054077,3.578829288,4.575622559,94.15586853,95.79942322,28.23448372,52.0387764,Summer,2
6/17/2035,26.3319149,33.04787064,20.48142815,10.29431725,0.015248707,101.1054001,3.574085951,4.567321777,93.55541229,95.17481232,28.39813423,51.82877731,Summer,2
6/18/2035,26.47484589,33.20548248,20.61069107,10.34090233,0.005884946,101.1053085,3.569348335,4.559080124,93.01450348,94.61091614,28.55984116,51.61875916,Summer,2
6/19/2035,26.61569786,33.36068344,20.73803902,10.38625813,-0.002994697,101.1051331,3.564595461,4.55087471,92.5345993,94.10925293,28.71940231,51.40920258,Summer,2
6/20/2035,26.75431252,33.5132637,20.86335945,10.4303894,-0.011365719,101.104866,3.55980587,4.542679787,92.11669159,93.67100525,28.87663078,51.20061493,Summer,2
6/21/2035,26.89054489,33.66301346,20.98654938,10.47330666,-0.019207817,101.1045151,3.554959059,4.534468651,91.7614212,93.29681396,29.03134537,50.99349213,Summer,2
6/22/2035,27.02425957,33.80976105,21.10751724,10.51503181,-0.026505439,101.1040802,3.550032854,4.526216507,91.46896362,92.98695374,29.18337059,50.78834534,Summer,2
6/23/2035,27.15533447,33.95332718,21.22617912,10.55559826,-0.033247299,101.1035538,3.54500699,4.517896652,91.23910522,92.7412262,29.33255005,50.58569336,Summer,2
6/24/2035,27.28364944,34.09355927,21.34246254,10.59504318,-0.039427027,101.1029358,3.539861202,4.509484291,91.07112122,92.55895996,29.47874451,50.3860321,Summer,2
6/25/2035,27.40911674,34.23031998,21.45629692,10.63341904,-0.045042317,101.1022339,3.534575939,4.500954628,90.96396637,92.43906403,29.62181664,50.18987656,Summer,2
6/26/2035,27.53163719,34.36349487,21.56763649,10.67078018,-0.050095409,101.1014404,3.529134035,4.492283821,90.91606903,92.37998199,29.76164818,49.99771881,Summer,2
6/27/2035,27.65114021,34.49298096,21.67643547,10.70719528,-0.05459265,101.1005554,3.523518085,4.483451366,90.92546844,92.37971497,29.89813423,49.81005096,Summer,2
6/28/2035,27.76756096,34.61869431,21.78265953,10.74273586,-0.05854442,101.0995712,3.517713308,4.474435806,90.98981476,92.43583679,30.03119087,49.62734985,Summer,2
6/29/2035,27.88085175,34.74057388,21.8862915,10.77748013,-0.061964776,101.0984955,3.511707067,4.465219498,91.10631561,92.54553986,30.16073608,49.45006943,Summer,2
6/30/2035,27.99097633,34.85856628,21.98731804,10.81151676,-0.064871319,101.0973206,3.505489111,4.455787659,91.27187347,92.7056427,30.28671074,49.27866364,Summer,2
7/1/2035,28.09790802,34.97264099,22.08573723,10.84493256,-0.067284666,101.0960464,3.499050617,4.446127415,91.48304749,92.91257477,30.40906906,49.11354828,Summer,2
7/2/2035,28.20163155,35.08278275,22.18156242,10.87782574,-0.069228195,101.0946808,3.492385149,4.436227798,91.73604584,93.16246796,30.5277729,48.95514679,Summer,2
7/3/2035,28.302145,35.18899536,22.27480888,10.91029263,-0.07072778,101.0932159,3.485490084,4.426082611,92.02680206,93.45116425,30.64281082,48.80381775,Summer,2
7/4/2035,28.39945602,35.29129028,22.36550331,10.94243431,-0.071811073,101.0916519,3.478365183,4.415689468,92.3510437,93.77425385,30.75416565,48.65995026,Summer,2
7/5/2035,28.49358559,35.38969803,22.45368004,10.97435474,-0.072507538,101.0899887,3.471012592,4.405045509,92.70420837,94.12710571,30.86184311,48.52384949,Summer,2
7/6/2035,28.5845623,35.48425674,22.53938675,11.00615501,-0.072847433,101.0882416,3.463437557,4.39415741,93.08170319,94.50495911,30.96585655,48.39583588,Summer,2
7/7/2035,28.67241287,35.57501221,22.6226635,11.03793621,-0.072861925,101.0863953,3.455648184,4.383029938,93.47866821,94.90288544,31.06623459,48.27619171,Summer,2
7/8/2035,28.75718307,35.66202927,22.70356941,11.06980038,-0.072582223,101.084465,3.447656631,4.371674061,93.89025116,95.31589508,31.1629982,48.16516495,Summer,2
7/9/2035,28.83892059,35.74536896,22.78216553,11.10184574,-0.072039433,101.0824585,3.439476252,4.360105038,94.31153107,95.73897552,31.25619698,48.06298065,Summer,2
7/10/2035,28.9176712,35.82510376,22.85851097,11.13416576,-0.071263641,101.080368,3.431124926,4.348340034,94.73762512,96.16711426,31.34586525,47.96983337,Summer,2
7/11/2035,28.99349213,35.90130997,22.93266678,11.16684818,-0.070284054,101.0782013,3.422621965,4.336401939,95.16370392,96.59537506,31.43205643,47.88588715,Summer,2
7/12/2035,29.06643677,35.97406006,23.00470352,11.19997978,-0.069128253,101.0759735,3.413990021,4.324313164,95.58502197,97.01893616,31.5148201,47.81128693,Summer,2
7/13/2035,29.13656616,36.04343414,23.07469177,11.23363495,-0.067821644,101.0736923,3.405254602,4.312105179,95.99700165,97.43315125,31.59420967,47.74613953,Summer,2
7/14/2035,29.20393181,36.10950851,23.14269066,11.26788616,-0.066387385,101.0713577,3.39644289,4.299807549,96.39521027,97.83349609,31.67027664,47.69052124,Summer,2
7/15/2035,29.26858711,36.17235184,23.20876312,11.3027916,-0.064845912,101.068985,3.387584209,4.287455559,96.77555847,98.21582794,31.74307442,47.64449692,Summer,2
7/16/2035,29.33058357,36.23203278,23.27297401,11.33840561,-0.063214481,101.0665817,3.378710747,4.275085449,97.13414001,98.57621002,31.81265259,47.60809326,Summer,2
7/17/2035,29.38996696,36.28861618,23.33537865,11.37477016,-0.061507337,101.0641556,3.369855165,4.262737274,97.4673996,98.91101837,31.8790493,47.58131409,Summer,2
7/18/2035,29.44677925,36.34214783,23.39602852,11.41191864,-0.059734672,101.0617218,3.361052752,4.250453472,97.77210999,99.21701813,31.94231033,47.56414795,Summer,2
7/19/2035,29.50105286,36.39267349,23.4549675,11.44987297,-0.057903148,101.0592957,3.352338552,4.238276482,98.04548645,99.49140167,32.00246429,47.5565567,Summer,2
7/20/2035,29.55281258,36.44022369,23.51223755,11.48864174,-0.056015402,101.0568771,3.343750238,4.226251602,98.28508759,99.73173523,32.05953979,47.55847931,Summer,2
7/21/2035,29.60207748,36.48482132,23.56786537,11.52822495,-0.05407019,101.0544891,3.335324287,4.214425087,98.48895264,99.93608856,32.11355209,47.56983185,Summer,2
7/22/2035,29.64886093,36.52647781,23.62187576,11.56860828,-0.05206186,101.0521393,3.327098131,4.202843666,98.65557098,100.1029663,32.16450119,47.5905304,Summer,2
7/23/2035,29.69315338,36.56517792,23.67428017,11.60976982,-0.049980856,101.0498428,3.319109678,4.191555023,98.78391266,100.2313385,32.2123909,47.62046432,Summer,2
7/24/2035,29.73495293,36.60091019,23.72508621,11.65167141,-0.047813378,101.0476151,3.31139493,4.180604935,98.87342834,100.3207474,32.25720978,47.65950775,Summer,2
7/25/2035,29.77423668,36.63363647,23.77428055,11.69426441,-0.04554164,101.0454559,3.303990364,4.170041084,98.92403412,100.3711777,32.29891968,47.70754242,Summer,2
7/26/2035,29.81097031,36.663311,23.82185364,11.73749065,-0.043144219,101.043396,3.296931028,4.159909248,98.93624878,100.3831635,32.33749008,47.76441193,Summer,2
7/27/2035,29.84510422,36.68987274,23.86777306,11.78127766,-0.040595703,101.0414352,3.290250301,4.150253296,98.91096497,100.3576736,32.3728714,47.82996368,Summer,2
7/28/2035,29.87659454,36.71323395,23.91200256,11.82554436,-0.03786727,101.0395889,3.28398037,4.141116142,98.84962463,100.296257,32.40499496,47.90406036,Summer,2
7/29/2035,29.90537262,36.73331451,23.95449066,11.8701992,-0.034927178,101.0378647,3.27815032,4.132538795,98.75415802,100.2009201,32.43379974,47.9865303,Summer,2
7/30/2035,29.93136406,36.74999619,23.99518394,11.91514015,-0.031740405,101.0362854,3.272788525,4.124559402,98.62696075,100.0741043,32.45919037,48.07720947,Summer,2
7/31/2035,29.95448303,36.76317978,24.03400803,11.96025658,-0.028269956,101.0348511,3.267918825,4.117213249,98.47080994,99.91871643,32.48107529,48.17594147,Summer,2
8/1/2035,29.97463989,36.77272034,24.0708828,12.00542927,-0.024476428,101.0335693,3.263563633,4.110534668,98.28899384,99.73810577,32.4993515,48.28256226,Summer,2
8/2/2035,29.99172401,36.77848816,24.10572243,12.05053425,-0.020318529,101.0324554,3.259742022,4.104549885,98.0851059,99.53594208,32.51390076,48.39690781,Summer,2
8/3/2035,30.00563431,36.78033066,24.13842964,12.09543705,-0.015754251,101.031517,3.256469727,4.099286079,97.86315918,99.31632996,32.52460098,48.51882172,Summer,2
8/4/2035,30.01625061,36.77808762,24.16889572,12.14000034,-0.010740492,101.0307617,3.253758192,4.094763756,97.62740326,99.08360291,32.53131866,48.64814758,Summer,2
8/5/2035,30.02345657,36.77160263,24.19701195,12.18408108,-0.005234097,101.0301895,3.251616955,4.09100008,97.38248444,98.84243011,32.53392029,48.784729,Summer,2
8/6/2035,30.0271225,36.76071548,24.22266006,12.22753716,0.000808128,101.0298157,3.250049829,4.088008881,97.13317108,98.5976944,32.53226852,48.92843628,Summer,2
8/7/2035,30.02711868,36.74525452,24.24571419,12.27021694,0.007428284,101.0296402,3.249058485,4.08579731,96.88451385,98.35444641,32.5262146,49.07911682,Summer,2
8/8/2035,30.02332306,36.72505569,24.26605034,12.31197643,0.014667293,101.0296631,3.248639822,4.084369183,96.64162445,98.11787415,32.51561737,49.2366333,Summer,2
8/9/2035,30.01560593,36.69994736,24.28353882,12.35266113,0.022564335,101.0298843,3.248787165,4.083724022,96.40979004,97.89326477,32.50032806,49.40086746,Summer,2
8/10/2035,30.00382996,36.6697731,24.29804611,12.39212894,0.031156193,101.0303116,3.249490023,4.083855629,96.19429779,97.68592072,32.48020935,49.57168579,Summer,2
8/11/2035,29.98788834,36.63438034,24.30943871,12.43023014,0.040476795,101.0309448,3.250733852,4.084753036,96.00042725,97.50112152,32.45511627,49.74897003,Summer,2
8/12/2035,29.96764755,36.59362411,24.31759262,12.46682549,0.050556984,101.0317764,3.252500534,4.086400986,95.83341217,97.34413147,32.4249115,49.93261719,Summer,2
8/13/2035,29.94300652,36.5473671,24.32237816,12.5017786,0.061423507,101.032814,3.254768133,4.088780403,95.69842529,97.22003174,32.38947678,50.122509,Summer,2
8/14/2035,29.91385651,36.49548721,24.32367134,12.53495598,0.07309927,101.0340424,3.257511616,4.091866016,95.60042572,97.13378906,32.34869385,50.31853867,Summer,2
8/15/2035,29.88009453,36.43787766,24.3213501,12.56623459,0.085602388,101.0354691,3.260702133,4.095629692,95.54419708,97.09012604,32.30244827,50.52060318,Summer,2
8/16/2035,29.84165001,36.37444687,24.3153019,12.59549427,0.098946184,101.0370865,3.264307261,4.100038052,95.53427887,97.09349823,32.25065231,50.72860336,Summer,2
8/17/2035,29.79844475,36.30512619,24.30542946,12.62262535,0.113138683,101.038887,3.268293381,4.105054855,95.5749588,97.14810181,32.19321442,50.94243622,Summer,2
8/18/2035,29.75041962,36.22986221,24.29162407,12.64752769,0.128182262,101.040863,3.272623062,4.110638618,95.67012024,97.25776672,32.13007736,51.16199493,Summer,2
8/19/2035,29.69753075,36.14862061,24.27381325,12.67010975,0.144073755,101.0430145,3.277255774,4.116746902,95.82333374,97.4259491,32.06119156,51.38716888,Summer,2
8/20/2035,29.63975334,36.06139755,24.25191307,12.69029236,0.160803929,101.0453262,3.282150984,4.123332024,96.03775787,97.65565491,31.98652077,51.61785889,Summer,2
8/21/2035,29.57707596,35.96820831,24.2258606,12.70800209,0.178357497,101.0477982,3.287264347,4.130344868,96.31611633,97.94952393,31.90604973,51.85394287,Summer,2
8/22/2035,29.5095005,35.86909485,24.19561195,12.72318268,0.196713179,101.050415,3.292551756,4.137733459,96.66068268,98.30969238,31.81979752,52.09529877,Summer,2
8/23/2035,29.4370575,35.76412201,24.16112518,12.73578453,0.215843305,101.0531769,3.297966719,4.145443916,97.07328033,98.73780823,31.72777939,52.34179688,Summer,2
8/24/2035,29.35978508,35.65338898,24.1223793,12.74577141,0.235714346,101.0560684,3.303462744,4.153422832,97.55516815,99.2350235,31.63004875,52.5933075,Summer,2
8/25/2035,29.2777462,35.53701019,24.07936859,12.75311852,0.256286561,101.0590897,3.30899334,4.161611557,98.10718536,99.80201721,31.52667618,52.84964752,Summer,2
8/26/2035,29.19102097,35.41513062,24.03209686,12.75781345,0.277514458,101.0622253,3.314511299,4.169956207,98.72959137,100.4389038,31.41775513,53.11068344,Summer,2
8/27/2035,29.09971237,35.28792572,23.98058701,12.75985241,0.299346834,101.0654602,3.319970369,4.178397179,99.42218018,101.1453171,31.30340195,53.3762207,Summer,2
8/28/2035,29.00393677,35.15559769,23.92488098,12.75924492,0.321726978,101.0688019,3.325324297,4.186879158,100.1841965,101.9203644,31.18374634,53.64606476,Summer,2
8/29/2035,28.90382957,35.01836014,23.86503029,12.75601196,0.344593257,101.0722351,3.330529213,4.195346832,101.0144196,102.7626953,31.05895233,53.92001343,Summer,2
8/30/2035,28.79955101,34.87646103,23.8011055,12.75018406,0.367879033,101.0757446,3.335541487,4.203743935,101.9111099,103.6703949,30.9291935,54.19782257,Summer,2
8/31/2035,28.6912632,34.73016739,23.73318863,12.74179745,0.391513497,101.0793381,3.34032011,4.212018967,102.8720779,104.6411972,30.79467201,54.47925568,Summer,2
9/1/2035,28.57916451,34.57977676,23.66137886,12.73090458,0.415421784,101.0830002,3.34482646,4.220119953,103.8946762,105.6723175,30.6556015,54.7640419,Autumn,3
9/2/2035,28.46344948,34.42559052,23.58578682,12.71756172,0.439525604,101.0867233,3.349023104,4.227998734,104.9758224,106.7605515,30.51221466,55.05189896,Autumn,3
9/3/2035,28.34434319,34.26793671,23.50653839,12.70183086,0.463743746,101.0904999,3.352876902,4.235608101,106.112114,107.9024124,30.36476326,55.34251404,Autumn,3
9/4/2035,28.22206497,34.10715485,23.42376709,12.6837883,0.487992555,101.0943375,3.356356382,4.242906094,107.2996674,109.0939484,30.21351814,55.6355629,Autumn,3
9/5/2035,28.09685707,33.94360352,23.33762741,12.66350746,0.512186468,101.0982132,3.359434843,4.249854088,108.5344086,110.3310394,30.05874634,55.93070221,Autumn,3
9/6/2035,27.96896744,33.77764511,23.24827194,12.64107132,0.53623873,101.1021423,3.36208725,4.25641489,109.8119354,111.6091843,29.90075111,56.22755814,Autumn,3
9/7/2035,27.83865356,33.60964584,23.15587044,12.6165657,0.560061872,101.106102,3.364293575,4.262557983,111.1275864,112.9237595,29.73982048,56.52576065,Autumn,3
9/8/2035,27.70617294,33.439991,23.06059074,12.59007835,0.583568275,101.1100998,3.36603713,4.268255711,112.4765778,114.2699356,29.57626724,56.82488632,Autumn,3
9/9/2035,27.5717926,33.26906204,22.96261597,12.56169987,0.606671095,101.1141357,3.367305279,4.273485184,113.8539581,115.6427917,29.41040039,57.12452316,Autumn,3
9/10/2035,27.43577576,33.097229,22.86212921,12.53152275,0.629284203,101.1181946,3.368090153,4.27822876,115.2546844,117.0373383,29.24252892,57.4242363,Autumn,3
9/11/2035,27.29838753,32.92486954,22.75932121,12.49963474,0.651323676,101.1222839,3.368386269,4.282471657,116.6737061,118.4485321,29.07297134,57.72356415,Autumn,3
9/12/2035,27.15989304,32.75235748,22.65437698,12.4661274,0.672707558,101.1264038,3.368194103,4.286206722,118.1059799,119.8714294,28.90204048,58.02204514,Autumn,3
9/13/2035,27.02054405,32.58004379,22.54747772,12.43108654,0.69335705,101.1305542,3.367516756,4.289429188,119.5465012,121.3011398,28.7300415,58.31919861,Autumn,3
9/14/2035,26.88059616,32.40828705,22.43881989,12.39459515,0.713196516,101.1347198,3.36636281,4.292141438,120.9904099,122.7328949,28.55728149,58.6145401,Autumn,3
9/15/2035,26.74028397,32.23741531,22.32858086,12.35673332,0.73215425,101.138916,3.364744186,4.29434824,122.4330215,124.1621552,28.38404083,58.90756607,Autumn,3
9/16/2035,26.59984016,32.06774139,22.21693802,12.31757545,0.750163376,101.1431274,3.36267662,4.296061516,123.8698425,125.5845642,28.21061516,59.19778061,Autumn,3
9/17/2035,26.45948792,31.89956093,22.10405731,12.27719021,0.767161608,101.1473694,3.360180378,4.297296524,125.2966385,126.9960785,28.03726196,59.48468018,Autumn,3
9/18/2035,26.31942368,31.73315048,21.9901104,12.23564053,0.783091962,101.1516266,3.357278347,4.298072815,126.7094879,128.3929291,27.86424255,59.7677536,Autumn,3
9/19/2035,26.17983627,31.5687542,21.87524033,12.19297886,0.797903121,101.1559067,3.353997469,4.298416138,128.1047821,129.7717438,27.69178581,60.04650497,Autumn,3
9/20/2035,26.04089355,31.40659523,21.75959778,12.1492548,0.811549902,101.1602097,3.350368261,4.298355103,129.4793243,131.1294861,27.5201149,60.32043076,Autumn,3
9/21/2035,25.9027462,31.24686623,21.64330482,12.10450554,0.823993266,101.1645203,3.346423864,4.297922134,130.8302917,132.4635773,27.34942245,60.58903885,Autumn,3
9/22/2035,25.76552391,31.08973122,21.52648544,12.0587616,0.835200608,101.1688538,3.342200041,4.297153473,132.155304,133.7718506,27.17988014,60.85186005,Autumn,3
9/23/2035,25.6293335,30.9353199,21.40923309,12.01204586,0.84514606,101.1732025,3.337735415,4.296090126,133.4524231,135.052597,27.01164246,61.10842514,Autumn,3
9/24/2035,25.49425888,30.78373146,21.29164124,11.96437263,0.853810549,101.1775513,3.333071232,4.294773102,134.7202148,136.3046112,26.8448391,61.35827637,Autumn,3
9/25/2035,25.36036491,30.63503075,21.17378044,11.91574574,0.861181796,101.1819153,3.328249693,4.293250084,135.9577026,137.5271606,26.67956734,61.60098648,Autumn,3
9/26/2035,25.22768784,30.48925781,21.05570412,11.86615849,0.867254317,101.1862793,3.323315382,4.291568279,137.1644135,138.7199554,26.51590538,61.83614731,Autumn,3
9/27/2035,25.09624481,30.34640312,20.93745232,11.81560135,0.872029483,101.1906433,3.318312645,4.289776802,138.3403931,139.8833008,26.35389709,62.06336975,Autumn,3
9/28/2035,24.96603012,30.20643425,20.81904602,11.76405048,0.87551558,101.1949997,3.313289642,4.287929535,139.4861603,141.0178986,26.193573,62.28229904,Autumn,3
9/29/2035,24.83700562,30.06928444,20.70048714,11.71147919,0.877726972,101.1993408,3.308291912,4.286077499,140.6027374,142.1249695,26.03492546,62.4926033,Autumn,3
9/30/2035,24.70911789,29.93485451,20.58176613,11.65784931,0.878684759,101.2036667,3.303367615,4.284275055,141.6915741,143.206192,25.87792778,62.6939888,Autumn,3
10/1/2035,24.58228493,29.80300903,20.46285057,11.6031208,0.878416061,101.2079697,3.298563719,4.282576561,142.7546692,144.2637177,25.72252464,62.88618851,Autumn,3
10/2/2035,24.45641327,29.6735878,20.34369278,11.54724121,0.87695384,101.2122269,3.293927193,4.281036377,143.7944031,145.3000336,25.56863594,63.06897736,Autumn,3
10/3/2035,24.33137703,29.54640198,20.22423553,11.49015713,0.874336362,101.2164459,3.289503336,4.279706955,144.8135681,146.3181152,25.41616058,63.2421608,Autumn,3
10/4/2035,24.20703697,29.42123222,20.10440063,11.43181229,0.870607436,101.2206192,3.285338163,4.278643131,145.8153381,147.321228,25.26497269,63.40558624,Autumn,3
10/5/2035,24.0832386,29.2978363,19.98409462,11.37214184,0.865815222,101.2247238,3.281474352,4.277895927,146.8032532,148.3130035,25.1149292,63.55914307,Autumn,3
10/6/2035,23.95979691,29.17595291,19.8632164,11.31108189,0.860012293,101.2287598,3.277954578,4.277515411,147.7811432,149.297348,24.96585846,63.70275879,Autumn,3
10/7/2035,23.83652878,29.05529404,19.74164772,11.24856567,0.853255212,101.2327118,3.27481842,4.277550697,148.7531128,150.2783508,24.81758499,63.83640671,Autumn,3
10/8/2035,23.71323013,28.93555832,19.6192646,11.1845274,0.845603764,101.2365799,3.272104263,4.278048515,149.7234497,151.260376,24.66990662,63.96009064,Autumn,3
10/9/2035,23.58968544,28.81643295,19.49592781,11.11889935,0.837120473,101.2403336,3.269847155,4.279052258,150.696701,152.247879,24.52261353,64.07388306,Autumn,3
10/10/2035,23.46566963,28.69758987,19.37150002,11.05161762,0.827870488,101.2439804,3.268080473,4.280602932,151.6774292,153.2454071,24.37547874,64.17786407,Autumn,3
10/11/2035,23.34095573,28.5786953,19.24582672,10.98262024,0.817920864,101.2475052,3.266833782,4.282738686,152.6703491,154.2575989,24.22827721,64.27218628,Autumn,3
10/12/2035,23.21530914,28.45940399,19.11875916,10.91184807,0.807339489,101.2508926,3.266134501,4.285494804,153.6801453,155.289032,24.08076859,64.35702515,Autumn,3
10/13/2035,23.08849335,28.33938217,18.99014091,10.83924866,0.796195745,101.2541428,3.266006708,4.288902283,154.7115021,156.3442383,23.93271446,64.43260193,Autumn,3
10/14/2035,22.96027565,28.2182827,18.8598156,10.76477337,0.784558952,101.2572327,3.266471148,4.292988777,155.7690277,157.4276428,23.78386497,64.49917603,Autumn,3
10/15/2035,22.83041954,28.0957737,18.72763062,10.6883812,0.77249831,101.2601624,3.267544985,4.29777813,156.8571472,158.5435333,23.63398743,64.55705261,Autumn,3
10/16/2035,22.69870377,27.97152519,18.59343338,10.61004066,0.760082304,101.2629242,3.269242764,4.303291321,157.9801483,159.6959229,23.48283958,64.60655975,Autumn,3
10/17/2035,22.56489944,27.84522438,18.45707321,10.52972603,0.747378349,101.2655029,3.271574736,4.309542656,159.1420441,160.8886414,23.33019447,64.64807129,Autumn,3
10/18/2035,22.42880821,27.71656609,18.3184185,10.44742393,0.734452546,101.2678986,3.274548292,4.316545486,160.3466034,162.1251373,23.17582703,64.68199921,Autumn,3
10/19/2035,22.29022217,27.58526802,18.17733002,10.36312771,0.72136879,101.2701111,3.278167963,4.324306488,161.5972443,163.4085846,23.01952744,64.70875549,Autumn,3
10/20/2035,22.14896584,27.45105934,18.03369522,10.27684402,0.708188713,101.2721329,3.282433033,4.332829952,162.8970184,164.741745,22.86109924,64.7288208,Autumn,3
10/21/2035,22.00486946,27.31370544,17.88739967,10.188591,0.694971144,101.2739639,3.287341118,4.342116356,164.2485657,166.1269073,22.70036507,64.74266052,Autumn,3
10/22/2035,21.85778427,27.17298317,17.73835373,10.0983963,0.681772292,101.2755966,3.292886257,4.3521595,165.6540985,167.565979,22.53715897,64.75078583,Autumn,3
10/23/2035,21.70758438,27.0287056,17.58647156,10.00630379,0.668644607,101.2770386,3.299058676,4.362952709,167.1153412,169.0603943,22.37133598,64.75372314,Autumn,3
10/24/2035,21.55416298,26.8807106,17.43169403,9.912364006,0.655637562,101.2782898,3.305846691,4.374483109,168.6335297,170.6110229,22.20277977,64.75202179,Autumn,3
10/25/2035,21.39743233,26.72886848,17.27397346,9.816645622,0.642796457,101.2793655,3.313234568,4.386734962,170.2093964,172.2182312,22.03138924,64.74622345,Autumn,3
10/26/2035,21.23733711,26.57308197,17.11328125,9.719225883,0.630163133,101.2802582,3.321204662,4.399689674,171.8431396,173.8819122,21.85709,64.7368927,Autumn,3
10/27/2035,21.073843,26.41328621,16.94961357,9.620195389,0.617775261,101.280983,3.329736233,4.413324356,173.5343475,175.6013336,21.67983055,64.72459412,Autumn,3
10/28/2035,20.90693665,26.2494545,16.78297997,9.51966095,0.605666757,101.2815475,3.338806629,4.427613735,175.2821503,177.3752747,21.49959373,64.7098999,Autumn,3
10/29/2035,20.73664093,26.08158684,16.61340904,9.417732239,0.593867183,101.2819748,3.348390579,4.442527294,177.0850677,179.2019958,21.31638336,64.69337463,Autumn,3
10/30/2035,20.56300163,25.90972519,16.44096375,9.314539909,0.582402229,101.2822647,3.358461142,4.458035946,178.9410553,181.0791168,21.13022804,64.67559814,Autumn,3
10/31/2035,20.38608551,25.73394775,16.26571655,9.21021843,0.571293473,101.2824478,3.368989229,4.474104404,180.847641,183.003891,20.9411869,64.65711975,Autumn,3
11/1/2035,20.20599556,25.55436134,16.08776283,9.104917526,0.560558736,101.2825317,3.379944563,4.490696907,182.8016663,184.9729156,20.7493515,64.63847351,Autumn,3
11/2/2035,20.02285576,25.37111282,15.9072237,8.998790741,0.550211966,101.282547,3.391294718,4.507775307,184.7995911,186.9824524,20.55483246,64.620224,Autumn,3
11/3/2035,19.8368187,25.18437958,15.72423649,8.89200592,0.540263414,101.2825089,3.403007269,4.525300026,186.8373566,189.0281982,20.35776901,64.60286713,Autumn,3
11/4/2035,19.64805603,24.9943676,15.53896046,8.784733772,0.530719995,101.2824478,3.415048122,4.543230057,188.9104767,191.1054993,20.1583252,64.5868988,Autumn,3
11/5/2035,19.45677376,24.80132103,15.35157585,8.677155495,0.521585166,101.2823792,3.427382946,4.561522007,191.0139771,193.209259,19.95669746,64.57281494,Autumn,3
11/6/2035,19.26318932,24.6055088,15.16228008,8.569454193,0.512859702,101.2823334,3.439975739,4.580132961,193.1425781,195.3341217,19.75309372,64.56105042,Autumn,3
11/7/2035,19.06755066,24.40722084,14.97129059,8.461820602,0.504541218,101.282341,3.452791929,4.599019051,195.2906647,197.4743652,19.54775429,64.5520401,Autumn,3
11/8/2035,18.870121,24.20677948,14.77883911,8.354446411,0.496624976,101.2824249,3.465794802,4.618134499,197.4522705,199.6240082,19.34092712,64.54618073,Autumn,3
11/9/2035,18.67117882,24.00452614,14.58517075,8.247524261,0.489103973,101.2826233,3.478950262,4.637435913,199.6212311,201.776886,19.1328907,64.5438385,Autumn,3
11/10/2035,18.47102737,23.8008213,14.39055061,8.141251564,0.481969267,101.282959,3.492222071,4.656877995,201.7911835,203.9266663,18.92393875,64.54534149,Autumn,3
11/11/2035,18.26997566,23.59604073,14.1952467,8.035820961,0.475210249,101.2834625,3.505574942,4.67641592,203.9556122,206.066925,18.71436882,64.55099487,Autumn,3
11/12/2035,18.06834984,23.39057541,13.999547,7.931425571,0.468814909,101.2841644,3.518975496,4.696005344,206.1078644,208.1911774,18.50450134,64.5610733,Autumn,3
11/13/2035,17.86647987,23.1848259,13.80373955,7.828254223,0.462770104,101.2851028,3.532389402,4.715603828,208.2413177,210.2929077,18.29465866,64.57579041,Autumn,3
11/14/2035,17.66471291,22.97920418,13.60812283,7.726492882,0.457061976,101.2862854,3.545783997,4.735167503,210.3493195,212.3657379,18.08517838,64.59536743,Autumn,3
11/15/2035,17.46338654,22.77412415,13.41300392,7.626320362,0.4516761,101.2877655,3.559127808,4.754655838,212.4253082,214.4032593,17.87639809,64.61993408,Autumn,3
11/16/2035,17.26285553,22.56999207,13.2186842,7.527909756,0.446597755,101.2895508,3.572390079,4.774027824,214.4628754,216.3993073,17.66865349,64.64962769,Autumn,3
11/17/2035,17.06346512,22.36722946,13.02547169,7.431425571,0.441812366,101.2916794,3.585540533,4.793243885,216.4556732,218.3479767,17.4622879,64.68450928,Autumn,3
11/18/2035,16.86556053,22.16623497,12.83367157,7.337023735,0.437305242,101.2941666,3.598551512,4.812267303,218.3977203,220.2434692,17.25764084,64.72467041,Autumn,3
11/19/2035,16.66948509,21.96742058,12.64358234,7.244850636,0.433062524,101.2970428,3.611395597,4.831060886,220.2832031,222.0804138,17.05504227,64.77008057,Autumn,3
11/20/2035,16.47557259,21.77116776,12.45550442,7.155041695,0.429070681,101.3003235,3.624047518,4.849591255,222.1066589,223.8537292,16.85481644,64.82073975,Autumn,3
11/21/2035,16.28414536,21.57785225,12.2697258,7.067720413,0.425317168,101.3040314,3.636482239,4.867824554,223.8629761,225.5587006,16.65727615,64.87657928,Autumn,3
11/22/2035,16.09551811,21.38783455,12.08652306,6.982998371,0.421790272,101.3081741,3.648678064,4.885730267,225.5475159,227.1910553,16.46272659,64.93751526,Autumn,3
11/23/2035,15.90999222,21.20145798,11.90616798,6.900972366,0.418479383,101.3127747,3.660612106,4.903278351,227.1559753,228.7469635,16.27145958,65.00341797,Autumn,3
11/24/2035,15.72784805,21.01903725,11.72891426,6.821728706,0.415374964,101.3178253,3.672265291,4.920442581,228.6845398,230.2230988,16.08374214,65.0741272,Autumn,3
11/25/2035,15.54935455,20.84087372,11.55500603,6.74533844,0.412468791,101.323349,3.683618784,4.937196732,230.1299286,231.6165771,15.89983177,65.1494751,Autumn,3
11/26/2035,15.37475967,20.66723824,11.38466454,6.671857834,0.40975365,101.3293457,3.694655895,4.95351696,231.4893646,232.9250946,15.71996498,65.22925568,Autumn,3
11/27/2035,15.20428848,20.49837303,11.21810246,6.60132885,0.407224,101.3358078,3.705360413,4.969382286,232.7605743,234.1468353,15.54435539,65.31321716,Autumn,3
11/28/2035,15.03815079,20.33449936,11.05550957,6.533778667,0.4048751,101.3427353,3.715718508,4.984772682,233.941864,235.2805328,15.37319756,65.40110779,Autumn,3
11/29/2035,14.87652779,20.17580414,10.89705753,6.469221115,0.402703613,101.3501205,3.725717306,4.999670029,235.0320892,236.3254547,15.20665932,65.49264526,Autumn,3
11/30/2035,14.71958351,20.02244949,10.74289513,6.407655716,0.400707304,101.3579559,3.735345125,5.014058113,236.0306854,237.2814941,15.04488564,65.58753967,Autumn,3
12/1/2035,14.56744766,19.8745594,10.593153,6.349065304,0.398884922,101.3662186,3.744591951,5.027923107,236.9376221,238.1489716,14.8880024,65.68547058,Winter,0
12/2/2035,14.42023659,19.73223686,10.44794083,6.293423176,0.397236139,101.3748932,3.753448725,5.041252613,237.7533722,238.9288025,14.73610306,65.78610992,Winter,0
12/3/2035,14.2780323,19.59554863,10.30734539,6.240686417,0.39576146,101.3839569,3.761907339,5.054035187,238.4790344,239.622345,14.58926392,65.88911438,Winter,0
12/4/2035,14.14090157,19.46452904,10.17142773,6.190801144,0.394462138,101.3933792,3.769961834,5.066262722,239.1162109,240.2315979,14.44752502,65.99412537,Winter,0
12/5/2035,14.00887871,19.33918953,10.04023457,6.143699646,0.393339515,101.4031448,3.777606249,5.077926636,239.6669617,240.7588348,14.31091499,66.10079956,Winter,0
12/6/2035,13.88197517,19.21950912,9.913784981,6.099304199,0.392395735,101.4132004,3.784836531,5.08902216,240.1338348,241.2069244,14.17943382,66.20875549,Winter,0
12/7/2035,13.76018524,19.10543633,9.792079926,6.057527542,0.391632855,101.4235229,3.791649342,5.099544048,240.5198669,241.5790253,14.05305672,66.31762695,Winter,0
12/8/2035,13.64347076,18.99689865,9.675096512,6.018271446,0.391052902,101.4340744,3.798042774,5.109490395,240.8284607,241.8787689,13.93173218,66.42704773,Winter,0
12/9/2035,13.53178024,18.89379692,9.562793732,5.981430054,0.390657753,101.444809,3.804014683,5.118859768,241.0634308,242.1100769,13.81540108,66.53662872,Winter,0
12/10/2035,13.42503357,18.79600334,9.455112457,5.946889877,0.390448779,101.4556808,3.809565306,5.127651691,241.2288971,242.2771606,13.70397186,66.64602661,Winter,0
12/11/2035,13.32313919,18.70337677,9.351967812,5.914531708,0.390426755,101.4666443,3.81469512,5.135868073,241.3293152,242.384491,13.59734154,66.75486755,Winter,0
12/12/2035,13.22598076,18.61575317,9.253272057,5.884228706,0.390591919,101.4776459,3.819405794,5.143510818,241.369339,242.4367065,13.49538422,66.86277771,Winter,0
12/13/2035,13.1334343,18.53294563,9.158905983,5.855853081,0.390943348,101.4886551,3.823698997,5.150584698,241.3539276,242.4387207,13.39796448,66.96942902,Winter,0
12/14/2035,13.04535103,18.45476341,9.068746567,5.82927227,0.391479254,101.4995956,3.827578068,5.157094002,241.2880554,242.395401,13.30493546,67.07446289,Winter,0
12/15/2035,12.96157074,18.3809967,8.982651711,5.804350853,0.392196447,101.5104294,3.831047535,5.163045883,241.1769562,242.3118134,13.2161293,67.17755127,Winter,0
12/16/2035,12.88193321,18.31142426,8.900472641,5.780955315,0.393090606,101.5211105,3.834110975,5.168446541,241.0258179,242.1929474,13.13137817,67.27837372,Winter,0
12/17/2035,12.80625916,18.24581909,8.822044373,5.758949757,0.3941558,101.5315704,3.836774826,5.173305511,240.8399353,242.043869,13.05050182,67.37661743,Winter,0
12/18/2035,12.73436165,18.18395042,8.747200012,5.738202095,0.395384818,101.5417633,3.839044809,5.177632332,240.6244507,241.8694916,12.97331905,67.47200012,Winter,0
12/19/2035,12.66605186,18.12558365,8.675764084,5.718580246,0.396768779,101.5516357,3.840928078,5.181436539,240.3845825,241.6745758,12.89963913,67.56422424,Winter,0
12/20/2035,12.60113907,18.07048416,8.60755825,5.699958801,0.398297191,101.561142,3.842432261,5.18473053,240.1253052,241.4638672,12.82927322,67.65304565,Winter,0
12/21/2035,12.53942871,18.01841927,8.542392731,5.682212353,0.399958074,101.5702286,3.843566179,5.187526226,239.8515015,241.2418213,12.76203918,67.7381897,Winter,0
12/22/2035,12.48072815,17.96916199,8.480088234,5.665225029,0.40173775,101.5788498,3.844339371,5.189837933,239.567749,241.0125885,12.69774914,67.81945038,Winter,0
12/23/2035,12.42484856,17.92249107,8.420458794,5.648884773,0.403621167,101.5869598,3.844761133,5.191679478,239.2785187,240.7802277,12.63621998,67.89659119,Winter,0
12/24/2035,12.3715992,17.8781929,8.363324165,5.633087158,0.405591637,101.5945129,3.844842911,5.193066597,238.9879303,240.5483551,12.57728195,67.96942139,Winter,0
12/25/2035,12.32080841,17.8360672,8.308505058,5.617735863,0.407631189,101.6014709,3.844595671,5.194014549,238.6997681,240.320282,12.5207634,68.0377655,Winter,0
12/26/2035,12.27229691,17.79592705,8.255827904,5.602740288,0.409720689,101.6078033,3.844031811,5.194540977,238.4175415,240.0990295,12.46651459,68.10144806,Winter,0
12/27/2035,12.22590637,17.75759697,8.205127716,5.588020325,0.411839694,101.613472,3.843164206,5.194663525,238.1443024,239.8871918,12.41438675,68.1603241,Winter,0
12/28/2035,12.18148041,17.72091866,8.156248093,5.573505402,0.413967043,101.6184387,3.842006207,5.194400311,237.8828583,239.6869812,12.36424446,68.21425629,Winter,0
12/29/2035,12.1388855,17.68574905,8.109041214,5.55913353,0.416080534,101.6226883,3.840572357,5.193771362,237.6354675,239.5002441,12.31597328,68.26313782,Winter,0
